id,corrosion_risk
74b7d1_2020-01,0.7453231786849057
1b9e65_2022-06,0.8617771064138912
77e86b_2023-01,0.6648048764266048
74b7d1_2020-02,0.1640526246537325
8b98f3_2023-11,0.0978333963864202
c3a69f_2025-03,0.8303090954628547
77e86b_2022-01,0.058429401990763
1996b0_2022-11,0.1368725551802137
439fde_2024-12,0.4088612888683096
74b7d1_2025-03,0.3440341371743843
77e86b_2018-04,0.126875104687849
77e86b_2019-05,0.0382377245499854
439fde_2025-05,0.8833901174409802
74b7d1_2018-04,0.0493426778253543
439fde_2024-03,0.374375502577124
74b7d1_2019-03,0.0552510040274276
c3a69f_2025-05,0.9914657906448
77e86b_2024-06,0.8875345908137585
77e86b_2020-01,0.5256939094194639
439fde_2019-05,0.0771447291973288
98a151_2019-06,0.7259481870270362
8bd3ce_2015-06,0.033362186257462
6c1954_2022-06,0.037494345207399
0f9e86_2024-09,0.9851811899401572
0874ee_2021-12,0.1125107828630848
987bc1_2020-02,0.4915984778011457
4718d7_2018-02,0.0281912401168567
5a0174_2018-12,0.1030582698065706
175155_2023-03,0.4012179981949752
e2e0ce_2025-07,0.6253493606476364
9b46ed_2021-05,0.9744142996417444
b26809_2019-09,0.8932625424453582
e3af0e_2022-11,0.8431006221589511
780a0b_2024-12,0.085399335568652
8bd3ce_2024-02,0.3061523259546064
8e41cf_2017-04,0.0128806349585223
293190_2017-07,0.176655533322137
293190_2018-01,0.2079001349836446
293190_2024-07,0.7536469923911938
c5df88_2016-12,0.2715743311454635
74fb1f_2014-10,0.0084183913433744
74fb1f_2017-02,0.2803056920270712
9b46ed_2015-01,0.0269458077154059
dc4b5e_2022-11,0.0384456900347814
bfbeef_2018-04,0.0500927572188115
d86999_2022-08,0.9368993023574164
780a0b_2020-10,0.9777947783871822
8bd3ce_2022-01,0.2700146837674877
4fb2d3_2021-11,0.9915999527620856
6224d0_2023-03,0.7924314173281127
fb737b_2019-10,0.3277356997949132
e60b65_2014-11,0.0214258668060057
e60b65_2023-11,0.9905373710988103
9b3bd5_2025-04,0.0310355177420339
293190_2018-12,0.0311643579650781
e2e0ce_2018-11,0.3737475884840229
2ab8ad_2019-04,0.0518966764156723
c5df88_2023-09,0.8296579050759932
7aa803_2016-02,0.0459384329911679
77c35f_2024-05,0.7320867646440626
77c35f_2024-06,0.3867248063026853
60a0fd_2024-10,0.9944165249083552
d86999_2016-04,0.3617043746866374
d86999_2017-12,0.0205389489310678
d86999_2025-05,0.96597692613804
b08ec1_2024-12,0.2235320466506894
e2e0ce_2015-04,0.0971878864837399
e2e0ce_2019-06,0.1029606780571722
e2e0ce_2025-02,0.993457657297324
c5df88_2016-09,0.0171331704524084
74fb1f_2024-06,0.6802363491862835
88a9a6_2019-05,0.0344191491142154
829a72_2025-01,0.9924360080920768
d86999_2018-05,0.0324534593477876
fc9334_2019-11,0.1683417921285976
dbb709_2025-04,0.1919242540518016
9cf1af_2024-07,0.3540006462589007
e427f8_2023-08,0.8405806628325959
60a0fd_2023-07,0.938312066252355
302d40_2023-07,0.3848500114213606
8e41cf_2019-03,0.0621898704628832
b26809_2020-07,0.1734650934019483
8fabe0_2019-02,0.9206282237913352
e2e0ce_2018-02,0.2453633741144272
7aa803_2023-05,0.9735956493857076
bfbeef_2021-08,0.7955422034463822
98a151_2025-02,0.9835723978921214
e3af0e_2022-09,0.6717201466504747
8bd3ce_2021-08,0.3438487167066266
8e41cf_2014-12,0.0117567988610968
8e41cf_2021-11,0.0181115929775324
8e41cf_2022-02,0.085348269142408
8e41cf_2024-08,0.7428493728467986
8fb6f0_2017-01,0.0169113984677112
6224d0_2023-02,0.5119830165132765
8fabe0_2019-08,0.9547692332153188
bc4c03_2024-01,0.1603815821609308
532867_2024-06,0.0154633907689619
74fb1f_2018-08,0.4531397960446369
780a0b_2024-08,0.3835016373715552
731908_2024-07,0.7754525523635186
98a151_2025-04,0.9856085790621312
829a72_2025-04,0.990248650906853
b26809_2018-04,0.0218883225468091
6f5e2b_2019-01,0.5632146514803354
175155_2022-11,0.9861638884478436
6838b9_2024-01,0.8451201770300499
a25664_2023-09,0.9667798140870192
293190_2021-02,0.346627281877266
e2e0ce_2017-06,0.3480227902235075
7aa803_2025-05,0.9946926067336204
0f9e86_2024-01,0.1309443103018268
bfbeef_2021-10,0.0330572162248241
bfbeef_2024-10,0.0628649601487964
fa8553_2023-06,0.5974917415623077
dbb709_2023-10,0.8555389479233864
e427f8_2023-05,0.6919637139192252
b26809_2015-10,0.5491599720984448
8e41cf_2019-10,0.1896559034445238
b26809_2014-08,0.0252775439774675
b26809_2025-02,0.0793146919561533
fc77d0_2022-01,0.9878735821486954
6224d0_2021-06,0.9742416792502702
8fabe0_2020-01,0.9747931829337406
a25664_2024-01,0.9884806741738892
293190_2022-01,0.6184851063514932
293190_2023-03,0.6256663365324717
98a151_2019-10,0.9020442925466567
fc9334_2017-09,0.8023500717087525
60a0fd_2022-04,0.9922687038731778
d86999_2017-10,0.0305615941842272
d86999_2021-07,0.7939359314637434
b26809_2018-08,0.117954938649724
987bc1_2019-10,0.2881481052012132
6f5e2b_2018-01,0.1342751063759088
db4cd8_2019-07,0.6614700550944769
e2e0ce_2016-01,0.1001161168505719
c5df88_2014-08,0.0522757004075828
c5df88_2022-10,0.9789609606488064
74fb1f_2019-02,0.1757943354805183
77c35f_2024-08,0.4317061137879404
d86999_2015-10,0.2770405685271574
d86999_2018-12,0.030168552305522
d86999_2024-07,0.9683458047297224
8bd3ce_2025-05,0.991636395629928
293190_2019-04,0.0929903282848538
9b46ed_2023-01,0.9318788472523576
8fb6f0_2025-07,0.5795037963416967
780a0b_2019-06,0.6360148128939866
a97df3_2023-12,0.1448350250691575
e3af0e_2024-10,0.9950282894758652
dbb709_2022-09,0.2558121073844163
9af74c_2021-07,0.826342647642881
175155_2022-03,0.6571343363434442
e2e0ce_2023-12,0.7544234907858418
88a9a6_2023-09,0.7285637215094659
9b46ed_2022-08,0.9915029410742212
9b46ed_2023-08,0.7828790303931255
bfbeef_2017-12,0.1273047623297577
98a151_2024-03,0.9882217975693344
77c35f_2022-11,0.3412418732603454
fc9334_2016-07,0.4964464208375098
fc9334_2019-03,0.2384891387814204
e3af0e_2021-08,0.9974745664069052
e3af0e_2023-11,0.9796582858101972
d86999_2016-05,0.7139061366831827
d86999_2019-10,0.4942925919943421
b26809_2015-05,0.1023126098804371
b26809_2018-09,0.0951811306579965
b08ec1_2019-07,0.3289963917888222
987bc1_2021-11,0.9686511990715836
1698cf_2019-04,0.4768358477233565
bc4c03_2018-04,0.0025159929341596
2ab8ad_2025-02,0.7315587145765102
74fb1f_2015-06,0.0071321656848853
7aa803_2021-02,0.666201317842158
9b46ed_2022-07,0.9474611337562624
98a151_2022-05,0.9852291451402468
fc9334_2015-09,0.0446257356710565
dbb709_2023-03,0.1226154078035413
e427f8_2025-05,0.2271302019249893
e3af0e_2023-04,0.9834791332509382
d86999_2017-07,0.0766324898144041
d86999_2024-01,0.9549322977930254
0f9e86_2022-07,0.6954168060806775
987bc1_2023-03,0.8822500476744256
259a19_2018-04,0.029184453919241
e2e0ce_2023-09,0.828706379597213
7aa803_2023-12,0.7919370720638902
7aa803_2024-01,0.9474483924081036
dbb709_2025-05,0.5113214449993915
302d40_2023-05,0.2190509936392846
d86999_2014-12,0.1075684715819703
b26809_2015-03,0.0114653484616418
b26809_2025-01,0.2600406905494544
b08ec1_2025-01,0.6555543715987134
987bc1_2023-08,0.979606629154412
4718d7_2022-11,0.7646737299640661
259a19_2020-03,0.9968874627770308
7aa803_2023-01,0.7879472914210623
77c35f_2025-01,0.0959889931466103
60a0fd_2023-12,0.9947189351555932
fc9334_2020-02,0.4961901845030979
fc9334_2022-07,0.1965665415422205
8e41cf_2019-01,0.0072148622436967
8e41cf_2021-01,0.103131033446022
14fe3a_2018-06,0.0240646555318265
b08ec1_2023-06,0.3943877741704931
b08ec1_2025-02,0.7704049256397536
6224d0_2024-03,0.8108128606091265
e60b65_2014-10,0.038563456374694
e2e0ce_2025-01,0.8943728167284242
2ab8ad_2017-01,0.0972998335542138
7aa803_2022-03,0.3326403159718018
88a9a6_2024-07,0.5649723506034275
dc4b5e_2023-01,0.1353037598727418
e3af0e_2021-03,0.8931118634481506
d86999_2021-01,0.8237955054783329
fc9334_2020-06,0.9945095295369638
fc9334_2021-10,0.9300449170677184
b26809_2022-02,0.0228967825890275
293190_2014-08,0.0100314004451089
e2e0ce_2020-12,0.7601021520517727
fc9334_2021-02,0.1529045914234595
dbb709_2023-04,0.1138887753887294
fc9334_2016-04,0.1092701374970442
8bd3ce_2018-04,0.0341055070448726
0874ee_2020-07,0.8134593544425319
fc77d0_2021-11,0.9796879992502552
e60b65_2014-09,0.0374822959846165
2ab8ad_2015-02,0.0155295890962253
3db670_2014-11,0.0110657379207518
9b46ed_2025-07,0.5039830952659852
77c35f_2025-02,0.1013413809449991
829a72_2024-02,0.8890485150594856
fc9334_2019-04,0.0752903788605789
fc9334_2015-01,0.0303467543419927
b26809_2023-12,0.9956744866324256
0874ee_2021-10,0.9227807260084582
d59611_2019-02,0.0363969200986835
987bc1_2024-02,0.992684863456949
e2e0ce_2019-02,0.0473925111999416
88a9a6_2021-01,0.9770009825222062
9b46ed_2022-05,0.2219773710791127
8fabe0_2019-05,0.8143918342628744
a97df3_2025-04,0.0489215462137041
bfbeef_2021-03,0.0349789974131636
d86999_2015-01,0.5285444074722201
77c35f_2024-11,0.721725654684288
fc9334_2021-05,0.2213267633567295
8bd3ce_2021-11,0.0223426165871685
b26809_2019-03,0.5059402093243323
b26809_2022-06,0.6393281181728873
b26809_2023-02,0.8201141819610986
b73bc7_2014-08,0.0114858578734754
e2e0ce_2021-05,0.8424503360229672
2ab8ad_2016-12,0.086114787221921
c5df88_2021-02,0.1072006628867886
c5df88_2022-03,0.4292900729310179
e427f8_2023-11,0.1006541372377829
302d40_2024-06,0.089267673581295
d86999_2014-10,0.4448411719272527
d86999_2019-03,0.2699732448279168
d86999_2019-12,0.2765141947962954
8bd3ce_2017-12,0.0170313008140827
8bd3ce_2019-03,0.1388855978425353
8bd3ce_2021-03,0.4269773028798678
8bd3ce_2023-07,0.9908450619021932
fc77d0_2024-06,0.9825395635149408
c5df88_2017-11,0.0987769619917602
88a9a6_2025-06,0.97517169212527
9cf1af_2024-08,0.4237294311181271
bfbeef_2016-07,0.4681084173962597
d86999_2015-02,0.1086582279580743
98a151_2023-09,0.986095422772414
9f1aa0_2023-02,0.0789292966882637
fc9334_2016-03,0.1042328326150846
8fb6f0_2022-12,0.0828404417008624
8fb6f0_2023-11,0.1009075616578524
8bd3ce_2017-05,0.0441725575933397
0874ee_2021-06,0.5382627798090519
5a0174_2019-04,0.4640806876249519
175155_2024-12,0.995980425895763
e2e0ce_2023-05,0.95913211230766
74fb1f_2019-09,0.0128922482888088
7aa803_2024-06,0.7101829644297335
74fb1f_2023-09,0.8021890479512654
9befc8_2022-10,0.1964521290908531
e427f8_2022-11,0.4517722453736791
e427f8_2024-06,0.8467775009060899
d86999_2023-05,0.9863631134220424
8e41cf_2018-05,0.0072716530571383
fc77d0_2024-01,0.9954710313780116
6224d0_2022-11,0.9914516335164532
4ee2d2_2024-03,0.0766349111305326
259a19_2019-02,0.9036627640718804
6838b9_2018-03,0.1182362189727894
e2e0ce_2017-04,0.1034826956803969
e2e0ce_2022-12,0.4211660523802272
2ab8ad_2024-01,0.9343226820153724
a97df3_2025-02,0.1197304422755027
fc9334_2015-02,0.0458871836450662
302d40_2022-03,0.5396234703633832
302d40_2024-08,0.2394278062298217
d86999_2015-06,0.0931130620294195
b26809_2017-12,0.0411599551254389
fc9334_2018-06,0.0093652603305936
fc9334_2024-10,0.996932403017443
a25664_2023-02,0.4501728390362424
a42d13_2024-03,0.9166510211932648
2ab8ad_2022-07,0.3396296259517634
7aa803_2018-01,0.2340077474639859
7aa803_2018-10,0.502646161221287
fc9334_2018-04,0.0141483936234405
829a72_2023-11,0.898763132034038
9cf1af_2022-11,0.0546608468895635
60a0fd_2023-02,0.8865445366018616
fc9334_2024-03,0.366710163493112
8bd3ce_2023-03,0.3974179428746324
d59611_2019-09,0.0338413020000851
90abb1_2025-08,0.979254278054974
b08ec1_2024-02,0.2133136582717755
db4cd8_2018-12,0.0389423240707235
2ab8ad_2019-06,0.0915501343698489
9b46ed_2018-01,0.3510232193017673
9b46ed_2025-02,0.4307347880517964
9f1aa0_2020-11,0.0109974035465389
510fbf_2023-07,0.3260459822330922
19fa84_2018-12,0.0093391030613691
e361b7_2019-09,0.0132412514675676
e361b7_2019-10,0.0316679238292412
bc4c03_2019-07,0.5341284474543198
9f1aa0_2015-03,0.0352411505118063
894378_2025-05,0.9887644343328532
c5816f_2023-03,0.9333139339394404
8ec563_2022-06,0.3405382851969931
513080_2022-09,0.0375392025676745
731908_2016-04,0.6492099331913987
bfbeef_2021-04,0.0210929701139719
f4604d_2022-10,0.9448589240225536
513080_2022-12,0.0502912412309339
9f1aa0_2018-01,0.0952716454117036
bfbeef_2020-06,0.8054248481690581
c5816f_2019-06,0.3067424097092028
c5816f_2023-12,0.8275031839025329
9f1aa0_2023-11,0.9701721442439644
bfbeef_2020-02,0.112286770554155
c5816f_2018-01,0.5340556278442389
fd589c_2021-08,0.8804635909138051
1b9e65_2015-09,0.2316001612922621
fa8553_2022-06,0.0236613427430724
fa8553_2023-10,0.1386853473348299
bfbeef_2016-04,0.2903272574882359
0f9e86_2015-07,0.0215315735684722
894378_2022-06,0.0266657119846454
8ec563_2021-12,0.0613599371785644
e361b7_2023-10,0.9914424853444356
e4bc80_2022-12,0.8964520260221871
e4bc80_2025-06,0.9477324193032564
9af74c_2023-12,0.4814279381155165
513080_2023-06,0.1121002004881058
fa8553_2024-03,0.1839156193891156
fa8553_2024-05,0.1799136946966766
6c1954_2024-08,0.4377347068687859
fa8553_2025-03,0.0284082452705219
510fbf_2022-01,0.01038763505962
8ec563_2024-02,0.8619008389570821
fd589c_2022-09,0.282502217155109
e4bc80_2019-12,0.0903805134067552
513080_2023-12,0.0988981433270257
bfbeef_2020-08,0.9606083589209926
780a0b_2019-04,0.9019740937706484
894378_2021-10,0.0472070036729207
fd589c_2019-07,0.907231079945061
bfbeef_2019-03,0.2368247961371188
c5816f_2025-03,0.9084623004079018
19fa84_2019-03,0.0303594179546598
e361b7_2019-11,0.076574146949074
510fbf_2023-02,0.1043665818544744
bfbeef_2020-03,0.885953568112777
19fa84_2021-07,0.2764398885585502
fd589c_2024-01,0.894505044072735
c48018_2015-10,0.081350707105568
19fa84_2022-06,0.0750584483291438
fd589c_2014-09,0.0295485369367266
fd589c_2022-03,0.2998250214277864
fa8553_2022-02,0.010410206704198
fa8553_2022-05,0.0915857010926839
c5816f_2024-09,0.4654579467587337
8ec563_2025-08,0.7893824250180023
11f0e3_2015-04,0.0072752908845852
bfbeef_2015-05,0.0486698857405919
c5816f_2019-02,0.163256388799889
8ec563_2017-02,0.2010990108978778
fd589c_2024-05,0.9137991844501194
e361b7_2019-06,0.1261727534796628
e4bc80_2019-11,0.1532713053686366
e4bc80_2025-02,0.8905093920518563
9f1aa0_2022-04,0.1363394320019008
fa8553_2022-11,0.0718974493903209
bfbeef_2024-11,0.065342452958118
fd589c_2022-11,0.9851463219236768
e4bc80_2024-11,0.9143667293534984
9f1aa0_2022-05,0.7770118138020373
9f1aa0_2023-03,0.0496275266963726
bfbeef_2017-08,0.3521781595033528
29849f_2022-10,0.4871091565400378
c5816f_2019-11,0.1096467032997493
8ec563_2025-07,0.9246166561237846
9f1aa0_2022-10,0.919609045559735
11f0e3_2022-06,0.1836935389203981
780a0b_2015-03,0.0556409566477276
894378_2022-12,0.6548986241195136
c5816f_2025-05,0.960779686887369
e4bc80_2021-10,0.0254924258882347
bc4c03_2019-08,0.4227656248676948
bc4c03_2020-02,0.2443733021930352
fd589c_2021-12,0.265165549145239
e361b7_2023-09,0.7651004818384992
e4bc80_2022-11,0.6607783008500915
513080_2024-08,0.1588370355532627
731908_2015-01,0.0079312114435499
bfbeef_2016-06,0.2977084033554346
8ec563_2018-01,0.4415673415418003
90abb1_2024-11,0.4345387187468811
894378_2022-10,0.9801806117764466
fd589c_2018-03,0.6885869871733301
9f1aa0_2021-10,0.3503894390389051
9f1aa0_2022-02,0.0704792474695212
8fb6f0_2015-06,0.6848436150388173
e361b7_2019-07,0.527024950113578
510fbf_2023-06,0.0338406187767943
894378_2022-09,0.2030377750300988
8ec563_2022-03,0.0739222934311416
6c1954_2024-04,0.8260924619383858
fd589c_2018-05,0.8977004779949697
e361b7_2020-01,0.9090714790000318
e4bc80_2023-08,0.7642825308738411
9f1aa0_2019-08,0.0587133887295654
510fbf_2024-01,0.0541335876417214
bfbeef_2017-10,0.3021062203387392
8fb6f0_2015-11,0.0362122465096883
e4bc80_2025-04,0.8489642526110596
e361b7_2024-06,0.9779523619789452
83894c_2025-07,0.5299411416277652
11f0e3_2018-07,0.15875189249891
f1543b_2014-10,0.0040852346595457
8fb6f0_2017-09,0.0265487315266847
9befc8_2020-07,0.9496872822687416
7bf5c9_2024-09,0.9948667046160872
731908_2018-01,0.0080981303948085
11f0e3_2022-10,0.2324388921087434
f1543b_2019-04,0.0539801376053971
780a0b_2018-05,0.1368902435797855
9befc8_2025-06,0.7862300189956081
7bf5c9_2024-01,0.9934791423006764
f1543b_2021-07,0.9791421251127034
f500c5_2020-06,0.926139676447924
83894c_2019-08,0.0208147347580178
83894c_2020-06,0.0138694573132539
87cfea_2023-07,0.3582008394074105
99c11c_2022-06,0.3700021657549502
731908_2019-09,0.8327985186947611
11f0e3_2021-06,0.2010704426151566
0f9e86_2017-10,0.0337641705832333
f500c5_2024-05,0.9947463002197948
11f0e3_2020-12,0.0751167980313755
9befc8_2021-07,0.1128086809071261
9befc8_2022-03,0.1084838637566764
f500c5_2025-04,0.9732329790904416
9befc8_2024-06,0.4287324940851009
f500c5_2021-06,0.9525875460931292
f500c5_2024-10,0.930678995640977
83894c_2018-10,0.017283464258821
731908_2020-01,0.0288040849720439
7bf5c9_2024-02,0.5519238052737417
99c11c_2021-03,0.3007976487195242
731908_2017-08,0.2152843019937307
11f0e3_2021-03,0.0213790487200318
8fb6f0_2023-09,0.9889819332416832
9befc8_2019-01,0.002093953140168
7bf5c9_2015-02,0.0072602963097205
7bf5c9_2022-10,0.9950930027347462
f1543b_2024-10,0.8331833851468455
439fde_2019-11,0.5587192675189824
83894c_2024-07,0.9815523953489808
780a0b_2016-08,0.1055134709990203
9befc8_2018-03,0.0440481865719717
f500c5_2025-07,0.9969360288203308
87cfea_2025-02,0.224965658296117
731908_2016-03,0.2412947503824206
780a0b_2017-02,0.0499679114546346
780a0b_2023-02,0.0583444342235966
7bf5c9_2019-06,0.3202405275032206
f500c5_2018-01,0.0074998217113036
c3a69f_2019-12,0.7010382291077383
9f1aa0_2024-01,0.6278668400175424
8fb6f0_2017-04,0.1171875322897489
f1543b_2018-05,0.0130916354016123
f500c5_2022-04,0.7809881068683562
f500c5_2024-06,0.9640923741962152
83894c_2019-04,0.1200126566829297
83894c_2021-08,0.2008942842088024
87cfea_2020-03,0.1255792999627492
731908_2022-07,0.8058047999520972
8bd3ce_2019-08,0.615728498745401
7bf5c9_2014-06,0.0113279915814411
c580aa_2015-03,0.014086957238445
f500c5_2021-09,0.9409671544857292
731908_2016-10,0.0051518064136044
731908_2022-03,0.015099853494198
780a0b_2017-07,0.2140537392127179
0f9e86_2019-06,0.2664283025749287
7a007d_2025-08,0.975195427522048
11f0e3_2021-07,0.063378885138204
8e41cf_2020-09,0.8838779461735553
731908_2016-12,0.0084341238819107
9f1aa0_2019-09,0.2931749661796472
780a0b_2021-09,0.0722521686381559
0f9e86_2022-10,0.0659748858764746
f500c5_2023-12,0.4157897732337375
f500c5_2025-06,0.9917490393818312
92dcdd_2023-09,0.6963507361370643
83894c_2018-06,0.0239785008470564
87cfea_2019-04,0.0077277179170649
0f9e86_2025-02,0.0725021928346462
9befc8_2025-04,0.085977710352396
780a0b_2017-08,0.1568734677384197
9befc8_2019-03,0.0091958370305695
f1543b_2024-02,0.5738342118172454
439fde_2023-04,0.2721880615895081
87cfea_2024-04,0.9529454640305978
731908_2021-05,0.1813622628771709
11f0e3_2019-05,0.3125673029302089
780a0b_2022-07,0.6204776140530048
780a0b_2025-04,0.0773112050135697
f1543b_2017-06,0.0047156854777716
f1543b_2020-08,0.6824418394448934
f500c5_2021-02,0.7274565639645207
83894c_2025-03,0.9373937252902264
11f0e3_2020-01,0.2267024077054874
f1543b_2023-03,0.3446400248174163
f500c5_2019-05,0.2454892581498221
b1de95_2015-02,0.0108863941896229
83894c_2019-09,0.0198055459233446
83894c_2021-09,0.3883621618385879
87cfea_2021-09,0.5578734542999357
11f0e3_2018-04,0.0629462979807741
780a0b_2016-12,0.0431085711780121
0f9e86_2020-02,0.0855691652889499
0f9e86_2021-04,0.0613092476880953
9befc8_2020-05,0.9947764851923332
c580aa_2014-09,0.0347782697441246
4f2b6b_2024-09,0.0379528894251186
731908_2023-09,0.507018915256671
8fb6f0_2017-11,0.0013311266618418
f1543b_2024-01,0.3777158781967593
4f2b6b_2024-05,0.0044183619072632
87cfea_2025-08,0.9261901742853402
9f1aa0_2017-02,0.1014425054983262
780a0b_2022-09,0.7410622944640991
7bf5c9_2020-01,0.1790865078646053
e361b7_2015-05,0.0235390868638362
e7a56d_2023-08,0.9986031922624564
e7a56d_2023-10,0.8254317666001464
c48018_2024-06,0.9511226995407834
db4cd8_2014-04,0.0151724369668644
14fe3a_2018-08,0.361135444666937
375f2e_2021-07,0.9888936669320748
bc4c03_2015-03,0.0283753723597353
c5816f_2015-07,0.0412343564178536
19fa84_2024-08,0.8404242910016148
fd589c_2017-12,0.3853121899948964
829a72_2021-09,0.1482990943368168
e4bc80_2024-06,0.8279876505841299
c48018_2025-01,0.9312741852083064
edda84_2025-07,0.0626604857194724
c48018_2018-02,0.1377666163953542
6f5e2b_2019-05,0.7660059477220578
6f5e2b_2021-11,0.9706211214554484
b416b1_2021-12,0.1107678060475802
987bc1_2019-01,0.4373058004216897
a42d13_2015-02,0.0168186818183064
8ec563_2014-09,0.1494135485637065
8ec563_2016-05,0.0961553639705358
6c1954_2025-06,0.9222737848600516
19fa84_2017-03,0.0435819620795755
e361b7_2015-01,0.0819628281978491
4718d7_2024-11,0.8721885546326009
d59611_2024-04,0.6366265888482866
14fe3a_2018-07,0.3672115660179747
8005b9_2022-01,0.4013729694721311
1698cf_2022-03,0.8921004627189862
1822ea_2023-07,0.84221504530572
14fe3a_2022-10,0.8322554437449727
e361b7_2017-11,0.0887015754358014
d59611_2018-01,0.192514285041739
0874ee_2019-07,0.4394666769746391
77b3b9_2023-02,0.0628488241845127
8ec563_2015-07,0.0169699104434112
6c1954_2024-01,0.4614461808219889
19fa84_2019-02,0.0748749768374912
e7a56d_2019-03,0.7626342441397149
e7a56d_2025-01,0.7303678198967342
c48018_2025-04,0.8584119727352645
5a0174_2014-11,0.0211918336315559
b416b1_2018-01,0.1434388837983043
b416b1_2020-01,0.3778601126068096
db4cd8_2022-11,0.7412806604980994
34889b_2022-05,0.1513899740867719
375f2e_2019-06,0.6078306520436797
6f5e2b_2014-12,0.0224755795468772
6f5e2b_2024-04,0.9956376974862114
19fa84_2015-01,0.2026415059735872
e361b7_2020-12,0.0372742657224592
e4bc80_2016-06,0.1179683703229681
e7a56d_2015-02,0.0103499164892424
18defd_2015-02,0.0429059978823087
d59611_2024-02,0.9801890628209088
1822ea_2024-02,0.6117290407436693
9af74c_2019-03,0.9646329626930132
1698cf_2018-03,0.1431948818585715
19fa84_2025-02,0.7907448304297855
18defd_2014-08,0.0117332805241741
6f5e2b_2025-02,0.711602790606381
90abb1_2024-07,0.8092867912082621
8005b9_2025-06,0.9424348530437564
0874ee_2019-12,0.214382627271326
f461d4_2015-03,0.0051013969119177
e7a56d_2022-03,0.981846306620268
18defd_2024-04,0.8115382280020691
14fe3a_2022-12,0.9175850875378826
1698cf_2014-11,0.0163312248563317
f461d4_2019-02,0.3252193778615752
f461d4_2021-11,0.9832588667247146
e7a56d_2022-10,0.843186150193786
18defd_2014-07,0.007688946187377
18defd_2020-03,0.9021362006409486
18defd_2025-03,0.8043934790158289
c48018_2018-01,0.1660081257008364
c48018_2019-05,0.8625588565293906
4718d7_2014-05,0.0189662143202272
8005b9_2023-09,0.9767244836284092
5a0174_2023-02,0.8121826022155425
894378_2016-07,0.3951163064257419
b416b1_2025-06,0.7301059750290807
f461d4_2021-10,0.9931889529087904
06534f_2019-12,0.9658001699912734
db4cd8_2022-07,0.962708979423994
e4bc80_2015-01,0.1048111425595974
18defd_2019-11,0.7183668749258184
d59611_2025-02,0.6115924846909412
1822ea_2024-10,0.986603516220589
8005b9_2025-08,0.9324019239142246
db4cd8_2023-01,0.8262074640264901
375f2e_2024-02,0.9007135445047407
6c1954_2023-12,0.485922533721378
19fa84_2016-06,0.0606189935689185
19fa84_2020-01,0.9413207508888142
fd589c_2015-01,0.0934393467352857
e7a56d_2019-09,0.753437633096893
e7a56d_2019-11,0.9197344231538308
c48018_2023-11,0.5347721464630466
4718d7_2024-10,0.9620688794858304
b416b1_2019-12,0.7716350353582178
6838b9_2025-02,0.5731853554310811
db4cd8_2023-06,0.8724166869551758
8fabe0_2024-02,0.7597224495728492
a25664_2019-11,0.960590989632504
375f2e_2020-03,0.9790254326259278
894378_2015-10,0.0218419153467936
e361b7_2015-07,0.0490282213448513
e7a56d_2020-02,0.6985005389199791
18defd_2024-06,0.9071577680658208
4718d7_2019-12,0.9805407891902256
5a0174_2019-03,0.8377265344394161
b416b1_2023-08,0.8847257777038974
bc4c03_2023-10,0.9771671372944288
259a19_2015-02,0.0261341025423085
db4cd8_2024-03,0.9956008574335752
14fe3a_2025-02,0.677509237342264
1822ea_2021-12,0.9866821621863144
894378_2024-08,0.9120148058702044
c5816f_2022-05,0.0771286240436171
18defd_2019-10,0.4099775098939736
c48018_2018-05,0.3752928700817501
b416b1_2023-06,0.723042382764941
d59611_2021-10,0.973039781529745
d59611_2021-12,0.942114337919118
8005b9_2023-01,0.3216410073064903
9af74c_2024-07,0.9851592484905884
5a0174_2024-01,0.9960618690236068
6c1954_2019-07,0.0628202614244787
fd589c_2015-07,0.0318715524962443
4718d7_2018-04,0.0101091660459483
259a19_2019-08,0.8906165144249805
8005b9_2019-12,0.6819818493290648
06534f_2018-04,0.8795500926445083
bf6f0d_2025-04,0.9725018709987396
94f933_2023-06,0.451109857191531
c5816f_2015-08,0.0310172709974904
c5816f_2016-02,0.0778846466183158
fd589c_2016-06,0.0778238391289341
f461d4_2014-10,0.0038155088660781
db4cd8_2020-03,0.9864786896118348
8005b9_2025-03,0.4533220280352041
fd589c_2016-05,0.2770582602265894
e4bc80_2016-05,0.0189819421099763
18defd_2025-05,0.9233244628379156
c48018_2014-07,0.0218693162369341
b416b1_2019-10,0.6014584101668458
db4cd8_2014-07,0.0131697080827243
1698cf_2022-12,0.9675871913444064
e7a56d_2024-10,0.9619151698517568
259a19_2014-06,0.0155485594259443
db4cd8_2022-05,0.5868841286882645
6224d0_2018-05,0.0320049906622027
6838b9_2019-07,0.3604896849399585
14fe3a_2023-09,0.6012706087666257
e361b7_2015-04,0.0578141954793369
e361b7_2015-08,0.6344433504311009
d59611_2023-09,0.7004638008629728
34889b_2022-03,0.1002996589480607
5a0174_2022-12,0.9718993137718308
e361b7_2017-06,0.1634732846055077
b416b1_2021-09,0.8166651820048356
8005b9_2021-10,0.921180954369874
5a0174_2015-03,0.005557106093894
c48018_2017-06,0.1371397265716521
8fabe0_2015-03,0.0074916173645644
db4cd8_2018-04,0.0084062367323148
db4cd8_2025-08,0.7666861852166931
34889b_2022-07,0.5188259017890332
4718d7_2023-03,0.7480854853863049
8fabe0_2015-04,0.0320832995012061
4fb2d3_2019-04,0.0940933211686392
e60b65_2015-08,0.1732283765245078
19fa84_2014-12,0.2014016135587427
e361b7_2014-11,0.0986535212185726
e7a56d_2018-07,0.2251000530207396
db4cd8_2024-06,0.8803514786374346
8005b9_2015-02,0.0328786086730411
f461d4_2023-07,0.9603007647585166
90abb1_2019-07,0.6649470975100982
34889b_2014-09,0.0090551164971387
8005b9_2024-04,0.3555948450625752
c5816f_2018-10,0.8872117162202485
c48018_2024-10,0.9161172641827748
db4cd8_2017-10,0.454958484187697
6f5e2b_2014-07,0.1132272909500749
db4cd8_2019-02,0.0095707959332855
b08ec1_2019-04,0.1469316010399596
9af74c_2018-02,0.0298938178324103
4fb2d3_2019-06,0.8971611289437407
8fabe0_2025-08,0.983458692191156
0ffc2d_2024-09,0.98686369233659
0ffc2d_2019-02,0.017873259325877
0ffc2d_2022-06,0.0099435538343457
6da35b_2023-01,0.042743928213051
7e646c_2024-12,0.3670432640329215
6da35b_2024-07,0.2026888086330461
0ffc2d_2022-10,0.0065419164782108
4718d7_2024-07,0.9748007417055482
f1543b_2015-09,0.0454458848613311
0ffc2d_2025-03,0.9331725486577052
0ffc2d_2020-12,0.0673953313042345
0ffc2d_2022-03,0.0116946025682278
74b7d1_2019-01,0.1178663713568367
8b98f3_2022-10,0.2387012198156808
8b98f3_2022-01,0.0138501588954332
0874ee_2014-05,0.0050884636784799
5a0174_2024-06,0.8626163135951004
5a0174_2024-09,0.9939180590131556
4718d7_2024-03,0.9869536289099676
0f9e86_2017-03,0.1353117587897131
9befc8_2016-03,0.2959442703125299
829a72_2019-10,0.9823930089076672
7e646c_2025-08,0.1397133247312014
11f0e3_2015-12,0.0174978010827083
7e646c_2023-11,0.0358186985102042
9befc8_2017-07,0.5387599740350653
0ffc2d_2023-08,0.5799997518413629
0ffc2d_2023-10,0.84968227847687
0ffc2d_2024-06,0.9723622626568345
f1543b_2015-11,0.2023353285206232
0ffc2d_2023-04,0.0629671746924585
0ffc2d_2024-04,0.7570239498343315
a97df3_2024-11,0.9792602237017743
0ffc2d_2020-01,0.1208723752388617
0f9e86_2015-09,0.0438149903829746
94f933_2023-07,0.5569818136691485
7e646c_2022-11,0.011405080556461
6f5e2b_2024-05,0.9432549932099508
0ffc2d_2019-03,0.0207362254391129
b0ff51_2019-05,0.8910652223680584
b0ff51_2024-08,0.9914077722974488
b0ff51_2025-05,0.872761362879345
b59bc0_2019-05,0.6578130884996642
b0ff51_2020-09,0.789764535144328
8bd3ce_2021-12,0.0696334823428909
b59bc0_2014-04,0.0384862627951044
8d0588_2019-09,0.9642185764981368
b59bc0_2019-07,0.6598189533062594
b59bc0_2024-08,0.9895947929181224
0cecbd_2018-03,0.1748341890219693
0cecbd_2020-03,0.9309125765481976
0cecbd_2019-02,0.1754837296881305
74b7d1_2018-06,0.2416529089957776
8d0588_2022-03,0.9594495787029502
b0ff51_2024-11,0.8686137793097627
8d0588_2020-07,0.8807985397734178
b0ff51_2024-03,0.7504498067507942
b0ff51_2020-03,0.9959319870500168
0cecbd_2021-01,0.9893317688927116
c3a69f_2023-07,0.5183700238380101
99c11c_2018-02,0.1219553002249178
b0ff51_2021-07,0.7415786366294306
8d0588_2020-01,0.9528145621350348
b59bc0_2023-03,0.9923809991893456
b59bc0_2025-06,0.9245809013299277
b0ff51_2018-05,0.4929310021518231
8d0588_2019-08,0.7872877062868132
8d0588_2025-07,0.9471060811637912
c3a69f_2022-09,0.9815869280866428
83894c_2018-03,0.533989884646393
8d0588_2023-10,0.5862481337586245
b59bc0_2018-05,0.3121920737453456
b59bc0_2023-05,0.9763675243106574
b644ac_2025-05,0.8866471519365343
439fde_2023-05,0.3637836124607588
8d0588_2014-04,0.0381880462167451
8d0588_2023-03,0.8805322215201884
8d0588_2025-05,0.97976765667994
b59bc0_2021-06,0.5964768073110819
b0ff51_2018-03,0.7328906308625457
b0ff51_2018-06,0.8135188534085793
b59bc0_2019-10,0.6943625683327748
b0ff51_2019-06,0.4704437266110322
b0ff51_2019-07,0.5040139482383242
b0ff51_2022-03,0.9657589837693557
b416b1_2023-02,0.4870724639345404
8d0588_2014-07,0.0436075342032292
8d0588_2024-06,0.9331845402703676
b0ff51_2023-08,0.9776351622750316
8d0588_2021-01,0.962550660461247
b0ff51_2022-02,0.9592012831941736
1bdb97_2024-11,0.008744711590068
e361b7_2015-12,0.5352295073683234
d59611_2022-08,0.9576406456938346
83894c_2018-01,0.0151944651886458
a25664_2020-08,0.9398418772931024
c3a69f_2022-08,0.9819802420834656
b416b1_2025-10,0.981180599064375
a97df3_2019-06,0.1150199498843159
77e86b_2024-04,0.8863520735398547
87cfea_2021-10,0.2246797607536416
99c11c_2020-11,0.0062078664726376
dc4b5e_2020-02,0.1871419984780748
a97df3_2019-10,0.0567661293528065
731908_2018-12,0.039794481983681
a97df3_2019-09,0.0239360539520942
87cfea_2017-03,0.024204991660127
c48018_2015-12,0.1165594562169384
ab32d7_2024-06,0.5334322964408997
8b98f3_2025-08,0.6603253559392928
4fb2d3_2022-08,0.8779338527592547
f25ffe_2024-09,0.0201203545419377
259a19_2020-11,0.9893875244140564
987bc1_2023-07,0.9879341540418368
6224d0_2021-03,0.9770651594216424
4718d7_2021-05,0.9792147285441108
4ee2d2_2025-03,0.0116761107166398
6f5e2b_2025-05,0.9394141181440518
259a19_2021-05,0.990890948564474
5ecf9b_2025-05,0.4487227478446313
987bc1_2023-01,0.9783439796897292
a42d13_2024-05,0.8892736871577285
6224d0_2025-02,0.9310858608687768
94f933_2024-07,0.1997670227220283
92dcdd_2020-08,0.0773609894855477
a42d13_2021-09,0.9924094479968422
4fb2d3_2022-05,0.7891926186395041
4fb2d3_2024-05,0.8945561366034307
6224d0_2019-01,0.8991708509717273
259a19_2023-05,0.9661907022079496
439fde_2018-06,0.0739205726999629
77e86b_2025-01,0.6650643911852211
175155_2023-08,0.982702810581524
b08ec1_2017-02,0.0612654100465783
8fabe0_2023-05,0.9948697496525672
6838b9_2020-01,0.147419545022159
022433_2025-05,0.1093536889186838
fc77d0_2020-02,0.7264077971278795
175155_2020-10,0.9911782283173878
175155_2022-08,0.874811874616
a42d13_2025-09,0.996995098235516
f25ffe_2024-11,0.0747186198418279
4718d7_2023-06,0.9874663201000892
259a19_2020-06,0.9769064203262068
18defd_2024-03,0.3658666482114566
439fde_2019-08,0.4363086993917727
5ecf9b_2022-07,0.8315200743251366
fc77d0_2018-03,0.0682437703539693
987bc1_2019-05,0.0379026045186286
fc77d0_2020-11,0.968638115353732
fc77d0_2025-06,0.9693152749496012
265164_2024-01,0.0371966880629132
6838b9_2021-12,0.3274096719597212
7e646c_2023-08,0.0369577160157778
94f933_2025-02,0.031576930073004
a42d13_2019-03,0.9305932915561906
fb737b_2023-02,0.0409116723932716
8fabe0_2022-12,0.9440374490974291
a25664_2021-10,0.9877050644936416
ab32d7_2023-04,0.2256959372954146
ab32d7_2024-12,0.0342316276757252
4fb2d3_2018-05,0.0751817567586302
f25ffe_2024-12,0.0488354648167604
1698cf_2022-08,0.9911048818248762
c3a69f_2021-03,0.7753441217024079
92dcdd_2024-01,0.9946576698718996
f461d4_2023-10,0.9967510803333351
6224d0_2014-10,0.049878336017747
4ee2d2_2025-05,0.0287871633326562
a42d13_2019-01,0.9218945674900396
a42d13_2022-07,0.9925109078543608
a42d13_2023-09,0.8535205292512184
fb34b4_2025-08,0.185826917556491
fb737b_2025-06,0.9282640911667058
4ee2d2_2024-07,0.0238692091638276
8fabe0_2020-08,0.9321965220063384
259a19_2022-07,0.7808656533671786
b08ec1_2015-02,0.0134412736229255
fb737b_2019-12,0.0771239528501289
e60b65_2023-07,0.9535715303816104
5a0174_2025-08,0.9868197085208484
f461d4_2021-07,0.993379341643872
c3a69f_2019-01,0.0442808077343194
987bc1_2025-04,0.7160201655662911
e60b65_2023-10,0.899364803239225
fc77d0_2021-05,0.9833841895432356
92dcdd_2025-08,0.9538638454207616
259a19_2022-04,0.8638864624371801
c48018_2019-06,0.5598020468918331
8b98f3_2024-03,0.4312809256563132
5ecf9b_2024-01,0.047291868577554
987bc1_2022-05,0.8337319471788531
c3a69f_2018-12,0.1933112577580167
0ffc2d_2022-11,0.0019505235713572
92dcdd_2023-12,0.9605714280253322
987bc1_2020-12,0.966486920558828
fb737b_2025-01,0.9525144379806854
a42d13_2019-06,0.954430535096298
a42d13_2023-04,0.4955554996728524
6224d0_2020-08,0.8898129294864409
1bdb97_2021-12,0.5660321196430399
4718d7_2024-05,0.9573081916989956
c48018_2020-02,0.9444130846544346
0874ee_2019-01,0.039019061998587
4fb2d3_2022-01,0.972999479358364
a42d13_2022-02,0.992663830741507
6f5e2b_2022-05,0.9408093592492038
259a19_2023-09,0.9233673979940672
5ecf9b_2024-10,0.6311491609933043
6838b9_2021-08,0.0357895770665123
fc77d0_2024-10,0.9123921996822256
1698cf_2019-10,0.8664744868977048
a25664_2024-07,0.9861300067097444
ab32d7_2024-02,0.0237462964659763
8b98f3_2022-07,0.835278436619089
74b7d1_2019-10,0.0572762170040469
a42d13_2022-06,0.9933816108770298
f25ffe_2023-12,0.0192456458111647
5a0174_2019-07,0.977619745041945
6f5e2b_2022-06,0.9498312724084244
f461d4_2022-05,0.9928439362370016
259a19_2021-10,0.9812393367127832
a25664_2019-04,0.032021612693609
a25664_2025-02,0.9553935874070472
a42d13_2017-05,0.1518934564379081
b08ec1_2015-03,0.004863080350269
4fb2d3_2023-05,0.9557735075853896
92dcdd_2024-07,0.9899012055473806
6224d0_2020-11,0.969996213377189
5a0174_2017-08,0.4789969249304707
175155_2024-11,0.9943820085386657
f461d4_2023-04,0.9783396756677812
f461d4_2024-03,0.9887149234719442
90abb1_2023-12,0.9540052424970672
fb34b4_2022-08,0.0573225896907453
6224d0_2025-07,0.9885504424068434
0e8d73_2024-01,0.2236232416618978
34889b_2018-03,0.0190442285100628
fb34b4_2024-01,0.1338374032009377
92dcdd_2019-01,0.008419805551489
bf6f0d_2024-05,0.8194840444553093
424c1b_2025-03,0.3570564611639426
a25664_2023-10,0.835424251461117
c48018_2017-04,0.1464909964892831
92dcdd_2024-08,0.9934428801973416
fb34b4_2023-09,0.0728102818178619
7199cf_2025-04,0.1114876940371338
bf6f0d_2022-05,0.3901249443760408
b08ec1_2022-11,0.1270779367100508
bf6f0d_2023-10,0.0890080188899031
bf6f0d_2024-01,0.7581301386793146
e60b65_2016-10,0.1784824619921464
1822ea_2025-06,0.9939966726916336
987bc1_2017-06,0.0291708340124587
9befc8_2024-07,0.866564465355127
fa8553_2022-01,0.022446397444573
90abb1_2019-08,0.8768831778589266
948a11_2022-11,0.0127309909174477
bf6f0d_2017-09,0.0391361975373097
a42d13_2015-03,0.0070299722011814
9af74c_2019-11,0.9474550941222554
18defd_2016-05,0.1253164912142855
0f9e86_2023-07,0.6930621749852298
90abb1_2022-07,0.8188831217911838
987bc1_2022-10,0.994548182584554
bf6f0d_2023-04,0.1232358147300061
1822ea_2020-12,0.9926724480156844
1822ea_2023-11,0.9232061728646018
bc4c03_2025-06,0.977757051581136
90abb1_2019-11,0.9104305306158332
1822ea_2020-07,0.993306794689689
175155_2014-09,0.0920815395694589
11f0e3_2023-05,0.4743337480355986
11f0e3_2025-03,0.0903948964578241
6224d0_2014-08,0.0372202591709576
bf6f0d_2018-12,0.5374809069826064
bf6f0d_2025-03,0.6982562133606374
e60b65_2016-07,0.0874628798719902
4ee2d2_2024-06,0.0087943965053648
18defd_2017-06,0.1448062946570331
9f1aa0_2020-06,0.811961808658663
948a11_2022-09,0.0480498349706761
b08ec1_2023-02,0.1017221492663576
b1de95_2019-12,0.9489334892248784
db5006_2015-02,0.0135302176670423
3a13b3_2024-11,0.9892609658138908
e83244_2017-02,0.0050886470651844
e83244_2019-05,0.7701001674047844
e83244_2023-04,0.942290091365605
06534f_2024-07,0.991697758489086
b1de95_2023-12,0.987389989079958
f4604d_2019-09,0.0091608213726985
1b9e65_2023-09,0.9972119779035846
e2314a_2017-09,0.3797992673329352
60a0fd_2017-06,0.2612136128589921
0cecbd_2018-05,0.0267540346126051
29849f_2025-08,0.9879877909724704
4fb2d3_2017-10,0.0246025101699509
545d15_2019-05,0.0297007071346831
7a007d_2024-12,0.2697067157270848
531356_2015-04,0.0433149574292937
0cecbd_2025-07,0.7816420584231848
db5006_2023-11,0.8859868157303423
db5006_2025-05,0.8673142573131447
f4604d_2020-01,0.9752489184001948
0cecbd_2021-03,0.9490371679872748
0cecbd_2024-08,0.7113401950535421
3a13b3_2025-02,0.9250250721032334
b73bc7_2024-11,0.971709239315904
531356_2025-03,0.9741356379492015
1b9e65_2021-09,0.9934371379228208
f500c5_2015-08,0.1281753011460623
0cecbd_2022-03,0.9544598566849044
b1de95_2024-11,0.8940775015965609
3a13b3_2024-09,0.997302657712814
e83244_2017-12,0.9549518968192888
c580aa_2024-03,0.9910640470543132
db5006_2017-05,0.1466572798473709
db5006_2020-03,0.817789842101941
545d15_2020-09,0.1493472403361812
e83244_2014-12,0.0108237185482665
531356_2015-12,0.2626376716144332
a25664_2020-11,0.6198746369265915
e2314a_2018-05,0.078028847722482
e2314a_2019-10,0.857977347938847
e83244_2015-05,0.0215991007218624
29849f_2023-03,0.9752321968865644
db5006_2016-02,0.1196815163946554
6224d0_2021-05,0.9652881052907551
e2314a_2021-08,0.9293172859066562
e83244_2018-02,0.0160916220245172
db5006_2014-12,0.0479159234956907
e3af0e_2015-02,0.0066650825733438
c580aa_2023-07,0.9879989249416324
c580aa_2024-11,0.97799391286618
b1de95_2024-03,0.9931774524722164
db5006_2018-06,0.1889448864533988
db5006_2019-07,0.959014833046086
545d15_2020-02,0.0544289950952764
e83244_2023-01,0.3961537423760659
829a72_2014-12,0.0099495485307186
29849f_2020-11,0.9529535157293764
b73bc7_2019-11,0.9109875079796156
545d15_2019-01,0.005146770374707
f4604d_2015-03,0.011767864392231
e83244_2022-01,0.7558305211208247
db5006_2020-05,0.9677833088622928
7a007d_2024-07,0.926460576922409
e2314a_2014-12,0.0057398420617201
98a151_2014-07,0.0229961759393048
531356_2018-06,0.1678046377001906
e2314a_2023-11,0.9871463701757648
06534f_2018-05,0.8065791108720927
98a151_2014-12,0.0125213803223937
db5006_2020-04,0.9196004861535668
1b9e65_2021-08,0.9878901742432606
e83244_2023-06,0.8737444417246671
175155_2021-03,0.8695204163078236
545d15_2020-10,0.3634947210868322
e2314a_2019-01,0.1558398506640683
e83244_2017-11,0.668993164857074
e83244_2023-11,0.5400074943823762
829a72_2018-01,0.0162850531904075
0cecbd_2023-06,0.8634997571929929
1b9e65_2021-04,0.0959077154672924
7a007d_2025-04,0.8659405254892164
60a0fd_2017-04,0.2456081868309115
a25664_2021-01,0.8255403150986957
06534f_2023-05,0.9894731945086924
f4604d_2016-11,0.2501143041212094
60a0fd_2017-02,0.0955172704592329
1b9e65_2020-09,0.9691764893818084
1b9e65_2024-10,0.9893083379893124
531356_2023-05,0.696568515959477
e2314a_2022-05,0.987199615668894
e3af0e_2018-01,0.0343777375770797
1b9e65_2020-08,0.9888480114979024
e2314a_2020-01,0.8514678374955427
06534f_2019-06,0.2837455162004436
0cecbd_2022-06,0.4442224449206762
022433_2023-05,0.0444481919752525
531356_2017-04,0.3456626525190394
510fbf_2021-12,0.0075121308715483
af81b0_2018-06,0.001727110684916
0874ee_2017-03,0.8015809085571415
022433_2022-04,0.1927244434881874
022433_2024-01,0.0102905819210404
f4604d_2019-06,0.0113393977521966
022433_2022-05,0.3715385585265512
cd0e60_2025-08,0.5271937731711013
d86999_2020-09,0.931859982151504
022433_2023-09,0.0729387961707103
375f2e_2015-12,0.0826571120478802
894378_2020-06,0.865582814400103
f4604d_2017-06,0.5328874150122641
c5816f_2017-10,0.3322684121741381
f4604d_2018-03,0.3107942035370554
af81b0_2018-01,0.0367804566878445
b73bc7_2019-01,0.6768673691590655
b1de95_2019-05,0.8029566337856001
022433_2024-08,0.018483790403291
fa8553_2021-09,0.0585045770106141
531356_2025-04,0.915589463959854
829a72_2024-11,0.9952272628343264
022433_2022-02,0.2170169637797653
e361b7_2020-08,0.9820125698306092
b73bc7_2018-02,0.1692898385359842
7a007d_2019-08,0.901611668306338
29849f_2018-12,0.5949218698556502
531356_2017-02,0.2688503238615797
87cfea_2022-10,0.8852282102003972
29849f_2020-12,0.9655922282124372
531356_2017-05,0.2361175692233166
3a13b3_2020-03,0.9473693873048962
b08ec1_2019-02,0.1835229456197921
375f2e_2018-03,0.0424530014739777
f4604d_2020-06,0.6211356235273446
34889b_2017-02,0.0791269311116172
987bc1_2025-06,0.9725567421473216
e7a56d_2023-01,0.7463789535809698
90abb1_2024-05,0.9519862890635062
bf6f0d_2022-03,0.9872519432771008
bc4c03_2023-11,0.9465604551220518
fb737b_2024-03,0.2500517671087478
fb34b4_2024-05,0.3073132592089587
77b3b9_2024-08,0.9836638806434532
bf6f0d_2016-05,0.347851526626401
b73bc7_2019-03,0.8328685598947322
531356_2018-02,0.2255152004367967
4fb2d3_2023-12,0.9953375196909416
1822ea_2016-06,0.1532782656396633
e83244_2021-01,0.7651247901868824
a97df3_2022-08,0.0950649966869191
29849f_2018-10,0.9505076496782724
1822ea_2016-11,0.2574433461385034
db5006_2015-06,0.2148116929853914
77b3b9_2018-02,0.0080234533380918
83894c_2024-10,0.977567982650725
1822ea_2016-12,0.3218482874728624
f4604d_2017-07,0.0493728838160108
531356_2016-08,0.215157327805666
af81b0_2019-08,0.0345793551357506
a97df3_2024-09,0.6809605895216663
90abb1_2023-04,0.5648933236658257
8005b9_2017-01,0.6694368120034188
987bc1_2023-02,0.8385995528857979
77b3b9_2025-01,0.9333414932971144
e2314a_2019-05,0.8474776007973427
9af74c_2015-01,0.0111628109582968
bc4c03_2017-02,0.2056104291779096
29849f_2016-02,0.2135794255611971
b73bc7_2017-05,0.1287510699723183
f4d28d_2024-08,0.3624205834177823
e7a56d_2017-12,0.1510692323213806
bf6f0d_2014-06,0.1260337307491012
bf6f0d_2014-07,0.2187627461491006
77b3b9_2022-09,0.9284745979187988
77b3b9_2024-03,0.9196707180808829
439fde_2015-01,0.0079850460306811
531356_2016-12,0.0696663848262053
34889b_2023-01,0.795493986137103
dc4b5e_2025-08,0.8317327977574276
375f2e_2019-01,0.0125299155739261
9af74c_2020-01,0.9538380282840052
e2314a_2024-01,0.69914538015373
948a11_2024-09,0.1599862600338537
bf6f0d_2022-12,0.8975790186588528
a97df3_2022-10,0.0089724589290332
424c1b_2024-09,0.0507566776654535
1bdb97_2022-09,0.4067779797079985
77b3b9_2020-03,0.9935037684111376
b1de95_2019-07,0.9534410493295749
531356_2020-04,0.9457970382108556
a97df3_2023-06,0.115712684531698
375f2e_2021-01,0.9775196836855032
74fb1f_2018-04,0.6300848409346131
cd0e60_2020-07,0.5791642151967545
98a151_2021-04,0.9318547650881248
829a72_2020-01,0.9856279951814292
c5df88_2024-01,0.9907528374179858
74fb1f_2020-10,0.9854235050537424
e2e0ce_2020-01,0.7059154422170395
2ab8ad_2020-06,0.2879111166504973
531356_2017-03,0.1807730314593125
6838b9_2024-06,0.7133398913121145
a42d13_2017-06,0.0839888530608026
98a151_2022-11,0.8489114175172873
829a72_2022-07,0.870737597192874
8fabe0_2016-05,0.0338889195945771
293190_2020-08,0.4414015064846217
293190_2025-12,0.9840323447880472
98a151_2024-08,0.9990394481615626
4f2b6b_2022-07,0.3061336627732785
2ab8ad_2020-09,0.1952837944608829
cd0e60_2021-02,0.8221385858095018
2ab8ad_2019-12,0.4697035753342906
88a9a6_2018-07,0.4126373721969584
88a9a6_2025-03,0.990544134548856
60a0fd_2020-11,0.9783871099580258
77b3b9_2023-10,0.9988474489579144
cd0e60_2020-01,0.1384023479069831
e3af0e_2020-11,0.98428672989531
6838b9_2019-03,0.0104537837326631
88a9a6_2020-08,0.4137717664290268
cd0e60_2019-07,0.2192803554986799
cd0e60_2021-01,0.8210773891052265
c5df88_2026-01,0.9787742555129392
293190_2019-10,0.2071770934094175
e2e0ce_2017-11,0.1957350884051562
c5df88_2026-03,0.9787742555129392
c5df88_2025-01,0.9787742555129392
a25664_2019-01,0.0294713397272607
4fb2d3_2016-11,0.0143635242132545
f25ffe_2024-04,0.0268210014390669
e3af0e_2021-09,0.9909596554609884
9af74c_2025-08,0.9932243119847832
e2e0ce_2019-12,0.8505417784885033
77b3b9_2018-01,0.1044882085922298
cd0e60_2019-08,0.4214961755660839
7aa803_2015-07,0.0073782090455604
6224d0_2018-12,0.0353533479935388
9b46ed_2016-01,0.0204715257411831
92dcdd_2022-02,0.0333779279874953
829a72_2021-10,0.9452509702109104
829a72_2022-03,0.9963528637631784
88a9a6_2017-05,0.1775418668445058
92dcdd_2020-12,0.0543690310871558
92dcdd_2023-04,0.727305216923455
cd0e60_2021-11,0.8093667132617011
175155_2018-02,0.0181793820325907
7bf5c9_2022-08,0.9580343215955816
4f2b6b_2023-03,0.0606066936334755
98a151_2020-01,0.8334268240155571
98a151_2021-08,0.9987466934144764
88a9a6_2020-11,0.6158860189285049
3a13b3_2015-06,0.0611270407356608
60a0fd_2021-11,0.9256126015745438
1996b0_2023-06,0.0309825188589113
8b98f3_2021-10,0.0902375458279052
1996b0_2023-07,0.0306390227409509
731908_2015-04,0.1133512298720888
ab32d7_2022-04,0.3377270063093583
f500c5_2014-06,0.0385608280823392
f500c5_2015-03,0.0142989210205974
60a0fd_2019-09,0.9524577838715376
1996b0_2024-03,0.0626672142267701
5ecf9b_2022-04,0.5248276319008177
829a72_2017-12,0.1660113016894096
829a72_2017-08,0.0332521766180315
ab32d7_2022-03,0.2290304773257055
dc4b5e_2023-04,0.0564989138942545
a97df3_2020-01,0.1274426388709897
92dcdd_2025-07,0.9616625159891288
f500c5_2014-09,0.0879496333282514
1996b0_2024-06,0.0639887896582904
f500c5_2014-10,0.0440223330822137
bc4c03_2025-04,0.6824425942193485
7a007d_2015-03,0.0049834328637918
18defd_2017-03,0.2472383429749642
3db670_2014-10,0.0255489806555249
90abb1_2023-08,0.9315381404500402
1698cf_2021-05,0.9869193227059307
9befc8_2015-01,0.0009645822553223
e2314a_2024-09,0.9993709239708354
db4cd8_2019-12,0.9789895220492972
a42d13_2014-06,0.0127941240562674
948a11_2023-05,0.0269392085854161
e7a56d_2021-09,0.9858170400725574
7a007d_2019-01,0.0152373491693905
6224d0_2014-09,0.0468053702273313
29849f_2016-12,0.0589376962252809
3db670_2020-02,0.7051132086244368
6224d0_2016-05,0.0693447341166496
1698cf_2020-09,0.9056204324344352
fb737b_2021-09,0.7658892956968041
74b7d1_2019-02,0.0277429939186967
d86999_2020-05,0.9869847087368908
f25ffe_2025-05,0.0437956078156208
74b7d1_2024-04,0.9410236148541532
429b22_2025-05,0.0065095297178916
f500c5_2015-10,0.1361876323358377
545d15_2021-02,0.1194048032703327
92dcdd_2025-04,0.7526350404905815
4718d7_2015-09,0.0836610610614413
4718d7_2015-08,0.2781579755225091
06534f_2015-08,0.2958757264362004
bc4c03_2015-11,0.5521354661551101
e7a56d_2016-12,0.0635344595086871
f1543b_2020-01,0.90331987047666
b73bc7_2019-06,0.9154994809486982
db5006_2016-11,0.4333379068455469
b416b1_2015-07,0.0559288538430424
7bf5c9_2021-09,0.8368856161356365
7a007d_2021-09,0.6069136175214811
6224d0_2017-10,0.1403884997841744
e7a56d_2016-06,0.0147131723216127
3a13b3_2019-04,0.924771257436232
7a007d_2022-04,0.9049088382732569
7a007d_2018-03,0.3850323106192971
7a007d_2015-12,0.1567022023569607
0cecbd_2022-11,0.9802133588510602
1bdb97_2023-08,0.1228273337832285
18defd_2017-01,0.1195516390781901
7a007d_2025-09,0.99822048756355
7a007d_2023-06,0.9707238470830656
c3a69f_2021-02,0.8168813918905958
77e86b_2018-10,0.0434489282339323
375f2e_2020-12,0.9907279715714084
7a007d_2020-08,0.1942288735665618
7a007d_2017-09,0.070641816956934
7a007d_2022-08,0.9566174328810284
c580aa_2019-09,0.8113776781768667
8fabe0_2021-11,0.9691249454418056
a97df3_2024-04,0.639789307344899
d59611_2020-09,0.9972817109942216
fb737b_2023-11,0.0591174240508474
7a007d_2019-12,0.4006115964786353
1bdb97_2023-09,0.1983700355144438
c580aa_2017-07,0.2629709961249138
8d0588_2023-06,0.9841429983500504
d59611_2021-02,0.8772761965246377
b0ff51_2015-07,0.091533652137438
14fe3a_2017-05,0.2781333231580112
a42d13_2015-10,0.034348905333529
f461d4_2017-10,0.5040182731099774
b0ff51_2018-09,0.6625434461851332
b59bc0_2017-08,0.1427945608364854
8d0588_2015-07,0.1920652952098517
f461d4_2020-07,0.93173336280262
8d0588_2016-07,0.3337838309607125
11f0e3_2015-01,0.00296201573325
8d0588_2016-08,0.3185539669396692
bf6f0d_2019-11,0.840186558333555
98a151_2020-07,0.986242126357726
1822ea_2021-02,0.9975472921965324
b73bc7_2020-07,0.9840857840109836
db4cd8_2016-05,0.3499205618156775
a25664_2018-01,0.2510175455967041
af81b0_2015-09,0.4666497378070726
175155_2020-11,0.9632342092363096
780a0b_2021-11,0.9509863655703072
af81b0_2017-05,0.1588954566642392
af81b0_2023-08,0.121527863747304
6f5e2b_2017-07,0.0094509075833619
af81b0_2024-06,0.145049592030157
af81b0_2024-08,0.1037794757139475
fb34b4_2022-06,0.0905275193952444
1822ea_2021-03,0.9912766998880216
dc4b5e_2022-02,0.1683360637790906
293190_2016-02,0.2516599038254764
9f1aa0_2017-05,0.0639082094370135
60a0fd_2018-11,0.1195315878089098
77b3b9_2016-05,0.0338014570428593
fb34b4_2022-04,0.0354123316032209
987bc1_2017-10,0.0903626025830615
0cecbd_2015-12,0.0531236813941392
9befc8_2021-12,0.9169078889335605
94f933_2023-03,0.1645511006515311
b1de95_2018-05,0.2932926420514585
b1de95_2018-04,0.4188436743900356
e3af0e_2015-09,0.2570093341600364
0f9e86_2023-11,0.958768031644003
987bc1_2017-09,0.0617101207593731
bc4c03_2018-07,0.1020384260287285
bc4c03_2018-09,0.3058780863253491
bc4c03_2018-08,0.237677713032904
cd0e60_2020-04,0.6360188332761352
b08ec1_2021-09,0.74971881244916
b1de95_2022-12,0.960754496332657
34889b_2016-12,0.1697191035642526
6c1954_2020-06,0.277502367968517
e361b7_2017-09,0.5642733409541766
0ffc2d_2020-06,0.5214805068427795
3a13b3_2019-10,0.9584366562336034
e60b65_2019-08,0.8864825400545774
175155_2017-01,0.0366665202574708
175155_2017-02,0.0389563709200622
14fe3a_2016-05,0.1349646211935165
8005b9_2020-12,0.8415285735231719
e60b65_2022-06,0.9912640970944572
a25664_2020-06,0.9879717359946566
3db670_2018-12,0.3889632679365202
b416b1_2016-10,0.0848028231345785
4fb2d3_2021-01,0.9212996015734032
6f5e2b_2020-06,0.9831164388187176
e60b65_2022-01,0.9898978872211036
3a13b3_2015-12,0.0567442197856717
a25664_2015-08,0.0816415861084186
e60b65_2020-06,0.98157660609293
fc77d0_2017-07,0.1453516718618721
e60b65_2021-03,0.9784485910729468
9befc8_2020-06,0.992130177398588
1698cf_2017-06,0.0839115847848423
9b46ed_2015-09,0.0419128328483509
d59611_2017-03,0.12334242883468
14fe3a_2015-05,0.2026984286377688
14fe3a_2015-06,0.1798655114254667
9f1aa0_2016-03,0.0299996963710017
db4cd8_2016-08,0.2097864331402189
db4cd8_2016-11,0.0579804486387972
d59611_2020-08,0.9971408775914116
f500c5_2016-01,0.2049956909900299
d59611_2020-11,0.926683719947922
1822ea_2017-09,0.3147607331581715
8bd3ce_2020-05,0.9915556177760556
db4cd8_2015-09,0.1030157526914429
1822ea_2015-09,0.077311791124353
375f2e_2020-11,0.9963120556510768
f500c5_2017-08,0.4059261687307666
f500c5_2017-12,0.0126750496824634
77b3b9_2015-09,0.0962266543671847
18defd_2017-12,0.6770361498843033
1b9e65_2016-07,0.1952456912080962
c48018_2018-10,0.2014631594349636
a25664_2017-10,0.414270613425514
5a0174_2015-11,0.2086261760754848
8fabe0_2017-08,0.1255170452873538
3a13b3_2022-03,0.9875873922155592
6f5e2b_2017-01,0.363602438666046
3db670_2020-05,0.9613319322447772
6f5e2b_2016-08,0.1034633103030503
b73bc7_2016-07,0.0683064755698878
b1de95_2021-09,0.9529305150776106
b73bc7_2021-06,0.9916622694001008
d59611_2017-07,0.0770034803593899
7aa803_2015-09,0.0819206268323691
2ab8ad_2015-05,0.0272719551413577
9b46ed_2024-03,0.993374532849616
f1543b_2016-08,0.1804412871119419
9b46ed_2024-04,0.99230332279896
e7a56d_2021-06,0.9962379104568913
7bf5c9_2025-06,0.9987575418429596
7bf5c9_2025-10,0.9885177950766048
e3af0e_2017-07,0.0847068555251909
829a72_2017-11,0.1868816489132443
b73bc7_2018-11,0.5965103928786277
18defd_2018-09,0.6760253771181092
7bf5c9_2017-03,0.0303499897564554
8d0588_2021-11,0.9950542403112956
2ab8ad_2015-12,0.0647720255415199
b08ec1_2016-04,0.0283511136990115
545d15_2021-10,0.7198746308075167
545d15_2024-05,0.9907060157502564
9b3bd5_2024-12,0.2685031486458021
545d15_2024-12,0.991850855059734
545d15_2025-03,0.9920334716818916
545d15_2025-09,0.9925258154436396
74b7d1_2020-09,0.846935836999515
74b7d1_2021-05,0.9252851778607808
74b7d1_2021-10,0.9096809522466855
74b7d1_2021-02,0.9297314263138502
b73bc7_2021-11,0.9156782853947296
3db670_2022-08,0.992240553777512
b1de95_2022-04,0.9155868560855004
06534f_2021-05,0.6889262637711862
c5816f_2020-05,0.9862408480125342
c580aa_2016-04,0.0456085265166577
b1de95_2020-04,0.9254992875857916
3a13b3_2021-01,0.8850875894708231
c5816f_2017-03,0.2947345218852507
c580aa_2022-12,0.9325454965027736
b1de95_2017-11,0.7368531671223073
b1de95_2020-08,0.8671695525543044
b73bc7_2020-04,0.9466762735401152
8005b9_2017-09,0.0504276355371656
3a13b3_2021-11,0.8967376416852599
06534f_2020-05,0.9708637328375056
c5816f_2020-12,0.9054117290006582
06534f_2021-06,0.7550194116657741
06534f_2016-04,0.266599806099241
c580aa_2020-06,0.9144538636399518
b1de95_2015-06,0.0226140326839661
b1de95_2022-05,0.8788547707597804
c580aa_2015-05,0.0287008238055653
c5816f_2020-11,0.8896336540911437
06534f_2014-10,0.0540779588882511
3a13b3_2016-02,0.0995270601967161
06534f_2021-04,0.9171643278167488
dc4b5e_2019-02,0.069356077640125
e3af0e_2017-10,0.0804987583735949
a97df3_2019-04,0.6004081897957517
f500c5_2017-03,0.5861599094838605
531356_2018-11,0.1671355432702089
293190_2017-03,0.3990057372334765
c48018_2020-04,0.9464649931911648
6f5e2b_2015-10,0.0243615739426605
18defd_2021-12,0.836786569913849
e7a56d_2018-08,0.4187817166020066
18defd_2020-08,0.6423336592707057
c48018_2020-08,0.7437206373333795
c48018_2022-01,0.8494481220123937
259a19_2016-08,0.0318937685791838
1822ea_2015-06,0.1270961693907304
1822ea_2016-02,0.1751644030690028
175155_2018-08,0.0957359317191035
18defd_2020-09,0.5622902383305848
c580aa_2018-11,0.470771324512166
c48018_2022-06,0.917502583942808
e7a56d_2020-09,0.9109630991688892
18defd_2023-01,0.9365545683276958
e7a56d_2018-09,0.2034838705969996
c48018_2017-12,0.3580122457601227
e7a56d_2017-03,0.053887044816291
c48018_2022-02,0.9006470298151852
c48018_2021-06,0.6791948864139621
0874ee_2016-05,0.9857997299699292
0874ee_2015-07,0.7022063095060982
c48018_2017-01,0.3305421419290941
a97df3_2020-02,0.3076123974006675
780a0b_2020-07,0.9927280035677084
b59bc0_2015-12,0.0605961031950057
b59bc0_2016-01,0.072675643036435
7aa803_2017-11,0.4553877154435753
60a0fd_2017-03,0.1077974847413569
9af74c_2015-06,0.0727044976186664
259a19_2020-05,0.9805819334433592
1698cf_2017-03,0.2325882654762561
6f5e2b_2021-02,0.9472970230795345
4718d7_2017-08,0.2581213064563207
77e86b_2017-08,0.0179674363916436
60a0fd_2016-01,0.1188536751343785
4718d7_2018-08,0.6226436429415299
375f2e_2017-01,0.104873185351684
259a19_2018-07,0.1546371431658678
829a72_2020-08,0.8932174637863263
f461d4_2015-07,0.0253152112595992
829a72_2016-12,0.0256217462920036
60a0fd_2017-05,0.0548239910877146
175155_2016-03,0.1104032352903839
f461d4_2017-03,0.3652738467685735
5a0174_2015-12,0.033271954027656
e3af0e_2015-08,0.0996948909642793
5a0174_2016-01,0.0199662079151595
e3af0e_2015-06,0.0250349427000783
1698cf_2018-07,0.1284385025824978
4718d7_2018-07,0.4732898732766312
1698cf_2016-07,0.0535171545313933
5a0174_2017-03,0.0970292394911178
6f5e2b_2015-05,0.0303176234465819
1698cf_2020-06,0.9825206219244528
829a72_2016-11,0.0235722965430086
db5006_2017-11,0.183857197262826
e361b7_2016-08,0.204862169094983
e361b7_2016-07,0.2233216418662766
e361b7_2016-09,0.1774456229104805
e60b65_2017-12,0.1297807700649881
8ec563_2016-02,0.1152654905980085
1bdb97_2024-01,0.6648536192114215
f461d4_2017-11,0.0952751672047197
3a13b3_2015-09,0.0339440646284475
8ec563_2015-12,0.0292291482578694
34889b_2015-10,0.8776414434272699
34889b_2015-12,0.657901445325981
b416b1_2017-07,0.0355419828799053
34889b_2016-03,0.1908340054304417
77e86b_2015-12,0.9024958941782156
e3af0e_2020-04,0.9839400092695902
98a151_2018-07,0.7863551089825268
b1de95_2016-11,0.0971623713353954
98a151_2018-08,0.5152403014003697
439fde_2016-04,0.1328173972842698
90abb1_2015-07,0.0796952292074781
c580aa_2023-02,0.909150780432246
1822ea_2017-03,0.2330008389181943
987bc1_2018-07,0.573036343382839
9af74c_2020-10,0.9977432112827068
9af74c_2016-12,0.281612520668327
3a13b3_2021-03,0.9404368517484588
1822ea_2018-09,0.0965383635808428
b1de95_2022-10,0.6562982492180898
c3a69f_2015-06,0.0144579915327652
439fde_2021-02,0.9526015550725372
c3a69f_2023-01,0.955037237933934
e60b65_2018-08,0.677773559775411
439fde_2016-09,0.0236051853322042
c3a69f_2021-01,0.9437087008479914
c3a69f_2022-12,0.960448468418654
99c11c_2016-04,0.0303125181339033
34889b_2017-10,0.1387108643427802
77b3b9_2020-04,0.9846170604685702
29849f_2021-09,0.9921852158309372
c3a69f_2015-12,0.1949764657433222
7a007d_2016-09,0.1240758320313433
77b3b9_2017-12,0.3934189597088377
e60b65_2015-07,0.1094500141427871
8005b9_2018-09,0.3299565188504063
90abb1_2017-09,0.0325804817968505
29849f_2021-05,0.99296168491407
7a007d_2016-07,0.0940165136263582
bc4c03_2015-09,0.6203089986859486
06534f_2020-09,0.9163546935508996
439fde_2017-12,0.4701463408131024
259a19_2016-03,0.0480788175620548
c580aa_2021-06,0.9735581358147136
c580aa_2021-04,0.9277137966952324
c580aa_2022-08,0.9818248405286364
74fb1f_2018-10,0.3688315848096805
439fde_2017-11,0.4794595507281465
259a19_2015-11,0.0976448619118842
77e86b_2016-11,0.0083988336133908
87cfea_2016-06,0.0070940717956125
77e86b_2020-05,0.9251067708691054
77e86b_2021-05,0.926149419327765
77e86b_2021-01,0.9078975482886482
74b7d1_2017-03,0.0315224747046931
0cecbd_2018-08,0.2054329208546038
83894c_2023-04,0.6522238648917398
77b3b9_2017-11,0.6247070923160721
987bc1_2016-08,0.4760324448393572
987bc1_2016-12,0.7552038891862917
87cfea_2018-05,0.3461052116940663
439fde_2018-10,0.3276075213804852
87cfea_2018-08,0.2850431161320301
f461d4_2017-09,0.7682407923291117
fb737b_2020-04,0.3570017617265481
6838b9_2020-06,0.5433874377619327
af81b0_2016-01,0.0223323546665088
af81b0_2015-06,0.009017108390135
175155_2018-11,0.5980844349089462
3db670_2015-11,0.0200919405059947
2ab8ad_2018-08,0.4396462775392992
cd0e60_2025-03,0.9609868963365747
cd0e60_2025-06,0.9678150919475398
fb34b4_2024-12,0.36312029491353
74fb1f_2016-01,0.0729277568972141
c3a69f_2017-10,0.5901598222295747
fc77d0_2016-06,0.384228240438928
4fb2d3_2015-08,0.0144259075585512
439fde_2016-02,0.0209643501962637
19fa84_2017-12,0.2143057716514122
fc77d0_2016-12,0.2801495056772921
77b3b9_2015-12,0.0264034568747987
19fa84_2017-10,0.1654377619212233
fc77d0_2016-08,0.3942802059912366
439fde_2015-12,0.0240067875701494
1996b0_2022-08,0.2093854552069534
4718d7_2016-06,0.5546560937000052
4718d7_2016-07,0.5037240429076227
db4cd8_2016-01,0.3011104802938399
8005b9_2015-09,0.0130976188306943
a25664_2015-11,0.0186585395946239
34889b_2025-09,0.9935013569686852
9af74c_2016-03,0.2479395682080495
a25664_2016-02,0.0490721334125966
34889b_2017-08,0.3900327095845012
34889b_2020-08,0.9714475888910616
b08ec1_2021-05,0.6025682961371669
b08ec1_2020-11,0.8458380415995378
a97df3_2021-08,0.4343150400222468
99c11c_2019-06,0.0227302978933524
259a19_2016-09,0.0966000818258819
e4bc80_2016-04,0.0234524244827148
99c11c_2025-05,0.9346224946250264
3a13b3_2022-09,0.998617627223882
fc77d0_2016-01,0.0506578815470771
99c11c_2025-02,0.977132291581638
3db670_2017-12,0.9264234478309036
87cfea_2018-11,0.0315685441574678
9f1aa0_2016-11,0.8073869551239841
f461d4_2018-09,0.6041301873476951
9f1aa0_2016-12,0.7736960423358924
fb737b_2024-02,0.4755363979550466
0cecbd_2020-04,0.9789415626406212
af81b0_2022-06,0.9954441154501404
af81b0_2022-07,0.995987620646276
bf6f0d_2016-02,0.0891658660135124
af81b0_2022-11,0.9957613372333848
af81b0_2022-09,0.9961799441162494
4718d7_2020-10,0.9722594395103444
8fabe0_2014-10,0.0064091127941734
6f5e2b_2023-10,0.9966040603976648
259a19_2014-07,0.0592482543094313
259a19_2024-01,0.9783093179335484
6838b9_2024-12,0.2268809472485461
db4cd8_2019-03,0.083856046877718
1698cf_2022-06,0.8874998298415858
90abb1_2017-04,0.1690342881612817
34889b_2019-10,0.1475263672449032
34889b_2023-03,0.1153560808537655
14fe3a_2022-01,0.9811236573289834
8005b9_2018-04,0.0636827606752525
375f2e_2021-11,0.9868738849934584
92dcdd_2019-12,0.0727904247225028
af81b0_2024-04,0.227847795406908
7a007d_2024-01,0.1592763998927995
29849f_2023-09,0.8559759110482205
b1de95_2019-01,0.7066691842789731
022433_2025-03,0.007536726695842
f4604d_2021-11,0.5518079685442611
e2314a_2019-11,0.9236370938069288
e2314a_2020-02,0.6928453568876531
fb737b_2023-01,0.1059347498820325
e60b65_2017-01,0.1147920697024945
77b3b9_2018-04,0.1740844363646528
265164_2025-02,0.2605044696104612
9af74c_2024-10,0.9436952578201996
987bc1_2017-11,0.2527310072761369
9befc8_2015-11,0.0033885305185028
780a0b_2015-08,0.0680306736324325
780a0b_2025-07,0.9175599205551686
0f9e86_2019-10,0.4067425662534883
0f9e86_2019-11,0.1578675368129179
b416b1_2023-05,0.8831447761822904
bc4c03_2018-05,0.0037525958986925
bc4c03_2021-08,0.9353973134876667
bc4c03_2022-07,0.9213289937832048
259a19_2021-12,0.9933220352812228
6838b9_2024-08,0.855535198475791
90abb1_2024-03,0.5018599958699467
34889b_2014-06,0.0213739035632896
34889b_2014-07,0.0632169335832222
14fe3a_2024-08,0.996276448472692
14fe3a_2025-07,0.8046694830680774
4fb2d3_2024-02,0.9351307412954016
e83244_2016-12,0.0422219739713123
6224d0_2021-10,0.9883558352329452
e60b65_2017-02,0.0671681162369183
e60b65_2022-03,0.9901175892242052
6838b9_2018-01,0.0844159549487863
a25664_2015-07,0.086639594800547
4fb2d3_2025-03,0.7772979105533012
731908_2019-08,0.6912974950554911
d86999_2015-05,0.1749796017402385
a97df3_2023-09,0.4071197830948467
780a0b_2016-11,0.0077207454007679
0f9e86_2017-12,0.092988767312824
4718d7_2014-06,0.0173956589652252
fb737b_2022-08,0.9468623006946254
6f5e2b_2023-08,0.9670294880768636
b416b1_2021-02,0.9603101537306148
b416b1_2025-04,0.4776300580544379
a25664_2022-01,0.9614703346607736
d59611_2014-08,0.0130661714243966
34889b_2014-04,0.0345044986019498
34889b_2024-06,0.5414687362897492
b08ec1_2023-08,0.9923884685980148
9af74c_2022-10,0.4282177563151507
987bc1_2022-04,0.43956730640944
4fb2d3_2024-12,0.9514644025765664
545d15_2019-12,0.0333166692229944
545d15_2020-03,0.1821968016060274
06534f_2024-12,0.7866492478386381
022433_2024-05,0.0124150405878399
e2314a_2022-02,0.2266363630852241
e83244_2017-05,0.0351012975099589
6224d0_2018-03,0.0295241670746148
6224d0_2021-01,0.90158063094924
e60b65_2018-03,0.0600741246538973
e60b65_2018-07,0.7305224641607471
e60b65_2021-01,0.9784485910729468
731908_2023-06,0.3778595559592355
11f0e3_2024-11,0.1226786728066398
d86999_2018-10,0.0396078527972829
d86999_2021-04,0.9673296226359864
b26809_2023-03,0.3062606943263984
780a0b_2020-11,0.640988128256666
8bd3ce_2022-11,0.0375454969519495
0f9e86_2017-09,0.1631404653374931
a97df3_2024-02,0.2367292026511227
7199cf_2023-08,0.4000626681887756
34889b_2023-04,0.0481322774938126
14fe3a_2014-12,0.1100053522766313
14fe3a_2024-07,0.9322847649722562
b08ec1_2023-07,0.5556427673519831
b08ec1_2024-11,0.1852540001672233
06534f_2025-07,0.9988047286231038
f4604d_2019-11,0.3782614696319299
e83244_2016-07,0.1205226478696067
f4d28d_2025-07,0.0498677845510529
92dcdd_2023-06,0.9654978005115178
8e41cf_2023-12,0.2357461155142178
b26809_2022-10,0.4015521303191573
fc9334_2025-04,0.2140916109506357
780a0b_2023-12,0.7475443534995695
8fb6f0_2023-12,0.8590582209787266
b26809_2022-12,0.9524676093294258
dc4b5e_2024-02,0.527588689537359
6c1954_2023-09,0.1597528915691787
fc9334_2016-01,0.0922954643075837
8e41cf_2015-06,0.0220519624479155
b26809_2019-04,0.4061375364106001
b26809_2019-08,0.7774956155553272
780a0b_2018-07,0.1959830279114744
fc9334_2016-05,0.0629464859100383
bfbeef_2024-06,0.7678341517720456
fc9334_2021-03,0.5629680385554617
e7a56d_2022-09,0.6538794171069747
e7a56d_2023-11,0.9322337116908244
0874ee_2018-05,0.0042361821402442
fc9334_2015-10,0.0163389773054279
8bd3ce_2019-12,0.8496995768086567
8e41cf_2017-05,0.0453220637073304
c48018_2014-10,0.0193135026012149
8fb6f0_2018-11,0.0228354080244051
8e41cf_2017-06,0.0480268528798664
7199cf_2025-07,0.4400935913907551
9f1aa0_2017-03,0.047713601107145
948a11_2024-06,0.2988198199573315
6c1954_2025-01,0.7799504405334073
bf6f0d_2016-12,0.0229577522410041
9f1aa0_2014-07,0.0732080814599435
7aa803_2015-10,0.0228249964881847
513080_2023-08,0.8840306970023879
bc4c03_2015-02,0.0285471302883399
db4cd8_2016-12,0.0386687318319537
1822ea_2021-06,0.9872041714655304
9f1aa0_2017-11,0.1796497837192124
9f1aa0_2023-07,0.9625123382033536
510fbf_2022-02,0.0057880382188311
bfbeef_2016-10,0.174194873733685
0f9e86_2018-08,0.058022131148418
0cecbd_2023-01,0.9967281469743504
0cecbd_2022-12,0.9600582343204797
0cecbd_2020-01,0.914968426313316
0cecbd_2018-04,0.0210572789324015
0cecbd_2021-04,0.3203094892138521
829a72_2015-03,0.0277779052426778
e3af0e_2017-02,0.0415759221343627
829a72_2015-01,0.0322655969810885
bf6f0d_2017-11,0.1839968102648084
a97df3_2020-03,0.2057262294569057
1bdb97_2024-08,0.0658387550487981
74fb1f_2023-04,0.8608071710916217
74fb1f_2025-03,0.7545252570172591
c5df88_2023-04,0.9768762704443118
60a0fd_2022-07,0.9004367617293373
bf6f0d_2024-06,0.9591601404149762
e2e0ce_2020-08,0.3277222552720332
c5df88_2019-06,0.8585825289031338
7aa803_2015-12,0.7719613880974273
9b46ed_2017-06,0.3508845083161973
60a0fd_2025-04,0.977354939493185
94f933_2023-08,0.0536705771516831
18defd_2018-10,0.6984911702943206
18defd_2024-07,0.9954351812853652
1b9e65_2021-01,0.6506549987545178
b1de95_2023-10,0.9885064079566084
1822ea_2017-11,0.5840921134091543
0ffc2d_2025-08,0.9175803210024132
db4cd8_2018-01,0.2385708562585991
0ffc2d_2022-01,0.1098879013397225
7bf5c9_2021-03,0.3267961936148976
022433_2022-11,0.1971003511958854
1b9e65_2023-06,0.8057267320600161
1b9e65_2025-05,0.9063619464126385
0ffc2d_2024-02,0.4954920961710956
c5816f_2024-05,0.9067015981459964
e4bc80_2022-03,0.0146541559513604
c3a69f_2023-11,0.1222293417631938
8ec563_2025-04,0.9355101010168294
894378_2021-05,0.941272052100104
19fa84_2021-09,0.0567979449959311
19fa84_2024-11,0.9390093890645224
3db670_2021-11,0.9768941316193532
894378_2022-04,0.0452523779796534
894378_2025-07,0.9951220835833944
8ec563_2024-09,0.6230179752895063
fd589c_2025-03,0.966600160305744
3a13b3_2024-03,0.8641510897052451
14fe3a_2017-03,0.0350362334695103
14fe3a_2021-06,0.9771891105962426
14fe3a_2017-01,0.088872067952762
c5df88_2019-12,0.4516463890112135
f1543b_2016-02,0.0147498811065869
88a9a6_2023-10,0.9552471993433272
f1543b_2018-04,0.013838650737069
f1543b_2025-07,0.9919436624623048
94f933_2024-05,0.4369140298349507
0874ee_2014-04,0.0835891077690751
77e86b_2019-08,0.5376290437053428
8005b9_2019-03,0.1711973329164985
3a13b3_2023-04,0.9905853698673012
e83244_2023-10,0.9870224050481337
c5df88_2018-04,0.2958086902556714
74b7d1_2018-02,0.0182925364139131
7e646c_2024-02,0.5861263063695764
74b7d1_2019-09,0.1888712758040095
7bf5c9_2026-01,0.9933294387011792
6da35b_2024-01,0.3934121148526139
b0ff51_2016-02,0.1184184908563961
b0ff51_2017-09,0.8180149533305867
8d0588_2022-06,0.7528587875569219
b59bc0_2018-01,0.838816561992052
77e86b_2018-09,0.7294200075104926
8fabe0_2024-11,0.8229531864881248
c580aa_2017-09,0.4451057609521675
439fde_2025-08,0.9169351294298232
74b7d1_2020-03,0.9304525817183532
74b7d1_2021-09,0.9058762819778988
fd589c_2025-02,0.9491161028075574
3a13b3_2024-10,0.994231286395078
fd589c_2019-12,0.988790126691526
e361b7_2016-01,0.2562197513725525
fd589c_2021-06,0.9345662192127476
fd589c_2023-02,0.8294705177952238
3db670_2024-05,0.9902155533778444
3db670_2025-05,0.9945103984229458
8ec563_2019-07,0.6717945177673327
5a0174_2018-02,0.0960421250281217
987bc1_2017-03,0.2522081576299383
06534f_2018-08,0.8833723344502218
259a19_2016-05,0.0303365992714434
8ec563_2015-09,0.3200752576634699
f461d4_2017-04,0.1574019165269627
e7a56d_2020-11,0.9537840602649944
c48018_2021-04,0.6332366851240888
c48018_2022-09,0.939635380896967
8fabe0_2021-06,0.9940259950778558
6f5e2b_2017-03,0.3891171269932297
f461d4_2017-08,0.3164937045887257
99c11c_2022-03,0.2096187670301657
90abb1_2016-04,0.4393602787048169
60a0fd_2016-09,0.0294950931017217
d86999_2023-11,0.9490906909575852
c48018_2016-08,0.2107758978693941
375f2e_2015-06,0.0749520702058161
bc4c03_2017-11,0.0500790658847806
f500c5_2015-11,0.225213598212549
99c11c_2024-11,0.6032124129312173
83894c_2021-10,0.0584616300499066
83894c_2021-12,0.0214728955208465
34889b_2015-09,0.6976693509674716
1b9e65_2015-12,0.0077059996437963
4718d7_2017-03,0.0374064540344439
948a11_2023-01,0.0435030453284306
259a19_2016-04,0.0523062778435567
c580aa_2022-11,0.9560585423811756
b1de95_2021-07,0.9686495968750504
b73bc7_2022-05,0.9856561642074358
83894c_2023-08,0.7124924664190254
83894c_2024-02,0.9098586379078312
b08ec1_2021-06,0.8803610117146766
b416b1_2016-06,0.174637194587025
0cecbd_2015-07,0.2826309745735887
cd0e60_2024-06,0.8049853851220996
175155_2016-06,0.0554071492664504
894378_2018-10,0.0794144549595678
0e8d73_2023-01,0.2993357214160783
74fb1f_2018-09,0.4049846577484873
b08ec1_2018-09,0.1733740173707006
3db670_2017-07,0.651064493761742
87cfea_2017-11,0.056657282934233
83894c_2017-12,0.0822581897406603
af81b0_2020-12,0.9928945922799736
fd589c_2020-12,0.9527498895745502
f1543b_2015-10,0.0485436655271921
b0ff51_2016-09,0.922690925595932
83894c_2017-02,0.0134880084725931
a42d13_2022-10,0.992659287258212
a42d13_2021-01,0.9858373651719896
6f5e2b_2016-01,0.1811879839885235
0cecbd_2021-10,0.8974294866286603
0cecbd_2021-08,0.958955003817566
8005b9_2017-12,0.7519596467862182
293190_2024-11,0.98708362586573
c5df88_2024-10,0.9797608165112416
83894c_2017-05,0.1215630829886697
8d0588_2016-12,0.61578709620019
b59bc0_2015-06,0.1001818119248726
a25664_2025-09,0.995316466593251
6c1954_2021-06,0.5275355380994704
bc4c03_2019-06,0.2235904844156809
259a19_2014-11,0.0202352497533609
6838b9_2019-04,0.012527747232236
1822ea_2023-05,0.6700791518644148
14fe3a_2014-10,0.0226921126216412
14fe3a_2025-05,0.5223891501570682
8005b9_2019-09,0.7481188879325164
8005b9_2022-06,0.687978751124513
375f2e_2022-06,0.8199306868809831
06534f_2024-10,0.8682349774501449
e2314a_2024-10,0.9984498444474827
4ee2d2_2024-04,0.0105135806754272
175155_2016-08,0.1755549210454426
a25664_2017-04,0.0962920230283582
375f2e_2024-12,0.6730955109636814
987bc1_2018-06,0.0242729573248799
4fb2d3_2019-07,0.9264619649318055
e427f8_2023-02,0.0160332826265986
fc9334_2025-02,0.2134431356707286
9cf1af_2024-05,0.8929705178580384
6224d0_2014-06,0.0034753891099795
4718d7_2014-07,0.0559159318631762
0e8d73_2023-11,0.0422895692699513
6f5e2b_2017-02,0.2026134791681323
bc4c03_2025-03,0.994864221461192
a42d13_2023-08,0.939534989055732
d59611_2018-06,0.1524567945436297
8005b9_2020-07,0.9725048783531516
fc77d0_2022-02,0.9303317436377384
fc77d0_2025-03,0.9927317548442828
4fb2d3_2024-04,0.9206049158792626
af81b0_2024-12,0.8807991793765191
545d15_2020-08,0.108971192370291
c580aa_2014-12,0.0090919178392795
f4604d_2024-12,0.9745515135452923
e83244_2019-06,0.1644306287921192
4fb2d3_2017-07,0.4052625252493005
11f0e3_2015-05,0.0226113332964428
11f0e3_2015-06,0.0207719379562414
8fb6f0_2016-02,0.0429440330924848
8fb6f0_2024-02,0.09954146177927
dbb709_2022-04,0.4471069605456085
4718d7_2019-10,0.9963226866550774
1996b0_2024-10,0.1262451123191575
5a0174_2022-10,0.9915314604183229
b416b1_2022-01,0.6369944816378194
259a19_2020-01,0.9796949055720292
d59611_2022-07,0.9125997879584756
14fe3a_2020-02,0.0175851677357503
b08ec1_2025-04,0.226819770350752
29849f_2015-03,0.0192058780928378
f4604d_2019-03,0.0188417261218556
6838b9_2023-06,0.8879001263222215
375f2e_2023-05,0.9046579628735556
fc9334_2022-06,0.9170623990795316
6224d0_2015-02,0.0150210333988289
4718d7_2019-06,0.892164799735777
b416b1_2025-03,0.4300248971444263
175155_2019-01,0.2286375658077358
db4cd8_2014-08,0.0231715520374035
f25ffe_2023-11,0.0118210382487467
8005b9_2014-11,0.0928622221379925
9af74c_2022-11,0.9664752100214984
987bc1_2019-11,0.8773316642590919
531356_2014-12,0.0282646415530573
e83244_2025-06,0.9953921150920382
fc77d0_2021-07,0.9933726330410868
375f2e_2019-12,0.1609161821773808
11f0e3_2023-03,0.1568206936558652
fc9334_2023-06,0.5829171096502399
fb737b_2023-05,0.0777340881613094
e60b65_2014-03,0.0309063604550246
8fabe0_2023-12,0.9978874227637692
8fabe0_2018-05,0.0575377424977651
1822ea_2022-12,0.9776329966104508
8005b9_2023-02,0.5320730197010876
bf6f0d_2018-06,0.0137878012104136
bf6f0d_2019-05,0.426375779546587
7a007d_2024-03,0.2436275458693924
022433_2024-09,0.0088523548052595
3a13b3_2017-06,0.1957892299612198
3a13b3_2019-01,0.7848580441786537
531356_2024-06,0.9826960729879206
e2314a_2016-02,0.045036835303226
6838b9_2020-07,0.6577565304560088
0ffc2d_2023-07,0.8115537028698199
f4d28d_2024-12,0.0072909041514182
4fb2d3_2020-01,0.9770397795791768
4fb2d3_2020-12,0.9608568049382774
e427f8_2025-01,0.1206952148413033
9befc8_2016-08,0.3656487353805213
9f1aa0_2020-12,0.0207297002076157
780a0b_2015-02,0.0238374257461911
0f9e86_2023-08,0.4894902194048257
af81b0_2023-06,0.0496683427335447
0ffc2d_2025-07,0.9766749399078888
6f5e2b_2023-06,0.973379663251624
db4cd8_2014-09,0.0207733281465392
db4cd8_2024-11,0.9564160188130276
d59611_2024-05,0.570594022346775
8005b9_2023-11,0.7876640371938356
b08ec1_2015-04,0.0394026532880644
dbb709_2025-01,0.1974447073993485
29849f_2016-08,0.1396429951330259
06534f_2019-10,0.6371279262406989
3a13b3_2018-04,0.9051547280004824
e2314a_2021-12,0.3611728362019878
e2314a_2023-07,0.9940521614144942
e83244_2021-09,0.9544532130924404
a42d13_2018-05,0.0109741126738235
375f2e_2020-06,0.9230098257040568
302d40_2024-11,0.8371470516911407
780a0b_2021-03,0.8967565816194283
0f9e86_2019-03,0.0205795667987662
7199cf_2024-02,0.0314836969037252
4718d7_2023-12,0.9980941347446232
e60b65_2024-11,0.8949696187304479
5a0174_2014-08,0.035483308624911
1822ea_2020-09,0.997930100587386
1822ea_2024-03,0.9314566694275171
14fe3a_2018-03,0.0518940042099188
d59611_2021-04,0.9686184495587484
af81b0_2023-01,0.7796939659630542
29849f_2017-04,0.2459630321027882
3a13b3_2017-02,0.5254539711047596
3a13b3_2024-02,0.6540704216986979
e2314a_2016-08,0.0767466222976994
e83244_2015-03,0.0074822571058638
532867_2025-04,0.025404414171905
987bc1_2025-08,0.9787054832797996
8e41cf_2024-09,0.9664014728344728
11f0e3_2016-06,0.328953575301389
a97df3_2024-08,0.948468819638738
9befc8_2017-06,0.1558701618961057
8fb6f0_2021-12,0.116797610478877
6224d0_2023-05,0.7452531610258034
6224d0_2023-09,0.9610977303225984
532867_2024-12,0.0170044597805072
8005b9_2020-05,0.9509808023856506
af81b0_2025-01,0.9447372322131512
29849f_2018-02,0.4263135261815006
c580aa_2025-05,0.9938055682764464
531356_2025-02,0.9712354182122024
e2314a_2016-07,0.0888832524388583
e2314a_2016-12,0.0096666180537043
e2314a_2018-10,0.010691604455049
e83244_2021-05,0.9913021841909064
e60b65_2022-08,0.9903719492685268
4ee2d2_2024-02,0.0589656658945444
424c1b_2025-02,0.0462552573075247
4fb2d3_2015-01,0.0159737754494743
8bd3ce_2025-06,0.9715222708797714
4718d7_2019-09,0.867206157088523
bc4c03_2022-06,0.423629373468336
259a19_2019-04,0.9590848283287202
259a19_2020-09,0.9449934044585674
259a19_2023-10,0.99775655306373
6838b9_2021-10,0.117685224952573
f25ffe_2024-02,0.0371113627783566
d59611_2014-12,0.1142147544074568
90abb1_2014-06,0.2234443746075987
34889b_2024-08,0.8281878701658978
fc77d0_2019-08,0.8456385001186261
7a007d_2018-11,0.546183211157231
06534f_2019-04,0.5398473770495867
531356_2020-09,0.9852800803166284
531356_2023-04,0.2660931143965827
90abb1_2025-01,0.9884152264949856
4fb2d3_2020-08,0.8652183288218814
11f0e3_2016-09,0.5880875712299161
11f0e3_2022-05,0.6886043833694369
bfbeef_2024-02,0.0678704510526108
0f9e86_2019-02,0.0205187191434261
90abb1_2023-11,0.1016530287079753
1822ea_2022-08,0.8703916705927647
b08ec1_2020-03,0.9614694251371692
b08ec1_2021-08,0.848658346435193
4fb2d3_2019-05,0.2005065991730408
06534f_2020-03,0.9931404689706772
3a13b3_2024-01,0.6252639955902741
b73bc7_2015-03,0.0129376099239073
531356_2020-01,0.5262953306986382
531356_2024-12,0.9756194709461384
e2314a_2016-05,0.0781167090067069
e2314a_2021-10,0.9623276472804844
6224d0_2017-04,0.0109876949652854
e60b65_2024-06,0.9070166134211688
a25664_2022-03,0.9906719412889484
a42d13_2014-03,0.0212873406417914
1822ea_2025-04,0.9711539148690111
375f2e_2020-09,0.2989782207771017
9af74c_2023-06,0.9294690587445392
987bc1_2015-03,0.0161951251878697
11f0e3_2021-05,0.0334670359987775
11f0e3_2021-11,0.0361226638235382
d86999_2017-05,0.5404699313310168
b26809_2024-10,0.4077804519345342
dbb709_2022-12,0.0354352459363836
fb737b_2021-12,0.540800130461135
6f5e2b_2025-03,0.9824547541157248
259a19_2024-04,0.7904366208635107
b416b1_2020-03,0.8831298211394965
77b3b9_2023-05,0.4480881033912979
90abb1_2022-08,0.8843030370772177
34889b_2022-12,0.7699484725147852
8005b9_2023-05,0.9572212745531216
265164_2023-08,0.0237898572616561
9af74c_2022-12,0.9430860698295126
9af74c_2024-05,0.9618047045679496
7a007d_2019-05,0.0604073844378814
06534f_2020-02,0.971052794887002
3a13b3_2017-03,0.8778740662508898
b73bc7_2014-10,0.150355629833096
531356_2023-08,0.9807377753317528
e60b65_2022-11,0.991657653276278
e60b65_2025-01,0.992259296079956
6838b9_2023-03,0.8870018636778345
a42d13_2015-01,0.0094626707258556
4fb2d3_2020-02,0.783874077097699
11f0e3_2019-10,0.050949376497929
e427f8_2022-10,0.6244198169505168
e427f8_2024-02,0.2701523130357925
9befc8_2020-11,0.8597568724953341
780a0b_2014-09,0.0199045981129467
8fb6f0_2024-10,0.2889483515748664
dbb709_2025-03,0.8528041950877333
29849f_2025-04,0.8722994872320295
0e8d73_2023-12,0.0342863900126415
1996b0_2025-04,0.6147535587927425
b416b1_2021-03,0.9769202643765892
b416b1_2022-04,0.1823862241412179
a42d13_2023-11,0.8942689055164786
db4cd8_2023-09,0.6453629687128951
1698cf_2023-07,0.980329192552182
34889b_2024-04,0.6153287757552164
8005b9_2022-11,0.1781633942575581
987bc1_2024-05,0.9670072272909084
545d15_2020-05,0.5572728946871242
06534f_2022-10,0.9239105651594612
f4604d_2024-10,0.9630028787273772
e2314a_2020-08,0.9903435506032772
6224d0_2021-12,0.9885373379016498
6224d0_2022-07,0.7994753856480346
fb737b_2021-07,0.8632211633243188
a25664_2021-09,0.8598316366648657
a42d13_2025-04,0.9551174022506492
90abb1_2024-12,0.9351236675159872
0ffc2d_2019-04,0.02897944123036
fc77d0_2022-08,0.8086164562716114
f4d28d_2025-06,0.1159738345185415
b26809_2025-08,0.8617827146141488
e60b65_2024-09,0.6876861295499372
f461d4_2019-04,0.7309553768172327
1698cf_2023-12,0.9977608313606048
d59611_2023-06,0.8332136240950976
90abb1_2014-09,0.0067183152220579
1822ea_2021-05,0.9904959420576586
b08ec1_2019-10,0.9963616924685228
92dcdd_2023-10,0.6570506529643642
c580aa_2024-06,0.990844561008342
b1de95_2014-11,0.0343022106559214
06534f_2023-02,0.8793107051657022
3a13b3_2018-12,0.0637927472950011
e2314a_2023-06,0.9210878554705484
a25664_2020-10,0.9011284243690876
265164_2024-05,0.011003176247037
4fb2d3_2015-04,0.0367261857532602
d86999_2016-02,0.4129713536340892
e427f8_2024-07,0.3271308614563243
dc4b5e_2025-06,0.899955094278345
f4604d_2016-06,0.0888415271064711
175155_2018-12,0.0258038435457028
90abb1_2021-07,0.8259293928827318
b08ec1_2023-12,0.1268405018588737
92dcdd_2020-02,0.0129683273015329
29849f_2019-05,0.3800188557175554
f4604d_2018-05,0.3409906289854953
e2314a_2022-07,0.9832198516355648
e83244_2022-02,0.2342243321965001
e60b65_2021-11,0.9910696539238162
77b3b9_2019-11,0.9443907124672172
987bc1_2020-11,0.9700604445616549
4fb2d3_2021-08,0.965003993119344
731908_2025-05,0.9101145709017852
bfbeef_2022-07,0.4037842166587395
9befc8_2019-12,0.0299195208463445
8fb6f0_2018-01,0.054834491442664
5a0174_2023-12,0.9876251704854672
259a19_2018-02,0.0517079930826449
6838b9_2023-09,0.6716814848290611
90abb1_2014-08,0.0871581711078072
bf6f0d_2018-05,0.0067862779480769
302d40_2025-08,0.3275079427997619
f4604d_2018-06,0.0556972729900612
e2314a_2017-07,0.1218544172346524
e2314a_2019-08,0.9722562039973714
6224d0_2022-09,0.1916896729900047
a25664_2020-07,0.992961021064109
a25664_2022-05,0.9403799808898288
90abb1_2021-12,0.3936862154549848
90abb1_2023-02,0.4821563620407614
fc77d0_2017-08,0.2947363093376958
987bc1_2023-06,0.9760339278429966
8fb6f0_2015-07,0.5891201555020656
b416b1_2014-11,0.0551672587422319
f461d4_2020-10,0.8139066807269403
bc4c03_2023-04,0.2819839011228133
6838b9_2023-10,0.3756887037310694
db4cd8_2022-02,0.8715583382493197
77b3b9_2014-12,0.0423715475506038
1822ea_2021-07,0.9906864807216936
375f2e_2023-04,0.8030225434977369
9af74c_2014-06,0.0481510817005478
bf6f0d_2019-07,0.789925734726714
af81b0_2016-05,0.0408076923615306
3db670_2018-06,0.0602369283862479
e60b65_2022-04,0.9912640970944572
6f5e2b_2022-07,0.9240227465219628
a25664_2021-08,0.9854217501968988
a25664_2025-07,0.9917514730586524
a42d13_2024-01,0.9934522381187818
f25ffe_2024-08,0.0286598873158796
9af74c_2021-10,0.9906332696026608
b26809_2023-10,0.7945481946799298
9befc8_2024-08,0.6514184218284917
8bd3ce_2023-02,0.383800009782396
0f9e86_2019-05,0.1497129949439535
531356_2024-01,0.9688566943255954
4718d7_2025-07,0.9729538347878686
fb737b_2025-03,0.166874623437813
5a0174_2022-09,0.8902719409969931
5a0174_2022-11,0.98964131383884
b416b1_2025-02,0.5562797297704999
f461d4_2014-07,0.0572356719781343
6838b9_2023-01,0.9880499485064038
6838b9_2023-08,0.9963183290725202
1698cf_2025-06,0.8896743729757498
d59611_2024-01,0.976113376788772
34889b_2015-01,0.013762431907786
34889b_2020-03,0.9300499253817246
34889b_2022-06,0.2298184269199229
8005b9_2019-04,0.0596981283748184
8005b9_2022-10,0.2105203894309311
8005b9_2024-11,0.0868883522116004
375f2e_2022-07,0.7617671988281741
92dcdd_2025-01,0.9923824179648304
06534f_2020-01,0.7647862365147955
b73bc7_2014-12,0.0290539118699162
5a0174_2023-10,0.9967151773902532
bc4c03_2014-12,0.0098280155864224
fc77d0_2015-08,0.0210821056950828
987bc1_2024-01,0.9898256352416878
731908_2019-01,0.0462707435330318
11f0e3_2017-06,0.3585214251035461
9befc8_2016-06,0.3174452468835562
fc9334_2023-03,0.2338414226792315
8fb6f0_2021-02,0.0354934039897668
dbb709_2022-10,0.2413221759205173
0f9e86_2021-11,0.9166419868410062
8fabe0_2023-08,0.9800015261587762
0e8d73_2025-02,0.0338845772968594
f461d4_2014-06,0.012803473420421
1698cf_2015-03,0.0073336585685475
14fe3a_2025-03,0.9561213285499676
8005b9_2024-12,0.3834133268004895
545d15_2020-07,0.0751554342189641
c580aa_2014-08,0.0196669165646152
022433_2024-04,0.0079739866517263
b73bc7_2025-07,0.995240247837703
e83244_2019-12,0.8990138107024662
e83244_2021-10,0.9505809313830348
e60b65_2018-10,0.0864013211988055
e60b65_2023-04,0.5082530021533881
4ee2d2_2024-10,0.0674546906765315
175155_2016-09,0.0412993802522677
f461d4_2024-07,0.9697139051215086
a42d13_2025-01,0.9948360774293415
1698cf_2024-01,0.980649512874807
fc77d0_2025-04,0.611969673503541
4fb2d3_2018-10,0.5693697352732167
d86999_2016-01,0.0209693999465579
b26809_2024-05,0.9815419211247092
b26809_2024-11,0.200333566889687
a97df3_2023-11,0.026294593498231
9befc8_2023-09,0.8012255160422753
0f9e86_2023-10,0.904793726801942
9cf1af_2024-06,0.3066389600818925
8e41cf_2022-11,0.2315097406243525
7199cf_2024-05,0.0427246120478977
6224d0_2023-12,0.9927815442971084
fb737b_2020-02,0.0221889951677769
8fabe0_2015-02,0.05425103694183
6838b9_2023-12,0.3238820377495373
b08ec1_2021-12,0.0247666626789444
265164_2024-10,0.046146260011467
4fb2d3_2025-04,0.6824948791077644
af81b0_2024-03,0.4576219995189754
06534f_2019-11,0.7597831874302222
531356_2023-11,0.9321386924776482
e2314a_2015-12,0.0060644628293579
e83244_2016-06,0.0739471608416854
e83244_2017-08,0.3386679810836339
77b3b9_2017-04,0.1424063029084371
e427f8_2024-08,0.4540805910653655
9cf1af_2025-08,0.1200809423708647
f25ffe_2024-05,0.0133728747559973
8fabe0_2024-05,0.9606744538279852
db4cd8_2018-02,0.0179992264120723
db4cd8_2025-02,0.8424242042401523
1698cf_2020-03,0.9664220333345525
77b3b9_2025-02,0.8487736436513446
d59611_2017-02,0.029578135643862
d59611_2024-06,0.7828854203474511
8005b9_2023-12,0.6486444571116731
b08ec1_2014-11,0.0131852213014983
545d15_2019-03,0.124769976323118
06534f_2016-12,0.4554099497825296
f4604d_2024-09,0.9886159029962698
531356_2019-05,0.0994593810124111
531356_2019-10,0.1444730951538921
6224d0_2021-04,0.9004262763116718
e60b65_2025-04,0.8264957967565828
375f2e_2025-07,0.9895178672394188
9af74c_2018-04,0.0045784076942278
11f0e3_2017-07,0.8050154808283286
e427f8_2025-07,0.2841424776195987
9befc8_2017-01,0.0043975734171154
dbb709_2024-05,0.4487996147456563
8bd3ce_2023-10,0.2638948699174833
0f9e86_2025-07,0.8557410396035076
5a0174_2023-03,0.985481896401478
175155_2015-04,0.0531571555059244
d59611_2021-06,0.9702261992556376
8005b9_2019-05,0.3446291427033585
92dcdd_2019-05,0.0044443697565763
af81b0_2014-11,0.0214432748903608
29849f_2023-10,0.9793126473961608
06534f_2023-03,0.9839822216780592
db5006_2023-06,0.8545891366263931
e60b65_2020-11,0.9807645877701492
a25664_2022-10,0.9948196959105804
77b3b9_2020-01,0.0211170784052333
77b3b9_2020-02,0.7504628219512588
92dcdd_2023-08,0.98834415206019
731908_2021-03,0.0182189430285461
d86999_2022-01,0.7149582410718267
780a0b_2021-05,0.1755844450854138
a25664_2024-02,0.9563978033819284
0e8d73_2024-07,0.3128061173989186
e60b65_2025-03,0.932221044481638
0874ee_2021-09,0.2823536744216445
8fabe0_2022-07,0.918868375671962
1698cf_2022-07,0.9847017775789524
d59611_2018-03,0.2140710312067592
d59611_2021-09,0.9312082876052517
34889b_2014-08,0.0274378189953972
3db670_2019-03,0.7411433681639658
3db670_2020-01,0.7631535157201522
06534f_2024-06,0.8684308445565853
b73bc7_2024-08,0.9741503528009626
e83244_2019-03,0.3964946434232033
6224d0_2022-05,0.988513642687792
4718d7_2024-02,0.8393491683870086
f4d28d_2025-03,0.1319765302702756
9befc8_2014-11,0.0037892975211983
9befc8_2023-04,0.0703560744521629
780a0b_2025-08,0.8845621444274911
fc9334_2025-01,0.5234071952080299
6224d0_2023-04,0.731574075808132
fb737b_2021-01,0.5496666883080127
b416b1_2020-09,0.953996363352722
f461d4_2025-07,0.9874138749272636
f461d4_2025-09,0.9942357655995816
6838b9_2024-09,0.2187554585603337
8005b9_2019-10,0.7170956646971526
7a007d_2019-02,0.2397828890022647
7a007d_2019-04,0.1400832184144904
3a13b3_2017-05,0.3298525498023512
e2314a_2021-03,0.9826474252067884
fb737b_2023-09,0.233734954020525
1822ea_2024-08,0.9239167354944752
4fb2d3_2019-09,0.5899557163486727
4fb2d3_2024-01,0.9957964511049046
731908_2025-02,0.0732964353538962
d86999_2020-02,0.2525514758511232
9befc8_2018-11,0.0568577905432506
9f1aa0_2019-07,0.112300300153012
0f9e86_2018-01,0.0542777148942848
0f9e86_2021-05,0.0358172085556294
0f9e86_2021-09,0.2955523367534907
8fabe0_2022-11,0.9800105451207888
6f5e2b_2014-09,0.0082541074364224
a42d13_2024-06,0.8886501619154048
a42d13_2024-04,0.730901768376916
77b3b9_2022-06,0.7693705542215237
d59611_2023-07,0.9785443311971944
90abb1_2019-05,0.7669488132628016
b08ec1_2024-03,0.3350360181526974
375f2e_2024-10,0.9968950049439252
375f2e_2025-05,0.9707390256741156
92dcdd_2020-03,0.0118265967426596
af81b0_2014-10,0.0038193327873481
545d15_2019-10,0.0308102049332231
29849f_2023-12,0.8458701822071257
b1de95_2017-02,0.8556968377711897
b73bc7_2025-06,0.9465393131200954
e83244_2018-09,0.051951604454119
8fabe0_2023-01,0.9817010655206404
90abb1_2023-07,0.8701042485198058
375f2e_2019-02,0.0062955095526776
9af74c_2018-05,0.0063152084894819
11f0e3_2024-04,0.237683099001625
d86999_2017-11,0.5419549457650324
9befc8_2024-03,0.0697351800051737
780a0b_2016-10,0.0178525762315347
b416b1_2024-10,0.6140021236991671
f461d4_2025-04,0.8724216259759763
bc4c03_2023-05,0.5159898990935299
db4cd8_2023-08,0.9885401901983712
b416b1_2020-04,0.988450848551612
90abb1_2022-09,0.7503524297763793
1822ea_2023-03,0.6823886750268833
8005b9_2022-12,0.6931370853333526
8005b9_2024-06,0.9486038146277124
375f2e_2022-09,0.3233033480964013
2167be_2025-08,0.4807669020734443
545d15_2018-11,0.0020456751372315
c580aa_2023-09,0.9584090075571108
06534f_2024-02,0.9911243661034568
b73bc7_2020-03,0.9846918552066528
b73bc7_2024-09,0.9958784881811156
e2314a_2018-08,0.5481418282442962
e2314a_2022-09,0.9962778657344508
8fabe0_2024-09,0.9964125552259642
bc4c03_2023-02,0.0659196733437804
259a19_2022-10,0.9910064181611344
a25664_2015-05,0.0776014848309046
375f2e_2020-01,0.8773208736143878
375f2e_2022-02,0.978950355037868
9af74c_2022-03,0.9988100046998292
92dcdd_2022-04,0.0725016062312703
b26809_2022-09,0.7710701609429294
b26809_2024-03,0.4270951500258472
a97df3_2025-01,0.1938585897538554
780a0b_2016-06,0.2106447417063648
dbb709_2023-09,0.5308926264344705
3a13b3_2019-02,0.7150169505937212
9befc8_2017-11,0.3187280111023479
8fb6f0_2016-03,0.0905140444353471
8fb6f0_2025-04,0.1102201853196005
780a0b_2022-10,0.7663579108257957
b26809_2020-04,0.9911361941739742
e7a56d_2022-12,0.4106414195077048
731908_2023-05,0.4273437953667648
bfbeef_2019-01,0.0024587647460008
d86999_2019-09,0.2529955295110335
b26809_2014-09,0.0360676318685937
edda84_2025-06,0.0801966365012552
780a0b_2024-11,0.0789895656391056
8bd3ce_2017-02,0.0280536411559531
18defd_2024-08,0.7379383988970101
fc9334_2017-06,0.0327395502571483
8e41cf_2015-02,0.0193193436145388
b26809_2021-07,0.1880450607686321
c48018_2024-01,0.5430919634062585
8fb6f0_2017-07,0.1133346976158663
bfbeef_2017-03,0.1808710366877305
b26809_2017-04,0.0059344400898912
b26809_2018-06,0.1801832489895374
b26809_2018-12,0.2584700659280909
18defd_2018-04,0.045115114797951
dc4b5e_2023-07,0.3493540440904634
b26809_2015-01,0.0065562194458361
e7a56d_2014-11,0.0506477642053357
780a0b_2021-06,0.0914396469668204
bfbeef_2024-08,0.9634889173252916
8e41cf_2019-08,0.3358008042222493
8e41cf_2020-11,0.6918016032427233
731908_2022-01,0.123332258871796
0874ee_2019-10,0.1554355980148883
780a0b_2019-03,0.0681742780060645
bfbeef_2020-07,0.5775634232614099
8bd3ce_2016-11,0.0211023306212772
b26809_2016-01,0.0700039080467972
18defd_2023-03,0.4915721521874422
c48018_2020-01,0.8752859788801841
dc4b5e_2022-10,0.0096290639574658
b26809_2023-04,0.2409331731923866
e7a56d_2024-08,0.9578883926164528
8bd3ce_2018-10,0.0053954919566068
8bd3ce_2020-07,0.4728053507952967
8e41cf_2014-11,0.0949038602805143
77e86b_2024-12,0.7587736236689928
8bd3ce_2017-10,0.0207753117517741
8e41cf_2015-11,0.0087368705930297
b26809_2017-03,0.0280663652472244
c48018_2023-06,0.8890827934812116
fc9334_2024-07,0.8531978738882445
8bd3ce_2020-08,0.7140752776740548
a97df3_2023-03,0.1413043490703538
bfbeef_2017-07,0.7181544394628412
8bd3ce_2015-11,0.0500924534434647
8e41cf_2016-12,0.0147419601255782
b26809_2014-11,0.0086249082717345
b26809_2019-12,0.4842018248601126
c48018_2024-04,0.5783445939009332
bfbeef_2020-09,0.7102994361829998
bfbeef_2020-12,0.300998887583994
8bd3ce_2019-09,0.2398854040436378
9befc8_2023-10,0.5505129992255722
8bd3ce_2017-11,0.0069415355150613
8e41cf_2017-09,0.277948560924767
18defd_2023-07,0.8252435866376444
8bd3ce_2015-12,0.0073216486927572
731908_2015-10,0.0417064806458117
bfbeef_2025-08,0.9788095697198816
780a0b_2021-08,0.0683167848245161
8bd3ce_2015-05,0.069217186090805
8bd3ce_2023-01,0.0533111828510063
731908_2025-03,0.1094667440302193
b26809_2014-05,0.0467661010479106
18defd_2018-06,0.0325981748674871
b26809_2015-06,0.3114802474373004
8e41cf_2015-10,0.0150058758940587
bfbeef_2019-05,0.1423938025963947
fc9334_2014-11,0.0222559003668865
fc9334_2016-02,0.027792826116681
8e41cf_2016-04,0.1502684883808004
8e41cf_2018-12,0.0189200819567867
780a0b_2018-03,0.2404284502208018
8fb6f0_2017-03,0.066954088666001
fc9334_2017-07,0.0657748292143469
bfbeef_2025-03,0.5104211529626018
fc9334_2014-12,0.002713314431472
8bd3ce_2020-09,0.6359168757935778
9befc8_2023-07,0.6595873658694925
11f0e3_2023-09,0.7572449422716712
b26809_2018-07,0.059076717850855
8fb6f0_2022-11,0.0343922257086722
b26809_2014-10,0.0156447943857936
b26809_2018-11,0.067465692317745
8e41cf_2018-08,0.2453804674642415
8e41cf_2019-05,0.420762750095768
fc9334_2015-07,0.0547927103191292
bfbeef_2018-08,0.1883296328174017
bfbeef_2019-09,0.4260734573273493
fc9334_2019-10,0.4960075345669095
9af74c_2014-07,0.1261966657826332
77b3b9_2014-06,0.1379931842123911
948a11_2025-05,0.3564752363196173
f500c5_2015-05,0.0396895886857516
bf6f0d_2017-01,0.0232849140171508
bf6f0d_2021-09,0.3832006680247053
b644ac_2024-10,0.1644955884193258
b644ac_2025-07,0.9092691688044584
bc4c03_2018-02,0.0052890419382391
b644ac_2025-04,0.0883434245495906
4718d7_2014-08,0.0433336319059448
bc4c03_2014-07,0.1007409399047109
6c1954_2020-02,0.0216817018954195
77c35f_2025-04,0.5678951321594755
9f1aa0_2018-04,0.0206195898374709
9af74c_2017-06,0.033681807410964
6c1954_2022-10,0.0407049633344034
fa8553_2021-11,0.0147771410048293
f1543b_2017-04,0.1795543272802808
f500c5_2024-03,0.9585384672912028
429b22_2025-07,0.02385249985706
fa8553_2023-01,0.3709455681329852
14fe3a_2018-12,0.0444347179734041
fb34b4_2023-08,0.0630074507076449
edda84_2025-05,0.1289218162447958
f500c5_2021-07,0.9803277516707056
77c35f_2023-10,0.5548445262735434
513080_2025-05,0.0784286689705373
b644ac_2024-08,0.6361848341067813
8fabe0_2020-10,0.98664589850477
db4cd8_2020-07,0.9973426244732104
1822ea_2018-06,0.024797842899939
bc4c03_2019-12,0.9815913810256937
9f1aa0_2024-09,0.9623813225710912
bf6f0d_2025-01,0.7715231341051044
6c1954_2022-09,0.0493220838190965
bf6f0d_2014-10,0.0095722090853908
6c1954_2022-03,0.1792464495212866
9f1aa0_2022-01,0.0070854439789417
bf6f0d_2023-07,0.8626411549668301
948a11_2023-08,0.1049948850595098
f500c5_2021-10,0.8310075293558745
510fbf_2025-01,0.0727970257009728
14fe3a_2016-08,0.3721635053768644
259a19_2025-03,0.9778423540388764
1822ea_2018-05,0.0178947823305042
fb34b4_2024-10,0.0781546980948011
fc77d0_2014-09,0.0297471154499047
9f1aa0_2021-04,0.021881110702952
f1543b_2017-02,0.0897250819725003
531356_2015-10,0.0536500395579167
510fbf_2022-05,0.1941043671575183
d59611_2017-01,0.0800342344785554
6c1954_2025-03,0.9150401320652736
fb34b4_2024-06,0.3328292763101011
948a11_2023-06,0.138780961487898
9f1aa0_2022-09,0.9702891271499124
6c1954_2025-08,0.9440210586862716
fb34b4_2024-08,0.5143570400597639
fa8553_2023-07,0.4924335763144706
510fbf_2023-01,0.0122443983993216
d59611_2019-10,0.1072044406969571
bf6f0d_2016-06,0.1859155890228342
f500c5_2018-04,0.2447572211693741
9f1aa0_2020-10,0.0707764727293058
db4cd8_2021-10,0.9792018861447866
f461d4_2021-09,0.9861685778492888
9f1aa0_2017-08,0.0727162934703297
9f1aa0_2018-08,0.2627878656741514
1698cf_2015-07,0.0587877628461061
6f5e2b_2014-11,0.026848200692881
9f1aa0_2014-05,0.0185316946095267
9f1aa0_2014-10,0.075362314050662
fa8553_2022-03,0.0430625806870215
259a19_2019-10,0.916395056313142
f500c5_2020-08,0.944018669995952
6c1954_2025-04,0.3749457550606802
9f1aa0_2023-01,0.3195613951483984
1698cf_2016-09,0.0265521934707552
4718d7_2016-11,0.0278542175485552
b07578_2024-07,0.4986554074273081
b644ac_2025-02,0.0326129213144091
6838b9_2021-06,0.2567008093495155
7bf5c9_2020-03,0.902563852312216
f1543b_2022-03,0.7481208421005601
9f1aa0_2014-08,0.0392619276042201
fa8553_2024-04,0.1629131091903024
f500c5_2015-12,0.8731279888259569
bf6f0d_2025-06,0.69869023867031
fa8553_2025-06,0.0423149732820628
b07578_2024-08,0.5591793060987277
259a19_2024-08,0.95324177783404
9f1aa0_2014-06,0.0359006174050765
302d40_2022-10,0.307224561967449
5a0174_2018-01,0.0317615044497855
9f1aa0_2020-05,0.2186642516952692
510fbf_2024-06,0.0719125095523324
d59611_2017-04,0.0264701638766347
1698cf_2016-08,0.0249801177626337
731908_2016-06,0.2419063360966639
bfbeef_2023-04,0.9901372938369908
11f0e3_2018-05,0.2633856067168721
780a0b_2019-02,0.1280056775818793
1822ea_2015-07,0.1169720044952252
e361b7_2015-11,0.1048605444125001
11f0e3_2016-04,0.070590810915866
bfbeef_2018-02,0.2427553085455523
0cecbd_2023-11,0.7254057894712055
9befc8_2016-04,0.2323074230987823
1822ea_2022-02,0.9835493825648406
9befc8_2017-04,0.5204699974010704
0cecbd_2019-11,0.5737869671954403
9befc8_2017-08,0.424653176810653
db4cd8_2015-08,0.3003786433066595
bfbeef_2016-12,0.2370850912094549
0cecbd_2023-08,0.7254724785168994
9f1aa0_2023-05,0.5668024488734413
0cecbd_2020-02,0.8807329883563637
bfbeef_2015-08,0.0812789112307542
bfbeef_2017-01,0.1871601142361082
0f9e86_2017-07,0.431497927171555
9befc8_2019-04,0.0266397108651788
375f2e_2020-04,0.99153262250212
780a0b_2018-11,0.2232624323992952
fc77d0_2023-03,0.6329452502887095
3db670_2019-02,0.2618785871240285
3a13b3_2015-04,0.0700676671880627
987bc1_2021-12,0.9596846941219158
e3af0e_2014-05,0.027682844520649
829a72_2018-02,0.0124115567825536
8fb6f0_2020-01,0.9076946543463582
e3af0e_2014-07,0.0404103144044026
e3af0e_2016-11,0.0160256805357575
e3af0e_2017-04,0.0860880905297966
98a151_2014-08,0.0226912955388911
60a0fd_2014-10,0.0230940514950381
a97df3_2024-12,0.9923268960466868
e3af0e_2014-06,0.0518288097676041
60a0fd_2015-01,0.0222247573641623
dbb709_2022-02,0.2497541907212407
dc4b5e_2019-06,0.0590310108479915
6c1954_2024-07,0.9052716446407112
a97df3_2022-11,0.0045912619010934
19fa84_2024-04,0.9167856320204882
1bdb97_2023-06,0.3780354721729532
cd0e60_2022-10,0.0545876241056694
e2e0ce_2023-11,0.7192603981120708
74fb1f_2025-02,0.6598472259093611
e3af0e_2025-07,0.983589584067676
f500c5_2016-05,0.111541540353705
e2e0ce_2019-04,0.0485902049243436
74fb1f_2022-08,0.3570927293645592
74fb1f_2024-01,0.9763262565752174
74fb1f_2024-04,0.8074381179684802
88a9a6_2023-12,0.8103059413053668
98a151_2025-07,0.9967700232715212
e3af0e_2024-11,0.9933068344195016
948a11_2025-06,0.2023493877586593
293190_2021-12,0.6091790936700493
74fb1f_2021-01,0.7087619564905301
74fb1f_2022-10,0.970244080527648
60a0fd_2025-06,0.9915697359254524
f500c5_2017-11,0.1178433406796793
90abb1_2015-09,0.337173351999174
94f933_2025-07,0.4780663029749435
f500c5_2014-04,0.0204248225956808
cd0e60_2022-09,0.6403131660862497
e2e0ce_2014-11,0.0035226840899594
2ab8ad_2020-08,0.3888680968815527
88a9a6_2023-07,0.7679976096812984
88a9a6_2024-01,0.8970158998528872
f500c5_2023-02,0.6914290907044989
f500c5_2023-03,0.7657293793130681
92dcdd_2018-06,0.0832812066617021
60a0fd_2021-01,0.9376567490819078
e3af0e_2025-03,0.9776929060170904
e2e0ce_2014-12,0.0231064303155694
e2e0ce_2021-06,0.2941889866328895
e2e0ce_2021-11,0.8958009943455856
c5df88_2021-08,0.9523835051230034
9b46ed_2019-08,0.0324874808721792
829a72_2023-03,0.460254516517883
293190_2021-08,0.6593724885443313
74fb1f_2019-01,0.0573653883488126
f500c5_2019-04,0.1328045128914178
f500c5_2020-10,0.955672595395905
f461d4_2021-06,0.9931392159308522
293190_2015-01,0.031126065261196
e2e0ce_2022-06,0.1840250962528113
c5df88_2020-03,0.7880628630269721
c5df88_2021-07,0.2449707454405449
88a9a6_2022-03,0.3961573663263667
9b46ed_2021-02,0.5774668313287707
829a72_2022-01,0.944267925584827
7bf5c9_2023-12,0.3843694145992107
f500c5_2019-10,0.8436233247953431
88a9a6_2024-04,0.627879781067567
e7a56d_2024-02,0.7642181540768457
9b46ed_2020-09,0.9656917753628717
9b46ed_2025-01,0.9596050195295174
60a0fd_2023-06,0.9956443197740636
293190_2024-01,0.9540823588754284
c48018_2024-05,0.8878605710904135
7aa803_2014-11,0.0084669304038864
9b46ed_2024-08,0.9633424190311576
e3af0e_2022-12,0.9008786246795092
f500c5_2025-05,0.9756898648836412
e2e0ce_2015-02,0.0369282801921341
e2e0ce_2022-09,0.5417346521771692
74fb1f_2022-01,0.6633047996166807
88a9a6_2022-08,0.6351904203195482
9b46ed_2021-11,0.9815314095408152
e3af0e_2024-06,0.8658139332223619
1bdb97_2024-10,0.1001430599809063
bf6f0d_2022-09,0.0483652528725176
6224d0_2019-04,0.4170390122065891
293190_2020-01,0.581883641888347
c5df88_2018-06,0.510922996158378
74fb1f_2025-06,0.4297695233413871
7aa803_2021-10,0.9279583695669408
88a9a6_2020-09,0.2973072768714687
88a9a6_2021-11,0.514253622003607
9b46ed_2017-12,0.2795555699474606
829a72_2023-12,0.9690795479938566
7bf5c9_2021-11,0.9828680415184764
f500c5_2023-05,0.9575230590231508
6f5e2b_2020-10,0.9032601058153245
a25664_2025-05,0.9719963959044496
e2e0ce_2021-12,0.9599888607579068
c5df88_2021-06,0.1373397079157175
7aa803_2022-02,0.1658035977711506
88a9a6_2019-03,0.2124645213053771
9b46ed_2023-09,0.6131062288519508
829a72_2019-04,0.1816476996419943
829a72_2023-04,0.7879819023774184
e3af0e_2024-09,0.9871458580473516
88a9a6_2022-02,0.2009413498806792
98a151_2023-04,0.991804576199106
2ab8ad_2023-12,0.8174915510334744
74fb1f_2022-09,0.1136369324346833
7aa803_2019-05,0.1028267395686584
9b46ed_2021-03,0.4826452163835937
db5006_2020-08,0.9939555964458504
7bf5c9_2014-09,0.0449432241802462
bf6f0d_2022-06,0.5180024919205664
2ab8ad_2019-01,0.0521443839577539
2ab8ad_2021-12,0.6580112080626412
7aa803_2022-08,0.7208687851398846
e3af0e_2019-02,0.4686905318039517
1bdb97_2025-07,0.119552189042366
829a72_2024-12,0.9961799138482944
60a0fd_2024-07,0.9624258252719988
cd0e60_2022-07,0.5215601544720743
175155_2021-06,0.9934157997803296
e2e0ce_2024-03,0.8804424758020614
2ab8ad_2021-08,0.9898415173321956
74fb1f_2024-03,0.9746944401967031
90abb1_2015-08,0.0536283151649579
88a9a6_2018-01,0.1894840886136351
e3af0e_2023-02,0.9384132554465592
293190_2021-10,0.4607446056726505
2ab8ad_2024-07,0.718134623279236
c5df88_2020-01,0.6025925747087315
9b46ed_2022-04,0.9374033804804768
1bdb97_2022-11,0.7074419118429829
b416b1_2025-07,0.9785573601802506
2ab8ad_2021-09,0.5015566516026175
88a9a6_2021-09,0.8863657794127457
98a151_2022-09,0.7595911861108315
f500c5_2022-11,0.9683505231093916
175155_2017-10,0.079048822953451
2ab8ad_2014-12,0.1105716356553394
7aa803_2019-02,0.1244855770865581
88a9a6_2014-11,0.0111661769117127
88a9a6_2014-12,0.0084080547454393
829a72_2019-05,0.1075119755442514
1698cf_2019-05,0.9255845637663416
db5006_2025-09,0.9962187418368216
1b9e65_2022-04,0.4216622531114148
4fb2d3_2023-01,0.9925724290274632
db5006_2021-05,0.9946004513694172
1b9e65_2019-02,0.4554778582693182
1b9e65_2023-11,0.7921876764411973
175155_2017-07,0.1813427990690118
022433_2021-12,0.0651094582553681
c48018_2015-03,0.0166538378162516
90abb1_2017-08,0.1529834547595015
a42d13_2014-10,0.0086212479933337
db5006_2020-07,0.915842680398394
b07578_2025-07,0.3324487351243972
db5006_2015-12,0.125117891255433
022433_2021-11,0.1129130367242404
022433_2022-01,0.2561899059706475
259a19_2020-07,0.5986882240145724
db5006_2022-04,0.3677638439721151
db5006_2023-07,0.932102268562492
db5006_2024-06,0.9694186941946752
db5006_2023-04,0.4820212895441602
1b9e65_2019-12,0.5822628636540822
e7a56d_2024-12,0.867157249851981
0ffc2d_2025-05,0.9514853882223596
db5006_2021-01,0.8428913235893946
db5006_2021-06,0.9918860509943698
1b9e65_2022-10,0.8407263320762551
e7a56d_2019-08,0.1461102947186782
4fb2d3_2020-09,0.9693212002267936
1698cf_2020-04,0.985589921036614
7bf5c9_2023-01,0.291668980470532
f461d4_2015-12,0.0178798368168251
1b9e65_2014-11,0.1314564711859925
29849f_2022-12,0.4503880256921721
6f5e2b_2022-09,0.9855397898265352
f461d4_2015-09,0.0387638017162686
a25664_2017-08,0.2008499808400873
db5006_2022-07,0.7937174676656522
5a0174_2015-10,0.0587609004435825
db5006_2019-09,0.5001902918602891
1b9e65_2015-03,0.0075067625468358
1b9e65_2017-08,0.2392487823644996
3db670_2015-07,0.1235264635957981
b08ec1_2018-01,0.1464054917819047
8fabe0_2020-11,0.9673156224737828
0ffc2d_2021-12,0.4756934589112894
f461d4_2018-02,0.1927444344492327
022433_2022-06,0.4131087712977671
1bdb97_2023-02,0.1259999435812681
bc4c03_2017-04,0.0339912681850754
db5006_2020-11,0.9406427458236112
175155_2017-08,0.3079758181959439
259a19_2025-01,0.8812489469520801
1b9e65_2015-02,0.016785362033227
3db670_2023-11,0.8635480442053234
1bdb97_2022-03,0.2520785695741531
4718d7_2017-06,0.0168114885114948
fc77d0_2014-10,0.0150503760157612
1bdb97_2021-09,0.2361527732951795
18defd_2019-07,0.8192294106644182
db5006_2015-04,0.0109624421461707
db5006_2023-01,0.7183765318813293
f4604d_2019-05,0.0400226400764957
1b9e65_2018-02,0.0637794975761629
0ffc2d_2021-09,0.0421345164357303
18defd_2019-06,0.9198430094011424
5a0174_2024-11,0.7545887489685239
c48018_2019-02,0.0861616589819295
439fde_2014-10,0.0664487299394997
894378_2023-01,0.6808130498185817
fd589c_2021-07,0.3516677011813026
c580aa_2023-03,0.9694985183555996
429b22_2025-02,0.0225497233506264
c5816f_2022-08,0.9856576903288716
8ec563_2024-10,0.8849558816000491
19fa84_2023-10,0.8690337381931558
439fde_2024-09,0.8029253129791148
c3a69f_2014-07,0.0159604030281211
8ec563_2021-10,0.0732537855425963
3db670_2023-03,0.993989135437436
c3a69f_2014-08,0.0179116632572429
1698cf_2022-02,0.6307468284749974
894378_2023-06,0.9397563184647738
c5816f_2022-01,0.1882140189802015
fd589c_2023-04,0.9016182936091532
6838b9_2024-04,0.1474148589063743
e4bc80_2020-12,0.8374611634990977
3db670_2017-04,0.980305252924031
b73bc7_2024-07,0.9934481357869996
439fde_2018-04,0.1434739518865442
19fa84_2022-01,0.0495135265453068
e361b7_2021-02,0.0793354213345004
7bf5c9_2022-02,0.8637762370043625
c3a69f_2018-04,0.1096864357294843
fd589c_2021-09,0.1103431060811138
b73bc7_2018-06,0.6814350666855092
7bf5c9_2023-09,0.9832160195855976
429b22_2025-04,0.0040821715770903
c5816f_2023-02,0.7157928408235378
19fa84_2024-02,0.9937886714285674
8ec563_2022-05,0.1506907845387712
894378_2023-05,0.9914866155520824
022433_2024-03,0.1011855622836336
fd589c_2020-03,0.8923766751634019
e4bc80_2023-11,0.8391899960506092
c3a69f_2022-03,0.8517681030492149
c580aa_2024-07,0.994620528001574
439fde_2023-06,0.4022759864953356
e4bc80_2022-01,0.0515809279580726
c3a69f_2021-10,0.9547556160896712
894378_2021-12,0.0091499124581362
8ec563_2021-01,0.2500930910331762
19fa84_2023-05,0.8259813196179452
e4bc80_2023-01,0.8615232649383082
c5816f_2021-04,0.8944130085574818
8ec563_2023-03,0.6976817867095334
8ec563_2023-11,0.8439296267400368
19fa84_2023-07,0.8134473768106557
022433_2024-12,0.0077800306090705
439fde_2018-02,0.5511217580137462
e7a56d_2015-09,0.2904632347328837
8ec563_2024-03,0.923444764553085
19fa84_2023-02,0.3263785482094012
b1de95_2024-02,0.9827834509689428
894378_2024-07,0.8828523092469568
e361b7_2022-05,0.1221118140374995
c3a69f_2015-03,0.060834277913989
894378_2023-10,0.9499618210738072
8ec563_2020-02,0.0259216440501322
fd589c_2019-03,0.1703275991918258
c5816f_2021-06,0.932377082325216
f1543b_2015-03,0.0049823294589711
6f5e2b_2016-12,0.3433728575826523
894378_2020-03,0.910654149346745
19fa84_2020-10,0.7336061727201298
f1543b_2015-02,0.0029298059117311
f1543b_2018-01,0.1512717027131594
3db670_2021-10,0.9887600376585014
3a13b3_2019-11,0.9713345024046528
fd589c_2023-05,0.9292188266761778
e361b7_2021-04,0.9802825186455012
e361b7_2024-05,0.9637533292480508
c580aa_2014-11,0.028035173577348
439fde_2023-10,0.3544152510790128
894378_2022-02,0.0152422128868321
894378_2023-09,0.7530123927653364
8ec563_2021-04,0.9737276039000614
8ec563_2023-08,0.8793031129641533
8ec563_2024-11,0.8748265319142199
e4bc80_2020-02,0.9530447910979496
259a19_2015-08,0.0907175636023716
74b7d1_2022-05,0.0429151887044255
d59611_2015-11,0.8699915119598817
4fb2d3_2016-02,0.0358569097179175
74b7d1_2014-12,0.0081157741386316
14fe3a_2017-06,0.1699704383994615
74b7d1_2022-02,0.0417070297959731
74b7d1_2024-02,0.9048583917299152
77e86b_2024-01,0.7593386659749011
74b7d1_2015-01,0.0117463326188374
bf6f0d_2024-04,0.6439158151611493
259a19_2015-07,0.0182378082189467
18defd_2015-09,0.6969005211749811
74b7d1_2022-04,0.1586902146461467
db4cd8_2015-11,0.098778914456542
cd0e60_2020-08,0.8224935839932469
7a007d_2015-10,0.3094034723669244
d59611_2016-09,0.0998000262976723
db4cd8_2017-03,0.0244953297644288
77e86b_2023-03,0.721828483990076
db4cd8_2015-10,0.2589022993603498
7a007d_2015-11,0.6282077614164516
98a151_2015-11,0.167522981182968
cd0e60_2020-02,0.0131695310734026
88a9a6_2019-09,0.0201254770541955
f1543b_2025-03,0.5869323727597051
f1543b_2022-12,0.8489916212096744
88a9a6_2022-05,0.928860190583914
f1543b_2022-10,0.9112867817268288
f1543b_2024-11,0.6273051199241624
f1543b_2023-01,0.8595793901536578
293190_2022-06,0.5573454918295401
74fb1f_2023-01,0.8880923825885468
7aa803_2019-03,0.1171828142454088
2ab8ad_2019-10,0.5390877206394964
c5df88_2020-04,0.8983990297510164
f1543b_2020-04,0.538662721152977
9b46ed_2020-10,0.994390416050802
f1543b_2014-08,0.0385735923462912
7aa803_2025-04,0.8951695908681144
c5df88_2017-02,0.1214794904560676
c5df88_2022-01,0.4475044027180763
88a9a6_2024-02,0.8671665000561273
f1543b_2016-03,0.0228352856795183
7aa803_2018-06,0.150314029083656
9b46ed_2024-01,0.9967917598067748
74fb1f_2020-09,0.9861942330690598
f1543b_2021-06,0.7728632120529455
f1543b_2022-04,0.9154276144929736
7aa803_2014-08,0.0167670148061655
9b46ed_2024-02,0.9969711024595486
f1543b_2022-09,0.993291674153915
74fb1f_2014-11,0.0067887170205073
f1543b_2020-12,0.3350751555000948
7aa803_2019-08,0.0065708894628605
c5df88_2020-02,0.8553924893797601
7aa803_2023-02,0.659192321169221
293190_2017-06,0.1451820756646997
f1543b_2018-03,0.0417638647055063
2ab8ad_2020-07,0.8072683813538643
74fb1f_2019-12,0.6614928651704748
f1543b_2017-11,0.0166525472585301
88a9a6_2020-01,0.4506057858336826
9b46ed_2020-11,0.9891682198749014
74b7d1_2018-01,0.0106858251590813
8005b9_2014-12,0.0420183476243359
b416b1_2018-08,0.763572423016821
77e86b_2022-06,0.107714808759914
94f933_2023-12,0.0693980707540763
74b7d1_2018-03,0.0084880457814037
2ed4f9_2025-05,0.0284835681047626
77e86b_2019-03,0.0616520269386772
94f933_2024-10,0.2775391085363189
bf6f0d_2023-01,0.9211251943917912
3db670_2023-01,0.9825234880577154
9f1aa0_2015-09,0.0903919415532771
e83244_2020-04,0.9800549237110374
2ab8ad_2018-04,0.7096886921560205
e7a56d_2017-07,0.051993815388403
e7a56d_2021-04,0.9740151762928702
e7a56d_2015-06,0.0771422343776346
d86999_2024-09,0.9243636733356256
829a72_2019-01,0.3631491697922977
77e86b_2022-09,0.3916429852292061
6da35b_2023-03,0.0479211624872192
98a151_2019-01,0.6393035839897068
829a72_2021-11,0.9654614124160762
6da35b_2024-06,0.2583500685191814
6da35b_2024-12,0.2714222453591754
74b7d1_2025-04,0.775565735745082
77e86b_2022-03,0.0465121867529549
7e646c_2024-03,0.1292913562835597
829a72_2017-09,0.1167199685285506
829a72_2024-08,0.9918631306843048
98a151_2018-05,0.0250758032874218
829a72_2021-12,0.8983520351174967
74b7d1_2014-10,0.0571761731563706
7e646c_2025-06,0.1682037066253893
7e646c_2023-01,0.0279762369162485
7e646c_2023-05,0.0357328004194573
ab32d7_2022-10,0.039533248790593
e3af0e_2023-07,0.9806640474530696
7bf5c9_2016-11,0.0500132100368374
98a151_2021-07,0.9982866327492396
b1de95_2018-03,0.847867880109271
cd0e60_2021-05,0.6800898958469025
74b7d1_2022-09,0.1215510858663723
98a151_2021-09,0.9971816890499018
e3af0e_2020-06,0.9677417750973478
0874ee_2018-06,0.1149965860503776
4f2b6b_2023-12,0.3928830560166806
74b7d1_2019-08,0.1687367413768591
829a72_2018-05,0.0237212050544181
6da35b_2022-12,0.0830354725329792
829a72_2024-01,0.936019363648698
e3af0e_2017-12,0.0468833645605446
98a151_2017-08,0.1515224830269407
98a151_2020-12,0.961762262309658
6da35b_2024-09,0.1771506368087701
77e86b_2019-11,0.416368076067154
6da35b_2022-11,0.0375389619580404
60a0fd_2021-06,0.9971833963515186
77e86b_2022-07,0.2086872932285446
6da35b_2022-09,0.0402875179821101
e3af0e_2019-08,0.5415184939417245
cd0e60_2022-03,0.3820962064836775
60a0fd_2023-04,0.991619078924968
77e86b_2021-12,0.095165485102428
74b7d1_2023-11,0.974311405951249
77e86b_2015-08,0.0070637633156738
0cecbd_2015-10,0.0058232231289835
c5df88_2015-11,0.0568881433508058
c580aa_2019-12,0.9376827933645908
b59bc0_2025-02,0.9428982202217956
b0ff51_2020-10,0.6488971473644601
b59bc0_2014-08,0.1284781886787998
b59bc0_2020-02,0.98863785979108
8d0588_2017-08,0.6090532235113306
b59bc0_2018-03,0.6474919569641934
77e86b_2018-12,0.0233707463673946
8d0588_2025-04,0.931930690072921
b59bc0_2020-08,0.9867222981068872
b59bc0_2024-10,0.988436550971266
b0ff51_2025-08,0.9907692510606758
b0ff51_2021-03,0.9814684667801664
b59bc0_2020-04,0.9640364083886724
8d0588_2019-05,0.4364207473107819
b59bc0_2014-05,0.0900831996342636
b59bc0_2015-03,0.0733640013317735
b0ff51_2014-12,0.1131498661821634
b0ff51_2017-11,0.5724466519657009
0cecbd_2018-10,0.4814368917803627
b59bc0_2022-10,0.9092162670100288
8d0588_2017-09,0.7041091517186555
b0ff51_2018-02,0.390405368138126
b59bc0_2022-05,0.8054647774794522
b59bc0_2025-01,0.9544860634401616
b0ff51_2022-06,0.7853020655730016
b0ff51_2023-04,0.8629677765404896
8d0588_2023-09,0.55805654827222
b59bc0_2015-07,0.1154409009656881
b59bc0_2025-07,0.8890058305842888
b0ff51_2023-11,0.5076986474933394
b0ff51_2024-07,0.9848226352760382
b59bc0_2014-09,0.0511106383938749
b59bc0_2017-03,0.7583884056364472
8d0588_2021-08,0.9940610351739754
b59bc0_2015-02,0.0565420839244871
b59bc0_2023-11,0.8015760909396396
b59bc0_2024-09,0.98899622973891
8d0588_2019-02,0.7652337908334161
b0ff51_2017-07,0.8835575820518151
b59bc0_2019-03,0.9055187035510194
b59bc0_2021-12,0.986410365261369
b59bc0_2022-11,0.8021817687617165
b0ff51_2015-03,0.194257681118925
8d0588_2024-02,0.9763618513777332
b0ff51_2023-09,0.5031354277985463
8d0588_2024-04,0.9516975914451992
b59bc0_2024-11,0.940303091921576
8005b9_2018-12,0.171618275719601
7a007d_2017-08,0.1447673024437875
259a19_2024-12,0.8831215296468375
f461d4_2015-04,0.0121358720728705
14fe3a_2017-07,0.1741101701742868
b416b1_2024-12,0.980592014526323
5a0174_2017-05,0.3065304460224576
545d15_2022-04,0.6600096336811745
545d15_2021-07,0.7910299826208482
74b7d1_2022-11,0.1522310270260758
ab32d7_2022-06,0.5902718895143774
439fde_2025-03,0.8432208192403118
ab32d7_2025-03,0.3936886233101951
5ecf9b_2025-01,0.0368277836309112
9b3bd5_2025-05,0.0744093947797184
545d15_2024-11,0.9930836433006848
c580aa_2019-10,0.9200931376674304
545d15_2022-01,0.6853421675888679
c580aa_2018-08,0.8425174975488829
8b98f3_2022-03,0.3374922264355735
545d15_2025-06,0.9924513690157905
545d15_2022-10,0.654005039442788
8b98f3_2024-12,0.0455695129975084
545d15_2022-08,0.6399641426472992
8b98f3_2022-05,0.4812266564290123
545d15_2024-03,0.983532351067966
545d15_2025-02,0.9939866861336852
545d15_2022-05,0.6531605952701198
545d15_2023-09,0.9840767498449898
ab32d7_2024-09,0.7332714163175961
5ecf9b_2024-12,0.0383433925991178
74b7d1_2015-02,0.0133461068037925
74b7d1_2021-07,0.9043176173516744
5ecf9b_2024-05,0.5238358302965597
ab32d7_2025-05,0.4869717763802172
8b98f3_2023-07,0.7010242002313145
5ecf9b_2023-01,0.0201941400429408
e361b7_2019-05,0.3229172227360323
5ecf9b_2024-06,0.6785900379007105
74b7d1_2024-06,0.9806462699983344
5ecf9b_2025-07,0.7236722731682229
8b98f3_2024-08,0.7753942803098833
74b7d1_2020-06,0.6811404501070407
1698cf_2016-05,0.2942348806155146
948a11_2024-04,0.0898645419845075
fb34b4_2025-02,0.6947485645424316
fb737b_2021-03,0.243704303158739
fc77d0_2017-04,0.0687858072389704
90abb1_2016-02,0.7121437641177824
894378_2016-06,0.3508994025444854
8ec563_2017-04,0.1355575323757415
b73bc7_2015-06,0.0578613105558759
06534f_2022-05,0.9626875080771068
fd589c_2016-03,0.2735415913267476
06534f_2017-03,0.8733616579261886
3db670_2023-07,0.9978825626997888
e4bc80_2018-04,0.1871423895344207
8ec563_2017-01,0.3418966452041543
e4bc80_2021-05,0.9686094895085258
894378_2017-02,0.5639677359659777
b73bc7_2014-03,0.0293448555891307
fd589c_2015-02,0.0948332869892819
8ec563_2015-03,0.0410690186813589
8ec563_2022-04,0.0177492303405481
c580aa_2020-05,0.8453392321010914
3db670_2020-08,0.9883377373668192
e361b7_2018-01,0.0515114502455506
8ec563_2016-12,0.3262858305140154
06534f_2021-02,0.8275074026346618
8ec563_2018-10,0.6896474509071356
3a13b3_2023-08,0.9952605145204376
894378_2015-02,0.0711750989887491
8ec563_2016-09,0.3787210942403244
c580aa_2016-12,0.5809111620879748
e4bc80_2019-02,0.0264820654734441
3db670_2024-11,0.9752274854437486
3db670_2021-04,0.8676468878856005
b1de95_2024-04,0.99557510598414
e361b7_2014-07,0.0668576900375747
e361b7_2014-09,0.0788257835940459
3a13b3_2016-07,0.0246177577743898
b73bc7_2016-01,0.4946405413578709
e4bc80_2022-05,0.8939797420406427
e4bc80_2022-10,0.6873092407310937
c5816f_2022-11,0.7907996707431418
19fa84_2015-02,0.1304144065694004
3a13b3_2025-07,0.99779192961435
06534f_2015-04,0.0367177807936197
894378_2020-02,0.1657130582620128
894378_2023-12,0.8931833800057539
b73bc7_2021-10,0.9122629539872834
e361b7_2020-05,0.9907153330306012
3a13b3_2016-04,0.1882934283259526
06534f_2017-07,0.8739091942606999
fd589c_2016-04,0.3664991735029455
e361b7_2018-09,0.4942709841924864
c580aa_2024-02,0.9875560953292458
8ec563_2016-10,0.3330915914308104
06534f_2021-03,0.7811800210021814
e361b7_2014-10,0.0266148930602489
c5816f_2017-04,0.2160722070050524
3db670_2016-06,0.3027565135154605
c580aa_2016-11,0.334718227286286
3db670_2015-06,0.06736871122608
fd589c_2019-06,0.1978630797400621
c5816f_2015-01,0.0727649344905934
c5816f_2019-05,0.3111990033751201
3db670_2015-05,0.0333628187910219
19fa84_2022-10,0.5108852171331673
f4604d_2022-05,0.9673237053602428
c5816f_2014-03,0.0469845761746813
90abb1_2016-01,0.699146781809476
3a13b3_2024-08,0.9979744438405792
e4bc80_2020-11,0.8821622330426795
e4bc80_2024-05,0.9985579899277108
06534f_2017-06,0.9177784156008651
4f2b6b_2025-03,0.010480888310287
8fabe0_2021-05,0.9894677765304076
19fa84_2019-12,0.8359359658362047
19fa84_2019-11,0.9327840996742016
6224d0_2015-12,0.0260527120445574
439fde_2024-11,0.599182075594996
db5006_2017-08,0.1311765466452394
c3a69f_2021-09,0.9631216179210204
e3af0e_2023-01,0.996461646598594
259a19_2018-11,0.4458419049959651
7aa803_2017-02,0.2925457781672673
9b46ed_2019-12,0.907018089178068
9b46ed_2015-10,0.0140461244645545
92dcdd_2018-09,0.1680058584652307
0874ee_2017-06,0.0895955764123465
8fabe0_2020-06,0.9928719726922218
1698cf_2025-02,0.7413575566024518
db4cd8_2018-09,0.6446093949541744
88a9a6_2018-04,0.5519138127508633
b1de95_2016-10,0.7217924771974978
b416b1_2021-01,0.936898014317952
f4604d_2022-09,0.9263007807428052
293190_2016-12,0.0210548251219471
b1de95_2016-06,0.1153525446206386
88a9a6_2020-06,0.9717229282510262
b08ec1_2017-07,0.0482494274825951
b1de95_2016-09,0.1348295609927228
e2e0ce_2015-05,0.1439253440726927
74fb1f_2016-05,0.0189541973777758
8fabe0_2016-03,0.0039991085455569
293190_2018-04,0.6365087511998166
1698cf_2017-11,0.0144374681307622
fc77d0_2021-02,0.894699349822819
b1de95_2017-09,0.0874265579066978
b1de95_2017-07,0.1207286376048761
c48018_2021-07,0.7070349403105887
0874ee_2015-08,0.631002828845395
18defd_2021-11,0.8382090311101159
c48018_2017-08,0.048034395648636
18defd_2017-07,0.0348224338413
1822ea_2016-04,0.1209977985155876
7aa803_2020-11,0.9814047476879
c48018_2017-11,0.0513409028623455
c48018_2021-09,0.7951773982867814
fc77d0_2017-05,0.3210278853087563
fc77d0_2020-06,0.9926985174029578
c48018_2022-10,0.9390398038981728
531356_2022-04,0.9782330509421856
293190_2018-05,0.2305708928122656
c48018_2017-10,0.053294745760765
6f5e2b_2015-11,0.1435180454889755
6f5e2b_2021-04,0.950280187845264
c48018_2016-05,0.1516573411802052
1bdb97_2025-03,0.0296575784037719
29849f_2017-08,0.5359239792711672
8fabe0_2017-11,0.0284607394623915
439fde_2019-10,0.3947931559185349
74b7d1_2017-06,0.0175051639338019
c3a69f_2014-09,0.0155969517626098
0874ee_2015-10,0.4837277645538892
439fde_2019-06,0.0831065205485914
87cfea_2019-12,0.0352526064741769
e4bc80_2015-10,0.0081640287417772
83894c_2022-04,0.5879109955886469
7aa803_2017-12,0.2903894957076958
60a0fd_2015-10,0.7948442762615268
e3af0e_2016-08,0.0230344839419514
4718d7_2021-03,0.9580434365363216
175155_2016-01,0.0733958818714661
f4604d_2015-06,0.0279688114871561
4718d7_2017-09,0.1757615346690806
f461d4_2021-04,0.9389306982810526
829a72_2020-11,0.8516054783396234
60a0fd_2017-01,0.0660162401079306
e3af0e_2016-01,0.0828954640932388
829a72_2021-03,0.8464898515901643
90abb1_2016-07,0.468133201355464
829a72_2021-06,0.862667106615853
98a151_2016-09,0.0159976277750377
5a0174_2015-07,0.0212892270732063
83894c_2020-09,0.0075534376409836
83894c_2025-08,0.4148495348157642
1698cf_2021-03,0.911321877806524
f461d4_2016-04,0.0254678650437686
87cfea_2022-03,0.6813927324812167
99c11c_2023-09,0.2068063876437381
829a72_2016-09,0.0222564348851805
87cfea_2020-09,0.0329202671417036
60a0fd_2015-08,0.1178402080670741
5a0174_2022-02,0.9865395096566238
259a19_2018-08,0.2498461081770526
83894c_2020-08,0.0123761629809182
83894c_2021-01,0.2828792989377596
829a72_2020-07,0.9169109055803862
4718d7_2017-10,0.1300337190924184
87cfea_2022-09,0.4913702630208664
98a151_2016-08,0.3147502861625501
6f5e2b_2015-06,0.0102343440774682
87cfea_2022-08,0.4214741152589156
90abb1_2016-03,0.4672000117949707
5a0174_2017-01,0.1652772235986564
7aa803_2017-10,0.2576265460533156
98a151_2016-04,0.5550877816510755
4718d7_2021-04,0.96821875613423
8fabe0_2016-06,0.0209785845250247
8fabe0_2018-11,0.8378519034145289
6f5e2b_2020-05,0.9918805593699618
829a72_2020-10,0.8711259721556903
d86999_2022-11,0.9599544851519352
9cf1af_2023-02,0.0137053803516249
3a13b3_2015-10,0.0229095534571396
14fe3a_2020-08,0.9605459020898496
8ec563_2018-11,0.7447452566149378
dbb709_2022-03,0.302558152707151
d86999_2023-01,0.983118734371536
d86999_2023-10,0.9889446003754108
db5006_2018-09,0.3995254416946887
14fe3a_2021-01,0.9825408010722972
0cecbd_2020-11,0.9937986182781402
d86999_2023-04,0.9784316049213282
77c35f_2023-06,0.0914912574879598
e4bc80_2015-06,0.0214824831609916
531356_2021-02,0.808026447649192
dbb709_2021-12,0.3217006021021541
439fde_2020-03,0.625965515371552
8fabe0_2015-10,0.0593621314826239
34889b_2016-02,0.5547651480191322
34889b_2015-11,0.6642830577804951
fc77d0_2015-10,0.1707859578438536
e3af0e_2020-07,0.9845454695058374
829a72_2017-05,0.1644203359929377
b1de95_2016-12,0.1040839244158878
829a72_2018-10,0.1800491930390387
77b3b9_2016-09,0.3243419704458846
11f0e3_2020-05,0.9776271768318372
c48018_2016-07,0.2365857853384652
e2314a_2020-05,0.9465383627307608
b73bc7_2021-01,0.0933421477333492
9af74c_2020-06,0.9982555355503796
375f2e_2016-12,0.0653045863174299
d86999_2022-10,0.9901587726953742
375f2e_2017-09,0.0456641450156627
1822ea_2025-09,0.9975643334636694
375f2e_2017-11,0.0354478733229991
9af74c_2016-08,0.3238443652309115
b1de95_2022-08,0.9520358307069592
bc4c03_2015-05,0.1644841575518216
9af74c_2020-07,0.9974014303614258
1822ea_2016-05,0.0296634703389001
bc4c03_2017-09,0.1572274557071194
77b3b9_2017-08,0.0309392137351024
375f2e_2016-04,0.2160505310041422
987bc1_2018-09,0.3913766672488252
d86999_2022-05,0.9658795742584312
d86999_2022-06,0.9136081495323608
2167be_2025-09,0.3104936468210507
99c11c_2016-09,0.004707710272275
83894c_2024-08,0.6610094953477936
7bf5c9_2015-11,0.1018562772103396
c3a69f_2020-09,0.9689768808241794
e60b65_2018-09,0.851990531706474
87cfea_2023-01,0.0314825823710222
99c11c_2017-12,0.0529674331121878
99c11c_2021-01,0.0081328581717037
99c11c_2019-08,0.0155538918791841
83894c_2020-03,0.4182128348009976
99c11c_2020-02,0.0029591610326097
99c11c_2023-08,0.4168662493573486
439fde_2021-05,0.9461435519783424
8005b9_2020-01,0.8526304993815527
87cfea_2019-05,0.2036083658311961
c3a69f_2020-08,0.9166220890657396
87cfea_2019-09,0.0750911833619366
77e86b_2017-10,0.2765293269469774
c3a69f_2021-05,0.8620714610165539
83894c_2025-04,0.1019282124196571
99c11c_2023-12,0.8641016114986529
439fde_2022-03,0.9850267573008542
83894c_2018-08,0.057814952508208
439fde_2023-01,0.982624790017678
439fde_2021-01,0.9585299636472132
83894c_2024-12,0.0720890246612419
c3a69f_2016-06,0.0234288309419431
99c11c_2020-01,0.0812053887646167
99c11c_2016-07,0.0131421487625505
99c11c_2016-12,0.1703229993395007
83894c_2025-02,0.3464504794541341
c3a69f_2018-08,0.0746337654143679
99c11c_2016-08,0.0071583723297951
99c11c_2023-11,0.2919811699879549
87cfea_2023-04,0.1992326735566895
439fde_2021-04,0.9303504128604336
83894c_2018-09,0.0213123168285905
87cfea_2016-04,0.0086272570927963
d59611_2018-07,0.8136451079028777
8005b9_2018-10,0.3181136906875447
0cecbd_2017-05,0.2516949451030195
c3a69f_2016-01,0.285469153808419
e60b65_2015-05,0.1325032038341585
e2e0ce_2017-07,0.3527817707299686
f4604d_2017-10,0.1318179268523732
bf6f0d_2015-03,0.0395655510096515
29849f_2020-06,0.9811413993984094
77b3b9_2020-06,0.992672777986852
b1de95_2023-06,0.9783723761142248
f500c5_2018-10,0.2874468988010362
06534f_2022-01,0.8839214496199236
b1de95_2023-02,0.9751828259268436
06534f_2021-09,0.8702795054985145
c5df88_2017-04,0.1947413317869968
b73bc7_2022-08,0.9894705556049372
bf6f0d_2021-03,0.4521017517214779
c580aa_2020-12,0.717321010876178
b73bc7_2022-10,0.9945912029300318
c580aa_2021-02,0.8924857761162127
b73bc7_2022-04,0.9860867004752162
88a9a6_2018-10,0.1771113880158444
948a11_2023-11,0.1029529925622465
6224d0_2015-07,0.0426472771628445
fb34b4_2023-11,0.0476450523593003
c580aa_2022-10,0.9560585423811756
f500c5_2018-07,0.1835119504891544
8d0588_2016-02,0.0549360386471339
77e86b_2021-02,0.9112662354190364
77e86b_2021-09,0.9294064817350484
99c11c_2017-04,0.0197673447204136
77e86b_2016-09,0.0115089100520884
74b7d1_2015-08,0.0302054395200008
77e86b_2016-12,0.027277369213024
77e86b_2020-06,0.9472914326717752
77e86b_2016-03,0.0326799816494151
99c11c_2022-08,0.9716796555330878
83894c_2023-07,0.7038150723625136
8fabe0_2021-02,0.9982492704299404
83894c_2023-06,0.6070956658478289
83894c_2022-11,0.8631689972577283
83894c_2017-06,0.057370982953171
87cfea_2018-07,0.3244526262684868
6224d0_2018-11,0.9889191283467544
99c11c_2018-06,0.0550770386682082
af81b0_2017-03,0.0282808449140502
513080_2025-10,0.941244134483736
77b3b9_2025-09,0.998687316257082
6838b9_2020-04,0.2977760893443408
fb737b_2020-05,0.2475375828796405
af81b0_2016-08,0.0283719950497176
7aa803_2018-08,0.4861643329629611
cd0e60_2023-07,0.1290648221665136
2ab8ad_2018-09,0.3903125838871023
c5df88_2015-07,0.0450575785865898
cd0e60_2025-05,0.9609868963365747
3db670_2016-01,0.0192282400688712
829a72_2016-01,0.0725922610059685
cd0e60_2024-03,0.8236313600561855
4718d7_2015-05,0.1299111666134745
c3a69f_2017-12,0.643592525559216
c3a69f_2017-11,0.6387841954251084
829a72_2015-09,0.2264876038702719
19fa84_2017-07,0.1446645404135782
439fde_2016-01,0.0204100884250631
88a9a6_2017-07,0.3562099225097843
439fde_2016-03,0.020270257798484
77b3b9_2016-02,0.0168577158271974
1698cf_2015-05,0.0495880100506782
d86999_2024-03,0.9767376330853712
4718d7_2016-08,0.3023000209335966
0874ee_2016-09,0.937648738959154
88a9a6_2018-09,0.4681803597071754
dc4b5e_2021-02,0.9389362161018092
dc4b5e_2021-08,0.9297791405476132
34889b_2017-09,0.0517508762456111
dc4b5e_2020-09,0.9491634247340868
9b46ed_2016-10,0.1365160856957173
7aa803_2016-12,0.7039742821813748
a97df3_2021-10,0.7972995195433374
dc4b5e_2021-10,0.9390768373625246
e2e0ce_2017-03,0.0375605965194815
34889b_2020-07,0.9560771723471224
c5df88_2018-09,0.3774569339976806
9af74c_2016-04,0.2267823325447456
9b46ed_2017-07,0.2008210515104594
34889b_2016-04,0.0528362288028105
a97df3_2020-04,0.5618097090899788
3db670_2021-07,0.9974240680732286
74b7d1_2016-03,0.0476569777333469
99c11c_2025-09,0.9699190370773978
b73bc7_2017-11,0.8695361011882976
a97df3_2020-06,0.6020666145151761
e4bc80_2016-02,0.8045533279211272
3db670_2022-01,0.950564029053824
e4bc80_2016-03,0.0471857555670115
3a13b3_2018-07,0.3993232618653584
1b9e65_2017-05,0.7300181945999523
375f2e_2015-08,0.1874307548870762
1b9e65_2024-07,0.9987772845095144
74b7d1_2015-09,0.2773167131146278
0874ee_2017-11,0.5118342360531055
0874ee_2020-04,0.9193837564786784
7aa803_2016-01,0.0574460629856935
af81b0_2021-09,0.9947612582842214
af81b0_2021-11,0.994748885608063
bf6f0d_2016-04,0.1164228359344895
af81b0_2022-03,0.9953252450025768
fb34b4_2022-12,0.0400478350729699
fb34b4_2023-01,0.0457158203728242
4fb2d3_2016-06,0.0757921420569175
fc77d0_2015-11,0.0934240371052748
9f1aa0_2015-08,0.1172158995967338
4fb2d3_2016-07,0.0509515357290173
fb34b4_2022-02,0.1051000848220921
db5006_2016-06,0.3214353340042546
0cecbd_2016-02,0.1026618547231721
db5006_2016-07,0.276316372118092
1b9e65_2015-11,0.0131828164221518
5a0174_2022-03,0.9791142238085014
6f5e2b_2022-02,0.9933499030790418
0cecbd_2016-03,0.0986564309824329
92dcdd_2018-07,0.1458003158718324
92dcdd_2025-09,0.9875927881534908
fd589c_2015-09,0.1571844517307245
fd589c_2020-05,0.9612644594543694
439fde_2015-07,0.0516782785119538
fd589c_2020-10,0.9452723435886664
fd589c_2015-11,0.3887368347039145
fd589c_2018-08,0.3880026061750194
439fde_2015-09,0.045359538228614
db4cd8_2020-04,0.9977784282977432
6c1954_2020-10,0.4547554952877669
987bc1_2015-12,0.0065616582842444
987bc1_2016-01,0.0056460551934285
6c1954_2020-08,0.3812867466923821
74fb1f_2016-10,0.5049631043380279
293190_2017-08,0.1388674287817432
293190_2015-10,0.2779782207819434
74fb1f_2016-06,0.068599099197788
e2e0ce_2015-11,0.0859989291560974
7aa803_2016-08,0.0097060473416918
88a9a6_2016-09,0.0224789893945841
c5816f_2018-07,0.6954062734952856
9f1aa0_2025-09,0.9821632822669796
f1543b_2025-09,0.9913547255913772
19fa84_2016-11,0.0331660975725763
894378_2016-09,0.1415426445849655
19fa84_2016-09,0.0514097728640534
8ec563_2015-05,0.0261569805337124
19fa84_2016-04,0.1636561723519307
e7a56d_2016-03,0.5165319665044028
fd589c_2016-11,0.0759545141958134
8ec563_2015-08,0.0341733202723519
0874ee_2021-02,0.5336795675202063
894378_2016-08,0.159526937596173
894378_2016-11,0.0994684085288275
bf6f0d_2015-11,0.2122372951562371
b59bc0_2017-07,0.1583159892450191
b59bc0_2016-07,0.7510598925713999
b644ac_2024-04,0.1016383188639929
83894c_2016-11,0.0327403792274766
83894c_2016-10,0.0240758923699471
83894c_2016-06,0.0383525083250276
83894c_2016-07,0.0369490930627741
83894c_2016-12,0.0292498382159373
4fb2d3_2025-09,0.9976398571254554
a42d13_2020-10,0.9840119778475048
a42d13_2020-08,0.9811527334676028
6838b9_2018-11,0.0381688760435794
a42d13_2020-03,0.9818089354282168
c48018_2016-02,0.1152564982992702
c48018_2016-03,0.040674263400817
a42d13_2021-04,0.987016776811541
a42d13_2023-02,0.9931188642491224
a25664_2016-11,0.0624474904991006
6f5e2b_2016-02,0.1741610246998206
e60b65_2016-11,0.1865394464864294
1b9e65_2020-11,0.9745845467441538
4fb2d3_2017-09,0.1512343718547142
1b9e65_2020-10,0.967843910540803
531356_2015-06,0.0265398153257257
894378_2020-08,0.8478119165555037
c5df88_2015-06,0.0494920036237963
175155_2017-12,0.1094216629849939
d86999_2020-10,0.9171184304943034
375f2e_2016-02,0.1977440777492493
29849f_2016-03,0.117322711240576
b416b1_2017-09,0.5548595599321314
29849f_2017-11,0.0591632792333611
531356_2021-06,0.9778301464199542
531356_2021-09,0.9806241343901112
29849f_2015-07,0.2312479669898626
1822ea_2017-01,0.4385902331431033
531356_2021-08,0.990500788183874
1b9e65_2015-06,0.1909102695031502
6838b9_2017-11,0.3322899982826622
f4604d_2020-05,0.7626596563454621
b73bc7_2016-02,0.2907128674059107
29849f_2016-10,0.0416447830163601
b73bc7_2016-03,0.1982759570772522
c5df88_2024-09,0.9797608165112416
c5df88_2025-11,0.9787742555129392
293190_2025-09,0.9833930457007748
b08ec1_2016-10,0.0246878135690985
c5df88_2020-06,0.968868290530358
7aa803_2025-03,0.9941601667292403
c5df88_2023-12,0.9942660196939872
2ab8ad_2016-08,0.0506455282064571
b73bc7_2017-12,0.3778132083886704
c5df88_2021-10,0.988223507862282
293190_2025-11,0.9833930457007748
b08ec1_2016-09,0.1064659267784488
293190_2015-07,0.0111533151856711
293190_2018-11,0.3599002685112126
f4604d_2017-01,0.2035967151946056
88a9a6_2016-04,0.1510155203333411
c5df88_2025-08,0.9787742555129392
293190_2025-03,0.9735290521032556
293190_2025-07,0.9847783134208944
c580aa_2014-03,0.037060808960541
9af74c_2015-11,0.461643709676691
9af74c_2016-01,0.3754072730062113
7a007d_2017-12,0.9390812368345672
b416b1_2015-08,0.0223901878346393
18defd_2015-05,0.0340190045332172
b08ec1_2015-05,0.2587692972714005
7a007d_2023-09,0.9707238470830656
e7a56d_2016-05,0.017961112515267
e7a56d_2016-09,0.0147581278111924
7a007d_2015-07,0.0196038851549376
7a007d_2015-05,0.0237421925260947
7a007d_2017-11,0.2763042029164186
7a007d_2022-02,0.8987606926424321
7a007d_2015-08,0.011635254585997
7a007d_2021-02,0.4693092697914506
7a007d_2022-03,0.8529975152072662
7a007d_2022-09,0.9570491325161304
8d0588_2020-05,0.9757711658188272
8d0588_2018-09,0.9723132806230635
b59bc0_2018-09,0.986752606633624
8d0588_2016-09,0.4982835028216292
e60b65_2025-09,0.996926503056789
ab32d7_2024-03,0.3010303682871233
439fde_2023-08,0.3240438628140397
c3a69f_2024-03,0.5534475804355508
f4604d_2015-08,0.0133372678586524
77e86b_2021-11,0.1515866259884578
c3a69f_2023-12,0.2120714455018512
77e86b_2022-02,0.0244294316188178
77e86b_2025-04,0.903638691612322
77e86b_2015-07,0.0287520882460344
74b7d1_2023-10,0.9891264207292914
74b7d1_2015-03,0.0036396996026319
74b7d1_2024-05,0.9781783881562484
439fde_2025-07,0.908303059253058
1b9e65_2022-09,0.7726570928327998
439fde_2023-09,0.2526758179057194
c3a69f_2025-08,0.9064912512381132
c3a69f_2025-07,0.8666602467863943
8b98f3_2023-09,0.7933407568944073
77e86b_2019-06,0.0504068722861828
77e86b_2024-07,0.8781912017796858
77e86b_2015-01,0.0026802278194015
c3a69f_2024-04,0.8133346080200173
74b7d1_2022-01,0.0439157608023314
2ed4f9_2025-04,0.0263942287992813
8b98f3_2023-08,0.908048181415176
77e86b_2015-04,0.0092199123018902
8b98f3_2024-05,0.6945647725218826
c3a69f_2022-02,0.0355279762911456
c3a69f_2014-11,0.1231155547020938
302d40_2025-01,0.211465068391004
fc9334_2022-09,0.2874590718343534
8e41cf_2021-10,0.7521765278947903
b26809_2023-11,0.0863871062170013
f461d4_2019-05,0.7418224484299544
259a19_2018-06,0.1357985437907097
2ab8ad_2022-11,0.4085928331984846
7aa803_2025-06,0.9124351870909754
9b46ed_2021-07,0.9325126147180056
829a72_2025-08,0.9945741208468296
bfbeef_2024-12,0.1053650180921383
98a151_2019-03,0.1122820703786209
77c35f_2024-03,0.217387078598157
829a72_2024-06,0.9728270289109874
dbb709_2025-02,0.1638818328226919
d86999_2020-03,0.9857057791021572
fc9334_2015-05,0.0664091387699077
fc9334_2022-10,0.190449573596703
8e41cf_2018-04,0.037037371589922
6224d0_2019-03,0.3792371104074924
a25664_2015-01,0.0180600679112993
293190_2021-11,0.7646401035722706
293190_2022-09,0.5908047406937763
e2e0ce_2016-08,0.016365207310709
e2e0ce_2016-09,0.0252111673638727
e2e0ce_2025-06,0.6592064227868463
74fb1f_2015-07,0.0077806447698357
9b46ed_2019-09,0.0252964128017895
d86999_2017-04,0.2597994755910246
829a72_2023-10,0.988420799481094
fc9334_2017-04,0.0477260435391087
d86999_2018-02,0.0238532303844598
780a0b_2018-12,0.0872434874265422
fc9334_2016-09,0.0388639734945004
0874ee_2021-07,0.3098436914462495
fc77d0_2024-11,0.9939259212095148
fb737b_2025-04,0.7090915257188335
c5df88_2022-02,0.0835747978531799
7aa803_2021-01,0.7492266864895389
7aa803_2022-01,0.2239658238266828
7aa803_2025-01,0.8421649209544342
88a9a6_2019-01,0.0834892949662349
88a9a6_2024-06,0.6454953383737069
9b46ed_2015-08,0.012558020109823
9b46ed_2023-04,0.924763971774429
60a0fd_2024-08,0.990044525608474
d86999_2022-09,0.9759400924874646
d86999_2023-09,0.9876788049966736
4fb2d3_2018-04,0.0199709567628924
74fb1f_2019-05,0.1640479138282726
7aa803_2022-10,0.5391866363281578
8fb6f0_2025-03,0.0955243196380642
fc9334_2019-07,0.3181198860440937
9cf1af_2022-01,0.4850947941642232
fc9334_2016-11,0.0165625401916745
fc9334_2021-09,0.2304870985346838
8fb6f0_2022-07,0.9939508304760702
8bd3ce_2024-06,0.8680048635503257
8e41cf_2023-06,0.7749616576430983
8e41cf_2024-03,0.2203609124013558
e60b65_2015-01,0.013429650580104
bc4c03_2021-09,0.7243896665971551
2ab8ad_2023-06,0.6451561867404596
74fb1f_2023-11,0.7777086110697542
88a9a6_2017-02,0.3380030086184084
88a9a6_2019-04,0.0170650117344844
0f9e86_2025-06,0.8733615334453891
77c35f_2022-10,0.5847294439025509
b26809_2016-12,0.0138639474707773
b26809_2023-07,0.9042271585584788
bc4c03_2022-03,0.9926340594451032
9b3bd5_2025-06,0.0838552312161845
293190_2014-11,0.0089420791530013
e2e0ce_2015-07,0.0627602871961991
2ab8ad_2025-08,0.4916803346846333
c5df88_2014-10,0.0088901076632281
9b46ed_2018-06,0.6407532250497949
9b46ed_2019-06,0.0131380937070205
829a72_2024-05,0.8965787600069717
60a0fd_2022-12,0.8697493757269296
d86999_2022-03,0.9589479563988078
0ffc2d_2019-08,0.0400122568045147
8e41cf_2015-03,0.0035304522558643
731908_2016-02,0.0550791066243402
293190_2024-05,0.915008214342186
e2e0ce_2022-07,0.316779395840883
2ab8ad_2022-04,0.3121643585345865
c5df88_2015-01,0.0180499343088681
c5df88_2021-09,0.688532391692231
c5df88_2022-05,0.9493849534355552
9b46ed_2018-12,0.0619063434109394
8fb6f0_2020-03,0.9319043251477752
dbb709_2024-01,0.2688986713755859
9befc8_2022-06,0.6664117012466344
60a0fd_2021-04,0.925272453193622
fc9334_2025-08,0.7901870302407051
fc77d0_2022-03,0.6238015948644907
f461d4_2019-08,0.7798302327812948
293190_2017-02,0.4659858504103846
e2e0ce_2024-11,0.477682040617062
88a9a6_2021-04,0.526196665026641
88a9a6_2023-01,0.7036862723983247
0f9e86_2022-12,0.1826896862731787
8bd3ce_2025-03,0.202328909878922
11f0e3_2021-12,0.0928425795522758
b26809_2017-02,0.1094568160157811
b26809_2021-05,0.1474883455039953
9af74c_2023-10,0.9785484391126996
6224d0_2019-07,0.8992879370063461
175155_2025-01,0.9871917628076116
293190_2014-09,0.0406670089904679
293190_2019-06,0.3206516772737057
293190_2021-07,0.9537501595402668
74fb1f_2025-05,0.8275863605170074
8e41cf_2024-04,0.3163062683704111
98a151_2022-06,0.953283722693188
e427f8_2022-03,0.293519154365266
302d40_2023-03,0.0819479075420843
d86999_2025-02,0.5516116749244595
8bd3ce_2018-03,0.0219708112207544
b26809_2022-07,0.820162814659637
74fb1f_2020-12,0.5136004841374365
74fb1f_2021-12,0.3650717124793303
11f0e3_2023-04,0.0425728293099584
d86999_2019-08,0.989352153720386
fc9334_2018-11,0.0022025455099592
8e41cf_2024-11,0.3358547418250601
b26809_2021-12,0.0334464352492028
9b46ed_2015-03,0.0820344049428332
9b46ed_2024-11,0.7544880867253169
e2e0ce_2019-01,0.2153677241681726
780a0b_2020-03,0.1491800689777314
77c35f_2023-01,0.1119294107017735
e427f8_2023-04,0.5163035955559101
d86999_2015-07,0.0765961906065236
8bd3ce_2025-08,0.8366921327622544
8bd3ce_2024-03,0.2502292072351333
8e41cf_2022-07,0.3495058308507812
b26809_2014-06,0.0366290562222893
e2e0ce_2024-12,0.8737899037915497
60a0fd_2022-05,0.9707343917730612
8bd3ce_2015-01,0.0642864156760644
b26809_2022-04,0.0803756062021657
b26809_2022-08,0.8715095091007954
8fabe0_2019-01,0.3711100884716418
e2e0ce_2019-05,0.0867075387303386
74fb1f_2018-06,0.2574367657268034
77c35f_2025-07,0.3966954041254066
829a72_2018-03,0.1946623631375199
dbb709_2024-11,0.5512398642544727
60a0fd_2024-09,0.97912840705778
d86999_2024-06,0.960237035393894
8bd3ce_2023-12,0.2916123227147023
8e41cf_2020-02,0.2338310413700133
8e41cf_2022-09,0.4725274042361165
8e41cf_2022-10,0.0834897612327791
b26809_2022-03,0.0398339109241222
14fe3a_2019-04,0.125759304094586
987bc1_2022-02,0.3414315408373784
e60b65_2018-01,0.1442559767743694
a25664_2017-02,0.1789076817184669
e2e0ce_2023-10,0.8348587672333178
c5df88_2018-03,0.0795824612831693
3db670_2015-01,0.0035471438472473
780a0b_2025-01,0.4424802485220496
0f9e86_2022-04,0.0463054047143711
bfbeef_2023-02,0.8193594550035165
9cf1af_2025-03,0.79399935509639
d86999_2017-02,0.04785681638772
d86999_2018-04,0.0633865355333053
d86999_2020-01,0.968533765054846
780a0b_2019-05,0.4198091866247255
8bd3ce_2017-03,0.101229055276125
b26809_2024-06,0.8312137516494059
987bc1_2015-01,0.0171033706922701
987bc1_2020-08,0.8640421820470897
a42d13_2018-01,0.3903790142354396
e2e0ce_2016-07,0.013087322238261
d86999_2023-08,0.9881477725438488
8bd3ce_2020-03,0.398881280140854
8e41cf_2025-05,0.9759007323126354
34889b_2019-02,0.5076752048329792
fc77d0_2022-12,0.97138493503526
a25664_2025-08,0.9806430308680754
293190_2020-12,0.4874435209500558
e2e0ce_2023-04,0.7905761747140367
2ab8ad_2022-10,0.9652835250981436
9b46ed_2025-04,0.7432124244154211
11f0e3_2023-07,0.7036068592471536
98a151_2022-07,0.7817566205595898
8bd3ce_2015-09,0.0259722546211553
60a0fd_2022-03,0.995833619671092
d86999_2018-07,0.0598341569336881
d86999_2023-03,0.9841971588417284
8e41cf_2021-08,0.1373205789334977
fc77d0_2023-04,0.5352419470063425
9af74c_2023-07,0.9134465904592368
259a19_2019-05,0.8985263206860031
e2e0ce_2017-08,0.4019794645417268
2ab8ad_2017-03,0.0963323904997128
2ab8ad_2022-01,0.9475306639536945
88a9a6_2020-12,0.545227858871318
9b46ed_2022-09,0.2787610876994433
9b46ed_2023-11,0.7246630415873356
829a72_2019-07,0.9590840115635102
dbb709_2022-05,0.2374892268726245
e427f8_2023-03,0.4827105896827046
b26809_2016-06,0.0967795685268108
8bd3ce_2020-12,0.4761555308886456
b26809_2015-04,0.0431748624698484
b26809_2020-12,0.011423433464678
fc77d0_2018-05,0.0044966470258594
987bc1_2024-12,0.8577421650271317
293190_2018-02,0.1740152607178572
e2e0ce_2018-10,0.4164202052370994
7aa803_2018-12,0.2263389768398332
7aa803_2024-11,0.9933338692227
829a72_2025-06,0.9942139803933197
8bd3ce_2019-07,0.2063716684302644
e3af0e_2023-09,0.9985281576395704
a25664_2024-12,0.9882397114763036
293190_2023-09,0.781177535927972
9b46ed_2023-06,0.7883396472026049
9befc8_2022-05,0.8374096602497628
e3af0e_2025-04,0.9417586031404234
bfbeef_2022-12,0.1560754697309371
fc9334_2017-10,0.0080963799207976
9cf1af_2022-03,0.4416767983006827
e427f8_2022-12,0.0642724339941299
b26809_2015-12,0.0087122488304297
fc9334_2023-09,0.7609976736385418
8bd3ce_2018-06,0.0345775780422494
8bd3ce_2021-04,0.0124298696246352
9af74c_2019-06,0.5881759366223619
1698cf_2019-02,0.0693648575614848
1698cf_2019-09,0.7139218716326051
bc4c03_2023-01,0.2071482761730201
2ab8ad_2020-12,0.5650919195397703
c5df88_2022-08,0.5114240219506351
c5df88_2022-09,0.5527484094744344
11f0e3_2025-08,0.9063055236154672
77c35f_2022-09,0.5059646080727949
d86999_2017-03,0.1089036669061729
d86999_2024-12,0.939786613498039
fc9334_2015-03,0.0083553048774988
b26809_2024-07,0.7679174714559491
db4cd8_2019-05,0.0883341196260336
293190_2017-05,0.0795703717652339
74fb1f_2021-09,0.3872679056231549
88a9a6_2018-12,0.0379899847623226
9b46ed_2025-03,0.993149111475454
780a0b_2024-06,0.843251542135528
9befc8_2023-08,0.9738894989000192
d86999_2019-01,0.7827523097310255
dbb709_2022-07,0.1895581623474324
d86999_2019-11,0.5048038429495085
b26809_2022-11,0.0717599333202841
8bd3ce_2024-01,0.2164726223051936
b26809_2021-11,0.0140177219695769
265164_2023-10,0.0225350773911766
1698cf_2018-12,0.0379882055450406
e60b65_2024-05,0.8238835888920552
a25664_2021-11,0.9895901403670064
293190_2023-11,0.7886043334968281
88a9a6_2015-01,0.0093169212961011
88a9a6_2016-10,0.0408219190404446
88a9a6_2023-02,0.5983168564370684
9b46ed_2022-11,0.7495622181387654
e2e0ce_2019-09,0.0214717209672612
60a0fd_2025-03,0.9741654019370558
d86999_2016-03,0.6518724299822419
98a151_2021-03,0.977899072174954
9cf1af_2023-09,0.5531614674053792
9cf1af_2024-04,0.7312026572452986
9cf1af_2025-02,0.7755706752700203
6838b9_2018-12,0.0283593637297824
293190_2018-06,0.61107561323714
293190_2021-05,0.9742832482047588
c5df88_2021-11,0.9476349878942556
9cf1af_2023-10,0.6690476385334642
265164_2023-09,0.0143670807765152
f461d4_2018-12,0.1096927823069115
293190_2015-02,0.0219763545584509
c5df88_2014-12,0.0536588227578471
c5df88_2016-02,0.0911821237230781
74fb1f_2023-03,0.6331816313851899
98a151_2020-10,0.975541111154526
d86999_2025-04,0.9474553005747202
fc9334_2017-05,0.0271070247951937
fc9334_2022-04,0.0621209701644042
fc9334_2025-07,0.9371320479763402
8bd3ce_2017-04,0.0250447845889105
b26809_2019-05,0.8428812160296126
7aa803_2021-04,0.3943799818699419
780a0b_2020-08,0.9294678979459442
510fbf_2024-09,0.9510907738848862
9befc8_2015-06,0.0185692128324915
fd589c_2017-03,0.2430824252710881
c5df88_2015-12,0.1932403820917784
731908_2023-03,0.1173298552389751
8fb6f0_2014-03,0.0091623845100448
c5816f_2019-08,0.7656089990390975
8ec563_2024-08,0.782376183292504
8ec563_2025-03,0.908035739555274
e361b7_2022-12,0.926343098319044
9f1aa0_2014-12,0.0442056392420975
9f1aa0_2021-12,0.0293039657714455
8ec563_2022-11,0.5721530045206893
fa8553_2025-01,0.0484475552455823
bfbeef_2022-01,0.0965493750557091
894378_2019-09,0.0092715555462241
c5816f_2021-01,0.3037808849520039
bc4c03_2024-06,0.9364401802586784
780a0b_2019-11,0.1166817421936872
8fb6f0_2023-05,0.2457840812863652
9af74c_2018-06,0.0364184148370373
9af74c_2022-05,0.3836842353722876
513080_2022-06,0.0399445226629976
9f1aa0_2021-09,0.9768938770474856
bfbeef_2015-10,0.0106563085987236
8fb6f0_2020-12,0.3505327345096336
c5816f_2022-09,0.495568983083788
c5816f_2023-05,0.9202613053933062
8ec563_2021-09,0.0254459842736548
fd589c_2020-02,0.0379169811770063
bc4c03_2024-07,0.9243182937377814
513080_2023-01,0.0123551930602793
fa8553_2023-05,0.1282517590886021
fa8553_2025-05,0.0563228413080745
510fbf_2022-12,0.0404598020801225
bfbeef_2023-11,0.1361545619727051
8ec563_2022-12,0.9487180544342246
19fa84_2020-02,0.145813386120221
fd589c_2019-01,0.0500685112195228
e361b7_2022-01,0.9702162958439806
c5816f_2021-05,0.970183246919924
fd589c_2018-01,0.5023988644416438
bc4c03_2025-05,0.9354923429308406
9f1aa0_2024-12,0.1406007981843675
8fb6f0_2015-05,0.1210602127184779
c5816f_2022-03,0.2114286703098198
c5816f_2025-02,0.9355754713618836
19fa84_2020-03,0.4193039260562239
513080_2022-05,0.0090371165048286
780a0b_2016-01,0.12051162295904
c5816f_2024-11,0.9455768632737273
8ec563_2014-12,0.0233192527684647
9af74c_2018-12,0.829155488451964
9af74c_2019-01,0.414206237985897
731908_2015-07,0.237342058387036
894378_2019-01,0.1469133010844505
19fa84_2019-09,0.983580184346764
e4bc80_2018-05,0.1111463459786572
e4bc80_2023-10,0.954141186824262
894378_2023-07,0.9455946767523598
894378_2024-12,0.9736784266691062
c5816f_2024-08,0.8693004321188432
731908_2014-10,0.0185583374077443
bfbeef_2021-01,0.878886279274718
894378_2018-03,0.1388452448602254
c5816f_2025-07,0.9038800954353682
fd589c_2021-10,0.7125491772662068
e361b7_2021-12,0.2541404318271546
e4bc80_2021-08,0.0544272828213336
e4bc80_2021-12,0.032427441149706
9f1aa0_2024-06,0.8312030152612359
c5816f_2022-07,0.2099847163573237
8ec563_2019-06,0.3664691851536023
fd589c_2023-08,0.9818565423374798
510fbf_2022-10,0.7638542587854259
8fb6f0_2014-09,0.0417759576388729
c5816f_2021-03,0.9604345987034296
6c1954_2024-11,0.5508745270711807
e361b7_2023-11,0.7685034099074247
513080_2023-03,0.2099420874747488
fa8553_2023-08,0.5171805225692911
11f0e3_2015-08,0.0161553127255779
8ec563_2024-06,0.9314733480449112
19fa84_2022-05,0.4198870818203229
e361b7_2022-08,0.4522334240578336
77b3b9_2025-07,0.999206169671887
9f1aa0_2022-11,0.9985594825587876
731908_2020-03,0.9008424964386664
894378_2024-11,0.9074971164204728
8ec563_2023-01,0.7122430781832183
e4bc80_2022-02,0.0192043227181412
9af74c_2024-03,0.9987799883409648
bfbeef_2016-03,0.2528697994618768
8fb6f0_2016-01,0.012724680251033
894378_2021-11,0.0678346337467428
894378_2024-03,0.9281921271647928
894378_2024-10,0.9470221048272062
c5816f_2024-04,0.9054373481062676
19fa84_2020-11,0.7620008788956643
19fa84_2023-01,0.7108125010006223
9f1aa0_2018-02,0.0582755841506794
fa8553_2022-04,0.0458482366464604
510fbf_2022-07,0.0300465349565981
531356_2021-12,0.9653439217331166
c5816f_2020-03,0.6135302999609877
8ec563_2024-01,0.9368373392675116
19fa84_2025-05,0.9414831862967912
fd589c_2024-02,0.861686594080228
e4bc80_2022-04,0.0736962925028329
9f1aa0_2020-09,0.1780527959720537
fa8553_2022-08,0.1021680488473545
894378_2024-04,0.9565643160106272
c5816f_2018-05,0.6090484710913916
19fa84_2015-03,0.0659662277150777
e361b7_2022-06,0.3097150388952723
e4bc80_2024-12,0.9604693939315988
e4bc80_2025-05,0.9857263451800404
e361b7_2020-02,0.9900055472977788
77b3b9_2024-11,0.9986073324932784
513080_2024-06,0.0914536637014759
e4bc80_2021-07,0.2272622318373255
9af74c_2024-01,0.7595549952974086
9f1aa0_2024-03,0.161040770636899
731908_2015-08,0.2232066494581331
894378_2021-03,0.9214346938063654
8ec563_2024-04,0.8304688506045595
e361b7_2025-05,0.9624988689070804
9f1aa0_2020-01,0.049771395967715
9f1aa0_2022-03,0.0334194132738186
731908_2014-08,0.0356657517092135
19fa84_2024-03,0.9559223795323004
e4bc80_2019-03,0.0482248685123031
e4bc80_2019-04,0.1023452504933097
6c1954_2019-09,0.0432920363345652
510fbf_2024-12,0.0667073552785055
e4bc80_2020-10,0.9152075671209716
bc4c03_2019-02,0.0220755216666037
9af74c_2025-04,0.9739763966241296
9f1aa0_2015-05,0.769814276770325
bfbeef_2025-01,0.3239120240521579
8fb6f0_2020-02,0.6288276190598528
894378_2019-03,0.0886065305797398
83894c_2019-10,0.015838048442417
87cfea_2022-04,0.8900640056778193
9befc8_2024-10,0.9936030687235248
4f2b6b_2024-11,0.0739399641209116
77e86b_2022-12,0.4800912709663923
99c11c_2024-02,0.8777657214993042
8fb6f0_2024-05,0.6214413134026576
0f9e86_2016-08,0.390802861682257
9befc8_2017-05,0.216252988238657
f500c5_2019-02,0.0586008779966188
83894c_2022-08,0.41144712932919
9befc8_2019-06,0.3250897002283163
f1543b_2024-08,0.9222460071723704
f500c5_2025-01,0.932294487420243
11f0e3_2016-12,0.3288167445259162
780a0b_2021-10,0.0812808979504011
0f9e86_2021-12,0.0996248139727041
0f9e86_2025-03,0.0644964346871743
7bf5c9_2018-12,0.0087881065571471
87cfea_2024-02,0.1220735047614158
7bf5c9_2021-04,0.9909801056372352
3db670_2018-02,0.0985402725873018
99c11c_2021-11,0.1354438956068505
99c11c_2024-03,0.2213332814717035
0f9e86_2018-10,0.4854874199569888
9befc8_2020-04,0.9916792964852972
f1543b_2023-02,0.133895171510224
c3a69f_2023-05,0.7541668686956468
0f9e86_2016-12,0.00627268915772
0f9e86_2017-01,0.0339593719289688
7bf5c9_2022-09,0.9947813483993568
f1543b_2018-02,0.0276591053763579
87cfea_2023-03,0.1653187283527947
87cfea_2024-11,0.8692520971666616
11f0e3_2018-11,0.06237895258755
780a0b_2023-11,0.8295116337473732
731908_2024-05,0.9930818541177784
9befc8_2022-11,0.1425046102575857
9befc8_2025-01,0.2264618780412813
f1543b_2024-03,0.7537181794829564
83894c_2024-09,0.8143879800421364
731908_2024-02,0.1976689611097865
99c11c_2019-07,0.0084825234082358
8fb6f0_2025-06,0.4736393188523389
0f9e86_2022-05,0.976991469133444
87cfea_2023-08,0.4186082971701826
731908_2018-09,0.0259501084895295
731908_2020-09,0.942849925692459
11f0e3_2020-08,0.9951166733059916
11f0e3_2021-09,0.0822715182480439
780a0b_2015-09,0.0583296901962171
780a0b_2019-01,0.0202320909092293
8fb6f0_2017-10,0.0010523470365024
7bf5c9_2021-08,0.9196601503426216
f500c5_2020-12,0.3061868675302169
f500c5_2024-11,0.9870303884712276
c3a69f_2019-11,0.4807570050208096
8fb6f0_2021-09,0.9947464215608508
9befc8_2025-02,0.133976594957986
f500c5_2022-09,0.998617601413697
c3a69f_2023-02,0.9700935407425096
87cfea_2023-05,0.1969751858100734
780a0b_2018-10,0.1183442730140545
8fb6f0_2019-04,0.1663774232968206
7bf5c9_2021-10,0.8771898472394953
4f2b6b_2024-06,0.0515705625803528
9befc8_2018-07,0.1164527877985675
f1543b_2023-08,0.4963613074416217
f500c5_2018-02,0.4096189217397856
f500c5_2020-05,0.4077805410648801
f500c5_2025-08,0.9967078186642944
6838b9_2019-06,0.0886295571789508
87cfea_2019-01,0.0289111135288495
731908_2017-07,0.1290631486872951
731908_2017-11,0.0054032481731888
731908_2018-06,0.0847915665409885
731908_2024-11,0.6799698157245461
780a0b_2025-06,0.480563837146934
8fb6f0_2015-02,0.0172369470584252
8fb6f0_2020-11,0.1976756570713884
7bf5c9_2021-07,0.9617493466893836
f1543b_2021-04,0.2316299432721806
b1de95_2019-04,0.5100223522645113
8e41cf_2019-12,0.6597300728226829
780a0b_2017-10,0.0279137281877874
8fb6f0_2018-12,0.0348635418284388
0f9e86_2021-01,0.0564546356322682
0f9e86_2023-04,0.0928306334322548
9befc8_2016-09,0.2123587380318558
9befc8_2016-11,0.1329690602360176
9befc8_2017-02,0.0068371714174202
8fb6f0_2016-10,0.0151970322695096
f500c5_2020-11,0.336778896170834
f500c5_2023-06,0.977507038113146
87cfea_2020-12,0.0328800995534975
731908_2023-07,0.4263998257618038
11f0e3_2020-03,0.8992741195238066
8fb6f0_2019-02,0.1330302178296276
8fb6f0_2022-10,0.3894879963568557
8fb6f0_2017-08,0.0304918770561547
0f9e86_2017-11,0.1601875903831568
3db670_2019-06,0.8909840413123561
731908_2023-10,0.8627366385125151
0f9e86_2020-12,0.8355501976999875
f1543b_2024-05,0.9560888863960828
f1543b_2025-05,0.9945626200352072
1b9e65_2025-02,0.7254580274276794
87cfea_2020-11,0.0237342906077467
87cfea_2024-07,0.6680228976776467
8e41cf_2020-08,0.9483297876370412
780a0b_2017-11,0.0108082743946989
780a0b_2022-06,0.7349721769599975
7bf5c9_2019-03,0.6417713777899969
83894c_2022-10,0.8225961924422813
8fb6f0_2023-06,0.8826858882160274
7bf5c9_2024-06,0.9938820645112628
f1543b_2024-06,0.9598777523939148
fd589c_2018-07,0.5125071645400412
e7a56d_2018-04,0.0957013542845313
e7a56d_2024-06,0.951397443525574
4718d7_2025-02,0.6895300918522861
f461d4_2024-10,0.9766492197604358
d59611_2019-12,0.2759194230714151
14fe3a_2018-01,0.0311821286975394
1698cf_2016-03,0.156955971100558
8fabe0_2019-04,0.7333679703412896
b416b1_2015-03,0.0495323544588597
b08ec1_2025-06,0.8828480081834102
34889b_2023-10,0.083196959845457
894378_2015-08,0.0384197163609289
894378_2015-11,0.0166964687231771
8fabe0_2024-06,0.8091022811452971
d59611_2023-10,0.0487646517141091
d59611_2025-05,0.7591179702474784
34889b_2022-02,0.2751567144771862
14fe3a_2019-03,0.1417060388438068
c5816f_2017-02,0.6572855900140633
60a0fd_2019-04,0.2723403386657411
18defd_2023-04,0.8189917309651948
5a0174_2020-03,0.9846456505170548
14fe3a_2024-11,0.6649022422747326
fc77d0_2025-07,0.9935474321472644
77b3b9_2015-03,0.0278183029481374
14fe3a_2022-11,0.9298452905328382
c48018_2019-03,0.721106854496225
894378_2015-06,0.0105299580285823
894378_2015-12,0.0172350490317623
e60b65_2015-09,0.0213624348823025
e361b7_2022-04,0.0802726149882974
c48018_2025-06,0.8587089947142006
b416b1_2019-01,0.0119772559377346
b416b1_2023-10,0.3102372191509616
db4cd8_2020-08,0.9967823528468548
b08ec1_2022-07,0.1820574723026726
fc77d0_2025-02,0.8562801986697034
bf6f0d_2023-08,0.9903749327670508
4718d7_2014-09,0.0113657382809869
19fa84_2017-08,0.055927058056658
8fabe0_2022-03,0.9580271373163336
6224d0_2018-06,0.1477666931053585
894378_2015-04,0.1268970832514809
e60b65_2015-10,0.2608319120987234
e4bc80_2020-08,0.9759321058748324
18defd_2018-12,0.2130723034388888
5a0174_2014-07,0.0549304089671125
0874ee_2019-11,0.55318166227108
34889b_2023-11,0.1402180545807744
b08ec1_2024-07,0.5708648046673739
db4cd8_2022-01,0.9844007287311652
b08ec1_2024-05,0.3528277200827536
90abb1_2020-03,0.995016624622676
e4bc80_2015-03,0.050408832912332
14fe3a_2024-12,0.9862137625294064
db4cd8_2024-10,0.9894283614630393
19fa84_2015-06,0.0059927959909169
e4bc80_2017-12,0.1787899162370793
e7a56d_2018-02,0.1105953394089663
e7a56d_2018-03,0.3741593749905086
8fabe0_2024-10,0.9559274121879984
77b3b9_2023-04,0.2683840147093572
bf6f0d_2022-07,0.6835413140298352
fc77d0_2019-09,0.4337991161588737
c5816f_2015-04,0.0543863829328355
c5816f_2015-11,0.1205848100973548
c48018_2019-04,0.8894088725280664
4718d7_2021-01,0.9117396562764088
db4cd8_2024-12,0.9949824890277652
175155_2015-03,0.0040339588852685
14fe3a_2023-06,0.9408406576216248
b416b1_2017-01,0.3136215680635497
f461d4_2014-04,0.0289658317298897
6838b9_2024-11,0.8702655579751409
db4cd8_2014-05,0.0187932658800412
14fe3a_2021-11,0.9162428057623574
259a19_2022-08,0.9362919120807592
0ffc2d_2019-11,0.0104978768148429
c5816f_2020-09,0.3374779937157047
19fa84_2025-03,0.883188074151756
e4bc80_2014-11,0.0994844658265137
259a19_2015-03,0.0052644219297022
8005b9_2025-07,0.9835208590155128
06534f_2019-03,0.4231821903952198
5a0174_2024-10,0.9604925568006614
1822ea_2015-04,0.0304203493152947
e7a56d_2015-04,0.0667360134384846
4718d7_2018-03,0.2341860265226637
f461d4_2022-04,0.8483953246550338
d59611_2014-07,0.0113355939644537
0874ee_2020-09,0.6380614705527953
175155_2019-09,0.5002897947061704
e4bc80_2017-07,0.0720710268250183
e7a56d_2018-05,0.4023777676242034
18defd_2015-03,0.0265242263430859
18defd_2023-06,0.8914671822813599
d59611_2019-11,0.205219780828811
d59611_2023-12,0.9824241413432776
14fe3a_2022-03,0.9804314601124632
8005b9_2015-01,0.0577167068776207
06534f_2018-02,0.7127212204648713
5a0174_2020-12,0.9153702836206816
6838b9_2019-05,0.0162989677507295
375f2e_2019-08,0.377155093297102
18defd_2025-02,0.7294454747458325
b416b1_2024-02,0.526744353617417
db4cd8_2024-05,0.8443504033057971
8005b9_2023-04,0.4122117145706826
bf6f0d_2025-05,0.9761949343834302
894378_2016-04,0.0861781022508626
c48018_2019-10,0.6932950908846515
d59611_2022-10,0.8343474895152316
14fe3a_2022-02,0.9692557856826222
9af74c_2019-02,0.1557203768334847
77b3b9_2025-04,0.9191400920657676
e7a56d_2021-01,0.9881218046096468
18defd_2018-01,0.2308372606754583
18defd_2020-02,0.4360515375401028
5a0174_2018-03,0.2476848841308084
8fabe0_2018-06,0.195312785319553
6838b9_2018-05,0.022096381622133
90abb1_2020-02,0.9981926169212436
14fe3a_2019-11,0.0895585815524564
e7a56d_2025-04,0.9157288908446606
4718d7_2019-11,0.8374553587824066
8fabe0_2020-03,0.9867467325530416
34889b_2021-11,0.887429783463317
14fe3a_2014-09,0.0424109549096669
14fe3a_2018-02,0.0108585692156865
8005b9_2024-09,0.925432682896678
a25664_2018-06,0.0688266820421909
1822ea_2022-09,0.6468335494598925
19fa84_2018-10,0.1905370844671659
e7a56d_2025-08,0.8700256017327008
18defd_2019-09,0.8333174698409046
f461d4_2014-08,0.0332688945423631
14fe3a_2024-03,0.985495509332198
8005b9_2022-05,0.5086154217959586
8fabe0_2014-09,0.0113604386931638
fc77d0_2019-10,0.6222724941887713
2167be_2025-07,0.4554397717131152
c5816f_2018-09,0.5335040977375016
c48018_2023-05,0.88208364403899
f461d4_2022-07,0.9911626390792012
bc4c03_2023-09,0.8868881148138421
8005b9_2025-04,0.3222848571965462
77b3b9_2022-10,0.97551271622859
fb737b_2022-03,0.2702996394275249
db4cd8_2022-09,0.8487499122587527
90abb1_2018-04,0.0133166143219841
90abb1_2025-06,0.9727909118349024
fd589c_2014-12,0.0268201984113962
c48018_2014-08,0.0242599930500553
5a0174_2024-12,0.897028777708298
db4cd8_2018-03,0.1904210937124231
375f2e_2024-06,0.9473436078473022
e60b65_2014-12,0.0113946151094423
e4bc80_2014-09,0.1127101142441246
18defd_2023-10,0.4690883158230303
5a0174_2019-12,0.972396589034484
f461d4_2018-05,0.1279642025264147
d59611_2025-04,0.6519032975565573
8005b9_2021-07,0.9811916607013536
6224d0_2017-02,0.0102531910075613
f461d4_2023-02,0.2545462583387469
34889b_2024-09,0.3445876727494109
894378_2021-08,0.8505954774762546
18defd_2018-03,0.0865509357601634
8005b9_2023-03,0.5597672584422373
375f2e_2024-08,0.9559314729383548
8fabe0_2014-05,0.0364999708100736
1698cf_2022-09,0.9590763065093711
fd589c_2016-10,0.0754785031721471
e361b7_2021-05,0.9551922547110776
4718d7_2015-01,0.0355715103674293
14fe3a_2014-11,0.0228633993952312
375f2e_2023-06,0.9716989596759152
0ffc2d_2019-12,0.0046051237785535
5ecf9b_2023-06,0.8505867185139907
7e646c_2023-02,0.0718202682765608
5a0174_2024-05,0.9763941133384112
6f5e2b_2025-06,0.7040053485170696
ab32d7_2022-12,0.0719703953955527
8fabe0_2023-06,0.8408757413442186
9befc8_2017-03,0.066615795232363
0ffc2d_2020-02,0.0286753007178582
1698cf_2024-08,0.9979616109951692
0f9e86_2018-06,0.0858145756301731
11f0e3_2016-03,0.0079607814122904
7e646c_2023-03,0.0145769246057281
0ffc2d_2024-11,0.8794826255727344
6da35b_2024-11,0.2635749661615312
5ecf9b_2023-09,0.6639884605498722
9befc8_2016-02,0.3951329873816158
ab32d7_2022-11,0.0263051427864331
8b98f3_2023-02,0.3039072714217166
74b7d1_2019-11,0.7536728740794717
7e646c_2024-09,0.1135318669840546
9befc8_2018-01,0.0160991279284641
0ffc2d_2024-03,0.9850626277049916
259a19_2023-07,0.995724318811488
1698cf_2024-02,0.9978446449826436
259a19_2025-07,0.7613901789429732
0ffc2d_2024-07,0.9674877117075112
5ecf9b_2023-02,0.0577213879765606
cd0e60_2023-03,0.1685848322452588
0ffc2d_2024-10,0.9879007339829018
8b98f3_2022-04,0.0428130393437704
1698cf_2023-11,0.8940745114229102
0874ee_2015-03,0.0143585502381755
77e86b_2023-07,0.8713782495639525
8fabe0_2025-04,0.8839028000838732
7e646c_2025-05,0.1474404116026171
8fabe0_2024-08,0.9622007962936552
0f9e86_2015-10,0.0434846715315244
0ffc2d_2023-09,0.9361485210754048
259a19_2023-06,0.9953480129771268
6da35b_2022-10,0.0216535540933537
0f9e86_2016-03,0.2292231076452407
6da35b_2023-05,0.0575847099722291
74b7d1_2018-12,0.0118782828559534
8fabe0_2024-03,0.900731713572424
439fde_2019-09,0.5308604529898099
8d0588_2024-03,0.952918956676346
b59bc0_2014-12,0.026970539321738
b0ff51_2021-02,0.8576534706416172
8d0588_2019-12,0.93931399539968
87cfea_2025-04,0.8474778712751405
b59bc0_2019-12,0.9226255004943216
b59bc0_2021-04,0.9757053192021596
b59bc0_2023-12,0.9574741292312996
b59bc0_2025-03,0.9612888173831576
b0ff51_2014-08,0.0842419861998716
b0ff51_2020-11,0.7870287483791611
c3a69f_2023-04,0.2891963596802316
b59bc0_2016-09,0.8374959840964386
b0ff51_2025-01,0.9874856137205154
c3a69f_2018-03,0.0164703422451693
8d0588_2018-01,0.7623034335753738
b59bc0_2020-10,0.9231892928593084
b0ff51_2014-11,0.3252625478453958
b0ff51_2020-12,0.96217306656933
b59bc0_2023-04,0.8739051069705507
b59bc0_2024-05,0.950266763345453
b0ff51_2023-03,0.59709242231369
b0ff51_2018-10,0.9861165852255828
8d0588_2018-10,0.934256091225553
b59bc0_2022-01,0.9782856131977016
b0ff51_2017-06,0.7522650873362552
439fde_2023-07,0.3783978892825125
c3a69f_2018-01,0.0294447320745506
77e86b_2025-08,0.9879057703826246
8d0588_2022-07,0.5677591118833676
b59bc0_2017-02,0.8531885684797562
b59bc0_2018-12,0.9558593293597007
b0ff51_2021-04,0.809278150940678
b59bc0_2024-03,0.9176099169340768
b0ff51_2025-07,0.9789052194896276
0cecbd_2018-01,0.0823496443805774
8d0588_2018-12,0.9388663878532528
b59bc0_2022-07,0.9872963827810712
c3a69f_2019-04,0.1284333318215099
83894c_2018-02,0.0371872213200891
8d0588_2014-09,0.0805248413075351
8d0588_2014-10,0.0178651680035659
8d0588_2025-08,0.9880823753984536
b59bc0_2019-09,0.7020263978378815
8d0588_2021-06,0.5334583643169637
b59bc0_2020-07,0.938795085259618
0874ee_2015-01,0.398048698530498
b59bc0_2016-12,0.920737888630966
b0ff51_2019-11,0.9728371755441572
439fde_2018-03,0.0231870081198519
8d0588_2023-08,0.7968330063942053
b59bc0_2024-04,0.9601070320163622
b59bc0_2025-04,0.9471129764169391
b0ff51_2019-03,0.9085293606346304
0874ee_2020-11,0.943487750232264
b0ff51_2020-06,0.987534146743652
8d0588_2022-10,0.559768643668273
b59bc0_2022-02,0.7339424562283492
b0ff51_2023-02,0.7946684056140892
8d0588_2014-08,0.0621376324967708
8d0588_2018-06,0.6087710976750219
8d0588_2019-06,0.4704125155310269
b59bc0_2020-03,0.9401302020219354
b0ff51_2019-08,0.6712307302406426
8d0588_2014-11,0.0621442080826914
8d0588_2021-10,0.9906857529420432
a97df3_2019-05,0.154260724167262
dc4b5e_2023-02,0.0379079700301557
a97df3_2022-06,0.0607757774048734
b416b1_2024-04,0.982355693034043
99c11c_2019-12,0.0054466455589422
b416b1_2021-05,0.9645658519944836
99c11c_2023-05,0.1765905920657211
7aa803_2015-04,0.0258411145382085
83894c_2020-01,0.0090993563704486
8005b9_2021-09,0.9866982154337866
7199cf_2025-08,0.5335430572805798
db4cd8_2015-04,0.0807461583065313
dc4b5e_2019-11,0.2031114261137483
99c11c_2022-10,0.2977236635903511
db4cd8_2021-04,0.9652846033333926
99c11c_2018-03,0.0864443711271031
fc77d0_2018-06,0.0191296030091232
fc77d0_2023-05,0.911203252226343
175155_2025-08,0.9847338553207922
34889b_2015-03,0.0081849858350915
1698cf_2024-05,0.996583437336234
8fabe0_2023-07,0.9640626011383034
259a19_2025-06,0.9974315010992704
532867_2023-12,0.0168643482982117
e60b65_2018-05,0.004126157814452
265164_2024-03,0.0698688739591855
987bc1_2017-02,0.1975009791831947
74b7d1_2024-07,0.8920395122106569
94f933_2024-02,0.0197700364743568
987bc1_2025-05,0.9543523245391884
92dcdd_2022-03,0.1605342385815128
5a0174_2019-09,0.898727491568193
532867_2024-09,0.0178088836124323
ab32d7_2025-01,0.181636657216955
a42d13_2018-10,0.7458547002505619
1698cf_2023-03,0.9879528037424988
e60b65_2017-03,0.2232741840790009
5a0174_2022-01,0.9840576848595838
8fabe0_2025-06,0.9853480888346762
6f5e2b_2023-05,0.963833535812211
a25664_2016-07,0.088549303358224
f25ffe_2024-07,0.0521247173945133
175155_2018-04,0.1722295537391339
7199cf_2024-03,0.0883679321612884
6f5e2b_2020-11,0.9862026639006928
74b7d1_2024-11,0.974819887322716
1822ea_2019-04,0.0159727298986262
ab32d7_2025-04,0.0499167572590612
fb737b_2023-04,0.0635681474139269
e60b65_2023-12,0.9952730179030128
259a19_2021-07,0.9944327881063864
259a19_2025-05,0.9596784070143476
f461d4_2021-12,0.9908680526971888
175155_2025-04,0.6908398348685221
5ecf9b_2025-08,0.4780461585845528
92dcdd_2019-06,0.0241962130013371
fb737b_2022-07,0.8687935600768752
8fabe0_2023-02,0.284096853701751
987bc1_2024-06,0.968706714133401
4fb2d3_2023-11,0.99756698079114
f25ffe_2025-03,0.0319758378571419
92dcdd_2023-01,0.9672402599829892
a42d13_2022-11,0.9935128520262324
fc77d0_2021-09,0.973763785960726
9af74c_2024-04,0.9890240810412576
4718d7_2022-04,0.9728449090649705
4718d7_2022-12,0.9757817159108084
fb737b_2022-09,0.817355934125399
8fabe0_2020-12,0.959029703286993
7199cf_2024-06,0.0520846503179295
fc77d0_2020-03,0.993029040458145
e60b65_2024-12,0.990432113399763
a42d13_2023-05,0.7642780428128264
6224d0_2018-02,0.0224757227900476
6f5e2b_2020-01,0.976121462638174
532867_2025-07,0.1459727975591052
8b98f3_2023-05,0.8115555421942616
6838b9_2023-07,0.9433949607087524
6da35b_2023-10,0.0326759257963424
265164_2024-06,0.0157222931749309
4ee2d2_2025-01,0.0555799600200354
ab32d7_2023-02,0.0693731719046063
5ecf9b_2024-08,0.560714243595486
6838b9_2021-09,0.1888199833966977
a42d13_2018-11,0.8346861668205471
8b98f3_2025-01,0.0331026290397679
0874ee_2018-04,0.0188301132035183
987bc1_2020-09,0.883522647622671
92dcdd_2020-07,0.2406867322652459
987bc1_2021-07,0.9879529314108364
439fde_2017-06,0.6677163168372106
0874ee_2019-05,0.0281276609512189
a42d13_2020-02,0.9820416587438284
a42d13_2021-08,0.9914119547192024
8fabe0_2021-10,0.9866733212394148
4f2b6b_2022-08,0.0804900624773025
022433_2025-04,0.0295487460989832
4fb2d3_2021-10,0.9420761471313458
4fb2d3_2024-06,0.9811426669038884
a42d13_2025-08,0.9802040482157508
6f5e2b_2022-03,0.9866283646001794
5ecf9b_2024-04,0.3042198212099715
8fabe0_2019-07,0.944203360525956
f461d4_2022-02,0.9506274572419804
ab32d7_2024-10,0.880898482256068
987bc1_2022-09,0.3204661095396146
6f5e2b_2021-07,0.9957095036352483
6f5e2b_2022-11,0.9442793074660796
5ecf9b_2023-07,0.930446521859872
5ecf9b_2024-02,0.0384661361041037
92dcdd_2022-07,0.5682740114841216
1b9e65_2022-08,0.9762292607963996
e60b65_2014-06,0.0080512012846442
a25664_2016-05,0.0656895939998933
90abb1_2021-10,0.983259473980892
1698cf_2019-06,0.773091103534381
5ecf9b_2024-11,0.0989317207765172
0874ee_2014-08,0.0505511378020933
a25664_2016-12,0.071593692256349
375f2e_2025-02,0.4685605391221007
c48018_2014-05,0.0192164923020814
90abb1_2022-06,0.2782607856947399
375f2e_2022-04,0.262627029417663
bf6f0d_2018-01,0.0751232184518495
1822ea_2023-04,0.2800428259676942
92dcdd_2024-12,0.764493338587449
77b3b9_2024-04,0.8441443922961368
6224d0_2021-07,0.9917262559931728
e60b65_2016-05,0.1238595166742672
4f2b6b_2024-12,0.0294085747781249
0f9e86_2024-03,0.1212046353934196
34889b_2014-10,0.0106934687916128
987bc1_2017-05,0.0323318424504785
b416b1_2018-03,0.2210158358343269
bc4c03_2025-01,0.8564450367410982
375f2e_2023-11,0.9965033706311024
375f2e_2023-03,0.9963726861015698
bf6f0d_2022-04,0.3398721987795036
11f0e3_2022-12,0.0899875602736349
90abb1_2018-05,0.0647706441142058
77b3b9_2022-12,0.7921519998830502
fb34b4_2024-09,0.1482169544937749
90abb1_2018-01,0.1992741329498122
1822ea_2024-12,0.9829690673123092
fc77d0_2014-12,0.011950963389173
fc77d0_2020-12,0.9491581440453476
948a11_2025-03,0.3332754378019842
bf6f0d_2020-07,0.3615448212033847
1822ea_2021-10,0.9763162938453552
375f2e_2021-06,0.9975191260158984
9befc8_2024-04,0.0867110622263342
fc77d0_2024-07,0.9803024070648868
4f2b6b_2022-11,0.0596427873339159
bf6f0d_2019-04,0.5551833058076435
90abb1_2023-10,0.7774090641830264
375f2e_2015-03,0.1405212222304199
375f2e_2020-07,0.9827352848802684
6f5e2b_2022-12,0.9806010116246024
34889b_2024-02,0.5355441635624298
b416b1_2017-04,0.1614784894501061
b416b1_2018-12,0.0592336220652807
34889b_2014-03,0.023553264070569
375f2e_2021-04,0.9931696891811376
948a11_2022-12,0.0310516328616719
bf6f0d_2024-08,0.9826096974227712
375f2e_2024-03,0.9971996834795754
259a19_2021-09,0.9500771410499056
e60b65_2016-09,0.1600341076562544
77b3b9_2024-09,0.9864012217418328
fb737b_2021-04,0.0702617857165233
1822ea_2018-02,0.0038784391394928
1822ea_2025-03,0.8800635399803057
375f2e_2022-10,0.1451159189799279
e60b65_2023-06,0.9616740898402264
1822ea_2024-11,0.8604724001239812
375f2e_2022-01,0.8129304470942506
375f2e_2025-03,0.8859241178212693
531356_2025-01,0.9715813348227608
29849f_2015-02,0.0386793768213428
e83244_2022-07,0.9853322141568556
829a72_2014-08,0.0232119673994795
829a72_2016-04,0.2090351782659943
db5006_2016-03,0.3352024415521039
e83244_2016-05,0.289737376487788
e83244_2018-06,0.4639303401456084
db5006_2019-01,0.6353153209086241
545d15_2020-06,0.3574228563327254
f4604d_2021-01,0.7125350332867717
f4604d_2023-04,0.2940970058903095
1b9e65_2019-06,0.4603210598012627
1b9e65_2023-04,0.2937953285664809
987bc1_2025-03,0.993979194422834
531356_2024-07,0.9745893739133776
0cecbd_2014-12,0.4684292217773904
f4604d_2025-01,0.9790410439178696
531356_2022-03,0.9863698195788294
e2314a_2016-09,0.1491335792952687
e2314a_2020-12,0.9591520450550428
e83244_2020-01,0.8006742815960507
b1de95_2020-02,0.971815171484178
98a151_2014-05,0.0360180695397007
98a151_2014-06,0.0504365429358358
3a13b3_2023-10,0.9915285854744208
e2314a_2015-02,0.0088384666152839
e2314a_2023-02,0.9288959990566804
e2314a_2024-07,0.9924165677478824
7a007d_2019-09,0.4902724754829016
db5006_2022-12,0.9810148047967804
b73bc7_2025-02,0.687460381006214
f4604d_2022-12,0.2366019312135078
531356_2019-02,0.1185929449536499
e2314a_2023-10,0.9912644679231948
e2314a_2024-05,0.7499601844954907
e83244_2018-07,0.0946884096250223
e83244_2020-03,0.9739080071771108
0cecbd_2025-06,0.7078516767958546
531356_2025-05,0.9471265430726004
e2314a_2022-12,0.9617415421057344
e2314a_2025-03,0.90577565180565
e83244_2019-07,0.9775815702555384
e83244_2024-09,0.9972639005726484
0cecbd_2021-06,0.5910046972393909
3a13b3_2023-05,0.9946337212550642
f4604d_2021-07,0.9817389645739448
1b9e65_2021-05,0.989557562132571
7a007d_2024-05,0.8882846935035519
531356_2015-02,0.0511040140520661
e2314a_2018-03,0.0643863508616501
e83244_2020-02,0.3767471428619992
e83244_2022-11,0.9903833100642108
829a72_2014-10,0.0228546003751662
f4604d_2023-08,0.9712872464131364
6224d0_2025-08,0.9719717220351124
987bc1_2021-03,0.921981650504738
e2314a_2017-10,0.2941672593088471
29849f_2024-11,0.8704630637129677
987bc1_2020-05,0.9883599177718037
29849f_2024-03,0.7616698098316071
db5006_2018-11,0.2951470461614092
1b9e65_2018-03,0.1868106457063465
545d15_2020-11,0.6426647189220841
e2314a_2023-09,0.7682814571366497
e3af0e_2014-10,0.0421051864085315
60a0fd_2022-02,0.5523601441898488
f4604d_2024-05,0.8771364025294353
06534f_2025-02,0.7913086987796145
29849f_2024-09,0.9617077220106756
e83244_2021-11,0.945151655910054
e83244_2023-12,0.1679772435468256
e83244_2024-03,0.8203396556023304
98a151_2014-11,0.0087592759904366
b1de95_2024-06,0.9846785539676742
db5006_2024-12,0.9664240097551118
f4604d_2022-06,0.5544556642214955
531356_2022-01,0.9353045286951228
531356_2025-07,0.9948520152775132
f1543b_2017-08,0.0794170571150632
e83244_2017-07,0.1537049207437099
829a72_2015-08,0.2263255266890709
0cecbd_2016-05,0.0185719094608644
29849f_2020-02,0.3443087987678028
3db670_2018-01,0.9715362543508458
db5006_2021-11,0.9041144657264684
1b9e65_2019-10,0.2779524479852885
e2314a_2018-07,0.0638691727642608
06534f_2025-08,0.996501278577226
6224d0_2024-06,0.9841309224982528
e2314a_2019-07,0.9119039005260264
29849f_2018-05,0.3475736196366086
e3af0e_2015-04,0.0092320107057142
60a0fd_2018-04,0.0552655179189999
db5006_2016-05,0.1504752480325978
db5006_2018-02,0.0993613857608202
db5006_2023-05,0.995876369861525
1b9e65_2024-06,0.9989521494291284
e2314a_2024-04,0.4605187455297584
e83244_2016-04,0.0715320643708227
88a9a6_2015-12,0.0663857315954738
e3af0e_2014-04,0.0204648250141151
0cecbd_2023-04,0.9517614225207892
e2314a_2021-04,0.9799013525966546
e83244_2019-09,0.5591255003555179
98a151_2018-04,0.0653569803125327
c580aa_2023-08,0.9944681531852244
f4604d_2023-09,0.9488388561802376
531356_2016-10,0.2616700022501088
531356_2019-07,0.2759479843039262
29849f_2025-06,0.97478273907602
db5006_2019-02,0.1704653185058098
e2314a_2017-11,0.0187021649721583
60a0fd_2014-09,0.0397729458219942
29849f_2019-02,0.6214672989469443
e83244_2015-09,0.0127669134451862
e83244_2019-02,0.0025606040996147
06534f_2024-05,0.9896567911403868
98a151_2014-10,0.0126676771317981
f4604d_2022-01,0.9119843711662748
6da35b_2024-04,0.3501678344948057
7a007d_2017-06,0.1208615549738748
175155_2018-10,0.5710279123908758
af81b0_2019-02,0.0711799534768515
022433_2021-10,0.032298460587131
022433_2024-02,0.0038948597253564
7e646c_2025-04,0.2674084397832912
022433_2023-07,0.1407823999734751
531356_2019-06,0.2251226466881879
7a007d_2018-10,0.5856193532389822
731908_2017-12,0.005718906183226
022433_2024-07,0.0049489926537651
7a007d_2024-10,0.6787194654348353
d86999_2020-08,0.9372851243624136
f500c5_2019-12,0.0838483458724876
c580aa_2019-06,0.7982092273443488
c5816f_2017-11,0.2894242470610604
531356_2024-11,0.9978032089535934
6da35b_2025-07,0.1065178235117037
531356_2024-10,0.9895384111588024
98a151_2022-08,0.7119350969388869
022433_2021-09,0.0370359150391425
af81b0_2014-12,0.04988668113818
fa8553_2021-10,0.0227288410446176
022433_2021-07,0.0279623669029493
f4604d_2019-07,0.0285286732468312
531356_2025-08,0.9944277192470212
c580aa_2019-05,0.9442934931930232
7a007d_2015-02,0.0026969140464786
e83244_2021-02,0.906146200957902
dc4b5e_2023-08,0.3645639873693209
fb34b4_2024-07,0.5252712015237183
af81b0_2014-05,0.0018069994901712
83894c_2017-04,0.0820674151709255
531356_2016-07,0.2739131957539844
1822ea_2024-06,0.9852580358442878
77b3b9_2014-11,0.0240653124344164
f4604d_2025-03,0.9983163202846368
dc4b5e_2024-06,0.9726682026562892
dc4b5e_2024-08,0.9853852073808956
1bdb97_2024-05,0.1119217605413703
4ee2d2_2024-05,0.006606142811778
424c1b_2025-08,0.1982675834523736
1698cf_2017-02,0.2246328264832247
1822ea_2019-08,0.6518805769937286
29849f_2017-12,0.0582707710746245
531356_2016-05,0.16799250039157
424c1b_2024-12,0.064476531686734
b1de95_2019-08,0.9436889533933164
424c1b_2025-05,0.0213806336099174
90abb1_2019-06,0.8169236545051144
f4d28d_2025-05,0.0277431052583809
6224d0_2020-12,0.9651442084504048
4ee2d2_2025-07,0.1508315522601302
f4604d_2017-08,0.0267199103325471
bf6f0d_2022-01,0.9824652340507608
b08ec1_2022-12,0.1717874933777558
265164_2024-07,0.0777333863655604
948a11_2022-05,0.0107647682929133
4fb2d3_2017-02,0.28166029020321
1bdb97_2025-06,0.0247650383079236
90abb1_2021-11,0.946462223296449
af81b0_2017-02,0.03706831134232
dc4b5e_2024-05,0.6707170464022263
db5006_2021-07,0.9901778954950936
9af74c_2020-03,0.9947012373349094
424c1b_2025-01,0.0176294464562287
29849f_2018-09,0.0418574265102606
1822ea_2016-07,0.2329914228878045
1bdb97_2023-11,0.5168120286098594
fb737b_2021-05,0.4476497220831036
531356_2020-10,0.976641937221573
8005b9_2018-02,0.0597775981375037
531356_2016-06,0.1079872066304118
531356_2019-08,0.7704523303841128
db5006_2018-07,0.5559418044400296
74b7d1_2023-03,0.8273506546758469
531356_2017-01,0.400898597650021
bc4c03_2015-04,0.2971698100891174
af81b0_2019-06,0.358964092790443
f4604d_2017-05,0.1562235696763327
dc4b5e_2023-05,0.065066596770113
b73bc7_2019-07,0.9949211763345164
531356_2016-03,0.2558982599564783
b08ec1_2023-01,0.1039749143208721
429b22_2025-03,0.0028826785878522
1822ea_2019-03,0.2290007283383908
6838b9_2023-11,0.9653906285682872
293190_2020-09,0.9954339434576186
7aa803_2020-04,0.5253350642904602
88a9a6_2020-07,0.9209271009248422
bc4c03_2025-02,0.4205500720586269
9af74c_2015-02,0.0417933012570028
e7a56d_2017-08,0.0670416198077602
3db670_2019-01,0.551179311162876
9b46ed_2019-07,0.6251536162027979
9b46ed_2020-04,0.877887486323708
375f2e_2016-05,0.080101884231402
9b46ed_2018-11,0.6698962027010092
e2e0ce_2020-04,0.5508473307706372
c5df88_2017-12,0.1146163225164548
c5df88_2026-02,0.979657223166266
4fb2d3_2016-10,0.0302044951110312
9b46ed_2018-07,0.6278017159739793
0ffc2d_2021-07,0.0292665602993784
1bdb97_2021-10,0.2984147076104346
1bdb97_2024-04,0.0634305609306184
e3af0e_2018-08,0.2271813479959109
14fe3a_2018-10,0.171602887705767
829a72_2024-09,0.9963121811281456
90abb1_2018-02,0.0257741154291718
9b46ed_2017-03,0.1111216400968628
18defd_2023-02,0.9753480286883264
2ab8ad_2025-04,0.9905529714833552
c5df88_2024-11,0.9787742555129392
0ffc2d_2021-03,0.5469330620304315
6838b9_2020-08,0.3755525868267801
9b46ed_2020-07,0.7197491056185235
7aa803_2020-02,0.4561015085327089
7aa803_2020-10,0.3724030879641591
8fabe0_2023-04,0.8575533267878421
a42d13_2014-08,0.0546516350860036
2ab8ad_2020-01,0.7185723345510227
88a9a6_2016-05,0.1656768819307776
1822ea_2017-07,0.1028617051026471
6838b9_2020-12,0.3337465645109873
db4cd8_2023-10,0.987174002197518
af81b0_2019-10,0.4124801278728851
293190_2020-05,0.9735731370525618
cd0e60_2020-12,0.5725724088587071
6838b9_2022-09,0.4690397250385407
259a19_2022-09,0.9826520239781612
c5df88_2020-07,0.9797752844730214
88a9a6_2019-12,0.8751913195322072
5a0174_2022-06,0.9928321568858096
0cecbd_2020-09,0.9967455265338512
9b46ed_2020-05,0.2803309233618351
4fb2d3_2024-09,0.8966660135969474
f500c5_2022-02,0.887747170337511
2ab8ad_2018-06,0.237632971916851
c5df88_2024-03,0.9788190310722032
7aa803_2020-03,0.5283156949685597
88a9a6_2021-02,0.968693846041142
f1543b_2019-01,0.0401200382826662
88a9a6_2019-10,0.0754659122723765
8fabe0_2021-08,0.994218747716046
60a0fd_2022-06,0.7986702969847184
c5df88_2025-02,0.979657223166266
74fb1f_2020-08,0.845773699481007
d59611_2024-07,0.785848152077693
0e8d73_2023-05,0.2594936060007175
6838b9_2019-02,0.0023228710533138
88a9a6_2016-06,0.123610446388794
a25664_2022-04,0.4796444174044022
6838b9_2019-11,0.0162348183143627
f461d4_2019-07,0.921837742910228
9b46ed_2019-05,0.2675926872272191
e2e0ce_2020-06,0.5340657011938089
e2e0ce_2020-10,0.3823397414237732
74fb1f_2020-02,0.97134832272367
3a13b3_2025-05,0.9917739998002107
e2e0ce_2020-09,0.279851005013156
74fb1f_2020-11,0.5274328472940142
0e8d73_2024-03,0.0738860905304566
7a007d_2018-05,0.0548713303914148
829a72_2019-12,0.9919493397989732
1996b0_2023-03,0.0897585408348365
1996b0_2023-11,0.0724279049952352
60a0fd_2019-08,0.4647569068663141
f500c5_2014-12,0.0336565740185623
731908_2018-03,0.0272927258288769
1996b0_2024-09,0.1972971176810357
1996b0_2024-07,0.0634185954366954
e3af0e_2018-10,0.2489777742618111
1996b0_2023-04,0.0494679078906581
f1543b_2020-07,0.4903125947039205
f1543b_2015-04,0.0184692178868179
e2314a_2020-04,0.9873857979983848
29849f_2017-01,0.057281275302569
fb34b4_2023-06,0.0540003187354898
f1543b_2019-10,0.9686850424199712
429b22_2025-06,0.0021688247895569
c580aa_2023-10,0.8859442775949604
948a11_2022-06,0.0317200926230069
fb737b_2021-08,0.7268446573877083
fb737b_2021-10,0.7040231464840679
f500c5_2020-02,0.6771349129056111
9af74c_2015-10,0.4626560155864233
e83244_2020-05,0.9201364274300636
4f2b6b_2025-06,0.0714121011136447
e83244_2020-07,0.8817902465270185
c580aa_2015-01,0.0083748638315406
e2314a_2022-04,0.8741269650564774
d59611_2020-10,0.987192429765228
11f0e3_2014-12,0.0047694893492659
92dcdd_2024-02,0.9258089845512812
11f0e3_2020-06,0.9847313730761246
f1543b_2019-07,0.1842787089179509
29849f_2025-09,0.9954873137206858
7bf5c9_2019-10,0.0418366603717262
545d15_2021-04,0.2144827235664843
6224d0_2020-03,0.9985398062041432
9af74c_2018-11,0.9130087495270044
e7a56d_2015-08,0.4328093342971449
259a19_2017-04,0.0179765890430478
8005b9_2017-06,0.2423805860072029
06534f_2015-09,0.2512733991645973
3db670_2024-10,0.9859545991086632
c48018_2017-03,0.5042115050947539
4718d7_2015-11,0.0688651722502674
3a13b3_2023-11,0.9577051041544756
4718d7_2016-03,0.2095549417598223
4718d7_2016-01,0.1738533109966138
6f5e2b_2017-04,0.1858823234187637
98a151_2016-06,0.0823322011291284
7a007d_2021-12,0.8278413042067289
a97df3_2019-07,0.0260592138030501
8fabe0_2021-04,0.9613447545086752
7a007d_2015-09,0.0187908173204977
1822ea_2018-10,0.4951161656778757
7a007d_2020-05,0.166800664545143
90abb1_2021-05,0.996550024555526
77b3b9_2015-04,0.2093606206550697
1bdb97_2024-06,0.1678854251697533
bf6f0d_2015-06,0.3552055665048458
8005b9_2017-08,0.2742267499196869
b08ec1_2016-05,0.0669029359563841
7a007d_2021-07,0.5647329314173994
bf6f0d_2019-10,0.8111553990755511
7a007d_2015-06,0.0141932074431062
829a72_2016-05,0.0567314074125704
375f2e_2018-10,0.4938174431501922
18defd_2016-12,0.1115007332031982
b08ec1_2017-04,0.3774471541929026
77b3b9_2022-01,0.9371302850083992
7199cf_2023-07,0.391725184316271
7a007d_2020-12,0.2717765437853255
1822ea_2024-09,0.9877746121087304
bf6f0d_2015-08,0.4035288428700464
d59611_2016-01,0.034864643501329
1bdb97_2023-07,0.3095106570210184
7a007d_2020-11,0.2717765437853255
3db670_2022-07,0.9908056859816182
b73bc7_2025-03,0.9513669443496316
7a007d_2023-10,0.970587716261207
e7a56d_2021-07,0.9968048953527424
bf6f0d_2020-11,0.5711695768370272
4718d7_2018-09,0.634379193470502
bf6f0d_2017-06,0.0214138858366069
a42d13_2017-08,0.1435906660210005
b0ff51_2020-05,0.9785626690369084
fb737b_2020-03,0.1355013870014076
b0ff51_2020-07,0.977368921435406
af81b0_2024-02,0.3647519932738204
77b3b9_2016-06,0.1862809569693089
34889b_2021-07,0.9903254089618964
b73bc7_2023-06,0.9135672073266192
af81b0_2023-12,0.8556962265194339
af81b0_2025-05,0.6128017625941101
8005b9_2021-03,0.9479890779356502
293190_2016-04,0.1955078248873866
a97df3_2023-04,0.2966434109139786
a97df3_2022-01,0.0754078952130558
9befc8_2020-10,0.991877569050324
375f2e_2021-05,0.9981691296228344
948a11_2022-01,0.0318316434216573
fc77d0_2021-04,0.906365632574092
4fb2d3_2020-04,0.996019303283456
375f2e_2021-02,0.9968398755459436
af81b0_2025-06,0.2968489147131032
439fde_2021-07,0.9575082489656236
829a72_2022-05,0.99617784510882
fb34b4_2022-07,0.0764874520117887
259a19_2025-09,0.9909017383530994
439fde_2016-07,0.0347465145120039
f461d4_2020-06,0.9686615022186756
92dcdd_2018-08,0.2289495127162321
439fde_2016-06,0.0711016344917827
f500c5_2019-07,0.7357789669013487
b1de95_2018-06,0.6015913042444283
6f5e2b_2021-05,0.994203898766352
2ab8ad_2015-09,0.0414276989387916
e60b65_2017-10,0.0660556193615111
fd589c_2015-10,0.1450812132011549
1bdb97_2024-02,0.2679183420109088
77e86b_2016-04,0.0244643788929463
6838b9_2021-03,0.0183231023867502
fd589c_2015-12,0.3139804475549681
8fabe0_2015-12,0.0370948743322476
a42d13_2018-08,0.7569567770664252
5a0174_2016-05,0.0470138815868842
db4cd8_2017-07,0.0382658542185121
d59611_2020-04,0.9977946015982844
6c1954_2020-04,0.2978294926877832
6c1954_2020-11,0.5000878506796502
8005b9_2020-08,0.980743267216504
b73bc7_2017-02,0.9417520002465536
b73bc7_2024-12,0.9868926964501828
d59611_2017-05,0.1052131057698518
cd0e60_2019-10,0.167561794284817
a42d13_2018-09,0.8046280605022251
fc77d0_2017-06,0.0824366581817878
34889b_2016-09,0.1347888887424929
db4cd8_2017-06,0.0505597597196563
fb737b_2020-11,0.4387921338867525
b416b1_2016-07,0.1456164743068153
9af74c_2018-09,0.8486589436582531
af81b0_2015-05,0.0063027722318294
af81b0_2020-06,0.0544474424626747
fb737b_2020-06,0.7006261759043219
1822ea_2020-05,0.9968221731443654
f461d4_2017-06,0.0575127427995316
77b3b9_2018-07,0.1225754280507052
a25664_2018-10,0.1085653382968948
cd0e60_2025-02,0.9883986065634572
c5df88_2017-03,0.2299535896019659
3db670_2016-02,0.0213683207526652
cd0e60_2023-10,0.3503504303823545
c3a69f_2016-12,0.0407182047261964
cd0e60_2024-01,0.8163016899813282
cd0e60_2024-05,0.786265868090952
cd0e60_2024-07,0.7943190275219707
2ab8ad_2018-07,0.4674655808343782
fb34b4_2025-01,0.3472078654739857
cd0e60_2024-12,0.9278001974830792
8005b9_2016-09,0.7280261889925099
bf6f0d_2017-05,0.3562448516648573
375f2e_2016-06,0.0643802523211674
7bf5c9_2017-10,0.0654523887709054
74b7d1_2017-05,0.0191051097856219
34889b_2020-12,0.7147343226348601
8005b9_2016-05,0.7351842970285928
77b3b9_2016-01,0.0162809594438979
19fa84_2017-11,0.2494428100016131
8ec563_2014-06,0.5444724151979305
6224d0_2017-08,0.0682014995207575
c5816f_2018-11,0.9132966717798684
8fabe0_2015-07,0.046535551201486
c5816f_2015-06,0.0200049339458203
77b3b9_2015-10,0.06919721167487
19fa84_2018-07,0.4393285869153244
175155_2015-07,0.1458204200307168
db4cd8_2015-12,0.1239137208096673
e3af0e_2017-06,0.0345931477183479
fd589c_2018-11,0.8589502248704075
e3af0e_2017-08,0.1612832317181412
8005b9_2015-10,0.0155294358694477
f1543b_2016-01,0.171851679208189
a25664_2016-03,0.1790984808703072
a97df3_2022-03,0.0711758224349613
b08ec1_2018-11,0.0801849581002515
b08ec1_2020-06,0.9380436974854092
dc4b5e_2020-12,0.9526677036744688
b08ec1_2021-03,0.5155824965265906
dc4b5e_2020-10,0.9530138930530342
dc4b5e_2021-05,0.9385280630255948
88a9a6_2020-05,0.9522575160290448
9b46ed_2017-09,0.2989166479568884
c5df88_2018-08,0.3910875122001199
34889b_2018-09,0.7680273374405838
8005b9_2017-03,0.2357222564420485
dc4b5e_2020-06,0.976564431825014
2ab8ad_2017-12,0.3696436384034399
b1de95_2018-01,0.8235806735640794
0cecbd_2016-09,0.2635590808141143
b73bc7_2020-09,0.849218733354806
3db670_2022-06,0.9940204682625567
a97df3_2021-05,0.4717325128352228
b1de95_2021-08,0.9581853301700805
0cecbd_2017-01,0.3180481200623569
3db670_2020-04,0.967801540191411
b73bc7_2021-05,0.9978600299426194
b1de95_2021-10,0.7643730019952727
c580aa_2021-10,0.9213215487781944
3db670_2017-03,0.963511262329662
3db670_2021-01,0.7687887167270284
175155_2015-10,0.0055717601690549
1822ea_2015-11,0.0091925680445174
3a13b3_2020-10,0.9200196693394797
3a13b3_2020-11,0.9446410982946
3db670_2020-09,0.9771044508097072
3db670_2022-09,0.9939414910543668
3db670_2016-09,0.1720959028541905
531356_2015-09,0.0189653092568157
c580aa_2021-09,0.896560334843943
3a13b3_2018-08,0.2205175581221648
06534f_2018-11,0.983824530959422
a42d13_2015-08,0.5034099333576705
8ec563_2020-08,0.987977500842467
92dcdd_2020-05,0.0256470365820853
d59611_2015-09,0.0499613961943643
6224d0_2018-07,0.3806790650300802
9f1aa0_2017-01,0.8433224583482991
0874ee_2020-05,0.8323125516938779
3a13b3_2023-02,0.9910328164847556
b1de95_2022-07,0.8318021104229825
b73bc7_2022-02,0.9155232768495684
c580aa_2021-08,0.9767866963619208
98a151_2015-07,0.2548798580219658
b1de95_2023-09,0.9879199010403948
c580aa_2022-01,0.8933882626305059
b73bc7_2022-01,0.9284935828938088
98a151_2016-03,0.5137761497829143
af81b0_2021-03,0.9908444387642084
af81b0_2022-12,0.819123240069414
af81b0_2021-05,0.9912697119710622
af81b0_2020-09,0.9895358075139964
af81b0_2020-08,0.9892521952123896
8fabe0_2016-04,0.0213262483244771
e60b65_2021-06,0.9856777446926608
e60b65_2020-03,0.9456455816931828
0f9e86_2014-10,0.0169220442031766
8005b9_2021-01,0.8405052605661527
3a13b3_2015-11,0.040420702165712
1996b0_2024-11,0.0904092484389606
6224d0_2015-06,0.0441907295175132
e60b65_2019-09,0.9176827694120252
1996b0_2024-12,0.1240581417788294
3a13b3_2017-08,0.076251321750783
e60b65_2021-08,0.9848261540123956
9af74c_2018-08,0.4793082730584109
d59611_2020-12,0.9153166479262196
db4cd8_2021-03,0.8661520554963515
db4cd8_2020-10,0.9177204896179632
6224d0_2018-09,0.6882799104850245
510fbf_2023-09,0.0473994642608957
14fe3a_2025-09,0.9938188213170718
5a0174_2016-12,0.0157661864889436
1822ea_2015-08,0.1628540263949907
60a0fd_2017-07,0.188483144541779
e3af0e_2017-01,0.0961212348702024
90abb1_2016-11,0.360910073559394
c3a69f_2015-09,0.4241778365039799
90abb1_2015-10,0.6540131922115052
b416b1_2020-08,0.974169535816693
6224d0_2017-09,0.1163466338180943
6f5e2b_2016-06,0.0461168385121094
db4cd8_2016-10,0.2134101712002074
d59611_2017-11,0.1543352274401874
bf6f0d_2025-09,0.9961127316972772
14fe3a_2016-04,0.0177120341948303
4fb2d3_2016-01,0.1068409795203628
14fe3a_2016-10,0.0930597922728292
4fb2d3_2015-12,0.1151136986838729
db4cd8_2018-11,0.1343951515318118
293190_2016-08,0.0974256768245883
f1543b_2016-04,0.0431492610536443
9b46ed_2024-05,0.9914760366925968
8fb6f0_2020-06,0.9806074429747
f1543b_2018-08,0.0968222499813788
f1543b_2018-10,0.5484854420675749
7bf5c9_2016-07,0.1269239427442318
7bf5c9_2025-08,0.996896739520856
9af74c_2020-04,0.9981109356294326
b0ff51_2018-07,0.5591036575242799
b08ec1_2015-11,0.0344772147247168
77b3b9_2015-05,0.0765994493057896
4718d7_2017-11,0.0943276416155464
545d15_2023-05,0.9499514772821144
7a007d_2018-09,0.8258681800727735
545d15_2021-12,0.6938357729446367
545d15_2025-08,0.9915977530655842
545d15_2023-03,0.9267132606589416
74b7d1_2021-08,0.9096809522466855
74b7d1_2020-10,0.8704750300314635
74b7d1_2020-05,0.7193128386819494
74b7d1_2021-04,0.9147339179073566
74b7d1_2018-10,0.0188753639478013
8fabe0_2017-09,0.023236388016807
74b7d1_2018-07,0.0340941828814707
c5816f_2017-01,0.5208596626342322
3a13b3_2021-07,0.9415904273757698
3db670_2018-08,0.7891585805905054
3a13b3_2021-09,0.9580139596538432
c580aa_2016-07,0.1187497897299984
3a13b3_2017-01,0.0319464540285157
c5816f_2016-10,0.4519281166277819
c580aa_2017-10,0.68333583359218
c580aa_2015-12,0.6447654904661029
3a13b3_2016-12,0.02624632902467
b73bc7_2023-02,0.9738056842144146
b1de95_2015-12,0.1338462400498226
c5816f_2020-06,0.9832119054033504
90abb1_2015-11,0.6441742452661186
dc4b5e_2019-03,0.0772474780486189
18defd_2016-02,0.4612489627345366
b1de95_2016-08,0.1234711065263454
18defd_2015-12,0.0643698399426261
18defd_2022-10,0.9365545683276958
d59611_2015-07,0.0815892726037923
18defd_2021-08,0.7477119249841322
b1de95_2018-11,0.7900784955317345
18defd_2022-11,0.9371728013985676
c48018_2022-05,0.9167079944541368
0874ee_2018-09,0.0271829633169885
c48018_2016-11,0.0629268702853977
18defd_2021-04,0.5142317436344984
c48018_2021-02,0.7802023680397666
18defd_2021-06,0.7286660472993485
c48018_2016-09,0.112533739973692
c48018_2020-09,0.6784059524569468
259a19_2016-07,0.0515033947290834
0874ee_2015-05,0.2481428293058138
5a0174_2018-08,0.782811166175475
0874ee_2018-07,0.0488135729096984
18defd_2022-03,0.9133962967669336
8fabe0_2015-05,0.0443035616794569
e7a56d_2020-10,0.924338769289403
18defd_2020-05,0.8971566704666538
18defd_2016-04,0.069235720154111
18defd_2022-07,0.9365545683276958
18defd_2022-08,0.9365545683276958
c48018_2022-03,0.8540600944623591
829a72_2018-11,0.399924580332391
8fabe0_2017-12,0.0281472501711796
6f5e2b_2025-09,0.9940338207295776
e3af0e_2016-03,0.023736536471764
5a0174_2015-06,0.0188108625841148
f461d4_2016-10,0.1261681554591793
8fabe0_2016-07,0.0108988555802265
8fabe0_2017-01,0.036120348948112
8fabe0_2021-12,0.9515378985710592
8ec563_2017-10,0.4587181286055405
60a0fd_2016-11,0.0703368254369597
829a72_2016-07,0.0683763908600941
829a72_2017-01,0.0270726702763783
90abb1_2016-05,0.4068818382279155
1698cf_2020-05,0.9861635749927822
f461d4_2016-03,0.0241002548550659
1698cf_2021-04,0.9185857816178364
5a0174_2016-07,0.0477141724248429
60a0fd_2015-12,0.1042455089155088
829a72_2020-09,0.8635089909543437
98a151_2016-01,0.0804728876216393
60a0fd_2016-10,0.0713989209096354
14fe3a_2017-12,0.04744487014484
8fabe0_2016-11,0.0287703191382164
5a0174_2021-06,0.9930133807557128
e2e0ce_2017-09,0.4923849309329526
f461d4_2016-11,0.2453896291691555
f461d4_2016-06,0.1503882536916917
1698cf_2021-01,0.9366897160612732
f461d4_2015-05,0.0329107448900536
e3af0e_2016-09,0.0228109581500568
90abb1_2016-08,0.2199488922181616
6f5e2b_2021-06,0.9923607842267064
6f5e2b_2020-04,0.9934749311113475
1bdb97_2021-11,0.2241006345789084
14fe3a_2020-12,0.9809244836678048
e361b7_2016-11,0.5602245209425397
14fe3a_2020-11,0.9787843181825422
e60b65_2017-11,0.0525081666134587
e361b7_2016-06,0.2066781110056528
e361b7_2016-12,0.5808085463764646
9af74c_2017-07,0.0357109291559969
b73bc7_2021-04,0.3906499644653028
1822ea_2018-11,0.1161667728845274
9af74c_2020-11,0.9977288465365124
bc4c03_2016-04,0.0250039229687607
b73bc7_2020-06,0.883034784544681
424c1b_2024-04,0.2870140051663202
9af74c_2016-10,0.25812987523241
1822ea_2017-05,0.0770715074336151
bc4c03_2015-06,0.1014844760346284
77b3b9_2017-09,0.0263891150734415
987bc1_2018-11,0.44260877927963
b73bc7_2018-10,0.949973434519436
439fde_2022-01,0.9722950471819236
c3a69f_2018-10,0.380751407190289
439fde_2022-02,0.9815736687691496
439fde_2021-12,0.9694940855267336
439fde_2016-11,0.0280399425488182
99c11c_2016-10,0.0123002295461316
c3a69f_2016-11,0.043335147627654
bfbeef_2020-05,0.958252906208854
439fde_2021-11,0.9761385812705158
87cfea_2017-01,0.0237226705665926
439fde_2022-10,0.9828186155194348
c3a69f_2017-07,0.0276213122935705
87cfea_2016-05,0.0125608751772961
77b3b9_2020-05,0.9700689781351756
375f2e_2017-12,0.0249667133470274
29849f_2021-11,0.9917415136174662
7a007d_2017-01,0.2533968493767434
d59611_2018-08,0.7494704320523721
8005b9_2018-11,0.3392785483231964
8005b9_2018-07,0.4286885475165705
29849f_2020-05,0.9771991514403958
c3a69f_2018-11,0.7288038955207657
a42d13_2017-01,0.7328693439289659
c580aa_2022-09,0.9619496694792397
06534f_2021-12,0.8540837551008906
b73bc7_2024-01,0.9479747433324774
88a9a6_2017-09,0.2205191552604457
259a19_2016-02,0.088038254789807
259a19_2015-12,0.0634501711664533
a42d13_2016-06,0.4711938369050251
948a11_2021-12,0.0384703798842798
f500c5_2018-11,0.2844964212830352
259a19_2016-01,0.0697181572986062
8d0588_2015-09,0.0893540592801779
77e86b_2017-03,0.0179275619400543
99c11c_2020-05,0.0534314802064928
83894c_2023-09,0.7147531310750125
90abb1_2018-09,0.7238351437865522
259a19_2021-03,0.9979858474952316
83894c_2023-11,0.8663884675194395
83894c_2023-03,0.7137539804106473
83894c_2023-12,0.8651739079795682
83894c_2022-12,0.8228217809175546
b416b1_2016-01,0.062832602059613
4718d7_2023-10,0.9981552837121273
e60b65_2024-01,0.9948633031309552
0874ee_2020-08,0.7945137460157093
b416b1_2022-06,0.5431476861955047
a25664_2023-12,0.8879239283293255
db4cd8_2021-09,0.889609854562981
8005b9_2024-01,0.5002324929691663
fc77d0_2019-01,0.2110488175279329
9af74c_2019-09,0.2419817201733534
b1de95_2019-02,0.6198951325397062
531356_2024-09,0.9830367127090476
e83244_2021-06,0.9749799796750702
6838b9_2018-08,0.0653943703265491
a42d13_2015-04,0.0433910671401233
0ffc2d_2021-06,0.1071238889051378
9af74c_2024-06,0.971705763311696
731908_2015-12,0.0074262186051015
bfbeef_2021-05,0.2253492477713563
8fb6f0_2025-08,0.9676769753913356
0f9e86_2022-08,0.9009119571535904
8fabe0_2018-03,0.1471320379703734
b416b1_2022-11,0.0536315374384096
db4cd8_2018-06,0.0521810847491766
b416b1_2020-06,0.9765902773654636
f461d4_2015-01,0.0200152705976113
d59611_2021-07,0.9573336035822352
1822ea_2023-08,0.8447249826628571
14fe3a_2023-07,0.9963756391431384
14fe3a_2023-10,0.0724220233379485
4fb2d3_2022-12,0.615847115313897
06534f_2023-06,0.9710667743045794
06534f_2023-07,0.9968208264260446
e83244_2025-01,0.5850211049457413
7199cf_2025-03,0.0234051560186903
e60b65_2019-11,0.9190114336004336
77b3b9_2019-12,0.965709307855409
fc77d0_2015-06,0.2237867468119717
987bc1_2021-10,0.9593332164974336
bfbeef_2022-08,0.6140172954875954
d86999_2017-06,0.0586032354341336
8fb6f0_2016-04,0.6668081304365469
5a0174_2023-11,0.9968064569898624
8fabe0_2023-03,0.9846901452826028
6838b9_2019-10,0.0660546567949114
77b3b9_2018-11,0.9469205821026462
375f2e_2022-05,0.8602749220482414
af81b0_2018-03,0.1225306194416186
29849f_2017-06,0.0899901477832093
b1de95_2023-05,0.9911762468841796
022433_2025-07,0.6980550259050485
6224d0_2016-11,0.0881508514848583
fb737b_2025-02,0.4574453019576016
e60b65_2023-01,0.990562304319222
e60b65_2025-02,0.7240316543830231
bc4c03_2022-08,0.7042991016062566
a25664_2020-09,0.9386489432873244
90abb1_2019-02,0.1313941005575539
375f2e_2018-12,0.259287453409157
9af74c_2021-11,0.970556731754156
bfbeef_2024-01,0.2392762898978012
b26809_2023-06,0.6697242033759541
9befc8_2022-04,0.0110578877368043
fc9334_2025-05,0.763737759101678
8fb6f0_2019-01,0.0959538254487716
dbb709_2022-11,0.1833440963703597
0f9e86_2020-03,0.7396581945012528
0f9e86_2020-09,0.7808853161337826
0f9e86_2022-02,0.1074851932023009
9cf1af_2023-04,0.2323650992772406
92dcdd_2018-12,0.0056474140255398
9befc8_2021-01,0.2178673950093602
4718d7_2015-03,0.0125232106853387
fb737b_2022-11,0.265215254178788
1698cf_2024-04,0.9934361363993864
77b3b9_2019-05,0.6060944426611137
77b3b9_2022-07,0.8008306067445159
34889b_2017-04,0.3073104138675731
14fe3a_2019-06,0.3212069578366028
14fe3a_2024-06,0.7272782760639483
8005b9_2018-01,0.0749389216140952
fc77d0_2015-01,0.0114842205279444
92dcdd_2022-05,0.1767583521496641
29849f_2015-01,0.0178621301564314
29849f_2023-11,0.8643506410046901
06534f_2023-09,0.944294465782869
3a13b3_2015-03,0.0120860257821561
e2314a_2023-01,0.9616439510183744
e83244_2016-11,0.3950803071639122
bc4c03_2018-12,0.0153460813984454
1698cf_2023-04,0.8694295582643349
77b3b9_2025-06,0.9993672782905428
4fb2d3_2018-08,0.309491987190201
92dcdd_2019-03,0.0162818807531827
8e41cf_2023-08,0.9030256812307584
8e41cf_2024-12,0.2805107087309629
d86999_2016-12,0.0397562763561217
9befc8_2018-05,0.0964592479330663
0f9e86_2018-09,0.1245927092033613
7199cf_2024-10,0.0503763436791962
7199cf_2025-02,0.0266639666790447
fb737b_2020-01,0.064393803600104
175155_2023-10,0.975982419591953
34889b_2019-12,0.2040770272079089
987bc1_2025-01,0.9925790506976914
af81b0_2018-05,0.0026052290942649
3db670_2019-09,0.9301068572844876
b73bc7_2025-04,0.7369384169226154
e83244_2015-02,0.0171808045033252
e83244_2018-12,0.3112290619845636
e83244_2022-03,0.9729300990745852
6224d0_2020-07,0.994749893909793
4718d7_2023-07,0.9429559749768964
fb737b_2022-05,0.3364545234664388
6f5e2b_2024-11,0.9589115297072184
a25664_2018-03,0.0612728217722164
a42d13_2015-05,0.2358107497182796
424c1b_2025-07,0.1413487022961312
90abb1_2025-07,0.9873457476662634
265164_2024-11,0.1971542848654681
987bc1_2014-11,0.1876426859268251
987bc1_2025-07,0.9932172494489846
8e41cf_2022-05,0.5820226299021655
731908_2023-08,0.4391482809558194
11f0e3_2015-09,0.0285536622373073
d86999_2018-06,0.0558371542501379
d86999_2019-02,0.0742953866794246
9befc8_2016-05,0.1837837825559071
780a0b_2016-05,0.1288958837704424
0f9e86_2019-08,0.6219314867359478
0f9e86_2019-12,0.1365092091618016
9cf1af_2022-10,0.2328774409622823
0e8d73_2024-04,0.0926136304026633
5a0174_2023-05,0.9628167641815244
bc4c03_2023-06,0.9680876077610696
259a19_2024-02,0.9976066026471992
db4cd8_2014-10,0.0218580324294305
14fe3a_2025-08,0.98047385077546
8005b9_2018-06,0.0503383754342284
b08ec1_2022-05,0.0727328854630839
fc77d0_2020-09,0.6755132180685077
9af74c_2023-01,0.8767652629783216
f1543b_2020-02,0.9176850470928796
c580aa_2014-10,0.0744017543610235
e83244_2020-11,0.9705940483240456
6f5e2b_2023-01,0.9798487170490836
175155_2020-03,0.9866755985127535
175155_2024-08,0.9861851751386638
532867_2024-03,0.0440150383817163
90abb1_2015-02,0.0288767306631842
9af74c_2019-07,0.8505824241048247
987bc1_2019-02,0.0687027722776595
4fb2d3_2021-05,0.9784906524958822
8e41cf_2022-06,0.5657785630915059
11f0e3_2020-07,0.9845526820048832
6224d0_2015-03,0.0095480698988111
0e8d73_2024-11,0.2478465984014423
f461d4_2014-12,0.0333173631376484
6838b9_2023-02,0.4953227935334816
a25664_2023-04,0.4804183108494665
b08ec1_2018-04,0.0076333664389473
92dcdd_2019-07,0.0408902279392173
af81b0_2023-05,0.3047222851536342
af81b0_2023-11,0.3414746226844461
af81b0_2024-11,0.7515636270233825
29849f_2019-07,0.0773166359682011
3a13b3_2017-07,0.1157935077392259
f4604d_2023-10,0.9521259188313972
90abb1_2025-05,0.9634902955650568
92dcdd_2022-08,0.3461128068194439
11f0e3_2025-07,0.6758819456499956
b26809_2024-09,0.8024430855114667
9befc8_2015-10,0.0621331980930615
9befc8_2020-02,0.1087123186555611
780a0b_2017-06,0.0812013053013257
780a0b_2024-09,0.9766053085647182
fc9334_2024-01,0.1337528500970772
9cf1af_2023-08,0.718688281087894
6f5e2b_2018-06,0.0416712244706423
6f5e2b_2020-12,0.9805973420644404
db4cd8_2019-11,0.1219619144631467
90abb1_2024-06,0.6266795121173945
1822ea_2021-08,0.9784601043592268
3a13b3_2019-05,0.8037917781855205
e2314a_2025-06,0.9284300707247306
e83244_2016-08,0.1367521173292889
6224d0_2021-08,0.9908491268308318
987bc1_2017-04,0.0111732546362335
4fb2d3_2018-02,0.0205344881775467
4fb2d3_2022-07,0.948692210438104
8e41cf_2022-08,0.8063747792646195
731908_2016-08,0.3656207223257902
9f1aa0_2022-12,0.0531542657975131
fc9334_2022-02,0.1033151603853847
fc9334_2022-11,0.073742056404389
8fabe0_2019-03,0.9693419934007922
b416b1_2021-06,0.9240614060107782
a25664_2024-05,0.997179505148966
db4cd8_2025-05,0.6417574107001859
d59611_2019-04,0.1455754120997964
34889b_2018-02,0.0395182279650795
1822ea_2024-04,0.4539814288704429
14fe3a_2014-07,0.0419141221719881
14fe3a_2018-05,0.003634849748989
b08ec1_2018-05,0.0058962661140468
af81b0_2019-09,0.0520658367548698
545d15_2021-05,0.8760672927008173
b1de95_2014-10,0.03507998530563
f4604d_2018-01,0.1153724232755667
531356_2014-10,0.0412310516909653
e2314a_2015-07,0.0294087200013896
e83244_2024-12,0.5802805995282632
0e8d73_2025-01,0.4632832501334355
1996b0_2025-08,0.2118509935857818
e60b65_2020-07,0.9785973680629902
175155_2023-06,0.981539340611172
a25664_2020-03,0.971671768290166
a25664_2021-07,0.9957222544351676
77b3b9_2019-08,0.9436240756967408
4fb2d3_2021-06,0.9928035162823226
8e41cf_2025-03,0.1509389561823391
bfbeef_2021-07,0.5123454344707121
780a0b_2021-04,0.1306564783140887
780a0b_2025-02,0.0547755233061586
987bc1_2020-04,0.9647539750592448
6224d0_2019-10,0.5740745218652921
4718d7_2022-01,0.987151083862312
0e8d73_2024-08,0.6890104435330339
0e8d73_2024-09,0.441853165417197
8fabe0_2022-06,0.9145200912806344
a42d13_2017-07,0.0736039979778769
259a19_2021-08,0.9914663620512244
90abb1_2022-01,0.5537332176697192
3db670_2019-08,0.976242157906963
b73bc7_2018-04,0.0603609600274593
531356_2019-03,0.1164753498400519
e2314a_2023-12,0.2707852607319626
e83244_2024-06,0.9882342136189964
fb737b_2020-07,0.8019275440560667
a42d13_2025-06,0.9677694255178008
90abb1_2015-03,0.0066279112175302
1822ea_2019-02,0.0201731403950817
fc77d0_2021-06,0.9891467436897337
4fb2d3_2019-02,0.1135095373130039
302d40_2024-01,0.0860126394431253
11f0e3_2021-02,0.0420100160037267
e427f8_2024-12,0.2877529264499537
9befc8_2015-05,0.013558555390568
9befc8_2015-07,0.0216573737506349
9befc8_2019-05,0.4117254634843231
780a0b_2017-12,0.0225220343773611
8fb6f0_2014-10,0.033871552026392
c580aa_2014-07,0.022018780657958
5a0174_2024-08,0.9969055656612856
a42d13_2023-10,0.6810917318558247
db4cd8_2021-05,0.9707085127996562
f461d4_2023-06,0.9701781119827454
77b3b9_2021-08,0.5384026837073388
90abb1_2023-05,0.5721788229482552
1822ea_2015-01,0.0385885617011275
1822ea_2024-05,0.7659766577105395
14fe3a_2023-05,0.9914975177530706
375f2e_2021-08,0.9748183590354516
29849f_2023-02,0.493420126367772
531356_2024-08,0.9650063101968074
e2314a_2018-04,0.0268646776442762
e2314a_2020-07,0.9587350195601912
e83244_2025-02,0.9381336158786622
11f0e3_2016-08,0.2645598042379951
11f0e3_2019-07,0.80799753831979
11f0e3_2024-03,0.1262501882592793
9befc8_2019-07,0.6278030820639524
8fb6f0_2024-07,0.7772464572533226
0f9e86_2022-11,0.0232327610083289
0f9e86_2023-02,0.0407531896129094
0f9e86_2023-05,0.5893627288160393
0f9e86_2024-06,0.8884102699111823
fc77d0_2014-04,0.0151954390706277
bc4c03_2024-03,0.3490181867679109
532867_2024-02,0.0474268442817827
db4cd8_2023-12,0.9933762583031656
77b3b9_2021-12,0.8018218032435472
14fe3a_2017-04,0.0793467690623732
b08ec1_2022-01,0.0821463840310291
9af74c_2023-04,0.4214697548377147
545d15_2019-02,0.0425256132456929
e2314a_2021-07,0.9725363403615968
e60b65_2019-10,0.9124922597178852
e60b65_2023-02,0.9916042112713416
a25664_2023-01,0.9944974316224195
4fb2d3_2023-08,0.981616626602945
92dcdd_2022-06,0.5188032658882316
302d40_2022-04,0.4595033445640035
731908_2025-01,0.3063838357611132
d86999_2019-04,0.3181855971187096
e427f8_2022-04,0.3215402727196917
e427f8_2024-05,0.7429874046045726
9befc8_2016-01,0.0304494109341285
9befc8_2015-12,0.0034108079847107
8fb6f0_2016-09,0.0749278809734959
a25664_2019-12,0.8598687560589754
77b3b9_2021-10,0.9074373341423512
34889b_2022-09,0.1625161894760055
92dcdd_2024-09,0.9535648373553808
29849f_2022-04,0.3338076903266537
a42d13_2014-04,0.0183424119770344
987bc1_2020-01,0.9878159280732478
987bc1_2023-12,0.9922991221914358
4fb2d3_2021-07,0.9953719364063124
302d40_2024-03,0.3574219035321926
9befc8_2019-11,0.1247007407944106
780a0b_2014-10,0.0318420782370508
8fb6f0_2016-11,0.0081071302233242
8fb6f0_2019-10,0.1659576799400683
8bd3ce_2024-09,0.961216512022988
0e8d73_2025-06,0.0277978509139253
f461d4_2016-05,0.0577728748520007
db4cd8_2014-12,0.0569227347884007
90abb1_2022-10,0.5534699991571922
8005b9_2022-03,0.987346456451724
b08ec1_2024-09,0.1866058670476136
fc77d0_2022-10,0.4563333384996728
375f2e_2023-10,0.9970440586006436
987bc1_2024-11,0.7184124255050132
7a007d_2024-08,0.9373683655820944
6838b9_2020-03,0.2862299357550687
1822ea_2025-07,0.9794408518403764
4fb2d3_2018-12,0.0853927178839554
8e41cf_2023-09,0.8623986441544587
11f0e3_2015-07,0.0153973780925085
bfbeef_2023-03,0.228002390189993
bfbeef_2023-06,0.9043661365729374
dc4b5e_2022-12,0.0363745076802089
9befc8_2019-10,0.0778434846387196
dbb709_2024-06,0.4682198174154113
8bd3ce_2022-04,0.0581801759952874
0f9e86_2020-10,0.9677027354505396
5a0174_2020-02,0.9976970673021536
5a0174_2025-03,0.8062759426817745
6f5e2b_2019-06,0.8844636435618278
175155_2025-03,0.9505067455690948
6838b9_2018-04,0.0444439822096476
90abb1_2024-08,0.9637899880769276
34889b_2021-09,0.97184349555743
14fe3a_2019-09,0.1892334466092216
fc77d0_2015-04,0.020727063114026
fc77d0_2019-07,0.8811666056396802
4fb2d3_2023-06,0.9530366052776894
af81b0_2017-07,0.1551084842607562
af81b0_2025-02,0.9959259834354082
af81b0_2025-03,0.9756222896238936
545d15_2019-08,0.0233583625907876
29849f_2016-09,0.0267609930821286
3a13b3_2024-04,0.9823767477324112
e2314a_2015-01,0.007079600232457
e2314a_2018-12,0.0028017175619664
424c1b_2024-07,0.1999172491184053
77b3b9_2021-04,0.945668758552464
1822ea_2019-10,0.3316277717117771
8e41cf_2025-06,0.9466175076942612
d86999_2018-09,0.0524834469884266
e427f8_2025-06,0.0653145493008661
9befc8_2017-09,0.0928004348346518
9befc8_2018-09,0.1314262772372442
9befc8_2020-09,0.8191136881459555
fc77d0_2015-07,0.0742291017560689
4718d7_2024-06,0.778259707178132
e60b65_2025-06,0.9738667605867376
5a0174_2021-09,0.9774116443230584
b416b1_2018-04,0.1534927569797825
b416b1_2022-07,0.7203877011581098
b416b1_2024-03,0.2365118348280765
259a19_2019-03,0.2575510170117062
7a007d_2025-06,0.9620037051068662
06534f_2024-11,0.8395384484922161
022433_2024-10,0.0080769676738014
e60b65_2019-01,0.4902708545039537
e60b65_2021-10,0.9898978872211036
175155_2017-03,0.0272579014716752
a25664_2017-05,0.6717446129872393
1822ea_2023-01,0.8922293125757922
265164_2025-05,0.0501470282872596
375f2e_2018-05,0.0070889475094375
987bc1_2015-07,0.1199215378526538
987bc1_2017-12,0.0593424272353737
8e41cf_2024-05,0.9219143897707024
302d40_2023-06,0.4837256862946554
302d40_2023-10,0.7687780339211313
302d40_2024-05,0.9499180023429444
e427f8_2023-12,0.1295055283792651
5a0174_2018-05,0.1982130676759608
6f5e2b_2018-12,0.2996320025700342
bc4c03_2024-05,0.7568981950401664
90abb1_2021-06,0.9658636006152136
fc77d0_2015-03,0.0093243386276497
9af74c_2020-02,0.9766959101000569
9af74c_2022-04,0.3166113476915307
e2314a_2015-10,0.0202186288202849
e2314a_2025-05,0.9703193345904416
6224d0_2024-04,0.9116033967550604
4718d7_2023-01,0.9284411880733052
f25ffe_2025-02,0.0582336244505348
1822ea_2019-05,0.0215051805517961
92dcdd_2023-11,0.9414220530139564
e427f8_2023-01,0.0587616914489927
9f1aa0_2025-02,0.090854230974867
780a0b_2022-02,0.0512718324207007
0f9e86_2021-06,0.1405570020971613
0f9e86_2025-04,0.4972506155321328
f461d4_2024-01,0.9975164499018054
8fb6f0_2015-09,0.2060721780738511
dbb709_2025-06,0.0975084447842287
4718d7_2023-02,0.2673781055559901
6f5e2b_2023-02,0.6173142481555669
175155_2023-07,0.9823726684784002
f461d4_2022-06,0.9296986677829288
1698cf_2024-03,0.9977053901303498
77b3b9_2024-01,0.4821712104194223
4fb2d3_2019-10,0.7236948023040072
92dcdd_2019-10,0.0199879499157572
2167be_2025-06,0.1028848982556071
3a13b3_2023-12,0.9957561612387948
531356_2018-05,0.1487950951209882
e83244_2015-08,0.029002547181491
0874ee_2021-08,0.1274377058606163
987bc1_2015-02,0.02106947672703
4fb2d3_2014-09,0.0501023406455848
d86999_2019-07,0.3525191191698865
9f1aa0_2018-12,0.0094278420263393
8fb6f0_2017-12,0.003225226836155
4718d7_2023-09,0.9984253792961756
4718d7_2024-04,0.8210419579185265
5a0174_2021-12,0.9871416399769528
6f5e2b_2019-09,0.8394818629567323
14fe3a_2019-05,0.232438478896232
b08ec1_2025-05,0.2965559572961811
3db670_2023-05,0.9973119917251494
531356_2015-01,0.0094868264254666
531356_2024-03,0.996368709558533
e83244_2016-10,0.514877523540653
175155_2024-02,0.9228852321106672
90abb1_2022-11,0.9834171836395756
302d40_2022-12,0.0922992816462186
e427f8_2025-04,0.0769565520558261
dc4b5e_2025-05,0.5482278510093608
9befc8_2020-12,0.693786251475838
9f1aa0_2025-04,0.2281301884684226
8fb6f0_2020-04,0.9825526096095358
3db670_2015-03,0.0124697582760645
f25ffe_2024-03,0.0247230942235932
77c35f_2025-06,0.4966680086239665
fb737b_2025-08,0.9770551493599084
e60b65_2024-10,0.648180575955634
bc4c03_2021-12,0.956604397999298
90abb1_2014-10,0.0148033408340957
90abb1_2014-11,0.0187476572653919
34889b_2019-07,0.9952140803849068
34889b_2025-01,0.5093187820492904
1822ea_2022-07,0.503483142275524
b07578_2025-06,0.5028106827715528
545d15_2020-01,0.1552701957658838
f4604d_2015-04,0.10768020705593
f4604d_2018-10,0.2116947203665476
f4604d_2023-12,0.9059576536177778
175155_2020-02,0.9956602669848073
175155_2021-11,0.997128703974123
77b3b9_2014-10,0.0196976981805083
d59611_2024-03,0.9904709949193014
fc9334_2024-04,0.3919887670698651
8fb6f0_2019-12,0.0741307251234787
8bd3ce_2025-04,0.5179799194678555
6224d0_2024-08,0.9878808540559612
4718d7_2025-03,0.9958506625669226
b416b1_2020-11,0.9867279502013462
f461d4_2019-09,0.911942129709299
259a19_2015-01,0.0328041177358285
a25664_2023-07,0.9797204015572368
f25ffe_2024-10,0.0531349394214107
d59611_2015-04,0.0445813303069563
af81b0_2023-09,0.1359795789899076
29849f_2019-01,0.560360383073131
29849f_2022-06,0.9645200884698464
f4604d_2019-12,0.5849335457016439
e83244_2017-06,0.0681926895446714
4ee2d2_2024-08,0.0147530957043038
4ee2d2_2025-04,0.0190647660194356
bc4c03_2022-12,0.937209382769818
a42d13_2018-04,0.0019482288908944
11f0e3_2025-04,0.1037207671227792
8fb6f0_2019-07,0.9542682310309648
8fb6f0_2022-01,0.1354775115878892
8bd3ce_2024-07,0.8433313950177914
fb737b_2022-04,0.2356675195652166
e60b65_2023-09,0.897143868489071
f461d4_2018-04,0.0212513280620538
bc4c03_2024-08,0.9399792446946752
77b3b9_2021-11,0.956569392311022
34889b_2018-01,0.0265378463835144
8005b9_2024-07,0.9877680237256516
375f2e_2023-02,0.8765245344771703
92dcdd_2022-09,0.4075796108213814
af81b0_2015-03,0.0207171665820589
3a13b3_2018-01,0.9102507849521452
e2314a_2021-05,0.986742415810238
e83244_2019-10,0.9415515634289048
e83244_2024-01,0.7314016818322665
fc77d0_2020-01,0.9819434425810024
d86999_2015-11,0.0635153055750726
b26809_2025-07,0.8566071355052272
0f9e86_2021-03,0.0387326819096404
7a007d_2019-06,0.3233147534947148
7199cf_2023-12,0.0463621198781941
0e8d73_2023-09,0.0521542961784745
1996b0_2025-02,0.5617309663862152
db4cd8_2024-09,0.7125248765297781
d59611_2019-08,0.4157273783263794
d59611_2022-05,0.9433651631169256
34889b_2023-06,0.9751709761329526
b08ec1_2018-06,0.0146467765588314
29849f_2018-01,0.3288365381119478
29849f_2018-04,0.3285079017466566
29849f_2019-03,0.5166359703767704
e2314a_2017-06,0.7004077838750725
e2314a_2018-02,0.0345284760488131
e83244_2015-12,0.0073856916595075
6f5e2b_2023-09,0.9610852462445711
175155_2017-06,0.4748923089036701
6838b9_2022-10,0.6217110943196149
a25664_2022-07,0.8896376266823208
11f0e3_2014-10,0.0624845474324684
11f0e3_2022-03,0.0191012534998654
b26809_2024-12,0.0705719554871232
dbb709_2025-07,0.0661986127405035
0f9e86_2024-11,0.1228099758938143
fb737b_2025-05,0.907058273884236
8fabe0_2014-08,0.0353288603235861
6f5e2b_2024-06,0.9707813559471556
b416b1_2023-04,0.9125542036714932
259a19_2015-04,0.0255366862563795
a25664_2019-07,0.7150078065760745
6838b9_2022-06,0.6239035696034696
d59611_2018-05,0.0112219991471856
14fe3a_2023-02,0.9443210223195276
29849f_2023-05,0.5398024470997401
29849f_2024-08,0.9878338477724332
3a13b3_2014-10,0.0334774485129174
3a13b3_2019-06,0.814201905931862
531356_2019-09,0.0843208321613005
531356_2024-04,0.9395222035840703
e83244_2022-06,0.9870182987308816
e83244_2023-07,0.9736095223875744
175155_2023-11,0.9958397549083317
77b3b9_2019-04,0.249288543986552
1822ea_2018-03,0.1274371251986538
1822ea_2020-06,0.9974063762187512
0ffc2d_2022-09,0.0080134913708591
987bc1_2024-08,0.9921205998316668
780a0b_2015-01,0.0151623215031888
780a0b_2016-04,0.6389232334270859
dbb709_2022-08,0.1156314896710014
dbb709_2024-12,0.59854264976028
e427f8_2024-03,0.4797588755834188
8e41cf_2018-02,0.0348688371256049
14fe3a_2023-03,0.949322201437459
fc9334_2019-01,0.0013828056137565
8bd3ce_2024-04,0.2964698035979956
731908_2024-08,0.6978313910468306
fc9334_2016-12,0.016425638974779
8fb6f0_2024-08,0.5826700528435572
8e41cf_2018-10,0.0248467823113084
8e41cf_2020-12,0.2698674324015245
8e41cf_2015-07,0.0130286973598777
b26809_2014-07,0.0220912172885512
780a0b_2023-08,0.5405925443153299
8fb6f0_2022-04,0.1987727635199721
8bd3ce_2016-01,0.0078671840301079
8bd3ce_2018-08,0.1258064371799947
8e41cf_2015-12,0.0124442201792326
e7a56d_2019-10,0.4006014404916327
74b7d1_2014-11,0.0137218011015148
8fb6f0_2022-06,0.7046571491827252
8bd3ce_2024-05,0.564432828041633
c48018_2019-01,0.0580285822766822
bfbeef_2020-10,0.7128077053140465
8bd3ce_2018-07,0.0115012907966098
b26809_2017-08,0.01211084982817
8bd3ce_2021-10,0.7620715342504792
fc9334_2020-09,0.995686845132688
9befc8_2023-02,0.0257221110586238
e7a56d_2025-07,0.7460418481254991
b26809_2023-01,0.4005019345883757
b26809_2017-05,0.0755770135407432
b26809_2016-09,0.4742994433786757
bfbeef_2018-01,0.0659757375907095
731908_2014-09,0.0234100581283447
731908_2015-03,0.0876381397526688
b26809_2018-03,0.0430559128030716
b26809_2018-10,0.96350432976787
b26809_2021-09,0.9675736622306748
9f1aa0_2015-04,0.3848075018659425
731908_2015-09,0.1285443008965213
731908_2022-12,0.0871066871744815
8bd3ce_2016-02,0.5439097748134869
8fb6f0_2019-03,0.2274205474478209
731908_2020-12,0.4551156241167237
fc9334_2018-05,0.0063854115626315
b26809_2017-10,0.0054148515409279
731908_2022-04,0.0317804914693433
bfbeef_2024-04,0.4465610588331909
74b7d1_2025-01,0.6611359371209032
fc9334_2021-01,0.9590151257719288
8e41cf_2020-10,0.2117392497958841
e7a56d_2025-05,0.992915786706099
bfbeef_2019-08,0.5394317112031755
fc9334_2017-02,0.0194191034248934
8bd3ce_2018-02,0.0205537703151822
8e41cf_2021-07,0.0467415090594917
8e41cf_2024-06,0.8067154925643627
b26809_2014-12,0.0061413789388979
fc9334_2018-08,0.1032135199850745
731908_2022-11,0.070520513764766
bfbeef_2019-07,0.6623509010680091
bfbeef_2022-02,0.1138814181609995
fc9334_2018-03,0.0085863094658237
8bd3ce_2021-06,0.3929460000145196
731908_2023-11,0.8446050261239555
780a0b_2023-04,0.1336085181868366
fc9334_2017-08,0.6999827187244109
8bd3ce_2020-02,0.6090726509640896
8e41cf_2018-06,0.0550688494238399
e7a56d_2024-07,0.8824017471644512
0874ee_2014-11,0.2811718151524133
731908_2021-02,0.0466517719268093
8e41cf_2017-01,0.0358895198679068
731908_2022-09,0.9968081808695816
dc4b5e_2023-03,0.1246840970856099
fc9334_2017-12,0.0075249977424471
8bd3ce_2019-11,0.2676777431727289
b26809_2017-06,0.0138056852261347
0874ee_2014-10,0.0308703626402588
a97df3_2022-05,0.0139309547259981
a97df3_2025-06,0.6833492209223294
731908_2021-01,0.5900646291716845
4718d7_2018-05,0.0133591464485304
9f1aa0_2016-07,0.1201032061980931
9f1aa0_2019-12,0.0409977594698219
b08ec1_2019-03,0.1779480676481155
4718d7_2021-09,0.7920298137644648
5a0174_2014-10,0.0078326883812999
fa8553_2021-08,0.0638819713803897
fa8553_2021-12,0.0474832693509208
513080_2025-04,0.0341656709418013
14fe3a_2024-02,0.995070826773148
fb34b4_2023-07,0.1271673507855267
bf6f0d_2019-08,0.131298482766163
fa8553_2024-07,0.0799909773899772
513080_2021-12,0.0130290556935435
dbb709_2023-05,0.4854529898351362
d59611_2025-07,0.800099060147758
6f5e2b_2014-06,0.0207184106954216
77b3b9_2018-05,0.0023292551378304
948a11_2023-07,0.0887796239383757
7bf5c9_2020-10,0.4947573097906669
d59611_2020-03,0.980951447493204
175155_2018-07,0.4992007519680514
9f1aa0_2023-04,0.1898534052439804
a25664_2019-06,0.5167405067772372
9f1aa0_2014-04,0.0083388782045267
fa8553_2023-11,0.0821800211313697
5a0174_2016-11,0.0252371397568716
f500c5_2017-07,0.5774699278623843
6c1954_2023-06,0.0263090318536201
510fbf_2024-02,0.0271430455981413
d59611_2021-01,0.8968951585979815
5a0174_2021-10,0.9917134985030142
6f5e2b_2015-02,0.0191619705257668
f500c5_2018-03,0.3281544888034099
6c1954_2019-08,0.0806369383487705
9f1aa0_2014-09,0.0572323668115812
d59611_2018-10,0.4640869656187534
375f2e_2022-12,0.998418368264778
9f1aa0_2016-01,0.0323852063407717
513080_2024-02,0.0155807396947392
14fe3a_2015-04,0.1448081469388145
b644ac_2024-11,0.0369798471226604
77b3b9_2019-03,0.3322476999013599
77b3b9_2022-02,0.969302980312322
4718d7_2019-05,0.6517965855596356
9f1aa0_2018-11,0.2612900911559964
9f1aa0_2019-03,0.0312531606314408
fa8553_2022-07,0.1022246424888596
d86999_2025-03,0.959107644799979
d86999_2025-06,0.7216571427751919
948a11_2025-07,0.2467279084974042
175155_2021-08,0.9535048385011744
fa8553_2023-02,0.0594271128825147
d86999_2021-10,0.4760716468013139
d86999_2025-07,0.7705373732276033
6f5e2b_2020-07,0.9812199222153496
6c1954_2024-12,0.606881325353375
375f2e_2020-10,0.9921527912539924
77b3b9_2021-09,0.835375720390724
bf6f0d_2025-07,0.9503526625765456
bc4c03_2016-08,0.452596797733308
7bf5c9_2020-08,0.7949123921044642
9f1aa0_2017-04,0.0311460144256982
302d40_2022-11,0.2919083911285853
d59611_2015-02,0.0271986907769069
f500c5_2019-03,0.409358661864843
e427f8_2022-07,0.0881389155502682
513080_2024-09,0.1063557403686687
f500c5_2015-04,0.0139215917379603
4718d7_2018-01,0.1332475982450893
a42d13_2014-11,0.0197460645582026
92dcdd_2021-07,0.3062462315556836
948a11_2024-08,0.3757478962274235
8fabe0_2021-09,0.9717373587449004
8fabe0_2025-07,0.9615719901715364
9f1aa0_2021-08,0.5012131854696865
510fbf_2023-08,0.4858515429303975
510fbf_2025-08,0.715170759213033
a42d13_2016-04,0.0049956277461175
7a007d_2014-12,0.0026714298647346
f500c5_2024-04,0.9891581794169052
513080_2022-03,0.0216381814057293
7bf5c9_2015-09,0.0580616248830917
948a11_2024-07,0.6574655221906016
510fbf_2022-09,0.0561962665369698
510fbf_2023-05,0.0548774281911301
d59611_2019-07,0.7983228869115002
1698cf_2021-10,0.989818468606274
d59611_2023-03,0.9140500985500812
e60b65_2015-03,0.0082958487972061
f500c5_2024-02,0.972202828749416
9f1aa0_2021-11,0.0461142664558405
510fbf_2022-11,0.0177794272337017
11f0e3_2019-01,0.0094164014419107
bfbeef_2015-03,0.0229145359512373
0cecbd_2019-12,0.9093885308384976
bc4c03_2020-04,0.9987100740490832
bfbeef_2016-08,0.571158559820843
0cecbd_2024-06,0.9908344643169152
8fb6f0_2019-05,0.6211990736076989
0f9e86_2018-05,0.4186112071237806
11f0e3_2017-05,0.2364875173459385
af81b0_2018-10,0.1047039104971629
0cecbd_2023-12,0.9105633742708534
11f0e3_2019-03,0.0124341409294208
0f9e86_2016-05,0.6159014102520849
0cecbd_2018-12,0.0605914495312761
0cecbd_2019-05,0.4057813553408311
b73bc7_2019-09,0.8411852598524899
175155_2024-04,0.9021716007336348
11f0e3_2014-09,0.0701034904118661
4fb2d3_2024-07,0.9841726119081526
6224d0_2021-11,0.9898220898024054
987bc1_2018-04,0.0032278641524059
98a151_2015-03,0.0087423161148365
dc4b5e_2019-08,0.8022180436144392
e3af0e_2015-01,0.0180392357985989
60a0fd_2014-12,0.0155135859669074
60a0fd_2019-11,0.5986301212356968
894378_2025-06,0.9153730175448476
e3af0e_2018-02,0.0055675746472
98a151_2014-09,0.0313782072229525
60a0fd_2015-02,0.0121754961984554
a97df3_2021-11,0.3205191058477363
60a0fd_2018-01,0.0313305423621965
60a0fd_2014-07,0.0185823569826449
60a0fd_2014-08,0.034484017364131
7a007d_2025-01,0.2465505012016242
98a151_2015-02,0.0137524686156502
375f2e_2019-10,0.0848600792819092
7bf5c9_2023-05,0.9727662425805444
1bdb97_2023-10,0.093136236120864
88a9a6_2024-08,0.5724940229532748
829a72_2024-10,0.9891694404030364
f500c5_2017-05,0.3992411552230742
c5df88_2022-06,0.4607687429903241
98a151_2019-12,0.9835484989879558
4f2b6b_2023-05,0.0237378178463865
e2e0ce_2020-05,0.9053004341443898
2ab8ad_2017-02,0.2357867715488754
2ab8ad_2020-03,0.8193535243258352
c5df88_2023-07,0.8361161486800338
7aa803_2020-12,0.538660140139416
f500c5_2014-11,0.024003802722216
1698cf_2021-07,0.9922736496724666
e2e0ce_2024-04,0.68784778580818
74fb1f_2023-12,0.7581226684595384
f500c5_2022-10,0.9669689423627594
293190_2014-06,0.0528724781527041
2ab8ad_2025-01,0.7857886817802748
7aa803_2020-01,0.5546899742291455
e3af0e_2021-04,0.976115787918526
e3af0e_2025-02,0.9684734494822064
7bf5c9_2017-02,0.1524842686472606
bf6f0d_2018-04,0.0651701082379467
2ab8ad_2020-05,0.5887438029182964
7aa803_2021-03,0.5368843835093162
34889b_2017-06,0.1846316044723029
34889b_2017-07,0.5245857960115223
2ab8ad_2022-12,0.4290217007013222
2ab8ad_2023-10,0.8402503801366236
c5df88_2021-01,0.3294145551250968
74fb1f_2023-08,0.7094533705049809
e3af0e_2025-06,0.9898121060689974
f500c5_2016-02,0.0756675733630888
f500c5_2019-09,0.6501879967205086
18defd_2015-01,0.0144166837617945
e2e0ce_2022-08,0.7585943181083904
2ab8ad_2023-08,0.6900506403980255
7aa803_2021-05,0.9695078002902308
c580aa_2018-04,0.9175114908152066
f500c5_2018-06,0.2468412628708809
2ab8ad_2022-08,0.2755673535204855
74fb1f_2020-07,0.1420966734584795
9b46ed_2022-06,0.1006619705859772
d86999_2024-04,0.9705707125195282
7a007d_2016-05,0.0308031195611905
1bdb97_2022-08,0.3449938613606761
c5df88_2015-02,0.2042280269260659
f1543b_2019-06,0.2450663003847402
b08ec1_2014-06,0.0106333096733563
293190_2021-09,0.7779265409814906
e2e0ce_2018-12,0.035572718615242
74fb1f_2021-07,0.838117503636796
f1543b_2021-05,0.7946479705042716
f500c5_2017-02,0.0295537667675976
f500c5_2021-04,0.8671061551573377
b08ec1_2014-05,0.0371290073254738
6f5e2b_2020-08,0.870885727853531
293190_2022-07,0.7128721829391946
18defd_2023-12,0.3675761934159004
2ab8ad_2024-02,0.9013086921240068
74fb1f_2015-02,0.0382480487812181
88a9a6_2024-05,0.6310140567632077
c3a69f_2022-06,0.6641680716957115
9b46ed_2021-06,0.3575377169017278
9b46ed_2022-12,0.9751553964127097
829a72_2022-10,0.893170357025608
e3af0e_2022-04,0.9928747563898686
c580aa_2018-05,0.79875877875173
fb34b4_2025-07,0.1713630105884323
1698cf_2020-08,0.9926194446264276
c3a69f_2022-07,0.9895862932107994
c5df88_2021-05,0.9235340487518832
7aa803_2025-02,0.9968361525605164
9b46ed_2021-12,0.843261544012526
98a151_2023-10,0.9601498678164776
f500c5_2017-09,0.336366880696291
f500c5_2024-01,0.4489939570914245
cd0e60_2022-06,0.202338818810687
cd0e60_2022-08,0.6435980195697595
7aa803_2015-01,0.0192801982470868
98a151_2021-10,0.998631316616979
94f933_2025-08,0.2978787266940039
293190_2021-06,0.9790897861375384
c5df88_2014-11,0.0098516537844683
98a151_2019-07,0.9294248712805724
829a72_2019-09,0.9647317083565417
7bf5c9_2024-08,0.9903731757445208
34889b_2022-10,0.1706801588588415
8fabe0_2025-05,0.822520138616158
293190_2020-10,0.9811703946651572
e2e0ce_2020-11,0.5494996334793365
88a9a6_2024-11,0.7056647230407128
f500c5_2019-11,0.7292713301268511
fb34b4_2023-10,0.026789467632943
5a0174_2020-08,0.9813102109283988
7aa803_2022-05,0.6865974930185887
9b46ed_2022-01,0.2213734430880863
98a151_2019-11,0.9621130008031132
98a151_2023-08,0.8848291235490234
7bf5c9_2019-04,0.2919238175572525
74fb1f_2015-01,0.028920956327297
293190_2021-04,0.3663984179005665
2ab8ad_2024-05,0.6292964563425693
7aa803_2020-07,0.9058174713855014
829a72_2022-08,0.6628829049426296
60a0fd_2025-08,0.9883937090051896
db5006_2021-03,0.805012444843948
74fb1f_2023-06,0.8311872746066744
60a0fd_2024-06,0.9284834071387132
b08ec1_2022-10,0.056219290227954
e2e0ce_2024-05,0.690922331101211
829a72_2025-05,0.985294927372242
a97df3_2025-08,0.9472796836145008
f500c5_2022-08,0.996553882145844
293190_2024-04,0.6387755556684147
7bf5c9_2019-05,0.1483026527848713
74fb1f_2024-08,0.8601501010258403
60a0fd_2023-05,0.9964257714517832
0ffc2d_2021-11,0.0380227672333762
022433_2023-10,0.0424429005554991
1b9e65_2015-04,0.0415489021329446
8fabe0_2023-09,0.9984322878138722
e7a56d_2019-12,0.9600894529348376
db5006_2017-06,0.1188342169766866
1b9e65_2024-02,0.7792150370888715
0ffc2d_2023-03,0.0304114870117119
259a19_2017-06,0.0930475466591009
c48018_2019-09,0.7900132547009815
db5006_2020-02,0.4182501035479226
db5006_2022-01,0.8526666717491073
1b9e65_2018-01,0.1484954851562595
29849f_2023-06,0.9905622690251422
b07578_2024-06,0.4158015441960826
db5006_2022-06,0.8849330429313597
c48018_2014-06,0.019533473908204
1bdb97_2025-02,0.071448334762204
1b9e65_2022-12,0.2333091259115394
fc77d0_2014-07,0.0134762488135419
1bdb97_2023-04,0.3736958331183814
18defd_2025-04,0.8764326782457785
1b9e65_2024-11,0.8152923967056506
db5006_2024-07,0.9509022124311728
fc77d0_2018-12,0.0055834032398947
f4604d_2022-04,0.7712228150712945
531356_2022-08,0.2453578139981018
0ffc2d_2022-04,0.0029907506517254
bc4c03_2018-01,0.0240777293269213
f4604d_2022-07,0.735156447405915
1b9e65_2017-04,0.1554706777575131
6224d0_2018-10,0.9815417282085874
db5006_2024-03,0.8205336066183497
f4604d_2017-04,0.0766746454934465
1b9e65_2019-03,0.0962717865036292
34889b_2018-12,0.1429652446499681
f461d4_2015-08,0.1124005666683191
e7a56d_2022-01,0.8323221735688529
5a0174_2017-11,0.0987390919433853
c48018_2019-12,0.944227365412064
db5006_2021-02,0.6024958803673027
29849f_2022-09,0.4764229180880106
6838b9_2019-01,0.0157475011122332
1b9e65_2022-11,0.6339231889853836
1b9e65_2023-03,0.123585075710349
92dcdd_2021-09,0.0521344116549186
022433_2023-01,0.228437862370327
531356_2018-01,0.4695210831995846
1b9e65_2024-08,0.9942194415102268
f461d4_2015-10,0.0462413382512319
022433_2023-02,0.0256852256399009
db5006_2014-11,0.0551831731494222
db5006_2019-10,0.5939052311003479
db5006_2025-08,0.9675753260963446
e7a56d_2024-01,0.9960998117085504
0ffc2d_2020-08,0.1109353282801743
1b9e65_2019-09,0.3095065379115918
175155_2021-09,0.9683239456773284
7bf5c9_2021-06,0.9976956053853292
db5006_2022-09,0.9963868269849492
29849f_2018-03,0.7541767892660572
b59bc0_2015-09,0.122750211295233
db5006_2019-08,0.8196394081535404
022433_2022-09,0.0628814209413679
3db670_2019-10,0.981304996906584
c48018_2024-02,0.1744585838150441
1b9e65_2020-06,0.970635957122824
db5006_2020-01,0.7873013200915934
022433_2023-03,0.0279153199004869
f4604d_2021-10,0.8791481966272543
1b9e65_2018-04,0.0269271952367379
c3a69f_2021-11,0.5994769007906896
fd589c_2019-09,0.0893998595835623
c5816f_2024-07,0.917961193264796
c3a69f_2025-04,0.9275982019031016
e361b7_2021-03,0.9084889640688412
6c1954_2025-02,0.9693271628607162
e361b7_2023-06,0.9557008785928722
3db670_2016-04,0.0121719041946659
259a19_2020-12,0.973003159844388
19fa84_2022-12,0.3395003413681678
e4bc80_2019-08,0.0393853249588747
8ec563_2023-12,0.8163940664010573
8ec563_2024-07,0.9551070638235244
19fa84_2022-07,0.3872340444650455
fd589c_2019-08,0.2178341781399351
b73bc7_2016-05,0.3292277873102103
c5816f_2023-07,0.958886973270646
19fa84_2023-11,0.8173400971218369
fd589c_2020-01,0.9528752632384236
e361b7_2023-08,0.9968793407668284
e361b7_2025-01,0.9689638928902352
e4bc80_2022-06,0.6317129296728353
e4bc80_2024-03,0.9071559331919198
7bf5c9_2020-07,0.811175582984341
3db670_2021-09,0.9957719397629846
894378_2020-11,0.2066067921693824
c5816f_2023-09,0.7656161578199915
c5816f_2024-10,0.9398506487723332
6c1954_2023-02,0.0072638778984309
b73bc7_2019-05,0.9740467961284308
60b690_2025-06,0.2672368101399542
c5816f_2023-11,0.8898691093170775
8ec563_2023-06,0.9084754178713172
fd589c_2024-08,0.7665851637578466
7bf5c9_2024-11,0.6629503875749275
3db670_2021-08,0.997216175873508
894378_2022-11,0.3890931823743242
e361b7_2024-10,0.9167281476225112
19fa84_2021-12,0.0271333671268347
c580aa_2024-05,0.980278519526358
439fde_2024-08,0.7219788605940558
c5816f_2025-04,0.9411626833745008
8ec563_2020-11,0.1250550535688638
8ec563_2025-01,0.9613344780818666
fd589c_2022-12,0.7775590366150601
f1543b_2014-11,0.0132295250377222
c3a69f_2024-10,0.8452218503077246
894378_2023-04,0.9314595359658268
8ec563_2019-03,0.4947397342028741
19fa84_2023-09,0.6829167569755259
fd589c_2023-11,0.8500216916157355
e4bc80_2019-09,0.0905656525806612
b73bc7_2025-05,0.9696567898268476
c3a69f_2020-02,0.4530732250315671
c3a69f_2024-11,0.6148095863154344
894378_2023-03,0.8898203914406949
8ec563_2022-02,0.0970689081067807
e361b7_2025-02,0.9597048622695696
3db670_2025-02,0.5547278482903254
3a13b3_2020-05,0.9367527731229274
c5816f_2021-12,0.0770917565094118
fd589c_2021-11,0.1501706389549165
c3a69f_2024-12,0.7624944691435989
1bdb97_2024-12,0.4063893350017236
894378_2023-08,0.7796443615031816
19fa84_2022-08,0.4051357678873079
19fa84_2024-10,0.9223924056943034
7a007d_2025-02,0.2955342946447699
8ec563_2023-09,0.9427708317340088
c3a69f_2023-10,0.3060628145668381
894378_2019-05,0.2743170691128635
e4bc80_2023-04,0.939054709617274
e4bc80_2024-04,0.9619819087425076
8fabe0_2022-01,0.9581367410937088
894378_2024-02,0.8692007184207601
e361b7_2020-03,0.8911871882149972
c3a69f_2018-02,0.3628743599227418
e4bc80_2023-02,0.7773115324233804
8ec563_2022-10,0.5808087659827217
b1de95_2020-11,0.7930631655040696
894378_2024-06,0.9884199998189794
fd589c_2022-06,0.2075910342767183
fd589c_2024-06,0.9531680856592828
e361b7_2024-09,0.479427606547689
e4bc80_2023-06,0.9767217703640748
14fe3a_2015-11,0.101442302728689
bf6f0d_2016-08,0.1281764088135134
db5006_2015-08,0.2240773757407063
98a151_2015-12,0.0655979457554392
bf6f0d_2023-12,0.9792330274472092
db4cd8_2015-05,0.096983789632295
db4cd8_2020-01,0.9650796615873026
14fe3a_2017-09,0.0844113637888355
14fe3a_2017-10,0.2408067559321696
cd0e60_2019-09,0.1360778216434209
d59611_2017-08,0.1306509847574001
259a19_2015-06,0.0255044499604901
4f2b6b_2025-01,0.0301798836902889
bf6f0d_2016-09,0.1049592112156016
cd0e60_2020-10,0.6709122875057415
cd0e60_2022-05,0.0688938678721568
f1543b_2025-06,0.9758290190237912
022433_2021-05,0.0316415881509767
293190_2019-01,0.372761894516225
7aa803_2017-04,0.3837394147994958
f1543b_2024-07,0.941795191485486
022433_2021-06,0.0479317214365612
7aa803_2019-09,0.7591731206378507
7bf5c9_2024-12,0.2124959440477138
f1543b_2014-07,0.0332747209032844
f1543b_2024-12,0.8980573373991493
2ab8ad_2021-02,0.9817893359820672
f1543b_2017-12,0.0389504350062714
f1543b_2022-05,0.9799083200298736
dc4b5e_2019-05,0.117786140242489
e2e0ce_2022-11,0.970951728611387
2ab8ad_2024-09,0.9510849219441864
022433_2020-12,0.0184500326053731
293190_2016-09,0.1334592687152208
74fb1f_2021-08,0.95208240920132
9b46ed_2023-07,0.980033314280364
f1543b_2014-05,0.0218300703517343
293190_2019-08,0.2648621350886733
c5df88_2022-11,0.8279039703900506
f1543b_2022-08,0.9782366507158168
7bf5c9_2022-12,0.8769641939922469
7aa803_2020-06,0.2917737201373143
7aa803_2023-07,0.7152972400625811
9b46ed_2023-12,0.991523804822712
293190_2016-06,0.1870831064239897
f1543b_2014-09,0.030699235926283
e2e0ce_2020-02,0.9220316489882544
74fb1f_2020-04,0.3322199149732358
2ab8ad_2019-08,0.026038011903602
74fb1f_2017-06,0.13623281842867
74fb1f_2018-05,0.4624505242140659
f1543b_2016-05,0.1091279705571776
f1543b_2024-04,0.918946259264722
f500c5_2014-03,0.0115747307849595
a42d13_2017-11,0.0078286467072246
6224d0_2017-06,0.0569769162496056
77e86b_2025-02,0.8902426309679166
94f933_2024-06,0.2837253027907627
c3a69f_2023-08,0.2547508793546705
94f933_2024-09,0.0700011004178753
18defd_2024-11,0.9335222642247786
94f933_2024-01,0.0384366512925848
948a11_2025-04,0.2421415825074165
948a11_2024-12,0.6642896916400982
7aa803_2018-04,0.5346209949831238
f1543b_2018-09,0.4890257438241561
c5df88_2018-05,0.525023051565784
29849f_2017-02,0.1095471784016298
c580aa_2023-11,0.992231344408395
293190_2019-12,0.4370683976994305
e7a56d_2014-10,0.2542083458215112
829a72_2022-04,0.9935451741936842
74b7d1_2023-05,0.932932476580934
829a72_2017-10,0.1089853982320693
e3af0e_2023-08,0.998394225170587
cd0e60_2021-12,0.8988453698749163
74b7d1_2022-06,0.4019223291605691
2ed4f9_2025-07,0.0073291200865816
60a0fd_2024-05,0.971662021676296
cd0e60_2023-05,0.0961147867483503
7bf5c9_2015-05,0.0116057634553565
7bf5c9_2018-10,0.39497516273002
b1de95_2017-06,0.3910404827802979
e3af0e_2021-02,0.8332106020329726
7bf5c9_2026-03,0.9793314724720484
60a0fd_2021-05,0.5289797303071547
e3af0e_2025-08,0.976404062488596
0874ee_2017-02,0.932498775139399
98a151_2017-09,0.2678498155517508
c48018_2015-07,0.1822549213843035
6da35b_2024-02,0.1931270824785598
98a151_2022-02,0.682732386525235
6da35b_2024-10,0.0483983093647628
7e646c_2023-10,0.033738826632268
6da35b_2025-05,0.2460284008118577
98a151_2023-11,0.9774965830813116
77e86b_2022-05,0.0960627305560689
e3af0e_2018-12,0.072617555258184
6da35b_2025-01,0.4107919876151954
5ecf9b_2022-10,0.4104718061329545
829a72_2017-04,0.0967438683385697
829a72_2017-07,0.0322830002145589
829a72_2022-02,0.9755644915619882
6da35b_2023-04,0.0643091726285671
60a0fd_2021-09,0.9941074980006552
7e646c_2024-01,0.1856841896686773
98a151_2016-11,0.1188046929472198
60a0fd_2023-03,0.9843385759201976
e3af0e_2021-11,0.971644626971437
6da35b_2024-08,0.2318064710298079
7e646c_2023-09,0.0125444095351701
b644ac_2024-02,0.281061461827767
7bf5c9_2025-12,0.9938059082882628
7bf5c9_2025-01,0.4832431351434029
7bf5c9_2025-02,0.9697099378234892
77e86b_2025-06,0.989961518233852
e3af0e_2022-02,0.8342125606888914
98a151_2020-03,0.9748367693588524
6da35b_2024-03,0.2688040102089924
98a151_2018-06,0.0464038129156536
829a72_2022-06,0.9932066056471276
e3af0e_2019-10,0.945683214169425
e3af0e_2021-05,0.3066781502548257
19fa84_2015-12,0.1455896583636827
6da35b_2023-02,0.0694329032387477
7bf5c9_2016-09,0.0844193258737567
19fa84_2016-01,0.0874844477647277
7bf5c9_2022-06,0.9170180429743672
c5df88_2019-11,0.25864938804316
6224d0_2020-04,0.998719048963508
6224d0_2020-06,0.9983119410456254
2ab8ad_2015-08,0.0855607888884675
8d0588_2024-09,0.9552606339892836
b0ff51_2015-04,0.0500437113147198
b0ff51_2022-12,0.8999361354881696
b0ff51_2023-12,0.8917714259265422
8d0588_2017-10,0.7190276741192699
b59bc0_2017-04,0.2250738332340469
2ab8ad_2016-01,0.0666100162757336
8d0588_2014-06,0.0570339776766106
b59bc0_2014-06,0.1699406241731965
b59bc0_2019-01,0.8686710332041403
b59bc0_2020-01,0.9822588482133504
b0ff51_2016-04,0.1226085246995223
b0ff51_2025-04,0.8371436273420071
8d0588_2024-10,0.9918956148110378
b59bc0_2014-07,0.0363125735911297
8d0588_2017-03,0.1129015336656809
8d0588_2015-03,0.0705480744373663
8d0588_2022-09,0.6171682637554555
b0ff51_2020-08,0.9735244545334354
b59bc0_2023-02,0.99004175235479
b0ff51_2014-10,0.0905679836226676
b0ff51_2024-01,0.9747066107431552
8d0588_2021-04,0.7860042866305045
f1543b_2017-03,0.0621704351567637
77e86b_2019-10,0.3098234461284259
b0ff51_2021-11,0.9898450585411184
8d0588_2022-11,0.5869289626694654
b59bc0_2014-03,0.1161241123791723
b59bc0_2022-12,0.8859855153610928
b0ff51_2021-05,0.9902063616070595
b59bc0_2015-01,0.05957370473243
b0ff51_2024-09,0.9585231824624524
b59bc0_2019-08,0.8959387734899198
b59bc0_2019-11,0.9151918740707632
8d0588_2017-05,0.2899574965987393
8d0588_2021-09,0.993269134200792
b0ff51_2017-03,0.870885003747703
b59bc0_2018-04,0.385470235349926
b59bc0_2025-05,0.9827578881805876
b0ff51_2022-05,0.7493570282333133
b0ff51_2025-06,0.8347125686231761
829a72_2015-10,0.6806113162587428
98a151_2015-09,0.656507341918948
b08ec1_2016-03,0.021924751841966
b416b1_2017-02,0.2973600953153924
77e86b_2018-08,0.2000081452162779
545d15_2023-01,0.8858589546827274
ab32d7_2024-08,0.8360021695318571
6224d0_2015-09,0.0324168077104543
74b7d1_2021-12,0.1829367430239761
c580aa_2020-01,0.9455974354108646
ab32d7_2023-08,0.8711181561380787
9b3bd5_2025-01,0.2293700920369036
545d15_2025-11,0.9183073325709996
545d15_2022-07,0.6550180805926878
ab32d7_2022-07,0.7544790890715113
5ecf9b_2024-07,0.700007004834506
c580aa_2017-02,0.9897050468693616
ab32d7_2023-09,0.6074505884933353
545d15_2024-07,0.9918246302477012
545d15_2024-10,0.9915774891706104
545d15_2025-10,0.9915977530655842
ab32d7_2023-06,0.900513605615896
8b98f3_2022-12,0.0299894981249834
545d15_2022-12,0.6475293019346767
545d15_2023-06,0.9578376488763456
4f2b6b_2023-01,0.0324436877409142
0cecbd_2021-11,0.8332779871723018
7a007d_2018-07,0.5973771779918242
4718d7_2020-11,0.9847518893947372
74b7d1_2020-04,0.8107026931168071
8b98f3_2022-11,0.1775310595390271
74b7d1_2020-11,0.9353959545739564
5ecf9b_2025-06,0.6055035427921268
ab32d7_2023-10,0.2939860383334632
5ecf9b_2024-03,0.3805810624761143
8b98f3_2022-09,0.2248159685072449
8b98f3_2023-10,0.6502840707868542
ab32d7_2023-03,0.1759223334488027
77e86b_2015-02,0.0139956374084735
259a19_2017-05,0.1276023928820139
948a11_2024-03,0.7541956558303152
1698cf_2021-02,0.8252462088096557
6f5e2b_2014-10,0.0051819376957892
e361b7_2015-03,0.1143628132130109
b73bc7_2017-04,0.860778384238549
b73bc7_2023-05,0.9806548166774156
fd589c_2015-06,0.4064160283706723
894378_2021-06,0.9632342213888564
8ec563_2016-07,0.3398786219566467
e4bc80_2021-06,0.5376037427435911
894378_2018-05,0.2086758556065078
19fa84_2017-06,0.1468441889112056
c580aa_2016-02,0.1213700646424876
3db670_2022-02,0.9873759425692252
3db670_2018-11,0.93535558969335
19fa84_2017-02,0.2939578927019973
19fa84_2022-02,0.0904064709604308
06534f_2022-06,0.9345832660320328
e361b7_2019-02,0.1241802110826266
3a13b3_2023-09,0.9970803737589408
8ec563_2019-05,0.373518916820626
06534f_2017-11,0.8913096818921747
fd589c_2016-02,0.2466778342837481
e361b7_2018-03,0.0989172849605012
e361b7_2019-01,0.2048586669748
e4bc80_2019-01,0.0423402003249078
19fa84_2015-04,0.1336787948278098
3a13b3_2023-03,0.9962167877066014
e361b7_2018-10,0.8173378912400528
1bdb97_2024-03,0.0755453590001175
3a13b3_2022-07,0.9964095526167036
b73bc7_2015-07,0.2225613200728403
b73bc7_2020-10,0.9132104266455738
e361b7_2019-12,0.1180859659963751
c5816f_2024-02,0.8690728759746632
8ec563_2018-12,0.4467246170866797
8ec563_2020-01,0.8862546363984631
c5816f_2018-03,0.2321527466172325
fd589c_2014-06,0.0427217920532179
894378_2021-07,0.3584215729415103
74b7d1_2019-05,0.0117837229114032
3a13b3_2024-06,0.9971414243019316
19fa84_2016-05,0.1206271275598626
3a13b3_2025-03,0.9928568880796308
c580aa_2025-01,0.9623061559859696
3db670_2024-12,0.9577677375764824
b1de95_2021-04,0.9417453055686144
b1de95_2022-06,0.9182830008845042
e361b7_2016-02,0.8653360783986329
0874ee_2014-06,0.0156682492780513
b73bc7_2023-07,0.9827520496964834
3db670_2018-07,0.7888047316661218
fd589c_2016-01,0.28910991579299
e4bc80_2019-06,0.1319215086798887
894378_2019-07,0.9130068315603654
3db670_2015-08,0.0173404392168145
3db670_2025-09,0.9970932311845424
894378_2025-03,0.9650460022317884
3db670_2015-09,0.023283536692497
b1de95_2022-11,0.9293502727988848
3a13b3_2016-08,0.0187751616358765
3db670_2018-09,0.6209447647988326
e361b7_2020-04,0.9864217889876102
06534f_2014-12,0.0103887009189186
8ec563_2019-04,0.3885347792072247
c580aa_2016-06,0.0859181944706245
19fa84_2019-05,0.1312127256921491
3a13b3_2021-02,0.973267982016566
3a13b3_2024-07,0.993118842612186
c580aa_2025-06,0.9850992344185612
06534f_2021-07,0.7035886899813432
e361b7_2017-05,0.1935445697891158
e4bc80_2018-01,0.1179454635301989
894378_2018-01,0.1154762956694818
894378_2019-02,0.1526086576050669
06534f_2022-09,0.9861231883605228
0e8d73_2025-09,0.9188458722528132
19fa84_2019-10,0.9107762154247324
d59611_2022-02,0.983909241904497
4f2b6b_2024-02,0.324245883758182
c3a69f_2015-04,0.0268552448022384
c3a69f_2018-05,0.2627604410602859
a25664_2017-11,0.5396358792650715
74b7d1_2018-11,0.0493694543803636
98a151_2018-09,0.2603941297168868
2ab8ad_2019-07,0.0987858947770194
98a151_2023-01,0.8755273001470322
98a151_2017-04,0.0338851400693559
60a0fd_2022-09,0.8015001261875331
a42d13_2014-07,0.013008182912727
06534f_2018-07,0.9126299276313172
77e86b_2017-04,0.0233415808366282
06534f_2018-09,0.8517022901176072
0874ee_2022-01,0.3602715712309422
0874ee_2020-01,0.2138663390695618
259a19_2016-11,0.0381104050353124
b1de95_2016-05,0.7240776138978225
74fb1f_2017-12,0.079108913330455
293190_2018-09,0.9304717065510886
8ec563_2015-10,0.0442776846895607
293190_2017-01,0.602292729615172
293190_2017-04,0.2545521621297912
e2e0ce_2015-06,0.0356168442631821
7aa803_2017-07,0.1080484262108457
b1de95_2016-07,0.2129122201189833
2ab8ad_2017-06,0.1019156832625089
c580aa_2016-03,0.0496414456949969
6f5e2b_2017-10,0.1488617182784281
e7a56d_2015-01,0.0134437451715273
e7a56d_2017-05,0.0270306440541566
c48018_2020-10,0.6531075606961607
e7a56d_2018-10,0.2409366258499908
0874ee_2020-10,0.5002923955796875
987bc1_2020-06,0.9960503364609432
0874ee_2017-07,0.6349174729535918
c48018_2016-10,0.1129741786822312
c48018_2023-02,0.964766809875747
b1de95_2018-10,0.8585464038349542
e7a56d_2018-11,0.2899372450504147
7aa803_2018-03,0.1861142144011798
175155_2020-06,0.9793433337978604
18defd_2022-05,0.91977052658803
c48018_2022-11,0.939635380896967
18defd_2020-11,0.6026397323674657
18defd_2021-05,0.5303119852980539
18defd_2021-07,0.7427373705391105
987bc1_2021-02,0.8774294337941503
18defd_2016-08,0.0187228748993963
c48018_2016-04,0.1385077288850223
c48018_2022-04,0.8553580332154523
5a0174_2017-06,0.1752812749657107
4718d7_2015-04,0.0215184753005924
c48018_2020-12,0.6170010452207629
bc4c03_2017-07,0.0539084513859492
e7a56d_2020-06,0.943163840114286
259a19_2018-09,0.3821691226361501
d59611_2016-08,0.0862387711528693
c48018_2021-11,0.7951773982867814
1822ea_2016-01,0.0857118591824908
a25664_2021-02,0.9837557436924328
c48018_2021-08,0.8143998835811037
d59611_2015-08,0.0130123684771599
1698cf_2018-10,0.058088706362311
c3a69f_2019-10,0.3711271641831529
c3a69f_2019-05,0.1331659549138133
c3a69f_2019-08,0.3209055536371754
c580aa_2015-09,0.2990749415953529
439fde_2017-02,0.1010097195964972
4718d7_2021-06,0.9955921940877894
87cfea_2022-06,0.6555626864753951
83894c_2022-02,0.084358486273289
34889b_2016-05,0.0858317464770236
83894c_2019-07,0.0223728874311205
5a0174_2015-05,0.0488263716307498
e3af0e_2014-03,0.0826674928285075
83894c_2020-12,0.0210671425722985
e3af0e_2015-07,0.0286936746629995
5a0174_2020-06,0.9896841272765574
87cfea_2024-01,0.2218064631845849
99c11c_2022-01,0.8355191404014921
90abb1_2016-10,0.1711106310426968
77b3b9_2017-05,0.0428542746224563
6f5e2b_2017-05,0.1688290139232487
99c11c_2022-04,0.3272218806495666
83894c_2020-11,0.0086671899595384
99c11c_2023-07,0.4286854470737782
98a151_2016-02,0.0832210397281987
829a72_2021-07,0.8656437171782875
e3af0e_2016-04,0.0275251216166097
6f5e2b_2017-09,0.4431006309738464
f461d4_2021-05,0.9858882680990892
99c11c_2020-03,0.0108994153917851
60a0fd_2015-07,0.0185352235377994
175155_2016-02,0.110700568671135
8fabe0_2018-10,0.532632043222376
8fabe0_2025-09,0.9910545913411852
83894c_2024-11,0.9848914508524508
6f5e2b_2018-09,0.3762557411279927
db4cd8_2017-11,0.4133000814245989
8fabe0_2020-05,0.9910649610997664
f461d4_2016-12,0.3270131658066999
829a72_2021-05,0.8591597515990477
175155_2016-04,0.1414201197092061
1698cf_2025-09,0.9920064728905088
5a0174_2016-03,0.0204396061238574
8fabe0_2016-10,0.0332914824294817
8fabe0_2017-03,0.0691253092658938
259a19_2017-01,0.2361978555040313
fd589c_2017-04,0.327696632285306
e3af0e_2017-11,0.0422870834512428
829a72_2015-07,0.0092416121372908
f461d4_2020-04,0.99119963390838
d59611_2016-04,0.0902198179649255
87cfea_2019-07,0.0144028629372332
175155_2015-12,0.0552374608381401
e7a56d_2016-02,0.040808363907332
14fe3a_2020-04,0.9807446579030262
e427f8_2022-06,0.3782918491427307
d86999_2024-05,0.9752016855347976
29849f_2022-03,0.972689464687467
8ec563_2018-09,0.4591942410767605
77c35f_2022-07,0.6791088749176504
e427f8_2022-02,0.3662489640048888
f461d4_2017-12,0.0920067371125253
88a9a6_2015-10,0.2632345579149053
14fe3a_2021-02,0.9908271748635992
e4bc80_2016-10,0.1964902665478311
1bdb97_2025-01,0.1924229124137183
e4bc80_2016-07,0.0813733714499132
e4bc80_2017-01,0.2239801776763366
d86999_2024-11,0.9435752086364906
d86999_2023-02,0.9725472140264536
14fe3a_2020-09,0.970814515232764
8ec563_2016-04,0.1568878700429641
894378_2017-12,0.1676573434887062
e4bc80_2017-02,0.0831908679802621
8ec563_2016-01,0.0561422464051514
14fe3a_2020-07,0.9654407644928348
c3a69f_2019-03,0.1707131402148355
c3a69f_2020-03,0.7033840445985244
439fde_2018-12,0.0430336862760985
bf6f0d_2017-04,0.2933350323979664
0f9e86_2020-06,0.976931921103045
60a0fd_2018-08,0.2524620812675039
98a151_2020-08,0.98809879489555
829a72_2018-08,0.035774700440632
439fde_2016-05,0.0617690985038328
77e86b_2018-07,0.1963007540708265
9af74c_2021-01,0.9972987821556004
375f2e_2016-09,0.0804767097199943
bc4c03_2015-07,0.305010725551809
bc4c03_2017-03,0.0895156810534756
77b3b9_2015-06,0.0440785458023967
90abb1_2015-05,0.074795630383842
9af74c_2017-08,0.1155000686139185
92dcdd_2020-06,0.0188252957700133
3a13b3_2021-12,0.8983433398547936
77b3b9_2016-03,0.0459470698093332
c3a69f_2021-12,0.858226694849655
439fde_2022-12,0.982624790017678
439fde_2022-04,0.9859291794370046
87cfea_2021-07,0.159471585976532
87cfea_2023-10,0.377372768254354
99c11c_2024-05,0.5927239186396178
83894c_2019-02,0.3262718188211248
87cfea_2023-12,0.0817630365008381
439fde_2024-01,0.9936401978579704
87cfea_2017-07,0.2582845738637788
87cfea_2023-06,0.489228207066253
87cfea_2025-07,0.8113325616466524
c3a69f_2020-12,0.9670726278561048
439fde_2017-04,0.0147802597293239
99c11c_2023-04,0.1420956932203963
c3a69f_2015-05,0.0171149027036887
87cfea_2022-11,0.2526050927721212
87cfea_2023-11,0.1035822833636302
99c11c_2021-09,0.286829483824475
99c11c_2022-11,0.1255161947611196
c3a69f_2015-07,0.0735245041099327
c3a69f_2020-05,0.9380799120644412
83894c_2019-12,0.0084319096557327
87cfea_2024-10,0.9171540108396852
87cfea_2025-05,0.9695505919601493
83894c_2022-01,0.1534529037048792
87cfea_2023-09,0.4657172708848777
99c11c_2019-11,0.0044625618229906
87cfea_2022-02,0.9627292342521474
83894c_2018-07,0.0591998442523137
439fde_2017-01,0.0590682837490825
99c11c_2021-10,0.3400788866837502
99c11c_2017-02,0.2308040939485423
439fde_2016-10,0.0286733580002399
83894c_2021-05,0.3998015279699598
87cfea_2021-04,0.417521327939042
439fde_2020-10,0.978935747735474
83894c_2021-06,0.5081024620314569
99c11c_2023-06,0.282993785631206
34889b_2015-06,0.8424724179541236
a25664_2017-06,0.2398409776287648
34889b_2018-11,0.49920323109367
34889b_2015-05,0.6285234933471981
7199cf_2023-06,0.586857341772469
34889b_2017-05,0.1965277287090298
87cfea_2020-01,0.0092129867521803
29849f_2021-10,0.9921037556195808
f4604d_2017-11,0.125187238955686
29849f_2021-03,0.9950911936826856
d59611_2018-09,0.7388346746372783
29849f_2020-07,0.9406367609787774
29849f_2021-06,0.992164554119438
29849f_2021-08,0.9919695692814255
7aa803_2016-03,0.0278551460577418
7aa803_2017-09,0.3397351389242596
f4604d_2018-07,0.1757384394626049
bf6f0d_2014-11,0.0158797473083528
531356_2020-12,0.9944096653699078
77b3b9_2016-12,0.2633647199860437
29849f_2015-05,0.0742284389737635
06534f_2020-10,0.8745251959041411
3a13b3_2022-06,0.9905585573720628
a42d13_2016-10,0.5251413512394645
3a13b3_2022-05,0.9895676764360612
c580aa_2021-01,0.701296425684822
88a9a6_2018-11,0.4335214999319953
0cecbd_2015-11,0.302520626645456
948a11_2025-01,0.680013503176682
06534f_2020-08,0.9635705606423394
a42d13_2016-08,0.5199732135967555
c580aa_2021-05,0.8943861888763636
8d0588_2015-12,0.033135420658349
87cfea_2016-10,0.0438024438533578
af81b0_2018-08,0.5309963477690769
87cfea_2016-07,0.0053420449660962
fc2511_2025-06,0.0435191454456687
74b7d1_2016-07,0.3217904386907902
77e86b_2016-10,0.0132188961832199
77e86b_2016-08,0.0123501266492312
88a9a6_2015-11,0.1287398813524914
87cfea_2018-04,0.4059067739640598
bf6f0d_2020-06,0.919140133492256
6224d0_2016-07,0.4407548848724653
5a0174_2021-04,0.998030922025368
90abb1_2018-08,0.4977455139268097
5a0174_2021-03,0.9978854583712418
87cfea_2018-10,0.0288955338788235
87cfea_2018-03,0.0226218525948449
af81b0_2020-07,0.4194699092134938
af81b0_2016-04,0.0352591339974592
4fb2d3_2016-05,0.0285133262454437
af81b0_2016-06,0.0266212070502116
bc4c03_2020-06,0.998714860550635
af81b0_2020-04,0.1518041049402048
b416b1_2016-04,0.168247756692185
fb34b4_2022-10,0.0551156833662117
af81b0_2016-09,0.0269720126116188
77b3b9_2018-08,0.1344936912112866
e2e0ce_2017-12,0.0872682252419108
cd0e60_2024-02,0.8731915073675033
7aa803_2016-06,0.1082887502076477
cd0e60_2025-07,0.9627219115059952
6c1954_2019-05,0.6409563082293939
8005b9_2015-12,0.117683241038588
34889b_2021-06,0.9923050130330484
c5df88_2015-08,0.8164618474141702
f4604d_2015-09,0.0093468176127563
fc77d0_2016-11,0.3048323309126645
c5df88_2017-09,0.5702824123041309
fc77d0_2016-10,0.2841642033647663
fc77d0_2017-01,0.2720963932843615
fd589c_2018-10,0.856872032658809
0874ee_2016-12,0.4837500879121444
1698cf_2016-04,0.2277100543909154
293190_2017-10,0.2955568082024299
c5df88_2017-07,0.0899144284164998
9b46ed_2025-09,0.9899961318950532
9b46ed_2017-11,0.3551386405859609
34889b_2017-12,0.2094001945697841
b08ec1_2016-07,0.1800318244180069
b08ec1_2017-10,0.0072793055776983
7aa803_2018-11,0.4587205688778457
dc4b5e_2021-04,0.940880256499014
b08ec1_2021-01,0.6949926995907321
0cecbd_2016-08,0.2897466900703759
99c11c_2018-12,0.0185321148677935
99c11c_2025-06,0.9352502770095272
fc77d0_2016-04,0.0350852833513313
b1de95_2017-03,0.8921148299260739
fc77d0_2016-03,0.0407156870511107
99c11c_2019-05,0.0216260805351642
99c11c_2025-03,0.9608487453611024
a97df3_2020-10,0.4719356319819531
87cfea_2017-10,0.0164704679775384
99c11c_2018-08,0.026473841200117
894378_2017-10,0.2046804058017474
74b7d1_2016-04,0.0933444279224362
b1de95_2017-12,0.8842464074153317
dc4b5e_2020-04,0.6595540593988714
99c11c_2025-04,0.9415586425756453
0cecbd_2016-11,0.1988453371812114
3a13b3_2018-09,0.4773994265420858
829a72_2018-09,0.0160927773710616
8ec563_2020-06,0.9884646973542662
b0ff51_2015-12,0.0821856664782475
829a72_2015-11,0.0368088861335262
af81b0_2022-05,0.9952149241018589
af81b0_2021-08,0.9944302919648446
af81b0_2021-01,0.9927913536324482
af81b0_2022-01,0.9946872747341928
60a0fd_2015-09,0.3744346644787236
fc77d0_2017-09,0.4187414409891137
b1de95_2015-08,0.0565654509154983
4fb2d3_2016-04,0.0173338207944721
c5df88_2015-09,0.068607109648764
94f933_2023-02,0.1654570865874604
19fa84_2020-07,0.8544971524181169
19fa84_2020-09,0.9004111783891283
fd589c_2020-07,0.9239214875641236
fd589c_2020-04,0.9711620666435328
6c1954_2020-12,0.515710689697324
b416b1_2018-11,0.0352987404515575
6c1954_2020-09,0.419634592808242
c5df88_2016-06,0.025043977020145
74fb1f_2018-07,0.4246450415478106
74fb1f_2017-08,0.2168774039506752
74fb1f_2015-05,0.0144719387978248
c5df88_2016-07,0.0127290494302519
7aa803_2016-09,0.0134033484869572
74fb1f_2015-11,0.2080392329380052
9b46ed_2015-07,0.0076169007297124
e2e0ce_2015-12,0.0350214980879492
c5df88_2016-03,0.0394306757114028
83894c_2020-05,0.0338976982972801
87cfea_2020-04,0.0543405455975152
c5816f_2016-07,0.0581432510063612
e4bc80_2020-05,0.9852910412060004
db4cd8_2017-09,0.2052356264902996
90abb1_2018-11,0.5395500139124436
fd589c_2016-09,0.1072724002647089
8ec563_2015-06,0.0178494210226281
1698cf_2015-11,0.0763311551320457
894378_2016-03,0.0680741296884387
e4bc80_2017-03,0.7148532724922021
b0ff51_2016-10,0.9247880435264304
83894c_2016-09,0.0274516530094471
a42d13_2022-08,0.992659287258212
a42d13_2021-11,0.9927651797198628
a42d13_2022-09,0.9935128520262324
a25664_2017-01,0.0766475640446176
a42d13_2021-10,0.9914119547192024
439fde_2017-07,0.7439359588817412
a25664_2016-06,0.2341989899926757
a42d13_2019-02,0.955273290835554
77e86b_2017-01,0.0595785191328802
a42d13_2021-05,0.9853211012050168
a42d13_2019-04,0.9482479542008908
1b9e65_2018-07,0.1859195198381851
db5006_2016-04,0.8302847089249252
f4604d_2016-09,0.144883598550505
175155_2020-05,0.9567195148983516
f4604d_2016-12,0.0554265519420301
531356_2015-05,0.0232001666320462
375f2e_2016-01,0.1893536478357258
7a007d_2017-07,0.0652465762322806
c5df88_2015-05,0.0486811993809755
894378_2020-09,0.9570949223541954
e361b7_2020-06,0.9854078267889472
b73bc7_2016-04,0.2201684641173172
1822ea_2016-08,0.2118112381548521
1b9e65_2015-05,0.1863764669182782
bf6f0d_2018-09,0.8885386580725299
531356_2021-04,0.9586249977609692
db5006_2021-09,0.9932779961779904
f4604d_2021-04,0.8455076957178714
1b9e65_2016-04,0.0643214340438961
531356_2021-05,0.9577753892340924
29849f_2015-08,0.1664311407663892
29849f_2018-08,0.0205307552815102
29849f_2016-04,0.103168129333302
6f5e2b_2018-08,0.3794130192433804
293190_2024-08,0.9928169675755096
88a9a6_2016-03,0.0511502559984497
14fe3a_2018-11,0.1533842693584345
293190_2024-12,0.9872998438474364
2ab8ad_2016-10,0.6607688877711406
c5df88_2026-04,0.9787742555129392
c5df88_2024-04,0.9767028326144768
c5df88_2025-09,0.9787742555129392
c5df88_2025-05,0.9787742555129392
293190_2025-10,0.9840323447880472
c5df88_2020-08,0.9891007074799772
293190_2025-08,0.9847783134208944
c5df88_2025-06,0.9787742555129392
9b46ed_2016-11,0.0908575141786622
9b46ed_2016-03,0.0587807459752903
293190_2025-02,0.9753446315655846
f4604d_2020-07,0.3359581569985769
1996b0_2023-12,0.0690660154737249
e3af0e_2018-07,0.5175578033791051
f4604d_2020-08,0.5339621077568222
1996b0_2022-12,0.0933518876850952
1996b0_2023-08,0.0316123174659881
f4604d_2020-10,0.2801617083969753
1996b0_2024-02,0.0571127072804975
1996b0_2024-08,0.0667932413611569
f4604d_2020-11,0.3697474344514883
e361b7_2015-09,0.56848964585336
e83244_2025-09,0.9966217717790083
d86999_2020-04,0.9792845582603928
06534f_2015-12,0.4412152195942839
4718d7_2016-02,0.1695672768002759
4718d7_2016-04,0.2281378904987794
4718d7_2015-10,0.0649617788050903
7a007d_2021-03,0.323468501247629
90abb1_2020-05,0.997171322885532
7a007d_2022-05,0.904005640736669
74b7d1_2017-01,0.012474399289604
7a007d_2020-01,0.1670498166705489
7a007d_2022-07,0.904005640736669
b08ec1_2015-08,0.4194481663279434
d59611_2016-03,0.0440753150966216
7a007d_2020-06,0.1624754948289562
7a007d_2022-10,0.9599499747522372
e7a56d_2016-08,0.0199550473887118
e7a56d_2016-07,0.0127538280214141
7a007d_2023-07,0.9704253448472682
bf6f0d_2018-07,0.3099483664908898
b59bc0_2015-05,0.0863535002909054
bf6f0d_2020-05,0.8854891044461075
b0ff51_2015-05,0.1584549146259989
8d0588_2016-10,0.5129262343454657
0cecbd_2017-11,0.2510162891615686
b0ff51_2015-09,0.5045556742532616
e60b65_2018-04,0.0018679736875158
b416b1_2018-02,0.0419887778695319
f461d4_2022-09,0.1921764931951987
bc4c03_2024-04,0.3136846408886894
db4cd8_2023-02,0.2404192845671741
d59611_2021-08,0.9697934532827492
d59611_2023-04,0.2440385268496339
d59611_2025-03,0.992681914624132
987bc1_2022-03,0.9521769081921808
92dcdd_2020-01,0.4871883222405707
92dcdd_2023-03,0.7704345832517897
3db670_2025-01,0.8359104367864092
06534f_2016-11,0.149299648356417
3a13b3_2014-07,0.0035367578575165
e2314a_2019-09,0.9449337927201272
e2314a_2023-04,0.9335915075625886
1b9e65_2024-03,0.6781543805837839
fb737b_2024-11,0.779689834169206
e60b65_2020-12,0.9776570276003744
e60b65_2022-12,0.990562304319222
a25664_2025-01,0.9958615698208207
77b3b9_2023-07,0.99179192045809
90abb1_2019-10,0.8159806518579926
fc77d0_2018-01,0.0153684671279263
375f2e_2024-01,0.9861680175930028
987bc1_2022-07,0.9155165498519688
11f0e3_2018-12,0.1425001487689794
11f0e3_2021-01,0.5176738745233237
fc9334_2022-08,0.6210597863495224
8bd3ce_2024-08,0.6502470960695058
8bd3ce_2025-02,0.1707150444961133
0f9e86_2021-07,0.0667109989247866
9cf1af_2024-10,0.8712380098829079
4718d7_2014-11,0.0266114361102098
5a0174_2015-01,0.0466199333256499
4ee2d2_2025-02,0.0425595672243107
b416b1_2022-12,0.1729420840940778
b416b1_2024-05,0.6611133441438282
175155_2024-06,0.94423355868079
db4cd8_2024-04,0.4011529666798746
db4cd8_2018-05,0.0041692083035767
14fe3a_2018-04,0.0250973514475985
8005b9_2022-08,0.8242840100070566
b08ec1_2014-08,0.0132673665886692
b08ec1_2023-05,0.0714908567740272
9af74c_2022-01,0.970905881322488
29849f_2019-12,0.2772488192052028
06534f_2025-03,0.9073437416298382
6224d0_2015-05,0.0795859567849173
0874ee_2020-03,0.951245893271158
175155_2018-05,0.005547732769469
6838b9_2021-07,0.1126014588355406
532867_2023-10,0.1479121513934032
f25ffe_2023-07,0.1011651791598871
987bc1_2015-06,0.0110599783846309
731908_2017-03,0.2590654956741141
8fb6f0_2024-11,0.105389720679783
fb737b_2019-11,0.045264364950683
6838b9_2022-04,0.1063609936041636
1698cf_2019-07,0.9064718579915216
34889b_2019-03,0.6657663212465609
14fe3a_2015-03,0.0072491131033698
b08ec1_2019-09,0.3413224705180664
92dcdd_2019-04,0.0408241293744623
af81b0_2020-02,0.3121228196126781
f4604d_2025-08,0.9730551992430913
e2314a_2016-03,0.0101617933966229
e83244_2019-08,0.9231875910779036
f25ffe_2025-01,0.207710369467946
0ffc2d_2022-08,0.0176055656881644
e427f8_2024-10,0.8346498577818796
e427f8_2025-03,0.4061878018776662
9befc8_2025-05,0.6250834591883421
4718d7_2025-05,0.9923518556909082
5a0174_2019-10,0.9427784328985532
5a0174_2023-07,0.962390545445136
b416b1_2019-05,0.2212445514358392
f461d4_2014-05,0.0110005370316362
f461d4_2017-02,0.3862186867809741
b416b1_2020-05,0.9901719133386642
34889b_2014-11,0.0159187801030214
34889b_2021-10,0.9158824053321444
14fe3a_2021-12,0.9505237681858142
b08ec1_2014-07,0.043865008642864
375f2e_2023-08,0.9527550384098004
987bc1_2019-06,0.253428312360528
b73bc7_2014-09,0.0468964930131367
531356_2018-07,0.2495325483896965
e2314a_2020-03,0.98299583248205
e83244_2025-08,0.9977695222295864
6224d0_2016-10,0.1655713991999733
77b3b9_2019-07,0.8099072195367301
90abb1_2025-02,0.6237498932516398
9af74c_2021-04,0.992748393312283
11f0e3_2021-04,0.0131773417522488
11f0e3_2024-01,0.1001438513472355
bfbeef_2023-10,0.2687870212182271
77c35f_2025-08,0.4901551731079405
fa8553_2024-10,0.2967406074633873
11f0e3_2017-03,0.0847879563318664
fb737b_2024-10,0.7958406933625929
6f5e2b_2024-02,0.9967953740297376
259a19_2019-06,0.7756400376884774
259a19_2025-04,0.874648890065047
d59611_2023-11,0.8090016943996217
90abb1_2018-06,0.0432365390899973
14fe3a_2025-01,0.9617546459484486
8005b9_2019-07,0.5657129121832466
fc77d0_2018-02,0.0092928300043178
3a13b3_2016-01,0.084492712860398
06534f_2024-09,0.9383749454838116
e83244_2024-08,0.9848282256798248
e60b65_2018-11,0.3863105909832611
6838b9_2025-08,0.9330075827307486
532867_2023-11,0.0106593151393252
77b3b9_2014-09,0.0244456100240908
375f2e_2024-11,0.6891604847468896
302d40_2023-08,0.6367911807758299
11f0e3_2024-06,0.5714957136075185
a97df3_2023-05,0.3891215220238701
780a0b_2015-04,0.0730541999590598
0f9e86_2019-01,0.0040851441958597
9cf1af_2022-07,0.1345047741253664
6f5e2b_2015-04,0.0207515921573143
b416b1_2016-08,0.2102768738790425
175155_2024-07,0.9817964620208356
34889b_2025-05,0.0906973496223465
8005b9_2019-08,0.4201934485118646
8005b9_2021-02,0.8820706700675764
375f2e_2019-09,0.2074039986437371
9af74c_2014-05,0.0098855988202557
4fb2d3_2024-08,0.9847934133841794
af81b0_2019-01,0.1974327055794727
29849f_2024-06,0.9968658651907688
06534f_2016-10,0.1468010652600228
e2314a_2015-08,0.0225700125914085
e2314a_2017-01,0.0111203896181859
e2314a_2017-08,0.2373284633050363
6224d0_2015-04,0.0328093962801859
6838b9_2022-08,0.4236755355328049
987bc1_2014-12,0.0085539742004607
11f0e3_2017-01,0.0709682971436399
dc4b5e_2024-11,0.5197656929871589
780a0b_2017-01,0.0117990035094235
fc9334_2023-04,0.9713060425835884
a25664_2022-12,0.97595969250267
a25664_2019-03,0.3797831769734905
34889b_2019-04,0.7907961574861433
14fe3a_2022-05,0.9806987625664516
8005b9_2021-04,0.9616099217838056
8005b9_2025-02,0.6921999656325185
b08ec1_2021-07,0.9016037347247816
b08ec1_2025-07,0.99355868838559
375f2e_2015-04,0.0866637143789649
3db670_2017-05,0.664628238493238
f4604d_2023-03,0.2942549663278584
e2314a_2017-05,0.106512305783746
bc4c03_2019-11,0.9628900132950656
a25664_2018-04,0.0053166331532137
4fb2d3_2014-08,0.0792723110749879
92dcdd_2024-04,0.8605342571756461
11f0e3_2023-08,0.6014348543400865
9befc8_2014-12,0.0033502555974002
9befc8_2021-06,0.0849547462571011
9befc8_2024-05,0.7010259305888804
8fb6f0_2021-11,0.0436769588493718
0f9e86_2016-06,0.4475953151415038
0f9e86_2023-12,0.0594264523166553
8fabe0_2022-04,0.8585482580267582
bc4c03_2022-04,0.0645426221238288
1698cf_2018-06,0.1245476593077831
1698cf_2023-10,0.6488840591563212
1698cf_2025-07,0.9832818497154744
34889b_2019-08,0.8472624668546545
34889b_2024-10,0.4570503425837638
fc77d0_2021-12,0.6893593736216888
9af74c_2019-10,0.91441106946942
e2314a_2022-08,0.9107387488950964
e83244_2024-05,0.9990793987439898
bc4c03_2024-10,0.995064514357306
fc77d0_2019-03,0.055878546540189
9af74c_2025-05,0.9992482174563824
513080_2025-08,0.361288264622264
11f0e3_2017-08,0.3022694401187703
780a0b_2016-09,0.1652768649098535
dbb709_2023-06,0.448544892270249
0f9e86_2020-08,0.9538875378818984
0f9e86_2016-01,0.0233366435086084
fb737b_2023-06,0.2430454092690454
d59611_2024-10,0.782581057095994
987bc1_2019-04,0.0295371517912144
b1de95_2015-04,0.0616229163853294
06534f_2025-04,0.9196745948468787
b73bc7_2023-09,0.9810909667366368
6224d0_2023-06,0.9317244841730112
e60b65_2014-08,0.0682553015721635
e60b65_2021-07,0.9848261540123956
5a0174_2022-07,0.9511621827279276
1822ea_2014-12,0.0957625942513115
9af74c_2018-07,0.03741372799886
302d40_2024-02,0.3632430289282135
11f0e3_2022-09,0.9537727204328478
e427f8_2023-09,0.0926102652732504
9cf1af_2023-07,0.586354703292067
f4604d_2014-12,0.0306279445622853
4718d7_2019-01,0.9583573584492284
f461d4_2014-11,0.0200700004490893
f461d4_2025-06,0.9617463926176107
db4cd8_2021-06,0.9823651451335452
d59611_2014-05,0.0967510431126657
90abb1_2021-09,0.8762985745128536
375f2e_2023-07,0.9614614165382892
987bc1_2023-04,0.5132229411427595
af81b0_2015-04,0.0160588792631855
af81b0_2018-12,0.0385004250561852
f4604d_2023-06,0.7879409712266238
e2314a_2015-11,0.0094287032778582
e2314a_2017-12,0.0087249205029392
e2314a_2022-01,0.8931640368431428
e83244_2017-03,0.1435337254998225
e83244_2021-04,0.937620875781984
4718d7_2022-08,0.8728630791627763
4718d7_2022-09,0.9323924824223307
1698cf_2020-02,0.8620087114289592
11f0e3_2018-01,0.0110861646405733
9befc8_2023-11,0.0443436692902871
8bd3ce_2025-01,0.4379765559290486
0f9e86_2018-02,0.0012153387575986
9cf1af_2025-01,0.9040618099090604
4718d7_2014-12,0.0154112156235972
8fabe0_2019-10,0.9854181652477236
b416b1_2016-09,0.1615059645936642
f461d4_2025-05,0.9519884502923768
259a19_2025-08,0.854520655174142
a25664_2025-03,0.960419153380384
a42d13_2017-04,0.0307493516843538
db4cd8_2024-02,0.989793934847248
b08ec1_2020-02,0.0680815331073671
9af74c_2019-05,0.5280944500369957
9af74c_2024-02,0.9545710092507071
06534f_2018-06,0.5078482136878884
e2314a_2022-06,0.9876058512362218
e83244_2015-10,0.0073664960553492
e83244_2023-05,0.9587301808399924
e60b65_2019-05,0.7287278963917062
a25664_2021-04,0.9501062487044396
f25ffe_2023-08,0.0319352518314573
fc77d0_2015-05,0.1331628639560408
4fb2d3_2019-01,0.087838456940517
4fb2d3_2022-11,0.9895866090648944
8e41cf_2022-03,0.1131513254957605
11f0e3_2019-09,0.7692948382286429
dc4b5e_2023-06,0.0914009548193964
9f1aa0_2019-06,0.0346425448957702
780a0b_2017-05,0.0445770892089521
dbb709_2024-07,0.2484896791714049
b416b1_2021-08,0.9924150991147552
175155_2024-10,0.983489530205762
bc4c03_2023-03,0.2013670690660487
6838b9_2019-08,0.0127927623714227
6838b9_2024-10,0.6102592866854656
1698cf_2017-05,0.0663098976007209
d59611_2017-06,0.1640100269361538
b08ec1_2021-11,0.0200788729306091
4fb2d3_2022-06,0.8114323571256451
29849f_2019-09,0.0794697447603508
29849f_2025-01,0.9287404657473454
06534f_2025-06,0.9732990603269828
e60b65_2020-04,0.9779862015830452
0874ee_2020-02,0.3237284493900343
a25664_2023-05,0.8666861315706527
fc77d0_2021-10,0.9849845752644596
265164_2025-04,0.0174993294663915
987bc1_2024-03,0.983126932028701
4fb2d3_2020-11,0.9619164899618527
11f0e3_2020-11,0.6141081964168486
731908_2019-03,0.0453175090156563
94f933_2023-04,0.0881892335029242
532867_2024-04,0.0063215150053365
4f2b6b_2023-08,0.0606179492282052
1698cf_2015-04,0.0481169898208202
1698cf_2024-10,0.9773568960056368
d59611_2015-03,0.033817845562112
14fe3a_2022-09,0.965645513824259
fc77d0_2023-08,0.9894884538863276
7a007d_2018-02,0.0595918443487634
f4604d_2020-03,0.9203679150843608
e83244_2022-05,0.8860871299431355
6224d0_2020-01,0.9851363048271724
0e8d73_2023-07,0.0674630261644636
6838b9_2021-11,0.1509856842549491
92dcdd_2022-01,0.1011872626795624
bfbeef_2022-03,0.0270196218863415
77b3b9_2015-02,0.056659499828034
4718d7_2014-04,0.0188633521656852
b416b1_2021-04,0.9560061665284432
a25664_2019-02,0.0182704740847092
a25664_2020-02,0.7213726890085704
db4cd8_2022-04,0.5663891837752336
d59611_2022-11,0.7425702567707563
90abb1_2024-02,0.6624227464405411
14fe3a_2023-12,0.9943594492131383
af81b0_2023-10,0.8657764911451061
29849f_2025-05,0.974990113705976
4ee2d2_2024-01,0.0467011356707082
175155_2015-01,0.0167523140578304
175155_2018-01,0.3874688584457188
175155_2023-04,0.3945193141259215
a25664_2024-10,0.9245948043952362
0ffc2d_2019-05,0.0362586556293691
0ffc2d_2019-10,0.033100723767923
fc77d0_2022-06,0.9064092939842956
8e41cf_2024-01,0.1660167623571152
731908_2015-05,0.0552306937542454
dc4b5e_2025-02,0.7879440132682933
9befc8_2015-09,0.1041273355038112
780a0b_2014-11,0.0095596194301829
780a0b_2024-10,0.2426231862657064
8fb6f0_2025-05,0.526003464534773
dbb709_2024-09,0.5200550382760677
8bd3ce_2022-12,0.3283792921222809
9cf1af_2022-04,0.5637729028434283
d86999_2015-08,0.0512908985398259
4718d7_2025-08,0.8477842675378641
0e8d73_2025-03,0.031907257503223
b416b1_2017-05,0.0589881738831748
b416b1_2020-10,0.9612815912031698
f461d4_2019-11,0.1838846645313381
a42d13_2014-05,0.0337672270563468
db4cd8_2022-08,0.9668426775667824
1698cf_2023-02,0.7951453627396367
92dcdd_2021-08,0.0505987370605839
af81b0_2023-07,0.2275032787567693
29849f_2014-11,0.005537208062962
06534f_2024-08,0.9882908291763394
4fb2d3_2025-08,0.9668828510919424
8e41cf_2023-11,0.3524503274174224
731908_2019-07,0.4131069714908565
11f0e3_2015-10,0.019355920246863
bfbeef_2021-02,0.3111806651428082
bfbeef_2021-11,0.0151703642550717
780a0b_2023-09,0.876448713069271
8fb6f0_2014-11,0.0054383704928461
0f9e86_2016-09,0.4391446607335537
6224d0_2022-10,0.4673517308158079
5a0174_2023-01,0.97757778969329
b416b1_2018-06,0.2704938005081895
a25664_2021-12,0.9495209857759408
a25664_2024-09,0.9206037516164408
6f5e2b_2020-03,0.9778346089074345
1698cf_2019-01,0.3464352177466264
77b3b9_2018-12,0.2810678380165798
d59611_2014-06,0.0714156382145668
af81b0_2023-04,0.6202472100608506
545d15_2021-01,0.0712079555940906
7a007d_2019-07,0.9489313450303012
c580aa_2025-03,0.9883949897154178
3a13b3_2014-08,0.0207813428934989
e2314a_2021-06,0.9733792518416026
e2314a_2021-09,0.96130544086954
e83244_2019-11,0.9809451875401324
6224d0_2019-12,0.3900390729995882
e60b65_2020-01,0.90662286209556
bc4c03_2024-09,0.901795039707443
265164_2023-05,0.0351298323379908
4fb2d3_2014-12,0.0152870289595657
dc4b5e_2025-04,0.4219800820403834
fc9334_2022-12,0.1097187586245828
9f1aa0_2025-08,0.9465844342848062
5a0174_2022-05,0.9865452053172274
8fabe0_2017-06,0.1198075521485156
34889b_2023-07,0.6557959007143608
8005b9_2021-06,0.9861820522806006
8005b9_2023-06,0.9437676729725816
29849f_2022-11,0.4014233214547688
531356_2023-09,0.974268444650546
e83244_2018-08,0.1351934425649907
6224d0_2018-04,0.0078020072237743
e60b65_2023-03,0.991657653276278
9af74c_2014-10,0.0150121766832747
302d40_2025-03,0.3062464492825488
e427f8_2024-09,0.4162185650240387
9befc8_2016-10,0.0093760502460485
9befc8_2023-12,0.0571207850872429
9f1aa0_2025-03,0.0278482330691579
8fb6f0_2014-05,0.0330808415333333
fc77d0_2023-12,0.9148590148212834
4718d7_2015-02,0.0320114739789282
fb737b_2021-06,0.9151814452019468
e60b65_2015-04,0.0837483898057927
8fabe0_2017-02,0.0711238913936993
bc4c03_2022-10,0.8179012551981764
6838b9_2022-05,0.6492663482932227
db4cd8_2021-08,0.9523485660960808
db4cd8_2023-11,0.5281501081034231
14fe3a_2023-04,0.8646250135503659
fc77d0_2023-07,0.9887676111485848
987bc1_2023-05,0.6675388565287949
af81b0_2017-06,0.0340644679831395
b73bc7_2016-11,0.6558935244969422
531356_2019-11,0.948708530871778
531356_2023-03,0.6778145421261981
e2314a_2021-11,0.4452692413540015
175155_2019-02,0.3310034044526971
1822ea_2019-09,0.1823610860155055
4fb2d3_2021-02,0.960852621294078
92dcdd_2025-06,0.8917532542657719
302d40_2022-06,0.7657772043670446
731908_2024-12,0.0801808899336496
dc4b5e_2024-12,0.6297563583687208
780a0b_2018-01,0.0102007408122085
8fb6f0_2016-08,0.0704694434693884
e83244_2016-09,0.2803064120652083
9befc8_2018-02,0.0121918528108135
fb737b_2020-08,0.7146524847026148
8fabe0_2018-01,0.0286468975578327
6f5e2b_2022-01,0.9914311861204592
175155_2025-05,0.9634495891300564
90abb1_2021-08,0.8075085847341832
14fe3a_2015-02,0.0198222460055431
14fe3a_2019-02,0.0073977190602668
8005b9_2020-02,0.2812311057977986
4fb2d3_2022-03,0.4953621501915019
c580aa_2014-06,0.0030709256165938
f4604d_2018-11,0.6992386658215592
f4604d_2025-07,0.9986656572711954
175155_2017-04,0.0393984624587459
a42d13_2024-02,0.9462022858883452
77b3b9_2023-09,0.7819563728773862
0ffc2d_2022-07,0.0230129969406788
fc77d0_2025-09,0.998027122911358
375f2e_2025-06,0.9875556792753764
9af74c_2025-02,0.7673666805035446
d86999_2019-05,0.9311828967304366
dc4b5e_2024-10,0.3398891691779031
0f9e86_2015-05,0.0138031482292034
0f9e86_2018-04,0.1974250286338503
0e8d73_2025-07,0.1592672586616802
8fabe0_2014-03,0.0266943196008386
6f5e2b_2024-09,0.74537399580511
6f5e2b_2025-04,0.9070771899631348
175155_2024-03,0.9266433297132411
6838b9_2022-11,0.8812464887576967
532867_2025-02,0.0481814325958996
db4cd8_2019-01,0.4662141531910708
14fe3a_2021-09,0.8818593817835462
14fe3a_2024-04,0.2435301374257127
8005b9_2021-12,0.4101105321721563
9af74c_2025-06,0.9955042171649054
29849f_2025-03,0.9844014155972424
e60b65_2014-04,0.0105725975461897
175155_2025-02,0.7646237209307093
0ffc2d_2021-10,0.082060864191728
fc77d0_2024-04,0.9308864780884738
302d40_2023-01,0.0350801685411193
bfbeef_2022-05,0.198097115921475
d86999_2014-11,0.276946237580959
d86999_2016-09,0.4560733370082142
9befc8_2018-04,0.1253938781894472
9befc8_2021-09,0.8841979588352772
780a0b_2015-05,0.0396555060904833
780a0b_2021-02,0.0884444722983947
0f9e86_2015-03,0.0086530054927571
0f9e86_2016-02,0.0036567944838802
0f9e86_2020-07,0.9963241551904264
7199cf_2024-11,0.0564678361527638
4718d7_2014-03,0.023055252302096
5a0174_2023-06,0.9956162581424308
8fabe0_2025-03,0.9789408308344144
6f5e2b_2023-04,0.9952079274543344
f461d4_2024-08,0.9672872449282172
bc4c03_2021-06,0.9909391791099144
259a19_2022-12,0.9838482445015412
77b3b9_2014-08,0.037811486484014
375f2e_2022-08,0.8961345867458951
9af74c_2023-11,0.7533901422474377
06534f_2023-10,0.975864484673482
022433_2024-11,0.0093315407914945
e83244_2018-11,0.0099021761771255
e83244_2021-07,0.9566300838163824
6224d0_2021-02,0.9462624489538108
e60b65_2020-09,0.9807645877701492
a25664_2015-04,0.1129675948414974
1698cf_2024-09,0.9587665257768672
77b3b9_2024-05,0.9713356156874312
987bc1_2023-10,0.9465611332975898
8e41cf_2022-01,0.1747146945173624
302d40_2025-06,0.30340403404338
11f0e3_2019-12,0.0295327941935551
780a0b_2016-07,0.0647274172850701
0f9e86_2014-11,0.0065583091536522
0f9e86_2019-04,0.1252696999451305
780a0b_2023-06,0.2392269556045459
0f9e86_2024-10,0.2310442964036857
7199cf_2024-04,0.0344235202157528
5a0174_2019-05,0.7741940234934773
a42d13_2023-12,0.9957368296832008
1698cf_2014-12,0.0180633010473283
8005b9_2023-10,0.8108362411444892
29849f_2025-02,0.9374072947027788
b1de95_2020-01,0.8597543532905817
e60b65_2019-06,0.9037041534872904
f25ffe_2023-06,0.0975950264567152
265164_2025-01,0.3252163459206599
f4d28d_2025-04,0.0344952612946878
11f0e3_2016-10,0.0723241310962374
11f0e3_2017-02,0.1821262057364552
11f0e3_2022-04,0.2549888374139816
11f0e3_2022-07,0.4791500672230636
0f9e86_2016-11,0.0882673485193761
0f9e86_2018-11,0.0276283921378323
6f5e2b_2021-08,0.9383547707754548
6f5e2b_2024-01,0.995591237804162
db4cd8_2025-06,0.6188797827310271
d59611_2018-12,0.1196657868074854
34889b_2020-01,0.2979352665215637
9af74c_2021-12,0.9875301893014334
3a13b3_2020-01,0.6276548968994112
e60b65_2020-02,0.9568404492459844
e60b65_2020-08,0.9785810535422848
259a19_2023-03,0.969267289649333
a42d13_2024-11,0.9938051213290466
fc77d0_2021-08,0.9400360495558328
265164_2024-02,0.0306313321209021
11f0e3_2022-08,0.8962594743558023
dc4b5e_2022-01,0.0944954327101183
9befc8_2020-01,0.0593945904382747
8fb6f0_2018-10,0.1280818813291249
0f9e86_2021-08,0.5616365471033176
8fabe0_2014-04,0.0146200568849456
8fabe0_2022-10,0.9703464752961544
b416b1_2025-05,0.761715441135352
db4cd8_2020-09,0.98936493495592
77b3b9_2017-06,0.0099399558930853
fc77d0_2023-02,0.393860422085211
29849f_2019-10,0.1636249176213339
06534f_2019-05,0.5830249519266695
b73bc7_2016-09,0.658564359066295
a25664_2022-06,0.9576222252794806
a42d13_2018-03,0.0808906729641247
a42d13_2025-07,0.9791521859384194
90abb1_2022-12,0.97690062538849
1822ea_2025-08,0.9893668002634708
375f2e_2023-12,0.9920716688904156
9af74c_2018-03,0.1466301337238194
8e41cf_2024-07,0.8599549064785935
d86999_2016-11,0.0880555769690987
a97df3_2025-03,0.1659028746131255
6224d0_2025-05,0.9517340646582484
c48018_2020-03,0.924697276424678
0874ee_2019-04,0.011022138737902
8fb6f0_2018-03,0.0034035568257249
8e41cf_2021-03,0.0132570372727846
b26809_2017-07,0.0146691181277483
a97df3_2023-07,0.3987547484055789
731908_2018-10,0.2524329170558478
bfbeef_2017-11,0.1491036054576538
8bd3ce_2016-10,0.019114220551171
b26809_2015-02,0.0591649043786732
e7a56d_2023-05,0.9410304427891067
11f0e3_2021-10,0.9727362700753792
fc9334_2020-07,0.6242003970763836
8fb6f0_2023-10,0.2953393088559471
8e41cf_2016-01,0.0217977227473826
731908_2021-09,0.2821976798493889
b26809_2021-08,0.1123233164828488
dc4b5e_2022-05,0.0086345776930357
780a0b_2022-11,0.0986095171982243
fc9334_2021-08,0.9582708397888974
8e41cf_2015-09,0.0990130898984924
8e41cf_2019-07,0.4459617822556339
b26809_2016-05,0.0354720648626112
c48018_2023-10,0.6910827298540213
780a0b_2024-04,0.1895067948646433
8e41cf_2018-09,0.0106076000657006
8fb6f0_2019-09,0.9918143154130696
dc4b5e_2024-09,0.7511506279543865
fc9334_2020-03,0.3652644747596246
8fb6f0_2015-01,0.0090374411453278
a97df3_2024-03,0.3197644511239625
77c35f_2025-05,0.5296575228715974
bfbeef_2017-06,0.2420478655663555
fc9334_2018-02,0.0425515489012737
fc9334_2020-11,0.2719670250409813
0f9e86_2024-07,0.750399086280523
11f0e3_2021-08,0.076063839259936
e7a56d_2014-08,0.3267000758463309
e7a56d_2023-07,0.9897379735126118
dc4b5e_2022-04,0.0622160787631933
b26809_2015-08,0.1689908097639987
8bd3ce_2016-03,0.1393780702337212
8bd3ce_2016-04,0.0769756140354502
8bd3ce_2017-07,0.0637787281799417
8bd3ce_2021-01,0.06332871863777
8e41cf_2017-07,0.0874889340865767
731908_2023-12,0.067768485543244
c48018_2014-09,0.0664311197813554
e7a56d_2023-02,0.4751227684134342
8bd3ce_2015-02,0.2404431501061309
bfbeef_2021-12,0.0273049743791803
b26809_2016-07,0.050702548782726
8fb6f0_2024-01,0.0847384592144853
9f1aa0_2015-02,0.0325691964756674
780a0b_2023-01,0.4679928239736067
731908_2016-05,0.2112231648317868
b26809_2020-01,0.9678313773821404
b26809_2021-10,0.6010666800464548
8fb6f0_2016-06,0.1893146942206062
fc9334_2018-07,0.1121014029295634
c48018_2024-03,0.3114504996340477
dc4b5e_2022-08,0.4573509502461228
77e86b_2024-02,0.9053226066316712
8e41cf_2016-11,0.010223221995034
18defd_2025-01,0.7899138146358465
e7a56d_2025-02,0.5778096795827418
780a0b_2015-11,0.0079652863669973
bfbeef_2018-05,0.0888976559998073
8e41cf_2017-10,0.0101047775771234
8fb6f0_2022-03,0.1563823744139564
8bd3ce_2014-12,0.0309145415485709
8e41cf_2016-08,0.335744809363245
731908_2020-10,0.9040426584567848
74b7d1_2023-12,0.9424497963511748
dc4b5e_2023-09,0.7921575086675313
8e41cf_2015-05,0.01822604484084
8e41cf_2016-05,0.0652961067104813
fc9334_2019-08,0.2899818856143475
8bd3ce_2015-03,0.01131548491636
c48018_2018-03,0.0833152680271025
c48018_2023-08,0.6726018388810461
e7a56d_2019-01,0.1631507184527233
a97df3_2023-08,0.899817644317405
8e41cf_2016-06,0.2896875369869481
8e41cf_2016-09,0.0676218979023901
b26809_2021-06,0.1778525349529571
18defd_2025-06,0.8832144116815627
bfbeef_2019-11,0.1726819826548997
fc9334_2021-04,0.0179246848612179
c48018_2024-08,0.8051990797812747
e7a56d_2022-08,0.817345380844381
731908_2018-04,0.0998819656932044
11f0e3_2024-02,0.1140966094697324
780a0b_2024-01,0.1673533283306969
fc9334_2021-11,0.0110207746618155
8fb6f0_2023-01,0.1017154037097198
8e41cf_2019-02,0.088289850649385
fc9334_2018-09,0.0126937420629775
8bd3ce_2016-09,0.4616208275513673
8bd3ce_2021-05,0.2981562802146239
9befc8_2025-07,0.9376101418745943
731908_2022-02,0.4171628481202499
bfbeef_2019-06,0.1581102048479668
bfbeef_2025-07,0.8835788431475221
9cf1af_2023-03,0.1072235932708104
513080_2023-02,0.0269812578910986
1698cf_2015-06,0.0381219874933442
4718d7_2023-11,0.9841289438716432
db4cd8_2020-12,0.9142017104624396
f461d4_2019-06,0.5255207588266005
77c35f_2023-12,0.1759657343590456
6c1954_2021-08,0.0877408624220072
948a11_2022-08,0.0556039233775054
9f1aa0_2020-02,0.0268776493297181
fa8553_2024-06,0.0870416101571192
d59611_2019-03,0.0517741008100528
1698cf_2019-12,0.9570483450143852
bc4c03_2017-06,0.0192795677410518
7bf5c9_2014-12,0.0158588899442009
f500c5_2024-07,0.9871974295494752
b644ac_2024-05,0.1493513723190072
9f1aa0_2016-09,0.3495934600952025
fb34b4_2025-05,0.2002839365405446
4718d7_2024-08,0.9689171466168708
bc4c03_2020-01,0.9788421258098492
7bf5c9_2018-05,0.0115997133406131
9f1aa0_2018-03,0.0112786135162534
510fbf_2024-04,0.1559151168276809
1698cf_2017-01,0.0686546428477911
b644ac_2025-03,0.0317040266659283
9f1aa0_2017-10,0.1745735681083904
9af74c_2019-04,0.9126056547859558
7a007d_2014-10,0.0241968592346135
fa8553_2024-01,0.3974546756972679
77c35f_2024-12,0.6819364115407001
fa8553_2024-09,0.0448944304164757
513080_2022-08,0.0747194309808177
513080_2024-11,0.2070246233324289
d86999_2021-09,0.5359408894119836
74fb1f_2018-02,0.1573830928801855
7bf5c9_2018-04,0.0124293509980405
77c35f_2023-08,0.1187726953144514
513080_2024-04,0.1146995654086692
a42d13_2015-11,0.0063174096552158
375f2e_2021-12,0.9931857338321316
77b3b9_2018-09,0.4848673674796535
9f1aa0_2024-08,0.9484849724170588
f1543b_2021-11,0.7876984723628665
8fabe0_2017-04,0.0721951092285311
259a19_2024-06,0.804364978622466
f500c5_2023-08,0.9958345446322352
fa8553_2024-11,0.026915927148893
7bf5c9_2014-08,0.0270798020784061
6c1954_2022-07,0.0951555722098188
9f1aa0_2018-10,0.3604046628067726
b07578_2024-11,0.1556487165617403
8fabe0_2014-11,0.0215618162131382
6c1954_2025-05,0.868765919929045
9f1aa0_2020-07,0.676998876702289
9f1aa0_2021-01,0.0061461343008585
9f1aa0_2024-04,0.1451937653614931
a42d13_2016-03,0.0040146730542413
b644ac_2025-08,0.9612049004117594
5a0174_2025-04,0.67249181019965
a25664_2022-02,0.5581260444772143
948a11_2024-05,0.204884847504541
f1543b_2017-05,0.733028367468093
510fbf_2023-11,0.0474645279381389
14fe3a_2022-04,0.9764058883498856
4718d7_2016-05,0.4488161082500866
90abb1_2022-03,0.966552430878032
77c35f_2023-09,0.2055064511101549
9f1aa0_2023-09,0.9646490620628132
9cf1af_2025-06,0.8614308564748472
510fbf_2025-06,0.4981272732046853
f461d4_2019-01,0.3796734817004035
9f1aa0_2014-03,0.0125120871079327
9f1aa0_2023-06,0.6720792902775744
fa8553_2022-10,0.1815200214564437
4f2b6b_2024-08,0.1715727120446148
77c35f_2024-09,0.4953839795187699
fa8553_2024-08,0.0937878174202647
fa8553_2025-04,0.3612488816253174
fa8553_2025-08,0.0897153492644079
510fbf_2024-03,0.3600623213702867
d59611_2016-11,0.047451157262399
90abb1_2020-01,0.9904180397783332
1822ea_2021-01,0.9722686360609788
948a11_2025-08,0.3326874721822908
77c35f_2024-07,0.4699737901765352
9f1aa0_2023-08,0.9718965398013102
94f933_2023-05,0.1281809585949239
f500c5_2014-08,0.0839692977179028
9f1aa0_2014-11,0.0420171186970623
bf6f0d_2022-11,0.1179898382651425
4718d7_2016-10,0.1238447580513078
e60b65_2017-08,0.0773923279128808
f500c5_2020-03,0.8835313405404827
6c1954_2023-01,0.2266719058285557
bf6f0d_2024-02,0.1180594114121249
6f5e2b_2015-03,0.0124108383409203
db4cd8_2015-03,0.0087751325980058
0cecbd_2022-02,0.9036221798597452
9befc8_2019-02,0.0264169785614589
0cecbd_2025-04,0.9268988403878952
731908_2014-07,0.1765538154750882
0cecbd_2021-12,0.8754260556942747
11f0e3_2019-02,0.0126441911096299
375f2e_2017-05,0.6163747723343227
bfbeef_2015-07,0.0582434045130489
bfbeef_2015-09,0.0371098107180575
11f0e3_2019-11,0.9497410084295984
0cecbd_2022-09,0.9940120784697724
0cecbd_2019-10,0.4244976701514533
0cecbd_2022-05,0.4865778100442726
bc4c03_2020-05,0.997315496220781
0cecbd_2023-05,0.9408997140408624
0cecbd_2015-01,0.2558350020530316
bfbeef_2014-12,0.0134124717155941
bfbeef_2015-02,0.0161666090036147
bfbeef_2018-03,0.0444942257539443
731908_2018-08,0.0792405709081326
3a13b3_2019-03,0.8428512745261602
06534f_2017-05,0.7285435041464128
6224d0_2024-07,0.97855079855247
987bc1_2020-03,0.9757351799880754
6c1954_2024-02,0.9623210112840244
fc9334_2020-05,0.9808295471477646
6224d0_2025-04,0.7024872483995925
e3af0e_2015-03,0.0086624054998764
98a151_2018-03,0.0526957445862416
829a72_2018-04,0.0095259198869417
829a72_2014-11,0.015866109206521
98a151_2014-04,0.0311944383410629
19fa84_2025-04,0.8449438306208643
dc4b5e_2019-09,0.0716623601931542
19fa84_2024-07,0.7429199285266034
19fa84_2025-06,0.8524693356222364
e3af0e_2016-12,0.0846125174618807
98a151_2018-02,0.0100467704004331
a97df3_2023-02,0.0175020440171885
302d40_2023-02,0.010178318363859
894378_2025-08,0.8632138619346554
98a151_2014-03,0.0265875105890123
98a151_2017-02,0.0357854865502475
829a72_2023-09,0.8163051084309771
90abb1_2016-12,0.67356764216367
e3af0e_2014-08,0.0218232209568485
60a0fd_2014-11,0.0159288375304145
19fa84_2025-01,0.5755064413246012
7bf5c9_2020-09,0.9952268126011728
f500c5_2020-09,0.9922095600752636
293190_2022-11,0.8843235071927106
2ab8ad_2024-03,0.8734449188760569
9b46ed_2018-08,0.6600975526931324
88a9a6_2015-04,0.0333644741261557
2ab8ad_2021-06,0.2985019920866539
2ab8ad_2022-09,0.4875122531303774
2ab8ad_2023-04,0.861256021464567
2ab8ad_2024-04,0.667439044958112
c5df88_2015-03,0.0240711209886415
c5df88_2019-03,0.0633655865216091
7aa803_2024-05,0.6147288686198401
9b46ed_2020-03,0.9796121712532464
98a151_2021-02,0.9474183052198284
829a72_2024-07,0.9776503609150836
c5df88_2023-08,0.8322805825926163
98a151_2019-08,0.2915157604710324
7bf5c9_2022-01,0.934996257619232
e2e0ce_2019-10,0.0739481282577428
2ab8ad_2021-10,0.6506794017161162
829a72_2019-02,0.11866816935598
7bf5c9_2021-02,0.891468566683218
f500c5_2016-09,0.4261395820210723
bf6f0d_2021-05,0.900518465531799
db5006_2015-09,0.0742246940678036
293190_2024-02,0.9032376955943392
e2e0ce_2021-04,0.5281755175243172
88a9a6_2022-09,0.4314422400123322
88a9a6_2024-09,0.7048260632092938
9b46ed_2023-05,0.7980158520480362
98a151_2022-12,0.7557940854856341
60a0fd_2021-10,0.9920782564358748
293190_2021-01,0.6257852200301476
e2e0ce_2023-06,0.8508854068365491
c5df88_2019-10,0.0703868911028912
74fb1f_2019-04,0.0337154584318924
98a151_2024-06,0.9519989055952056
7a007d_2017-02,0.042810479536122
f500c5_2024-09,0.995095392891409
1bdb97_2022-07,0.4577068823802527
bf6f0d_2015-04,0.0872203447490727
293190_2022-04,0.8601922232455832
e2e0ce_2021-07,0.8801661418596721
8005b9_2024-08,0.9942325920906148
1bdb97_2023-05,0.0674281949095225
18defd_2018-02,0.077232676607565
2ab8ad_2015-01,0.0464024985802356
74fb1f_2025-01,0.9699908077757966
7aa803_2024-09,0.8013264696094075
98a151_2025-08,0.976583460854648
2ab8ad_2022-03,0.3511518529259304
2ab8ad_2023-07,0.7278067860713884
2ab8ad_2024-06,0.7382506963070851
db5006_2018-12,0.0752405659419496
e2e0ce_2016-02,0.188144563431416
9b46ed_2023-02,0.8459447445467685
dc4b5e_2020-03,0.3435353552083407
f500c5_2023-09,0.9976664141901412
f500c5_2025-03,0.962535245503478
4f2b6b_2023-06,0.006849029090193
2ab8ad_2021-07,0.7494897051799504
74fb1f_2019-08,0.0319916528079323
60a0fd_2019-06,0.2213401931613201
60a0fd_2020-02,0.6576968727242072
e3af0e_2022-01,0.987271839380786
e3af0e_2024-04,0.9514294266579724
f500c5_2023-01,0.4660531071523343
18defd_2023-05,0.9195388891340872
88a9a6_2021-03,0.9711848216500338
293190_2015-03,0.0374124467024303
7aa803_2019-04,0.0567986957275207
98a151_2024-05,0.8955261614616058
e3af0e_2020-03,0.9437953127834556
f500c5_2021-11,0.3460043326580507
293190_2021-03,0.4269349062498261
e2e0ce_2025-04,0.7761833396027361
2ab8ad_2017-04,0.0941450355850444
88a9a6_2015-02,0.0313409928623587
9b46ed_2017-04,0.100249511796858
98a151_2023-07,0.8524681482721719
e3af0e_2019-09,0.7245525728061281
d86999_2024-10,0.9578543314858174
1bdb97_2024-07,0.1738328864854692
e2e0ce_2023-08,0.736812195194358
74fb1f_2023-07,0.5860108499742611
7aa803_2022-06,0.2961343091871266
88a9a6_2023-08,0.7449252536290863
f500c5_2023-10,0.8321577837119686
18defd_2014-04,0.0176123020036134
e2e0ce_2021-02,0.4826682595259507
88a9a6_2023-05,0.7595036331595486
9b46ed_2024-07,0.6319708335944088
293190_2020-02,0.9018248147381622
18defd_2023-11,0.6676471226482951
2ab8ad_2018-01,0.334762669593325
2ab8ad_2025-07,0.819601182748982
74fb1f_2019-10,0.1009556135896207
7a007d_2015-04,0.0071620623627805
bf6f0d_2020-10,0.7706241737880618
e2e0ce_2015-01,0.0278933189972215
2ab8ad_2023-11,0.7616614248126449
829a72_2020-02,0.7366773012971728
c580aa_2018-03,0.9935800263239496
4f2b6b_2022-09,0.1704309734641718
c5df88_2020-10,0.9909584934613846
74fb1f_2022-07,0.7125364659577776
f500c5_2017-04,0.5021825159584572
bf6f0d_2021-07,0.2826362771148464
cd0e60_2021-07,0.2687992347110292
293190_2022-03,0.8436928687549593
293190_2023-08,0.958713799054314
18defd_2017-04,0.1289432377380384
e2e0ce_2022-04,0.4512860861353639
2ab8ad_2022-05,0.4652437138838242
60a0fd_2019-01,0.3767929414427871
2ab8ad_2019-05,0.027710118799968
c5df88_2023-10,0.9952878686318184
7aa803_2023-08,0.8315401338669389
98a151_2021-12,0.9099097834898596
98a151_2022-04,0.9111344083284506
7aa803_2022-07,0.3372102470291507
88a9a6_2023-04,0.887584901051883
e3af0e_2022-06,0.9930598701621854
9b46ed_2020-01,0.970191041398211
60a0fd_2023-10,0.9985148362587696
f500c5_2021-05,0.9524804538976768
e2e0ce_2019-11,0.2201859140931905
e2e0ce_2024-06,0.6608194009849253
c5df88_2019-02,0.0801471643487508
74fb1f_2025-07,0.8323069171107773
7aa803_2014-12,0.053004621007197
98a151_2025-05,0.9594048929129126
60a0fd_2022-08,0.4173573922082102
f461d4_2020-11,0.9470550021810747
db5006_2018-03,0.3138062006787479
db5006_2022-02,0.0310055466670391
a25664_2018-07,0.1671482577356905
0ffc2d_2025-04,0.8907010438322918
db5006_2023-02,0.8105749260689769
1b9e65_2021-03,0.9776439694885296
1b9e65_2022-03,0.2795719917886451
cd0e60_2022-11,0.0069437238013942
5a0174_2017-02,0.0352956232839444
5a0174_2020-07,0.989006806440838
1b9e65_2022-05,0.9889924209507888
1b9e65_2017-02,0.607023020956116
0ffc2d_2025-02,0.7037202351833156
1b9e65_2017-06,0.1804680644114233
4fb2d3_2018-07,0.1409747807772575
7bf5c9_2014-07,0.0430734126811109
db5006_2025-01,0.5893339908520322
1b9e65_2024-05,0.8626529002193191
db5006_2015-01,0.0311431169945063
db5006_2021-12,0.9268842801206
1b9e65_2015-07,0.1098772449153847
3db670_2023-12,0.941999974556538
f461d4_2015-11,0.0212432731466381
b73bc7_2019-04,0.815424671645625
1b9e65_2017-12,0.5426880957370199
1b9e65_2024-12,0.7158106048469883
1bdb97_2022-04,0.2278840153350509
f461d4_2020-02,0.7089446211742974
90abb1_2017-03,0.0317604412923439
29849f_2021-01,0.973929817003719
db5006_2025-07,0.9229791517116231
18defd_2019-02,0.035210440408897
1b9e65_2014-12,0.0189047711541748
1b9e65_2020-07,0.8665317121797137
fc77d0_2014-06,0.0063516115339987
a42d13_2014-12,0.0122318679667519
db5006_2025-04,0.6820120670472013
022433_2022-07,0.1271579518907781
022433_2022-08,0.1347084039209073
1b9e65_2018-12,0.1927828130824609
1b9e65_2020-02,0.1266429494005465
1b9e65_2023-05,0.5841159053566951
1b9e65_2018-05,0.1240802236906412
1b9e65_2021-11,0.9639042788604552
18defd_2019-08,0.8177711449703574
b59bc0_2015-10,0.3880587172151304
77b3b9_2017-02,0.1662251090136218
e7a56d_2019-05,0.866995208395945
0ffc2d_2021-08,0.1004077213597248
4fb2d3_2020-10,0.976520153360229
db5006_2022-05,0.8789297916903179
18defd_2019-05,0.8943047032555482
7bf5c9_2023-04,0.6228890931955409
1b9e65_2018-06,0.0144458089930967
14fe3a_2014-06,0.235546367681499
1698cf_2018-01,0.0291226377523572
022433_2022-10,0.4016115265714261
5a0174_2015-09,0.0631742313237766
3db670_2023-10,0.9957818066475284
b1de95_2020-05,0.7980321309117758
90abb1_2017-12,0.0514772575884595
f4604d_2021-09,0.9535870679414388
1b9e65_2021-02,0.279813948646879
a42d13_2023-07,0.9523636047193068
db5006_2016-10,0.2968121434163815
f4604d_2015-02,0.0435436397105716
c580aa_2023-12,0.9153184783581324
90abb1_2017-11,0.0188252958861273
0ffc2d_2022-02,0.0015428571546853
0ffc2d_2025-06,0.9955315783637446
1b9e65_2019-04,0.6431951316078558
1b9e65_2022-07,0.8897458008838841
8ec563_2021-11,0.826046426266096
77e86b_2024-08,0.8766385840409127
c3a69f_2020-01,0.4509678082999709
c5816f_2022-06,0.2904755715061171
8ec563_2021-02,0.0447834028684322
6c1954_2025-07,0.9295102907498326
e361b7_2018-12,0.0903580241457654
b1de95_2021-01,0.7293800535134302
fd589c_2025-04,0.9454176560772678
e4bc80_2025-01,0.9699324756357128
3db670_2023-02,0.9864747292224424
b73bc7_2021-08,0.9946284343471364
c3a69f_2022-04,0.5064441473263904
c5816f_2025-01,0.954248983262916
e361b7_2023-07,0.9392445160018466
439fde_2019-03,0.1335609290550731
e361b7_2019-03,0.2941369663651978
e361b7_2024-02,0.9111571415393273
3a13b3_2021-04,0.948842353690453
c5816f_2019-04,0.4135785194637806
8ec563_2025-05,0.967474049795376
e361b7_2024-12,0.9631942682678244
439fde_2024-06,0.3871118403345737
c3a69f_2023-09,0.2848958673512636
894378_2020-12,0.8140976118527639
c5816f_2024-12,0.9301475268078944
e361b7_2021-09,0.0284622210382558
b1de95_2024-01,0.9839964072612007
c5816f_2023-04,0.9945447810806444
4718d7_2021-10,0.9805014442063252
c5816f_2022-04,0.2969823023709603
19fa84_2024-09,0.9908750829661224
e4bc80_2024-08,0.7452967523937797
3a13b3_2019-12,0.9576240673603432
b73bc7_2024-06,0.974411476350603
439fde_2024-05,0.343062545442349
c3a69f_2023-03,0.357620082541515
74b7d1_2024-10,0.6861029807435103
8ec563_2019-12,0.0605906360787547
e4bc80_2025-08,0.8774392221476531
4718d7_2020-07,0.9784029604609712
19fa84_2023-03,0.3917491057592949
f4604d_2017-02,0.5013228093826918
3db670_2023-04,0.9962963609679176
b1de95_2021-11,0.673099247296444
e4bc80_2024-02,0.9948219994188824
022433_2025-02,0.006857910646629
c3a69f_2021-06,0.938478799229354
fd589c_2023-12,0.8233383272615526
894378_2021-09,0.0112059076183091
e361b7_2023-02,0.5579041108563141
e4bc80_2020-01,0.9003577839615242
b1de95_2020-09,0.844920293055447
022433_2023-12,0.0133678842880257
8ec563_2023-07,0.8889404145962014
439fde_2024-07,0.5476257287049066
e4bc80_2023-07,0.9591371705916026
19fa84_2019-08,0.1649310026142553
6f5e2b_2021-01,0.9763884397437856
fd589c_2018-12,0.1220194475660706
e4bc80_2024-07,0.9421260620062892
3db670_2021-12,0.9030280998192356
8ec563_2021-03,0.9681518013494868
6f5e2b_2016-11,0.2011036021390791
e4bc80_2015-09,0.1191529456302961
c5816f_2023-08,0.8417117135414232
fd589c_2025-08,0.9255488646309477
e361b7_2022-10,0.6289962502030706
e361b7_2025-06,0.901256266655858
e4bc80_2023-09,0.837164664920253
1698cf_2021-06,0.9886193661949064
fd589c_2023-06,0.9805640353291328
74b7d1_2023-01,0.1639672949980557
4fb2d3_2016-03,0.017130329755943
d59611_2016-05,0.1149088758225125
74b7d1_2025-02,0.5960610562357289
14fe3a_2017-11,0.1965548921078811
bf6f0d_2023-09,0.4833915761226229
cd0e60_2020-09,0.7247639927041362
d59611_2022-03,0.9746447584894422
bf6f0d_2019-12,0.9666328077500173
d59611_2020-02,0.9825633589701328
77e86b_2023-04,0.8643838779698371
77e86b_2023-06,0.9001526321984107
db4cd8_2017-04,0.0376752560219514
14fe3a_2017-08,0.0721093663139145
db4cd8_2018-10,0.2553689967349674
74b7d1_2022-03,0.0755678167180569
77e86b_2014-10,0.0231066062273616
77e86b_2023-02,0.8901164250969168
259a19_2017-09,0.1309191335701144
cd0e60_2021-10,0.6457932053296275
74b7d1_2025-05,0.9765934502931256
cd0e60_2019-06,0.5292814841819953
88a9a6_2021-12,0.9559836396291328
2ab8ad_2023-09,0.9876919297868634
f1543b_2021-01,0.2776394675982503
74fb1f_2023-10,0.9609241439212216
f1543b_2022-07,0.9651740824148468
9b46ed_2020-12,0.9935440913919692
f1543b_2019-03,0.0114639798293939
293190_2019-05,0.2173467873098263
88a9a6_2025-05,0.8305022892191556
74fb1f_2014-09,0.0213750619126724
74fb1f_2021-10,0.8034940108730099
293190_2019-11,0.2548842580615284
f1543b_2015-08,0.0915000740305226
7aa803_2019-06,0.1024086445975899
2ab8ad_2015-04,0.1882332301414595
f1543b_2023-04,0.4169525209772668
88a9a6_2025-02,0.9925786842817312
f1543b_2014-06,0.0467788438904803
f1543b_2021-03,0.8673390670827075
293190_2020-06,0.9901798621740456
f1543b_2017-07,0.042071573107877
293190_2023-02,0.5462898998828364
c5df88_2019-01,0.0528551080493123
9b46ed_2024-09,0.8641222671103092
022433_2023-04,0.0681568770013925
88a9a6_2024-03,0.886143142049672
74fb1f_2020-03,0.6173500921934697
293190_2016-05,0.261018314894171
022433_2021-01,0.0431943405202848
88a9a6_2020-02,0.7776884556018104
7bf5c9_2016-05,0.4890874184009006
fb34b4_2024-11,0.3702463504577936
5a0174_2021-01,0.9935667611541056
439fde_2014-09,0.0249210496840522
b08ec1_2022-02,0.0601261684188898
74b7d1_2018-05,0.0561888886756508
92dcdd_2021-04,0.2138096702101276
77e86b_2019-01,0.0062868639637464
bf6f0d_2023-02,0.0184472349699181
94f933_2024-08,0.3095768796356121
b416b1_2018-10,0.0242635938546399
e7a56d_2015-07,0.0541256235331635
77c35f_2024-04,0.7656569101008829
e7a56d_2021-05,0.9937126184199768
18defd_2017-05,0.3154134376647948
18defd_2016-03,0.058621384980675
d86999_2024-08,0.97447038624797
b1de95_2025-07,0.9983213162913782
2ab8ad_2018-05,0.3689572794402259
60a0fd_2019-12,0.992510020040992
98a151_2020-02,0.9476447643239438
77e86b_2017-06,0.0123609471082728
7bf5c9_2019-07,0.940245682825118
98a151_2018-01,0.0807530622004385
60a0fd_2020-01,0.9711507120957452
19fa84_2016-02,0.0671517812497196
e3af0e_2020-10,0.9777405102988018
e3af0e_2019-12,0.9788046496293418
2ed4f9_2025-06,0.0263445702065338
6da35b_2025-04,0.13110791029131
60a0fd_2021-07,0.8804069044744828
6da35b_2023-07,0.0327645040680179
98a151_2021-05,0.9871143274098988
60a0fd_2019-02,0.9417710759296032
60a0fd_2020-07,0.9803036730115108
74b7d1_2023-02,0.0803911001210202
7bf5c9_2025-09,0.9947864924540732
74b7d1_2017-02,0.0281514973741602
98a151_2016-12,0.6770746250541813
0ffc2d_2024-12,0.9934035301674112
7bf5c9_2016-10,0.0727857581862196
77e86b_2022-10,0.4795932856464061
7bf5c9_2016-12,0.0905029910947507
60a0fd_2024-01,0.991016671250772
60a0fd_2020-09,0.9916172462324032
829a72_2024-03,0.9317436235700582
e3af0e_2022-03,0.9953730754710598
6da35b_2025-02,0.6536234117924823
77e86b_2018-06,0.1592390105809558
7e646c_2024-05,0.1207275461216449
7bf5c9_2018-11,0.1140668287091747
98a151_2022-03,0.99526519712064
60a0fd_2017-09,0.0538689345433186
e3af0e_2023-12,0.9779191026118104
0cecbd_2015-09,0.011742898882892
e7a56d_2020-03,0.9627492402590362
3a13b3_2017-12,0.8640481606100466
7bf5c9_2015-07,0.0350112307967104
948a11_2023-03,0.015972754265748
b59bc0_2023-07,0.5113630884454178
b59bc0_2021-10,0.994444911746292
8d0588_2017-04,0.0991589111299726
8d0588_2024-12,0.9657078289140076
b59bc0_2020-05,0.945715661402982
2ab8ad_2016-02,0.0303707294556125
b59bc0_2020-09,0.8588862017499814
8d0588_2021-03,0.9835134704558334
8d0588_2022-08,0.8993752533364257
b59bc0_2024-01,0.9343772829993652
b59bc0_2017-12,0.9127866723171744
8d0588_2020-03,0.9761871974616914
b59bc0_2019-06,0.7301139120465885
b59bc0_2022-08,0.9099441637743706
b59bc0_2024-02,0.9406166713917852
b0ff51_2017-08,0.4853234638546952
0cecbd_2017-08,0.0248436579770813
8d0588_2015-01,0.0351833788090759
8d0588_2021-07,0.71923744055757
b59bc0_2017-06,0.2213811272615644
8d0588_2014-03,0.1915235640208015
8d0588_2016-05,0.7260840945008049
b0ff51_2024-02,0.9421822881728172
8d0588_2022-02,0.9604238254267432
b0ff51_2018-01,0.8391677904446769
8d0588_2023-11,0.8012129860464184
b59bc0_2015-08,0.1994396718248519
b0ff51_2016-07,0.3532519835956276
f1543b_2016-09,0.0936201530649852
b0ff51_2019-01,0.947911450359952
8d0588_2024-07,0.9293258616260746
8d0588_2024-11,0.9299553208838504
8d0588_2025-01,0.986181872398612
b0ff51_2022-11,0.5543654597906221
b0ff51_2023-06,0.7889987544555433
8d0588_2020-09,0.9559636299904888
b59bc0_2018-02,0.6710690506801741
b0ff51_2015-01,0.0589223370524942
77e86b_2017-02,0.0213543887106383
b59bc0_2019-04,0.6529729070847543
b0ff51_2019-04,0.6798831983020777
b0ff51_2021-09,0.9941926198735545
4f2b6b_2022-12,0.1363940015416662
b416b1_2015-01,0.2367175136892793
8fabe0_2025-01,0.9898237741322838
259a19_2025-02,0.7049176609174241
6838b9_2021-01,0.0524843156528969
f500c5_2016-04,0.1206459605627909
545d15_2024-02,0.98799471081903
545d15_2025-05,0.9915141417291836
5ecf9b_2022-06,0.7417072462063079
5ecf9b_2023-11,0.1600583056554472
545d15_2022-03,0.6542038352099945
8b98f3_2023-03,0.3604941587275235
8b98f3_2022-06,0.6916877994719856
545d15_2023-07,0.9638848020918824
ab32d7_2025-08,0.7432317948028216
5ecf9b_2022-05,0.5373647837261848
74b7d1_2017-08,0.0095011023223714
ab32d7_2024-05,0.5803521270075526
8b98f3_2024-02,0.0783789495172275
74b7d1_2018-09,0.0612164846141621
74b7d1_2020-12,0.9210872734874892
7e646c_2022-09,0.0293238227021526
ab32d7_2023-01,0.0086187261150142
ab32d7_2024-04,0.1145240586359847
74b7d1_2021-06,0.902875954966352
5ecf9b_2022-03,0.2575455914759355
74b7d1_2015-04,0.0072330716583204
8b98f3_2023-04,0.5114733373722075
8b98f3_2024-11,0.2547315499044406
8b98f3_2023-01,0.0508823794658518
ab32d7_2023-12,0.2873418003189859
ab32d7_2022-09,0.3053149023720546
74b7d1_2021-11,0.9275821327522824
6224d0_2015-08,0.0604250457033862
8b98f3_2023-12,0.0892984444004062
0874ee_2015-09,0.6682125268854636
987bc1_2017-01,0.792830668704883
1698cf_2015-01,0.0264093945106909
f461d4_2025-02,0.6982296433674544
7bf5c9_2022-05,0.8652899377482809
6838b9_2024-02,0.9674324792692602
fd589c_2018-06,0.2946423607755928
fd589c_2021-04,0.7601345155014655
8ec563_2016-06,0.4122519874581323
3a13b3_2016-11,0.0251594718444874
fd589c_2022-07,0.2915313245768107
e4bc80_2018-10,0.6782540112816375
c5816f_2018-12,0.2214337147259789
19fa84_2021-05,0.9360532150736866
06534f_2022-03,0.9655748713883042
c580aa_2016-01,0.1685684055111105
894378_2015-03,0.0470272615367496
894378_2018-04,0.1313781226098435
c580aa_2024-12,0.962183286404668
e361b7_2019-04,0.3151834673955614
e361b7_2018-06,0.3005292035256445
b73bc7_2015-08,0.1054858359846763
531356_2018-09,0.852010526595232
c580aa_2016-09,0.2794166958936568
894378_2018-02,0.0984126145281212
8ec563_2019-10,0.0844622470607523
3db670_2024-03,0.9907156166609584
e4bc80_2021-03,0.9835062333077368
c5816f_2016-09,0.4507039724372715
06534f_2017-01,0.3205769381743903
b1de95_2023-11,0.9898848590217678
fd589c_2017-01,0.4073504271019259
e361b7_2014-12,0.0262288147248677
c5816f_2019-01,0.0530352591449629
c580aa_2016-10,0.3621428699051434
b1de95_2024-12,0.9712510125823596
8ec563_2018-06,0.3826433929483154
3a13b3_2021-06,0.9860733510431446
e4bc80_2017-05,0.1854419482682313
894378_2019-06,0.4035170074113524
c5816f_2014-04,0.0962767222573264
3a13b3_2025-06,0.9866033583079508
e361b7_2017-08,0.2935164769176824
c5816f_2024-06,0.9948935442086114
06534f_2015-03,0.0108536096291445
b1de95_2024-05,0.993007846143098
e4bc80_2014-07,0.0528201582668598
3a13b3_2021-10,0.963580682983752
3db670_2024-07,0.99247395264225
fd589c_2014-05,0.0279665711786718
fd589c_2024-03,0.9329322143788992
c580aa_2020-04,0.9348146600213714
b73bc7_2024-03,0.968766774637532
06534f_2021-01,0.6506266888945855
3db670_2024-01,0.9810567429927748
b1de95_2020-06,0.8609097377944545
e4bc80_2015-02,0.1352135140190847
e4bc80_2018-02,0.1634904393577916
e4bc80_2019-05,0.0892937498885036
c5816f_2020-08,0.9528224926624754
8ec563_2020-03,0.9898761156430114
b73bc7_2023-03,0.983171658727465
c5816f_2014-07,0.039667023165278
19fa84_2019-07,0.7403005787788219
06534f_2016-03,0.4377312269329264
b1de95_2015-11,0.0579263690321537
fd589c_2014-10,0.0272028983587014
894378_2018-06,0.07025325151136
c5816f_2019-10,0.519324827562406
8ec563_2014-10,0.071549603570653
90abb1_2015-12,0.6230246396899182
19fa84_2022-04,0.0193672896934068
8ec563_2015-04,0.1253858430081754
3a13b3_2016-10,0.0236332300253476
06534f_2022-08,0.9821737509446556
fd589c_2019-02,0.0480061982604705
c580aa_2015-06,0.0931126722495592
c580aa_2023-05,0.986794875571622
1b9e65_2017-09,0.1513635717545512
c48018_2017-02,0.2841953297770964
6224d0_2016-01,0.0311207224536318
6224d0_2015-10,0.0314213716094244
6224d0_2016-02,0.0364698212224011
f461d4_2018-06,0.2215413023198612
0874ee_2021-01,0.5696909041676783
98a151_2020-06,0.982846538018188
a97df3_2019-03,0.0551410431650081
18defd_2016-01,0.072347643336242
b08ec1_2017-08,0.0668958908943162
6f5e2b_2017-11,0.0470896980180774
c48018_2016-06,0.1510297481967662
c48018_2017-09,0.034085291927287
c48018_2022-07,0.9228590615756156
18defd_2022-09,0.9371728013985676
c48018_2018-11,0.2304111198314042
c5df88_2017-06,0.0408382678386102
b1de95_2017-08,0.112542031677025
1698cf_2017-07,0.0586947611953589
18defd_2017-09,0.0337880460635344
18defd_2021-09,0.7292118343911252
c48018_2021-12,0.8099177858291481
18defd_2016-06,0.0563234658972587
18defd_2022-04,0.9142195229116848
c48018_2018-07,0.2249419268629434
1b9e65_2018-10,0.3095380764440688
18defd_2020-10,0.5920539659442786
1822ea_2015-05,0.1251448263608842
90abb1_2017-07,0.2723290712422485
0874ee_2015-06,0.678904410411577
18defd_2015-07,0.2293786382559048
18defd_2020-12,0.5636707217448427
c48018_2021-01,0.6623461785813352
d59611_2016-06,0.2085561052813334
c48018_2020-06,0.8986923262038191
293190_2018-03,0.8971085062885534
3db670_2017-08,0.4463589959206986
e7a56d_2015-10,0.3735331334097467
f4604d_2018-09,0.0808504544949724
c3a69f_2014-06,0.0357617329579801
c3a69f_2025-06,0.8718673567459806
c48018_2016-12,0.2130084342155141
b73bc7_2022-11,0.9875727953878164
5a0174_2018-11,0.5243122370360969
99c11c_2020-12,0.1712585443293355
8fabe0_2016-12,0.0349494887575175
60a0fd_2015-11,0.1724800907030713
9af74c_2015-08,0.3048974163945588
1698cf_2020-07,0.9820371467481804
99c11c_2024-06,0.6790480949174872
99c11c_2022-07,0.8762294734825733
5a0174_2015-08,0.0182313477648057
259a19_2021-06,0.9944727375156966
9af74c_2015-09,0.4177676357775345
db4cd8_2017-12,0.278859351579617
83894c_2020-10,0.0136455580992977
99c11c_2020-08,0.053069081396879
60a0fd_2015-06,0.006385744755391
1698cf_2018-08,0.1335541142765917
14fe3a_2015-09,0.9065442422314958
5a0174_2020-04,0.9934474542571996
bc4c03_2016-06,0.0317968954867316
8fabe0_2017-10,0.0158328364694481
f461d4_2015-06,0.0280128787487561
829a72_2021-02,0.9249987762728504
1bdb97_2022-02,0.507026564400794
829a72_2016-06,0.0317670352894985
175155_2015-11,0.0310118533448957
7e646c_2025-03,0.047447153273076
829a72_2015-06,0.0083733621111021
259a19_2015-05,0.0335296248809017
259a19_2020-04,0.991906661403504
2ab8ad_2018-10,0.5500624033390226
1698cf_2017-08,0.0998809581550419
5a0174_2016-08,0.0720731082591518
f461d4_2020-12,0.9483737884570774
f461d4_2021-01,0.9431784073516042
f461d4_2021-03,0.9321154371719934
83894c_2022-07,0.359430041127015
e4bc80_2016-08,0.0804468626779923
14fe3a_2020-05,0.9731970704409976
fd589c_2017-08,0.0502099639815033
e427f8_2022-05,0.2800966206785135
531356_2022-06,0.9903025616411496
29849f_2017-07,0.5180251949303153
14fe3a_2021-04,0.98418583453846
dbb709_2022-06,0.3709076126359522
29849f_2020-10,0.8487503217190259
302d40_2022-07,0.175663886265975
e427f8_2021-12,0.4433659376196296
e361b7_2017-01,0.6107450534985066
f4604d_2017-12,0.1575520242545914
8ec563_2016-03,0.0729505697508243
9cf1af_2022-05,0.6180000535105429
e361b7_2016-05,0.2065755096093921
8ec563_2015-11,0.0250741353709998
894378_2017-08,0.1384613535290636
e4bc80_2015-05,0.0547478975938467
1698cf_2015-10,0.046732128471136
db5006_2017-12,0.0483356717651474
0874ee_2016-11,0.5195251556854915
8005b9_2020-09,0.9937379463308652
fb34b4_2023-12,0.0204280444269398
c3a69f_2019-02,0.0960528226347203
829a72_2017-03,0.6007046035875461
0874ee_2020-06,0.978981640844934
c3a69f_2019-06,0.2010852689898976
829a72_2020-04,0.9831674828795256
e2314a_2020-10,0.8709887777493984
731908_2020-05,0.9914978682069212
731908_2020-04,0.9794085328209412
60a0fd_2020-06,0.9674068509244864
98a151_2018-10,0.7645227067236039
11f0e3_2020-04,0.9764079020547572
77e86b_2015-11,0.7452152394444478
9af74c_2021-02,0.9971435373607987
bc4c03_2017-10,0.0200541584532191
b73bc7_2021-12,0.896645662791023
9af74c_2020-12,0.9974146588424884
bc4c03_2016-02,0.0889966352781759
987bc1_2018-10,0.3037752130032348
18defd_2015-08,0.3909025581194205
1822ea_2020-04,0.9973422616679452
9af74c_2017-04,0.0673905539255622
9af74c_2020-08,0.9975243159275357
1822ea_2019-01,0.1881501108811426
1822ea_2018-12,0.107321224601764
375f2e_2016-08,0.054636737296868
375f2e_2015-07,0.0939929944552322
3a13b3_2022-01,0.9073039997466308
bc4c03_2016-07,0.0317934031510998
439fde_2017-03,0.1190216937349251
c3a69f_2020-06,0.9704771885652868
87cfea_2021-08,0.2052291827302985
87cfea_2025-01,0.2667787268514467
99c11c_2021-04,0.0716777512145214
83894c_2019-03,0.3065761985058651
87cfea_2021-05,0.1554237638407485
99c11c_2024-09,0.7175879562529975
87cfea_2019-08,0.0451486004220479
83894c_2025-05,0.2256081322026602
439fde_2016-08,0.0207933275741106
83894c_2019-05,0.0997236474562048
87cfea_2021-11,0.0660121655081199
c3a69f_2018-09,0.1792352101083521
439fde_2021-03,0.8992459969356447
87cfea_2018-01,0.4604255881227728
99c11c_2024-10,0.9296594051621327
bf6f0d_2017-12,0.258443508051911
439fde_2020-09,0.9698681761443584
87cfea_2024-08,0.9143203928524898
99c11c_2023-03,0.1415934634957847
99c11c_2024-07,0.6116823687722811
87cfea_2021-01,0.1206773723190007
87cfea_2018-12,0.1589682239057945
83894c_2018-05,0.1423232381284721
99c11c_2020-07,0.0687821356913195
87cfea_2017-06,0.0146567036585776
87cfea_2021-12,0.1485003844017174
a25664_2018-11,0.1538105767830728
99c11c_2021-05,0.4596337980964558
92dcdd_2021-05,0.1636006183286272
4fb2d3_2018-11,0.6799446000100398
34889b_2015-07,0.7798525091130096
531356_2022-05,0.9868194970266516
9b46ed_2020-06,0.927392116169116
29849f_2022-01,0.9911464386322468
c3a69f_2016-02,0.2997621201076368
90abb1_2017-05,0.0839210836861625
c3a69f_2015-10,0.2720235823671525
29849f_2020-09,0.9299978659102498
bc4c03_2015-10,0.7985580226349955
c3a69f_2016-04,0.2418950181332644
fb34b4_2023-04,0.0423905060759513
b416b1_2017-08,0.0698760606025993
06534f_2022-02,0.8994396028121057
c580aa_2021-07,0.9741327012625316
b73bc7_2018-07,0.8195842893365419
b1de95_2023-01,0.9736806486345854
b73bc7_2020-12,0.6205295159988982
c580aa_2022-05,0.984418021533728
06534f_2020-11,0.8431272780969603
3a13b3_2022-04,0.9878185176233264
3a13b3_2023-01,0.9903760125494891
06534f_2022-07,0.9821663793357231
3db670_2017-01,0.7730728206221849
b1de95_2018-08,0.8560739838713275
06534f_2023-01,0.9737520834417378
c580aa_2020-07,0.8653003859899597
3db670_2016-10,0.6785737935879919
8d0588_2015-11,0.0530660409576207
83894c_2018-11,0.0204135326020377
77e86b_2020-07,0.9089536937666884
77e86b_2020-10,0.940501669251627
77e86b_2016-07,0.0132038547975213
87cfea_2024-05,0.9860408900792323
74b7d1_2016-08,0.0207766634399204
77e86b_2018-11,0.064272401745374
77e86b_2020-09,0.9317434251573696
87cfea_2019-02,0.0034538809740198
87cfea_2019-03,0.1006371276807929
dc4b5e_2020-05,0.8007698511565946
8005b9_2017-07,0.1697870767604447
5a0174_2021-02,0.9980937135769392
99c11c_2018-05,0.1581361134452102
90abb1_2018-10,0.6125131232980336
987bc1_2016-07,0.425217760983526
99c11c_2020-04,0.0725704586851387
87cfea_2018-09,0.3232167653477512
83894c_2024-05,0.8633918600365637
259a19_2021-02,0.9984052829546934
83894c_2024-04,0.864619960897765
439fde_2018-07,0.3721588785755672
83894c_2024-06,0.8038272602484089
987bc1_2016-06,0.3279008233559987
af81b0_2015-10,0.7150800574576891
af81b0_2016-03,0.0259134572587397
6838b9_2020-05,0.3949968628504748
af81b0_2016-12,0.0236040569980737
af81b0_2015-11,0.0295839613923688
af81b0_2016-07,0.0246294985142562
4fb2d3_2015-05,0.0808046871513771
af81b0_2016-10,0.0233154429764125
0874ee_2017-09,0.5147355419923265
a25664_2018-09,0.144971287775044
3db670_2015-12,0.015080671044656
88a9a6_2015-05,0.0161480846004664
7aa803_2018-07,0.5143724089819318
19fa84_2021-04,0.9491084971270828
74b7d1_2015-05,0.1855009896322634
2ab8ad_2018-03,0.0561579493195903
cd0e60_2024-09,0.8070618680626463
3db670_2015-10,0.0139023794516801
34889b_2020-11,0.965859347785814
4718d7_2015-07,0.0798715643392622
8005b9_2016-01,0.3283038309517101
8005b9_2016-10,0.6763330092686726
f500c5_2015-09,0.2865223136151817
b416b1_2017-03,0.302156578097997
894378_2018-11,0.1395465464352784
19fa84_2017-09,0.1446282507083966
19fa84_2018-08,0.3190085936813221
4fb2d3_2015-06,0.0406098076861417
19fa84_2017-04,0.0981160729918892
894378_2015-05,0.0772340073189675
77e86b_2017-12,0.0693000573929421
fd589c_2015-08,0.0416603189699101
19fa84_2018-09,0.1027411159917577
e4bc80_2015-07,0.0081121959164809
0874ee_2016-08,0.9471737386044836
74fb1f_2015-08,0.0645191622962848
db4cd8_2016-03,0.290281768197093
1996b0_2022-09,0.1998616268757124
db4cd8_2016-02,0.2540013201442641
0874ee_2016-06,0.9138532092206336
5a0174_2017-09,0.0687220865234325
b08ec1_2018-10,0.0613018501958058
0cecbd_2017-10,0.0462272997782982
34889b_2018-10,0.92366677295024
b08ec1_2017-12,0.4864400648555168
e2e0ce_2018-08,0.2896034559991378
2ab8ad_2017-10,0.5638227547338664
b08ec1_2017-09,0.0194342108400729
34889b_2020-06,0.979400453215484
dc4b5e_2021-06,0.9444479504638822
9b46ed_2016-06,0.1917882727353645
dc4b5e_2021-01,0.94195654633927
9b46ed_2015-12,0.0436404378174079
f461d4_2018-07,0.719011859848362
9b46ed_2015-11,0.033263386106455
b08ec1_2021-02,0.3856847008759312
b08ec1_2021-04,0.6776386058305478
8005b9_2015-06,0.0103919592781864
9af74c_2017-05,0.0432599999055239
3db670_2017-11,0.9333709131686564
af81b0_2017-12,0.1370078654535029
3a13b3_2020-07,0.9694601537269936
a97df3_2020-08,0.5114375682113008
a97df3_2020-07,0.5816524618282183
b73bc7_2017-09,0.6193704921861116
1698cf_2015-09,0.1040737690230167
0cecbd_2016-12,0.2890942559926262
3db670_2022-05,0.9692094813047718
b73bc7_2020-08,0.9904331572681772
3db670_2017-09,0.9622139656185524
99c11c_2025-08,0.9364386732546168
3db670_2022-04,0.9780418106643666
a97df3_2021-06,0.4894862616732095
a97df3_2020-09,0.4942114534282797
99c11c_2019-04,0.020882389080984
99c11c_2022-09,0.9665520007843048
3a13b3_2022-08,0.9985979088438308
1822ea_2015-10,0.0121415603084019
9f1aa0_2016-10,0.8378278900072512
0cecbd_2020-05,0.9734506970314636
375f2e_2015-11,0.0719350033771258
e4bc80_2021-04,0.962479478401672
8ec563_2020-09,0.9692759421616524
98a151_2015-06,0.2456925525470043
0874ee_2017-10,0.6465608368857166
bf6f0d_2015-12,0.4787099282692079
af81b0_2022-10,0.9957018391066956
bf6f0d_2016-03,0.1050023882937094
c5df88_2018-11,0.2613575202646653
74fb1f_2016-12,0.0961067049850293
2ab8ad_2016-07,0.0492188479958015
e2e0ce_2016-10,0.0512998830431854
88a9a6_2016-12,0.0633989913348259
293190_2017-12,0.0972393485500115
88a9a6_2015-08,0.0432316766730566
e2e0ce_2016-06,0.0282309672098758
9f1aa0_2015-07,0.4005910334303407
c5df88_2016-01,0.2857764134745114
9f1aa0_2016-06,0.73477735647219
7bf5c9_2015-08,0.0766401128020977
87cfea_2020-05,0.0436178490805231
1698cf_2015-12,0.088631170518542
fd589c_2017-09,0.3234106268043361
fd589c_2018-09,0.394750298301786
894378_2016-12,0.0935813291561871
c5816f_2016-03,0.0709617710738919
19fa84_2016-08,0.0618365272126607
e4bc80_2018-11,0.5880468837665804
c5816f_2017-08,0.0723772032586842
6f5e2b_2017-12,0.0172719916014504
c5816f_2015-10,0.0597933352775162
19fa84_2016-07,0.0630563329682587
19fa84_2015-07,0.0075305434963906
b59bc0_2016-10,0.8714426458989677
b0ff51_2016-12,0.942808440525302
34889b_2025-03,0.9832690660504568
87cfea_2017-09,0.0689706499524022
83894c_2016-05,0.0875633260601131
a42d13_2020-01,0.9829972545180046
a42d13_2018-12,0.9230335855093638
a42d13_2021-12,0.9925014858853168
a42d13_2020-05,0.9811527334676028
a42d13_2020-04,0.9828068346219606
a42d13_2022-01,0.9925014858853168
a42d13_2019-12,0.968461259257264
a42d13_2023-03,0.992659287258212
6f5e2b_2015-12,0.1125732302873617
f1543b_2017-09,0.162970883822078
829a72_2016-02,0.24847954451382
531356_2015-07,0.0175086100267675
1b9e65_2020-05,0.8136795547361866
d86999_2020-07,0.9371296779449728
c5816f_2017-09,0.2906056362458933
894378_2020-07,0.8698577491912467
375f2e_2016-03,0.2110955934201827
29849f_2017-10,0.0591110635255898
531356_2016-01,0.4338981127584573
77e86b_2015-05,0.3076305664052194
83894c_2017-03,0.0075047950561898
8005b9_2017-11,0.5012868586431324
8005b9_2016-11,0.0783312415824784
8005b9_2016-12,0.8030593317963657
bc4c03_2016-11,0.2547226305834231
29849f_2018-07,0.0479839241168547
f4604d_2025-06,0.9979145316937458
293190_2025-05,0.9841955219002242
88a9a6_2018-08,0.495872640262164
4fb2d3_2016-08,0.0259576374129389
c5df88_2024-08,0.978990018977946
293190_2024-10,0.9903366317572764
c5df88_2024-05,0.9760214504745284
7aa803_2021-08,0.9690057034162136
293190_2026-02,0.9847000008579436
4fb2d3_2016-09,0.0119135560812981
7aa803_2015-06,0.010396304611097
c5df88_2024-12,0.9787742555129392
7aa803_2021-09,0.9597895359207552
88a9a6_2016-07,0.1485404089216343
293190_2025-01,0.9840662090135917
74fb1f_2024-11,0.9947664217931532
c5df88_2020-05,0.8686444617096957
9b46ed_2021-10,0.9795883977814286
1996b0_2024-04,0.0560209251120561
f4604d_2020-12,0.4829696730309096
06534f_2014-08,0.0635519706112593
06534f_2016-06,0.1021383982638284
f4604d_2016-10,0.3128718411179573
18defd_2018-11,0.9217178753511271
06534f_2016-07,0.1291414766651285
375f2e_2018-11,0.5478169969228528
7a007d_2023-08,0.9704253448472682
7a007d_2021-05,0.323468501247629
7a007d_2021-06,0.5116882267689918
60a0fd_2015-05,0.0224489887974056
7a007d_2023-03,0.969969236351869
18defd_2016-10,0.1022700704807908
7a007d_2023-02,0.9823574628401746
7a007d_2019-11,0.5032760016128665
9af74c_2025-09,0.999281411738954
b08ec1_2015-06,0.1935658445838944
e7a56d_2016-10,0.0158588715647037
4718d7_2017-01,0.0321135791015323
b59bc0_2018-10,0.9900107497269354
b59bc0_2017-10,0.9529704745842597
b59bc0_2018-08,0.9771942588256664
0cecbd_2017-12,0.3061941195400571
b59bc0_2017-09,0.9460697245141496
8d0588_2018-11,0.9509101752442504
b1de95_2015-10,0.0426344976044724
94f933_2023-01,0.1302104209471613
1b9e65_2025-04,0.9727320110883688
0cecbd_2016-04,0.1045376421986604
a25664_2020-04,0.9629547006512856
fd589c_2020-09,0.9508303516726891
0ffc2d_2018-11,0.045932875450246
d59611_2020-06,0.9977013814231556
34889b_2016-07,0.1539157087378232
34889b_2016-08,0.1426526181532086
bf6f0d_2017-03,0.0128380258373303
db5006_2017-01,0.788934003759935
0ffc2d_2020-05,0.6491352541741925
6c1954_2021-03,0.6138768746078646
34889b_2016-10,0.129605074073265
6c1954_2021-05,0.5211981881374338
8fabe0_2015-11,0.0326976098088891
0ffc2d_2020-04,0.6803402408750835
8fabe0_2016-02,0.009430533903811
db4cd8_2020-05,0.9962175305747544
34889b_2016-11,0.1763482328088875
b08ec1_2018-08,0.3651096463907961
5ecf9b_2023-12,0.1025507264275427
77e86b_2018-03,0.00467391093565
74b7d1_2019-06,0.0233675482490529
439fde_2023-11,0.1509049091430743
439fde_2024-04,0.981939707053154
1b9e65_2023-01,0.1897453118221424
db5006_2023-03,0.9771883548316798
74b7d1_2022-10,0.5381817126859026
db5006_2024-10,0.9930308175008224
ab32d7_2023-11,0.1025871153749691
77e86b_2019-02,0.0905420090023661
c3a69f_2024-05,0.9322052124591008
439fde_2025-01,0.6872793367164334
77e86b_2014-11,0.0508150468919264
439fde_2020-01,0.3781012741463526
c3a69f_2024-01,0.1357149720025361
77e86b_2020-03,0.7861155048173457
77e86b_2018-05,0.0306883819194348
94f933_2025-05,0.2357931607072861
c3a69f_2025-02,0.7527951386181423
829a72_2023-02,0.9437288399893456
6224d0_2023-10,0.9363048181278746
293190_2023-01,0.7902603060608023
293190_2023-12,0.7018448309794981
2ab8ad_2016-06,0.0428742500654427
88a9a6_2022-12,0.4529384335373079
9b46ed_2025-05,0.8306393191179341
fc9334_2022-01,0.196384761391943
8bd3ce_2015-07,0.0144645011258409
fc9334_2017-01,0.0100410984712636
8e41cf_2018-01,0.0041882589076895
8e41cf_2019-11,0.1670057755268338
b26809_2020-08,0.8019850325378423
fc77d0_2019-06,0.6270048290772918
6224d0_2019-11,0.4085140171066134
a25664_2018-12,0.0176339247604862
c5df88_2023-05,0.9873048177278304
7aa803_2021-11,0.7850094731047692
7aa803_2024-10,0.8178784895603062
98a151_2023-05,0.9953256985247722
98a151_2025-03,0.9868357333015364
60a0fd_2023-09,0.97903422288255
8bd3ce_2020-06,0.9802142205804744
4fb2d3_2020-03,0.9968633909350934
e60b65_2024-03,0.9945401866372852
74fb1f_2016-03,0.0274428955555823
60a0fd_2025-01,0.9959663195925884
9cf1af_2022-12,0.1222866071277003
d86999_2023-07,0.98024421298583
d86999_2023-12,0.9550103373175468
175155_2014-10,0.0088542453675297
293190_2022-08,0.885108735887381
2ab8ad_2019-02,0.0529450078540906
2ab8ad_2019-03,0.031568237341642
c5df88_2022-07,0.1658089738523349
74fb1f_2018-12,0.0403316113794306
7aa803_2024-08,0.6765890398248421
9b46ed_2018-02,0.2148428378426968
11f0e3_2025-06,0.6099547514312238
98a151_2023-12,0.9499072222845548
9befc8_2023-05,0.9679320149902948
302d40_2024-12,0.295291405210118
e3af0e_2023-05,0.9899419134316814
6c1954_2022-11,0.0128344102741398
8bd3ce_2022-07,0.2831849520445349
b26809_2020-10,0.1174495638625288
a25664_2014-12,0.0807919431976763
e2e0ce_2021-10,0.4891319292042628
74fb1f_2014-12,0.0322379547979361
74fb1f_2021-02,0.4129215899670365
8fb6f0_2023-03,0.1571276646439252
731908_2021-12,0.0108726622376744
829a72_2023-07,0.8531482036266068
fc9334_2015-04,0.0472054136464005
60a0fd_2018-05,0.0077796392997339
d86999_2016-07,0.5612623853117701
d86999_2022-12,0.9788774053185714
6c1954_2023-10,0.4578403693818254
b26809_2017-01,0.1239394100393057
4fb2d3_2022-02,0.9836052923902848
1698cf_2018-02,0.0637763823164999
4718d7_2020-08,0.5254589410819995
6f5e2b_2018-02,0.0539075225390774
e2e0ce_2021-08,0.797773744993317
c5df88_2019-08,0.0626780777750204
88a9a6_2019-02,0.0735536798157305
780a0b_2020-02,0.0161824877125064
a97df3_2024-01,0.2115272275071538
bfbeef_2019-02,0.0222026051495856
b26809_2018-05,0.0101656321408158
77c35f_2024-10,0.3015926633228016
829a72_2022-09,0.8702523667992474
60a0fd_2018-12,0.1791129317084338
e3af0e_2021-07,0.99787739747346
fc9334_2023-01,0.1470385333310077
fc9334_2024-09,0.9956192224512111
987bc1_2021-06,0.9837193082001248
6224d0_2023-01,0.9849122861797528
88a9a6_2022-07,0.4800855230688262
302d40_2023-04,0.0693869575010493
d86999_2016-06,0.2331452105030108
fc9334_2015-12,0.0118486701666709
8bd3ce_2017-08,0.0620855241699093
8e41cf_2018-03,0.0085904345673981
5a0174_2020-01,0.9835511943814051
e2e0ce_2018-09,0.2524428220793493
74fb1f_2015-03,0.0147548872892103
74fb1f_2019-07,0.0402998592318599
e3af0e_2024-12,0.9964283950654736
98a151_2021-06,0.9987593054299346
9cf1af_2022-09,0.1860024501871049
b26809_2016-11,0.006921954375418
9befc8_2024-11,0.0469058494297107
b08ec1_2018-03,0.0034778658810007
2ab8ad_2018-02,0.3639599411003907
c5df88_2021-04,0.3037366618627908
7aa803_2016-10,0.0152797729518731
7aa803_2017-06,0.0828359833467986
88a9a6_2022-01,0.1370110962293553
0f9e86_2024-08,0.9926265681895508
98a151_2025-06,0.9826419531505198
60a0fd_2024-04,0.9488577492633578
e3af0e_2024-01,0.9742573068189216
8bd3ce_2019-01,0.0035758455536398
b26809_2015-09,0.3491524628648583
e2e0ce_2024-10,0.7962440335645706
c5df88_2022-12,0.7372339011146618
74fb1f_2025-04,0.6824618585153239
0f9e86_2025-01,0.4202998339101721
fc9334_2015-08,0.0392028083958693
dbb709_2023-08,0.7101262475391122
60a0fd_2025-05,0.9614410949111082
d86999_2016-08,0.227131193350267
98a151_2019-09,0.7300732624575808
dbb709_2024-04,0.1825723063936006
e3af0e_2019-07,0.9319061739069252
b26809_2023-08,0.8572088878788213
b08ec1_2018-12,0.0437389371742731
4fb2d3_2015-03,0.0088982048805332
e2e0ce_2023-01,0.7428156619358406
74fb1f_2022-04,0.6721273216282841
7aa803_2016-07,0.0214035242580487
8fb6f0_2021-03,0.2982365727003296
11f0e3_2023-01,0.4384285413920615
11f0e3_2023-11,0.0517192025647595
dbb709_2024-02,0.5995561918757056
8e41cf_2016-10,0.012496831751053
e3af0e_2019-05,0.5880976413667572
8e41cf_2017-08,0.0259653016335468
8e41cf_2023-01,0.2723717293108009
fc77d0_2023-11,0.9591907814064276
c5df88_2018-01,0.2721104241267728
74fb1f_2024-05,0.5654611484066524
74fb1f_2024-09,0.8425630442082568
88a9a6_2015-07,0.0324428189488978
302d40_2022-05,0.4282777348011675
e3af0e_2021-01,0.9252698005192436
b26809_2016-02,0.2089097576903691
8e41cf_2021-12,0.1026520986216157
6838b9_2018-06,0.0896710281921148
74fb1f_2019-06,0.0662917398199018
98a151_2025-01,0.9912453756053884
0f9e86_2024-04,0.2589544578250828
829a72_2019-03,0.1377857855319743
d86999_2017-09,0.0960978609203493
6c1954_2023-07,0.026079665346329
b26809_2019-06,0.6616979795825532
8bd3ce_2024-12,0.3646648623875425
8e41cf_2016-07,0.0971761042152315
b26809_2021-02,0.1158548832256305
b08ec1_2024-08,0.5745784971898044
9af74c_2022-02,0.994086583417535
6f5e2b_2019-10,0.9515126390264326
c5df88_2018-10,0.297772544505929
74fb1f_2017-01,0.1057872287004203
9b46ed_2015-02,0.0375708812643237
780a0b_2024-05,0.9824978623936382
8fb6f0_2020-07,0.9576209006152394
77c35f_2023-03,0.1675689009528834
d86999_2021-06,0.4901680377843587
8bd3ce_2017-09,0.1953309548767688
b26809_2017-09,0.0110781475690636
b26809_2021-03,0.0299172043046345
bc4c03_2021-07,0.9755501284973656
259a19_2018-03,0.0651749124441499
532867_2024-10,0.0223305993787
e2e0ce_2019-08,0.0167177875641801
e2e0ce_2023-03,0.628640685752013
c5df88_2017-08,0.4370572379651499
c5df88_2023-01,0.7897390414778802
7aa803_2015-02,0.0269750672291243
7aa803_2021-07,0.9828377358585012
9b46ed_2022-03,0.8372505678280789
175155_2020-01,0.9817232112874308
60a0fd_2020-12,0.9658488006926356
fc2511_2025-07,0.014944338659685
b26809_2025-04,0.1947644141200372
34889b_2025-07,0.4892598835450235
fc77d0_2022-11,0.9864379120955168
e2e0ce_2021-03,0.4193708347534164
74fb1f_2022-02,0.2333356113535497
74fb1f_2024-07,0.664175859885519
bfbeef_2016-02,0.1433987010081195
bfbeef_2023-05,0.5499870579092011
98a151_2024-10,0.995470574604125
e3af0e_2020-01,0.9783351196290112
d86999_2021-02,0.8835752947935157
d86999_2022-07,0.9602424571437258
6c1954_2022-01,0.5941560796977754
8e41cf_2025-02,0.0572112451265494
175155_2022-10,0.6704164880474069
a25664_2024-11,0.9791086186839424
293190_2015-04,0.0747498122023675
293190_2016-10,0.0225219248493392
293190_2017-09,0.1936081908781336
e2e0ce_2025-08,0.5810898139350065
74fb1f_2022-05,0.644209943103207
7aa803_2019-01,0.4408354250542363
302d40_2025-05,0.7965944972932983
6c1954_2021-09,0.0324719021307769
db4cd8_2022-12,0.9080667952703892
8bd3ce_2016-07,0.090522082528677
265164_2023-11,0.0181814996743393
175155_2024-01,0.845123272271659
c5df88_2016-08,0.0207490888097495
88a9a6_2023-06,0.7929427868639835
77c35f_2023-04,0.1226560957501109
fc9334_2018-10,0.0291817413635991
8bd3ce_2016-12,0.0119274910458163
60a0fd_2022-01,0.448180936033518
302d40_2024-10,0.5978719629546135
e3af0e_2023-10,0.9978731503170304
bc4c03_2025-08,0.9637959283477526
3a13b3_2014-11,0.0494972913285111
e2e0ce_2024-09,0.5597990925252405
c5df88_2018-12,0.0225594679209228
74fb1f_2016-04,0.024435381812471
74fb1f_2024-10,0.8372756727430687
88a9a6_2017-01,0.0763015366131958
780a0b_2024-07,0.7291296235264175
d86999_2017-08,0.7574401752888004
fc9334_2021-06,0.3062622755704092
fc9334_2021-12,0.0111028812743554
fc9334_2023-07,0.7565391247371327
8bd3ce_2023-11,0.2267820250165232
34889b_2019-01,0.8283310133529976
34889b_2024-03,0.4259077133670154
18defd_2014-06,0.0073414236265255
e2e0ce_2023-07,0.5997940852725263
74fb1f_2017-11,0.0997121632463942
98a151_2023-02,0.9175206407912044
e3af0e_2020-02,0.6718558128600632
d86999_2022-02,0.9241073606615464
fc9334_2024-02,0.0965703368230525
8bd3ce_2022-02,0.0451813192387603
fc77d0_2015-02,0.0109679454815278
6224d0_2023-11,0.9919169898058244
293190_2024-06,0.7975748176564259
e2e0ce_2016-05,0.0497754256263823
e2e0ce_2018-06,0.4814597890132684
2ab8ad_2021-11,0.8774400179060894
7aa803_2018-09,0.4031328738721127
7aa803_2023-06,0.8513235015291821
88a9a6_2021-10,0.5013707964019362
9b46ed_2025-08,0.4763888811742277
77c35f_2023-11,0.3215122280423314
8bd3ce_2015-08,0.0405479749480787
8e41cf_2017-12,0.0034137975895249
6c1954_2023-03,0.0103462544356553
8e41cf_2023-07,0.7336635079100753
d59611_2019-01,0.3432940948923367
b08ec1_2020-01,0.2690141177576995
265164_2025-03,0.0415502203631276
88a9a6_2024-10,0.8119927159279257
98a151_2024-07,0.9771377178097598
77c35f_2023-02,0.0296324140401858
8bd3ce_2015-04,0.0184188066174021
8bd3ce_2024-10,0.1596962820434579
b08ec1_2025-08,0.9890870545372448
4718d7_2019-02,0.6952199057828286
375f2e_2015-10,0.1423627973862446
2ab8ad_2023-02,0.7527589846683056
bfbeef_2015-12,0.0150376385114333
60a0fd_2024-03,0.9915443488224166
302d40_2022-09,0.16118045035853
d86999_2022-04,0.9698071030235692
8e41cf_2017-03,0.0298660930663061
175155_2018-06,0.0133975179009407
9b3bd5_2025-07,0.0879707540007155
74fb1f_2024-02,0.9670218903127404
9f1aa0_2020-08,0.3129856535851712
510fbf_2025-04,0.0134590134170449
731908_2015-06,0.185649582068047
bfbeef_2017-09,0.6049099741262962
894378_2022-05,0.0417684777793713
6c1954_2020-01,0.168021824433689
19fa84_2021-03,0.9048136614743306
19fa84_2021-11,0.0172892985602411
9f1aa0_2016-05,0.3279586573535882
bfbeef_2016-05,0.3400197435435177
8ec563_2021-08,0.7046426451158279
fd589c_2023-09,0.710692769270351
e361b7_2018-05,0.0451543311062811
e4bc80_2024-09,0.6097788142701351
bfbeef_2017-04,0.1349073377621449
29849f_2022-08,0.8574068162170962
8ec563_2024-05,0.9201782248243467
fd589c_2014-08,0.0194833370017494
fd589c_2019-10,0.0469472901515119
e361b7_2021-11,0.0354694906180995
9af74c_2024-11,0.96978415476305
9f1aa0_2015-01,0.0569446532996075
fa8553_2023-03,0.1053748127171305
8ec563_2025-02,0.9367593245192553
19fa84_2022-03,0.1774889068631558
513080_2024-05,0.2997696326150613
9f1aa0_2019-02,0.008875806532354
fa8553_2022-09,0.344928348792605
bfbeef_2017-05,0.155786595135149
19fa84_2018-05,0.033662815435382
e361b7_2014-08,0.0216145065640924
e361b7_2015-02,0.1080228209698096
9af74c_2024-08,0.9904687119642924
513080_2023-10,0.9109320976180316
510fbf_2024-10,0.020693771678462
bfbeef_2019-10,0.1781893545841902
8fb6f0_2019-11,0.3960772271920497
894378_2022-07,0.1787614284425664
c5816f_2019-12,0.7001017687640527
19fa84_2018-06,0.0599267203384631
e361b7_2024-04,0.9691972519219628
e4bc80_2024-10,0.8897954615034904
e4bc80_2025-07,0.9189302668814504
513080_2022-01,0.1149178779027658
8ec563_2018-02,0.0977379848260344
8ec563_2023-02,0.7938537526055572
e361b7_2021-01,0.2081813953434214
e4bc80_2014-10,0.0331897702017224
894378_2021-04,0.9285238680654324
894378_2024-01,0.9151780266119086
8ec563_2022-09,0.8666153666231277
9f1aa0_2019-11,0.98238512567106
9f1aa0_2021-05,0.0305245203224493
9f1aa0_2023-12,0.934980318467708
510fbf_2024-08,0.7330578404759467
bfbeef_2023-01,0.0815473416250908
c5816f_2014-08,0.0213606944921442
19fa84_2022-09,0.1178265782618932
19fa84_2025-07,0.8480619458003362
e361b7_2024-01,0.916042499526158
bfbeef_2025-09,0.991287831251619
780a0b_2014-08,0.0341613616752941
e4bc80_2022-07,0.5132301796692917
513080_2023-05,0.4049673081717121
510fbf_2023-03,0.8234564924323492
c5816f_2025-08,0.8158156757485941
19fa84_2022-11,0.7834122725983637
e361b7_2020-10,0.8317701764066588
9f1aa0_2021-06,0.4721625864836901
fa8553_2022-12,0.1732279519130571
bfbeef_2024-05,0.3363528098863029
8ec563_2019-11,0.2186017946000183
6c1954_2022-05,0.107281716604179
513080_2024-03,0.3694233247598314
894378_2022-03,0.0378050304948976
8ec563_2019-09,0.1624010930423718
19fa84_2021-01,0.049841390190522
19fa84_2021-02,0.0225483753795982
9f1aa0_2021-02,0.051061117452157
9f1aa0_2023-10,0.9404359344964376
780a0b_2015-12,0.0054483847989377
9befc8_2015-08,0.0599917193849727
c5816f_2019-09,0.011095089013551
8ec563_2019-01,0.2942278361983813
fd589c_2017-02,0.2366617961113802
6c1954_2019-12,0.0704454004181852
19fa84_2018-03,0.0893398850600235
e4bc80_2023-05,0.8859115719634277
bfbeef_2018-09,0.1146992855489883
bfbeef_2023-09,0.9386825450914285
894378_2023-11,0.9103573813057632
9f1aa0_2025-06,0.9872661154403676
bfbeef_2025-06,0.9545510994258471
c5816f_2018-02,0.2874963546461602
8ec563_2014-11,0.0343260662887206
19fa84_2018-04,0.0197196385951829
19fa84_2023-04,0.7293289435626122
e361b7_2025-04,0.9375414824205538
e361b7_2025-07,0.8947597790537035
9f1aa0_2024-10,0.8106375824118548
894378_2025-01,0.9726185814475072
fd589c_2018-04,0.2129924449093218
fd589c_2021-02,0.0718434082490614
894378_2025-04,0.9777849846036664
8ec563_2022-07,0.5879847338027474
8ec563_2023-04,0.9353261171395642
fd589c_2017-06,0.0855511652560841
e361b7_2018-07,0.7236357602992761
e4bc80_2022-08,0.3686690793221336
9f1aa0_2022-06,0.8001877492282266
8fb6f0_2014-07,0.0354807634719352
8fb6f0_2018-09,0.62127392684179
731908_2021-10,0.719717076138755
731908_2024-10,0.1192879320957679
780a0b_2020-12,0.8959460254043009
9befc8_2015-04,0.0088339781331645
c5816f_2014-09,0.030136066570307
c5816f_2021-07,0.461420195747486
6c1954_2022-04,0.428181665357313
19fa84_2019-01,0.0444355492104786
bfbeef_2022-11,0.0810271437161887
c5816f_2022-12,0.7803535561321637
e4bc80_2018-06,0.6388117652407437
513080_2023-04,0.251775096631805
9f1aa0_2021-03,0.0089530084553016
9f1aa0_2025-05,0.931493162877868
731908_2019-10,0.1230054504512164
780a0b_2015-10,0.0727135997551623
0f9e86_2022-06,0.3388126032623539
531356_2022-07,0.7892973028851793
894378_2018-12,0.0269179475477656
c5816f_2023-06,0.9535347550644372
19fa84_2021-10,0.0733034986643139
11f0e3_2024-08,0.994317529709136
b26809_2019-10,0.4960443692078979
780a0b_2025-05,0.4840234402376767
7bf5c9_2019-02,0.0044864688344545
7bf5c9_2022-07,0.9803694409771344
f500c5_2021-01,0.0980269067956213
265164_2025-07,0.1050555549020576
439fde_2023-03,0.9779951315101472
83894c_2022-06,0.285029379445728
87cfea_2021-03,0.7244108101262293
99c11c_2021-02,0.0167026485358362
11f0e3_2017-11,0.0573123936647615
780a0b_2015-07,0.1625607487374736
8fb6f0_2016-05,0.0520478817536904
f1543b_2021-02,0.1713572296067398
1b9e65_2025-06,0.9810291869916375
780a0b_2022-08,0.733494230327576
8fb6f0_2023-08,0.6945590121218431
0f9e86_2023-01,0.4393249095309823
7bf5c9_2020-06,0.6969960710683522
3a13b3_2015-01,0.0186105156032087
11f0e3_2022-02,0.0034674943526251
780a0b_2019-07,0.8186538560953827
8fb6f0_2021-07,0.0394545308047868
8fb6f0_2025-01,0.338728619155219
0f9e86_2022-03,0.0172221620711359
f1543b_2014-12,0.0143462304915405
f1543b_2020-09,0.6109350475698457
f500c5_2022-07,0.899608576727813
9befc8_2019-08,0.6677595940173231
7bf5c9_2018-06,0.0077304197736169
87cfea_2024-06,0.922723102044836
7bf5c9_2023-02,0.2369881164932864
bc4c03_2019-10,0.2939499890147565
780a0b_2017-09,0.0315157982031409
8fb6f0_2014-04,0.0652146232698598
8bd3ce_2019-10,0.2175445553526362
0f9e86_2023-06,0.5173179040297413
f1543b_2022-11,0.9674547553569272
f500c5_2020-07,0.8895508415612556
4f2b6b_2024-03,0.0502813730855951
11f0e3_2016-11,0.0376309939471163
11f0e3_2024-10,0.409108123448279
f500c5_2019-06,0.9041644875790236
c3a69f_2020-10,0.9628503206911436
780a0b_2019-10,0.46257048744937
780a0b_2021-01,0.5428268032746375
0f9e86_2017-04,0.0493717621895746
c580aa_2014-05,0.0059314479467409
4f2b6b_2024-10,0.2499044467929858
83894c_2021-07,0.4652460319489175
11f0e3_2023-10,0.3014361092897081
8fb6f0_2021-01,0.1585914008951355
0f9e86_2019-09,0.8444200102993364
0f9e86_2025-05,0.885754690434889
9befc8_2025-08,0.9879696906305848
f1543b_2023-05,0.7779449387141372
0f9e86_2024-12,0.2135916686734173
87cfea_2020-06,0.0198606292733286
99c11c_2024-04,0.2574108378479955
731908_2020-07,0.9471655245168128
11f0e3_2020-09,0.9619156618254632
0f9e86_2023-09,0.7324230665515132
9befc8_2021-08,0.328588187904411
9befc8_2022-12,0.1128053894281465
0874ee_2018-03,0.1997304499701363
7bf5c9_2018-01,0.0221204851312209
7bf5c9_2023-06,0.9661649592857152
f500c5_2018-12,0.0194734350368317
87cfea_2019-10,0.0062243705115937
87cfea_2025-03,0.934750723675502
780a0b_2019-08,0.9066473786882996
11f0e3_2018-09,0.188157672848301
8bd3ce_2020-10,0.8728446694642684
9befc8_2023-01,0.9300691792934104
7bf5c9_2024-10,0.972382015574602
f1543b_2025-01,0.5941691665163226
f500c5_2023-04,0.9667293840695268
83894c_2020-07,0.0231270628449135
87cfea_2019-06,0.0233510988069811
9befc8_2017-10,0.2905558782290103
4f2b6b_2024-04,0.004428344101285
11f0e3_2019-06,0.3744038564733601
fc9334_2020-08,0.998450768992108
731908_2020-02,0.0238415231798873
9befc8_2018-10,0.198165147598913
b73bc7_2015-02,0.0163478339853211
11f0e3_2017-04,0.1134497540138405
11f0e3_2019-08,0.4291934599878809
11f0e3_2025-01,0.8122730944522951
0f9e86_2020-11,0.2530748027216501
0f9e86_2021-10,0.9587655242198252
f500c5_2020-04,0.0485414800044752
c3a69f_2022-11,0.9854834564928052
8fb6f0_2018-08,0.2399330836276165
9befc8_2016-12,0.0058251475602482
f1543b_2023-10,0.5731280672755271
3a13b3_2015-02,0.0153512512063346
83894c_2022-03,0.9248500187243004
731908_2022-06,0.8127871289136145
731908_2025-04,0.1197628096233692
8fb6f0_2021-04,0.5323374862739747
8fb6f0_2021-10,0.0719698900308725
8fb6f0_2024-12,0.1792077176272456
0f9e86_2016-10,0.0783020018634666
4f2b6b_2025-08,0.5992908704259879
87cfea_2022-05,0.3394825712989426
8e41cf_2020-01,0.0954581731142324
9befc8_2020-08,0.8923535296805023
87cfea_2021-02,0.6533508716160847
780a0b_2025-03,0.4055712131741224
8fb6f0_2023-04,0.1772267100457825
9befc8_2024-12,0.0555468335046151
f1543b_2025-08,0.9840817296262392
87cfea_2020-08,0.1280831714936356
87cfea_2020-10,0.0407941791964611
731908_2019-12,0.2135600496702627
731908_2021-04,0.0279494670511795
9befc8_2019-09,0.7878293772456768
87cfea_2020-02,0.1196827174849452
731908_2017-09,0.0261476964217102
780a0b_2020-09,0.9886314310302332
0f9e86_2022-01,0.5213764061603261
7a007d_2025-07,0.9878539889587123
b1de95_2019-03,0.8934907652825005
1b9e65_2025-01,0.4933838273699199
6c1954_2019-11,0.1331705978121071
e4bc80_2021-11,0.8147337242653023
4718d7_2020-02,0.5272299205211213
b416b1_2019-06,0.7060048578058047
db4cd8_2015-01,0.0726707117874007
d59611_2025-08,0.9712464496492088
b08ec1_2024-04,0.3163849153161768
c5816f_2016-05,0.1503277469795184
f461d4_2024-04,0.9954179891726356
259a19_2024-10,0.9255254609918458
db4cd8_2024-07,0.9940974404722988
db4cd8_2025-03,0.9667684651189782
1698cf_2018-09,0.115981346188593
db4cd8_2022-06,0.5284974836644907
c5816f_2016-06,0.0718193268780816
c5816f_2020-01,0.9869141998669744
6c1954_2024-05,0.9322536956469832
c48018_2025-08,0.8859570719045928
b416b1_2023-03,0.5568303790036007
06534f_2018-01,0.9766206415460076
175155_2015-02,0.0141544290251393
f461d4_2015-02,0.0092656426493032
f461d4_2022-10,0.9815294188479146
90abb1_2018-03,0.4845182366910396
90abb1_2018-12,0.1603220721840348
c5816f_2014-11,0.1256205585601906
8fabe0_2024-12,0.9861126037865636
d59611_2018-02,0.2035760658032024
6838b9_2020-02,0.0157744678222492
c5816f_2016-01,0.1908301508742038
e4bc80_2014-08,0.0344291209293044
e7a56d_2025-06,0.8912704385383089
4718d7_2023-05,0.9879690200586524
259a19_2014-09,0.0043050305842476
34889b_2022-08,0.5302049352726779
8005b9_2023-07,0.8894555309514076
77b3b9_2021-06,0.9061238440293976
db4cd8_2022-03,0.9786793079458252
9af74c_2019-08,0.5168491802089679
6c1954_2019-06,0.2875381770985461
19fa84_2015-05,0.0422508667805058
19fa84_2025-08,0.8716458167574244
e7a56d_2024-11,0.9116231345469682
a42d13_2025-03,0.7951434171255573
14fe3a_2022-06,0.5746779422353334
fb737b_2021-02,0.2191085144780697
175155_2014-11,0.0200015277180531
b08ec1_2019-05,0.0834501497979101
894378_2017-11,0.1002804264154773
fd589c_2023-07,0.9962421917994122
e361b7_2015-06,0.0264629912856813
e4bc80_2020-04,0.9810202045193628
e7a56d_2015-03,0.0477008448785061
e7a56d_2019-07,0.8141394371413663
e7a56d_2023-06,0.935769302148789
259a19_2019-01,0.7855142756108818
db4cd8_2024-01,0.991760372077616
34889b_2024-12,0.353649978174832
bf6f0d_2025-08,0.9254763690020724
fc77d0_2019-05,0.06948057994946
e4bc80_2015-08,0.0232438082356367
e7a56d_2022-04,0.9961223663741076
c48018_2019-11,0.8162985710206396
259a19_2023-08,0.9959423572519251
0ffc2d_2019-09,0.0187799047284866
4fb2d3_2017-11,0.0280749285492723
c5816f_2018-08,0.5572457571004146
19fa84_2024-06,0.9332767115977548
e4bc80_2015-04,0.1195949798516948
e7a56d_2018-06,0.2178586135215639
6f5e2b_2024-10,0.9471191219278718
1822ea_2018-04,0.0024029100535472
0ffc2d_2018-12,0.0351646606083383
4718d7_2025-01,0.9842430790685872
b416b1_2022-10,0.0778328761300773
259a19_2024-07,0.9987742550112868
d59611_2014-03,0.1165953106369106
b08ec1_2022-09,0.1623108349023067
77b3b9_2022-08,0.4192986033559088
259a19_2017-07,0.1372129594897956
8ec563_2015-01,0.0557733012685613
14fe3a_2020-01,0.2869472406806366
b08ec1_2022-04,0.1083230996505606
259a19_2018-10,0.3186131573035078
0ffc2d_2019-01,0.0053587525273356
4fb2d3_2018-06,0.1847794490685572
1698cf_2022-11,0.905817968314955
bf6f0d_2015-10,0.1074929267365866
5a0174_2019-11,0.8706436984743662
6f5e2b_2019-12,0.9804556721491684
db4cd8_2021-07,0.969319460023066
90abb1_2025-03,0.7661751664329334
8005b9_2024-10,0.5214863451331498
375f2e_2019-03,0.023610116974717
894378_2016-01,0.041351520542175
e7a56d_2019-02,0.0537501816838498
e7a56d_2024-09,0.972696539361226
5a0174_2025-01,0.9085379093109206
d59611_2021-11,0.453899718053485
8005b9_2022-09,0.692107051417603
1698cf_2025-03,0.8400693680629667
6f5e2b_2023-03,0.9849374580512644
1822ea_2024-01,0.9826739295512984
8ec563_2014-08,0.0590506462975694
fd589c_2015-05,0.0448877341636192
c48018_2024-09,0.9256138529195456
424c1b_2025-04,0.0232245609533895
4fb2d3_2019-08,0.9051271336391472
e361b7_2017-02,0.610887104159665
60a0fd_2019-05,0.5721809449791909
c48018_2019-08,0.7783016003116755
b416b1_2022-05,0.3215951993057067
b416b1_2022-09,0.399057368469029
259a19_2014-08,0.0558990706920629
8005b9_2022-07,0.8731869442533201
77b3b9_2019-01,0.4731177844277789
6c1954_2019-10,0.0808432297261209
19fa84_2024-05,0.9714846380237864
e4bc80_2014-06,0.029883706974831
18defd_2014-09,0.0237612388135968
18defd_2023-08,0.5940369475714985
4718d7_2021-11,0.9692982051417856
8fabe0_2014-06,0.0155327560429274
6f5e2b_2014-08,0.0683464294667724
b416b1_2015-02,0.1276531625344853
b416b1_2023-09,0.8058160493008605
db4cd8_2015-02,0.0128383596271496
d59611_2018-04,0.0730883124195538
b08ec1_2023-11,0.0784594269443477
175155_2019-07,0.7159525166011786
6c1954_2021-07,0.4177026146511136
19fa84_2017-01,0.0866700906976722
c48018_2018-06,0.4689585786502408
14fe3a_2015-01,0.0945918866181584
1822ea_2023-10,0.8108852513509385
fc77d0_2019-02,0.0095337045209947
c48018_2018-04,0.2255553848938622
5a0174_2019-02,0.2735344472442506
5a0174_2018-04,0.0209388844537204
a25664_2019-10,0.4699829942327508
a25664_2020-01,0.9712964293928166
b416b1_2025-08,0.9852663278031456
8005b9_2019-01,0.0300741594966982
424c1b_2024-10,0.045158210609513
0874ee_2021-03,0.566830532754751
375f2e_2024-05,0.9985071216862392
6c1954_2023-11,0.3196837656755947
fd589c_2014-03,0.0132538142339551
e4bc80_2014-12,0.0281043057765578
e4bc80_2017-10,0.344414555246171
e7a56d_2018-01,0.4571699672658095
e7a56d_2022-05,0.8755387601509366
18defd_2025-08,0.8660980904026524
c48018_2023-09,0.4731323004694173
b08ec1_2019-06,0.5026771757472501
259a19_2022-11,0.9871463140874396
d59611_2023-08,0.982317594944461
9af74c_2014-12,0.0242519447918467
8ec563_2021-06,0.245995975898995
fd589c_2017-05,0.0569624736590552
e7a56d_2022-07,0.9687633469767604
6f5e2b_2018-04,0.0054005547514157
14fe3a_2020-03,0.9776841825420468
bf6f0d_2022-08,0.3510022316717251
0874ee_2019-06,0.141040254525142
f461d4_2018-01,0.234729308054823
8ec563_2017-11,0.2473606300924651
18defd_2017-02,0.1621752839827141
1698cf_2019-11,0.966007045487036
1698cf_2024-12,0.5750600694359769
bf6f0d_2023-06,0.4979517934140384
6f5e2b_2022-10,0.9066781028123988
a25664_2018-05,0.0162492965811953
db4cd8_2019-10,0.0331441884920078
9af74c_2018-01,0.1123997716886461
1698cf_2015-02,0.0155745080213443
c5816f_2015-12,0.2304516233651971
b416b1_2024-01,0.207459080629204
14fe3a_2024-10,0.7613916181745571
db4cd8_2023-03,0.9386374430260116
8b98f3_2022-08,0.6610073732559553
7e646c_2025-07,0.2664318923468736
0f9e86_2016-04,0.0599283472907239
0ffc2d_2022-05,0.0170501099268974
0ffc2d_2024-01,0.097268601047398
74b7d1_2023-04,0.0971796400560664
4718d7_2024-01,0.99398473545455
77e86b_2018-01,0.004542398376603
ab32d7_2023-07,0.7802707178237216
f461d4_2023-09,0.989984543234222
11f0e3_2018-02,0.0441908927168414
6f5e2b_2025-07,0.9603393561333812
5ecf9b_2022-11,0.2108124512703706
cd0e60_2023-04,0.1609823802517446
6f5e2b_2023-07,0.97017903822134
0f9e86_2018-03,0.1800158332183235
0ffc2d_2024-08,0.9828579324804424
0f9e86_2017-08,0.240711734649106
99c11c_2024-01,0.8515073138735763
7e646c_2024-04,0.3139028269780324
5a0174_2025-07,0.9817594398873428
94f933_2023-10,0.027574089689224
0ffc2d_2021-01,0.1140407678417899
f461d4_2024-06,0.8049690862617364
5ecf9b_2023-04,0.3331035857086781
4718d7_2024-09,0.7801027452453175
6f5e2b_2024-03,0.9941022372689384
0f9e86_2018-12,0.2745608068676321
0ffc2d_2020-11,0.0387524912935812
0874ee_2015-04,0.1029226737348941
11f0e3_2015-11,0.0042507527342553
0f9e86_2017-06,0.48167222179656
6da35b_2023-09,0.0343785383101694
74b7d1_2024-08,0.9800621219444562
8b98f3_2023-06,0.9068813517056
ab32d7_2022-08,0.5866770740487218
9befc8_2018-12,0.045993548277164
11f0e3_2017-12,0.0493552499042673
6da35b_2025-08,0.1243645543060688
1698cf_2023-08,0.9978628488263258
1698cf_2025-08,0.8842958304490579
f461d4_2024-09,0.95231288996572
dc4b5e_2025-03,0.5938489636010548
8d0588_2023-04,0.4891704384365167
b59bc0_2021-01,0.872712929906114
b0ff51_2022-07,0.7477805113758432
439fde_2022-06,0.967808611295488
8d0588_2017-07,0.5419427465209641
8d0588_2020-08,0.9595651657366508
8d0588_2023-07,0.5310093395244355
8d0588_2024-01,0.9463559920393148
0cecbd_2021-02,0.8686283957175799
439fde_2015-02,0.0167102091610638
87cfea_2018-02,0.0332244926903173
0874ee_2019-02,0.0141915819436373
8d0588_2023-05,0.9875281035137048
99c11c_2022-05,0.6458705514193863
8d0588_2022-04,0.8501151556011798
b0ff51_2019-10,0.8871648261367149
b0ff51_2022-09,0.6049280358723299
99c11c_2017-05,0.0138551991145954
b0ff51_2016-05,0.1148881268856593
b416b1_2014-12,0.1059665085749172
8005b9_2015-03,0.0587121769862429
8d0588_2015-05,0.0386777337995079
8d0588_2018-02,0.3639755754332184
b59bc0_2021-03,0.9129267986483984
b59bc0_2022-06,0.7957524003488454
99c11c_2018-04,0.0126351452646651
8d0588_2020-12,0.9692291416796568
0cecbd_2019-07,0.0357994910972886
b0ff51_2024-04,0.9581510781852872
8d0588_2015-04,0.0269618014351618
8d0588_2019-04,0.7191261112463432
b59bc0_2023-09,0.9371800702733408
439fde_2022-07,0.9687723942296532
8d0588_2014-05,0.0711402047229514
8d0588_2023-02,0.7798426566517535
c3a69f_2023-06,0.98373453981239
b416b1_2019-02,0.0362335881916434
8d0588_2025-03,0.951014710625554
b0ff51_2017-01,0.9638732124989288
b0ff51_2018-11,0.9601965317852688
0cecbd_2023-03,0.9326452572018118
74b7d1_2017-04,0.0246461018829535
b416b1_2019-09,0.9934181579640342
b416b1_2022-03,0.1788537471511185
b59bc0_2017-05,0.4054657699396917
0cecbd_2024-09,0.9689930994031816
34889b_2025-04,0.9857562519086625
8d0588_2018-07,0.8540539455618027
8d0588_2020-11,0.9034724457047484
b59bc0_2016-05,0.1329911267063868
b0ff51_2021-08,0.9894128260767772
b0ff51_2022-10,0.9053830916192616
c3a69f_2020-11,0.9633123760206488
8d0588_2019-01,0.8668232256306527
77e86b_2014-08,0.0250104882484446
b0ff51_2016-11,0.9434313058756364
0874ee_2021-05,0.9343546813267012
b0ff51_2021-10,0.9921638551275804
87cfea_2017-12,0.0849145677267577
99c11c_2017-06,0.0091855259153362
74b7d1_2019-07,0.0145136918428216
fc77d0_2022-04,0.460420511938521
87cfea_2017-08,0.4437634111898362
fc77d0_2019-12,0.9946501035579604
83894c_2016-08,0.0131150906392441
87cfea_2017-05,0.0087309937536868
87cfea_2017-04,0.0042405120646611
b416b1_2025-09,0.9722377136414284
14fe3a_2022-08,0.977002159438716
8b98f3_2024-07,0.617511560281787
fc77d0_2023-09,0.9770237339788582
a42d13_2022-03,0.9924759313676812
9af74c_2016-05,0.1483939596409578
7199cf_2024-09,0.4142975179772455
fb737b_2023-12,0.3675137632906272
f461d4_2020-08,0.7799608413610806
a25664_2023-06,0.9316085529753876
fc77d0_2022-07,0.8295747348993925
fc77d0_2024-09,0.9030860862505736
1822ea_2023-12,0.8899839279553851
77b3b9_2025-05,0.9846831585733632
8b98f3_2024-09,0.8368103428390735
4fb2d3_2023-04,0.5122125087770335
6224d0_2022-08,0.8230329461631386
fc77d0_2024-08,0.9894547177062768
265164_2023-07,0.1333386897044975
6f5e2b_2022-04,0.9877628161099948
6224d0_2025-06,0.991791798384781
a42d13_2022-04,0.9933816108770298
9af74c_2025-07,0.9907659491282392
987bc1_2019-09,0.2834237463396811
175155_2024-05,0.9416354110648926
a42d13_2020-12,0.9838137283738668
4fb2d3_2017-05,0.3111339122578924
1698cf_2025-05,0.7205375802833008
6f5e2b_2023-11,0.9902318499511198
a25664_2023-08,0.9801585035208786
987bc1_2022-08,0.787714630228052
fc77d0_2023-10,0.9976110004971768
92dcdd_2021-12,0.033222544323669
1698cf_2023-01,0.9704453694456364
f461d4_2019-03,0.8287567815945327
6838b9_2017-12,0.2405471632087708
90abb1_2023-03,0.9589564602284152
7199cf_2024-07,0.2786732828412668
7199cf_2025-01,0.1618173648258516
259a19_2014-10,0.0112074000870563
92dcdd_2022-10,0.2120958203634798
ab32d7_2024-11,0.1542258006790068
022433_2025-01,0.009237076572432
829a72_2015-12,0.0379448968607554
987bc1_2021-01,0.8215881743757573
987bc1_2021-08,0.9816495546100472
175155_2022-07,0.9128990913748533
259a19_2021-01,0.9942559687015544
1bdb97_2022-01,0.0493873421988169
c3a69f_2015-01,0.0632112730456603
c0f884_2025-08,0.3406125182187344
1698cf_2020-11,0.9606580360750356
259a19_2019-07,0.9928845483508238
8b98f3_2024-04,0.1715586513119089
5ecf9b_2025-02,0.0360224952477286
0874ee_2015-02,0.6571403620985588
14fe3a_2023-01,0.9326702201983842
1b9e65_2024-01,0.7676183331982254
fc77d0_2022-09,0.4269518432354141
4fb2d3_2025-02,0.9007415005628558
7199cf_2023-11,0.0355386147248199
6224d0_2019-09,0.526589808008089
c3a69f_2021-07,0.9671688675455336
0e8d73_2024-06,0.2685854604201017
532867_2024-05,0.0054937725292127
439fde_2019-04,0.0298870290695013
6f5e2b_2020-09,0.919877616828736
5ecf9b_2025-03,0.7343288728841225
0874ee_2019-09,0.615573445062161
6838b9_2018-10,0.0630652154166095
9af74c_2023-02,0.0728943280081182
4fb2d3_2019-11,0.9916780275533656
1698cf_2021-12,0.9925240359276029
259a19_2020-10,0.9761426081391252
8b98f3_2025-07,0.6135956978827382
fc77d0_2017-02,0.7080181106161254
6838b9_2018-02,0.1154761380828062
a42d13_2020-09,0.9858567099253714
b08ec1_2015-01,0.0122079600411333
fb737b_2024-05,0.5559656175220904
6f5e2b_2019-03,0.2904297227938398
e60b65_2025-05,0.9772491667821764
fc77d0_2023-01,0.9947466232438558
265164_2023-12,0.0125270047232178
fb737b_2024-12,0.1932620029263266
f461d4_2022-12,0.93583223817732
4fb2d3_2022-10,0.6505064927893478
a42d13_2021-03,0.9853211012050168
fb737b_2022-01,0.5873121224854333
a25664_2016-09,0.045907381751668
ab32d7_2024-01,0.1053646653823936
bc4c03_2022-01,0.7856700165363985
532867_2024-08,0.0228344609433969
987bc1_2021-09,0.9795741096132884
34889b_2014-12,0.0286036188634578
987bc1_2021-05,0.9597594999569784
6224d0_2021-09,0.98258447705523
5a0174_2025-06,0.9957339239338598
0874ee_2017-05,0.3923967938624327
4fb2d3_2025-05,0.9802081051897984
6224d0_2023-07,0.9820063533520514
0e8d73_2025-08,0.2794801176703679
34889b_2015-02,0.0165872447507739
265164_2025-06,0.1521027390979662
6224d0_2020-10,0.9715459846829836
f461d4_2023-08,0.9969203697662068
a25664_2016-10,0.0442833834241817
fc77d0_2022-05,0.8990411622767817
6838b9_2025-03,0.4739145782557117
532867_2025-05,0.0250666762027444
4718d7_2022-07,0.6949019451213386
92dcdd_2024-03,0.9243610267086766
0874ee_2018-12,0.0979363337462216
6838b9_2024-05,0.2465239009170348
987bc1_2015-04,0.1006744274271896
4fb2d3_2025-07,0.982917750265116
6224d0_2024-05,0.9413442846460476
6224d0_2025-01,0.9937228570660774
4718d7_2022-06,0.924588761501252
8fabe0_2014-07,0.0424302335482931
948a11_2022-10,0.0133579949780204
1822ea_2021-09,0.989015599988909
bf6f0d_2017-08,0.03946165533519
0e8d73_2024-12,0.0805962948072071
bf6f0d_2025-02,0.5822236830997523
1822ea_2022-05,0.2968721636009516
92dcdd_2019-02,0.0092053734243078
e7a56d_2014-06,0.0384751268131568
b08ec1_2022-03,0.2183654238880625
77b3b9_2023-12,0.9867774816543412
6838b9_2025-07,0.8743080484879181
6838b9_2025-05,0.4502214736719785
8005b9_2021-11,0.6172614350166821
f4d28d_2025-08,0.1525777793106335
375f2e_2018-04,0.0047712436907368
bf6f0d_2023-05,0.9304348582612992
4f2b6b_2023-04,0.0088851611535667
731908_2020-11,0.6674569804642688
9befc8_2023-06,0.624823657879482
1822ea_2021-11,0.932662137966883
b08ec1_2023-04,0.0454439150841946
424c1b_2024-11,0.0156237661427512
77b3b9_2023-03,0.5641887729544128
b416b1_2023-12,0.2488674243277974
b416b1_2024-06,0.865163371736133
a25664_2023-11,0.8409789572555492
4f2b6b_2024-01,0.6328346952247426
fb34b4_2023-03,0.030512000982606
9befc8_2023-03,0.071512808235889
77b3b9_2023-06,0.9260152733933984
bc4c03_2014-06,0.0363546923601576
4fb2d3_2014-10,0.0095602764032287
948a11_2023-02,0.0580269853463357
a25664_2020-12,0.940760593815264
90abb1_2024-01,0.9686821677290692
90abb1_2015-04,0.0774890729513081
90abb1_2024-04,0.1198217448284433
77b3b9_2024-06,0.9906404862547452
b08ec1_2023-03,0.0511893458771951
1822ea_2020-08,0.9959809206051572
9af74c_2023-03,0.6734572426131986
77b3b9_2024-10,0.9600009891557788
34889b_2015-04,0.1386084473163059
948a11_2024-02,0.5699550951480511
c48018_2017-05,0.3657108322446108
92dcdd_2024-11,0.9630594454714976
6224d0_2014-11,0.0026975671995697
948a11_2022-02,0.0078492687546521
531356_2023-01,0.5463501882700047
e2314a_2015-05,0.0156726031114093
e2314a_2015-09,0.0253875205429254
60a0fd_2015-03,0.0296084320477454
7a007d_2025-03,0.3761937432405889
e2314a_2017-04,0.0290399755210327
e2314a_2025-07,0.9991719218712896
0cecbd_2021-05,0.8154238371302692
0cecbd_2024-11,0.9970243479707436
531356_2015-08,0.0748652561814483
06534f_2019-07,0.8844357996144329
0cecbd_2017-02,0.1306950308727906
0cecbd_2025-08,0.4671056836052941
3db670_2024-09,0.9971195262071124
b1de95_2023-07,0.996191317543122
b1de95_2025-01,0.9885075906798716
db5006_2016-08,0.5125471424952902
db5006_2024-08,0.9700815651595122
531356_2019-12,0.3555384810289828
e83244_2024-07,0.9506477522820962
b1de95_2023-03,0.9755534933058736
b1de95_2025-06,0.99636986918443
1b9e65_2019-05,0.1953317999810835
e83244_2025-05,0.98794450512832
b1de95_2025-03,0.98852491228352
1b9e65_2022-01,0.7498703080892977
e2314a_2016-06,0.0946953441426914
e2314a_2023-03,0.9016959922949604
e83244_2022-10,0.988705572750056
0cecbd_2022-08,0.9873834679199524
0cecbd_2023-02,0.9478026216498372
e83244_2024-11,0.93719245721148
06534f_2017-04,0.9193728303444488
0cecbd_2024-12,0.989834694930372
f4604d_2019-04,0.0204846142224757
e83244_2015-01,0.0911335802230982
0cecbd_2025-02,0.9843550364123445
b73bc7_2015-01,0.0366369746464975
1b9e65_2025-07,0.9631802003877512
531356_2023-10,0.9313205971301955
e2314a_2014-11,0.0041918090718955
e2314a_2019-02,0.5176777635586658
e83244_2024-10,0.9953218787412484
531356_2020-02,0.4199364400213044
531356_2020-06,0.9913062159108608
db5006_2020-06,0.9936871017263084
175155_2020-04,0.9793336453069662
e2314a_2015-04,0.0066866199389842
e83244_2023-09,0.8548158460680688
0cecbd_2017-04,0.0328964321778642
29849f_2024-12,0.9599479180553856
f4604d_2023-11,0.9375531819522608
987bc1_2016-04,0.1720690102178698
531356_2018-12,0.4695868067227597
e2314a_2021-01,0.9298365870056924
60a0fd_2014-06,0.0060805776865103
3db670_2024-08,0.9725110727911668
db5006_2024-01,0.9289443286491272
29849f_2024-01,0.6783888366125596
e2314a_2019-12,0.8884282712550728
e2314a_2025-08,0.9677250626752898
e83244_2023-02,0.2267580164947255
e83244_2024-04,0.9907400618338336
06534f_2019-01,0.3760808767426811
0cecbd_2021-07,0.9925753014559632
1b9e65_2019-07,0.6699879437869669
1b9e65_2021-07,0.9885772328766828
f4604d_2016-08,0.063212747874505
e83244_2015-04,0.0049462477994416
0cecbd_2023-10,0.8582614315343378
b1de95_2019-11,0.8159753067674561
db5006_2019-04,0.1091703975642995
b73bc7_2018-05,0.2410725551578093
1b9e65_2017-10,0.3295549899856642
1b9e65_2022-02,0.837474710457708
e2314a_2016-04,0.0626780696280755
0cecbd_2015-03,0.4459600937785436
0cecbd_2025-05,0.8065342799427155
1b9e65_2018-09,0.2910450332113232
1b9e65_2019-01,0.1701459809861174
1b9e65_2020-12,0.9390853717571545
f4604d_2019-10,0.1007580935023434
db5006_2018-04,0.0390331933852818
db5006_2025-06,0.917254445870903
0cecbd_2015-06,0.0102202614667858
e83244_2018-05,0.0625514259989938
531356_2022-11,0.5785581108451977
545d15_2019-07,0.0300580114977869
e2314a_2025-01,0.4148439321042134
e2314a_2025-04,0.7459814736612971
e83244_2016-03,0.0057987065345799
f4604d_2021-08,0.9582100653520472
e83244_2024-02,0.8655881060278038
06534f_2023-12,0.9945555981629208
29849f_2022-07,0.974961635244429
db5006_2017-02,0.7731190578024284
531356_2024-02,0.9433088845445416
545d15_2018-12,0.0040063079154387
531356_2023-06,0.865075507852247
e2314a_2019-03,0.4642656361509068
e83244_2018-03,0.0403701570823077
e3af0e_2018-04,0.0035126425237529
0cecbd_2015-05,0.0100239074226139
e83244_2025-03,0.8690343416646689
3db670_2019-11,0.9781966921828956
b1de95_2019-10,0.9147002736493056
db5006_2022-08,0.9959487957118616
f4604d_2024-01,0.9776858855208024
f4604d_2024-07,0.9973490011723066
531356_2023-12,0.9369494555569756
e2314a_2024-03,0.6227228113174478
60a0fd_2018-02,0.0203209306369718
29849f_2020-01,0.5277101085756505
f4604d_2024-06,0.9967412669966472
175155_2021-04,0.9149705388265036
7a007d_2024-06,0.912896864477412
29849f_2017-03,0.1497923391591608
06534f_2019-02,0.4904848143629499
829a72_2016-03,0.214883975029881
0cecbd_2019-04,0.4245655081433313
b73bc7_2018-03,0.5368914141457465
c580aa_2018-06,0.3704244087017038
3a13b3_2019-09,0.8821914758598098
175155_2017-11,0.2116574221735414
022433_2021-03,0.0329773228706219
af81b0_2020-03,0.2729961271683035
b1de95_2018-12,0.3804258895715179
8fb6f0_2018-05,0.1374078571275987
6da35b_2025-03,0.5070736252175495
29849f_2014-12,0.04250393272339
29849f_2017-05,0.0731872613213881
af81b0_2020-01,0.6748464832152709
c580aa_2019-11,0.9670242521386968
7a007d_2014-09,0.0445037196766573
98a151_2015-10,0.0243748170964085
e361b7_2020-07,0.9824529874434572
8fb6f0_2018-02,0.0305734134676299
c580aa_2019-03,0.9395899160790168
f4604d_2018-02,0.3413883991001153
f1543b_2019-11,0.4961361696456425
894378_2020-05,0.8799586589107603
e3af0e_2019-03,0.2521358953015322
7bf5c9_2023-10,0.9529418837488164
7bf5c9_2023-11,0.5463045358144022
3db670_2019-04,0.6683816889691737
6da35b_2023-11,0.0997681983967582
db5006_2015-10,0.1148618610807257
022433_2022-12,0.1660087625140078
175155_2018-09,0.1142191707820788
f4604d_2014-11,0.0325645727678359
af81b0_2015-01,0.011910800847144
d86999_2020-06,0.8990839709870028
7a007d_2015-01,0.0063514816886558
c580aa_2018-12,0.7104299858104914
1b9e65_2017-07,0.1270709849142594
f4604d_2025-02,0.9971764043113562
af81b0_2015-02,0.0462471353020104
c580aa_2015-07,0.0502564272273967
b1de95_2019-06,0.8465473951455716
022433_2020-11,0.0795448773008472
545d15_2021-06,0.404678070258653
f4604d_2025-05,0.9985964481278716
db5006_2020-10,0.9367566662792766
b08ec1_2021-10,0.7629417469784686
f4d28d_2024-10,0.0723849071476642
77e86b_2015-06,0.0478647867336171
375f2e_2019-05,0.1422281361005329
c580aa_2019-08,0.970665512222149
b1de95_2023-04,0.9730163609907748
e60b65_2014-07,0.0506387363944955
b73bc7_2024-04,0.926420954278032
531356_2021-10,0.9858011221458358
99c11c_2017-10,0.024744742915791
29849f_2015-04,0.0882177863143006
e2314a_2022-11,0.997049958425724
83894c_2025-06,0.976638278195716
90abb1_2023-06,0.6892948625698375
bf6f0d_2015-02,0.0794707271952146
af81b0_2014-07,0.0057614130381759
a97df3_2025-05,0.391489384469724
90abb1_2023-01,0.9890415305395156
b416b1_2017-10,0.6413739236254795
531356_2017-07,0.0977327063247811
531356_2019-01,0.1609120559830003
439fde_2015-03,0.0753826616629696
77e86b_2015-10,0.0402628074116788
1b9e65_2015-08,0.057858411160373
8005b9_2020-10,0.9828745575854586
bf6f0d_2018-10,0.163664757190651
532867_2024-01,0.1082298728670327
e83244_2020-12,0.8706706121411231
1822ea_2016-09,0.2005852555908394
375f2e_2020-08,0.9566822446327355
77b3b9_2024-02,0.2754346867128899
bf6f0d_2021-08,0.2265286302432615
bf6f0d_2024-12,0.7408144910327881
af81b0_2019-03,0.058376052644612
987bc1_2022-06,0.8584877874336568
6838b9_2025-01,0.9477420201140716
c580aa_2019-07,0.981701001173554
f4604d_2025-04,0.9988413718596724
dc4b5e_2022-07,0.1794384906126689
531356_2020-07,0.9946648163981752
c3a69f_2017-02,0.0181947247845682
a97df3_2022-07,0.0722876013528698
fb737b_2022-12,0.1798278711404921
4ee2d2_2025-06,0.169788343479945
29849f_2016-11,0.136911643619727
3db670_2025-03,0.9838326382400804
f4d28d_2024-09,0.1881891540784187
3a13b3_2018-06,0.199913058666664
f4604d_2016-05,0.0340425813877512
f4604d_2021-05,0.8466915745159396
af81b0_2019-07,0.0492515076292443
a97df3_2022-09,0.0843149523839922
bf6f0d_2017-02,0.0088419899492343
99c11c_2017-08,0.0375738172466764
f4604d_2022-03,0.947949702227867
e2314a_2020-11,0.9376719643074038
a97df3_2024-10,0.1834324320634889
9af74c_2014-11,0.0146889344030798
bf6f0d_2021-06,0.9284644789569756
af81b0_2019-12,0.2227445596590146
b416b1_2021-11,0.8099736633695701
f4604d_2015-05,0.1207090439274528
bf6f0d_2021-10,0.0918146125346176
bf6f0d_2024-07,0.9451933462272684
1b9e65_2016-06,0.1686990819277229
8b98f3_2021-11,0.0236747376511411
c580aa_2024-08,0.9949040408734604
1bdb97_2024-09,0.0806188064108048
bc4c03_2016-10,0.0989549272028318
bf6f0d_2019-09,0.0673175361532468
b73bc7_2019-10,0.9873313996225076
531356_2021-07,0.99524756962503
e83244_2021-03,0.8540341870906017
1bdb97_2022-05,0.0668296939141007
1bdb97_2022-10,0.1602358207276489
7199cf_2023-10,0.0536289295023169
b644ac_2024-06,0.3863775793030198
88a9a6_2018-03,0.1583543570130952
4fb2d3_2017-01,0.0194260113608539
1bdb97_2022-12,0.3299081329429042
60a0fd_2023-01,0.9279766407434348
88a9a6_2020-10,0.7409820501677405
1bdb97_2021-08,0.1578903337329911
db4cd8_2017-02,0.0204298798334213
293190_2026-04,0.9820011864740714
88a9a6_2018-05,0.7284755626582278
b08ec1_2017-01,0.022690524057805
a25664_2022-09,0.3935969390848408
9b46ed_2016-05,0.0802179787666382
f461d4_2020-03,0.9942633214161368
293190_2019-07,0.8911193935643799
98a151_2024-04,0.9262290301494333
9b46ed_2018-05,0.0591659656430121
293190_2020-07,0.3688334878796707
74fb1f_2019-11,0.0742212201415248
88a9a6_2017-04,0.2279913029455991
4fb2d3_2020-07,0.9723773677997368
829a72_2018-07,0.4816634902080678
9b46ed_2016-12,0.0536522039342883
293190_2024-09,0.9908382974164152
e2e0ce_2017-10,0.3117957419455439
cd0e60_2019-12,0.0987307789554991
e3af0e_2021-12,0.9953539544396326
9b46ed_2019-10,0.8256489759453559
f500c5_2021-12,0.8778199132091598
e7a56d_2017-06,0.0549246076329021
b1de95_2024-09,0.9956250786277224
4f2b6b_2023-02,0.0229848405656652
f500c5_2018-05,0.319345888619986
9b46ed_2015-05,0.0048781264202094
1bdb97_2023-03,0.7146802178584349
293190_2020-04,0.7375048315488208
c5df88_2023-11,0.9947893705602052
a25664_2025-04,0.8346689993264178
60a0fd_2020-10,0.9863205157496856
1bdb97_2023-01,0.4988855170941643
cd0e60_2021-03,0.1564690947142964
e3af0e_2021-10,0.99888668798022
2ab8ad_2019-11,0.7434847136492339
74fb1f_2020-06,0.7724560160444842
88a9a6_2019-11,0.1081133025423928
b644ac_2024-09,0.4137401080165899
f1543b_2019-09,0.4288584425174961
9b46ed_2016-02,0.0924494313546907
3a13b3_2015-07,0.0636115762706194
3a13b3_2015-08,0.0560953059375079
92dcdd_2024-05,0.9488615054400334
9b46ed_2019-11,0.8412056447140862
2ab8ad_2016-09,0.0762695675090108
fc77d0_2019-11,0.9808557402093928
6838b9_2022-02,0.0779552667232495
74fb1f_2020-05,0.939038097346346
b08ec1_2016-08,0.1310933655545134
cd0e60_2020-05,0.5986179353238429
88a9a6_2020-04,0.4466261359343602
293190_2016-11,0.0334807817523604
e2e0ce_2016-12,0.7299106722692815
c5df88_2020-11,0.983116538723416
74fb1f_2024-12,0.996340389611712
92dcdd_2019-08,0.1199150385465046
92dcdd_2025-03,0.5177394148243311
829a72_2020-03,0.9873886636548606
9b46ed_2018-04,0.4576255248292512
9b46ed_2024-06,0.9851687419335604
293190_2015-09,0.692733478615094
c5df88_2025-04,0.9787742555129392
7aa803_2018-05,0.5212930351109537
e3af0e_2022-05,0.9831553003908589
7199cf_2024-08,0.6971587353425914
f500c5_2014-05,0.0247394801811344
f500c5_2014-07,0.0292269233605016
a97df3_2019-08,0.0379145469172666
f500c5_2015-01,0.0444725023090759
f500c5_2022-12,0.990865337289088
f500c5_2015-02,0.0305097692782273
5ecf9b_2024-09,0.7392834536222933
1996b0_2023-10,0.0462372076509431
a97df3_2019-11,0.1388877073969787
829a72_2019-11,0.9188010018483193
7bf5c9_2021-12,0.2900719420695753
cd0e60_2021-09,0.9323643298284012
06534f_2014-11,0.0274248532143901
7bf5c9_2017-06,0.0952281861411198
e2314a_2020-09,0.8323588010417002
b07578_2024-09,0.4664305278995284
b1de95_2017-04,0.1872736653643685
06534f_2016-09,0.3187853824690729
92dcdd_2023-05,0.9651631195928372
fb737b_2020-09,0.6317089068637162
fc77d0_2014-08,0.0356979252795043
b1de95_2017-05,0.4065647566784068
3db670_2025-07,0.9983785647176318
b73bc7_2014-07,0.0146977303409355
cd0e60_2021-06,0.2800283159353559
e83244_2022-04,0.9784979644266306
3db670_2019-07,0.9745715908907864
7bf5c9_2016-04,0.074969728948396
fb737b_2020-10,0.2149006640049733
4f2b6b_2025-05,0.0207656244699373
6838b9_2025-04,0.2371956965477994
731908_2016-07,0.0513137560702111
e2314a_2024-02,0.9936513720022682
7a007d_2017-04,0.0730414936829879
c580aa_2025-04,0.9161012321870712
a25664_2021-05,0.9672396595969408
0e8d73_2025-05,0.0348836229087696
e3af0e_2015-10,0.6050916807349508
f1543b_2022-01,0.4771859389600808
88a9a6_2015-09,0.0468709573724291
06534f_2015-11,0.5253151058856178
bc4c03_2015-12,0.2870230605421136
06534f_2015-10,0.3772456609829183
af81b0_2018-11,0.2857649799180701
e7a56d_2017-01,0.0856838821720817
6838b9_2020-10,0.1505318595770146
5ecf9b_2025-09,0.9632155227516792
bc4c03_2018-03,0.0686700819538821
60a0fd_2016-05,0.3905694885913666
f500c5_2017-06,0.602741136434255
c580aa_2018-01,0.9520952920926148
d59611_2016-02,0.0319740975651984
18defd_2015-06,0.0827666583266305
74b7d1_2017-11,0.0156279991227278
7a007d_2020-02,0.2083339553707838
c580aa_2017-06,0.7807474685199737
92dcdd_2021-02,0.4247570494962088
259a19_2022-03,0.9797173940451928
edda84_2025-02,0.2101494478365438
1996b0_2025-07,0.3224331933331977
18defd_2016-11,0.1375111258624496
7a007d_2021-04,0.323468501247629
7a007d_2023-11,0.97088462882326
db4cd8_2021-01,0.9536378443777764
1996b0_2025-06,0.3622299444924616
d59611_2015-12,0.0061986167946604
e7a56d_2016-11,0.0158588715647037
9af74c_2017-10,0.4357012453166034
4718d7_2016-12,0.0306737881110251
5a0174_2024-02,0.998668360972654
18defd_2016-09,0.0264271384717314
780a0b_2018-02,0.0157923564736359
5a0174_2022-04,0.9460359437208524
8fabe0_2022-02,0.8919655486966148
98a151_2016-05,0.0157078914630858
7a007d_2020-07,0.2211352423567039
3db670_2016-05,0.3340595808112402
f461d4_2025-08,0.90719474461056
90abb1_2020-04,0.9967015165791592
8d0588_2020-04,0.9800436955910402
b0ff51_2022-01,0.9716915234706588
6f5e2b_2018-10,0.0444631149856081
a42d13_2015-09,0.3930262538809111
bf6f0d_2017-07,0.0422572799541931
b0ff51_2017-10,0.9391830707214566
8d0588_2016-11,0.6174400434961949
b0ff51_2015-06,0.1490995050874117
8d0588_2016-06,0.208065153039437
8d0588_2017-01,0.6169796537327712
a97df3_2022-04,0.1036135631578364
9af74c_2018-10,0.4016919032275365
74fb1f_2015-09,0.1010426656755042
4fb2d3_2017-08,0.6287542857985022
fb34b4_2022-11,0.0639713349445435
14fe3a_2015-10,0.2266502007295623
293190_2016-03,0.227548925418383
77e86b_2017-11,0.1181014277274786
a97df3_2023-01,0.1204231138136938
2ab8ad_2015-07,0.0077489871208798
b1de95_2015-09,0.0402181266917328
a97df3_2021-12,0.1276819863557052
293190_2016-01,0.2627893749068965
293190_2015-12,0.9101647712865568
9af74c_2020-05,0.998487844623182
259a19_2021-04,0.99820166881484
4fb2d3_2020-05,0.9802473728409516
fb34b4_2022-03,0.1084255607279261
77b3b9_2016-07,0.1498290643284953
77b3b9_2017-07,0.0471876356779153
1822ea_2020-10,0.994754750943704
af81b0_2024-05,0.4939395807254805
f500c5_2019-08,0.2047070323824391
1bdb97_2021-07,0.1725693928527602
3a13b3_2019-08,0.9703441110271406
bf6f0d_2021-04,0.9046102958078568
fd589c_2020-08,0.94819792118949
19fa84_2020-06,0.8841767937177749
19fa84_2020-04,0.8861709239918659
92dcdd_2020-04,0.0110114863160264
c3a69f_2016-05,0.0874662564171853
19fa84_2020-05,0.8369613390095172
e4bc80_2018-09,0.3730745608501408
19fa84_2020-08,0.8956765585490715
2ab8ad_2015-11,0.0995633371241442
439fde_2015-08,0.029006154415358
0ffc2d_2021-05,0.6386640595820495
3db670_2022-11,0.974587776655439
bf6f0d_2016-10,0.1051812079952218
9f1aa0_2015-10,0.2941051242804001
987bc1_2015-11,0.005345312510848
34889b_2016-06,0.1780860750287909
3db670_2025-04,0.9821587251929372
c3a69f_2017-06,0.0075412367757842
0ffc2d_2025-09,0.991407493193434
4fb2d3_2017-06,0.3890957740000235
987bc1_2015-10,0.0086631212812121
3db670_2022-12,0.9408066067056878
6c1954_2020-07,0.3563884827330446
a25664_2015-06,0.0694883617661603
6838b9_2018-09,0.0300765661285312
4fb2d3_2017-03,0.2010989382093363
b416b1_2016-11,0.1993963049391668
e60b65_2020-10,0.9776570276003744
fc77d0_2016-05,0.1322102264105129
11f0e3_2014-11,0.0058218973435913
987bc1_2015-08,0.0991978559737991
e60b65_2021-04,0.9829656193236388
6224d0_2022-04,0.991515615347302
e60b65_2021-09,0.986578226054943
e60b65_2022-05,0.9901175892242052
4fb2d3_2021-03,0.956637798566263
e60b65_2022-02,0.991433114867858
b73bc7_2016-08,0.3423546464451917
9befc8_2015-02,0.002963996260474
175155_2016-05,0.124677638238699
175155_2016-11,0.0402605106140234
06534f_2020-07,0.9615350335719336
0f9e86_2014-12,0.0226168393770204
0f9e86_2015-01,0.0029983870447633
6224d0_2016-12,0.0945811538564262
3a13b3_2017-04,0.0996216397061291
175155_2016-12,0.0359271225329432
6224d0_2017-12,0.0202565184371938
a42d13_2015-12,0.0060148757134647
a42d13_2016-01,0.0060090422851252
6224d0_2018-08,0.6619711057479956
f500c5_2015-07,0.6903701871307203
1698cf_2016-12,0.0537890227369868
d59611_2021-03,0.8977624147471477
1698cf_2016-11,0.046527132518282
db4cd8_2017-01,0.0403915436702787
6f5e2b_2021-03,0.923543433646622
8d0588_2015-08,0.0542357996049636
bc4c03_2016-09,0.094842540133068
14fe3a_2015-08,0.7673438332176498
4718d7_2018-11,0.7852916989675036
a25664_2016-04,0.3292119616715369
db4cd8_2021-02,0.9278375991175803
af81b0_2018-09,0.5311051177534136
3a13b3_2016-05,0.1757954950554084
90abb1_2017-01,0.7889061105250427
90abb1_2025-09,0.9945975770944884
bf6f0d_2017-10,0.0954820106637723
7a007d_2016-04,0.07505655401712
c580aa_2017-04,0.9564549950951836
f500c5_2017-10,0.3361340605884776
77b3b9_2017-03,0.1394001261958328
a42d13_2017-10,0.283185286536341
1b9e65_2016-12,0.2480365616434197
1b9e65_2016-08,0.2145013894309899
1b9e65_2016-11,0.2052126344702134
1b9e65_2016-09,0.2287400398398852
bc4c03_2016-05,0.0388135112717065
3db670_2021-02,0.9539857602676944
b1de95_2023-08,0.9970864431072458
3db670_2020-07,0.9846255490739988
b73bc7_2016-06,0.1051518039993007
6f5e2b_2016-09,0.110471280968892
259a19_2015-09,0.1249406337895275
8005b9_2015-11,0.0835035094618921
77b3b9_2016-11,0.0172467923370616
14fe3a_2016-02,0.0150668408046273
bf6f0d_2018-11,0.136550231842555
14fe3a_2016-01,0.0377763652403603
14fe3a_2016-03,0.0156022205460733
7a007d_2017-03,0.0628656873041736
f1543b_2016-10,0.1274230972690996
dc4b5e_2019-04,0.0563246400296684
f1543b_2017-01,0.0976723631343468
8e41cf_2020-05,0.9847083452255572
74fb1f_2017-07,0.548108740151862
6224d0_2017-07,0.02835493143445
b416b1_2018-07,0.2670903378305104
b416b1_2018-09,0.6899869051272225
b73bc7_2024-05,0.9818479753716626
19fa84_2015-11,0.0940016024315912
7bf5c9_2018-09,0.2086992321483025
7bf5c9_2018-08,0.2278637638902135
98a151_2017-07,0.1310918861482864
829a72_2017-06,0.0252316104456947
b1de95_2018-02,0.0964930711790784
c48018_2015-06,0.0354729644159019
60a0fd_2017-10,0.0285236357658548
60a0fd_2018-10,0.2095257868640516
98a151_2020-09,0.9869527389649916
60a0fd_2017-08,0.1069040886473316
98a151_2017-01,0.4937850385178297
7bf5c9_2025-11,0.9877753536846736
7bf5c9_2017-01,0.0668386648523045
98a151_2017-11,0.2761244705143715
3a13b3_2017-11,0.3257900000974532
b08ec1_2016-02,0.0233076145155584
545d15_2023-10,0.9820341709729876
545d15_2021-11,0.6243844568225085
545d15_2025-07,0.9915141417291836
545d15_2022-11,0.61148861770334
545d15_2023-04,0.9314198306751624
545d15_2021-09,0.7385330093826324
545d15_2023-02,0.9034596373382334
c580aa_2017-05,0.8337769002884519
545d15_2022-06,0.610615467447369
545d15_2024-08,0.9915468708275768
92dcdd_2018-11,0.2674283134225226
9b3bd5_2025-02,0.3040356248517021
77e86b_2016-06,0.0249816592471486
7bf5c9_2016-01,0.0506213051748795
a42d13_2017-12,0.042962170534829
7bf5c9_2016-06,0.1180726661047807
7bf5c9_2017-12,0.0250321994625663
7bf5c9_2017-07,0.2691014769784054
3a13b3_2015-05,0.0185616200677725
531356_2018-08,0.8874466630934551
c5816f_2016-12,0.602637221890693
3a13b3_2021-08,0.935742174122714
c580aa_2017-12,0.9050327773644552
8ec563_2016-11,0.3414741168553105
06534f_2017-08,0.9143255362899
f4604d_2017-03,0.731868106175523
3db670_2021-03,0.9610113927353364
b73bc7_2015-05,0.058329471664813
c5816f_2020-07,0.9648333882202836
c580aa_2016-08,0.1399823386553933
c580aa_2020-09,0.6766573625370026
b1de95_2022-02,0.7989085011025385
b1de95_2021-12,0.671004589251298
6224d0_2015-11,0.0306672656080155
db5006_2017-09,0.2495200910875138
6224d0_2016-04,0.0386544470698919
18defd_2017-08,0.0236535444630237
06534f_2018-10,0.9916977436039964
0e8d73_2023-04,0.3283687969492113
af81b0_2016-11,0.0226364129948728
f1543b_2016-07,0.9120179248221372
a42d13_2018-07,0.1820025624829771
cd0e60_2023-09,0.2985552318086273
cd0e60_2023-12,0.5809224739741811
cd0e60_2024-08,0.7943190275219707
0cecbd_2015-08,0.1034433258690707
7aa803_2017-05,0.1263664986198024
34889b_2021-03,0.4615182156051716
8005b9_2016-04,0.6402584527986023
0874ee_2017-08,0.4719532470941987
8005b9_2016-07,0.7540627208583229
b08ec1_2017-03,0.7068227351568037
b08ec1_2017-05,0.0739174891321642
74b7d1_2015-06,0.2591840842433535
8fabe0_2015-08,0.0597038549026039
e60b65_2017-09,0.0642197428212015
77e86b_2017-05,0.0174943964141392
fc77d0_2016-07,0.3976728832304861
c5df88_2017-10,0.6079937465767596
4fb2d3_2015-10,0.1733982089745666
4fb2d3_2015-09,0.0410080136852343
4fb2d3_2015-07,0.0279480331023318
0e8d73_2023-02,0.351458004675546
0874ee_2016-07,0.912065132626874
dc4b5e_2021-11,0.9452472828542864
34889b_2018-08,0.7651222672112664
dc4b5e_2020-08,0.9446459948101704
a97df3_2022-02,0.120964951649405
9b46ed_2017-10,0.2932542367859856
b08ec1_2025-09,0.9896360098351592
b08ec1_2020-04,0.9351130858994566
a25664_2015-10,0.0243561738856703
b08ec1_2020-05,0.883235375870322
34889b_2020-09,0.985727881614086
8005b9_2015-05,0.0177385308877381
a97df3_2021-07,0.4717325128352228
74b7d1_2016-05,0.0241830628842758
a97df3_2021-09,0.4423063463609354
3a13b3_2022-02,0.8972197110595316
af81b0_2017-10,0.1647431462145887
a97df3_2020-05,0.5404045504333669
99c11c_2025-07,0.9355292026778864
a97df3_2021-01,0.4180055267929429
99c11c_2018-10,0.0205403911154237
3a13b3_2022-10,0.9937398832266936
3db670_2016-08,0.1283342357643433
3db670_2017-10,0.9585572147888782
b73bc7_2017-07,0.7289349763859287
894378_2018-08,0.1522396844125119
f461d4_2018-08,0.7596493405229465
8ec563_2020-05,0.9918689996646636
e4bc80_2018-07,0.8276701055951247
0cecbd_2020-06,0.9761328297407834
0cecbd_2020-08,0.9684515025488886
60a0fd_2018-09,0.3330377441718237
0cecbd_2020-07,0.9586140184260252
e7a56d_2015-12,0.1385538215780684
b0ff51_2015-11,0.099487202291078
b73bc7_2021-02,0.3135462047809421
c580aa_2022-03,0.9555240664834588
c580aa_2022-06,0.9554718517549088
c580aa_2021-11,0.928008556025958
06534f_2021-10,0.7822449473811383
b73bc7_2020-11,0.8469368021573366
06534f_2020-12,0.5961286708411256
b1de95_2022-09,0.7276733734325712
c580aa_2021-03,0.8445020690717132
af81b0_2022-08,0.995987620646276
af81b0_2021-12,0.99463792963744
af81b0_2021-06,0.9942114960065817
293190_2018-10,0.9260024987476192
e7a56d_2020-08,0.9204261031732902
5a0174_2018-09,0.2069927916311764
c48018_2022-08,0.9228590615756156
18defd_2020-06,0.8718602094100206
c48018_2020-11,0.6509926642219123
d59611_2016-07,0.2266642040888881
18defd_2021-02,0.716186767494257
c48018_2021-10,0.7934698234594025
c48018_2023-01,0.9390398038981728
c48018_2018-08,0.2223157203032572
18defd_2021-10,0.7600628524407839
c48018_2022-12,0.9390398038981728
db4cd8_2016-07,0.2897351428178857
18defd_2020-07,0.8578379910821654
18defd_2021-03,0.5566478360871251
1698cf_2017-10,0.0702415722100783
c580aa_2015-11,0.3287520626275339
439fde_2022-08,0.98055185601138
8fabe0_2020-04,0.991428076402038
90abb1_2016-09,0.1907078972278864
829a72_2021-04,0.8478431226472822
60a0fd_2016-04,0.0982089736979402
829a72_2016-08,0.0383347462530546
259a19_2017-11,0.0953901320150712
5a0174_2018-10,0.1984307502541224
60a0fd_2016-12,0.0650295811896325
60a0fd_2016-08,0.1569605166779572
8ec563_2017-09,0.2182331387663028
5a0174_2016-06,0.0629783107802799
77e86b_2017-07,0.0113272315381817
e3af0e_2016-02,0.089428277062478
829a72_2016-10,0.0224486485544265
829a72_2021-01,0.8736212695605958
9af74c_2015-07,0.1789871870561685
e3af0e_2016-06,0.0407985222481374
4718d7_2017-12,0.0656381177180271
f461d4_2016-07,0.0972893687141482
e4bc80_2016-11,0.1892019976383599
db5006_2017-10,0.22446514811064
98a151_2020-04,0.9532350956223892
0f9e86_2020-05,0.9885861260085886
c48018_2015-08,0.2214971680828103
98a151_2016-07,0.4897724178734655
0f9e86_2020-04,0.9862525645828212
9af74c_2021-03,0.9957012703665512
90abb1_2015-06,0.0941088406550075
fc77d0_2018-08,0.2154833811001063
90abb1_2018-07,0.6004738537692621
9af74c_2016-09,0.2934547441196762
9af74c_2017-01,0.2897405830859286
9af74c_2017-09,0.0884170832572541
fc77d0_2018-09,0.5274599282060567
9af74c_2016-07,0.2723424236366512
424c1b_2024-05,0.0917307081656294
77b3b9_2017-10,0.1276968489825317
b73bc7_2018-09,0.8725684176520355
77b3b9_2016-04,0.0627571455288133
bc4c03_2016-03,0.0030437803400625
439fde_2020-08,0.9604039959106226
439fde_2021-08,0.9560324800385244
7bf5c9_2015-10,0.1229437722491736
6da35b_2025-09,0.3851737242748653
99c11c_2016-06,0.0178782895819507
c3a69f_2020-04,0.9732726140217728
439fde_2022-11,0.983887721045809
99c11c_2016-11,0.0431517340576668
439fde_2023-02,0.985170376383808
87cfea_2016-03,0.0386253249634806
c3a69f_2016-03,0.2134035702469814
7a007d_2016-06,0.2188825689054846
f4604d_2017-09,0.0804740478657599
7a007d_2016-12,0.1557545568363754
0cecbd_2017-03,0.0363906286102165
b73bc7_2017-03,0.9067324720668862
74fb1f_2018-11,0.6758877379348002
e3af0e_2015-12,0.0442333117731892
b1de95_2018-07,0.8215229974099039
3db670_2016-11,0.6600531117431055
259a19_2015-10,0.0907889039456352
b73bc7_2023-12,0.9450672201739836
06534f_2021-11,0.8164107866261089
1698cf_2016-06,0.1282965072288831
8d0588_2016-01,0.0505608116568935
8d0588_2016-04,0.092817862688816
a42d13_2017-09,0.1704199776531325
77e86b_2021-06,0.9294064817350484
77e86b_2020-11,0.9415631827376952
77e86b_2020-12,0.9078975482886482
74b7d1_2016-09,0.0156089654470372
87cfea_2016-09,0.0044782290618583
77e86b_2021-10,0.929811735779934
987bc1_2016-10,0.5909843543164056
439fde_2018-09,0.3712114200999961
987bc1_2016-09,0.4356760092108277
8fabe0_2021-03,0.9976729451009346
83894c_2024-03,0.8633918600365637
513080_2025-09,0.8182621016354145
b416b1_2016-03,0.155355082581672
b416b1_2016-02,0.1393263534061793
4718d7_2025-04,0.8888713988041379
fb737b_2023-10,0.3318319186387678
f461d4_2022-11,0.9708338865173786
f461d4_2023-12,0.9979944730465125
f461d4_2025-03,0.9844454093094972
d59611_2014-04,0.1819216494763264
90abb1_2022-04,0.0711969773129181
8005b9_2024-05,0.949233668153216
b08ec1_2018-02,0.0117219844207623
92dcdd_2020-09,0.0228662950761313
29849f_2019-11,0.0617601693015692
e2314a_2024-11,0.8968313730118831
6224d0_2020-02,0.9035487685152828
e60b65_2022-10,0.9903719492685268
f461d4_2024-02,0.7050485117772289
a42d13_2017-02,0.2335633379677278
4fb2d3_2018-03,0.1450888004400594
92dcdd_2020-10,0.2173283239450142
731908_2019-02,0.0906429654747661
11f0e3_2016-01,0.0200567410524778
e427f8_2023-10,0.0471239432639801
9befc8_2021-10,0.0641317553929734
780a0b_2014-12,0.0034896334516808
780a0b_2016-03,0.2868932619574992
9cf1af_2023-11,0.3175621720849043
9cf1af_2025-07,0.0471884553185722
532867_2024-11,0.0253673626791379
fb737b_2024-06,0.800508302103989
1698cf_2025-04,0.8375819843514272
77b3b9_2023-01,0.6460939627499498
8005b9_2018-03,0.0384406264818142
fc77d0_2023-06,0.9843528951634052
375f2e_2023-09,0.9550854534123572
af81b0_2024-09,0.281015871049368
545d15_2019-06,0.1266600250383278
e2314a_2024-06,0.8891168624009409
e83244_2015-06,0.0557004283368825
e60b65_2017-06,0.0583473191526353
a25664_2024-08,0.9768779429557836
1822ea_2025-05,0.9346077164578082
731908_2017-04,0.0720622078848365
731908_2021-11,0.0406690228176156
11f0e3_2022-01,0.0957046242835962
a97df3_2024-06,0.9662986303613904
6224d0_2019-02,0.1131164327825906
b416b1_2019-08,0.9905063051341924
bc4c03_2019-03,0.2970355267969379
14fe3a_2023-08,0.9913727193325848
375f2e_2019-11,0.2122886495919602
545d15_2020-12,0.2080347732951162
e2314a_2016-01,0.0121120817529846
c0f884_2025-07,0.2067175059412965
bfbeef_2022-09,0.5158225349288218
b26809_2024-04,0.2364085803541113
dc4b5e_2025-07,0.9964929179373392
780a0b_2021-12,0.0152457608003885
8fb6f0_2014-12,0.0070005795321914
fb737b_2023-07,0.4084039497832524
175155_2021-10,0.870743449684908
bc4c03_2023-12,0.4705051699562814
db4cd8_2019-08,0.3580351346936087
34889b_2023-12,0.2385582772522369
fc77d0_2024-05,0.9371282860333728
302d40_2025-04,0.0990957993822054
b73bc7_2017-06,0.0370594075580999
987bc1_2022-01,0.9361598760252172
987bc1_2024-04,0.9966779649024848
780a0b_2022-05,0.3923367615571119
8fb6f0_2016-07,0.1489936721692421
8bd3ce_2023-05,0.847489741458453
8bd3ce_2024-11,0.9974365254257388
0f9e86_2020-01,0.1816775747985352
9cf1af_2023-12,0.51304953103495
0ffc2d_2022-12,0.0006790243327909
6f5e2b_2025-08,0.89991841075747
175155_2023-02,0.4086550517922264
db4cd8_2019-06,0.0879198201962837
f461d4_2018-03,0.4230326973774844
1698cf_2014-10,0.0465335177717252
1822ea_2019-06,0.0999652942237691
1822ea_2025-02,0.6287192429299138
fc77d0_2024-03,0.991461605223908
af81b0_2014-09,0.0029307448793876
545d15_2020-04,0.2935289690476454
7a007d_2025-05,0.9905912828933672
29849f_2020-03,0.959457279097063
3a13b3_2020-02,0.8956904214554917
b73bc7_2014-11,0.1272276799720728
e83244_2020-08,0.9842933081889664
6224d0_2024-01,0.9964570519887952
fb737b_2020-12,0.4702298252581643
6838b9_2022-07,0.6610236011555433
a42d13_2018-06,0.2035321790082963
375f2e_2018-02,0.0070363245368012
9af74c_2025-01,0.9942896701160324
987bc1_2023-11,0.994897137334966
987bc1_2024-07,0.98866872247098
92dcdd_2020-11,0.0853128990938312
f24317_2025-08,0.3698234588968058
11f0e3_2024-09,0.9965015315498869
e427f8_2022-08,0.1902579743541548
8fb6f0_2015-03,0.0275163455348587
8fb6f0_2018-04,0.043050647213967
8bd3ce_2022-03,0.0730613597972514
8bd3ce_2022-06,0.9717535757173542
0f9e86_2015-04,0.0403534700812482
6224d0_2014-12,0.0155958545339449
fb737b_2022-06,0.374980143223233
1698cf_2022-04,0.7453887045116394
34889b_2024-07,0.7861581328094424
9af74c_2022-06,0.8253654411472396
92dcdd_2023-07,0.989448900051532
c580aa_2015-04,0.0661293825721778
3a13b3_2025-08,0.9814245889361
e2314a_2017-02,0.0068883821042222
e2314a_2019-06,0.7798643653519574
4ee2d2_2024-12,0.0248426888907881
6838b9_2018-07,0.0279431533563411
a42d13_2024-08,0.9936370633944024
1822ea_2019-12,0.9443778345179512
0ffc2d_2023-12,0.3572751772144564
302d40_2025-02,0.0681100622898162
731908_2019-06,0.7236631400130654
780a0b_2023-07,0.5899727607425804
9befc8_2022-09,0.4409115001597722
7199cf_2024-12,0.08158992507754
4718d7_2022-02,0.7493572096552567
e60b65_2024-07,0.9432283634327338
175155_2021-12,0.9796110609442296
db4cd8_2022-10,0.7911639196527985
db4cd8_2025-04,0.6061668001270639
1698cf_2022-01,0.9666077621089636
34889b_2023-08,0.6579692917948109
b08ec1_2024-06,0.4495844870454815
987bc1_2019-07,0.7563265981754601
4fb2d3_2022-04,0.2673209525202771
e83244_2021-08,0.9355099713645356
6224d0_2017-01,0.0961758024431092
e60b65_2018-12,0.3044946780435343
f25ffe_2025-06,0.1769318513498253
f25ffe_2025-07,0.1353994941960019
1698cf_2022-10,0.9906704984127368
90abb1_2019-03,0.2545516757936728
0ffc2d_2019-06,0.0467726570977587
987bc1_2020-10,0.852791506016267
fc9334_2023-11,0.1429775679915298
b1de95_2024-07,0.997810483659886
1996b0_2025-05,0.1224499859079478
6f5e2b_2018-05,0.0097093258275219
6f5e2b_2019-11,0.8981520224275771
b416b1_2024-08,0.9282737404873496
d59611_2025-01,0.9715380620986698
8005b9_2024-03,0.484722292440974
987bc1_2019-12,0.7476027015178226
545d15_2019-04,0.0178636378350047
7a007d_2024-02,0.2093297115901973
c580aa_2015-02,0.0167080357170037
3db670_2017-02,0.9065231701320672
3db670_2019-12,0.7811342906436299
3db670_2020-03,0.9714624128309906
06534f_2017-02,0.9670997842686454
b73bc7_2023-01,0.9848353633802888
bc4c03_2022-05,0.9873393019484592
77b3b9_2019-10,0.7528394645144163
77b3b9_2024-07,0.984522218582194
0ffc2d_2020-03,0.5481503829620228
987bc1_2019-08,0.5625334568291086
4fb2d3_2024-11,0.9978012859927248
731908_2017-10,0.0203470995306696
6224d0_2024-02,0.959185111808
b416b1_2019-03,0.0548323563144948
532867_2025-03,0.0448654181601421
259a19_2019-12,0.9638794134802594
db4cd8_2021-12,0.934572293864246
77b3b9_2023-08,0.8572201590191112
d59611_2014-09,0.0308455753720571
d59611_2014-11,0.0587340851134503
34889b_2025-06,0.5110386565950104
14fe3a_2023-11,0.9625697561714672
6224d0_2024-09,0.9036160957392344
8fabe0_2023-10,0.9943423924323704
fc77d0_2025-05,0.9674699339061515
375f2e_2025-01,0.9960387857879331
731908_2018-02,0.0040610525810169
731908_2020-08,0.9833287490893144
9f1aa0_2019-10,0.1558543339205437
fb737b_2024-07,0.8928256223915333
8fabe0_2024-07,0.9726874937569338
6838b9_2019-12,0.0404559644782321
1698cf_2022-05,0.987733639998867
d59611_2019-06,0.1698799680549455
9af74c_2022-09,0.7981020340222788
af81b0_2018-02,0.0046628343761176
f1543b_2019-12,0.1372703852786568
e83244_2017-09,0.2692364444623436
6224d0_2017-05,0.0956477639930135
175155_2019-03,0.2459576585380475
f461d4_2023-03,0.9488940439180672
f25ffe_2025-04,0.0166839446328466
375f2e_2018-06,0.0150594177259729
4fb2d3_2024-03,0.9927734738725996
780a0b_2021-07,0.1345399933296788
0f9e86_2015-02,0.0044078892673024
6224d0_2022-12,0.9629740050002694
0e8d73_2024-02,0.0228433699713962
fb737b_2023-03,0.0355455518643382
b416b1_2022-02,0.8767442591927308
b416b1_2024-09,0.7547902909970429
b416b1_2024-11,0.5877121500058701
1698cf_2019-08,0.941221192319049
34889b_2022-04,0.2365455357474588
34889b_2025-08,0.4978882954476659
14fe3a_2014-08,0.0133273942725451
8005b9_2021-05,0.9786181275778668
9af74c_2014-08,0.0322234377145704
7a007d_2024-04,0.7425383727699846
e2314a_2014-10,0.1213002786645523
e83244_2025-07,0.999449172469442
e60b65_2020-05,0.9759168819703112
4ee2d2_2024-11,0.1005650985392414
a25664_2019-05,0.0439797386708116
424c1b_2024-06,0.0670264380088471
90abb1_2019-12,0.7944794484996582
0ffc2d_2020-10,0.1995589160219405
987bc1_2020-07,0.9444237415392804
bfbeef_2021-06,0.4894273717196303
dc4b5e_2021-12,0.2790694789343254
dbb709_2024-08,0.1560250418125578
5a0174_2024-04,0.856670728483461
b416b1_2020-12,0.9803441940255884
b416b1_2021-10,0.9726361029654323
b416b1_2023-01,0.1438461246836291
175155_2022-01,0.978566161152602
b08ec1_2023-09,0.5046688891590948
987bc1_2024-10,0.8395141398123559
175155_2025-07,0.9903721714249194
af81b0_2014-06,0.0022213364847459
06534f_2019-09,0.513304211332631
f4604d_2024-03,0.881524797980203
6224d0_2017-11,0.0187013320334768
175155_2018-03,0.046677722668408
265164_2024-09,0.0403333138202637
375f2e_2018-01,0.1314339464091401
4fb2d3_2021-04,0.9641685116991814
731908_2015-02,0.0150864834994614
510fbf_2025-05,0.1011068927696915
a97df3_2024-07,0.955620248028988
780a0b_2015-06,0.176416095451659
780a0b_2018-06,0.1325795132679603
fc9334_2024-06,0.9305301202920488
dbb709_2023-02,0.0156895265564585
dbb709_2024-10,0.3890398484052697
259a19_2023-02,0.343514505171242
a42d13_2025-02,0.9047162118496456
77b3b9_2018-06,0.0247202835002063
af81b0_2024-07,0.042129821162941
7a007d_2023-12,0.9194567866927909
3a13b3_2014-12,0.0158264911802281
fc77d0_2014-03,0.015651728783947
f4d28d_2025-01,0.0110289143426122
4fb2d3_2025-01,0.9933409227626006
dc4b5e_2022-03,0.0661099428425541
a97df3_2019-12,0.067678772422292
a97df3_2022-12,0.1384241868976062
fc9334_2025-06,0.9909276095922472
8fb6f0_2015-08,0.1551335704995959
8fb6f0_2019-08,0.7986537859223468
0f9e86_2017-05,0.1065451688480326
f4604d_2019-02,0.0302689066011901
6224d0_2019-08,0.9693995912836204
8fabe0_2019-06,0.8199228957112515
db4cd8_2023-07,0.968308061394952
8005b9_2025-01,0.5197721164212235
af81b0_2025-04,0.9354766884938308
af81b0_2025-08,0.8749460063581651
545d15_2021-03,0.3072926077595183
b73bc7_2019-08,0.990541559301522
532867_2025-01,0.1925963779433327
424c1b_2025-06,0.2659750260817329
1822ea_2019-11,0.8818598045538674
265164_2023-06,0.0872508687225624
f4d28d_2025-02,0.1575969449749247
375f2e_2025-04,0.7548341459503236
987bc1_2022-12,0.8304802374379099
11f0e3_2025-02,0.1297535199730362
b26809_2025-05,0.8559603740868577
a97df3_2024-05,0.6151719860207242
9befc8_2021-11,0.0055374784105746
0f9e86_2019-07,0.410315807422893
fc9334_2023-05,0.7062245718418103
4718d7_2019-04,0.8454357091316
4718d7_2021-08,0.9789025701691536
0e8d73_2023-06,0.0473489098464203
fb737b_2023-08,0.1662405980645978
e60b65_2025-08,0.8962601178066957
8fabe0_2018-04,0.0185002259472969
b416b1_2021-07,0.9785103903238244
1698cf_2023-09,0.9590700286025782
14fe3a_2021-10,0.9849216925114952
b08ec1_2024-01,0.3690989184158316
6838b9_2020-09,0.1443271950233528
11f0e3_2023-12,0.9067826367569674
0f9e86_2024-02,0.0645610481003804
9cf1af_2025-04,0.3184517689099471
375f2e_2019-04,0.1170114603076434
4718d7_2018-12,0.8458927412809564
0874ee_2019-03,0.0092359588582791
5a0174_2025-05,0.9299127835677564
d59611_2014-10,0.0136979407396311
3db670_2025-08,0.9848733230951578
e2314a_2023-08,0.996265938790805
175155_2019-05,0.1388252646336822
175155_2019-08,0.8060402426406913
a25664_2022-08,0.909332406627596
77b3b9_2024-12,0.984333181321469
9af74c_2024-12,0.9890062761185155
9af74c_2025-03,0.9747558557023174
4fb2d3_2025-06,0.9706760297700816
92dcdd_2019-09,0.040998086329597
92dcdd_2022-12,0.7759108964918909
8e41cf_2025-08,0.8560882576551804
b26809_2025-03,0.1185242633979543
9befc8_2015-03,0.0055665676127687
0f9e86_2023-03,0.9205523110855532
0e8d73_2024-05,0.1265806737793156
b416b1_2025-01,0.90002775784286
f461d4_2019-10,0.4082088295674101
db4cd8_2014-11,0.0423723770199947
259a19_2023-12,0.9856028812216014
8005b9_2017-02,0.6975875447338413
8005b9_2018-05,0.0321761152912618
375f2e_2024-09,0.9472334380753344
af81b0_2017-08,0.1419420966515241
3db670_2018-03,0.83444386280121
06534f_2022-11,0.9661757210588908
06534f_2023-11,0.96744388103409
b73bc7_2014-04,0.0127022720551141
b73bc7_2015-04,0.0402618349130266
b73bc7_2018-12,0.642908857060154
175155_2022-02,0.4933456174419643
bc4c03_2022-11,0.9280093371112192
a25664_2021-06,0.986036697891824
987bc1_2015-09,0.0643499784529352
302d40_2023-12,0.4970438514795071
d86999_2015-03,0.1209704049461709
d86999_2021-03,0.8743176127033043
dbb709_2023-11,0.6705130238112842
dbb709_2024-03,0.1611666483422221
6f5e2b_2021-09,0.900385060069156
b416b1_2017-06,0.0991975052585346
4f2b6b_2025-02,0.0227111571741655
77b3b9_2019-06,0.604353413722877
90abb1_2014-07,0.0733817629747072
90abb1_2014-12,0.0391471929385705
34889b_2021-12,0.3397981169877959
b08ec1_2014-12,0.0114169140247912
b08ec1_2019-11,0.3692459508921551
4fb2d3_2023-07,0.9886586410789332
7a007d_2018-12,0.021954444899254
29849f_2024-07,0.985905604248758
29849f_2024-10,0.995585726716846
06534f_2023-04,0.9902695037157484
3a13b3_2018-03,0.7985884346948172
f4604d_2024-11,0.973126742609215
e2314a_2016-10,0.2867796077462397
6224d0_2016-09,0.2684777911847809
6224d0_2022-01,0.9845026053875926
e60b65_2014-05,0.0097717638061113
77b3b9_2022-03,0.9925024783597454
fc77d0_2014-11,0.0259349903179835
302d40_2024-09,0.2301633942500061
dbb709_2025-08,0.1572977765050609
0f9e86_2024-05,0.8454740763952502
29849f_2019-08,0.0594258331569734
4718d7_2019-08,0.9493107591177252
fb737b_2024-04,0.0926210038603284
bc4c03_2024-02,0.3339189813766827
d59611_2025-06,0.8537605412725494
1822ea_2022-10,0.1529143082071362
375f2e_2021-10,0.9957436989944702
af81b0_2018-04,0.1700805353230466
29849f_2023-07,0.9104826729069688
b1de95_2014-12,0.0115168794871426
e83244_2018-04,0.0528402558093223
1822ea_2020-03,0.997949229992552
0ffc2d_2020-09,0.2045697423342941
987bc1_2025-02,0.9967735557222784
92dcdd_2025-05,0.8735444627240915
731908_2017-06,0.4838453799537097
bfbeef_2023-07,0.8952254536203559
b26809_2022-05,0.6383789560996739
dc4b5e_2023-11,0.9761623518489968
9f1aa0_2024-02,0.0890729339385312
dbb709_2023-12,0.1454786206774614
8bd3ce_2023-06,0.6985943207580911
6224d0_2022-03,0.9602872020605142
8fabe0_2018-12,0.3082174159991975
bc4c03_2021-10,0.7582330236289728
92dcdd_2019-11,0.5042876313180856
af81b0_2024-10,0.2915659630413021
f4604d_2019-08,0.0208799512094896
e2314a_2025-02,0.184012852328693
a25664_2020-05,0.9853164844189676
1822ea_2023-09,0.6874822145902217
375f2e_2015-01,0.0731738492577687
8e41cf_2023-02,0.3623631712799469
11f0e3_2023-02,0.0845257435077114
780a0b_2020-01,0.089854458011541
8fb6f0_2015-12,0.004497023961183
8fb6f0_2024-09,0.4776337355491735
175155_2022-12,0.8153887022041169
6838b9_2022-12,0.9319165992510584
db4cd8_2014-06,0.0640919047900482
1698cf_2021-11,0.992076731829712
34889b_2023-05,0.1155215850272729
b73bc7_2016-10,0.649830285099416
f4604d_2015-01,0.0331916325946436
f4604d_2024-04,0.857222722968105
531356_2015-03,0.0068946989412925
e83244_2020-09,0.9257209286894728
e60b65_2019-07,0.8924225106382746
bc4c03_2025-07,0.993834912653802
90abb1_2024-10,0.8809151242273614
1822ea_2022-04,0.2966483753497956
fc77d0_2025-01,0.9947453496290576
265164_2024-08,0.0656235749346857
8e41cf_2023-10,0.361697574684392
9befc8_2016-07,0.4726170752457302
8bd3ce_2022-09,0.3540406215965521
5a0174_2019-08,0.9683898062834364
8fabe0_2020-07,0.9806877905588544
bc4c03_2014-05,0.0339686360878526
34889b_2019-09,0.5604381717265317
e83244_2018-10,0.0356669774871934
6224d0_2014-05,0.0736737494660551
175155_2016-10,0.0387377088495304
731908_2017-01,0.0192455871812317
b26809_2024-01,0.5500461582042232
780a0b_2019-12,0.0907924421295952
8bd3ce_2023-09,0.5994112867988155
0f9e86_2015-08,0.0497414192363051
1822ea_2015-03,0.0167952098306645
4fb2d3_2023-09,0.9728852527404268
8fabe0_2019-11,0.871613182889472
b416b1_2020-07,0.9575556843404373
edda84_2025-03,0.2082752768053689
77b3b9_2014-07,0.0390998655075777
29849f_2023-04,0.2538011053755947
022433_2025-08,0.6377642346657202
e2314a_2018-01,0.1953273706206738
e83244_2023-08,0.9792348926044904
e83244_2025-04,0.9676688317837806
8fabe0_2022-08,0.9893736277302666
f25ffe_2023-05,0.0235995456869806
77b3b9_2019-02,0.0324949184542649
1822ea_2025-01,0.9940358151528568
0ffc2d_2023-01,0.0042702848186654
0ffc2d_2023-11,0.3685877076070102
265164_2025-08,0.1014223147041768
9af74c_2024-09,0.9480176305313944
731908_2015-11,0.023738289510748
d86999_2021-12,0.8850648782350007
9f1aa0_2021-07,0.596056905226107
780a0b_2022-12,0.5064973191125395
fb737b_2024-08,0.8950163651833488
b416b1_2019-07,0.6665222447907084
d59611_2023-05,0.9007153791253082
af81b0_2019-11,0.5012712454170049
531356_2017-06,0.0697455981771628
175155_2014-12,0.0124713623360607
259a19_2024-09,0.4188432786128802
424c1b_2024-08,0.140806665968211
90abb1_2025-04,0.7178977403072335
0ffc2d_2019-07,0.0510521826064087
375f2e_2017-02,0.0804388813497562
8fb6f0_2018-06,0.1131153413501627
0f9e86_2025-08,0.7048516251799887
34889b_2021-08,0.9845187401476836
8005b9_2015-04,0.0350972638354382
b1de95_2024-08,0.9956119207794738
06534f_2025-01,0.746794630525293
022433_2025-06,0.3403590108971471
e2314a_2018-11,0.126210541932825
175155_2019-06,0.8061335110491972
1822ea_2020-02,0.7943432480736085
9af74c_2023-09,0.9775996417137248
4fb2d3_2021-09,0.9734703486263884
302d40_2024-04,0.149419277350801
731908_2018-11,0.2127912526948364
d86999_2018-08,0.0205197088790261
e427f8_2023-06,0.4104678696163498
dc4b5e_2025-01,0.4813647434032952
9befc8_2021-03,0.0176347973581311
fc9334_2024-05,0.760774497901508
8bd3ce_2019-02,0.0166713263188455
b26809_2025-06,0.5036534780330683
c48018_2023-07,0.8543172197398932
bfbeef_2018-07,0.2777869372952037
8fb6f0_2024-06,0.633582552528341
8bd3ce_2018-01,0.0093297205636031
8fb6f0_2020-08,0.8934543213058466
bfbeef_2025-02,0.1123733155793618
fc9334_2020-04,0.96335568941155
8e41cf_2021-09,0.3007051828477877
18defd_2014-11,0.0510493805287258
18defd_2019-01,0.046787075546235
18defd_2024-01,0.4346198702349219
8e41cf_2018-11,0.0035653278444125
8e41cf_2021-05,0.4263011238394205
b26809_2014-04,0.0294329308588757
18defd_2019-03,0.829188307343738
e7a56d_2021-11,0.9917868811291224
bfbeef_2022-06,0.6817371273402432
b26809_2019-02,0.5977039781596972
fc9334_2018-01,0.0047491722200638
0f9e86_2017-02,0.1669964233049686
8e41cf_2017-02,0.0261976034188875
8e41cf_2023-05,0.9938839625235104
b26809_2020-09,0.9745734956895172
bfbeef_2018-06,0.1122763414945137
74b7d1_2024-12,0.8632111514129328
6c1954_2024-09,0.625978492426356
fc9334_2019-02,0.1268327005595739
e7a56d_2018-12,0.3073007709549373
e7a56d_2023-03,0.8623571865193022
8fb6f0_2020-09,0.7037298940351725
fc9334_2017-03,0.0185715704229913
fc9334_2024-11,0.9690440502825706
731908_2022-08,0.8181575326057346
b26809_2021-01,0.1371703226852398
8fb6f0_2022-05,0.9670139214408692
bfbeef_2021-09,0.4940126681047999
8bd3ce_2015-10,0.0144825149337079
8bd3ce_2021-02,0.1441953505146204
bfbeef_2024-03,0.5307930478727525
e7a56d_2024-04,0.9502589258272092
8bd3ce_2017-06,0.3826692763743716
dc4b5e_2019-10,0.0165538149442339
dc4b5e_2024-01,0.4980765725527225
780a0b_2022-03,0.0124767616937693
8bd3ce_2018-11,0.0016686419125442
b26809_2015-07,0.0821243032457382
8bd3ce_2021-09,0.2001431421823314
e7a56d_2023-09,0.8783966942732188
fc9334_2022-05,0.9419880002045108
18defd_2014-05,0.0131544511364257
8bd3ce_2016-05,0.2199184876575795
bfbeef_2024-09,0.596355532846673
6c1954_2023-08,0.0352209330760626
fc9334_2019-09,0.6564608118024704
8bd3ce_2018-05,0.0287198671991854
8e41cf_2016-03,0.1051431168906136
8fb6f0_2024-04,0.1552629211020036
8e41cf_2019-06,0.5814776421122173
8e41cf_2020-03,0.4409707009154886
dc4b5e_2023-12,0.9698535507789006
d86999_2015-12,0.4596287736914614
8bd3ce_2018-12,0.0076491360486378
8e41cf_2023-03,0.2745663983956365
e7a56d_2023-12,0.8649270147289195
780a0b_2018-04,0.1697233776702307
b26809_2018-02,0.0888994081739907
6c1954_2023-04,0.0070713832265895
780a0b_2017-04,0.2257856869266402
fc9334_2023-10,0.5399176085063339
8fb6f0_2022-09,0.8726656658420472
8e41cf_2017-11,0.0931320958102547
bfbeef_2025-04,0.3670744927104689
b26809_2017-11,0.0043850640663407
18defd_2023-09,0.4846173634142193
bfbeef_2025-05,0.4783195754576054
c48018_2018-12,0.3381066347053693
a97df3_2023-10,0.2444298325005445
8bd3ce_2020-04,0.9967949034454464
b26809_2018-01,0.0197203528876118
fc9334_2021-07,0.1735340277386212
18defd_2025-07,0.8864909877560764
780a0b_2017-03,0.0246870953727292
731908_2021-07,0.0604399877936834
780a0b_2022-01,0.037809134176909
18defd_2024-02,0.1583960508579282
c48018_2025-02,0.979390180934684
780a0b_2023-03,0.0540645406255626
8bd3ce_2020-01,0.2850099118197796
8e41cf_2023-04,0.2216331957640873
731908_2016-11,0.0035743548630564
731908_2024-03,0.1240296076608267
c48018_2024-11,0.997548323148404
bfbeef_2020-11,0.720334283815295
bfbeef_2023-12,0.1782333413337331
8e41cf_2015-04,0.0190008668796808
8bd3ce_2016-06,0.0602602838167833
731908_2018-05,0.3909630493396613
bfbeef_2018-12,0.1180169099958712
14fe3a_2022-07,0.9714250103122424
fc9334_2016-10,0.0088034533794394
8fb6f0_2022-08,0.7534371731198527
731908_2022-10,0.3989625657229527
b26809_2020-06,0.9776476964533972
b26809_2021-04,0.0268920419918912
0874ee_2018-01,0.0518606600779965
b26809_2016-04,0.089054566905349
731908_2014-11,0.0070953762555708
b26809_2023-09,0.7501638048039367
c48018_2023-04,0.7955109193597655
9f1aa0_2016-02,0.0282561854585781
b07578_2024-12,0.0177352754734273
f461d4_2020-01,0.9927641276228514
90abb1_2017-06,0.0955832695860474
259a19_2024-05,0.9992532645473674
7a007d_2014-11,0.0057744054112816
6f5e2b_2021-12,0.992627379345106
510fbf_2023-12,0.0308548498715997
f500c5_2022-06,0.9723640113205682
513080_2023-11,0.0379536180633638
bc4c03_2023-08,0.9918649205172252
f500c5_2022-05,0.97638823229516
6c1954_2022-08,0.0208426182034215
d59611_2016-10,0.0832974299015145
b644ac_2025-06,0.9683977819895776
5a0174_2019-01,0.3101000762014456
db4cd8_2020-11,0.9123746372486792
bc4c03_2023-07,0.942848955683369
7bf5c9_2015-04,0.0158793850309352
6c1954_2023-05,0.0089722162173977
e60b65_2015-02,0.0539521729837726
edda84_2025-08,0.2303103620193364
4f2b6b_2022-06,0.1684328089074183
9cf1af_2024-02,0.1380583143551737
34889b_2019-05,0.5035916426249966
14fe3a_2016-09,0.2845044958831766
14fe3a_2019-10,0.0426960761306559
f24317_2025-07,0.2824115188470176
77c35f_2024-01,0.2372923295429224
6f5e2b_2019-08,0.9874404393926278
259a19_2017-03,0.0135742915137622
77b3b9_2018-10,0.9735401414375144
f1543b_2020-11,0.1997606504962469
f500c5_2019-01,0.3341416421945778
f461d4_2020-09,0.471163650622929
b07578_2025-04,0.2447895911018685
5a0174_2020-09,0.9477736880116986
6c1954_2021-11,0.1764592881714283
9f1aa0_2016-08,0.0412504907697211
9f1aa0_2025-01,0.1519165581865962
510fbf_2024-07,0.1737566085935178
bf6f0d_2014-08,0.1346342186434779
510fbf_2025-02,0.1023702540135495
6f5e2b_2020-02,0.2204455582441936
259a19_2017-02,0.0311210815304289
259a19_2024-11,0.8931353755205385
db4cd8_2017-05,0.0741303272593153
f4d28d_2024-06,0.5138839610917495
77b3b9_2018-03,0.03292187948235
948a11_2022-07,0.1713108412235068
6c1954_2024-10,0.4725595914786426
9f1aa0_2015-11,0.0288958935722555
9f1aa0_2025-07,0.9625323447285518
fa8553_2023-04,0.0868975259673481
510fbf_2025-03,0.014579226621443
513080_2025-06,0.7469311780691569
d59611_2022-09,0.8479778266525948
bc4c03_2014-09,0.0490346430559109
1822ea_2015-02,0.038199708615381
f461d4_2021-08,0.8653057094251487
d86999_2025-08,0.944194032727264
1698cf_2016-10,0.0574792111801556
4718d7_2018-10,0.3291645083922805
6f5e2b_2019-02,0.7777253456085678
f461d4_2024-05,0.9950327696795138
fb34b4_2025-06,0.3955914210312485
510fbf_2022-03,0.0169832208967896
510fbf_2023-10,0.1464957466765303
513080_2022-11,0.0285312444583336
bc4c03_2014-08,0.2411819435909662
259a19_2019-11,0.8817079964529626
9f1aa0_2018-07,0.3517478236561853
9f1aa0_2024-11,0.1702745752069357
b644ac_2025-01,0.0507362207947606
90abb1_2019-01,0.5578305152254869
fa8553_2021-07,0.0122912430875471
510fbf_2022-04,0.0060975937863744
513080_2025-07,0.6993669775113809
b07578_2024-10,0.0518202641255496
77c35f_2024-02,0.4560853607125104
9f1aa0_2015-12,0.0301293321877447
513080_2025-01,0.222222971754698
fc77d0_2020-07,0.9750097113862728
7bf5c9_2020-11,0.4363071587322673
6c1954_2021-10,0.0990747625082765
9af74c_2015-03,0.0419621708440909
bf6f0d_2024-09,0.8847299860642314
bc4c03_2024-11,0.7645980304010961
9f1aa0_2024-05,0.2262768156922838
fa8553_2021-06,0.0184906743175927
fa8553_2023-09,0.1817090043216815
4f2b6b_2022-10,0.0611652651446735
f500c5_2024-08,0.9873956620643272
e427f8_2022-09,0.2666343093720142
510fbf_2022-08,0.0870045658337552
d59611_2025-09,0.9958698531321968
14fe3a_2024-09,0.9821329799428008
4718d7_2021-12,0.9852415313338576
7199cf_2025-05,0.2202062295178457
fa8553_2023-12,0.0376026747416044
d59611_2022-12,0.9280414490356208
14fe3a_2019-07,0.1936114259369817
5a0174_2024-07,0.9694849674341878
7bf5c9_2020-05,0.8241213437163901
9f1aa0_2022-08,0.9511115526237786
1698cf_2015-08,0.0386118169249584
513080_2022-02,0.0108490883222867
513080_2025-02,0.0297714789125727
d59611_2016-12,0.0636483528553511
5a0174_2016-10,0.0263156511376722
7bf5c9_2014-11,0.0097148717566321
f1543b_2022-02,0.798180522595194
375f2e_2017-04,0.0410214852585342
db4cd8_2020-02,0.1169862991146884
0cecbd_2024-01,0.9582300735250652
db5006_2015-11,0.0934838477448976
1822ea_2017-08,0.0473583180660746
bfbeef_2016-09,0.3481469736558148
0cecbd_2020-12,0.9922527586993504
11f0e3_2016-07,0.1978836035282064
8fb6f0_2020-05,0.9598377476000468
bfbeef_2015-06,0.0608165695634201
0cecbd_2022-01,0.8910902750237629
bfbeef_2015-11,0.0202858347182205
0cecbd_2015-02,0.4467844282676344
8fb6f0_2023-07,0.9162979706979508
0f9e86_2016-07,0.226426754868971
780a0b_2020-05,0.9840299376645943
11f0e3_2018-08,0.0985847690809535
0cecbd_2024-02,0.90281036116281
bfbeef_2016-01,0.0259441854808921
1822ea_2020-11,0.9983262962625588
375f2e_2017-06,0.2808814567771304
8fb6f0_2018-07,0.1729579256123511
8fb6f0_2019-06,0.5973115658556097
0cecbd_2017-06,0.4049888739856408
731908_2019-05,0.5944964326654558
bfbeef_2015-01,0.0269195738176893
bfbeef_2019-04,0.0146702787301074
11f0e3_2019-04,0.0458391659557869
9f1aa0_2024-07,0.9644972426045172
0cecbd_2022-10,0.9188887159622388
0cecbd_2024-05,0.9627888872584904
3db670_2018-10,0.8003992539585197
175155_2022-06,0.9071973188671876
e60b65_2024-04,0.7692730893289214
4f2b6b_2023-10,0.0279949461974608
4f2b6b_2025-04,0.0190815753992367
4f2b6b_2025-07,0.0770415765626995
e3af0e_2014-12,0.0191824262783724
e3af0e_2017-03,0.0721577729150456
829a72_2015-02,0.0155653339914525
829a72_2014-09,0.0493224521088517
60a0fd_2018-03,0.396112405206721
14fe3a_2019-12,0.7824356812340253
98a151_2015-01,0.0095537118851773
c3a69f_2015-08,0.3708783831348808
4f2b6b_2023-07,0.0427966737635442
894378_2024-09,0.818867682130992
6c1954_2024-06,0.6728132180459594
bc4c03_2017-05,0.7057226353576834
829a72_2014-07,0.0765884637170576
90abb1_2017-02,0.1752466565636065
7aa803_2019-12,0.1721348860041054
7aa803_2025-07,0.9923660030135294
9b46ed_2023-10,0.7560455619487236
60a0fd_2025-02,0.9768470795801192
e3af0e_2020-12,0.9594261005296886
db5006_2019-03,0.4725599179352884
7bf5c9_2023-08,0.9834467536750028
e2e0ce_2018-01,0.1595182009527909
2ab8ad_2021-04,0.2535474543524633
2ab8ad_2024-12,0.957038123885308
7aa803_2020-09,0.2290040632804898
e3af0e_2024-08,0.9841102495928856
948a11_2023-10,0.0033473054441141
293190_2023-06,0.7960472253260292
e2e0ce_2022-10,0.403801067128547
2ab8ad_2025-06,0.9893487781097896
7aa803_2021-06,0.3020849928580384
7bf5c9_2015-01,0.0116680150727493
88a9a6_2018-02,0.2065978854576632
7bf5c9_2018-02,0.4203596101145748
c580aa_2020-02,0.9425324229131846
7a007d_2019-10,0.796752112279565
e2e0ce_2022-03,0.9578911569784616
88a9a6_2021-05,0.9792754477263088
9b46ed_2019-02,0.1826472550939948
7bf5c9_2021-01,0.3938496584341044
94f933_2025-06,0.0767701070980211
e2e0ce_2019-03,0.0463058736719713
88a9a6_2025-07,0.8106993754447551
88a9a6_2024-12,0.972047063035324
e3af0e_2023-03,0.9234320008358812
293190_2014-12,0.0785018234581183
293190_2023-05,0.8636012209474242
e2e0ce_2016-03,0.2688089579500536
e2e0ce_2024-02,0.87441768626678
9b46ed_2019-04,0.6539670975857789
2ab8ad_2020-04,0.6396174097291691
2ab8ad_2022-06,0.6918841072891686
2ab8ad_2024-10,0.9496445370224162
c5df88_2021-12,0.4020341222492151
74fb1f_2018-01,0.285961798272884
7aa803_2023-11,0.7465117950564838
e2e0ce_2015-03,0.0347137337526171
88a9a6_2023-03,0.7490537022934881
f500c5_2023-11,0.9632433025228804
bf6f0d_2020-08,0.3686069815106427
e2e0ce_2025-03,0.9954297189505948
c5df88_2021-03,0.1388873882188333
74fb1f_2019-03,0.0381412504430017
60a0fd_2019-10,0.9503504279182252
60a0fd_2024-11,0.9971835268128691
7bf5c9_2019-08,0.9629377064506748
6f5e2b_2021-10,0.9565440786637508
293190_2024-03,0.7642801064519685
88a9a6_2019-06,0.0651624401122337
60a0fd_2022-11,0.8217990376437616
60a0fd_2024-12,0.9975519429429152
db5006_2019-05,0.8549441749794668
293190_2014-07,0.0220421412877192
c5df88_2014-09,0.0096749474589789
7aa803_2019-11,0.1217316194790321
88a9a6_2022-10,0.4323398804957286
98a151_2022-01,0.8747439539659169
7bf5c9_2020-02,0.8848528143161538
fb34b4_2025-04,0.3499304110823196
1bdb97_2022-06,0.1844889260444774
5a0174_2021-07,0.9950846152114264
e2e0ce_2021-09,0.8971994030036622
9b46ed_2019-01,0.1169720595332573
9b46ed_2022-02,0.1966595241306504
829a72_2022-12,0.5866107306692948
7bf5c9_2014-10,0.0361485365777133
1bdb97_2025-05,0.0135716406067567
e2e0ce_2016-04,0.1348283020170959
7aa803_2015-03,0.0696252182593854
e2e0ce_2022-05,0.4343537566184219
2ab8ad_2021-05,0.9678479896407102
c5df88_2018-02,0.09515196763538
74fb1f_2022-11,0.898168378536925
e2e0ce_2025-05,0.8904446428392354
2ab8ad_2023-01,0.6633179795874403
c5df88_2022-04,0.3257772396309459
7aa803_2021-12,0.2774441692188145
293190_2023-07,0.593778421247253
88a9a6_2023-11,0.772041888218093
2ab8ad_2022-02,0.3375224374945388
2ab8ad_2023-03,0.6332816179363472
7aa803_2022-09,0.8014450417842431
98a151_2024-09,0.9874592146236072
829a72_2023-06,0.8048706681468483
db5006_2018-05,0.2760313066353511
7bf5c9_2019-09,0.5159800603282981
c580aa_2019-01,0.7816055274443526
293190_2022-05,0.8902884700970715
7aa803_2024-03,0.9184246546285162
2ab8ad_2020-02,0.3060035529700552
88a9a6_2025-08,0.7899167822790806
9b46ed_2022-10,0.0620649398244521
9b46ed_2024-10,0.8182049559250085
98a151_2018-12,0.494199394269514
e3af0e_2024-07,0.970875385733338
7bf5c9_2025-04,0.927546583788153
f500c5_2024-12,0.977728630318522
cd0e60_2021-08,0.6083264395255686
c5df88_2023-02,0.7338837066693769
7aa803_2019-10,0.0903264960174439
88a9a6_2019-08,0.044172536162532
88a9a6_2025-01,0.8536690747322906
18defd_2024-09,0.9451081263733276
db5006_2017-04,0.0654097555985045
531356_2021-01,0.920431323778981
b07578_2025-05,0.2150898337086049
e7a56d_2024-03,0.9670168857596254
8fabe0_2018-02,0.0880651257783897
18defd_2020-01,0.9170451559659492
1b9e65_2020-04,0.791622959926275
e7a56d_2014-09,0.0123473853294503
5a0174_2017-12,0.1812523499722019
e7a56d_2020-01,0.4988107100821419
db5006_2025-02,0.658068766577065
1b9e65_2017-01,0.0673196459015027
1b9e65_2019-11,0.5851135846810414
1b9e65_2023-10,0.9950359339551862
e7a56d_2019-04,0.8770895246578642
4718d7_2017-02,0.0323403914341942
db5006_2015-05,0.1515524445703608
db5006_2024-09,0.9762158808036184
1b9e65_2016-10,0.2578234875926415
f461d4_2023-11,0.9957174838147962
1698cf_2024-11,0.9186883010583008
4718d7_2014-10,0.0122370936672224
db5006_2022-10,0.8460088137536382
db5006_2023-08,0.982344245438509
e7a56d_2020-12,0.8904759939561329
1b9e65_2025-03,0.6132818572192821
cd0e60_2022-12,0.0134024606176625
1b9e65_2023-07,0.9507496303340818
0ffc2d_2025-01,0.8478575625556432
cd0e60_2023-01,0.0427198167272403
db5006_2020-09,0.9885105217160411
c48018_2015-02,0.0394121577957195
a42d13_2014-09,0.0374405568834728
4718d7_2025-09,0.9943255956230403
29849f_2024-05,0.8002175183393112
94f933_2023-09,0.026697758735789
18defd_2014-10,0.0252985936937893
db5006_2015-03,0.0086263019771618
db5006_2022-11,0.923631106355718
29849f_2014-10,0.0155417739777084
1698cf_2017-04,0.0373378643477715
f1543b_2021-08,0.989101951641274
db5006_2017-07,0.3159928605416118
db5006_2018-01,0.2309229265295868
db5006_2023-09,0.995867880927819
db5006_2024-02,0.6109167652550891
db5006_2024-04,0.9596186449283424
db5006_2024-05,0.96863505474407
8fabe0_2019-09,0.9819237123049712
18defd_2019-04,0.8702393948689858
c48018_2019-07,0.8343052097406355
531356_2022-10,0.5314561440928974
1b9e65_2021-10,0.8637730361003675
db5006_2019-12,0.3599084536200176
531356_2014-11,0.0056570623256858
fc77d0_2021-01,0.9071447322764498
1822ea_2017-10,0.330235151160589
022433_2023-08,0.0590436628525686
0874ee_2020-12,0.9504909566162127
e4bc80_2023-03,0.8963177003191813
e361b7_2020-09,0.3753646775321878
c3a69f_2022-01,0.9219935699685536
c3a69f_2022-10,0.9922494568819454
c3a69f_2024-07,0.7151903102652827
e361b7_2021-08,0.1953750438651179
b1de95_2022-01,0.6534009144773781
439fde_2025-02,0.7622582303273044
894378_2021-01,0.0613089400551051
19fa84_2024-01,0.9933708747536396
fd589c_2025-06,0.9295456923119496
259a19_2020-08,0.8504277227457875
3a13b3_2020-09,0.9240998902111488
b73bc7_2025-01,0.9783427821179936
6f5e2b_2016-07,0.0989337762951593
e361b7_2024-11,0.8856028173707179
fd589c_2024-07,0.962078269297006
e361b7_2022-07,0.6983436346672591
f1543b_2019-02,0.0222053844332919
3db670_2020-10,0.9787505410985092
6f5e2b_2016-10,0.1827153071604802
894378_2020-10,0.8322567680134981
e361b7_2021-07,0.916108461190914
e361b7_2024-08,0.8800949478456837
8ec563_2023-10,0.9932003418838408
19fa84_2021-08,0.5073067683433369
fd589c_2024-04,0.9892052235041452
e4bc80_2023-12,0.8119230676610795
74b7d1_2025-06,0.6710450236467532
74b7d1_2025-08,0.927527613457854
c5816f_2021-10,0.6301551861738727
e361b7_2025-03,0.9357921900107756
439fde_2023-12,0.4570801084795047
fd589c_2021-03,0.9800976597825102
fd589c_2023-01,0.8696733148348893
fd589c_2025-07,0.9286458848120972
e361b7_2022-03,0.8488514143971782
e2e0ce_2024-01,0.94426219792661
c5816f_2021-02,0.5560745193475817
19fa84_2023-08,0.6303140790584482
fd589c_2022-05,0.1061520774663095
e361b7_2024-07,0.995420706936774
e4bc80_2025-03,0.9819606066583576
fd589c_2022-08,0.1218454207242751
429b22_2025-01,0.0196773065512015
77e86b_2024-11,0.9196024717061816
8ec563_2019-08,0.5597103252607593
60b690_2025-08,0.4423537998214026
8ec563_2023-05,0.9935698714081918
e361b7_2023-03,0.848872528559848
894378_2022-01,0.026234277024761
894378_2024-05,0.9924814726983424
0874ee_2021-04,0.8384946121335962
60b690_2025-07,0.3430486480348316
c5816f_2022-02,0.2102932075315131
29849f_2016-05,0.2442335387393519
c3a69f_2021-08,0.9666938210474552
894378_2023-02,0.727536800712199
fd589c_2025-05,0.9729003923669062
e361b7_2021-06,0.9604221392923932
7bf5c9_2023-07,0.9670811691309688
7bf5c9_2025-03,0.6719680706692648
3db670_2020-06,0.9668883833336072
fd589c_2022-01,0.118355922714422
e4bc80_2024-01,0.8962815133855655
e361b7_2021-10,0.0527277552669903
e4bc80_2019-07,0.6651197829821657
f461d4_2024-12,0.8969225106343123
9b3bd5_2025-08,0.3090358644741326
c5816f_2021-08,0.9285428998132932
c5816f_2023-01,0.7670282045214578
e4bc80_2021-01,0.7154722162953966
894378_2019-10,0.0121060948551032
fd589c_2019-11,0.1116975541049746
fd589c_2023-10,0.9483541159060124
e361b7_2022-09,0.6334879671132024
f1543b_2015-01,0.0169360940383535
439fde_2018-01,0.0344169084817982
8ec563_2021-07,0.3816420288238438
19fa84_2024-12,0.9489946480353928
e4bc80_2021-09,0.0315973254549846
d59611_2015-10,0.2084463183774097
cd0e60_2020-06,0.3228711274951796
14fe3a_2016-12,0.0679281773845669
88a9a6_2016-01,0.1215690536371726
bf6f0d_2020-03,0.9550689664071794
db4cd8_2015-06,0.2933634119665582
d59611_2018-11,0.2314519120620523
14fe3a_2018-09,0.4028712002012973
bf6f0d_2021-11,0.975701095359254
77e86b_2023-08,0.8741819794765979
77b3b9_2016-10,0.4384987386033885
14fe3a_2016-11,0.2363172935594242
bf6f0d_2020-02,0.9741386558658592
d59611_2017-10,0.0756781591600645
cd0e60_2022-02,0.1528077604359434
77e86b_2023-12,0.8601837661754566
7aa803_2015-08,0.0317545723020471
bf6f0d_2020-01,0.9371439536194704
74b7d1_2022-12,0.4892469451911973
bf6f0d_2024-11,0.3387052611261668
b0ff51_2015-10,0.2863509760826689
74b7d1_2024-01,0.2234996833846784
bf6f0d_2014-12,0.0410325649729593
bf6f0d_2023-11,0.9887287830577206
259a19_2017-10,0.1486135547797051
d59611_2017-09,0.1044664849037718
14fe3a_2015-12,0.0515369519773741
cd0e60_2022-04,0.0224859075091328
cd0e60_2020-03,0.1508750009954304
77e86b_2023-11,0.9041300860584158
74b7d1_2025-07,0.6363441272685474
cd0e60_2019-11,0.0176819361704783
c5df88_2015-04,0.0243980100039873
c5df88_2019-05,0.0586468848542517
2ab8ad_2015-06,0.0198876498964513
f1543b_2015-06,0.0383801844468389
f1543b_2021-10,0.5385011686052815
c5df88_2019-04,0.0634455634253547
88a9a6_2025-04,0.995726979622884
88a9a6_2019-07,0.0273888022315826
f1543b_2020-06,0.6575269929789817
293190_2019-02,0.0781865895192516
74fb1f_2020-01,0.6018380679337957
88a9a6_2022-11,0.6142648986784829
f1543b_2020-05,0.8053725863598246
f1543b_2023-11,0.970714571350892
022433_2022-03,0.3680085008433968
7aa803_2020-08,0.9152967310097476
022433_2023-06,0.0660319223247315
293190_2023-04,0.8423277605591988
e2e0ce_2020-03,0.7272774597918382
022433_2021-04,0.054898548393877
f1543b_2023-06,0.9746209832623712
7aa803_2022-11,0.6635936673462288
c580aa_2019-02,0.4916216653591538
f1543b_2015-05,0.0083085422627606
88a9a6_2018-06,0.0472790511519124
c5df88_2019-07,0.7538495573958315
f1543b_2024-09,0.9506270074768616
74fb1f_2021-11,0.9779109159826423
7bf5c9_2024-05,0.9755265882626318
c5df88_2023-06,0.7267652186112973
74fb1f_2022-03,0.81768679932369
7aa803_2024-12,0.9973381385701678
74fb1f_2017-04,0.3875199031798244
7bf5c9_2022-03,0.9038388823638374
f1543b_2016-11,0.0189785544180304
9b46ed_2021-04,0.7128954826267213
7bf5c9_2015-06,0.0080615069030325
022433_2023-11,0.040621021182862
9b46ed_2023-03,0.7265632760579103
c3a69f_2014-12,0.0709787557578433
34889b_2022-01,0.2918444710032875
77e86b_2018-02,0.0372038419312361
94f933_2024-04,0.1599474836662515
18defd_2015-04,0.015100461492327
77e86b_2023-09,0.9941437723022852
c3a69f_2014-10,0.0992267500576115
92dcdd_2021-01,0.1542206928662926
94f933_2025-03,0.0247192364636121
94f933_2024-11,0.5856689809520637
94f933_2025-01,0.0881258800702506
92dcdd_2021-03,0.0409311513430429
7bf5c9_2017-04,0.0439730423344274
c580aa_2024-10,0.9884754903363914
e2e0ce_2018-05,0.7936604086239634
c580aa_2025-08,0.995448811777759
e2e0ce_2018-04,0.5182759126637574
c580aa_2023-04,0.9849595082729564
e7a56d_2017-02,0.2908380884615261
e7a56d_2017-11,0.1192324492573662
98a151_2020-11,0.9737176347075768
60a0fd_2018-07,0.0784819656189989
60a0fd_2023-08,0.9591236562845936
7e646c_2024-06,0.244410348005269
60a0fd_2021-02,0.9645937660536368
77e86b_2019-04,0.4090938340794549
98a151_2024-01,0.9919041077617778
0874ee_2014-07,0.0294750275946048
e3af0e_2025-05,0.982062227411439
7e646c_2022-12,0.0286375453683922
6da35b_2024-05,0.0356527185922992
77e86b_2022-04,0.1111347689272651
e3af0e_2018-06,0.0434185870320651
7e646c_2025-01,0.1467824353805108
77e86b_2022-08,0.2882665300557738
7bf5c9_2022-11,0.8872406230415119
98a151_2017-12,0.2122459627317844
7e646c_2025-02,0.5568135473338399
74b7d1_2023-06,0.9528054670473172
829a72_2019-08,0.9521378848968248
98a151_2017-10,0.2690280867590791
7e646c_2023-07,0.0367376797262274
7bf5c9_2018-07,0.3348124510556806
98a151_2021-01,0.9710169539422356
829a72_2017-02,0.182993844658776
e3af0e_2019-04,0.283676877908514
e3af0e_2019-06,0.7067912926811545
98a151_2019-04,0.3385746911116408
77e86b_2019-07,0.0879432055026968
74b7d1_2022-07,0.4032732565642613
77e86b_2019-12,0.6318036982041155
74b7d1_2024-09,0.8638957107329579
7e646c_2023-04,0.057222976268358
e3af0e_2021-06,0.9981198288620218
6da35b_2025-06,0.2440959070020512
cd0e60_2021-04,0.6138849011848403
98a151_2019-05,0.7291773965263326
7bf5c9_2025-05,0.9989804690644578
829a72_2023-05,0.871826630107829
77e86b_2019-09,0.4235457239208319
7bf5c9_2017-08,0.244606228103793
3a13b3_2017-10,0.3678312039943744
18defd_2018-08,0.6162998639402778
375f2e_2023-01,0.9982539215234544
6224d0_2020-05,0.9985806074907296
7bf5c9_2017-05,0.0389809938280078
8d0588_2015-02,0.0909344970797092
8d0588_2022-01,0.9744109987452144
b59bc0_2022-03,0.9909410918421636
b0ff51_2017-12,0.5170758900012928
b0ff51_2024-12,0.9880567429114472
b59bc0_2021-08,0.9928217873802008
b0ff51_2017-02,0.9299327278672672
b0ff51_2016-08,0.8343804749904276
b0ff51_2020-02,0.974475496025459
0cecbd_2019-08,0.1228452556723564
8d0588_2017-06,0.1624236469934072
b59bc0_2025-08,0.9846541204827104
b59bc0_2023-10,0.9568852869556924
b59bc0_2024-07,0.9859299091242774
b59bc0_2020-11,0.9703754384507056
b59bc0_2023-08,0.7755486503953246
b0ff51_2014-09,0.1493860554840377
b0ff51_2016-06,0.0691545488755316
b0ff51_2021-12,0.9798250416652244
8d0588_2018-04,0.2135666165588436
b0ff51_2020-01,0.9924996542923814
b0ff51_2025-02,0.846198186054033
b59bc0_2018-07,0.9765104447504694
b59bc0_2021-09,0.9942145323136562
8d0588_2023-12,0.9548425798965088
b59bc0_2014-11,0.0739756714855748
8d0588_2025-06,0.9766199420655908
b0ff51_2014-07,0.4446847612802754
8d0588_2019-11,0.9081923934230606
8d0588_2020-02,0.9538653529057703
b0ff51_2023-01,0.9212700201119948
8d0588_2018-03,0.8639636960298034
8d0588_2019-10,0.7844652664660243
b0ff51_2016-01,0.0578870239567928
b0ff51_2022-08,0.9094998488360538
74b7d1_2023-09,0.925351944121423
b0ff51_2023-07,0.9809483205687508
b0ff51_2023-10,0.839811582036003
b0ff51_2024-05,0.9500420018803564
b59bc0_2017-01,0.8711941254332463
b0ff51_2017-04,0.9388890503365376
b0ff51_2025-03,0.8998385514739545
b59bc0_2024-12,0.9935378577297403
b0ff51_2022-04,0.8610496742477957
b59bc0_2019-02,0.9560892538636104
b59bc0_2021-11,0.9935910900044154
8d0588_2021-02,0.9604610812599386
b59bc0_2022-09,0.6294041767848993
b59bc0_2023-01,0.8993225210872854
8d0588_2018-05,0.611241143612316
8d0588_2022-05,0.833363883711821
b59bc0_2021-07,0.30404443837216
b59bc0_2024-06,0.8766396674699182
0cecbd_2019-03,0.1736837306689578
375f2e_2017-08,0.029745323969231
4718d7_2024-12,0.9915430558477422
b08ec1_2016-01,0.0209266991086334
3a13b3_2019-07,0.9632611257060008
5ecf9b_2023-03,0.3558156309069851
545d15_2022-02,0.5223938290018724
545d15_2023-12,0.9820341709729876
5ecf9b_2022-12,0.045439166385175
5ecf9b_2025-04,0.2744593059851331
545d15_2021-08,0.7670983496022383
545d15_2025-04,0.99291375109397
c580aa_2018-07,0.868436831342032
92dcdd_2018-10,0.118484217072774
545d15_2022-09,0.6182361231999703
545d15_2024-09,0.9924805107372
ab32d7_2025-07,0.7900905569916671
1b9e65_2015-10,0.0881532111579942
545d15_2024-06,0.993663546940198
77e86b_2016-05,0.3784918454832116
74b7d1_2019-12,0.8583630808835484
0ffc2d_2021-04,0.0193182341114599
829a72_2023-01,0.6685303649422258
8b98f3_2021-12,0.0119908624835443
74b7d1_2017-07,0.1914757555630813
ab32d7_2022-05,0.3012419059166609
8b98f3_2022-02,0.0584377169016325
948a11_2025-02,0.5827386712058249
b1de95_2015-05,0.0158351592307942
7bf5c9_2015-12,0.0818267923481981
175155_2020-07,0.9855474943628066
fb34b4_2024-02,0.2072004044477819
7bf5c9_2022-04,0.8330772016162022
5a0174_2017-04,0.0145620098652493
4718d7_2020-12,0.9782544578899668
06534f_2015-05,0.0550884947398519
e361b7_2014-06,0.0189002754565995
e361b7_2023-12,0.7686017322697946
3a13b3_2020-04,0.9186900194506168
e361b7_2018-11,0.7820832203297006
c5816f_2018-06,0.1151707712962401
8ec563_2015-02,0.079553600531402
e4bc80_2017-04,0.1583558838626244
3a13b3_2025-04,0.9922085879620194
531356_2023-02,0.987740518417888
e4bc80_2020-09,0.7024118795382366
894378_2017-04,0.0943693245641925
894378_2019-04,0.22762754235836
3a13b3_2016-09,0.0289517038912502
b1de95_2020-07,0.828798143050985
fd589c_2015-04,0.1115968174711076
894378_2025-02,0.9286117902854564
c5816f_2014-10,0.0072608968537614
531356_2017-11,0.2556971983821229
06534f_2015-06,0.0897669107464059
c5816f_2022-10,0.5307579758589046
8ec563_2016-08,0.3334232964550055
06534f_2015-01,0.0058043964928234
c5816f_2014-05,0.0401092671810564
3db670_2024-02,0.9852673436905868
06534f_2021-08,0.6304668672369265
e361b7_2017-07,0.1043020890617594
3a13b3_2016-06,0.1922803670415053
b73bc7_2023-04,0.9896140146449665
06534f_2014-09,0.0490491885670803
c580aa_2024-04,0.9941805993143444
c5816f_2018-04,0.160404429037144
3db670_2024-06,0.981552021133924
b1de95_2024-10,0.9803718310936174
e4bc80_2018-03,0.1573796202581898
e4bc80_2020-03,0.952953768250054
8ec563_2018-04,0.0893577448086898
8ec563_2022-01,0.5839938634196455
3a13b3_2024-05,0.9974898914465782
fd589c_2018-02,0.0995620970238762
8ec563_2019-02,0.4619281530040646
06534f_2020-06,0.9032342583165258
c5816f_2015-02,0.1201285290188302
19fa84_2018-01,0.1103497264118147
3a13b3_2020-12,0.8194247406688635
b73bc7_2025-09,0.9973545919211328
c5816f_2019-03,0.2696377568911607
06534f_2015-02,0.1149235003938117
c580aa_2016-05,0.1138767908615529
19fa84_2021-06,0.8946932412512564
b73bc7_2021-09,0.9314208995911208
c580aa_2020-10,0.862022220248231
e361b7_2023-01,0.7716218696915255
c5816f_2025-06,0.9332315354146504
8ec563_2022-08,0.5118249076892737
06534f_2016-02,0.4146053342715942
c580aa_2025-07,0.9984303977986864
b1de95_2020-12,0.537638523838613
1bdb97_2025-04,0.0184269963381824
c3a69f_2018-06,0.0388116771968579
c3a69f_2021-04,0.9212693734082782
db5006_2017-03,0.3910472519663192
439fde_2019-01,0.0271295353783581
5a0174_2018-06,0.0819194373288491
98a151_2017-03,0.0620532666986441
5a0174_2014-12,0.0275789523892058
5a0174_2015-02,0.0063165547948288
259a19_2016-12,0.2363503239719993
98a151_2015-08,0.1276457792683805
db4cd8_2018-07,0.6478012382798032
8005b9_2025-09,0.9823178683201744
c5df88_2017-05,0.0371710403522439
4718d7_2020-04,0.9889477341333288
531356_2018-10,0.3208830427410661
8005b9_2020-04,0.9700734193468032
1b9e65_2018-11,0.546177190606201
18defd_2022-12,0.9365545683276958
439fde_2020-05,0.9787064439578296
14fe3a_2021-05,0.8764574416651914
74fb1f_2018-03,0.8992136914456796
e2e0ce_2018-03,0.1711089628133504
d59611_2015-06,0.10474080104449
0874ee_2018-08,0.0423851304194683
f4604d_2021-12,0.9055192569279058
18defd_2017-10,0.332704176549079
531356_2022-02,0.9605598157109244
d59611_2015-05,0.1520192862480009
c48018_2017-07,0.1317306159451416
3db670_2017-06,0.7062161369484048
e7a56d_2017-09,0.0478385600419401
c48018_2018-09,0.1988756760114967
18defd_2021-01,0.5925728462309479
c48018_2021-03,0.6531807273534477
e60b65_2016-04,0.4270768683256229
fc2511_2025-08,0.0640329173837661
e7a56d_2020-05,0.938618096090106
c48018_2015-05,0.0800693833141056
18defd_2016-07,0.0309305741443192
259a19_2017-08,0.0638770041793944
3a13b3_2022-12,0.9871718026622994
c580aa_2015-08,0.2501903577620867
c3a69f_2015-02,0.0819110600619603
60a0fd_2020-04,0.9175805126708751
f461d4_2016-09,0.0090996588099592
60a0fd_2016-06,0.0498320025223615
b59bc0_2016-04,0.0992362611102144
6f5e2b_2017-08,0.0426947819439213
83894c_2022-05,0.1933553152908585
b08ec1_2020-10,0.9486145114997884
99c11c_2022-02,0.7256779776580603
f461d4_2017-01,0.3985187573335909
e3af0e_2015-05,0.0143886520845662
98a151_2017-06,0.0189186847262072
e361b7_2017-04,0.4030258553236851
4718d7_2021-07,0.9947280064392516
f461d4_2016-02,0.0206186611234539
9b46ed_2017-05,0.4951508020143655
60a0fd_2016-07,0.0696636975215806
e3af0e_2016-10,0.0182832426109464
5a0174_2018-07,0.2091286059267801
8fabe0_2016-08,0.0111956176247047
f461d4_2017-05,0.3368628840199577
e3af0e_2016-07,0.0826092204506166
f4604d_2015-07,0.0203165568056029
99c11c_2020-09,0.0100582258726294
8ec563_2017-07,0.2074223173515871
f461d4_2020-05,0.9808931722938476
98a151_2016-10,0.0111275455528283
829a72_2021-08,0.8544757083922523
fb34b4_2024-04,0.10698529025965
5a0174_2020-05,0.9901838765523086
6f5e2b_2018-11,0.8068251954006329
83894c_2021-02,0.7832265164774399
5a0174_2016-04,0.0280218695825095
8fabe0_2016-09,0.0401980662631634
8ec563_2017-06,0.1316236539428399
9af74c_2015-05,0.0804996571943215
e361b7_2017-12,0.0452298992755669
6f5e2b_2015-09,0.3839670628883249
f1543b_2015-12,0.2308461514853071
77c35f_2022-08,0.3182023915168614
fd589c_2017-07,0.0920156002704585
6f5e2b_2015-07,0.1184186316970955
19fa84_2018-11,0.2021193851163805
77c35f_2022-12,0.0988044558416082
9cf1af_2022-06,0.4416401977254
d86999_2024-02,0.7893707726719895
77c35f_2023-05,0.2880223171625392
e361b7_2016-10,0.4685135138656964
77c35f_2023-07,0.1081698696809075
9cf1af_2022-02,0.2350229750020714
6f5e2b_2015-08,0.2780800604191812
302d40_2022-08,0.1713876383512972
db5006_2018-10,0.680342848049026
29849f_2016-06,0.1798761393438617
8fabe0_2015-09,0.1118557396004751
948a11_2024-01,0.5345218392551957
439fde_2020-02,0.3671539493464421
c3a69f_2019-09,0.5833945978684952
829a72_2020-05,0.96833311337888
98a151_2020-05,0.960839411283776
439fde_2024-02,0.3229732996412645
8b98f3_2025-05,0.6135952520935261
e3af0e_2020-08,0.9817380037564524
b1de95_2017-01,0.0952963292369437
8b98f3_2024-01,0.0345500345804064
bc4c03_2021-05,0.9923733969666888
fc77d0_2018-10,0.8480702618291992
9af74c_2016-06,0.1312810925516846
987bc1_2018-08,0.5900884875001864
375f2e_2017-10,0.0371710954064893
1822ea_2017-12,0.535932714610943
9af74c_2017-02,0.16562978839514
9af74c_2017-11,0.4170655160451719
375f2e_2017-03,0.1422579915755011
9af74c_2017-12,0.0764988108920901
439fde_2017-05,0.6625513784183097
99c11c_2023-01,0.255593447169808
c3a69f_2022-05,0.975690608490139
87cfea_2024-09,0.8841595975595105
83894c_2021-04,0.5961944060082865
c3a69f_2017-08,0.0989720985907811
83894c_2021-03,0.5033046822321176
99c11c_2022-12,0.1221319039539972
439fde_2021-10,0.953044124922363
c3a69f_2019-07,0.3209982830822535
83894c_2019-11,0.0100401927378733
87cfea_2019-11,0.0021663333998869
99c11c_2023-02,0.1152792310298457
439fde_2020-07,0.970679267963808
c3a69f_2016-09,0.0415839034149049
99c11c_2021-12,0.0720499256491588
c3a69f_2018-07,0.0943040988283158
83894c_2021-11,0.4069090554451233
87cfea_2024-03,0.9940652894817518
83894c_2018-12,0.0162271312923407
439fde_2017-08,0.0970551004561978
77e86b_2017-09,0.059818246740659
c3a69f_2020-07,0.952160136046236
99c11c_2021-07,0.9551548984086672
87cfea_2024-12,0.1712485434483472
439fde_2022-05,0.985097970872536
99c11c_2016-05,0.044067508341481
99c11c_2021-08,0.4511715131676188
99c11c_2024-12,0.9831639859762348
e60b65_2017-05,0.0866993523671794
6838b9_2021-02,0.0208434030412642
987bc1_2017-07,0.0210865609205011
34889b_2015-08,0.6412881941486602
83894c_2020-02,0.1562400014534608
29849f_2021-04,0.994441407013086
fb34b4_2024-03,0.4261127704302922
29849f_2020-08,0.8836125020827754
90abb1_2017-10,0.0277698656926875
7aa803_2016-05,0.2386976613549984
c3a69f_2015-11,0.2254590222231849
f4604d_2015-10,0.0362563216620815
175155_2021-01,0.9113814485410978
0cecbd_2017-07,0.0128182255673795
29849f_2021-12,0.9911464386322468
9b46ed_2020-08,0.978811560898014
0cecbd_2015-04,0.0262894539357618
e60b65_2015-06,0.163158163782979
7aa803_2017-08,0.1599895653272566
f4604d_2018-08,0.168674339231002
29849f_2022-02,0.9918767528011666
4fb2d3_2015-11,0.1133425632964304
bf6f0d_2014-04,0.181397361503717
9b46ed_2021-09,0.9593935678470948
b1de95_2021-03,0.896816359138219
b1de95_2021-06,0.8869473589626159
f500c5_2018-09,0.2706853020064991
88a9a6_2017-08,0.3585618263748713
b73bc7_2022-03,0.9647582715273776
c580aa_2022-07,0.9876063751717912
3a13b3_2022-11,0.9916810105873574
c580aa_2020-11,0.8215929552915541
c580aa_2022-02,0.9531197609175808
a42d13_2016-11,0.5938751398727439
b73bc7_2023-11,0.934596573605252
f500c5_2018-08,0.230571078502674
b73bc7_2022-06,0.9624638626213188
c580aa_2025-09,0.9947098721789048
439fde_2017-10,0.3938534161823481
19fa84_2017-05,0.4508127897583583
c580aa_2021-12,0.8622736116446402
3db670_2021-05,0.987413097566608
88a9a6_2017-10,0.19708802337848
b73bc7_2018-08,0.8378586919651468
3db670_2016-12,0.6511904620022796
b73bc7_2024-02,0.9669083664968464
8d0588_2015-10,0.0913598301652429
8d0588_2016-03,0.0530380487678018
af81b0_2018-07,0.5122507904624729
74b7d1_2018-08,0.0316688189119728
77e86b_2020-04,0.891529890179818
74b7d1_2016-01,0.0118333105444103
83894c_2019-06,0.0308415729608336
74b7d1_2016-06,0.0231282782159197
7bf5c9_2016-03,0.0360774736937971
2ed4f9_2025-03,0.0355509179980851
0cecbd_2018-09,0.2461269190993138
77e86b_2021-08,0.9287176391751422
439fde_2018-11,0.3215115182216601
6224d0_2016-08,0.3610535012676353
83894c_2023-02,0.7698784391314193
83894c_2023-10,0.8651739079795682
fc77d0_2018-11,0.6150052471481465
e60b65_2017-07,0.2295179970357593
06534f_2017-09,0.8839063455089128
e3af0e_2018-11,0.408428918828895
e2314a_2021-02,0.8977919465962696
83894c_2023-01,0.7622687675088042
87cfea_2018-06,0.3450311346288038
439fde_2018-08,0.3399574913985342
531356_2016-04,0.1177333813708515
b416b1_2016-05,0.1634784056743172
af81b0_2015-12,0.027225024274032
375f2e_2020-05,0.9537989600055408
af81b0_2017-01,0.0224364759768461
af81b0_2020-05,0.1463336230013965
b416b1_2015-12,0.0201608831456937
88a9a6_2015-06,0.0068392709018154
74fb1f_2015-12,0.1720962145245392
cd0e60_2023-08,0.0737153782972891
c3a69f_2017-01,0.0208987891753782
cd0e60_2023-11,0.5385667014483767
cd0e60_2024-10,0.8460871230661728
8005b9_2016-06,0.7514081398457629
c0f884_2025-09,0.7237940966179287
34889b_2021-01,0.533561476585854
175155_2016-07,0.0424368213170895
34889b_2021-02,0.6463051253292231
531356_2016-11,0.1065712609020943
894378_2017-05,0.0902348812815759
439fde_2015-11,0.0255723068966934
77b3b9_2015-11,0.0431045652338594
894378_2017-07,0.2121904007833787
c5816f_2015-05,0.0237728257094638
bf6f0d_2015-05,0.2162057296848017
98a151_2018-11,0.6006684879481032
b416b1_2015-05,0.1119156688936077
6838b9_2025-09,0.9910259258061253
b416b1_2017-12,0.5770684228158244
0874ee_2016-10,0.9198362309252764
5a0174_2017-10,0.0435181035870301
175155_2015-08,0.3367607835062649
dc4b5e_2021-09,0.933862371911217
a25664_2016-01,0.0178807814848186
2ab8ad_2016-05,0.1557520308224123
34889b_2018-07,0.7840118457640921
9b46ed_2016-07,0.1596153239526957
2ab8ad_2017-09,0.3986397751172477
7aa803_2016-11,0.0294542120391331
2ab8ad_2016-03,0.0732359619450344
34889b_2020-04,0.9869466033413756
dc4b5e_2021-07,0.9359943405747232
8005b9_2015-08,0.0138667435725426
2ab8ad_2016-04,0.038748809349886
8005b9_2015-07,0.0088817540129848
b08ec1_2020-12,0.8668846249607574
9b46ed_2016-08,0.1516343848877141
dc4b5e_2020-11,0.9605315243578034
293190_2017-11,0.227949105598609
dc4b5e_2021-03,0.9345605922350544
99c11c_2018-11,0.0188268364199036
99c11c_2019-01,0.0174504405271866
83894c_2017-07,0.0131746064742992
a97df3_2020-11,0.4482622173038449
a97df3_2021-02,0.3774212487194925
83894c_2017-11,0.0813457866761754
99c11c_2025-01,0.9702354075015855
3a13b3_2018-10,0.8413034652335704
af81b0_2017-09,0.1438954274375891
0cecbd_2016-10,0.2950952817683502
99c11c_2019-02,0.0154074422853731
a97df3_2021-04,0.4894862616732095
0cecbd_2016-06,0.2122373820719677
3a13b3_2021-05,0.9848591134942194
894378_2018-07,0.2293151827476483
e7a56d_2015-11,0.1680608964185843
af81b0_2021-07,0.9941779332397582
af81b0_2020-11,0.9867980759455212
af81b0_2021-04,0.9906680456728444
af81b0_2021-10,0.9948009048827297
e2e0ce_2015-09,0.0591305506309415
74fb1f_2016-08,0.4783360503834895
88a9a6_2016-11,0.0503001213963973
c5df88_2016-10,0.0457003894230972
e2e0ce_2015-10,0.1207342238117486
c5df88_2016-11,0.0315121916298083
9f1aa0_2015-06,0.8247179025539817
e361b7_2018-08,0.5815886872671662
8ec563_2017-05,0.1362679555055003
db5006_2016-01,0.2110503342600991
19fa84_2016-10,0.0425655200971162
e4bc80_2020-07,0.97672675199501
8ec563_2017-03,0.1174435247156557
894378_2017-01,0.0862714047522579
894378_2020-04,0.8327209911335354
894378_2015-07,0.0202977398066529
e4bc80_2020-06,0.9761324372485658
894378_2016-10,0.118506611321586
e361b7_2016-04,0.144979164831395
1698cf_2016-02,0.230356435511225
19fa84_2016-03,0.1456578683426826
fd589c_2016-12,0.0658102006173129
1698cf_2016-01,0.1874591272211896
e361b7_2017-03,0.2679412758312071
894378_2015-09,0.0356862615653377
fd589c_2017-11,0.2964175018554835
e4bc80_2017-09,0.2573368018732522
c5816f_2015-09,0.0547464764573206
19fa84_2016-12,0.0353350910516107
f461d4_2018-11,0.3838756503028962
fd589c_2016-08,0.0721939901821148
8ec563_2018-08,0.3308593421286565
8d0588_2015-06,0.0748922483218067
b59bc0_2016-11,0.9012720545144888
94f933_2025-09,0.9205165752116116
83894c_2017-01,0.0120242187552346
a42d13_2022-05,0.9925109078543608
a42d13_2019-09,0.9543833621501824
a42d13_2020-11,0.986649629174556
a42d13_2021-02,0.9861887431058118
c48018_2016-01,0.1310135339881153
a42d13_2020-06,0.9833217796176984
a42d13_2019-08,0.947074492132491
a42d13_2020-07,0.9811527334676028
fb34b4_2022-09,0.0334900614344857
db5006_2016-09,0.4550108199874577
6224d0_2025-09,0.994122670536058
531356_2016-09,0.1942622649622111
0cecbd_2017-09,0.0896253655630422
0cecbd_2021-09,0.9513919092085802
7aa803_2017-03,0.0474321421936279
531356_2016-02,0.5234601377879856
bc4c03_2016-12,0.2774930472575093
99c11c_2017-11,0.0218515747553982
f4604d_2020-02,0.9784891489371952
531356_2020-05,0.979443328714693
29849f_2016-01,0.2722920051865189
531356_2017-09,0.0396294514187786
db5006_2021-08,0.991731340325244
531356_2017-08,0.0338459547174775
db5006_2018-08,0.4448477972893135
1b9e65_2016-02,0.3540345973880372
c5df88_2024-07,0.978990018977946
293190_2025-04,0.9820524515440678
b08ec1_2016-11,0.0196015016572849
293190_2026-03,0.9840323447880472
74fb1f_2017-03,0.0952876981496405
293190_2026-01,0.9840323447880472
c5df88_2025-12,0.9787742555129392
74fb1f_2016-11,0.0540527412284139
a25664_2017-07,0.1077895608861702
2ab8ad_2025-05,0.9858968087236922
7aa803_2015-05,0.011115632915548
c5df88_2024-02,0.9829687994345264
f4604d_2020-09,0.4111980798558635
1996b0_2023-09,0.0314943527931105
1996b0_2024-01,0.0605705985758286
1996b0_2023-02,0.0738239556820148
06534f_2016-08,0.1662292245997886
7a007d_2016-02,0.1424626547375237
7a007d_2021-11,0.8153057445711235
7a007d_2022-06,0.9049088382732569
7a007d_2021-01,0.2880095743638539
7a007d_2022-12,0.969969236351869
7a007d_2020-04,0.1555728147796529
7a007d_2016-01,0.1473854259609892
7a007d_2023-05,0.9704253448472682
90abb1_2020-06,0.9943172862231948
74b7d1_2016-12,0.0123688522893644
b08ec1_2015-07,0.3968597780500776
7a007d_2020-03,0.1274193220178426
7a007d_2022-11,0.9603498867963832
b0ff51_2020-04,0.9862950607981976
8d0588_2017-12,0.696733728673238
fb34b4_2023-02,0.0469151659459286
4fb2d3_2020-06,0.9763375464676418
fd589c_2020-11,0.9481518888497718
439fde_2015-06,0.0459691374057048
439fde_2015-05,0.0681984408200611
fd589c_2020-06,0.9504652783309856
2ab8ad_2015-10,0.0103954693912133
439fde_2015-10,0.0440187171208894
d59611_2020-05,0.9960328835774596
987bc1_2016-02,0.0082516553565911
6c1954_2021-04,0.5907992097756758
34889b_2017-01,0.1583826269463162
db4cd8_2020-06,0.9959247348394428
db4cd8_2015-07,0.1702652606604832
6c1954_2020-05,0.3132080889603051
6c1954_2021-02,0.5696247472239178
77e86b_2022-11,0.943686470019904
1b9e65_2020-03,0.7324368487565374
5ecf9b_2023-10,0.0648302440879381
439fde_2024-10,0.7221230153622626
77e86b_2023-05,0.9075602953563414
c3a69f_2024-02,0.7124427915614052
1b9e65_2020-01,0.5683962452856531
5ecf9b_2023-08,0.8830229738862948
2ed4f9_2025-08,0.025828770964366
94f933_2023-11,0.0389680916118357
c3a69f_2025-01,0.5495817798163193
439fde_2018-05,0.7030335853368777
c3a69f_2024-09,0.844878767538057
77e86b_2024-03,0.9187644653951472
74b7d1_2023-07,0.8109195611695328
74b7d1_2023-08,0.3893598728109252
c3a69f_2024-06,0.7764202186920799
77e86b_2025-07,0.9190111519938992
77e86b_2020-02,0.5866634342107258
439fde_2025-06,0.9255428070917284
77e86b_2015-03,0.0209465554219646
c3a69f_2024-08,0.8048254232127166
439fde_2014-11,0.0767863120250532
439fde_2025-04,0.8931847846031997
77e86b_2014-09,0.0081184351724277
77e86b_2024-05,0.8905866101810921
77e86b_2014-12,0.0060445475741302
94f933_2024-12,0.0549852440458063
9befc8_2022-07,0.6776832185681313
d86999_2018-03,0.0817178149880654
d86999_2018-11,0.0465776089516789
8bd3ce_2016-08,0.9452475701110232
b26809_2020-05,0.9887107001070916
b08ec1_2024-10,0.3209241225596858
4fb2d3_2021-12,0.9801692608431872
a25664_2025-06,0.977391200951138
2ab8ad_2015-03,0.0303091818472678
7aa803_2018-02,0.1158103175338887
88a9a6_2016-08,0.0240147456891542
9b46ed_2019-03,0.6089920882848212
d86999_2016-10,0.2027726994454123
fc9334_2017-11,0.0049396656868976
b08ec1_2025-03,0.4251975554534803
293190_2014-10,0.0118974822957789
293190_2023-10,0.8656411189548239
74fb1f_2025-08,0.8252914852896014
8e41cf_2018-07,0.0503317252606637
fc9334_2019-06,0.4115508269493892
8e41cf_2024-02,0.0956626190109395
9af74c_2021-08,0.8530196912622459
e2e0ce_2021-01,0.9888295758460744
74fb1f_2016-02,0.1650438620118881
74fb1f_2023-02,0.9429161718075008
7aa803_2022-12,0.5147184787771746
7aa803_2025-08,0.9814772858035492
e3af0e_2025-01,0.9956059250564367
e427f8_2025-02,0.0458686094089902
e3af0e_2019-01,0.4223423891733279
d86999_2021-05,0.9785254467354564
fc9334_2015-11,0.0088295611423624
fc9334_2020-10,0.9901687788413308
8e41cf_2020-06,0.9759646660650898
a25664_2024-04,0.917542792345899
293190_2019-03,0.1815435562280041
74fb1f_2023-05,0.8587980976077162
7aa803_2023-04,0.8675296392388425
0f9e86_2022-09,0.5300243351732389
bfbeef_2016-11,0.1034449796858073
bfbeef_2022-04,0.1915478476136181
dbb709_2023-07,0.5656545906795014
9cf1af_2025-05,0.9529072065680858
e427f8_2024-04,0.8687789077679049
60a0fd_2025-07,0.9705728245555028
d86999_2019-06,0.4951995646169783
d86999_2020-12,0.8624159327895594
6c1954_2021-12,0.1451985201561428
fc9334_2020-01,0.1288060256777251
8bd3ce_2022-05,0.429120653319243
b08ec1_2019-08,0.4713301888501088
265164_2024-04,0.0100710173813223
e2e0ce_2015-08,0.055858307234083
e2e0ce_2024-07,0.7405578833956672
2ab8ad_2021-03,0.515006301810124
98a151_2017-05,0.059263677973857
98a151_2021-11,0.9653801217647416
d86999_2017-01,0.0264766924911231
d86999_2021-11,0.9403230509064898
8e41cf_2024-10,0.9979182425144496
6f5e2b_2016-05,0.1423617180631846
2ab8ad_2024-08,0.8044400113613316
88a9a6_2022-04,0.3874783738801
9befc8_2022-08,0.9836166304285244
98a151_2024-11,0.997477012864154
d86999_2015-04,0.300216149998217
fc9334_2016-08,0.0580138850178232
8fb6f0_2015-10,0.0798561816785358
9af74c_2023-08,0.9037141550469916
6224d0_2022-02,0.9153638969798936
175155_2019-12,0.9875427758530404
88a9a6_2017-12,0.0445492891380719
9b46ed_2017-02,0.2409968667488842
829a72_2024-04,0.9362703167506888
e427f8_2025-08,0.1296111960395813
b26809_2020-02,0.6580310016611098
fc9334_2023-08,0.5658639665374826
8e41cf_2015-08,0.1549732689759929
8e41cf_2025-07,0.9651882671706138
4fb2d3_2015-02,0.0139280622371209
bc4c03_2022-02,0.2227960960048597
829a72_2025-07,0.9858046552924676
9befc8_2024-02,0.4866057897840345
8bd3ce_2022-10,0.1440373029084911
9cf1af_2024-03,0.349366196971697
9cf1af_2024-12,0.8911040075710406
fc9334_2020-12,0.0454291216772062
fc9334_2024-08,0.790723108617039
8bd3ce_2021-07,0.1053083547358495
8e41cf_2025-01,0.5031049484244118
4718d7_2019-07,0.9917897568472096
74fb1f_2021-05,0.9663295569390824
7aa803_2014-09,0.0367296536664791
3db670_2015-02,0.0100110648642202
9b46ed_2018-03,0.1480854583250589
bfbeef_2018-11,0.0515406537495194
98a151_2023-03,0.9843902697832776
8bd3ce_2017-01,0.0867088384698728
8bd3ce_2019-05,0.3598503487950857
8e41cf_2021-02,0.222042242723712
2ab8ad_2024-11,0.5217193656040852
c5df88_2023-03,0.9635308471412252
88a9a6_2021-08,0.5430752945201202
60a0fd_2019-07,0.778388248367049
780a0b_2016-02,0.1195093215994139
fc9334_2024-12,0.5390107489665764
8fb6f0_2025-02,0.1654929442750078
b26809_2014-03,0.0053576036832365
b26809_2016-03,0.058891509284525
b26809_2016-10,0.0209663182790212
fc77d0_2020-10,0.98855655579261
4718d7_2019-03,0.6638793496795559
bc4c03_2022-09,0.8038673166665545
db4cd8_2019-04,0.0917414311807542
74fb1f_2021-03,0.4815885246195603
9b46ed_2014-12,0.0162379199332412
11f0e3_2025-05,0.4111181149690292
bfbeef_2024-07,0.9143504189881064
829a72_2023-08,0.9838307452782402
9cf1af_2023-06,0.3753623693137083
d86999_2014-09,0.4047241394684382
8bd3ce_2019-06,0.4028975772648629
9af74c_2022-07,0.8633119024341892
4fb2d3_2023-10,0.96801336656456
f25ffe_2023-09,0.0257188789564691
6224d0_2019-06,0.9165490058050122
293190_2022-02,0.2610412302231299
293190_2022-12,0.8190803524921515
e2e0ce_2024-08,0.9807670746329692
74fb1f_2017-09,0.0662226722357384
dc4b5e_2024-03,0.6146602914756852
77c35f_2025-03,0.4460617721569223
8bd3ce_2018-09,0.0554360584867022
9cf1af_2024-11,0.512455478488859
e427f8_2022-01,0.3438473776898988
e3af0e_2024-05,0.9183860621969684
8bd3ce_2020-11,0.3430231470144069
34889b_2024-11,0.286993831300783
259a19_2020-02,0.3761452383378585
a25664_2015-02,0.0164791517424994
e2e0ce_2017-02,0.2762167843128401
2ab8ad_2017-05,0.5298280528587952
c5df88_2016-05,0.5199862898237522
88a9a6_2016-02,0.0697303594720817
9b46ed_2024-12,0.9025834896553078
11f0e3_2024-07,0.8172822272836493
293190_2015-11,0.8785655519689913
9cf1af_2022-08,0.1166749505212078
fc9334_2025-03,0.1046974743021103
8bd3ce_2023-04,0.2456429653666356
4fb2d3_2019-03,0.200801996536547
a42d13_2025-05,0.9832927754777177
c5df88_2015-10,0.3709588140223337
74fb1f_2017-10,0.0651604712345322
88a9a6_2022-06,0.1386836068667906
9cf1af_2023-05,0.6998093729152569
98a151_2022-10,0.702228802137374
829a72_2018-06,0.0381819449161344
e427f8_2024-11,0.7424237567470338
60a0fd_2019-03,0.0587166278851904
e3af0e_2022-08,0.6031960200326928
e3af0e_2024-02,0.9665620807277224
e3af0e_2024-03,0.9507451774859356
d86999_2018-01,0.3151092833484368
8bd3ce_2022-08,0.7375615279458329
8e41cf_2015-01,0.0067572651957363
34889b_2018-06,0.3474066453046595
6224d0_2023-08,0.9793930731226196
88a9a6_2015-03,0.0518216276904094
302d40_2023-09,0.500806002800454
302d40_2023-11,0.8561799158967525
829a72_2025-03,0.9931629325655096
302d40_2024-07,0.2967574016052678
d86999_2025-01,0.9301186904655
d59611_2023-01,0.9649196842632634
8fb6f0_2021-08,0.9849991332490134
8e41cf_2025-04,0.1887628652446889
b26809_2022-01,0.2044360176032892
f25ffe_2024-01,0.0246973422227255
1698cf_2019-03,0.3430353639281964
175155_2021-07,0.996442180902142
2ab8ad_2021-01,0.6712310391819862
7aa803_2023-10,0.8165249223040758
e7a56d_2014-07,0.0055255139350908
e427f8_2023-07,0.4974615195210354
829a72_2018-12,0.2770573553590861
8e41cf_2016-02,0.0852476742007864
d86999_2021-08,0.5918349188658443
d86999_2023-06,0.9454988867801324
b26809_2016-08,0.1294432953021708
fc9334_2019-05,0.428753958808257
8e41cf_2022-12,0.3192803572536669
731908_2024-06,0.5196740766226643
11f0e3_2024-12,0.2142664799996801
0e8d73_2025-04,0.0243734945585304
bc4c03_2019-09,0.4075383826507427
9b3bd5_2025-03,0.0683189159522815
9b46ed_2015-04,0.0439144320032212
fc9334_2016-06,0.0649932401057112
e427f8_2024-01,0.1033367618656836
bfbeef_2020-01,0.1575398435132199
dbb709_2023-01,0.0996138974247477
60a0fd_2021-12,0.9409849668504868
302d40_2025-07,0.4380133693440263
8e41cf_2021-04,0.0695825436465701
b08ec1_2022-06,0.0569725304253299
fc77d0_2024-02,0.93942760045478
f461d4_2017-07,0.3116290060105417
bc4c03_2018-06,0.0140711268335089
74fb1f_2022-06,0.4685536024495265
7aa803_2014-10,0.0082733198825977
7aa803_2024-04,0.7983447293908
88a9a6_2021-06,0.5176746824796994
9cf1af_2023-01,0.0881103724112359
9cf1af_2024-01,0.3008365603062962
fc9334_2018-12,0.0102297146626252
fc9334_2022-03,0.0561025731109092
b26809_2020-03,0.3105144255573953
b26809_2024-02,0.2104305906574748
1698cf_2020-10,0.9629957555916776
db4cd8_2019-09,0.0317323201930171
375f2e_2015-09,0.1526265236501392
7aa803_2022-04,0.3299084457754566
7aa803_2024-07,0.8536450749249824
dbb709_2022-01,0.1753182876165313
9cf1af_2024-09,0.5690341340084799
e3af0e_2022-10,0.6499311601558633
fc9334_2015-06,0.1078356582922625
b26809_2015-11,0.0535149690067676
34889b_2025-02,0.4634310146676801
293190_2022-10,0.5543233261172394
2ab8ad_2023-05,0.9616834602876896
74fb1f_2021-04,0.3677352242316233
7aa803_2019-07,0.0795430303149122
60a0fd_2023-11,0.9779068650348012
8e41cf_2022-04,0.1134703752528182
265164_2024-12,0.0523972378614493
4fb2d3_2023-03,0.4361995124817694
780a0b_2024-03,0.108359450457154
60a0fd_2024-02,0.9901380497249448
9befc8_2021-05,0.2334480351822636
d86999_2015-09,0.0669861455933486
b26809_2019-01,0.3688520579222032
8fb6f0_2014-06,0.0386758976202947
8e41cf_2019-04,0.0673813643627165
9af74c_2021-06,0.9920633181647172
4fb2d3_2023-02,0.2684976632783553
bc4c03_2019-05,0.1046504458207701
18defd_2014-12,0.006569446319336
2ab8ad_2018-12,0.0649591408730953
8fb6f0_2024-03,0.0608516099288909
8bd3ce_2019-04,0.0556251075495074
d86999_2020-11,0.9420895228588152
b26809_2020-11,0.1324215998880504
e60b65_2018-02,0.0051356195480108
6f5e2b_2019-04,0.9552577696899568
a25664_2023-03,0.798996716886658
74fb1f_2021-06,0.2213462364981106
7aa803_2023-09,0.8057381766314694
7aa803_2024-02,0.7951755693484819
3db670_2014-12,0.011963019182089
98a151_2023-06,0.5468963397590042
e3af0e_2022-07,0.9257787518485284
fc9334_2023-12,0.2859331912505999
8bd3ce_2023-08,0.8128753005957462
8e41cf_2021-06,0.3743208484681546
b26809_2023-05,0.9033576799712664
b26809_2024-08,0.737917766339898
14fe3a_2019-08,0.425081465631433
b08ec1_2022-08,0.3004472111865109
6f5e2b_2019-07,0.982610577373204
175155_2023-12,0.9904905594120124
3a13b3_2014-09,0.0189627044662539
e2e0ce_2023-02,0.7831194548922451
74fb1f_2022-12,0.4866707246593302
829a72_2025-02,0.9926645273082148
bfbeef_2019-12,0.1994419213260473
8bd3ce_2025-07,0.9720971765224884
8e41cf_2020-04,0.9937731791147448
fc77d0_2019-04,0.3483725747451814
a25664_2024-03,0.9941526105800188
74fb1f_2015-04,0.053363882942688
7aa803_2023-03,0.7071391109699167
88a9a6_2021-07,0.95132248814453
3db670_2015-04,0.0500156232902794
9b46ed_2025-06,0.94311285383922
9f1aa0_2018-06,0.1278368236174971
fd589c_2019-04,0.2332339913112282
513080_2024-01,0.0446031061073798
0f9e86_2015-11,0.055005988780352
19fa84_2019-04,0.0899524603864771
513080_2024-07,0.0324781275458391
f4604d_2022-08,0.2592659536167896
6c1954_2020-03,0.3596814755084758
fd589c_2023-03,0.928462703823953
510fbf_2022-06,0.0190485688523631
fd589c_2022-04,0.6559736503324993
9befc8_2022-01,0.0881895495622197
513080_2022-07,0.0658741882040037
c5816f_2024-01,0.9095861124024652
c5816f_2024-03,0.9104167567991526
6c1954_2022-12,0.0079965521424183
19fa84_2018-02,0.1495516441928495
fd589c_2022-10,0.7068079479296298
fa8553_2025-07,0.0544368908214266
894378_2019-12,0.0612758622318068
780a0b_2024-02,0.1003110855062602
513080_2023-07,0.788571040022946
513080_2023-09,0.761041989072119
11f0e3_2020-10,0.4624430250399304
8fb6f0_2021-06,0.1274924869650979
e361b7_2024-03,0.9196066106128468
510fbf_2024-05,0.3153005769252493
531356_2022-09,0.6586053339855847
894378_2020-01,0.9635298333739396
e4bc80_2022-09,0.4653154938404867
bc4c03_2021-11,0.9745556595482868
513080_2024-10,0.170907880191091
9f1aa0_2017-06,0.2061632869280853
fa8553_2024-12,0.2158560892227259
8ec563_2020-12,0.8928411274238452
fd589c_2021-01,0.7922943321498207
510fbf_2024-11,0.0669201367638046
731908_2016-01,0.0602635884157282
8fb6f0_2015-04,0.0749176947603968
8fb6f0_2017-02,0.0100288709059068
bc4c03_2024-12,0.6737904975682262
731908_2014-12,0.0072069357053992
bfbeef_2018-10,0.0616629548038271
894378_2019-11,0.3836669303023151
8ec563_2025-06,0.8970680339613238
fd589c_2024-10,0.9408400390350774
fd589c_2024-11,0.923304886272822
e361b7_2023-04,0.8217735164251686
29849f_2022-05,0.967511486159973
8ec563_2018-05,0.4224221208919953
e361b7_2019-08,0.1678300046249251
e361b7_2020-11,0.1829790471584725
e4bc80_2019-10,0.5116505484123706
9f1aa0_2019-04,0.0121214004794882
9f1aa0_2020-03,0.0452421618966985
731908_2019-11,0.2636921438901018
894378_2022-08,0.1235786940127104
fd589c_2024-09,0.8016938332985379
e361b7_2018-04,0.0223356286585776
e4bc80_2018-12,0.0686942396427983
9af74c_2019-12,0.8288748461889547
fa8553_2025-02,0.1076508631731099
bfbeef_2022-10,0.7739477665482841
8ec563_2024-12,0.9040183618455244
19fa84_2019-06,0.0436958162304443
fd589c_2022-02,0.9863774994031216
780a0b_2019-09,0.5232132394966192
f4604d_2022-11,0.3132432015264556
513080_2022-04,0.0086090773610564
513080_2022-10,0.0435258754034881
9f1aa0_2018-05,0.0224522267396852
8ec563_2018-03,0.266098911360466
e361b7_2022-11,0.6852474662807863
e361b7_2023-05,0.978163207671377
9f1aa0_2022-07,0.9627436370266836
bfbeef_2017-02,0.374808760457237
fd589c_2019-05,0.1797505526641103
c5816f_2021-11,0.1606373080311411
8ec563_2020-10,0.6981841935770244
8ec563_2021-05,0.971247296184727
e4bc80_2021-02,0.0613408191272161
9f1aa0_2019-05,0.0069641888309386
bfbeef_2015-04,0.0376310447441682
e361b7_2018-02,0.0487085177581183
9f1aa0_2019-01,0.004101137097426
e361b7_2022-02,0.0966310074148993
fa8553_2024-02,0.163196057903151
8fb6f0_2021-05,0.0501374183295391
c5816f_2021-09,0.2273726213939307
19fa84_2023-12,0.8778478120506453
510fbf_2023-04,0.0427514156461137
bfbeef_2023-08,0.9756770174253726
894378_2017-03,0.148351588296755
894378_2021-02,0.1560981999578917
c5816f_2023-10,0.9982296484754826
9af74c_2021-05,0.9870404902517396
513080_2025-03,0.1456317782976101
9f1aa0_2016-04,0.284008403101256
0f9e86_2015-06,0.0165033149540188
fd589c_2024-12,0.9899509554775672
9af74c_2021-09,0.9810291079594214
fd589c_2025-01,0.9468640493895636
513080_2024-12,0.7235143028068899
8fb6f0_2014-08,0.0455195243748013
19fa84_2023-06,0.804441541550293
731908_2024-09,0.4762888193851065
11f0e3_2018-10,0.1306866694942379
f1543b_2019-05,0.0477371530007017
99c11c_2020-10,0.0115149662652358
731908_2018-07,0.1768851476598813
8fb6f0_2023-02,0.0966991987029028
f500c5_2021-03,0.1964797165088472
87cfea_2022-12,0.0880750879454352
731908_2017-05,0.2919096784487241
f1543b_2025-02,0.3851832510000183
f1543b_2023-07,0.8700289978674541
b1de95_2015-01,0.0145231348920721
731908_2016-09,0.3506983910552276
731908_2021-08,0.0521035560138188
731908_2024-01,0.1079893046001927
780a0b_2020-04,0.9609748881095476
780a0b_2022-04,0.0647048493620633
fc9334_2019-12,0.241872116196675
7bf5c9_2015-03,0.0051233434037849
7bf5c9_2020-04,0.7374929951739714
83894c_2022-09,0.5520643203049499
87cfea_2022-07,0.4101154414151512
8fb6f0_2017-06,0.1461102868406171
f1543b_2025-04,0.983344341199416
83894c_2019-01,0.0179855963736828
731908_2025-07,0.7281821249075741
90abb1_2019-04,0.353683267609209
8e41cf_2019-09,0.6576395350448624
8fb6f0_2016-12,0.0215357606056151
8fb6f0_2022-02,0.0648922665081651
e3af0e_2019-11,0.2818484214199201
b1de95_2015-03,0.0112931683662555
b59bc0_2015-11,0.1291162482495018
0f9e86_2021-02,0.0367315047854862
1b9e65_2025-08,0.9854656878314444
731908_2017-02,0.0059695482831823
731908_2023-04,0.2631595163433461
731908_2024-04,0.2176734531414044
8fb6f0_2020-10,0.9189207359653818
0f9e86_2018-07,0.1673216670981895
7bf5c9_2024-03,0.6717439164865807
f1543b_2023-09,0.7083945144697782
87cfea_2023-02,0.1323171145268158
731908_2025-08,0.9807124007462906
731908_2023-02,0.1168874677440435
9befc8_2022-02,0.0109219241666222
7bf5c9_2020-12,0.2961136697300613
99c11c_2019-09,0.0131041852717715
11f0e3_2020-02,0.1506051551694864
8fb6f0_2017-05,0.0046577720332402
9befc8_2020-03,0.0648221829125129
7bf5c9_2018-03,0.0057541084226295
7bf5c9_2024-04,0.970666950695488
92dcdd_2021-11,0.0562202320485933
87cfea_2022-01,0.0960735320995738
731908_2025-06,0.7368041690041226
11f0e3_2023-06,0.4415690220200214
b26809_2019-11,0.2695508726638701
87cfea_2020-07,0.0440002014825553
f1543b_2021-12,0.6929507181889317
f500c5_2021-08,0.9007251094049074
87cfea_2021-06,0.1437176677416054
f1543b_2018-06,0.0192272373298314
f500c5_2022-03,0.3072748711336916
f500c5_2025-02,0.9638774186249236
f1543b_2018-12,0.0155231801717183
87cfea_2025-06,0.7103458814640178
11f0e3_2024-05,0.8815609193431617
99c11c_2021-06,0.2238751352876058
11f0e3_2022-11,0.2312406574576435
780a0b_2020-06,0.9291122129152212
7bf5c9_2023-03,0.3701641061734044
731908_2021-06,0.1136846273607413
780a0b_2018-09,0.1341628113377526
780a0b_2023-10,0.0621883867787129
f500c5_2020-01,0.1706966088498026
731908_2019-04,0.1120692691339447
11f0e3_2017-09,0.1088987083074628
fc9334_2023-02,0.1811241176169759
9befc8_2021-04,0.0371788585453982
f500c5_2023-07,0.9781218951876232
b26809_2019-07,0.6379160540611305
9befc8_2025-03,0.083652955705895
b73bc7_2014-05,0.0120890491218967
83894c_2025-01,0.1314783560614029
11f0e3_2018-03,0.0477761890353691
780a0b_2023-05,0.287381163897282
7bf5c9_2024-07,0.9952325074796744
83894c_2020-04,0.0687298152192601
99c11c_2020-06,0.040575562569395
731908_2023-01,0.4690732747935719
c5816f_2014-06,0.0352889848561509
e361b7_2014-05,0.5262025996994018
f461d4_2025-01,0.9830810112535726
92dcdd_2025-02,0.7613483949045474
5a0174_2015-04,0.0309081565311862
894378_2018-09,0.0949437071313845
c5816f_2017-05,0.2597472887931694
fd589c_2015-03,0.0661338774490337
14fe3a_2024-05,0.6432086325910175
8005b9_2019-06,0.7094374068810145
1698cf_2018-04,0.0052740527123409
8ec563_2018-07,0.3257481823773708
fd589c_2014-11,0.0829823479637825
60a0fd_2022-10,0.6376473468656068
e7a56d_2021-12,0.64343830418885
8fabe0_2014-12,0.0169192158260845
db4cd8_2014-03,0.0468229731165754
5a0174_2022-08,0.9665229560994026
f461d4_2023-01,0.9327331111485608
fd589c_2017-10,0.1708836011563656
db4cd8_2023-05,0.8914004206374455
d59611_2022-06,0.1508306231432389
6838b9_2019-09,0.0201423859581128
894378_2016-02,0.0848366935746462
e7a56d_2016-04,0.0227872149175347
34889b_2019-06,0.8395101874346679
14fe3a_2021-07,0.9747024907621576
6224d0_2019-05,0.1325058130288019
34889b_2018-05,0.0166795125061753
987bc1_2018-02,0.0367093449994545
c5816f_2017-07,0.1483013815037179
6c1954_2022-02,0.2491841404165593
e361b7_2016-03,0.187651109648823
5a0174_2014-09,0.007621519488847
14fe3a_2019-01,0.3688034002771115
9af74c_2022-08,0.9121944394317536
1698cf_2020-01,0.9617705712299592
77b3b9_2015-01,0.0285458607415481
894378_2019-08,0.1438042127973454
19fa84_2015-08,0.0502341586112396
18defd_2018-05,0.0627169636546649
c48018_2025-03,0.7452445602832595
4718d7_2022-03,0.9666128325218438
8005b9_2019-02,0.0627944288458582
8005b9_2021-08,0.9705089877421832
0874ee_2022-02,0.0111473337814792
19fa84_2020-12,0.9663071281761536
c48018_2024-12,0.9244678158807376
8fabe0_2024-04,0.969951325868092
175155_2019-11,0.936646767510208
fc77d0_2018-04,0.0093197048180288
77b3b9_2022-04,0.2665083825798571
e7a56d_2017-04,0.0492721319543018
e7a56d_2022-11,0.6985008295146651
18defd_2024-12,0.9978739475775276
f461d4_2024-11,0.6059979729288593
259a19_2021-11,0.9883016374080538
d59611_2015-01,0.1433111714160269
14fe3a_2024-01,0.9849691637073246
4fb2d3_2019-12,0.7813381290753656
1698cf_2018-05,0.0581233757417555
77b3b9_2019-09,0.3312181234306092
894378_2017-06,0.089189404698865
e361b7_2017-10,0.1984766672926996
e361b7_2025-08,0.9903294900804162
e7a56d_2019-06,0.9437415573501566
c48018_2015-01,0.0054042132837901
b416b1_2024-07,0.9292674367853736
259a19_2023-04,0.9802567957207357
db4cd8_2017-08,0.0834938562147944
d59611_2024-08,0.9837338598058888
948a11_2023-12,0.0400161539194263
6f5e2b_2018-03,0.1835505346635014
fd589c_2016-07,0.0986241347556813
e4bc80_2017-06,0.0613177817232232
e4bc80_2017-08,0.0733310915949482
c48018_2023-03,0.4660649060095077
c48018_2025-05,0.9097480792853486
b416b1_2022-08,0.6425043403822711
14fe3a_2021-08,0.9330216870814968
34889b_2023-09,0.4687831190007315
c5816f_2015-03,0.0327227620985315
c48018_2014-11,0.0156719121934941
4718d7_2020-03,0.9917820836276472
b416b1_2018-05,0.0088231616430212
bc4c03_2019-04,0.057028737091098
34889b_2019-11,0.5652054016255874
f4d28d_2024-07,0.3444868400126501
987bc1_2018-05,0.0076112356086909
c5816f_2017-06,0.1310955649728705
8fabe0_2025-02,0.7236575355258202
b416b1_2023-11,0.1611563194253622
4718d7_2022-10,0.7758734013556742
f461d4_2022-08,0.9802153963699471
1822ea_2017-04,0.2827445887079792
894378_2016-05,0.218261342212057
8ec563_2017-12,0.4946861682160188
4718d7_2020-01,0.9955821746409064
8fabe0_2019-12,0.9781806520691192
9af74c_2015-04,0.2584230189048702
f461d4_2018-10,0.1905143648507136
f461d4_2022-01,0.9892756734908322
9af74c_2023-05,0.7479941409883217
c5816f_2020-02,0.1208727679183605
e7a56d_2022-02,0.9726119596306056
5a0174_2019-06,0.7904417020195559
b416b1_2019-11,0.2759572576407465
1698cf_2025-01,0.9906427145819954
4fb2d3_2018-01,0.1845270491720886
18defd_2019-12,0.9412633330622896
8fabe0_2015-01,0.0251060729136629
6f5e2b_2025-01,0.9140195854938752
259a19_2018-12,0.0519210142953643
d59611_2024-09,0.6632783679599644
14fe3a_2025-06,0.7759575354617815
77b3b9_2021-07,0.8186437789297477
d59611_2022-01,0.9852224637918564
34889b_2018-04,0.0138237744017743
34889b_2024-05,0.191135531333987
987bc1_2018-12,0.0595251797232281
894378_2015-01,0.1194348817121861
bc4c03_2019-01,0.4817657655060886
a25664_2019-08,0.7864083412262861
e3af0e_2018-05,0.0192462406318909
c48018_2025-07,0.916641948461899
5a0174_2025-02,0.7495013954776253
5a0174_2023-04,0.9216817894820588
c5816f_2016-08,0.0518406043975944
e4bc80_2017-11,0.2518512396040227
e7a56d_2025-03,0.8913883636656148
6f5e2b_2024-12,0.9143992766529953
d59611_2022-04,0.2354586905172062
d59611_2024-11,0.7520152493276283
14fe3a_2025-04,0.5348037921708119
06534f_2018-03,0.9794127649985006
6f5e2b_2015-01,0.0373701438462963
f461d4_2014-09,0.0229771601038791
bc4c03_2020-03,0.9953514672655168
e7a56d_2023-04,0.6024820735220103
c48018_2014-12,0.0148715538944255
d59611_2021-05,0.9756282034026948
259a19_2014-12,0.0120911393925587
f4d28d_2024-11,0.0052906450348025
c5816f_2016-04,0.0719485442025316
fd589c_2014-07,0.0641472465102148
e7a56d_2024-05,0.9961631223596084
18defd_2024-05,0.9063939210963872
4718d7_2018-06,0.2992289200229228
b416b1_2023-07,0.834179985868943
f461d4_2014-03,0.0416323994735684
259a19_2018-05,0.0678947492478036
d59611_2024-12,0.7310394436160988
6f5e2b_2017-06,0.0203116169221692
1822ea_2019-07,0.7023377836422431
fd589c_2021-05,0.781700307283031
90abb1_2024-09,0.964689054480295
8005b9_2025-05,0.7728143563882086
db4cd8_2021-11,0.9624099723834688
d59611_2020-01,0.6953567008624043
375f2e_2019-07,0.4929911941907033
c5816f_2014-12,0.0659855586588343
c5816f_2019-07,0.7657914929749746
e7a56d_2022-06,0.7294133134884351
c48018_2024-07,0.8295586862313578
f461d4_2022-03,0.985454820768296
d59611_2019-05,0.1401250169871019
8005b9_2022-04,0.1543095603974588
b08ec1_2019-12,0.3511913019949011
06534f_2018-12,0.2050248386367528
259a19_2023-01,0.9782214143388878
1822ea_2023-06,0.7874857140172636
b08ec1_2023-10,0.1910378889183572
375f2e_2020-02,0.9571149079061888
edda84_2025-04,0.0795728376402764
8ec563_2014-07,0.1601135103507595
fd589c_2014-04,0.0582795338585171
18defd_2024-10,0.9956956357068684
34889b_2024-01,0.357479813694312
8005b9_2023-08,0.9176497922056308
bf6f0d_2015-09,0.584145439253977
259a19_2022-06,0.9447143698661744
db4cd8_2023-04,0.8563792186935111
4f2b6b_2024-07,0.2149480265792364
4718d7_2025-06,0.7729483659164125
77e86b_2023-10,0.9365190763242618
7e646c_2024-08,0.2225125098094361
ab32d7_2023-05,0.788239521022872
74b7d1_2024-03,0.9049122974905472
7e646c_2024-11,0.0864059069874794
5ecf9b_2022-08,0.6882807924026125
6da35b_2023-08,0.0440083493704799
7e646c_2023-12,0.2220403376913386
6f5e2b_2023-12,0.9897881143095646
259a19_2023-11,0.9124245179074224
1698cf_2024-07,0.9961903216852438
6da35b_2023-06,0.0685490232955945
74b7d1_2022-08,0.5734039364910727
0ffc2d_2023-06,0.7665610849033339
7e646c_2022-10,0.0242504733363909
8fabe0_2023-11,0.9366638376091112
0ffc2d_2023-05,0.2647326360746623
1698cf_2023-06,0.9761468012544288
8fabe0_2024-01,0.9743309276667425
11f0e3_2016-02,0.0669422579152447
11f0e3_2018-06,0.2054566177864922
60a0fd_2018-06,0.3595630568980041
0ffc2d_2024-05,0.8870614091484368
6f5e2b_2024-08,0.8427159272760759
11f0e3_2016-05,0.1881009206268548
9befc8_2018-06,0.091551568404911
77e86b_2025-03,0.9820163376068995
259a19_2024-03,0.98868874482905
5ecf9b_2023-05,0.7558675396616964
5a0174_2024-03,0.9945846291795616
9befc8_2017-12,0.0090545149607127
0ffc2d_2020-07,0.1549971489017457
6da35b_2023-12,0.5809015765815841
7e646c_2023-06,0.0316112626333803
9befc8_2018-08,0.7362068426825387
11f0e3_2017-10,0.0639338868562656
0f9e86_2015-12,0.314938911565488
b0ff51_2019-12,0.9938777005367936
b59bc0_2022-04,0.7926573925723476
99c11c_2023-10,0.2049407240227123
0874ee_2014-12,0.1620881763337495
8d0588_2019-07,0.5962307873995312
0cecbd_2019-09,0.5897850415226477
439fde_2019-07,0.2915084871828866
8d0588_2020-06,0.975448753236771
8d0588_2022-12,0.8321864714456587
8d0588_2025-02,0.9637872974644228
b59bc0_2015-04,0.0683189792430511
0cecbd_2018-02,0.0946828046408091
8d0588_2018-08,0.9845572717208236
b59bc0_2020-06,0.9708032499117838
8005b9_2022-02,0.93744343469852
b0ff51_2019-02,0.8388264513357548
99c11c_2024-08,0.7293930026161544
b59bc0_2023-06,0.6121421057441908
99c11c_2018-01,0.5825171009772022
b59bc0_2016-06,0.7410716969129151
b59bc0_2020-12,0.9510200985155196
b0ff51_2021-06,0.7078202900222478
8d0588_2024-08,0.9550634583220988
b59bc0_2021-02,0.9093125948128338
0874ee_2014-09,0.0239636298639636
8d0588_2019-03,0.9356475354104576
b59bc0_2016-08,0.7526629914145953
b0ff51_2021-01,0.9647482539950046
77e86b_2025-05,0.9893526038039588
b59bc0_2021-05,0.9881941314246204
b0ff51_2019-09,0.465636100272837
439fde_2019-12,0.4277829369416693
74b7d1_2019-04,0.0237466491042661
8005b9_2019-11,0.2883335341138278
b59bc0_2018-06,0.2869932495014584
b0ff51_2018-12,0.9756522591605222
439fde_2014-12,0.0197289758568369
439fde_2020-12,0.9672049229672304
8d0588_2017-02,0.6997355650917326
b0ff51_2018-04,0.6018332570813218
8d0588_2023-01,0.8629873079829228
8d0588_2021-05,0.9760718750114588
b0ff51_2015-02,0.1249344003779076
8d0588_2024-05,0.9183181343458184
b0ff51_2017-05,0.5411058909142847
b0ff51_2024-10,0.9631498568440862
b0ff51_2024-06,0.988968520181022
83894c_2018-04,0.6365218595375904
b59bc0_2014-10,0.0230731643561681
b0ff51_2023-05,0.8696895856114951
8d0588_2014-12,0.0253930877403613
8d0588_2020-10,0.4881196358902586
34889b_2020-02,0.3235774794044554
99c11c_2019-10,0.005433654819858
b644ac_2024-03,0.0411703365009271
34889b_2022-11,0.1442326543344413
8005b9_2020-03,0.9742104684331124
dc4b5e_2022-09,0.1322088762106701
b416b1_2020-02,0.9518427843427042
87cfea_2017-02,0.0056395268477556
a25664_2018-02,0.0026375508192096
d59611_2023-02,0.323681755635826
987bc1_2024-09,0.9687216414005791
e60b65_2024-02,0.9061702455874654
175155_2020-12,0.9510484696826684
175155_2021-02,0.832184496663741
5a0174_2021-05,0.9979271802124338
a25664_2015-03,0.0111764834523561
fc77d0_2020-08,0.8662391872280445
175155_2019-10,0.3848587592072106
6224d0_2020-09,0.901480252094178
fb737b_2022-10,0.2847315386974829
8fabe0_2021-07,0.994517212275609
259a19_2022-01,0.9822213985877414
259a19_2022-05,0.95035589529084
a42d13_2021-07,0.9914119547192024
5a0174_2023-08,0.9689080562159323
8fabe0_2022-09,0.9709821482503695
532867_2024-07,0.0203208677052525
e60b65_2017-04,0.3320809267965376
e60b65_2018-06,0.0128672471954093
a42d13_2019-07,0.9463652276866452
a42d13_2023-01,0.992659287258212
a42d13_2024-09,0.7315726744612981
987bc1_2019-03,0.0713315896352104
175155_2020-09,0.81464007997125
175155_2023-09,0.9622137538472612
259a19_2019-09,0.8734409758362631
8b98f3_2025-03,0.1909434731359422
175155_2023-05,0.9420340895036886
6838b9_2024-03,0.2315524394565858
4718d7_2023-08,0.996844167328144
8b98f3_2024-06,0.7291936948250074
f25ffe_2023-10,0.0460103378810927
0874ee_2019-08,0.3994972917118253
6224d0_2022-06,0.887648087315437
6224d0_2024-11,0.995468094083224
175155_2025-06,0.9718496706640116
a42d13_2018-02,0.051576414787682
a42d13_2022-12,0.992659287258212
34889b_2014-05,0.055095684660182
1698cf_2021-09,0.9549800848115472
1698cf_2023-05,0.9613987409176824
4718d7_2017-04,0.0166721398192869
4f2b6b_2023-09,0.1301204121430618
175155_2022-04,0.6464565411623535
a42d13_2024-12,0.990300304822312
7199cf_2024-01,0.1617128568117839
fb737b_2022-02,0.1706130755472568
c3a69f_2017-09,0.4284170623080099
0874ee_2018-10,0.0283364100826233
1698cf_2024-06,0.9608126053660698
f461d4_2019-12,0.986116551911121
6838b9_2023-04,0.7809214505093154
9b46ed_2021-08,0.7814699777438088
8b98f3_2025-06,0.6202525839992353
987bc1_2018-03,0.3144622439567492
77e86b_2024-09,0.8921018631026825
175155_2020-08,0.8642288206349973
a42d13_2019-05,0.9483604336567942
f25ffe_2025-08,0.1042614800233984
4fb2d3_2022-09,0.7783140447100094
4fb2d3_2024-10,0.8455099057602942
6224d0_2025-03,0.947238862069746
a25664_2024-06,0.933972141997894
f25ffe_2024-06,0.0272199751766983
0874ee_2018-02,0.0188580557799254
175155_2019-04,0.0485744628733542
a42d13_2019-11,0.969314260699226
532867_2025-08,0.0914608532616024
ab32d7_2025-06,0.8273476614555859
0ffc2d_2021-02,0.2135943871186791
0874ee_2017-04,0.1719657630753151
6224d0_2024-10,0.9472244387702564
1822ea_2022-01,0.995936203050892
92dcdd_2024-10,0.9188032476472188
8fabe0_2020-02,0.7244853765304493
a25664_2022-11,0.995001451830588
b644ac_2024-12,0.0624570020629556
6f5e2b_2022-08,0.9210882974264696
92dcdd_2024-06,0.9817062090526256
0874ee_2021-11,0.3402131876174876
1b9e65_2024-09,0.9566962770987568
fc77d0_2025-08,0.9798173064066484
a42d13_2019-10,0.9478924643580896
cd0e60_2023-02,0.0564799703339671
439fde_2019-02,0.1801869046328935
db5006_2024-11,0.7571656449726417
a42d13_2021-06,0.987016776811541
9af74c_2014-09,0.0390390330461613
4fb2d3_2014-07,0.0574975752748169
db4cd8_2025-07,0.980076468013988
94f933_2024-03,0.0209428358574315
175155_2022-05,0.8381360786144826
175155_2022-09,0.6088570655093923
14fe3a_2017-02,0.055588148208093
987bc1_2023-09,0.9744726909499613
4718d7_2023-04,0.6840749250857413
8fabe0_2022-05,0.9974983756281148
175155_2023-01,0.9749600210755344
e60b65_2023-05,0.8017699122268488
259a19_2018-01,0.0657571060912509
a25664_2021-03,0.9615099783357683
ab32d7_2025-02,0.0695512781291473
29849f_2023-08,0.991852837201012
f461d4_2023-05,0.9230128968516556
5ecf9b_2022-09,0.4097757662063985
0874ee_2018-11,0.0245201181786462
0e8d73_2023-10,0.0326438789105452
a42d13_2023-06,0.9548687979528042
a42d13_2024-10,0.9079126428788344
4718d7_2022-05,0.9900849463954444
8fabe0_2020-09,0.9509352894027132
8b98f3_2025-02,0.1267522063454643
0ffc2d_2023-02,0.0031891296138162
fc77d0_2024-12,0.9927908187421658
1698cf_2021-08,0.9463446810234518
5a0174_2023-09,0.9447434153680686
77e86b_2024-10,0.9927669200408414
ab32d7_2024-07,0.6435521782658133
6838b9_2023-05,0.8068073757360998
e60b65_2024-08,0.9425713011769428
8fabe0_2021-01,0.9921169597058622
6f5e2b_2024-07,0.9714075456218408
a25664_2016-08,0.0601699367365307
c48018_2023-12,0.7418391780321945
8b98f3_2025-04,0.3005603661290225
532867_2025-06,0.1125078073892983
77b3b9_2022-11,0.0895379649081833
bf6f0d_2019-02,0.0154185289864796
6f5e2b_2016-03,0.2208706209986124
b416b1_2019-04,0.1855317895347897
b08ec1_2019-01,0.4585276177506404
375f2e_2025-08,0.9728765010841408
948a11_2024-10,0.0990674259292803
b08ec1_2014-10,0.0059301628972672
bf6f0d_2018-02,0.0286270451020306
948a11_2023-09,0.0374463590969518
948a11_2024-11,0.6343981484432564
9befc8_2024-01,0.907019236790216
1b9e65_2023-12,0.7726672964202206
1822ea_2022-06,0.805547025854217
77b3b9_2025-03,0.9878570130183668
bf6f0d_2018-03,0.0870810830559074
5a0174_2021-08,0.9615108614911774
e7a56d_2021-10,0.9689888563691236
8005b9_2024-02,0.4624267735040914
77b3b9_2022-05,0.2185748382079341
bf6f0d_2019-03,0.1189325384758732
9befc8_2024-09,0.657628585315301
6224d0_2014-07,0.0289524839362598
4f2b6b_2023-11,0.1428409289471935
bf6f0d_2024-03,0.1261917198045326
6838b9_2024-07,0.8498661302110132
90abb1_2019-09,0.3884079808340754
375f2e_2021-09,0.9319331475912476
948a11_2022-04,0.0277845830513259
77b3b9_2021-05,0.8978487825254319
375f2e_2022-03,0.9992674563863309
bf6f0d_2023-03,0.3352525976859583
731908_2022-05,0.4439011560494831
1822ea_2024-07,0.942122182785702
fb737b_2021-11,0.8182764888741098
e60b65_2016-08,0.1549848796178138
1822ea_2021-04,0.9950987232961952
e60b65_2016-06,0.0793054301648921
1996b0_2025-03,0.6907517161069492
4ee2d2_2024-09,0.0311646015598654
bf6f0d_2019-01,0.167306558054478
1822ea_2023-02,0.1539528922719407
e60b65_2016-12,0.0725342656404478
1822ea_2017-06,0.0301699859589282
6f5e2b_2016-04,0.239789427119948
c48018_2015-04,0.0686722015505998
90abb1_2022-05,0.4829010254575355
29849f_2025-07,0.9925410801129187
531356_2025-06,0.9917321610479684
987bc1_2016-03,0.021730104555091
545d15_2019-11,0.0313514919354969
7a007d_2024-09,0.9474312085792456
e83244_2020-06,0.919440796771992
db5006_2020-12,0.9583592375278654
db5006_2021-10,0.804655698618567
b73bc7_2018-01,0.9130712660901602
531356_2023-07,0.9947266485665356
e83244_2021-12,0.9347286943810056
29849f_2023-01,0.3264791611879883
e2314a_2018-09,0.0693494391823541
e2314a_2019-04,0.1459328314546767
0cecbd_2019-01,0.0832911766562402
7a007d_2018-06,0.0370890652996597
c580aa_2024-01,0.9858303346870786
b1de95_2025-08,0.996541267499734
f4604d_2023-02,0.2605023210387708
531356_2022-12,0.4721714600599184
531356_2024-05,0.9759274380359174
1b9e65_2021-12,0.9111583217520096
e83244_2023-03,0.846048665867631
e3af0e_2014-09,0.0419109788373839
7a007d_2018-01,0.8135588354976327
3db670_2024-04,0.994134629088575
f4604d_2024-08,0.9852937394764828
531356_2020-03,0.956389919537106
60a0fd_2015-04,0.0702843970947785
1b9e65_2017-11,0.4662380854624343
829a72_2015-04,0.0238095546994648
0cecbd_2018-06,0.3846594789770004
b1de95_2025-02,0.9811991620315182
f4604d_2024-02,0.950952913489926
0cecbd_2020-10,0.9946652733183012
0cecbd_2023-07,0.8628070316321294
1b9e65_2018-08,0.2469106394868054
06534f_2024-03,0.9952578758209948
0cecbd_2023-09,0.2294926136715658
0cecbd_2024-04,0.8735577322537879
b73bc7_2024-10,0.9844022597449748
545d15_2018-10,0.0783062421422316
531356_2018-04,0.1926241487858126
e83244_2016-01,0.0035692718589171
e83244_2016-02,0.0033468226600673
db5006_2022-03,0.9277865482694808
3a13b3_2023-07,0.9962703574372936
1b9e65_2021-06,0.9911632498795864
1b9e65_2023-02,0.1896638116052117
af81b0_2019-04,0.0150122038649744
e2314a_2023-05,0.97526897326104
b1de95_2025-05,0.964441617751684
e3af0e_2014-11,0.0125650053628019
98a151_2015-04,0.0607766605935589
3a13b3_2024-12,0.9742872526662872
f4604d_2023-05,0.6980115857940319
1b9e65_2023-08,0.9982526103660996
7a007d_2024-11,0.7438446126611387
e83244_2022-09,0.9811789403782436
3db670_2023-09,0.9978006424706845
3a13b3_2018-02,0.2805939761945167
e83244_2020-10,0.96794048782408
06534f_2023-08,0.9969539036453836
e2314a_2015-06,0.0459608795867166
b1de95_2020-03,0.9833696547848936
db5006_2019-11,0.3888992319674939
175155_2024-09,0.9142011485892492
987bc1_2021-04,0.929651494623262
545d15_2019-09,0.0133851396359601
e83244_2015-07,0.0673704400243761
e83244_2018-01,0.2204385491273451
c580aa_2025-02,0.8761964868213148
3db670_2023-06,0.9964683849369584
f4604d_2023-07,0.958290950546405
0cecbd_2022-07,0.7026936585643644
0cecbd_2024-10,0.997310586883278
7bf5c9_2019-01,0.010467385752338
c580aa_2023-06,0.9704870543814204
db5006_2023-10,0.9980422901560102
b73bc7_2023-08,0.9896654834198224
1b9e65_2015-01,0.0306203348310577
1b9e65_2019-08,0.7631419234073546
e2314a_2015-03,0.0075704800956242
e83244_2017-10,0.1331869632041996
3db670_2018-05,0.0255584725329634
db5006_2021-04,0.3694284252677684
b73bc7_2025-08,0.9985990872381691
f4604d_2018-12,0.0300767757173557
531356_2019-04,0.1593603883349778
0cecbd_2025-03,0.9983021139569608
db5006_2025-03,0.8483799361570461
29849f_2019-04,0.4093377951762854
e83244_2017-04,0.0220117923567587
e83244_2022-08,0.9964235740217252
e3af0e_2018-03,0.1172395360169391
c580aa_2020-03,0.9639352166103397
29849f_2024-02,0.7492580941125397
e2314a_2018-06,0.1255781677409855
7bf5c9_2019-11,0.1077777856022272
db5006_2019-06,0.5833914861377897
b73bc7_2020-02,0.9834406351846254
e2314a_2024-08,0.9891341923713824
e2314a_2024-12,0.5779962724640124
0cecbd_2019-06,0.1242113672233662
0cecbd_2022-04,0.8606717737514927
0cecbd_2024-03,0.9805821070066044
f1543b_2017-10,0.0213963986788263
e83244_2015-11,0.0172912383229337
e83244_2017-01,0.0105483061177759
e83244_2019-04,0.4245415032644299
06534f_2024-01,0.9259353731080802
06534f_2025-05,0.980517335750408
b73bc7_2015-09,0.0773561961842728
db5006_2023-12,0.7814880903989794
29849f_2024-04,0.7336286411106492
f4604d_2019-01,0.0643728678888024
f4604d_2023-01,0.1568455682808024
e83244_2019-01,0.0074535761155335
7a007d_2019-03,0.0197005812552634
db5006_2015-07,0.0210134047154767
3a13b3_2025-01,0.9934671598863588
0cecbd_2025-01,0.9974040592138612
7bf5c9_2019-12,0.0688058608419402
3a13b3_2018-05,0.1328925111059115
1b9e65_2024-04,0.7125662370549147
e2314a_2017-03,0.0928228971421371
0cecbd_2024-07,0.9336612282488612
7a007d_2018-04,0.0266866311603381
e2314a_2016-11,0.0286920680344157
e2314a_2022-03,0.9778056819775756
531356_2015-11,0.1860069585174182
b73bc7_2019-12,0.949518311287555
7e646c_2024-07,0.1045949386934019
022433_2021-08,0.0618422592891518
f4604d_2018-04,0.2111565482549044
c5816f_2017-12,0.2476395495108278
780a0b_2018-08,0.1807103160861425
022433_2021-02,0.0172820227164282
c580aa_2019-04,0.8305023749218997
29849f_2019-06,0.3781369780369614
af81b0_2019-05,0.0282601507824667
af81b0_2023-03,0.63535057879186
c580aa_2018-02,0.8258929695996208
531356_2018-03,0.2297553762852348
829a72_2019-06,0.3856996241146385
7e646c_2024-10,0.0468433546324374
94f933_2025-04,0.0843475050998417
29849f_2018-06,0.0651675431742113
b73bc7_2020-01,0.753241760509796
022433_2024-06,0.0157404316460336
3db670_2018-04,0.0218082783596219
29849f_2018-11,0.2473000734193531
98a151_2024-12,0.9968824189936152
bf6f0d_2019-06,0.3064075355983522
c48018_2015-11,0.0714900918936163
34889b_2023-02,0.1291367154061639
b07578_2025-08,0.8747333252223358
1bdb97_2025-08,0.0368779512215058
6224d0_2024-12,0.9897610412425556
e60b65_2025-07,0.9873778690677932
531356_2021-11,0.9814920453253476
375f2e_2022-11,0.9731060618127726
b416b1_2015-04,0.1083391944093613
531356_2020-08,0.976879074139651
1822ea_2016-10,0.2597467108877436
bc4c03_2017-01,0.3612753236886672
af81b0_2014-08,0.0040359567731826
7199cf_2023-09,0.0441276113168237
bf6f0d_2014-05,0.1493315351042875
bf6f0d_2015-01,0.0822190570945408
439fde_2015-04,0.0188684454721955
b07578_2025-02,0.0703067320795136
6f5e2b_2018-07,0.3170008760518558
531356_2017-10,0.0443353762824331
af81b0_2014-04,0.0034921784828758
4fb2d3_2014-11,0.0162134848626849
7199cf_2025-06,0.0603848821955113
e83244_2022-12,0.9450460562549636
8005b9_2017-04,0.2920961664144942
bf6f0d_2021-12,0.8273426317254851
f4604d_2021-02,0.8281248499370958
531356_2020-11,0.833594725333779
1b9e65_2016-05,0.0651094264023535
1822ea_2018-01,0.0403178000385754
948a11_2022-03,0.0136246095366868
948a11_2023-04,0.0591067850160714
b416b1_2017-11,0.2347327572282292
5a0174_2020-10,0.978622069778532
f4604d_2021-06,0.8336525844114017
a97df3_2025-07,0.8825005354363938
b1de95_2025-04,0.9250324316597948
375f2e_2024-07,0.9976090141980316
77b3b9_2025-08,0.987472490684114
531356_2021-03,0.9553997065869628
e2314a_2022-10,0.9979540791223802
1822ea_2020-01,0.992007970353
f4604d_2021-03,0.845109045074575
1b9e65_2016-03,0.1596107128183483
99c11c_2017-09,0.0158377749585375
29849f_2017-09,0.2626208172681977
b73bc7_2022-12,0.9820993781222002
bf6f0d_2014-09,0.0373940541217569
bf6f0d_2024-10,0.6964925978548063
f4604d_2020-04,0.8698398579526379
f4604d_2022-02,0.8974067642734171
1b9e65_2016-01,0.1759519666713298
06534f_2024-04,0.9293810464259662
8005b9_2017-10,0.1460480465033375
bf6f0d_2018-08,0.5349993010315771
bf6f0d_2020-09,0.4008749941286751
dc4b5e_2024-07,0.9511271712388208
bf6f0d_2022-10,0.0275110688532809
f4604d_2016-07,0.088093131837249
375f2e_2024-04,0.4799207200584974
1822ea_2017-02,0.2793464029691572
bf6f0d_2022-02,0.9869717586776886
e60b65_2023-08,0.9527157008039352
29849f_2021-02,0.9958576579334412
29849f_2016-07,0.2626461061770795
b07578_2025-03,0.0625019340400252
293190_2020-03,0.8921018597622562
293190_2020-11,0.4523428830054671
b08ec1_2014-09,0.0058540751494307
4fb2d3_2016-12,0.0092250787393039
db4cd8_2024-08,0.9744232659422007
92dcdd_2023-02,0.3315672292116886
2ab8ad_2019-09,0.0117254180651242
c5df88_2025-03,0.9787742555129392
dc4b5e_2019-07,0.5160670072254157
293190_2015-08,0.0268610563121069
2ab8ad_2018-11,0.6314355688693396
e3af0e_2023-06,0.993014877204702
9b46ed_2015-06,0.0046946008343893
293190_2015-06,0.0076297137880595
293190_2019-09,0.2101615454536538
e2e0ce_2016-11,0.048877169613322
e2e0ce_2020-07,0.2159117127040187
92dcdd_2022-11,0.5075716357066787
9b46ed_2017-08,0.3017330614497203
a42d13_2024-07,0.9103112942185566
c5df88_2024-06,0.977069504183184
cd0e60_2022-01,0.5057687136208787
bc4c03_2014-10,0.0311119949805644
98a151_2019-02,0.4211955986879725
60a0fd_2020-03,0.9609134257770784
c5df88_2026-05,0.986235380843582
c5df88_2019-09,0.0869911077435701
6838b9_2022-01,0.7129651008608353
2ab8ad_2020-11,0.3240794241055508
9b46ed_2017-01,0.0517303207962632
9b46ed_2018-10,0.6271154815511223
2ab8ad_2025-03,0.9910837726987084
c5df88_2020-09,0.9919344136562588
90abb1_2015-01,0.0140159204057911
b07578_2025-01,0.0294384504103555
987bc1_2018-01,0.1136335984280082
c5df88_2025-10,0.9787742555129392
b08ec1_2016-12,0.018585458165058
1bdb97_2023-12,0.4364047752109961
4718d7_2020-06,0.9911747700562108
829a72_2022-11,0.8499050334250389
60a0fd_2021-08,0.9984825750692344
9b46ed_2020-02,0.9695904897648776
74fb1f_2017-05,0.1592107980665349
375f2e_2018-07,0.0190952079025582
5a0174_2020-11,0.956280876583493
f1543b_2014-04,0.0095092884957112
90abb1_2023-09,0.8231605909989739
9b46ed_2016-04,0.0696725192400673
3db670_2019-05,0.4247641522949869
06534f_2019-08,0.7796153948535295
0e8d73_2024-10,0.0434247268856078
c5df88_2020-12,0.6347869924055353
c580aa_2014-04,0.0324183600710288
b73bc7_2014-06,0.0046779964052906
db4cd8_2025-01,0.9061284293839764
c5df88_2025-07,0.9787742555129392
88a9a6_2017-06,0.6319112518569593
e2e0ce_2019-07,0.7976847460722561
9b46ed_2021-01,0.9887453994669648
2ab8ad_2020-10,0.4126993005713842
6838b9_2022-03,0.4045522708078126
98a151_2024-02,0.9924593182697418
293190_2025-06,0.9758770391731604
88a9a6_2020-03,0.4029969882751423
cd0e60_2020-11,0.6407213470325008
1996b0_2023-05,0.0351330549241744
11f0e3_2015-03,0.0049806049187958
dc4b5e_2022-06,0.6198940517906841
1996b0_2024-05,0.0510438475732021
8b98f3_2024-10,0.8106945941553653
dc4b5e_2019-12,0.2080395771288535
60a0fd_2021-03,0.9712823157476096
1996b0_2023-01,0.0744882362141297
e361b7_2015-10,0.3040064154593117
f500c5_2022-01,0.57150260156478
1822ea_2022-03,0.9917913832577038
f1543b_2020-03,0.1138673890177304
b1de95_2014-09,0.0331207076882332
e2314a_2020-06,0.953564974075021
fc77d0_2014-05,0.0037412865027673
b73bc7_2019-02,0.3182756730255066
fb34b4_2023-05,0.0493960864363587
b1de95_2019-09,0.7442622050167031
6224d0_2015-01,0.0175699937277678
e7a56d_2021-08,0.9195633140747408
92dcdd_2021-10,0.0323368638862721
06534f_2016-05,0.1660810464711017
b73bc7_2023-10,0.963657090538956
9af74c_2015-12,0.3715119115703499
0f9e86_2014-09,0.0231312815859962
fb34b4_2025-03,0.2821070271281818
175155_2021-05,0.9800514466059814
6838b9_2025-06,0.7710661652280358
7bf5c9_2021-05,0.9833618044984797
9af74c_2016-02,0.0400953255228756
3db670_2023-08,0.9987133188695944
f1543b_2019-08,0.2194517052496994
06534f_2015-07,0.428153928284338
06534f_2016-01,0.4745574832795254
f1543b_2023-12,0.4297734470229162
f1543b_2020-10,0.1783761393838432
c580aa_2023-01,0.964655531919315
74fb1f_2015-10,0.0453763160424133
8005b9_2020-11,0.978631320932814
375f2e_2015-02,0.0377114387962324
fb737b_2025-07,0.9339846555917792
bc4c03_2016-01,0.1269702204638088
4718d7_2015-12,0.0594470343845431
c580aa_2024-09,0.996224420391472
f1543b_2021-09,0.9709829281162304
8005b9_2017-05,0.3097664551564303
bc4c03_2015-08,0.5949841809002981
7a007d_2023-01,0.969969236351869
b1de95_2015-07,0.038828299070432
987bc1_2022-11,0.996188939246167
987bc1_2016-05,0.0266431197363351
b644ac_2024-07,0.4769106522587523
7a007d_2016-03,0.0422330422774929
b08ec1_2015-09,0.1588294572935196
fb737b_2024-09,0.6259221199338033
7a007d_2021-10,0.6222222899134248
f1543b_2022-06,0.99319169483028
b73bc7_2017-08,0.489998473258437
4ee2d2_2025-08,0.0769690924637725
7a007d_2017-10,0.2529618297273623
7a007d_2020-10,0.2717765437853255
77b3b9_2023-11,0.991805510379302
bc4c03_2015-01,0.0708186303409162
9af74c_2017-03,0.0682110303314249
bc4c03_2014-11,0.0265200732437646
7a007d_2020-09,0.2593472312736556
0e8d73_2023-08,0.1114504517243863
74b7d1_2016-11,0.0410673828367678
c580aa_2017-08,0.314795435827345
7a007d_2017-05,0.1404615609365344
74b7d1_2017-12,0.0105561870902297
18defd_2017-11,0.1534478125233996
c0f884_2025-06,0.2847573422987686
4718d7_2020-09,0.9484467799591996
7a007d_2022-01,0.8278413042067289
7a007d_2021-08,0.5959385465610866
375f2e_2015-05,0.1032308624670992
a42d13_2016-05,0.005388393390697
dc4b5e_2024-04,0.9017352325042808
bf6f0d_2015-07,0.3325072281542949
7a007d_2023-04,0.9702722011463568
b59bc0_2017-11,0.7762252101547479
b59bc0_2018-11,0.9664960792420296
375f2e_2021-03,0.9911985174126544
8d0588_2017-11,0.757119139815787
a25664_2019-09,0.180868735062666
3db670_2025-06,0.9973689856730068
06534f_2022-12,0.9563608100111336
b0ff51_2015-08,0.091533652137438
5a0174_2017-07,0.0971065695520701
bf6f0d_2021-02,0.6818629430486784
8e41cf_2020-07,0.9815508809187156
bf6f0d_2021-01,0.4100128436368334
edda84_2025-01,0.0870409337146088
e7a56d_2021-03,0.9879600645589496
bf6f0d_2020-12,0.5658641091839682
3a13b3_2018-11,0.9075248276142612
bf6f0d_2020-04,0.9410034838202912
c3a69f_2017-04,0.0311271798829758
3a13b3_2023-06,0.986937542264283
1822ea_2022-11,0.9594126130202476
af81b0_2023-02,0.7614872572863991
a25664_2018-08,0.292717656607344
af81b0_2025-07,0.4626101807839833
af81b0_2015-08,0.021894718683771
fc77d0_2020-05,0.9819362050989616
fc77d0_2015-12,0.2537056337395093
bc4c03_2018-10,0.9407845547612746
92dcdd_2021-06,0.5009724257624792
8fabe0_2017-05,0.5129348860548074
fb737b_2024-01,0.5792287168102404
90abb1_2022-02,0.8978339115675766
dc4b5e_2023-10,0.2310055089446764
fc77d0_2021-03,0.9057928954908284
4ee2d2_2023-12,0.0363241347111242
af81b0_2017-04,0.4240787278900244
4ee2d2_2023-11,0.0373427570805859
c3a69f_2017-05,0.192318617076896
fc77d0_2020-04,0.9949431118670412
6224d0_2018-01,0.0599662565712898
fb34b4_2022-05,0.0967261071580072
a25664_2017-03,0.0628666313324039
259a19_2022-02,0.9933021859373354
0cecbd_2016-01,0.0255544475750038
f461d4_2021-02,0.926674896641582
4718d7_2017-07,0.0415749431008996
e3af0e_2017-05,0.0425613289116066
987bc1_2017-08,0.0956395398020056
4fb2d3_2017-04,0.0220467207003511
1698cf_2017-12,0.060153150762585
fc77d0_2017-03,0.2809732241146772
6c1954_2021-01,0.5710425027909442
b08ec1_2018-07,0.1577652835577556
db5006_2016-12,0.7727680432110451
d59611_2020-07,0.9964908301217794
8fabe0_2016-01,0.0137079179810128
375f2e_2017-07,0.2620347247065603
af81b0_2024-01,0.9532767074325283
fb737b_2025-09,0.9974526127818604
510fbf_2025-07,0.6404148381924855
b416b1_2015-11,0.0170513510774381
af81b0_2016-02,0.0177749750686149
b416b1_2015-10,0.0107567323163834
af81b0_2015-07,0.0195517111008237
429b22_2025-08,0.0332447679999814
b08ec1_2017-06,0.0440056287954178
bc4c03_2017-08,0.097760684936692
19fa84_2015-09,0.2151322864344306
4fb2d3_2018-09,0.0932652544196074
cd0e60_2024-04,0.790502655857883
3db670_2016-03,0.0271750479616586
2ab8ad_2017-07,0.2339739829837948
c3a69f_2017-03,0.0317133088252355
cd0e60_2024-11,0.8781711667752631
7aa803_2015-11,0.0834887982466473
cd0e60_2023-06,0.1933962666031365
cd0e60_2025-04,0.9648938770277468
cd0e60_2025-01,0.9317791989370314
c5816f_2020-04,0.9900482247558888
e2e0ce_2018-07,0.6145382631349854
8005b9_2016-02,0.4140163857507026
34889b_2021-04,0.7121622404197469
74b7d1_2015-07,0.0175352207997522
4718d7_2015-06,0.1005483463744351
34889b_2021-05,0.8163230902507065
7bf5c9_2017-11,0.0116459707843902
8005b9_2016-03,0.555968413881457
6224d0_2017-03,0.0139185534108389
7bf5c9_2017-09,0.0425189538847854
375f2e_2016-07,0.0413196306284173
8005b9_2016-08,0.7477307550131704
6838b9_2020-11,0.0397722591858622
293190_2015-05,0.0718012141514626
a42d13_2017-03,0.2885962768589118
19fa84_2015-10,0.0831172555327707
fc77d0_2016-09,0.2743965355335264
1996b0_2022-10,0.2137729138754521
bf6f0d_2016-07,0.1087367033137871
6838b9_2021-05,0.6125403641310084
dc4b5e_2020-01,0.400080019015957
0e8d73_2023-03,0.3055341971449003
175155_2015-06,0.0392531205603933
60a0fd_2017-12,0.1586213954516227
b416b1_2015-06,0.0824521080603289
0874ee_2017-01,0.5152531742927637
34889b_2017-11,0.0525631792017377
b08ec1_2020-07,0.9586610977140182
b416b1_2016-12,0.021741792272513
b08ec1_2020-09,0.9780103759953028
b08ec1_2016-06,0.1622616744441799
9b46ed_2016-09,0.1732189641525678
a25664_2015-09,0.0670303276318509
c5df88_2018-07,0.3903517697926527
b08ec1_2020-08,0.9663633984835224
34889b_2020-05,0.9801828726979048
2ab8ad_2017-11,0.3914862405608575
b08ec1_2017-11,0.0219194334508318
dc4b5e_2020-07,0.96929957358384
34889b_2020-10,0.9772549303124104
2ab8ad_2017-08,0.2096867218613956
34889b_2017-03,0.3456639369590493
a25664_2015-12,0.0189718245550423
af81b0_2017-11,0.1135784125049547
3a13b3_2020-08,0.9812777174689356
3db670_2020-12,0.9275224377618022
b73bc7_2021-07,0.9946809282413738
259a19_2016-10,0.0575829479944627
3db670_2016-07,0.1341539378720587
3db670_2022-10,0.9785173821509294
3db670_2020-11,0.9573019855166433
3a13b3_2020-06,0.955606694869879
b1de95_2018-09,0.9441088865953112
b1de95_2020-10,0.8447517471001602
74b7d1_2016-02,0.0133995852286005
0cecbd_2016-07,0.2636280883516703
3db670_2022-03,0.964482694342908
fc77d0_2016-02,0.0448380062263975
1698cf_2018-11,0.1037795000227355
a97df3_2021-03,0.5004831764394568
a97df3_2020-12,0.4214271005929892
894378_2017-09,0.5440777587213269
4718d7_2016-09,0.170602384997181
99c11c_2018-09,0.0199577704208485
99c11c_2019-03,0.0205751778927008
b73bc7_2017-10,0.5990565808811537
99c11c_2018-07,0.0962338675155672
e7a56d_2016-01,0.1762978380171251
8ec563_2020-04,0.991574482208176
8ec563_2020-07,0.9884080705330268
0cecbd_2018-07,0.5910756573196364
1698cf_2017-09,0.0886704510166449
829a72_2020-06,0.9601321246426134
e3af0e_2015-11,0.2724038724153675
e4bc80_2018-08,0.776720202340588
db4cd8_2016-04,0.0206956387900613
b1de95_2021-02,0.943103012510356
b1de95_2021-05,0.8935211166980495
98a151_2015-05,0.1127214837211621
b73bc7_2022-09,0.992750217086666
b73bc7_2022-07,0.9835849431886724
0874ee_2017-12,0.1182793716765967
c580aa_2022-04,0.9830077001324504
9f1aa0_2018-09,0.2896957630409083
bf6f0d_2016-01,0.0704742690412354
af81b0_2022-04,0.9954441154501404
af81b0_2020-10,0.9859664236097204
af81b0_2022-02,0.9943746017558688
af81b0_2021-02,0.9926912561724296
c580aa_2018-10,0.625332032910216
e7a56d_2014-12,0.0194014470728789
b1de95_2017-10,0.1641918017890755
e7a56d_2020-07,0.8827488401543
18defd_2015-11,0.9361959691879854
e7a56d_2020-04,0.9588079608883484
259a19_2016-06,0.0381317488104712
18defd_2022-01,0.8417141377378418
e7a56d_2017-10,0.263392811844953
c48018_2020-07,0.8978969834431216
c48018_2021-05,0.6301689085887043
e7a56d_2021-02,0.9874492437398884
c580aa_2017-11,0.6538277446623147
1822ea_2016-03,0.0932127129821302
c48018_2020-05,0.9003316604850187
db4cd8_2016-06,0.4648744130291148
18defd_2022-02,0.8912891968913318
18defd_2018-07,0.5343850326925408
175155_2017-09,0.4479944936965788
18defd_2015-10,0.0532890962305138
18defd_2022-06,0.920538432598792
18defd_2020-04,0.9346156687560458
1822ea_2015-12,0.2295173325077516
259a19_2017-12,0.0266906970485253
c580aa_2015-10,0.3282648595275187
5a0174_2016-02,0.0192413266583349
f461d4_2016-01,0.0415513855250317
8fabe0_2017-07,0.1424732776757189
4718d7_2021-02,0.8822284832899303
e3af0e_2016-05,0.0906883269973717
8fabe0_2015-06,0.0372735582889041
8ec563_2017-08,0.2061208986903832
8fabe0_2018-07,0.484312782051808
5a0174_2021-11,0.9792813362042956
4718d7_2017-05,0.1366011442128416
b59bc0_2016-03,0.0856989039989331
1698cf_2020-12,0.9442186127558322
829a72_2020-12,0.8261245435257171
5a0174_2016-09,0.0282831316537807
829a72_2015-05,0.0127811895355055
60a0fd_2016-02,0.0661772772461571
60a0fd_2020-05,0.8993253945479008
8fabe0_2018-08,0.8994045152031735
90abb1_2016-06,0.507673838728322
60a0fd_2016-03,0.0910483528933035
4718d7_2020-05,0.9869904068177332
5a0174_2025-09,0.7600537286057402
b59bc0_2016-02,0.0823966264447076
e4bc80_2016-09,0.0851533197793525
14fe3a_2020-10,0.964201168948416
14fe3a_2020-06,0.9747645454344078
e4bc80_2016-12,0.180206238732017
14fe3a_2021-03,0.9821822313511154
9befc8_2021-02,0.006728214979589
34889b_2016-01,0.7749087454730965
11f0e3_2015-02,0.001528066846596
e3af0e_2018-09,0.7181692062479269
e3af0e_2020-09,0.9788003649884782
60a0fd_2020-08,0.9905375233103504
74b7d1_2016-10,0.0205574335853894
77b3b9_2016-08,0.3131835012657654
e3af0e_2017-09,0.4195010207296882
fc77d0_2015-09,0.0374806988869106
e3af0e_2020-05,0.9719875142160768
bc4c03_2017-12,0.0494740220861192
375f2e_2016-10,0.0533448093331042
fc77d0_2018-07,0.2657941311966078
b73bc7_2017-01,0.5752450947894644
9af74c_2016-11,0.3170554338791783
9af74c_2020-09,0.9980428077576184
77b3b9_2015-07,0.0492509640284677
77b3b9_2015-08,0.1608837572629834
b73bc7_2016-12,0.6126074314571429
1822ea_2018-08,0.0667916259350441
b73bc7_2020-05,0.6388433781595896
1822ea_2018-07,0.1410705671053816
375f2e_2016-11,0.0679129988732642
b73bc7_2021-03,0.8383063226906675
bc4c03_2018-11,0.8814898899604894
439fde_2021-09,0.9586982999293108
439fde_2020-06,0.9733203683647902
439fde_2022-09,0.9812050267614396
439fde_2021-06,0.9552695086407548
439fde_2020-04,0.9708985220353794
439fde_2016-12,0.0294119389153056
439fde_2020-11,0.9767916939081293
87cfea_2016-12,0.0449296104975599
c3a69f_2016-07,0.0289404036332494
c3a69f_2016-08,0.0410799709003262
c3a69f_2016-10,0.0437484911968412
8005b9_2018-08,0.3718710868450326
29849f_2021-07,0.9916918661845756
6838b9_2021-04,0.2666274205406556
7a007d_2016-08,0.0790618529937537
7a007d_2016-10,0.1919422825811423
77b3b9_2017-01,0.3633257443729554
7a007d_2016-11,0.1583698294123728
7aa803_2016-04,0.1332725006850214
29849f_2020-04,0.981978012492246
f4604d_2015-11,0.0556285056361222
88a9a6_2017-11,0.1741251839417706
a42d13_2016-12,0.6027416993330742
a42d13_2016-09,0.5603299144306488
c580aa_2020-08,0.932393652465136
e2e0ce_2017-05,0.4351304335912342
a42d13_2016-07,0.4479641725751178
439fde_2017-09,0.3527142293487588
1bdb97_2025-09,0.8507245448164049
7bf5c9_2016-02,0.0347282383581662
77e86b_2021-04,0.9247277960572512
87cfea_2016-08,0.0046151356530551
77e86b_2020-08,0.9285474964227288
77e86b_2021-03,0.9207200897916952
af81b0_2025-09,0.9929592974046652
77e86b_2021-07,0.9287176391751422
83894c_2023-05,0.6175790216084879
83894c_2024-01,0.8782794685989104
987bc1_2016-11,0.7088697836000448
6224d0_2016-06,0.4828947808261303
06534f_2017-10,0.974996407212876
b416b1_2015-09,0.0091467162152543
375f2e_2018-09,0.2054208958596532
375f2e_2018-08,0.2812886073592735
175155_2017-05,0.053422636257116
e60b65_2022-09,0.9914892012154858
e60b65_2021-02,0.9813305322639598
e60b65_2019-12,0.9043173537873184
e60b65_2021-12,0.9898978872211036
e60b65_2019-02,0.6457735270322967
e60b65_2022-07,0.9903719492685268
e60b65_2019-03,0.7706416034267295
e60b65_2021-05,0.9815079583008643
8005b9_2020-06,0.9410469739586784
e60b65_2019-04,0.8089224997305172
9f1aa0_2017-09,0.1354167576146651
14fe3a_2015-07,0.1373310952839529
9f1aa0_2020-04,0.5368424083409645
a42d13_2016-02,0.0076855681005136
f500c5_2015-06,0.6748535229746505
9f1aa0_2017-07,0.0657487932241147
bf6f0d_2016-11,0.0280076558192846
9f1aa0_2017-12,0.1265789170603093
9b46ed_2018-09,0.7033593408425094
f500c5_2016-10,0.4823290128033904
4fb2d3_2017-12,0.0153407080115192
a25664_2017-09,0.2390996529141651
14fe3a_2016-06,0.2318630969645095
db4cd8_2016-09,0.1773428732408399
14fe3a_2016-07,0.2106879072326802
d59611_2017-12,0.1516684408657282
f1543b_2015-07,0.1214563119244328
293190_2016-07,0.2135548498278285
f1543b_2018-07,0.1105604003129711
f1543b_2016-12,0.0404529722082786
e7a56d_2015-05,0.0411338095690439
f1543b_2018-11,0.5257582428161852
60a0fd_2017-11,0.2444400024259673
7bf5c9_2016-08,0.0711414442245413
7bf5c9_2025-07,0.9987065045763476
7bf5c9_2026-02,0.991996792345671
77e86b_2015-09,0.0124794534963918
175155_2015-05,0.0855435388305003
3a13b3_2017-09,0.3909862996053522
b0ff51_2018-08,0.5715576032033247
b0ff51_2025-09,0.9911251969809444
8d0588_2021-12,0.9855725021589612
b0ff51_2016-03,0.1053531549292045
b08ec1_2015-10,0.0334602997162664
b08ec1_2015-12,0.0322095394474135
f500c5_2016-03,0.0773995430817935
545d15_2024-04,0.9910274027314504
545d15_2023-08,0.9829598809352812
545d15_2025-01,0.991850855059734
c580aa_2018-09,0.90627059041708
60b690_2025-05,0.338364077725135
545d15_2023-11,0.9840767498449898
7a007d_2018-08,0.6006866696346095
545d15_2024-01,0.98055257083142
74b7d1_2021-03,0.9154907362400532
74b7d1_2020-07,0.7731784871757835
74b7d1_2020-08,0.7522062669890615
74b7d1_2021-01,0.8902199664443514
c5816f_2016-11,0.6373291080258172
531356_2017-12,0.7685025203326733
06534f_2017-12,0.9240503643724453
c5816f_2020-10,0.9274187931826654
b1de95_2022-03,0.9119141323875564
3a13b3_2016-03,0.0908246655687589
c580aa_2017-03,0.9734664040516195
06534f_2022-04,0.9626875080771068
06534f_2020-04,0.9896689250942328
c580aa_2017-01,0.7261406073030392
6224d0_2016-03,0.0403135667142853
a25664_2017-12,0.1629416979288552
a97df3_2019-02,0.0513445038855042
1996b0_2025-01,0.278676020684892
db4cd8_2018-08,0.6140265180593301
