aircraft_id,year_month,corrosion_risk
022433,2020-11,0.0208333333333333
022433,2020-12,0.0459166860213222
022433,2021-01,0.0647041712825574
022433,2021-02,0.0638297872340425
022433,2021-03,0.0208333333333333
022433,2021-04,0.0454545454545454
022433,2021-05,0.0208333333333333
022433,2021-06,0.0208333333333333
022433,2021-07,0.0208333333333333
022433,2021-08,0.0
022433,2021-09,0.0
022433,2021-10,0.0
022433,2021-11,0.0
022433,2021-12,0.0
022433,2022-01,0.0
022433,2022-02,0.0
022433,2022-03,0.0
022433,2022-04,0.0
022433,2022-05,0.0
022433,2022-06,0.0
022433,2022-07,0.0
022433,2022-08,0.0
022433,2022-09,0.0
022433,2022-10,0.0
022433,2022-11,0.0674157303370786
022433,2022-12,0.0674157303370786
022433,2023-01,0.0674157303370786
022433,2023-02,0.0674157303370786
022433,2023-03,0.0674157303370786
022433,2023-04,0.0674157303370786
022433,2023-05,0.0769230769230769
022433,2023-06,0.2465753424657534
022433,2023-07,0.3709677419354839
022433,2023-08,0.2465753424657534
022433,2023-09,0.4285714285714285
022433,2023-10,0.3709677419354839
022433,2023-11,0.2465753424657534
022433,2023-12,0.1714285714285714
022433,2024-01,0.1714285714285714
022433,2024-02,0.0769230769230769
022433,2024-03,0.4545454545454545
022433,2024-04,0.1428571428571428
022433,2024-05,0.2465753424657534
022433,2024-06,0.2465753424657534
022433,2024-07,0.2465753424657534
022433,2024-08,0.2465753424657534
022433,2024-09,0.2465753424657534
022433,2024-10,0.2465753424657534
022433,2024-11,0.2465753424657534
022433,2024-12,0.2465753424657534
022433,2025-01,0.2465753424657534
022433,2025-02,0.2465753424657534
022433,2025-03,0.3709677419354839
022433,2025-04,0.4545454545454545
022433,2025-05,0.4545454545454545
022433,2025-06,0.5588235294117647
022433,2025-07,0.6744186046511629
022433,2025-08,0.6744186046511629
06534f,2014-08,0.0208333333333333
06534f,2014-09,0.0674157303370786
06534f,2014-10,0.0666666666666666
06534f,2014-11,0.0638297872340425
06534f,2014-12,0.0667066776165948
06534f,2015-01,0.0454545454545454
06534f,2015-02,0.0638297872340425
06534f,2015-03,0.0454545454545454
06534f,2015-04,0.0674157303370786
06534f,2015-05,0.0638297872340425
06534f,2015-06,0.0208333333333333
06534f,2015-07,0.0
06534f,2015-08,0.0
06534f,2015-09,0.0
06534f,2015-10,0.0
06534f,2015-11,0.0
06534f,2015-12,0.0
06534f,2016-01,0.0
06534f,2016-02,0.0
06534f,2016-03,0.0
06534f,2016-04,0.0
06534f,2016-05,0.0
06534f,2016-06,0.0208333333333333
06534f,2016-07,0.0454545454545454
06534f,2016-08,0.3846153846153846
06534f,2016-09,0.3709677419354839
06534f,2016-10,0.2465753424657534
06534f,2016-11,0.2465753424657534
06534f,2016-12,0.3709677419354839
06534f,2017-01,0.4545454545454545
06534f,2017-02,0.4545454545454545
06534f,2017-03,0.6744186046511629
06534f,2017-04,0.6744186046511629
06534f,2017-05,0.5
06534f,2017-06,0.6744186046511629
06534f,2017-07,0.8928571428571429
06534f,2017-08,0.8928571428571429
06534f,2017-09,0.6744186046511629
06534f,2017-10,0.8928571428571429
06534f,2017-11,0.8928571428571429
06534f,2017-12,0.8928571428571429
06534f,2018-01,0.8928571428571429
06534f,2018-02,0.5588235294117647
06534f,2018-03,0.8928571428571429
06534f,2018-04,0.5588235294117647
06534f,2018-05,0.4545454545454545
06534f,2018-06,0.6744186046511629
06534f,2018-07,0.8928571428571429
06534f,2018-08,0.6744186046511629
06534f,2018-09,0.5588235294117647
06534f,2018-10,0.8928571428571429
06534f,2018-11,0.8928571428571429
06534f,2018-12,0.5588235294117647
06534f,2019-01,0.5588235294117647
06534f,2019-02,0.4545454545454545
06534f,2019-03,0.5
06534f,2019-04,0.5588235294117647
06534f,2019-05,0.6744186046511629
06534f,2019-06,0.5588235294117647
06534f,2019-07,0.6744186046511629
06534f,2019-08,0.5588235294117647
06534f,2019-09,0.6744186046511629
06534f,2019-10,0.8928571428571429
06534f,2019-11,0.8928571428571429
06534f,2019-12,1.0
06534f,2020-01,0.8928571428571429
06534f,2020-02,0.8928571428571429
06534f,2020-03,1.0
06534f,2020-04,1.0
06534f,2020-05,1.0
06534f,2020-06,1.0
06534f,2020-07,1.0
06534f,2020-08,1.0
06534f,2020-09,1.0
06534f,2020-10,1.0
06534f,2020-11,1.0
06534f,2020-12,1.0
06534f,2021-01,1.0
06534f,2021-02,1.0
06534f,2021-03,1.0
06534f,2021-04,1.0
06534f,2021-05,1.0
06534f,2021-06,1.0
06534f,2021-07,1.0
06534f,2021-08,1.0
06534f,2021-09,0.9411764705882352
06534f,2021-10,1.0
06534f,2021-11,1.0
06534f,2021-12,1.0
06534f,2022-01,1.0
06534f,2022-02,1.0
06534f,2022-03,1.0
06534f,2022-04,1.0
06534f,2022-05,1.0
06534f,2022-06,1.0
06534f,2022-07,1.0
06534f,2022-08,1.0
06534f,2022-09,1.0
06534f,2022-10,1.0
06534f,2022-11,1.0
06534f,2022-12,1.0
06534f,2023-01,1.0
06534f,2023-02,0.8928571428571429
06534f,2023-03,1.0
06534f,2023-04,0.9411764705882352
06534f,2023-05,0.9411764705882352
06534f,2023-06,0.8928571428571429
06534f,2023-07,1.0
06534f,2023-08,1.0
06534f,2023-09,0.8928571428571429
06534f,2023-10,0.9411764705882352
06534f,2023-11,0.8928571428571429
06534f,2023-12,1.0
06534f,2024-01,0.8928571428571429
06534f,2024-02,1.0
06534f,2024-03,1.0
06534f,2024-04,0.8928571428571429
06534f,2024-05,1.0
06534f,2024-06,0.6744186046511629
06534f,2024-07,0.9411764705882352
06534f,2024-08,0.8928571428571429
06534f,2024-09,0.8928571428571429
06534f,2024-10,0.8928571428571429
06534f,2024-11,0.8928571428571429
06534f,2024-12,0.8928571428571429
06534f,2025-01,0.8928571428571429
06534f,2025-02,0.8928571428571429
06534f,2025-03,0.8928571428571429
06534f,2025-04,0.8928571428571429
06534f,2025-05,0.8928571428571429
06534f,2025-06,0.9411764705882352
06534f,2025-07,1.0
06534f,2025-08,1.0
0874ee,2014-04,0.0
0874ee,2014-05,0.0
0874ee,2014-06,0.0
0874ee,2014-07,0.0454545454545454
0874ee,2014-08,0.0208333333333333
0874ee,2014-09,0.0208333333333333
0874ee,2014-10,0.0
0874ee,2014-11,0.0208333333333333
0874ee,2014-12,0.0208333333333333
0874ee,2015-01,0.0208333333333333
0874ee,2015-02,0.0454545454545454
0874ee,2015-03,0.0
0874ee,2015-04,0.0674157303370786
0874ee,2015-05,0.0674157303370786
0874ee,2015-06,0.0666666666666666
0874ee,2015-07,0.0454545454545454
0874ee,2015-08,0.0208333333333333
0874ee,2015-09,0.0208333333333333
0874ee,2015-10,0.0638297872340425
0874ee,2016-05,0.4545454545454545
0874ee,2016-06,0.4545454545454545
0874ee,2016-07,0.4545454545454545
0874ee,2016-08,0.4545454545454545
0874ee,2016-09,0.4545454545454545
0874ee,2016-10,0.5
0874ee,2016-11,0.3709677419354839
0874ee,2016-12,0.4545454545454545
0874ee,2017-01,0.5588235294117647
0874ee,2017-02,0.5588235294117647
0874ee,2017-03,0.5588235294117647
0874ee,2017-04,0.3709677419354839
0874ee,2017-05,0.5588235294117647
0874ee,2017-06,0.4545454545454545
0874ee,2017-07,0.4545454545454545
0874ee,2017-08,0.3709677419354839
0874ee,2017-09,0.3709677419354839
0874ee,2017-10,0.4285714285714285
0874ee,2017-11,0.4545454545454545
0874ee,2017-12,0.2465753424657534
0874ee,2018-01,0.0674157303370786
0874ee,2018-02,0.0454545454545454
0874ee,2018-03,0.1714285714285714
0874ee,2018-04,0.0674157303370786
0874ee,2018-05,0.0638297872340425
0874ee,2018-06,0.0674157303370786
0874ee,2018-07,0.4545454545454545
0874ee,2018-08,0.5588235294117647
0874ee,2018-09,0.4545454545454545
0874ee,2018-10,0.4545454545454545
0874ee,2018-11,0.4545454545454545
0874ee,2018-12,0.2465753424657534
0874ee,2019-01,0.1714285714285714
0874ee,2019-02,0.1428571428571428
0874ee,2019-03,0.2465753424657534
0874ee,2019-04,0.0674157303370786
0874ee,2019-05,0.1714285714285714
0874ee,2019-06,0.2465753424657534
0874ee,2019-07,0.2465753424657534
0874ee,2019-08,0.3709677419354839
0874ee,2019-09,0.3709677419354839
0874ee,2019-10,0.4545454545454545
0874ee,2019-11,0.6666666666666666
0874ee,2019-12,0.4285714285714285
0874ee,2020-01,0.4545454545454545
0874ee,2020-02,0.4545454545454545
0874ee,2020-03,0.8928571428571429
0874ee,2020-04,0.8928571428571429
0874ee,2020-05,0.8928571428571429
0874ee,2020-06,0.8928571428571429
0874ee,2020-07,0.6666666666666666
0874ee,2020-08,0.4545454545454545
0874ee,2020-09,0.4545454545454545
0874ee,2020-10,0.3709677419354839
0874ee,2020-11,0.8928571428571429
0874ee,2020-12,0.8928571428571429
0874ee,2021-01,0.5588235294117647
0874ee,2021-02,0.6744186046511629
0874ee,2021-03,0.5588235294117647
0874ee,2021-04,0.8129781365980016
0874ee,2021-05,0.8928571428571429
0874ee,2021-06,0.3709677419354839
0874ee,2021-07,0.3709677419354839
0874ee,2021-08,0.2465753424657534
0874ee,2021-09,0.2465753424657534
0874ee,2021-10,0.8928571428571429
0874ee,2021-11,0.4545454545454545
0874ee,2021-12,0.2465753424657534
0874ee,2022-01,0.3846153846153846
0874ee,2022-02,0.0769230769230769
0cecbd,2014-12,0.0208333333333333
0cecbd,2015-01,0.0
0cecbd,2015-02,0.0
0cecbd,2015-03,0.0
0cecbd,2015-04,0.0
0cecbd,2015-05,0.0
0cecbd,2015-06,0.0
0cecbd,2015-07,0.0
0cecbd,2015-08,0.0
0cecbd,2015-09,0.0
0cecbd,2015-10,0.0
0cecbd,2015-11,0.0
0cecbd,2015-12,0.0
0cecbd,2016-01,0.0
0cecbd,2016-02,0.0
0cecbd,2016-03,0.0
0cecbd,2016-04,0.0208333333333333
0cecbd,2016-05,0.0
0cecbd,2016-06,0.0
0cecbd,2016-07,0.0
0cecbd,2016-08,0.0
0cecbd,2016-09,0.0
0cecbd,2016-10,0.0
0cecbd,2016-11,0.0
0cecbd,2016-12,0.3709677419354839
0cecbd,2017-01,0.3709677419354839
0cecbd,2017-02,0.2465753424657534
0cecbd,2017-03,0.2465753424657534
0cecbd,2017-04,0.3709677419354839
0cecbd,2017-05,0.3799317706054
0cecbd,2017-06,0.4545454545454545
0cecbd,2017-07,0.3709677419354839
0cecbd,2017-08,0.3709677419354839
0cecbd,2017-09,0.2465753424657534
0cecbd,2017-10,0.3709677419354839
0cecbd,2017-11,0.4545454545454545
0cecbd,2017-12,0.4545454545454545
0cecbd,2018-01,0.0674157303370786
0cecbd,2018-02,0.0638297872340425
0cecbd,2018-03,0.0769230769230769
0cecbd,2018-04,0.0638297872340425
0cecbd,2018-05,0.0674157303370786
0cecbd,2018-06,0.3709677419354839
0cecbd,2018-07,0.4545454545454545
0cecbd,2018-08,0.3709677419354839
0cecbd,2018-09,0.3709677419354839
0cecbd,2018-10,0.2465753424657534
0cecbd,2018-12,0.0674157303370786
0cecbd,2019-01,0.0674157303370786
0cecbd,2019-02,0.0769230769230769
0cecbd,2019-03,0.3709677419354839
0cecbd,2019-04,0.3709677419354839
0cecbd,2019-05,0.5588235294117647
0cecbd,2019-06,0.4285714285714285
0cecbd,2019-07,0.3846153846153846
0cecbd,2019-08,0.4545454545454545
0cecbd,2019-09,0.4545454545454545
0cecbd,2019-10,0.4545454545454545
0cecbd,2019-11,0.5588235294117647
0cecbd,2019-12,0.5588235294117647
0cecbd,2020-01,0.5588235294117647
0cecbd,2020-02,0.5588235294117647
0cecbd,2020-03,0.8928571428571429
0cecbd,2020-04,0.8928571428571429
0cecbd,2020-05,0.8928571428571429
0cecbd,2020-06,0.8928571428571429
0cecbd,2020-07,0.8928571428571429
0cecbd,2020-08,0.8928571428571429
0cecbd,2020-09,0.9411764705882352
0cecbd,2020-10,0.9411764705882352
0cecbd,2020-11,0.8928571428571429
0cecbd,2020-12,0.8928571428571429
0cecbd,2021-01,0.8928571428571429
0cecbd,2021-02,0.5588235294117647
0cecbd,2021-03,0.5588235294117647
0cecbd,2021-04,0.4545454545454545
0cecbd,2021-05,0.6744186046511629
0cecbd,2021-06,0.5588235294117647
0cecbd,2021-07,0.8928571428571429
0cecbd,2021-08,0.8928571428571429
0cecbd,2021-09,0.8928571428571429
0cecbd,2021-10,0.8928571428571429
0cecbd,2021-11,0.8928571428571429
0cecbd,2021-12,0.8928571428571429
0cecbd,2022-01,0.8928571428571429
0cecbd,2022-02,0.8928571428571429
0cecbd,2022-03,0.8928571428571429
0cecbd,2022-04,0.6744186046511629
0cecbd,2022-05,0.5588235294117647
0cecbd,2022-06,0.5588235294117647
0cecbd,2022-07,0.5588235294117647
0cecbd,2022-08,0.8928571428571429
0cecbd,2022-09,0.9411764705882352
0cecbd,2022-10,0.6744186046511629
0cecbd,2022-11,0.8928571428571429
0cecbd,2022-12,0.8928571428571429
0cecbd,2023-01,0.8928571428571429
0cecbd,2023-02,0.5588235294117647
0cecbd,2023-03,0.5588235294117647
0cecbd,2023-04,0.5588235294117647
0cecbd,2023-05,0.6744186046511629
0cecbd,2023-06,0.5588235294117647
0cecbd,2023-07,0.6744186046511629
0cecbd,2023-08,0.5588235294117647
0cecbd,2023-09,0.4545454545454545
0cecbd,2023-10,0.8928571428571429
0cecbd,2023-11,0.6744186046511629
0cecbd,2023-12,0.8928571428571429
0cecbd,2024-01,0.8928571428571429
0cecbd,2024-02,0.6744186046511629
0cecbd,2024-03,0.8928571428571429
0cecbd,2024-04,0.5588235294117647
0cecbd,2024-05,0.8928571428571429
0cecbd,2024-06,0.9411764705882352
0cecbd,2024-07,0.8928571428571429
0cecbd,2024-08,0.6666666666666666
0cecbd,2024-09,0.6744186046511629
0cecbd,2024-10,1.0
0cecbd,2024-11,1.0
0cecbd,2024-12,0.8928571428571429
0cecbd,2025-01,0.8928571428571429
0cecbd,2025-02,0.6744186046511629
0cecbd,2025-03,0.9411764705882352
0cecbd,2025-04,0.6744186046511629
0cecbd,2025-05,0.8928571428571429
0cecbd,2025-06,0.6744186046511629
0cecbd,2025-07,0.8928571428571429
0cecbd,2025-08,0.8928571428571429
0e8d73,2023-01,0.0674157303370786
0e8d73,2023-02,0.0674157303370786
0e8d73,2023-03,0.0666666666666666
0e8d73,2023-04,0.0638297872340425
0e8d73,2023-05,0.0454545454545454
0e8d73,2023-06,0.0454545454545454
0e8d73,2023-07,0.0
0e8d73,2023-08,0.0
0e8d73,2023-09,0.0
0e8d73,2023-10,0.0
0e8d73,2023-11,0.0
0e8d73,2023-12,0.0
0e8d73,2024-01,0.0674157303370786
0e8d73,2024-02,0.0
0e8d73,2024-03,0.0208333333333333
0e8d73,2024-04,0.0
0e8d73,2024-05,0.0
0e8d73,2024-06,0.0454545454545454
0e8d73,2024-07,0.0208333333333333
0e8d73,2024-08,0.0208333333333333
0e8d73,2024-09,0.0
0e8d73,2024-10,0.0454545454545454
0e8d73,2024-11,0.0454545454545454
0e8d73,2024-12,0.0
0e8d73,2025-01,0.3709677419354839
0e8d73,2025-02,0.2465753424657534
0e8d73,2025-03,0.3709677419354839
0e8d73,2025-04,0.2465753424657534
0e8d73,2025-05,0.0674157303370786
0e8d73,2025-06,0.1714285714285714
0e8d73,2025-07,0.2465753424657534
0e8d73,2025-08,0.3709677419354839
0e8d73,2025-09,0.4545454545454545
0f9e86,2014-09,0.0
0f9e86,2014-10,0.0
0f9e86,2014-11,0.0
0f9e86,2014-12,0.0
0f9e86,2015-01,0.0
0f9e86,2015-02,0.0
0f9e86,2015-03,0.0
0f9e86,2015-04,0.0208333333333333
0f9e86,2015-05,0.0
0f9e86,2015-06,0.0208333333333333
0f9e86,2015-07,0.0
0f9e86,2015-08,0.0208333333333333
0f9e86,2015-09,0.0208333333333333
0f9e86,2015-10,0.0
0f9e86,2015-11,0.0
0f9e86,2015-12,0.0
0f9e86,2016-01,0.0
0f9e86,2016-02,0.0
0f9e86,2016-03,0.0
0f9e86,2016-04,0.0
0f9e86,2016-05,0.0
0f9e86,2016-06,0.0208333333333333
0f9e86,2016-07,0.0
0f9e86,2016-08,0.0208333333333333
0f9e86,2016-09,0.2465753424657534
0f9e86,2016-10,0.1714285714285714
0f9e86,2016-11,0.0674157303370786
0f9e86,2016-12,0.0674157303370786
0f9e86,2017-01,0.0769230769230769
0f9e86,2017-02,0.1428571428571428
0f9e86,2017-03,0.1428571428571428
0f9e86,2017-04,0.0769230769230769
0f9e86,2017-05,0.1428571428571428
0f9e86,2017-06,0.3709677419354839
0f9e86,2017-07,0.2465753424657534
0f9e86,2017-08,0.2465753424657534
0f9e86,2017-09,0.2465753424657534
0f9e86,2017-10,0.1428571428571428
0f9e86,2017-11,0.2465753424657534
0f9e86,2017-12,0.0769230769230769
0f9e86,2018-01,0.1428571428571428
0f9e86,2018-02,0.0769230769230769
0f9e86,2018-03,0.2465753424657534
0f9e86,2018-04,0.2465753424657534
0f9e86,2018-05,0.2465753424657534
0f9e86,2018-06,0.3709677419354839
0f9e86,2018-07,0.2465753424657534
0f9e86,2018-08,0.2465753424657534
0f9e86,2018-09,0.3709677419354839
0f9e86,2018-10,0.3709677419354839
0f9e86,2018-11,0.2465753424657534
0f9e86,2018-12,0.3709677419354839
0f9e86,2019-01,0.3709677419354839
0f9e86,2019-02,0.4545454545454545
0f9e86,2019-03,0.4545454545454545
0f9e86,2019-04,0.4545454545454545
0f9e86,2019-05,0.5588235294117647
0f9e86,2019-06,0.5
0f9e86,2019-07,0.4545454545454545
0f9e86,2019-08,0.4545454545454545
0f9e86,2019-09,0.6744186046511629
0f9e86,2019-10,0.5588235294117647
0f9e86,2019-11,0.4545454545454545
0f9e86,2019-12,0.4545454545454545
0f9e86,2020-01,0.4545454545454545
0f9e86,2020-02,0.5
0f9e86,2020-03,0.8928571428571429
0f9e86,2020-04,0.8928571428571429
0f9e86,2020-05,0.6744186046511629
0f9e86,2020-06,0.6744186046511629
0f9e86,2020-07,0.6744186046511629
0f9e86,2020-08,0.5588235294117647
0f9e86,2020-09,0.4545454545454545
0f9e86,2020-10,0.5588235294117647
0f9e86,2020-11,0.5588235294117647
0f9e86,2020-12,0.6744186046511629
0f9e86,2021-01,0.4545454545454545
0f9e86,2021-02,0.4545454545454545
0f9e86,2021-03,0.4545454545454545
0f9e86,2021-04,0.4545454545454545
0f9e86,2021-05,0.4545454545454545
0f9e86,2021-06,0.4545454545454545
0f9e86,2021-07,0.2465753424657534
0f9e86,2021-08,0.4545454545454545
0f9e86,2021-09,0.2465753424657534
0f9e86,2021-10,0.8928571428571429
0f9e86,2021-11,0.5588235294117647
0f9e86,2021-12,0.3709677419354839
0f9e86,2022-01,0.4545454545454545
0f9e86,2022-02,0.3709677419354839
0f9e86,2022-03,0.3709677419354839
0f9e86,2022-04,0.3709677419354839
0f9e86,2022-05,0.6744186046511629
0f9e86,2022-06,0.4545454545454545
0f9e86,2022-07,0.4545454545454545
0f9e86,2022-08,0.3709677419354839
0f9e86,2022-09,0.2465753424657534
0f9e86,2022-10,0.2465753424657534
0f9e86,2022-11,0.3709677419354839
0f9e86,2022-12,0.3709677419354839
0f9e86,2023-01,0.4545454545454545
0f9e86,2023-02,0.4545454545454545
0f9e86,2023-03,0.8928571428571429
0f9e86,2023-04,0.4545454545454545
0f9e86,2023-05,0.4545454545454545
0f9e86,2023-06,0.3709677419354839
0f9e86,2023-07,0.3729519443713014
0f9e86,2023-08,0.4545454545454545
0f9e86,2023-09,0.4545454545454545
0f9e86,2023-10,0.8928571428571429
0f9e86,2023-11,0.9411764705882352
0f9e86,2023-12,0.4545454545454545
0f9e86,2024-01,0.5588235294117647
0f9e86,2024-02,0.5216986028398115
0f9e86,2024-03,0.6666666666666666
0f9e86,2024-04,0.8928571428571429
0f9e86,2024-05,0.5588235294117647
0f9e86,2024-06,0.6744186046511629
0f9e86,2024-07,0.5588235294117647
0f9e86,2024-08,1.0
0f9e86,2024-09,0.8928571428571429
0f9e86,2024-10,0.5588235294117647
0f9e86,2024-11,0.5588235294117647
0f9e86,2024-12,0.6744186046511629
0f9e86,2025-01,0.6744186046511629
0f9e86,2025-02,0.5588235294117647
0f9e86,2025-03,0.5588235294117647
0f9e86,2025-04,0.8928571428571429
0f9e86,2025-05,0.8928571428571429
0f9e86,2025-06,0.5588235294117647
0f9e86,2025-07,0.5588235294117647
0f9e86,2025-08,0.4545454545454545
0ffc2d,2018-11,0.0208333333333333
0ffc2d,2018-12,0.0208333333333333
0ffc2d,2019-01,0.0
0ffc2d,2019-02,0.0
0ffc2d,2019-03,0.0
0ffc2d,2019-04,0.0
0ffc2d,2019-05,0.0638297872340425
0ffc2d,2019-06,0.0666666666666666
0ffc2d,2019-07,0.0638297872340425
0ffc2d,2019-08,0.0208333333333333
0ffc2d,2019-09,0.0208333333333333
0ffc2d,2019-10,0.0638297872340425
0ffc2d,2019-11,0.0208333333333333
0ffc2d,2019-12,0.0208333333333333
0ffc2d,2020-01,0.0638297872340425
0ffc2d,2020-02,0.0638297872340425
0ffc2d,2020-03,0.0666666666666666
0ffc2d,2020-04,0.0454545454545454
0ffc2d,2020-05,0.0
0ffc2d,2020-06,0.0
0ffc2d,2020-07,0.0
0ffc2d,2020-08,0.0
0ffc2d,2020-09,0.0
0ffc2d,2020-10,0.0
0ffc2d,2020-11,0.0208333333333333
0ffc2d,2020-12,0.0638297872340425
0ffc2d,2021-01,0.0454545454545454
0ffc2d,2021-02,0.0454545454545454
0ffc2d,2021-03,0.0674157303370786
0ffc2d,2021-04,0.1714285714285714
0ffc2d,2021-05,0.3709677419354839
0ffc2d,2021-06,0.1428571428571428
0ffc2d,2021-07,0.0208333333333333
0ffc2d,2021-08,0.0638297872340425
0ffc2d,2021-09,0.0666666666666666
0ffc2d,2021-10,0.0638297872340425
0ffc2d,2021-11,0.0454545454545454
0ffc2d,2021-12,0.1714285714285714
0ffc2d,2022-01,0.1428571428571428
0ffc2d,2022-02,0.0
0ffc2d,2022-03,0.0
0ffc2d,2022-04,0.0
0ffc2d,2022-05,0.0
0ffc2d,2022-06,0.0
0ffc2d,2022-07,0.0
0ffc2d,2022-08,0.0
0ffc2d,2022-09,0.0
0ffc2d,2022-10,0.0
0ffc2d,2022-11,0.0
0ffc2d,2022-12,0.0
0ffc2d,2023-01,0.0
0ffc2d,2023-02,0.0208333333333333
0ffc2d,2023-03,0.0674157303370786
0ffc2d,2023-04,0.1714285714285714
0ffc2d,2023-05,0.2465753424657534
0ffc2d,2023-06,0.1714285714285714
0ffc2d,2023-07,0.2465753424657534
0ffc2d,2023-08,0.2465753424657534
0ffc2d,2023-09,0.2465753424657534
0ffc2d,2023-10,0.2465753424657534
0ffc2d,2023-11,0.4545454545454545
0ffc2d,2023-12,0.4545454545454545
0ffc2d,2024-01,0.4545454545454545
0ffc2d,2024-02,0.5097188319017432
0ffc2d,2024-03,0.8928571428571429
0ffc2d,2024-04,0.6744186046511629
0ffc2d,2024-05,0.5588235294117647
0ffc2d,2024-06,0.5588235294117647
0ffc2d,2024-07,0.5588235294117647
0ffc2d,2024-08,0.5588235294117647
0ffc2d,2024-09,0.5588235294117647
0ffc2d,2024-10,0.9411764705882352
0ffc2d,2024-11,0.8928571428571429
0ffc2d,2024-12,1.0
0ffc2d,2025-01,0.8928571428571429
0ffc2d,2025-02,0.8928571428571429
0ffc2d,2025-03,0.9411764705882352
0ffc2d,2025-04,0.8928571428571429
0ffc2d,2025-05,0.8928571428571429
0ffc2d,2025-06,0.8928571428571429
0ffc2d,2025-07,0.8928571428571429
0ffc2d,2025-08,0.8928571428571429
0ffc2d,2025-09,0.8928571428571429
11f0e3,2014-09,0.0674157303370786
11f0e3,2014-10,0.0674157303370786
11f0e3,2014-11,0.0
11f0e3,2014-12,0.0208333333333333
11f0e3,2015-01,0.0
11f0e3,2015-02,0.0
11f0e3,2015-03,0.0
11f0e3,2015-04,0.0
11f0e3,2015-05,0.0
11f0e3,2015-06,0.0
11f0e3,2015-07,0.0
11f0e3,2015-08,0.0
11f0e3,2015-09,0.0
11f0e3,2015-10,0.0
11f0e3,2015-11,0.0
11f0e3,2015-12,0.0
11f0e3,2016-01,0.0
11f0e3,2016-02,0.0
11f0e3,2016-03,0.0
11f0e3,2016-04,0.0
11f0e3,2016-05,0.0
11f0e3,2016-06,0.0
11f0e3,2016-07,0.0208333333333333
11f0e3,2016-08,0.0208333333333333
11f0e3,2016-09,0.2465753424657534
11f0e3,2016-10,0.1428571428571428
11f0e3,2016-11,0.0769230769230769
11f0e3,2016-12,0.2465753424657534
11f0e3,2017-01,0.2465753424657534
11f0e3,2017-02,0.2465753424657534
11f0e3,2017-03,0.0769230769230769
11f0e3,2017-04,0.1428571428571428
11f0e3,2017-05,0.2465753424657534
11f0e3,2017-06,0.2465753424657534
11f0e3,2017-07,0.4285714285714285
11f0e3,2017-08,0.2465753424657534
11f0e3,2017-09,0.2465753424657534
11f0e3,2017-10,0.2465753424657534
11f0e3,2017-11,0.2465753424657534
11f0e3,2017-12,0.2465753424657534
11f0e3,2018-01,0.0674157303370786
11f0e3,2018-02,0.1714285714285714
11f0e3,2018-03,0.1428571428571428
11f0e3,2018-04,0.2465753424657534
11f0e3,2018-05,0.2465753424657534
11f0e3,2018-06,0.2465753424657534
11f0e3,2018-07,0.1714285714285714
11f0e3,2018-08,0.0769230769230769
11f0e3,2018-09,0.0769230769230769
11f0e3,2018-10,0.0674157303370786
11f0e3,2018-11,0.0769230769230769
11f0e3,2018-12,0.2465753424657534
11f0e3,2019-01,0.3709677419354839
11f0e3,2019-02,0.4285714285714285
11f0e3,2019-03,0.3709677419354839
11f0e3,2019-04,0.4545454545454545
11f0e3,2019-05,0.4545454545454545
11f0e3,2019-06,0.5588235294117647
11f0e3,2019-07,0.5588235294117647
11f0e3,2019-08,0.4545454545454545
11f0e3,2019-09,0.4545454545454545
11f0e3,2019-10,0.4545454545454545
11f0e3,2019-11,0.6744186046511629
11f0e3,2019-12,0.4545454545454545
11f0e3,2020-01,0.5030465038500451
11f0e3,2020-02,0.5588235294117647
11f0e3,2020-03,0.8928571428571429
11f0e3,2020-04,0.6744186046511629
11f0e3,2020-05,0.5588235294117647
11f0e3,2020-06,0.5588235294117647
11f0e3,2020-07,0.5588235294117647
11f0e3,2020-08,0.6682651972065767
11f0e3,2020-09,0.5588235294117647
11f0e3,2020-10,0.4545454545454545
11f0e3,2020-11,0.5588235294117647
11f0e3,2020-12,0.4285714285714285
11f0e3,2021-01,0.5
11f0e3,2021-02,0.1714285714285714
11f0e3,2021-03,0.3709677419354839
11f0e3,2021-04,0.2465753424657534
11f0e3,2021-05,0.2465753424657534
11f0e3,2021-06,0.2465753424657534
11f0e3,2021-07,0.2465753424657534
11f0e3,2021-08,0.0769230769230769
11f0e3,2021-09,0.0769230769230769
11f0e3,2021-10,0.8928571428571429
11f0e3,2021-11,0.2465753424657534
11f0e3,2021-12,0.2465753424657534
11f0e3,2022-01,0.2465753424657534
11f0e3,2022-02,0.1714285714285714
11f0e3,2022-03,0.2465753424657534
11f0e3,2022-04,0.4545454545454545
11f0e3,2022-05,0.4545454545454545
11f0e3,2022-06,0.3709677419354839
11f0e3,2022-07,0.3846153846153846
11f0e3,2022-08,0.3709677419354839
11f0e3,2022-09,0.4545454545454545
11f0e3,2022-10,0.2465753424657534
11f0e3,2022-11,0.4285714285714285
11f0e3,2022-12,0.3709677419354839
11f0e3,2023-01,0.5588235294117647
11f0e3,2023-02,0.4545454545454545
11f0e3,2023-03,0.5588235294117647
11f0e3,2023-04,0.3709677419354839
11f0e3,2023-05,0.4545454545454545
11f0e3,2023-06,0.3709677419354839
11f0e3,2023-07,0.2465753424657534
11f0e3,2023-08,0.3709677419354839
11f0e3,2023-09,0.4285714285714285
11f0e3,2023-10,0.4545454545454545
11f0e3,2023-11,0.4545454545454545
11f0e3,2023-12,0.8928571428571429
11f0e3,2024-01,0.4545454545454545
11f0e3,2024-02,0.4545454545454545
11f0e3,2024-03,0.5588235294117647
11f0e3,2024-04,0.4545454545454545
11f0e3,2024-05,0.5588235294117647
11f0e3,2024-06,0.4545454545454545
11f0e3,2024-07,0.6744186046511629
11f0e3,2024-08,1.0
11f0e3,2024-09,1.0
11f0e3,2024-10,0.6666666666666666
11f0e3,2024-11,0.5588235294117647
11f0e3,2024-12,0.5588235294117647
11f0e3,2025-01,0.8928571428571429
11f0e3,2025-02,0.6666666666666666
11f0e3,2025-03,0.6744186046511629
11f0e3,2025-04,0.6744186046511629
11f0e3,2025-05,0.6744186046511629
11f0e3,2025-06,0.5588235294117647
11f0e3,2025-07,0.5588235294117647
11f0e3,2025-08,0.5588235294117647
14fe3a,2014-06,0.0454545454545454
14fe3a,2014-07,0.0
14fe3a,2014-08,0.0
14fe3a,2014-09,0.0454545454545454
14fe3a,2014-10,0.0
14fe3a,2014-11,0.0
14fe3a,2014-12,0.0208333333333333
14fe3a,2015-01,0.0208333333333333
14fe3a,2015-02,0.0
14fe3a,2015-03,0.0
14fe3a,2015-04,0.0674157303370786
14fe3a,2015-05,0.0674157303370786
14fe3a,2015-06,0.0454545454545454
14fe3a,2015-07,0.0208333333333333
14fe3a,2015-08,0.0454545454545454
14fe3a,2015-09,0.0638297872340425
14fe3a,2015-10,0.0
14fe3a,2015-11,0.0208333333333333
14fe3a,2015-12,0.0
14fe3a,2016-01,0.0
14fe3a,2016-02,0.0208333333333333
14fe3a,2016-03,0.0208333333333333
14fe3a,2016-04,0.0208333333333333
14fe3a,2016-05,0.0638297872340425
14fe3a,2016-06,0.4545454545454545
14fe3a,2016-07,0.4545454545454545
14fe3a,2016-08,0.4545454545454545
14fe3a,2016-09,0.4545454545454545
14fe3a,2016-10,0.4545454545454545
14fe3a,2016-11,0.4285714285714285
14fe3a,2016-12,0.4545454545454545
14fe3a,2017-01,0.4545454545454545
14fe3a,2017-02,0.2465753424657534
14fe3a,2017-03,0.2465753424657534
14fe3a,2017-04,0.2465753424657534
14fe3a,2017-05,0.5588235294117647
14fe3a,2017-06,0.4545454545454545
14fe3a,2017-07,0.4545454545454545
14fe3a,2017-08,0.4545454545454545
14fe3a,2017-09,0.3778316204941777
14fe3a,2017-10,0.3709677419354839
14fe3a,2017-11,0.3709677419354839
14fe3a,2017-12,0.4545454545454545
14fe3a,2018-01,0.2465753424657534
14fe3a,2018-02,0.0454545454545454
14fe3a,2018-03,0.2465753424657534
14fe3a,2018-04,0.0208333333333333
14fe3a,2018-05,0.0208333333333333
14fe3a,2018-06,0.0638297872340425
14fe3a,2018-07,0.4545454545454545
14fe3a,2018-08,0.4545454545454545
14fe3a,2018-09,0.4545454545454545
14fe3a,2018-10,0.4545454545454545
14fe3a,2018-11,0.4545454545454545
14fe3a,2018-12,0.0769230769230769
14fe3a,2019-01,0.5588235294117647
14fe3a,2019-02,0.2465753424657534
14fe3a,2019-03,0.5588235294117647
14fe3a,2019-04,0.3709677419354839
14fe3a,2019-05,0.5588235294117647
14fe3a,2019-06,0.4545454545454545
14fe3a,2019-07,0.4545454545454545
14fe3a,2019-08,0.5588235294117647
14fe3a,2019-09,0.5588235294117647
14fe3a,2019-10,0.4545454545454545
14fe3a,2019-11,0.5588235294117647
14fe3a,2019-12,0.8928571428571429
14fe3a,2020-01,0.6744186046511629
14fe3a,2020-02,0.4545454545454545
14fe3a,2020-03,0.956316879220179
14fe3a,2020-04,0.8928571428571429
14fe3a,2020-05,0.8928571428571429
14fe3a,2020-06,0.8928571428571429
14fe3a,2020-07,0.8928571428571429
14fe3a,2020-08,0.8928571428571429
14fe3a,2020-09,0.8928571428571429
14fe3a,2020-10,0.8928571428571429
14fe3a,2020-11,0.8928571428571429
14fe3a,2020-12,0.8928571428571429
14fe3a,2021-01,0.8928571428571429
14fe3a,2021-02,0.8928571428571429
14fe3a,2021-03,0.8928571428571429
14fe3a,2021-04,0.8928571428571429
14fe3a,2021-05,0.8928571428571429
14fe3a,2021-06,0.8928571428571429
14fe3a,2021-07,0.8928571428571429
14fe3a,2021-08,0.8928571428571429
14fe3a,2021-09,0.8928571428571429
14fe3a,2021-10,0.8928571428571429
14fe3a,2021-11,0.8928571428571429
14fe3a,2021-12,0.8928571428571429
14fe3a,2022-01,0.8928571428571429
14fe3a,2022-02,0.8928571428571429
14fe3a,2022-03,0.6744186046511629
14fe3a,2022-04,0.8928571428571429
14fe3a,2022-05,0.8928571428571429
14fe3a,2022-06,0.5588235294117647
14fe3a,2022-07,0.8928571428571429
14fe3a,2022-08,0.8928571428571429
14fe3a,2022-09,0.8928571428571429
14fe3a,2022-10,0.6744186046511629
14fe3a,2022-11,0.8928571428571429
14fe3a,2022-12,0.8928571428571429
14fe3a,2023-01,0.8928571428571429
14fe3a,2023-02,0.8928571428571429
14fe3a,2023-03,0.8928571428571429
14fe3a,2023-04,0.8928571428571429
14fe3a,2023-05,1.0
14fe3a,2023-06,0.8624335281081438
14fe3a,2023-07,0.8928571428571429
14fe3a,2023-08,0.8928571428571429
14fe3a,2023-09,0.4545454545454545
14fe3a,2023-10,0.4545454545454545
14fe3a,2023-11,0.8928571428571429
14fe3a,2023-12,1.0
14fe3a,2024-01,1.0
14fe3a,2024-02,1.0
14fe3a,2024-03,0.9411764705882352
14fe3a,2024-04,0.4545454545454545
14fe3a,2024-05,0.5588235294117647
14fe3a,2024-06,0.5588235294117647
14fe3a,2024-07,0.5588235294117647
14fe3a,2024-08,0.8928571428571429
14fe3a,2024-09,0.9411764705882352
14fe3a,2024-10,0.5588235294117647
14fe3a,2024-11,0.5588235294117647
14fe3a,2024-12,0.8928571428571429
14fe3a,2025-01,0.8928571428571429
14fe3a,2025-02,0.5
14fe3a,2025-03,0.8928571428571429
14fe3a,2025-04,0.6744186046511629
14fe3a,2025-05,0.5588235294117647
14fe3a,2025-06,0.4545454545454545
14fe3a,2025-07,0.5588235294117647
14fe3a,2025-08,0.6744186046511629
14fe3a,2025-09,0.8928571428571429
1698cf,2014-10,0.0
1698cf,2014-11,0.0208333333333333
1698cf,2014-12,0.0
1698cf,2015-01,0.0
1698cf,2015-02,0.0
1698cf,2015-03,0.0208333333333333
1698cf,2015-04,0.0666666666666666
1698cf,2015-05,0.0208333333333333
1698cf,2015-06,0.0
1698cf,2015-07,0.0
1698cf,2015-08,0.0208333333333333
1698cf,2015-09,0.0454545454545454
1698cf,2015-10,0.0
1698cf,2015-11,0.0
1698cf,2015-12,0.0
1698cf,2016-01,0.0
1698cf,2016-02,0.0
1698cf,2016-03,0.0
1698cf,2016-04,0.0
1698cf,2016-05,0.0
1698cf,2016-06,0.0208333333333333
1698cf,2016-07,0.0
1698cf,2016-08,0.0
1698cf,2016-09,0.0208333333333333
1698cf,2016-10,0.2465753424657534
1698cf,2016-11,0.2465753424657534
1698cf,2016-12,0.2465753424657534
1698cf,2017-01,0.2465753424657534
1698cf,2017-02,0.2465753424657534
1698cf,2017-03,0.3709677419354839
1698cf,2017-04,0.3709677419354839
1698cf,2017-05,0.3709677419354839
1698cf,2017-06,0.3709677419354839
1698cf,2017-07,0.3709677419354839
1698cf,2017-08,0.3709677419354839
1698cf,2017-09,0.2465753424657534
1698cf,2017-10,0.2465753424657534
1698cf,2017-11,0.0769230769230769
1698cf,2017-12,0.2465753424657534
1698cf,2018-01,0.2465753424657534
1698cf,2018-02,0.0769230769230769
1698cf,2018-03,0.4285714285714285
1698cf,2018-04,0.0
1698cf,2018-05,0.0674157303370786
1698cf,2018-06,0.0666666666666666
1698cf,2018-07,0.3735206177306839
1698cf,2018-08,0.4545454545454545
1698cf,2018-09,0.4545454545454545
1698cf,2018-10,0.3709677419354839
1698cf,2018-11,0.3709677419354839
1698cf,2018-12,0.0674157303370786
1698cf,2019-01,0.4545454545454545
1698cf,2019-02,0.3709677419354839
1698cf,2019-03,0.8928571428571429
1698cf,2019-04,0.5588235294117647
1698cf,2019-05,0.7079587285276652
1698cf,2019-06,0.4545454545454545
1698cf,2019-07,0.5588235294117647
1698cf,2019-08,0.6744186046511629
1698cf,2019-09,0.4545454545454545
1698cf,2019-10,0.5588235294117647
1698cf,2019-11,0.8928571428571429
1698cf,2019-12,0.8928571428571429
1698cf,2020-01,0.8928571428571429
1698cf,2020-02,0.8928571428571429
1698cf,2020-03,0.8928571428571429
1698cf,2020-04,0.8928571428571429
1698cf,2020-05,0.8928571428571429
1698cf,2020-06,0.8928571428571429
1698cf,2020-07,0.8928571428571429
1698cf,2020-08,0.8928571428571429
1698cf,2020-09,0.8928571428571429
1698cf,2020-10,0.8928571428571429
1698cf,2020-11,0.8928571428571429
1698cf,2020-12,0.8928571428571429
1698cf,2021-01,0.8928571428571429
1698cf,2021-02,0.8928571428571429
1698cf,2021-03,0.8928571428571429
1698cf,2021-04,0.8928571428571429
1698cf,2021-05,0.9411764705882352
1698cf,2021-06,0.9411764705882352
1698cf,2021-07,1.0
1698cf,2021-08,0.8928571428571429
1698cf,2021-09,0.8928571428571429
1698cf,2021-10,0.8928571428571429
1698cf,2021-11,0.9411764705882352
1698cf,2021-12,0.9411764705882352
1698cf,2022-01,0.8928571428571429
1698cf,2022-02,0.8928571428571429
1698cf,2022-03,0.8928571428571429
1698cf,2022-04,0.8928571428571429
1698cf,2022-05,0.9411764705882352
1698cf,2022-06,0.6744186046511629
1698cf,2022-07,0.9411764705882352
1698cf,2022-08,0.9411764705882352
1698cf,2022-09,0.8928571428571429
1698cf,2022-10,0.8928571428571429
1698cf,2022-11,0.6744186046511629
1698cf,2022-12,0.8928571428571429
1698cf,2023-01,0.8928571428571429
1698cf,2023-02,0.5588235294117647
1698cf,2023-03,0.8928571428571429
1698cf,2023-04,0.8
1698cf,2023-05,0.8928571428571429
1698cf,2023-06,0.6744186046511629
1698cf,2023-07,0.6834448242126271
1698cf,2023-08,0.9411764705882352
1698cf,2023-09,0.8928571428571429
1698cf,2023-10,0.5588235294117647
1698cf,2023-11,0.8928571428571429
1698cf,2023-12,1.0
1698cf,2024-01,1.0
1698cf,2024-02,1.0
1698cf,2024-03,1.0
1698cf,2024-04,0.9411764705882352
1698cf,2024-05,1.0
1698cf,2024-06,0.6744186046511629
1698cf,2024-07,0.8928571428571429
1698cf,2024-08,0.9411764705882352
1698cf,2024-09,0.6744186046511629
1698cf,2024-10,0.8928571428571429
1698cf,2024-11,0.8736092082793973
1698cf,2024-12,0.5588235294117647
1698cf,2025-01,0.9411764705882352
1698cf,2025-02,0.5588235294117647
1698cf,2025-03,0.8928571428571429
1698cf,2025-04,0.8928571428571429
1698cf,2025-05,0.5588235294117647
1698cf,2025-06,0.5588235294117647
1698cf,2025-07,0.9411764705882352
1698cf,2025-08,0.8928571428571429
1698cf,2025-09,0.8928571428571429
175155,2014-09,0.0638297872340425
175155,2014-10,0.0265379231820215
175155,2014-11,0.0208333333333333
175155,2014-12,0.0
175155,2015-01,0.0
175155,2015-02,0.0208333333333333
175155,2015-03,0.0
175155,2015-04,0.0674157303370786
175155,2015-05,0.0674157303370786
175155,2015-06,0.0454545454545454
175155,2015-07,0.0
175155,2015-08,0.0638297872340425
175155,2015-10,0.0
175155,2015-11,0.0208333333333333
175155,2015-12,0.0208333333333333
175155,2016-01,0.0208333333333333
175155,2016-02,0.0
175155,2016-03,0.0208333333333333
175155,2016-04,0.0208333333333333
175155,2016-05,0.0
175155,2016-06,0.0454545454545454
175155,2016-07,0.033928040362038
175155,2016-08,0.0
175155,2016-09,0.3709677419354839
175155,2016-10,0.2465753424657534
175155,2016-11,0.2465753424657534
175155,2016-12,0.2465753424657534
175155,2017-01,0.2465753424657534
175155,2017-02,0.2465753424657534
175155,2017-03,0.2465753424657534
175155,2017-04,0.2465753424657534
175155,2017-05,0.1714285714285714
175155,2017-06,0.2465753424657534
175155,2017-07,0.3709677419354839
175155,2017-08,0.3709677419354839
175155,2017-09,0.4545454545454545
175155,2017-10,0.4285714285714285
175155,2017-11,0.3709677419354839
175155,2017-12,0.2465753424657534
175155,2018-01,0.2465753424657534
175155,2018-02,0.009002735469045
175155,2018-03,0.2465753424657534
175155,2018-04,0.0666666666666666
175155,2018-05,0.0638297872340425
175155,2018-06,0.0666666666666666
175155,2018-07,0.4545454545454545
175155,2018-08,0.3709677419354839
175155,2018-09,0.3709677419354839
175155,2018-10,0.3709677419354839
175155,2018-11,0.3846153846153846
175155,2018-12,0.2465753424657534
175155,2019-01,0.5588235294117647
175155,2019-02,0.4545454545454545
175155,2019-03,0.6744186046511629
175155,2019-04,0.3709677419354839
175155,2019-05,0.4545454545454545
175155,2019-06,0.4545454545454545
175155,2019-07,0.390831021828663
175155,2019-08,0.3709677419354839
175155,2019-09,0.3709677419354839
175155,2019-10,0.4545454545454545
175155,2019-11,0.8928571428571429
175155,2019-12,0.8928571428571429
175155,2020-01,0.8928571428571429
175155,2020-02,0.8928571428571429
175155,2020-03,0.9411764705882352
175155,2020-04,0.8928571428571429
175155,2020-05,0.8928571428571429
175155,2020-06,0.8928571428571429
175155,2020-07,0.8928571428571429
175155,2020-08,0.5
175155,2020-09,0.5588235294117647
175155,2020-10,0.8928571428571429
175155,2020-11,0.8928571428571429
175155,2020-12,0.8928571428571429
175155,2021-01,0.8928571428571429
175155,2021-02,0.8928571428571429
175155,2021-03,0.8928571428571429
175155,2021-04,0.8928571428571429
175155,2021-05,0.8928571428571429
175155,2021-06,0.9411764705882352
175155,2021-07,1.0
175155,2021-08,0.8928571428571429
175155,2021-09,0.9411764705882352
175155,2021-10,0.6744186046511629
175155,2021-11,1.0
175155,2021-12,0.8928571428571429
175155,2022-01,0.8928571428571429
175155,2022-02,0.5588235294117647
175155,2022-03,0.8928571428571429
175155,2022-04,0.5588235294117647
175155,2022-05,0.5588235294117647
175155,2022-06,0.5588235294117647
175155,2022-07,0.5588235294117647
175155,2022-08,0.4545454545454545
175155,2022-09,0.4545454545454545
175155,2022-10,0.4545454545454545
175155,2022-11,0.8928571428571429
175155,2022-12,0.6744186046511629
175155,2023-01,0.9411764705882352
175155,2023-02,0.4545454545454545
175155,2023-03,0.5588235294117647
175155,2023-04,0.4545454545454545
175155,2023-05,0.6744186046511629
175155,2023-06,0.8359195654153846
175155,2023-07,0.8928571428571429
175155,2023-08,0.8928571428571429
175155,2023-09,0.6744186046511629
175155,2023-10,0.8928571428571429
175155,2023-11,1.0
175155,2023-12,1.0
175155,2024-01,0.8928571428571429
175155,2024-02,0.8928571428571429
175155,2024-03,0.8928571428571429
175155,2024-04,0.8928571428571429
175155,2024-05,0.8928571428571429
175155,2024-06,0.8928571428571429
175155,2024-07,0.8928571428571429
175155,2024-08,0.8928571428571429
175155,2024-09,0.8928571428571429
175155,2024-10,0.8928571428571429
175155,2024-11,1.0
175155,2024-12,1.0
175155,2025-01,1.0
175155,2025-02,0.8928571428571429
175155,2025-03,0.9411764705882352
175155,2025-04,0.8928571428571429
175155,2025-05,0.8928571428571429
175155,2025-06,0.8928571428571429
175155,2025-07,0.8928571428571429
175155,2025-08,0.6744186046511629
1822ea,2014-12,0.0
1822ea,2015-01,0.0
1822ea,2015-02,0.0
1822ea,2015-03,0.0
1822ea,2015-04,0.0674157303370786
1822ea,2015-05,0.0674157303370786
1822ea,2015-06,0.0638297872340425
1822ea,2015-07,0.0208333333333333
1822ea,2015-08,0.0208333333333333
1822ea,2015-09,0.0208333333333333
1822ea,2015-10,0.0208333333333333
1822ea,2015-11,0.0
1822ea,2015-12,0.0
1822ea,2016-01,0.0208333333333333
1822ea,2016-02,0.0
1822ea,2016-03,0.0
1822ea,2016-04,0.0
1822ea,2016-05,0.0
1822ea,2016-06,0.0
1822ea,2016-07,0.0208333333333333
1822ea,2016-08,0.0454545454545454
1822ea,2016-09,0.0454545454545454
1822ea,2016-10,0.0674157303370786
1822ea,2016-11,0.1428571428571428
1822ea,2016-12,0.5588235294117647
1822ea,2017-01,0.5588235294117647
1822ea,2017-02,0.4545454545454545
1822ea,2017-03,0.4545454545454545
1822ea,2017-04,0.5588235294117647
1822ea,2017-05,0.5588235294117647
1822ea,2017-06,0.4545454545454545
1822ea,2017-07,0.4545454545454545
1822ea,2017-08,0.3709677419354839
1822ea,2017-09,0.4285714285714285
1822ea,2017-10,0.4285714285714285
1822ea,2017-11,0.5588235294117647
1822ea,2017-12,0.5588235294117647
1822ea,2018-01,0.2465753424657534
1822ea,2018-02,0.0674157303370786
1822ea,2018-03,0.3846153846153846
1822ea,2018-04,0.0674157303370786
1822ea,2018-05,0.0674157303370786
1822ea,2018-06,0.0674157303370786
1822ea,2018-07,0.3709677419354839
1822ea,2018-08,0.2465753424657534
1822ea,2018-09,0.1428571428571428
1822ea,2018-10,0.2465753424657534
1822ea,2018-11,0.2465753424657534
1822ea,2018-12,0.3709677419354839
1822ea,2019-01,0.3709677419354839
1822ea,2019-02,0.2465753424657534
1822ea,2019-03,0.5588235294117647
1822ea,2019-04,0.3709677419354839
1822ea,2019-05,0.2465753424657534
1822ea,2019-06,0.3709677419354839
1822ea,2019-07,0.5588235294117647
1822ea,2019-08,0.5588235294117647
1822ea,2019-09,0.5588235294117647
1822ea,2019-10,0.8928571428571429
1822ea,2019-11,0.8928571428571429
1822ea,2019-12,0.8928571428571429
1822ea,2020-01,0.9411764705882352
1822ea,2020-02,0.8928571428571429
1822ea,2020-03,1.0
1822ea,2020-04,1.0
1822ea,2020-05,0.9411764705882352
1822ea,2020-06,0.9452133032934512
1822ea,2020-07,0.9411764705882352
1822ea,2020-08,0.9411764705882352
1822ea,2020-09,1.0
1822ea,2020-10,1.0
1822ea,2020-11,1.0
1822ea,2020-12,0.9411764705882352
1822ea,2021-01,1.0
1822ea,2021-02,1.0
1822ea,2021-03,1.0
1822ea,2021-04,1.0
1822ea,2021-05,1.0
1822ea,2021-06,1.0
1822ea,2021-07,0.8928571428571429
1822ea,2021-08,0.8928571428571429
1822ea,2021-09,1.0
1822ea,2021-10,1.0
1822ea,2021-11,1.0
1822ea,2021-12,1.0
1822ea,2022-01,1.0
1822ea,2022-02,1.0
1822ea,2022-03,1.0
1822ea,2022-04,0.8928571428571429
1822ea,2022-05,0.6744186046511629
1822ea,2022-06,0.8928571428571429
1822ea,2022-07,0.8928571428571429
1822ea,2022-08,0.8928571428571429
1822ea,2022-09,0.8928571428571429
1822ea,2022-10,0.6744186046511629
1822ea,2022-11,1.0
1822ea,2022-12,1.0
1822ea,2023-01,0.9411764705882352
1822ea,2023-02,0.5588235294117647
1822ea,2023-03,0.9411764705882352
1822ea,2023-04,0.6744186046511629
1822ea,2023-05,0.6744186046511629
1822ea,2023-06,0.6744186046511629
1822ea,2023-07,0.6744186046511629
1822ea,2023-08,0.5588235294117647
1822ea,2023-09,0.6744186046511629
1822ea,2023-10,0.8928571428571429
1822ea,2023-11,0.8928571428571429
1822ea,2023-12,0.9411764705882352
1822ea,2024-01,1.0
1822ea,2024-02,0.8928571428571429
1822ea,2024-03,1.0
1822ea,2024-04,0.8928571428571429
1822ea,2024-05,0.8928571428571429
1822ea,2024-06,0.8928571428571429
1822ea,2024-07,0.8928571428571429
1822ea,2024-08,0.8928571428571429
1822ea,2024-09,1.0
1822ea,2024-10,1.0
1822ea,2024-11,0.8928571428571429
1822ea,2024-12,1.0
1822ea,2025-01,1.0
1822ea,2025-02,0.9411764705882352
1822ea,2025-03,0.8928571428571429
1822ea,2025-04,1.0
1822ea,2025-05,0.8928571428571429
1822ea,2025-06,0.8928571428571429
1822ea,2025-07,0.8928571428571429
1822ea,2025-08,0.8928571428571429
1822ea,2025-09,0.8928571428571429
18defd,2014-04,0.0208333333333333
18defd,2014-05,0.0454545454545454
18defd,2014-06,0.0208333333333333
18defd,2014-07,0.0208333333333333
18defd,2014-08,0.0638297872340425
18defd,2014-09,0.0454545454545454
18defd,2014-10,0.0208333333333333
18defd,2014-11,0.0638297872340425
18defd,2014-12,0.0638297872340425
18defd,2015-01,0.0208333333333333
18defd,2015-02,0.0454545454545454
18defd,2015-03,0.0454545454545454
18defd,2015-04,0.0454545454545454
18defd,2015-05,0.0
18defd,2015-06,0.0
18defd,2015-07,0.0
18defd,2015-08,0.0
18defd,2015-09,0.0208333333333333
18defd,2015-10,0.0
18defd,2015-11,0.0454545454545454
18defd,2015-12,0.0208333333333333
18defd,2016-01,0.0454545454545454
18defd,2016-02,0.0
18defd,2016-03,0.0
18defd,2016-04,0.0769230769230769
18defd,2016-05,0.0769230769230769
18defd,2016-06,0.0769230769230769
18defd,2016-07,0.1428571428571428
18defd,2016-08,0.1714285714285714
18defd,2016-09,0.2465753424657534
18defd,2016-10,0.3709677419354839
18defd,2016-11,0.3709677419354839
18defd,2016-12,0.3709677419354839
18defd,2017-01,0.3815255816576344
18defd,2017-02,0.3709677419354839
18defd,2017-03,0.3709677419354839
18defd,2017-04,0.2465753424657534
18defd,2017-05,0.2465753424657534
18defd,2017-06,0.1714285714285714
18defd,2017-07,0.1714285714285714
18defd,2017-08,0.0769230769230769
18defd,2017-09,0.0674157303370786
18defd,2017-10,0.2465753424657534
18defd,2017-11,0.0769230769230769
18defd,2017-12,0.3846153846153846
18defd,2018-01,0.0674157303370786
18defd,2018-02,0.1714285714285714
18defd,2018-03,0.1714285714285714
18defd,2018-04,0.1714285714285714
18defd,2018-05,0.0769230769230769
18defd,2018-06,0.0674157303370786
18defd,2018-07,0.3846153846153846
18defd,2018-08,0.4545454545454545
18defd,2018-09,0.4545454545454545
18defd,2018-10,0.4545454545454545
18defd,2018-11,0.6666666666666666
18defd,2018-12,0.2465753424657534
18defd,2019-01,0.3709677419354839
18defd,2019-02,0.3709677419354839
18defd,2019-03,0.3709677419354839
18defd,2019-04,0.4545454545454545
18defd,2019-05,0.4545454545454545
18defd,2019-06,0.5588235294117647
18defd,2019-07,0.4545454545454545
18defd,2019-08,0.4545454545454545
18defd,2019-09,0.4545454545454545
18defd,2019-10,0.4545454545454545
18defd,2019-11,0.5588235294117647
18defd,2019-12,0.5588235294117647
18defd,2020-01,0.5588235294117647
18defd,2020-02,0.5588235294117647
18defd,2020-03,0.8928571428571429
18defd,2020-04,0.8928571428571429
18defd,2020-05,0.8928571428571429
18defd,2020-06,0.8928571428571429
18defd,2020-07,0.6744186046511629
18defd,2020-08,0.5588235294117647
18defd,2020-09,0.5588235294117647
18defd,2020-10,0.5588235294117647
18defd,2020-11,0.5588235294117647
18defd,2020-12,0.5588235294117647
18defd,2021-01,0.5588235294117647
18defd,2021-02,0.5588235294117647
18defd,2021-03,0.5588235294117647
18defd,2021-04,0.5588235294117647
18defd,2021-05,0.5588235294117647
18defd,2021-06,0.5588235294117647
18defd,2021-07,0.5588235294117647
18defd,2021-08,0.5588235294117647
18defd,2021-09,0.5588235294117647
18defd,2021-10,0.5588235294117647
18defd,2021-11,0.5588235294117647
18defd,2021-12,0.5588235294117647
18defd,2022-01,0.5588235294117647
18defd,2022-02,0.5588235294117647
18defd,2022-03,0.5588235294117647
18defd,2022-04,0.5588235294117647
18defd,2022-05,0.5588235294117647
18defd,2022-06,0.5588235294117647
18defd,2022-07,0.5588235294117647
18defd,2022-08,0.5588235294117647
18defd,2022-09,0.5588235294117647
18defd,2022-10,0.5588235294117647
18defd,2022-11,0.62475287687002
18defd,2022-12,0.5588235294117647
18defd,2023-01,0.5588235294117647
18defd,2023-02,0.5588235294117647
18defd,2023-03,0.2465753424657534
18defd,2023-04,0.3709677419354839
18defd,2023-05,0.4285714285714285
18defd,2023-06,0.4545454545454545
18defd,2023-07,0.4545454545454545
18defd,2023-08,0.4545454545454545
18defd,2023-09,0.4545454545454545
18defd,2023-10,0.4545454545454545
18defd,2023-11,0.4545454545454545
18defd,2023-12,0.3846153846153846
18defd,2024-01,0.4545454545454545
18defd,2024-02,0.3709677419354839
18defd,2024-03,0.4545454545454545
18defd,2024-04,0.5588235294117647
18defd,2024-05,0.6744186046511629
18defd,2024-06,0.6744186046511629
18defd,2024-07,1.0
18defd,2024-08,0.6744186046511629
18defd,2024-09,0.8928571428571429
18defd,2024-10,1.0
18defd,2024-11,0.8928571428571429
18defd,2024-12,1.0
18defd,2025-01,0.8928571428571429
18defd,2025-02,0.8928571428571429
18defd,2025-03,0.8928571428571429
18defd,2025-04,0.8928571428571429
18defd,2025-05,0.8928571428571429
18defd,2025-06,0.8928571428571429
18defd,2025-07,0.8928571428571429
18defd,2025-08,0.8928571428571429
1996b0,2022-08,0.0454545454545454
1996b0,2022-09,0.0454545454545454
1996b0,2022-10,0.0638297872340425
1996b0,2022-11,0.0
1996b0,2022-12,0.0
1996b0,2023-01,0.0
1996b0,2023-02,0.0
1996b0,2023-03,0.0
1996b0,2023-04,0.0
1996b0,2023-05,0.0
1996b0,2023-06,0.0
1996b0,2023-07,0.0
1996b0,2023-08,0.0
1996b0,2023-09,0.0
1996b0,2023-10,0.0
1996b0,2023-11,0.0
1996b0,2023-12,0.0
1996b0,2024-01,0.0
1996b0,2024-02,0.0
1996b0,2024-03,0.0
1996b0,2024-04,0.0
1996b0,2024-05,0.0
1996b0,2024-06,0.0208333333333333
1996b0,2024-07,0.0208333333333333
1996b0,2024-08,0.2465753424657534
1996b0,2024-09,0.2465753424657534
1996b0,2024-10,0.3709677419354839
1996b0,2024-11,0.3709677419354839
1996b0,2024-12,0.2465753424657534
1996b0,2025-01,0.3709677419354839
1996b0,2025-02,0.5588235294117647
1996b0,2025-03,0.5
1996b0,2025-04,0.4545454545454545
1996b0,2025-05,0.2465753424657534
1996b0,2025-06,0.2465753424657534
1996b0,2025-07,0.3709677419354839
1996b0,2025-08,0.2465753424657534
19fa84,2014-12,0.0674157303370786
19fa84,2015-01,0.0208333333333333
19fa84,2015-02,0.0208333333333333
19fa84,2015-03,0.0208333333333333
19fa84,2015-04,0.0666666666666666
19fa84,2015-05,0.0638297872340425
19fa84,2015-06,0.0208333333333333
19fa84,2015-07,0.0
19fa84,2015-08,0.0
19fa84,2015-09,0.0208333333333333
19fa84,2015-10,0.0
19fa84,2015-11,0.0208333333333333
19fa84,2015-12,0.0208333333333333
19fa84,2016-01,0.0
19fa84,2016-02,0.0
19fa84,2016-03,0.0
19fa84,2016-04,0.0
19fa84,2016-05,0.0
19fa84,2016-06,0.0
19fa84,2016-07,0.0
19fa84,2016-08,0.0
19fa84,2016-09,0.0
19fa84,2016-10,0.0
19fa84,2016-11,0.0
19fa84,2016-12,0.1428571428571428
19fa84,2017-01,0.2465753424657534
19fa84,2017-02,0.2465753424657534
19fa84,2017-03,0.2465753424657534
19fa84,2017-04,0.2465753424657534
19fa84,2017-05,0.3709677419354839
19fa84,2017-06,0.3709677419354839
19fa84,2017-07,0.3328028899732109
19fa84,2017-08,0.3709677419354839
19fa84,2017-09,0.3709677419354839
19fa84,2017-10,0.3709677419354839
19fa84,2017-11,0.2465753424657534
19fa84,2017-12,0.2465753424657534
19fa84,2018-01,0.0769230769230769
19fa84,2018-02,0.0454545454545454
19fa84,2018-03,0.0674157303370786
19fa84,2018-04,0.0454545454545454
19fa84,2018-05,0.0674157303370786
19fa84,2018-06,0.1714285714285714
19fa84,2018-07,0.4545454545454545
19fa84,2018-08,0.4545454545454545
19fa84,2018-09,0.4285714285714285
19fa84,2018-10,0.4545454545454545
19fa84,2018-11,0.4545454545454545
19fa84,2018-12,0.0769230769230769
19fa84,2019-01,0.1714285714285714
19fa84,2019-02,0.1428571428571428
19fa84,2019-03,0.1428571428571428
19fa84,2019-04,0.2465753424657534
19fa84,2019-05,0.3709677419354839
19fa84,2019-06,0.3709677419354839
19fa84,2019-07,0.8928571428571429
19fa84,2019-08,0.4545454545454545
19fa84,2019-09,0.8928571428571429
19fa84,2019-10,0.8928571428571429
19fa84,2019-11,0.8
19fa84,2019-12,0.6460502389804836
19fa84,2020-01,0.869208023226886
19fa84,2020-02,0.3709677419354839
19fa84,2020-03,0.6744186046511629
19fa84,2020-04,0.8928571428571429
19fa84,2020-05,0.8928571428571429
19fa84,2020-06,0.8928571428571429
19fa84,2020-07,0.8928571428571429
19fa84,2020-08,0.8928571428571429
19fa84,2020-09,0.8928571428571429
19fa84,2020-10,0.8928571428571429
19fa84,2020-11,0.8
19fa84,2020-12,0.4545454545454545
19fa84,2021-01,0.3709677419354839
19fa84,2021-02,0.4545454545454545
19fa84,2021-03,0.8928571428571429
19fa84,2021-04,1.0
19fa84,2021-05,0.9411764705882352
19fa84,2021-06,0.8928571428571429
19fa84,2021-07,0.5588235294117647
19fa84,2021-08,0.7835185053309603
19fa84,2021-09,0.3709677419354839
19fa84,2021-10,0.4545454545454545
19fa84,2021-11,0.3709677419354839
19fa84,2021-12,0.3820649393170519
19fa84,2022-01,0.3709677419354839
19fa84,2022-02,0.3709677419354839
19fa84,2022-03,0.4545454545454545
19fa84,2022-04,0.3709677419354839
19fa84,2022-05,0.5588235294117647
19fa84,2022-06,0.4545454545454545
19fa84,2022-07,0.5588235294117647
19fa84,2022-08,0.5
19fa84,2022-09,0.4545454545454545
19fa84,2022-10,0.5588235294117647
19fa84,2022-11,0.5588235294117647
19fa84,2022-12,0.5588235294117647
19fa84,2023-01,0.5588235294117647
19fa84,2023-02,0.4545454545454545
19fa84,2023-03,0.4545454545454545
19fa84,2023-04,0.4545454545454545
19fa84,2023-05,0.6744186046511629
19fa84,2023-06,0.5588235294117647
19fa84,2023-07,0.6744186046511629
19fa84,2023-08,0.5505265385821905
19fa84,2023-09,0.5588235294117647
19fa84,2023-10,0.5588235294117647
19fa84,2023-11,0.5588235294117647
19fa84,2023-12,0.5588235294117647
19fa84,2024-01,0.8202081723756085
19fa84,2024-02,0.8
19fa84,2024-03,0.6666666666666666
19fa84,2024-04,0.8
19fa84,2024-05,0.8928571428571429
19fa84,2024-06,0.8928571428571429
19fa84,2024-07,0.8928571428571429
19fa84,2024-08,0.8928571428571429
19fa84,2024-09,1.0
19fa84,2024-10,0.8928571428571429
19fa84,2024-11,0.8928571428571429
19fa84,2024-12,0.8928571428571429
19fa84,2025-01,0.8928571428571429
19fa84,2025-02,0.8928571428571429
19fa84,2025-03,0.8928571428571429
19fa84,2025-04,0.8928571428571429
19fa84,2025-05,0.8928571428571429
19fa84,2025-06,0.8928571428571429
19fa84,2025-07,0.8928571428571429
19fa84,2025-08,0.8928571428571429
1b9e65,2014-11,0.0638297872340425
1b9e65,2014-12,0.0208333333333333
1b9e65,2015-01,0.0638297872340425
1b9e65,2015-02,0.0
1b9e65,2015-03,0.0
1b9e65,2015-04,0.0208333333333333
1b9e65,2015-05,0.0666666666666666
1b9e65,2015-06,0.0638297872340425
1b9e65,2015-07,0.0454545454545454
1b9e65,2015-08,0.0208333333333333
1b9e65,2015-09,0.0208333333333333
1b9e65,2015-10,0.0
1b9e65,2015-11,0.0
1b9e65,2015-12,0.0
1b9e65,2016-01,0.0669069303962286
1b9e65,2016-02,0.0638297872340425
1b9e65,2016-03,0.0454545454545454
1b9e65,2016-04,0.0208333333333333
1b9e65,2016-05,0.0208333333333333
1b9e65,2016-06,0.0208333333333333
1b9e65,2016-07,0.0208333333333333
1b9e65,2016-08,0.0208333333333333
1b9e65,2016-09,0.0208333333333333
1b9e65,2016-10,0.0638297872340425
1b9e65,2016-11,0.3709677419354839
1b9e65,2016-12,0.2465753424657534
1b9e65,2017-01,0.4545454545454545
1b9e65,2017-02,0.3709677419354839
1b9e65,2017-04,0.2465753424657534
1b9e65,2017-05,0.5588235294117647
1b9e65,2017-06,0.4545454545454545
1b9e65,2017-07,0.4545454545454545
1b9e65,2017-08,0.3846153846153846
1b9e65,2017-09,0.3709677419354839
1b9e65,2017-10,0.3806737911597967
1b9e65,2017-11,0.3709677419354839
1b9e65,2017-12,0.1460133065517879
1b9e65,2018-01,0.0769230769230769
1b9e65,2018-02,0.1714285714285714
1b9e65,2018-03,0.2465753424657534
1b9e65,2018-04,0.0674157303370786
1b9e65,2018-05,0.0769230769230769
1b9e65,2018-06,0.0454545454545454
1b9e65,2018-07,0.1714285714285714
1b9e65,2018-08,0.2465753424657534
1b9e65,2018-09,0.2465753424657534
1b9e65,2018-10,0.3709677419354839
1b9e65,2018-11,0.3709677419354839
1b9e65,2018-12,0.3709677419354839
1b9e65,2019-01,0.3709677419354839
1b9e65,2019-02,0.1714285714285714
1b9e65,2019-03,0.0769230769230769
1b9e65,2019-04,0.2465753424657534
1b9e65,2019-05,0.4285714285714285
1b9e65,2019-06,0.4545454545454545
1b9e65,2019-07,0.5588235294117647
1b9e65,2019-08,0.5588235294117647
1b9e65,2019-09,0.4545454545454545
1b9e65,2019-10,0.4838422559734928
1b9e65,2019-11,0.4545454545454545
1b9e65,2019-12,0.5
1b9e65,2020-01,0.4545454545454545
1b9e65,2020-02,0.4545454545454545
1b9e65,2020-03,0.8928571428571429
1b9e65,2020-04,0.8928571428571429
1b9e65,2020-05,0.8928571428571429
1b9e65,2020-06,0.8928571428571429
1b9e65,2020-07,0.5588235294117647
1b9e65,2020-08,0.8928571428571429
1b9e65,2020-09,0.8928571428571429
1b9e65,2020-10,0.8928571428571429
1b9e65,2020-11,0.8928571428571429
1b9e65,2020-12,0.8928571428571429
1b9e65,2021-01,0.5588235294117647
1b9e65,2021-02,0.4545454545454545
1b9e65,2021-03,0.8928571428571429
1b9e65,2021-04,0.4545454545454545
1b9e65,2021-05,0.8928571428571429
1b9e65,2021-06,0.8928571428571429
1b9e65,2021-07,0.8928571428571429
1b9e65,2021-08,0.8928571428571429
1b9e65,2021-09,0.8928571428571429
1b9e65,2021-10,0.8928571428571429
1b9e65,2021-11,0.8928571428571429
1b9e65,2021-12,0.8928571428571429
1b9e65,2022-01,0.8928571428571429
1b9e65,2022-02,0.8928571428571429
1b9e65,2022-03,0.4545454545454545
1b9e65,2022-04,0.5588235294117647
1b9e65,2022-05,0.8928571428571429
1b9e65,2022-06,0.5588235294117647
1b9e65,2022-07,0.4545454545454545
1b9e65,2022-08,0.8928571428571429
1b9e65,2022-09,0.5588235294117647
1b9e65,2022-10,0.8928571428571429
1b9e65,2022-11,0.5588235294117647
1b9e65,2022-12,0.4157447816139563
1b9e65,2023-01,0.3709677419354839
1b9e65,2023-02,0.3709677419354839
1b9e65,2023-03,0.3709677419354839
1b9e65,2023-04,0.3709677419354839
1b9e65,2023-05,0.4545454545454545
1b9e65,2023-06,0.6744186046511629
1b9e65,2023-07,0.5588235294117647
1b9e65,2023-08,1.0
1b9e65,2023-09,0.9411764705882352
1b9e65,2023-10,0.9411764705882352
1b9e65,2023-11,0.5588235294117647
1b9e65,2023-12,0.5588235294117647
1b9e65,2024-01,0.5
1b9e65,2024-02,0.5588235294117647
1b9e65,2024-03,0.5588235294117647
1b9e65,2024-04,0.6744186046511629
1b9e65,2024-05,0.6744186046511629
1b9e65,2024-06,1.0
1b9e65,2024-07,1.0
1b9e65,2024-08,0.8928571428571429
1b9e65,2024-09,0.5588235294117647
1b9e65,2024-10,0.8928571428571429
1b9e65,2024-11,0.5588235294117647
1b9e65,2024-12,0.5588235294117647
1b9e65,2025-01,0.4545454545454545
1b9e65,2025-02,0.4545454545454545
1b9e65,2025-03,0.4545454545454545
1b9e65,2025-04,0.8928571428571429
1b9e65,2025-05,0.5588235294117647
1b9e65,2025-06,0.6666666666666666
1b9e65,2025-07,0.5588235294117647
1b9e65,2025-08,0.6744186046511629
1bdb97,2021-07,0.0208333333333333
1bdb97,2021-08,0.0638297872340425
1bdb97,2021-09,0.0454545454545454
1bdb97,2021-10,0.0638297872340425
1bdb97,2021-11,0.0208333333333333
1bdb97,2021-12,0.0208333333333333
1bdb97,2022-01,0.0
1bdb97,2022-02,0.0
1bdb97,2022-03,0.0208333333333333
1bdb97,2022-04,0.0
1bdb97,2022-05,0.0454545454545454
1bdb97,2022-06,0.0071326889772899
1bdb97,2022-07,0.0208333333333333
1bdb97,2022-08,0.0
1bdb97,2022-09,0.0
1bdb97,2022-10,0.0208333333333333
1bdb97,2022-11,0.0454545454545454
1bdb97,2022-12,0.0
1bdb97,2023-01,0.0208333333333333
1bdb97,2023-02,0.0
1bdb97,2023-03,0.0674157303370786
1bdb97,2023-04,0.0520937080057823
1bdb97,2023-05,0.0208333333333333
1bdb97,2023-06,0.0208333333333333
1bdb97,2023-07,0.2465753424657534
1bdb97,2023-08,0.2465753424657534
1bdb97,2023-09,0.2465753424657534
1bdb97,2023-10,0.2465753424657534
1bdb97,2023-11,0.4545454545454545
1bdb97,2023-12,0.4545454545454545
1bdb97,2024-01,0.5588235294117647
1bdb97,2024-02,0.4545454545454545
1bdb97,2024-03,0.3709677419354839
1bdb97,2024-04,0.3846153846153846
1bdb97,2024-05,0.1714285714285714
1bdb97,2024-06,0.1714285714285714
1bdb97,2024-07,0.2465753424657534
1bdb97,2024-08,0.0769230769230769
1bdb97,2024-09,0.0769230769230769
1bdb97,2024-10,0.2465753424657534
1bdb97,2024-11,0.2465753424657534
1bdb97,2024-12,0.3709677419354839
1bdb97,2025-01,0.2465753424657534
1bdb97,2025-02,0.1714285714285714
1bdb97,2025-03,0.1714285714285714
1bdb97,2025-04,0.1714285714285714
1bdb97,2025-05,0.0674157303370786
1bdb97,2025-06,0.0666666666666666
1bdb97,2025-07,0.0674157303370786
1bdb97,2025-08,0.0674157303370786
1bdb97,2025-09,0.3709677419354839
2167be,2025-06,0.0454545454545454
2167be,2025-07,0.0638297872340425
2167be,2025-08,0.0666666666666666
2167be,2025-09,0.0666666666666666
259a19,2014-06,0.0
259a19,2014-07,0.0638297872340425
259a19,2014-08,0.0454545454545454
259a19,2014-09,0.0
259a19,2014-10,0.0208333333333333
259a19,2014-11,0.0208333333333333
259a19,2014-12,0.0
259a19,2015-01,0.0
259a19,2015-02,0.0
259a19,2015-03,0.0
259a19,2015-04,0.0638297872340425
259a19,2015-05,0.0
259a19,2015-06,0.0
259a19,2015-07,0.0
259a19,2015-08,0.0
259a19,2015-09,0.0
259a19,2015-10,0.0208333333333333
259a19,2015-11,0.0
259a19,2015-12,0.0
259a19,2016-01,0.0
259a19,2016-02,0.0
259a19,2016-03,0.0
259a19,2016-04,0.0
259a19,2016-05,0.0208333333333333
259a19,2016-06,0.4545454545454545
259a19,2016-07,0.4545454545454545
259a19,2016-08,0.4545454545454545
259a19,2016-09,0.4545454545454545
259a19,2016-10,0.4545454545454545
259a19,2016-11,0.2465753424657534
259a19,2016-12,0.3846153846153846
259a19,2017-01,0.3709677419354839
259a19,2017-02,0.1714285714285714
259a19,2017-03,0.3709677419354839
259a19,2017-04,0.3709677419354839
259a19,2017-05,0.4545454545454545
259a19,2017-06,0.3846153846153846
259a19,2017-07,0.3709677419354839
259a19,2017-08,0.3709677419354839
259a19,2017-09,0.3709677419354839
259a19,2017-10,0.2465753424657534
259a19,2017-11,0.1714285714285714
259a19,2017-12,0.3709677419354839
259a19,2018-01,0.3709677419354839
259a19,2018-02,0.0674157303370786
259a19,2018-03,0.2465753424657534
259a19,2018-04,0.0638297872340425
259a19,2018-05,0.0674157303370786
259a19,2018-06,0.0674157303370786
259a19,2018-07,0.4545454545454545
259a19,2018-08,0.4545454545454545
259a19,2018-09,0.4545454545454545
259a19,2018-10,0.6666666666666666
259a19,2018-11,0.6744186046511629
259a19,2018-12,0.3709677419354839
259a19,2019-01,0.6744186046511629
259a19,2019-02,0.8928571428571429
259a19,2019-03,0.5588235294117647
259a19,2019-04,0.8928571428571429
259a19,2019-05,0.6744186046511629
259a19,2019-06,0.5588235294117647
259a19,2019-07,0.8928571428571429
259a19,2019-08,0.5588235294117647
259a19,2019-09,0.6744186046511629
259a19,2019-10,0.5588235294117647
259a19,2019-11,0.6744186046511629
259a19,2019-12,0.8928571428571429
259a19,2020-01,0.9411764705882352
259a19,2020-02,0.5588235294117647
259a19,2020-03,0.8928571428571429
259a19,2020-04,0.8928571428571429
259a19,2020-05,0.8928571428571429
259a19,2020-06,0.8928571428571429
259a19,2020-07,0.4545454545454545
259a19,2020-08,0.8928571428571429
259a19,2020-09,0.8928571428571429
259a19,2020-10,0.8928571428571429
259a19,2020-11,0.8928571428571429
259a19,2020-12,0.9411764705882352
259a19,2021-01,0.8928571428571429
259a19,2021-02,0.9411764705882352
259a19,2021-03,0.9411764705882352
259a19,2021-04,0.9411764705882352
259a19,2021-05,0.9411764705882352
259a19,2021-06,0.9411764705882352
259a19,2021-07,0.8928571428571429
259a19,2021-08,0.8928571428571429
259a19,2021-09,0.8928571428571429
259a19,2021-10,0.8928571428571429
259a19,2021-11,0.9411764705882352
259a19,2021-12,0.9411764705882352
259a19,2022-01,0.9411764705882352
259a19,2022-02,1.0
259a19,2022-03,0.8928571428571429
259a19,2022-04,0.6744186046511629
259a19,2022-05,0.8928571428571429
259a19,2022-06,0.5588235294117647
259a19,2022-07,0.4545454545454545
259a19,2022-08,0.5588235294117647
259a19,2022-09,0.8928571428571429
259a19,2022-10,0.8928571428571429
259a19,2022-11,0.8928571428571429
259a19,2022-12,0.8928571428571429
259a19,2023-01,0.8928571428571429
259a19,2023-02,0.5253949993927468
259a19,2023-03,0.8928571428571429
259a19,2023-04,0.8928571428571429
259a19,2023-05,0.8928571428571429
259a19,2023-06,0.8928571428571429
259a19,2023-07,0.8928571428571429
259a19,2023-08,0.8928571428571429
259a19,2023-09,0.8928571428571429
259a19,2023-10,1.0
259a19,2023-11,0.8928571428571429
259a19,2023-12,0.8928571428571429
259a19,2024-01,0.9411764705882352
259a19,2024-02,1.0
259a19,2024-03,0.9411764705882352
259a19,2024-04,0.5588235294117647
259a19,2024-05,1.0
259a19,2024-06,0.5588235294117647
259a19,2024-07,0.9411764705882352
259a19,2024-08,0.6054618905503848
259a19,2024-09,0.5588235294117647
259a19,2024-10,0.8928571428571429
259a19,2024-11,0.8928571428571429
259a19,2024-12,0.8928571428571429
259a19,2025-01,0.8928571428571429
259a19,2025-02,0.6113758981606698
259a19,2025-03,0.9411764705882352
259a19,2025-04,0.8928571428571429
259a19,2025-05,0.8928571428571429
259a19,2025-06,0.9411764705882352
259a19,2025-07,0.8928571428571429
259a19,2025-08,0.8928571428571429
259a19,2025-09,0.6744186046511629
265164,2023-05,0.0454545454545454
265164,2023-06,0.0638297872340425
265164,2023-07,0.0208333333333333
265164,2023-08,0.0638297872340425
265164,2023-09,0.0454545454545454
265164,2023-10,0.0674157303370786
265164,2023-11,0.0674157303370786
265164,2023-12,0.0454545454545454
265164,2024-01,0.0638297872340425
265164,2024-02,0.0208333333333333
265164,2024-03,0.0208333333333333
265164,2024-04,0.0
265164,2024-05,0.0
265164,2024-06,0.0208333333333333
265164,2024-07,0.0
265164,2024-08,0.0208333333333333
265164,2024-09,0.0
265164,2024-10,0.0454545454545454
265164,2024-11,0.0454545454545454
265164,2024-12,0.0
265164,2025-01,0.0638297872340425
265164,2025-02,0.0208333333333333
265164,2025-03,0.0208333333333333
265164,2025-04,0.0
265164,2025-05,0.2465753424657534
265164,2025-06,0.2465753424657534
265164,2025-07,0.3709677419354839
265164,2025-08,0.3709677419354839
293190,2014-06,0.0674157303370786
293190,2014-07,0.0644640741583573
293190,2014-08,0.0454545454545454
293190,2014-09,0.0674157303370786
293190,2014-10,0.0666666666666666
293190,2014-11,0.0674157303370786
293190,2014-12,0.0666666666666666
293190,2015-01,0.0666666666666666
293190,2015-02,0.0208333333333333
293190,2015-03,0.0666666666666666
293190,2015-04,0.0674157303370786
293190,2015-05,0.0638297872340425
293190,2015-06,0.0
293190,2015-07,0.0
293190,2015-08,0.0
293190,2015-09,0.0
293190,2015-10,0.0
293190,2015-11,0.0
293190,2015-12,0.0
293190,2016-01,0.0208333333333333
293190,2016-02,0.0208333333333333
293190,2016-03,0.0208333333333333
293190,2016-04,0.0208333333333333
293190,2016-05,0.0208333333333333
293190,2016-06,0.3709677419354839
293190,2016-07,0.3709677419354839
293190,2016-08,0.2465753424657534
293190,2016-09,0.0674157303370786
293190,2016-10,0.0674157303370786
293190,2016-11,0.2465753424657534
293190,2016-12,0.1714285714285714
293190,2017-01,0.3709677419354839
293190,2017-02,0.3709677419354839
293190,2017-03,0.3709677419354839
293190,2017-04,0.2465753424657534
293190,2017-05,0.3709677419354839
293190,2017-06,0.3709677419354839
293190,2017-07,0.3709677419354839
293190,2017-08,0.3709677419354839
293190,2017-09,0.3709677419354839
293190,2017-10,0.3709677419354839
293190,2017-11,0.3709677419354839
293190,2017-12,0.2465753424657534
293190,2018-01,0.2465753424657534
293190,2018-02,0.1428571428571428
293190,2018-03,0.3709677419354839
293190,2018-04,0.2465753424657534
293190,2018-05,0.3709677419354839
293190,2018-06,0.3709677419354839
293190,2018-09,0.3709677419354839
293190,2018-10,0.3709677419354839
293190,2018-11,0.1428571428571428
293190,2018-12,0.0674157303370786
293190,2019-01,0.3709677419354839
293190,2019-02,0.0674157303370786
293190,2019-03,0.1714285714285714
293190,2019-04,0.1714285714285714
293190,2019-05,0.3709677419354839
293190,2019-06,0.2465753424657534
293190,2019-07,0.3709677419354839
293190,2019-08,0.1714285714285714
293190,2019-09,0.2465753424657534
293190,2019-10,0.3709677419354839
293190,2019-11,0.2465753424657534
293190,2019-12,0.4545454545454545
293190,2020-01,0.5
293190,2020-02,0.6744186046511629
293190,2020-03,0.6744186046511629
293190,2020-04,0.6744186046511629
293190,2020-05,0.8928571428571429
293190,2020-06,0.8928571428571429
293190,2020-07,0.4545454545454545
293190,2020-08,0.4545454545454545
293190,2020-09,0.8928571428571429
293190,2020-10,0.8928571428571429
293190,2020-11,0.4545454545454545
293190,2020-12,0.5588235294117647
293190,2021-01,0.5588235294117647
293190,2021-02,0.5
293190,2021-03,0.5588235294117647
293190,2021-04,0.4545454545454545
293190,2021-05,0.8928571428571429
293190,2021-06,0.8928571428571429
293190,2021-07,0.8928571428571429
293190,2021-08,0.4545454545454545
293190,2021-09,0.4545454545454545
293190,2021-10,0.3709677419354839
293190,2021-11,0.4545454545454545
293190,2021-12,0.3709677419354839
293190,2022-01,0.4545454545454545
293190,2022-02,0.3709677419354839
293190,2022-03,0.4545454545454545
293190,2022-04,0.4545454545454545
293190,2022-05,0.5588235294117647
293190,2022-06,0.4545454545454545
293190,2022-07,0.4285714285714285
293190,2022-08,0.5588235294117647
293190,2022-09,0.4545454545454545
293190,2022-10,0.4545454545454545
293190,2022-11,0.4545454545454545
293190,2022-12,0.5588235294117647
293190,2023-01,0.5588235294117647
293190,2023-02,0.4545454545454545
293190,2023-03,0.5070586112074581
293190,2023-04,0.5368355981679747
293190,2023-05,0.5
293190,2023-06,0.5588235294117647
293190,2023-07,0.5588235294117647
293190,2023-08,0.8928571428571429
293190,2023-09,0.5588235294117647
293190,2023-10,0.5588235294117647
293190,2023-11,0.5588235294117647
293190,2023-12,0.5588235294117647
293190,2024-01,0.8928571428571429
293190,2024-02,0.6744186046511629
293190,2024-03,0.6744186046511629
293190,2024-04,0.8928571428571429
293190,2024-05,0.8928571428571429
293190,2024-06,0.8928571428571429
293190,2024-07,0.8928571428571429
293190,2024-08,0.9411764705882352
293190,2024-09,0.9411764705882352
293190,2024-10,0.8928571428571429
293190,2024-11,0.8928571428571429
293190,2024-12,0.8928571428571429
293190,2025-01,0.8928571428571429
293190,2025-02,0.8928571428571429
293190,2025-03,0.8928571428571429
293190,2025-04,0.8928571428571429
293190,2025-05,0.8928571428571429
293190,2025-06,0.8928571428571429
293190,2025-07,0.8928571428571429
293190,2025-08,0.8928571428571429
293190,2025-09,0.8928571428571429
293190,2025-10,0.8928571428571429
293190,2025-11,0.8928571428571429
293190,2025-12,0.8928571428571429
293190,2026-01,0.8928571428571429
293190,2026-02,0.8928571428571429
293190,2026-03,0.8928571428571429
293190,2026-04,0.8928571428571429
29849f,2014-10,0.0208333333333333
29849f,2014-11,0.0
29849f,2014-12,0.0454545454545454
29849f,2015-01,0.0208333333333333
29849f,2015-02,0.0
29849f,2015-03,0.0
29849f,2015-04,0.0208333333333333
29849f,2015-05,0.0638297872340425
29849f,2015-07,0.0674157303370786
29849f,2015-08,0.0208333333333333
29849f,2016-01,0.0674157303370786
29849f,2016-02,0.0454545454545454
29849f,2016-03,0.0
29849f,2016-04,0.0
29849f,2016-05,0.0
29849f,2016-06,0.0674157303370786
29849f,2016-07,0.0666666666666666
29849f,2016-08,0.0674157303370786
29849f,2016-09,0.0454545454545454
29849f,2016-10,0.2465753424657534
29849f,2016-11,0.3709677419354839
29849f,2016-12,0.2465753424657534
29849f,2017-01,0.2465753424657534
29849f,2017-02,0.2465753424657534
29849f,2017-03,0.3709677419354839
29849f,2017-04,0.3709677419354839
29849f,2017-05,0.2465753424657534
29849f,2017-06,0.2465753424657534
29849f,2017-07,0.4545454545454545
29849f,2017-08,0.4545454545454545
29849f,2017-09,0.4545454545454545
29849f,2017-10,0.4545454545454545
29849f,2017-11,0.4285714285714285
29849f,2017-12,0.4545454545454545
29849f,2018-01,0.4285714285714285
29849f,2018-02,0.3709677419354839
29849f,2018-03,0.3709677419354839
29849f,2018-04,0.0674157303370786
29849f,2018-05,0.0769230769230769
29849f,2018-06,0.0768291692803329
29849f,2018-07,0.3709677419354839
29849f,2018-08,0.2465753424657534
29849f,2018-09,0.2465753424657534
29849f,2018-10,0.5588235294117647
29849f,2018-11,0.4545454545454545
29849f,2018-12,0.2465753424657534
29849f,2019-01,0.2465753424657534
29849f,2019-02,0.2465753424657534
29849f,2019-03,0.1714285714285714
29849f,2019-04,0.2465753424657534
29849f,2019-05,0.1714285714285714
29849f,2019-06,0.2465753424657534
29849f,2019-07,0.2465753424657534
29849f,2019-08,0.2465753424657534
29849f,2019-09,0.2465753424657534
29849f,2019-10,0.3709677419354839
29849f,2019-11,0.3709677419354839
29849f,2019-12,0.4545454545454545
29849f,2020-01,0.5588235294117647
29849f,2020-02,0.4545454545454545
29849f,2020-03,0.8928571428571429
29849f,2020-04,0.8928571428571429
29849f,2020-05,0.8928571428571429
29849f,2020-06,0.8928571428571429
29849f,2020-07,0.6744186046511629
29849f,2020-08,0.8928571428571429
29849f,2020-09,0.8928571428571429
29849f,2020-10,0.8928571428571429
29849f,2020-11,0.8928571428571429
29849f,2020-12,0.9411764705882352
29849f,2021-01,0.9411764705882352
29849f,2021-02,0.8928571428571429
29849f,2021-03,0.8928571428571429
29849f,2021-04,0.8928571428571429
29849f,2021-05,0.8928571428571429
29849f,2021-06,0.8928571428571429
29849f,2021-07,0.8928571428571429
29849f,2021-08,0.8928571428571429
29849f,2021-09,0.8928571428571429
29849f,2021-10,0.8928571428571429
29849f,2021-11,0.8928571428571429
29849f,2021-12,0.8928571428571429
29849f,2022-01,0.8928571428571429
29849f,2022-02,0.8928571428571429
29849f,2022-03,0.8928571428571429
29849f,2022-04,0.5588235294117647
29849f,2022-05,0.8928571428571429
29849f,2022-06,0.6666666666666666
29849f,2022-07,0.6744186046511629
29849f,2022-08,0.5588235294117647
29849f,2022-09,0.4545454545454545
29849f,2022-10,0.5588235294117647
29849f,2022-11,0.4545454545454545
29849f,2022-12,0.5588235294117647
29849f,2023-01,0.4545454545454545
29849f,2023-02,0.4545454545454545
29849f,2023-03,1.0
29849f,2023-04,0.4545454545454545
29849f,2023-05,0.4545454545454545
29849f,2023-06,0.8928571428571429
29849f,2023-07,0.5
29849f,2023-08,0.9411764705882352
29849f,2023-09,0.5588235294117647
29849f,2023-10,0.8928571428571429
29849f,2023-11,0.6744186046511629
29849f,2023-12,0.5588235294117647
29849f,2024-01,0.8224014690264364
29849f,2024-02,0.8796298731605054
29849f,2024-03,0.8928571428571429
29849f,2024-04,0.6744186046511629
29849f,2024-05,0.8928571428571429
29849f,2024-06,0.9727960228829656
29849f,2024-07,0.8928571428571429
29849f,2024-08,0.8928571428571429
29849f,2024-09,0.8928571428571429
29849f,2024-10,1.0
29849f,2024-11,0.8928571428571429
29849f,2024-12,0.8928571428571429
29849f,2025-01,0.8928571428571429
29849f,2025-02,0.8928571428571429
29849f,2025-03,0.8928571428571429
29849f,2025-04,0.8928571428571429
29849f,2025-05,0.8928571428571429
29849f,2025-06,0.8928571428571429
29849f,2025-07,0.8928571428571429
29849f,2025-08,0.8928571428571429
29849f,2025-09,0.8928571428571429
2ab8ad,2014-12,0.0208333333333333
2ab8ad,2015-01,0.0638297872340425
2ab8ad,2015-02,0.0
2ab8ad,2015-03,0.0454545454545454
2ab8ad,2015-04,0.0769230769230769
2ab8ad,2015-05,0.0674157303370786
2ab8ad,2015-06,0.0454545454545454
2ab8ad,2015-07,0.0208333333333333
2ab8ad,2015-08,0.0208333333333333
2ab8ad,2015-09,0.0
2ab8ad,2015-10,0.0
2ab8ad,2015-11,0.0
2ab8ad,2015-12,0.0208333333333333
2ab8ad,2016-01,0.0
2ab8ad,2016-02,0.0
2ab8ad,2016-03,0.0
2ab8ad,2016-04,0.0
2ab8ad,2016-05,0.0
2ab8ad,2016-06,0.0
2ab8ad,2016-07,0.0
2ab8ad,2016-08,0.0
2ab8ad,2016-09,0.0
2ab8ad,2016-10,0.0208333333333333
2ab8ad,2016-12,0.1714285714285714
2ab8ad,2017-01,0.3709677419354839
2ab8ad,2017-02,0.2465753424657534
2ab8ad,2017-03,0.2465753424657534
2ab8ad,2017-04,0.2465753424657534
2ab8ad,2017-05,0.4545454545454545
2ab8ad,2017-06,0.3709677419354839
2ab8ad,2017-07,0.3846153846153846
2ab8ad,2017-08,0.3709677419354839
2ab8ad,2017-09,0.4545454545454545
2ab8ad,2017-10,0.4545454545454545
2ab8ad,2017-11,0.3846153846153846
2ab8ad,2017-12,0.4285714285714285
2ab8ad,2018-01,0.4545454545454545
2ab8ad,2018-02,0.2465753424657534
2ab8ad,2018-03,0.0674157303370786
2ab8ad,2018-04,0.2465753424657534
2ab8ad,2018-05,0.2465753424657534
2ab8ad,2018-06,0.1714285714285714
2ab8ad,2018-07,0.4545454545454545
2ab8ad,2018-08,0.4545454545454545
2ab8ad,2018-09,0.3778158639218685
2ab8ad,2018-10,0.4545454545454545
2ab8ad,2018-11,0.4545454545454545
2ab8ad,2018-12,0.1428571428571428
2ab8ad,2019-01,0.2465753424657534
2ab8ad,2019-02,0.0769230769230769
2ab8ad,2019-03,0.1428571428571428
2ab8ad,2019-04,0.0674157303370786
2ab8ad,2019-05,0.0769230769230769
2ab8ad,2019-06,0.0674157303370786
2ab8ad,2019-07,0.0674157303370786
2ab8ad,2019-08,0.0674157303370786
2ab8ad,2019-09,0.0674157303370786
2ab8ad,2019-10,0.2465753424657534
2ab8ad,2019-11,0.2465753424657534
2ab8ad,2019-12,0.2465753424657534
2ab8ad,2020-01,0.4545454545454545
2ab8ad,2020-02,0.4545454545454545
2ab8ad,2020-03,0.5
2ab8ad,2020-04,0.4545454545454545
2ab8ad,2020-05,0.4545454545454545
2ab8ad,2020-06,0.4545454545454545
2ab8ad,2020-07,0.6744186046511629
2ab8ad,2020-08,0.4545454545454545
2ab8ad,2020-09,0.5
2ab8ad,2020-10,0.5348730452032892
2ab8ad,2020-11,0.8928571428571429
2ab8ad,2020-12,0.8928571428571429
2ab8ad,2021-01,0.9411764705882352
2ab8ad,2021-02,1.0
2ab8ad,2021-03,0.8928571428571429
2ab8ad,2021-04,0.6744186046511629
2ab8ad,2021-05,1.0
2ab8ad,2021-06,0.6744186046511629
2ab8ad,2021-07,0.8928571428571429
2ab8ad,2021-08,0.9411764705882352
2ab8ad,2021-09,0.5588235294117647
2ab8ad,2021-10,0.5588235294117647
2ab8ad,2021-11,0.6744186046511629
2ab8ad,2021-12,0.9411764705882352
2ab8ad,2022-01,1.0
2ab8ad,2022-02,0.8928571428571429
2ab8ad,2022-03,0.8928571428571429
2ab8ad,2022-04,0.6744186046511629
2ab8ad,2022-05,0.5588235294117647
2ab8ad,2022-06,0.8928571428571429
2ab8ad,2022-07,0.5588235294117647
2ab8ad,2022-08,0.5588235294117647
2ab8ad,2022-09,0.5588235294117647
2ab8ad,2022-10,0.8928571428571429
2ab8ad,2022-11,0.5588235294117647
2ab8ad,2022-12,0.5588235294117647
2ab8ad,2023-01,0.6744186046511629
2ab8ad,2023-02,0.6744186046511629
2ab8ad,2023-03,0.8
2ab8ad,2023-04,0.8312751637527589
2ab8ad,2023-05,0.8928571428571429
2ab8ad,2023-06,0.5588235294117647
2ab8ad,2023-07,0.6744186046511629
2ab8ad,2023-08,0.5588235294117647
2ab8ad,2023-09,0.8928571428571429
2ab8ad,2023-10,0.4545454545454545
2ab8ad,2023-11,0.4545454545454545
2ab8ad,2023-12,0.5
2ab8ad,2024-01,0.6744186046511629
2ab8ad,2024-02,0.5588235294117647
2ab8ad,2024-03,0.6666666666666666
2ab8ad,2024-04,0.5588235294117647
2ab8ad,2024-05,0.6744186046511629
2ab8ad,2024-06,0.8928571428571429
2ab8ad,2024-07,0.8928571428571429
2ab8ad,2024-08,0.8928571428571429
2ab8ad,2024-09,0.8928571428571429
2ab8ad,2024-10,0.8928571428571429
2ab8ad,2024-11,0.6744186046511629
2ab8ad,2024-12,0.8928571428571429
2ab8ad,2025-01,0.8928571428571429
2ab8ad,2025-02,0.8928571428571429
2ab8ad,2025-03,0.9539523888201912
2ab8ad,2025-04,0.9411764705882352
2ab8ad,2025-05,0.8928571428571429
2ab8ad,2025-06,0.8928571428571429
2ab8ad,2025-07,0.4545454545454545
2ab8ad,2025-08,0.4545454545454545
2ed4f9,2025-03,0.0769230769230769
2ed4f9,2025-04,0.0454545454545454
2ed4f9,2025-05,0.0454545454545454
2ed4f9,2025-06,0.0208333333333333
2ed4f9,2025-07,0.0674157303370786
2ed4f9,2025-08,0.0674157303370786
302d40,2022-03,0.0454545454545454
302d40,2022-04,0.0454545454545454
302d40,2022-05,0.0267333974971867
302d40,2022-06,0.0638297872340425
302d40,2022-07,0.0208333333333333
302d40,2022-08,0.0208333333333333
302d40,2022-09,0.0
302d40,2022-10,0.0208333333333333
302d40,2022-11,0.0208333333333333
302d40,2022-12,0.0
302d40,2023-01,0.0
302d40,2023-02,0.0
302d40,2023-03,0.0
302d40,2023-04,0.0
302d40,2023-05,0.0
302d40,2023-06,0.0
302d40,2023-07,0.0208333333333333
302d40,2023-08,0.0
302d40,2023-09,0.0
302d40,2023-10,0.0208333333333333
302d40,2023-11,0.0
302d40,2023-12,0.0208333333333333
302d40,2024-01,0.0
302d40,2024-02,0.0208333333333333
302d40,2024-03,0.0769230769230769
302d40,2024-04,0.1428571428571428
302d40,2024-05,0.4545454545454545
302d40,2024-06,0.2465753424657534
302d40,2024-07,0.3709677419354839
302d40,2024-08,0.2465753424657534
302d40,2024-09,0.2465753424657534
302d40,2024-10,0.4545454545454545
302d40,2024-11,0.4545454545454545
302d40,2024-12,0.4545454545454545
302d40,2025-01,0.3709677419354839
302d40,2025-02,0.3709677419354839
302d40,2025-03,0.4545454545454545
302d40,2025-04,0.2465753424657534
302d40,2025-05,0.4545454545454545
302d40,2025-06,0.4545454545454545
302d40,2025-07,0.5588235294117647
302d40,2025-08,0.2465753424657534
34889b,2014-03,0.0
34889b,2014-04,0.0
34889b,2014-05,0.0
34889b,2014-06,0.0
34889b,2014-07,0.0454545454545454
34889b,2014-08,0.0208333333333333
34889b,2014-09,0.0208333333333333
34889b,2014-10,0.0
34889b,2014-11,0.0208333333333333
34889b,2014-12,0.0093502739847591
34889b,2015-01,0.0208333333333333
34889b,2015-02,0.0
34889b,2015-03,0.0
34889b,2015-04,0.0674157303370786
34889b,2015-05,0.0674157303370786
34889b,2015-06,0.0668660779277267
34889b,2015-07,0.0454545454545454
34889b,2015-08,0.0208333333333333
34889b,2015-09,0.0208333333333333
34889b,2015-10,0.0454545454545454
34889b,2015-11,0.0208333333333333
34889b,2015-12,0.0208333333333333
34889b,2016-01,0.0208333333333333
34889b,2016-02,0.0454545454545454
34889b,2016-03,0.2465753424657534
34889b,2016-04,0.3709677419354839
34889b,2016-05,0.3709677419354839
34889b,2016-06,0.4545454545454545
34889b,2016-07,0.4545454545454545
34889b,2016-08,0.4545454545454545
34889b,2016-09,0.5
34889b,2016-10,0.4545454545454545
34889b,2016-11,0.4545454545454545
34889b,2016-12,0.4545454545454545
34889b,2017-01,0.4545454545454545
34889b,2017-02,0.3709677419354839
34889b,2017-03,0.4545454545454545
34889b,2017-04,0.4545454545454545
34889b,2017-05,0.4545454545454545
34889b,2017-06,0.4545454545454545
34889b,2017-07,0.4545454545454545
34889b,2017-08,0.4545454545454545
34889b,2017-09,0.4285714285714285
34889b,2017-10,0.3709677419354839
34889b,2017-11,0.3709677419354839
34889b,2017-12,0.4545454545454545
34889b,2018-01,0.2465753424657534
34889b,2018-02,0.0674157303370786
34889b,2018-03,0.0638297872340425
34889b,2018-04,0.0454545454545454
34889b,2018-05,0.0769230769230769
34889b,2018-06,0.2465753424657534
34889b,2018-07,0.6666666666666666
34889b,2018-08,0.6744186046511629
34889b,2018-09,0.5588235294117647
34889b,2018-10,0.5588235294117647
34889b,2018-11,0.5588235294117647
34889b,2018-12,0.2465753424657534
34889b,2019-01,0.5588235294117647
34889b,2019-02,0.2465753424657534
34889b,2019-03,0.4545454545454545
34889b,2019-04,0.4285714285714285
34889b,2019-05,0.3846153846153846
34889b,2019-06,0.4545454545454545
34889b,2019-07,0.9411764705882352
34889b,2019-08,0.5
34889b,2019-09,0.5588235294117647
34889b,2019-10,0.4545454545454545
34889b,2019-11,0.5588235294117647
34889b,2019-12,0.5588235294117647
34889b,2020-01,0.5588235294117647
34889b,2020-02,0.5
34889b,2020-03,0.8928571428571429
34889b,2020-04,0.9411764705882352
34889b,2020-05,0.8928571428571429
34889b,2020-06,0.8928571428571429
34889b,2020-07,0.8928571428571429
34889b,2020-08,0.8928571428571429
34889b,2020-09,0.8928571428571429
34889b,2020-10,0.8928571428571429
34889b,2020-11,0.8928571428571429
34889b,2020-12,0.8928571428571429
34889b,2021-01,0.8928571428571429
34889b,2021-02,0.8928571428571429
34889b,2021-03,0.8928571428571429
34889b,2021-04,0.8928571428571429
34889b,2021-05,0.8928571428571429
34889b,2021-06,0.8928571428571429
34889b,2021-07,0.9411764705882352
34889b,2021-08,0.9411764705882352
34889b,2021-09,0.9411764705882352
34889b,2021-10,0.8654171514679121
34889b,2021-11,0.6744186046511629
34889b,2021-12,0.4545454545454545
34889b,2022-01,0.5353693130936247
34889b,2022-02,0.4545454545454545
34889b,2022-03,0.4545454545454545
34889b,2022-04,0.5588235294117647
34889b,2022-05,0.5
34889b,2022-06,0.4545454545454545
34889b,2022-07,0.4545454545454545
34889b,2022-08,0.4545454545454545
34889b,2022-09,0.4545454545454545
34889b,2022-10,0.4545454545454545
34889b,2022-11,0.4545454545454545
34889b,2022-12,0.6744186046511629
34889b,2023-01,0.8928571428571429
34889b,2023-02,0.3709677419354839
34889b,2023-03,0.4545454545454545
34889b,2023-04,0.5
34889b,2023-05,0.5588235294117647
34889b,2023-06,1.0
34889b,2023-07,0.8190870158708352
34889b,2023-08,0.8928571428571429
34889b,2023-09,0.8928571428571429
34889b,2023-10,0.8928571428571429
34889b,2023-11,0.8928571428571429
34889b,2023-12,0.8928571428571429
34889b,2024-01,0.8928571428571429
34889b,2024-02,0.8928571428571429
34889b,2024-03,0.8928571428571429
34889b,2024-04,1.0
34889b,2024-05,0.8928571428571429
34889b,2024-06,0.8928571428571429
34889b,2024-07,0.8928571428571429
34889b,2024-08,0.8928571428571429
34889b,2024-09,0.8928571428571429
34889b,2024-10,0.8928571428571429
34889b,2024-11,0.8928571428571429
34889b,2024-12,0.8928571428571429
34889b,2025-01,0.9411764705882352
34889b,2025-02,0.8928571428571429
34889b,2025-03,1.0
34889b,2025-04,1.0
34889b,2025-05,0.6744186046511629
34889b,2025-06,0.6744186046511629
34889b,2025-07,0.6666666666666666
34889b,2025-08,0.6744186046511629
34889b,2025-09,0.8928571428571429
375f2e,2015-01,0.0
375f2e,2015-02,0.0
375f2e,2015-03,0.0
375f2e,2015-04,0.0674157303370786
375f2e,2015-05,0.0
375f2e,2015-06,0.0
375f2e,2015-07,0.0
375f2e,2015-08,0.0
375f2e,2015-09,0.0
375f2e,2015-10,0.0208333333333333
375f2e,2015-11,0.0
375f2e,2015-12,0.0208333333333333
375f2e,2016-01,0.0208333333333333
375f2e,2016-02,0.0208333333333333
375f2e,2016-03,0.0208333333333333
375f2e,2016-04,0.0208333333333333
375f2e,2016-05,0.0
375f2e,2016-06,0.0208333333333333
375f2e,2016-07,0.0
375f2e,2016-08,0.0
375f2e,2016-09,0.0
375f2e,2016-10,0.0
375f2e,2016-11,0.0
375f2e,2016-12,0.0
375f2e,2017-01,0.2465753424657534
375f2e,2017-02,0.2465753424657534
375f2e,2017-03,0.1714285714285714
375f2e,2017-04,0.0674157303370786
375f2e,2017-05,0.3721749855330519
375f2e,2017-06,0.4545454545454545
375f2e,2017-07,0.3709677419354839
375f2e,2017-08,0.1714285714285714
375f2e,2017-09,0.0769230769230769
375f2e,2017-10,0.2465753424657534
375f2e,2017-11,0.1714285714285714
375f2e,2017-12,0.0769230769230769
375f2e,2018-01,0.1714285714285714
375f2e,2018-02,0.0454545454545454
375f2e,2018-03,0.2465753424657534
375f2e,2018-04,0.0674157303370786
375f2e,2018-05,0.0638297872340425
375f2e,2018-06,0.0638297872340425
375f2e,2018-07,0.2465753424657534
375f2e,2018-08,0.2465753424657534
375f2e,2018-09,0.2465753424657534
375f2e,2018-10,0.2465753424657534
375f2e,2018-11,0.3709677419354839
375f2e,2018-12,0.2465753424657534
375f2e,2019-01,0.0674157303370786
375f2e,2019-02,0.0208333333333333
375f2e,2019-03,0.2465753424657534
375f2e,2019-04,0.0769230769230769
375f2e,2019-05,0.2465753424657534
375f2e,2019-06,0.2828488842941014
375f2e,2019-07,0.2465753424657534
375f2e,2019-08,0.5588235294117647
375f2e,2019-09,0.4545454545454545
375f2e,2019-10,0.4545454545454545
375f2e,2019-11,0.5588235294117647
375f2e,2019-12,0.6744186046511629
375f2e,2020-01,0.8928571428571429
375f2e,2020-02,0.9411764705882352
375f2e,2020-03,1.0
375f2e,2020-04,1.0
375f2e,2020-05,0.8928571428571429
375f2e,2020-06,0.8928571428571429
375f2e,2020-07,1.0
375f2e,2020-08,1.0
375f2e,2020-09,0.8928571428571429
375f2e,2020-10,1.0
375f2e,2020-11,0.9411764705882352
375f2e,2020-12,0.9411764705882352
375f2e,2021-01,1.0
375f2e,2021-02,1.0
375f2e,2021-03,1.0
375f2e,2021-04,1.0
375f2e,2021-05,1.0
375f2e,2021-06,1.0
375f2e,2021-07,0.8928571428571429
375f2e,2021-08,0.8928571428571429
375f2e,2021-09,0.6744186046511629
375f2e,2021-10,1.0
375f2e,2021-11,1.0
375f2e,2021-12,1.0
375f2e,2022-01,0.8928571428571429
375f2e,2022-02,1.0
375f2e,2022-03,1.0
375f2e,2022-04,0.6744186046511629
375f2e,2022-05,0.8928571428571429
375f2e,2022-06,0.5588235294117647
375f2e,2022-07,0.5588235294117647
375f2e,2022-08,0.5588235294117647
375f2e,2022-09,0.5588235294117647
375f2e,2022-10,0.4545454545454545
375f2e,2022-11,0.8928571428571429
375f2e,2022-12,1.0
375f2e,2023-01,1.0
375f2e,2023-02,0.8928571428571429
375f2e,2023-03,1.0
375f2e,2023-04,0.5588235294117647
375f2e,2023-05,0.6744186046511629
375f2e,2023-06,0.5588235294117647
375f2e,2023-07,0.8928571428571429
375f2e,2023-08,0.8928571428571429
375f2e,2023-09,0.6744186046511629
375f2e,2023-10,1.0
375f2e,2023-11,1.0
375f2e,2023-12,0.9411764705882352
375f2e,2024-01,1.0
375f2e,2024-02,0.8928571428571429
375f2e,2024-03,1.0
375f2e,2024-04,0.6744186046511629
375f2e,2024-05,1.0
375f2e,2024-06,0.8928571428571429
375f2e,2024-07,1.0
375f2e,2024-08,0.8928571428571429
375f2e,2024-09,0.8928571428571429
375f2e,2024-10,1.0
375f2e,2024-11,0.8928571428571429
375f2e,2024-12,0.8928571428571429
375f2e,2025-01,1.0
375f2e,2025-02,0.8928571428571429
375f2e,2025-03,0.9411764705882352
375f2e,2025-04,0.9411764705882352
375f2e,2025-05,0.8928571428571429
375f2e,2025-06,0.8928571428571429
375f2e,2025-07,0.8928571428571429
375f2e,2025-08,0.8928571428571429
3a13b3,2014-07,0.0638297872340425
3a13b3,2014-08,0.0674157303370786
3a13b3,2014-09,0.0674157303370786
3a13b3,2014-10,0.0674157303370786
3a13b3,2014-11,0.0769230769230769
3a13b3,2014-12,0.0674157303370786
3a13b3,2015-01,0.0674157303370786
3a13b3,2015-02,0.0674157303370786
3a13b3,2015-03,0.0674157303370786
3a13b3,2015-04,0.0674157303370786
3a13b3,2015-05,0.0
3a13b3,2015-06,0.0
3a13b3,2015-07,0.0
3a13b3,2015-08,0.0
3a13b3,2015-09,0.0208333333333333
3a13b3,2015-10,0.0
3a13b3,2015-11,0.0208333333333333
3a13b3,2015-12,0.0454545454545454
3a13b3,2016-01,0.0674157303370786
3a13b3,2016-02,0.0670385713335151
3a13b3,2016-03,0.0638297872340425
3a13b3,2016-04,0.0638297872340425
3a13b3,2016-05,0.0666666666666666
3a13b3,2016-06,0.0666666666666666
3a13b3,2016-07,0.2465753424657534
3a13b3,2016-08,0.1714285714285714
3a13b3,2016-09,0.1428571428571428
3a13b3,2016-10,0.1714285714285714
3a13b3,2016-11,0.0674157303370786
3a13b3,2016-12,0.0769230769230769
3a13b3,2017-01,0.081823478503433
3a13b3,2017-02,0.3709677419354839
3a13b3,2017-03,0.3846153846153846
3a13b3,2017-04,0.1714285714285714
3a13b3,2017-05,0.2465753424657534
3a13b3,2017-06,0.1428571428571428
3a13b3,2017-07,0.1428571428571428
3a13b3,2017-08,0.1714285714285714
3a13b3,2017-09,0.0666993386698617
3a13b3,2017-10,0.0674157303370786
3a13b3,2017-11,0.2465753424657534
3a13b3,2017-12,0.4545454545454545
3a13b3,2018-01,0.5588235294117647
3a13b3,2018-02,0.2465753424657534
3a13b3,2018-03,0.384404780365061
3a13b3,2018-04,0.5
3a13b3,2018-05,0.2465753424657534
3a13b3,2018-06,0.3722876939386129
3a13b3,2018-07,0.6744186046511629
3a13b3,2018-08,0.6666666666666666
3a13b3,2018-09,0.6744186046511629
3a13b3,2018-10,0.8928571428571429
3a13b3,2018-11,0.8928571428571429
3a13b3,2018-12,0.5588235294117647
3a13b3,2019-01,0.8928571428571429
3a13b3,2019-02,0.6744186046511629
3a13b3,2019-03,0.8928571428571429
3a13b3,2019-04,0.8928571428571429
3a13b3,2019-05,0.8928571428571429
3a13b3,2019-06,0.8928571428571429
3a13b3,2019-07,1.0
3a13b3,2019-08,1.0
3a13b3,2019-09,1.0
3a13b3,2019-10,1.0
3a13b3,2019-11,1.0
3a13b3,2019-12,1.0
3a13b3,2020-01,0.8928571428571429
3a13b3,2020-02,1.0
3a13b3,2020-03,1.0
3a13b3,2020-04,1.0
3a13b3,2020-05,0.9411764705882352
3a13b3,2020-06,1.0
3a13b3,2020-07,0.9411764705882352
3a13b3,2020-08,0.9411764705882352
3a13b3,2020-09,1.0
3a13b3,2020-10,1.0
3a13b3,2020-11,1.0
3a13b3,2020-12,1.0
3a13b3,2021-01,0.9411764705882352
3a13b3,2021-02,1.0
3a13b3,2021-03,0.9411764705882352
3a13b3,2021-04,0.9411764705882352
3a13b3,2021-05,0.8928571428571429
3a13b3,2021-06,0.9411764705882352
3a13b3,2021-07,0.9411764705882352
3a13b3,2021-08,0.9411764705882352
3a13b3,2021-09,0.9411764705882352
3a13b3,2021-10,0.9411764705882352
3a13b3,2021-11,0.9411764705882352
3a13b3,2021-12,0.9411764705882352
3a13b3,2022-01,0.8928571428571429
3a13b3,2022-02,0.9411764705882352
3a13b3,2022-03,1.0
3a13b3,2022-04,1.0
3a13b3,2022-05,1.0
3a13b3,2022-06,0.8928571428571429
3a13b3,2022-07,0.9579902550047776
3a13b3,2022-08,1.0
3a13b3,2022-09,1.0
3a13b3,2022-10,1.0
3a13b3,2022-11,1.0
3a13b3,2022-12,1.0
3a13b3,2023-01,1.0
3a13b3,2023-02,0.9411764705882352
3a13b3,2023-03,1.0
3a13b3,2023-04,1.0
3a13b3,2023-05,1.0
3a13b3,2023-06,1.0
3a13b3,2023-07,1.0
3a13b3,2023-08,1.0
3a13b3,2023-09,1.0
3a13b3,2023-10,1.0
3a13b3,2023-11,0.8928571428571429
3a13b3,2023-12,1.0
3a13b3,2024-01,0.6744186046511629
3a13b3,2024-02,0.6295069411640496
3a13b3,2024-03,0.5588235294117647
3a13b3,2024-04,0.8928571428571429
3a13b3,2024-05,1.0
3a13b3,2024-06,1.0
3a13b3,2024-07,0.9411764705882352
3a13b3,2024-08,1.0
3a13b3,2024-09,1.0
3a13b3,2024-10,1.0
3a13b3,2024-11,1.0
3a13b3,2024-12,1.0
3a13b3,2025-01,1.0
3a13b3,2025-02,0.8928571428571429
3a13b3,2025-03,1.0
3a13b3,2025-04,1.0
3a13b3,2025-05,1.0
3a13b3,2025-06,0.9411764705882352
3a13b3,2025-07,1.0
3a13b3,2025-08,0.8928571428571429
3db670,2014-10,0.0638297872340425
3db670,2014-11,0.0208333333333333
3db670,2014-12,0.0208333333333333
3db670,2015-01,0.0208333333333333
3db670,2015-02,0.0208333333333333
3db670,2015-03,0.0208333333333333
3db670,2015-04,0.0674157303370786
3db670,2015-05,0.0454545454545454
3db670,2015-06,0.0208333333333333
3db670,2015-07,0.0208333333333333
3db670,2015-08,0.0
3db670,2015-09,0.0
3db670,2015-10,0.0208333333333333
3db670,2015-11,0.0
3db670,2015-12,0.0
3db670,2016-01,0.0
3db670,2016-02,0.0
3db670,2016-03,0.0
3db670,2016-04,0.0
3db670,2016-05,0.0
3db670,2016-06,0.0
3db670,2016-07,0.0208333333333333
3db670,2016-08,0.0674157303370786
3db670,2016-09,0.0674157303370786
3db670,2016-10,0.5588235294117647
3db670,2016-11,0.5588235294117647
3db670,2016-12,0.5588235294117647
3db670,2017-01,0.5588235294117647
3db670,2017-02,0.5588235294117647
3db670,2017-03,0.8928571428571429
3db670,2017-04,0.8928571428571429
3db670,2017-05,0.5192703282460773
3db670,2017-06,0.4545454545454545
3db670,2017-07,0.4545454545454545
3db670,2017-08,0.4545454545454545
3db670,2017-09,0.5588235294117647
3db670,2017-10,0.5588235294117647
3db670,2017-11,0.5588235294117647
3db670,2017-12,0.5588235294117647
3db670,2018-01,0.5588235294117647
3db670,2018-02,0.4285714285714285
3db670,2018-03,0.6744186046511629
3db670,2018-04,0.3846153846153846
3db670,2018-05,0.3709677419354839
3db670,2018-06,0.4545454545454545
3db670,2018-07,0.8928571428571429
3db670,2018-08,0.8928571428571429
3db670,2018-09,0.8928571428571429
3db670,2018-10,0.9411764705882352
3db670,2018-11,0.9591980038470036
3db670,2018-12,0.8928571428571429
3db670,2019-01,0.8928571428571429
3db670,2019-02,0.5588235294117647
3db670,2019-03,0.6744186046511629
3db670,2019-04,0.8928571428571429
3db670,2019-05,0.6744186046511629
3db670,2019-06,0.9411764705882352
3db670,2019-07,1.0
3db670,2019-08,0.8928571428571429
3db670,2019-09,1.0
3db670,2019-10,1.0
3db670,2019-11,0.9411764705882352
3db670,2019-12,0.8928571428571429
3db670,2020-01,0.8928571428571429
3db670,2020-02,0.8928571428571429
3db670,2020-03,1.0
3db670,2020-04,1.0
3db670,2020-05,1.0
3db670,2020-06,0.9411764705882352
3db670,2020-07,0.9411764705882352
3db670,2020-08,1.0
3db670,2020-09,1.0
3db670,2020-10,1.0
3db670,2020-11,1.0
3db670,2020-12,1.0
3db670,2021-01,0.9411764705882352
3db670,2021-02,0.9411764705882352
3db670,2021-03,1.0
3db670,2021-04,0.8928571428571429
3db670,2021-05,0.8928571428571429
3db670,2021-07,0.8928571428571429
3db670,2021-08,1.0
3db670,2021-09,1.0
3db670,2021-10,1.0
3db670,2021-11,1.0
3db670,2021-12,1.0
3db670,2022-01,1.0
3db670,2022-02,0.9411764705882352
3db670,2022-03,0.9411764705882352
3db670,2022-04,0.9411764705882352
3db670,2022-05,0.9411764705882352
3db670,2022-06,0.8928571428571429
3db670,2022-07,0.9411764705882352
3db670,2022-08,0.9411764705882352
3db670,2022-09,0.9411764705882352
3db670,2022-10,1.0
3db670,2022-11,1.0
3db670,2022-12,1.0
3db670,2023-01,1.0
3db670,2023-02,1.0
3db670,2023-03,1.0
3db670,2023-04,1.0
3db670,2023-05,0.970143636987741
3db670,2023-06,1.0
3db670,2023-07,1.0
3db670,2023-08,1.0
3db670,2023-09,1.0
3db670,2023-10,1.0
3db670,2023-11,0.8928571428571429
3db670,2023-12,1.0
3db670,2024-01,1.0
3db670,2024-02,1.0
3db670,2024-03,1.0
3db670,2024-04,1.0
3db670,2024-05,1.0
3db670,2024-06,1.0
3db670,2024-07,1.0
3db670,2024-08,0.9411764705882352
3db670,2024-09,1.0
3db670,2024-10,1.0
3db670,2024-11,1.0
3db670,2024-12,1.0
3db670,2025-01,0.8928571428571429
3db670,2025-02,0.6666666666666666
3db670,2025-03,1.0
3db670,2025-04,0.8928571428571429
3db670,2025-05,1.0
3db670,2025-06,1.0
3db670,2025-07,1.0
3db670,2025-08,0.8928571428571429
3db670,2025-09,0.8928571428571429
424c1b,2024-04,0.0769230769230769
424c1b,2024-05,0.0674157303370786
424c1b,2024-06,0.0638297872340425
424c1b,2024-07,0.0208333333333333
424c1b,2024-08,0.0
424c1b,2024-09,0.0
424c1b,2024-10,0.0
424c1b,2024-11,0.0
424c1b,2024-12,0.0
424c1b,2025-01,0.0
424c1b,2025-02,0.0454545454545454
424c1b,2025-03,0.0208333333333333
424c1b,2025-04,0.0
424c1b,2025-05,0.0208333333333333
424c1b,2025-06,0.0
424c1b,2025-07,0.0
424c1b,2025-08,0.0
429b22,2025-01,0.0
429b22,2025-02,0.0
429b22,2025-03,0.0
429b22,2025-04,0.0
429b22,2025-05,0.0454545454545454
429b22,2025-06,0.0208333333333333
429b22,2025-07,0.0208333333333333
429b22,2025-08,0.0208333333333333
439fde,2014-09,0.0674157303370786
439fde,2014-10,0.0638297872340425
439fde,2014-11,0.0638297872340425
439fde,2014-12,0.0638297872340425
439fde,2015-01,0.0454545454545454
439fde,2015-02,0.0638297872340425
439fde,2015-03,0.0454545454545454
439fde,2015-04,0.0666666666666666
439fde,2015-05,0.0638297872340425
439fde,2015-06,0.0454545454545454
439fde,2015-07,0.0454545454545454
439fde,2015-08,0.0208333333333333
439fde,2015-09,0.0
439fde,2015-10,0.0208333333333333
439fde,2015-11,0.0
439fde,2015-12,0.0
439fde,2016-01,0.0
439fde,2016-02,0.0
439fde,2016-03,0.0208333333333333
439fde,2016-04,0.0
439fde,2016-05,0.0
439fde,2016-06,0.0
439fde,2016-07,0.0208333333333333
439fde,2016-08,0.0208333333333333
439fde,2016-09,0.1714285714285714
439fde,2016-10,0.2465753424657534
439fde,2016-11,0.2465753424657534
439fde,2016-12,0.2465753424657534
439fde,2017-01,0.2465753424657534
439fde,2017-02,0.1714285714285714
439fde,2017-03,0.2465753424657534
439fde,2017-04,0.2465753424657534
439fde,2017-05,0.4545454545454545
439fde,2017-06,0.4545454545454545
439fde,2017-07,0.4545454545454545
439fde,2017-08,0.2465753424657534
439fde,2017-09,0.2465753424657534
439fde,2017-10,0.2465753424657534
439fde,2017-11,0.2465753424657534
439fde,2017-12,0.2465753424657534
439fde,2018-01,0.0674157303370786
439fde,2018-02,0.0674157303370786
439fde,2018-03,0.0674157303370786
439fde,2018-04,0.0674157303370786
439fde,2018-05,0.2465753424657534
439fde,2018-06,0.0638297872340425
439fde,2018-07,0.4545454545454545
439fde,2018-08,0.4545454545454545
439fde,2018-09,0.3709677419354839
439fde,2018-10,0.3709677419354839
439fde,2018-11,0.3709677419354839
439fde,2018-12,0.0674157303370786
439fde,2019-01,0.2465753424657534
439fde,2019-02,0.1714285714285714
439fde,2019-03,0.1428571428571428
439fde,2019-04,0.1714285714285714
439fde,2019-05,0.2465753424657534
439fde,2019-06,0.2465753424657534
439fde,2019-07,0.3709677419354839
439fde,2019-08,0.3709677419354839
439fde,2019-09,0.4545454545454545
439fde,2019-10,0.4545454545454545
439fde,2019-11,0.4545454545454545
439fde,2019-12,0.5588235294117647
439fde,2020-01,0.5588235294117647
439fde,2020-02,0.4545454545454545
439fde,2020-03,0.5588235294117647
439fde,2020-04,0.8928571428571429
439fde,2020-05,0.8928571428571429
439fde,2020-06,0.8928571428571429
439fde,2020-07,0.8928571428571429
439fde,2020-08,0.8928571428571429
439fde,2020-09,0.8928571428571429
439fde,2020-10,0.8928571428571429
439fde,2020-11,0.8928571428571429
439fde,2020-12,0.8928571428571429
439fde,2021-01,0.8928571428571429
439fde,2021-02,0.8928571428571429
439fde,2021-03,0.8928571428571429
439fde,2021-04,0.8928571428571429
439fde,2021-05,0.8928571428571429
439fde,2021-06,0.8928571428571429
439fde,2021-07,0.8928571428571429
439fde,2021-08,0.8928571428571429
439fde,2021-09,0.8928571428571429
439fde,2021-10,0.8928571428571429
439fde,2021-11,0.8928571428571429
439fde,2021-12,0.8928571428571429
439fde,2022-01,0.8928571428571429
439fde,2022-02,0.8928571428571429
439fde,2022-03,0.8928571428571429
439fde,2022-04,0.8928571428571429
439fde,2022-05,0.8928571428571429
439fde,2022-06,0.8928571428571429
439fde,2022-07,0.8928571428571429
439fde,2022-08,0.8928571428571429
439fde,2022-09,0.8928571428571429
439fde,2022-10,0.8928571428571429
439fde,2022-11,0.8928571428571429
439fde,2022-12,0.8928571428571429
439fde,2023-01,0.8928571428571429
439fde,2023-02,0.8928571428571429
439fde,2023-03,0.8928571428571429
439fde,2023-04,0.3709677419354839
439fde,2023-05,0.4545454545454545
439fde,2023-06,0.3709677419354839
439fde,2023-07,0.3709677419354839
439fde,2023-08,0.4545454545454545
439fde,2023-09,0.4545454545454545
439fde,2023-10,0.4545454545454545
439fde,2023-11,0.3709677419354839
439fde,2023-12,0.4285714285714285
439fde,2024-01,1.0
439fde,2024-02,0.4545454545454545
439fde,2024-03,0.4545454545454545
439fde,2024-04,0.8928571428571429
439fde,2024-05,0.4545454545454545
439fde,2024-06,0.3846153846153846
439fde,2024-07,0.4285714285714285
439fde,2024-08,0.4545454545454545
439fde,2024-09,0.5588235294117647
439fde,2024-10,0.5083992445053133
439fde,2024-11,0.4545454545454545
439fde,2024-12,0.5588235294117647
439fde,2025-01,0.6744186046511629
439fde,2025-02,0.8928571428571429
439fde,2025-03,0.888363376512048
439fde,2025-04,0.6744186046511629
439fde,2025-05,0.6744186046511629
439fde,2025-06,0.8928571428571429
439fde,2025-07,0.8928571428571429
439fde,2025-08,0.6744186046511629
4718d7,2014-03,0.0
4718d7,2014-04,0.0
4718d7,2014-05,0.0
4718d7,2014-06,0.0
4718d7,2014-07,0.0208333333333333
4718d7,2014-08,0.0208333333333333
4718d7,2014-09,0.0
4718d7,2014-10,0.0
4718d7,2014-11,0.0208333333333333
4718d7,2014-12,0.0
4718d7,2015-01,0.0
4718d7,2015-02,0.0208333333333333
4718d7,2015-03,0.0
4718d7,2015-04,0.0454545454545454
4718d7,2015-05,0.0208333333333333
4718d7,2015-06,0.0208333333333333
4718d7,2015-07,0.0
4718d7,2015-08,0.0
4718d7,2015-09,0.0
4718d7,2015-10,0.0
4718d7,2015-11,0.0
4718d7,2015-12,0.0
4718d7,2016-01,0.0
4718d7,2016-02,0.0
4718d7,2016-03,0.2465753424657534
4718d7,2016-04,0.2465753424657534
4718d7,2016-05,0.2465753424657534
4718d7,2016-06,0.3709677419354839
4718d7,2016-07,0.3709677419354839
4718d7,2016-08,0.2465753424657534
4718d7,2016-09,0.3709677419354839
4718d7,2016-10,0.3709677419354839
4718d7,2016-11,0.2465753424657534
4718d7,2016-12,0.1323938296350003
4718d7,2017-01,0.0674157303370786
4718d7,2017-02,0.0821389857742904
4718d7,2017-03,0.0674157303370786
4718d7,2017-04,0.0674157303370786
4718d7,2017-05,0.2465753424657534
4718d7,2017-06,0.0769230769230769
4718d7,2017-07,0.0674157303370786
4718d7,2017-08,0.1018118829124331
4718d7,2017-09,0.0674157303370786
4718d7,2017-10,0.0674157303370786
4718d7,2017-11,0.0674157303370786
4718d7,2017-12,0.0769230769230769
4718d7,2018-01,0.0674157303370786
4718d7,2018-02,0.0674157303370786
4718d7,2018-03,0.3709677419354839
4718d7,2018-04,0.0
4718d7,2018-05,0.0638297872340425
4718d7,2018-06,0.0674157303370786
4718d7,2018-07,0.5588235294117647
4718d7,2018-08,0.5588235294117647
4718d7,2018-09,0.5588235294117647
4718d7,2018-10,0.5
4718d7,2018-11,0.4545454545454545
4718d7,2018-12,0.5588235294117647
4718d7,2019-01,0.8928571428571429
4718d7,2019-02,0.4545454545454545
4718d7,2019-03,0.4545454545454545
4718d7,2019-04,0.5588235294117647
4718d7,2019-05,0.4545454545454545
4718d7,2019-06,0.4545454545454545
4718d7,2019-07,0.8928571428571429
4718d7,2019-08,0.5588235294117647
4718d7,2019-09,0.6744186046511629
4718d7,2019-10,0.8928571428571429
4718d7,2019-11,0.6744186046511629
4718d7,2019-12,0.8928571428571429
4718d7,2020-01,0.9411764705882352
4718d7,2020-02,0.5588235294117647
4718d7,2020-03,0.9411764705882352
4718d7,2020-04,0.9411764705882352
4718d7,2020-05,0.8928571428571429
4718d7,2020-06,0.8928571428571429
4718d7,2020-07,0.8928571428571429
4718d7,2020-08,0.5588235294117647
4718d7,2020-09,0.8928571428571429
4718d7,2020-10,0.8928571428571429
4718d7,2020-11,0.8928571428571429
4718d7,2020-12,0.8928571428571429
4718d7,2021-01,0.6744186046511629
4718d7,2021-02,0.8928571428571429
4718d7,2021-03,0.8928571428571429
4718d7,2021-04,0.8928571428571429
4718d7,2021-05,0.8928571428571429
4718d7,2021-06,1.0
4718d7,2021-07,1.0
4718d7,2021-08,0.8928571428571429
4718d7,2021-09,0.8928571428571429
4718d7,2021-10,0.9411764705882352
4718d7,2021-11,0.8928571428571429
4718d7,2021-12,0.8928571428571429
4718d7,2022-01,0.8928571428571429
4718d7,2022-02,0.6744186046511629
4718d7,2022-03,0.8928571428571429
4718d7,2022-04,0.8928571428571429
4718d7,2022-05,0.8928571428571429
4718d7,2022-06,0.6744186046511629
4718d7,2022-07,0.5588235294117647
4718d7,2022-08,0.5588235294117647
4718d7,2022-09,0.8928571428571429
4718d7,2022-10,0.5588235294117647
4718d7,2022-11,0.6744186046511629
4718d7,2022-12,0.8928571428571429
4718d7,2023-01,0.8928571428571429
4718d7,2023-02,0.5588235294117647
4718d7,2023-03,0.6744186046511629
4718d7,2023-04,0.6744186046511629
4718d7,2023-05,0.9411764705882352
4718d7,2023-06,0.9411764705882352
4718d7,2023-07,0.8928571428571429
4718d7,2023-08,0.8928571428571429
4718d7,2023-09,1.0
4718d7,2023-10,1.0
4718d7,2023-11,0.9411764705882352
4718d7,2023-12,1.0
4718d7,2024-01,1.0
4718d7,2024-02,0.8928571428571429
4718d7,2024-03,0.9411764705882352
4718d7,2024-04,0.5588235294117647
4718d7,2024-05,0.6744186046511629
4718d7,2024-06,0.5588235294117647
4718d7,2024-07,0.5588235294117647
4718d7,2024-08,0.6666666666666666
4718d7,2024-09,0.4545454545454545
4718d7,2024-10,0.8928571428571429
4718d7,2024-11,0.8928571428571429
4718d7,2024-12,0.9411764705882352
4718d7,2025-01,1.0
4718d7,2025-02,0.6744186046511629
4718d7,2025-03,1.0
4718d7,2025-04,0.8928571428571429
4718d7,2025-05,0.8928571428571429
4718d7,2025-06,0.4545454545454545
4718d7,2025-07,0.8928571428571429
4718d7,2025-08,0.5588235294117647
4718d7,2025-09,0.8928571428571429
4ee2d2,2023-11,0.0208333333333333
4ee2d2,2023-12,0.0666666666666666
4ee2d2,2024-01,0.0208333333333333
4ee2d2,2024-02,0.0454545454545454
4ee2d2,2024-03,0.0208333333333333
4ee2d2,2024-04,0.0
4ee2d2,2024-05,0.0
4ee2d2,2024-06,0.0
4ee2d2,2024-07,0.0
4ee2d2,2024-08,0.0
4ee2d2,2024-09,0.0
4ee2d2,2024-10,0.0
4ee2d2,2024-11,0.0454545454545454
4ee2d2,2024-12,0.0
4ee2d2,2025-01,0.0
4ee2d2,2025-02,0.0
4ee2d2,2025-03,0.0
4ee2d2,2025-04,0.0
4ee2d2,2025-05,0.0
4ee2d2,2025-06,0.0
4ee2d2,2025-07,0.0
4ee2d2,2025-08,0.0
4f2b6b,2022-06,0.0208333333333333
4f2b6b,2022-07,0.0454545454545454
4f2b6b,2022-08,0.0208333333333333
4f2b6b,2022-09,0.0653801817171496
4f2b6b,2022-10,0.0674157303370786
4f2b6b,2022-11,0.0666666666666666
4f2b6b,2022-12,0.0638297872340425
4f2b6b,2023-01,0.0
4f2b6b,2023-02,0.0
4f2b6b,2023-03,0.0208333333333333
4f2b6b,2023-04,0.0
4f2b6b,2023-05,0.0208333333333333
4f2b6b,2023-06,0.0
4f2b6b,2023-07,0.0
4f2b6b,2023-08,0.0
4f2b6b,2023-09,0.0
4f2b6b,2023-10,0.0
4f2b6b,2023-11,0.0
4f2b6b,2023-12,0.0208333333333333
4f2b6b,2024-01,0.0
4f2b6b,2024-02,0.0
4f2b6b,2024-03,0.0
4f2b6b,2024-04,0.0
4f2b6b,2024-05,0.0
4f2b6b,2024-06,0.0638297872340425
4f2b6b,2024-07,0.0674157303370786
4f2b6b,2024-08,0.0769230769230769
4f2b6b,2024-09,0.0638297872340425
4f2b6b,2024-10,0.2465753424657534
4f2b6b,2024-11,0.0674157303370786
4f2b6b,2024-12,0.0638297872340425
4f2b6b,2025-01,0.0454545454545454
4f2b6b,2025-02,0.0764819807486146
4f2b6b,2025-03,0.1714285714285714
4f2b6b,2025-04,0.0666666666666666
4f2b6b,2025-05,0.0674157303370786
4f2b6b,2025-06,0.0674157303370786
4f2b6b,2025-07,0.0638297872340425
4f2b6b,2025-08,0.0769230769230769
4fb2d3,2014-07,0.0666666666666666
4fb2d3,2014-08,0.0454545454545454
4fb2d3,2014-09,0.0454545454545454
4fb2d3,2014-10,0.0454545454545454
4fb2d3,2014-11,0.0208333333333333
4fb2d3,2014-12,0.0
4fb2d3,2015-01,0.0208333333333333
4fb2d3,2015-02,0.0
4fb2d3,2015-03,0.0
4fb2d3,2015-04,0.0674157303370786
4fb2d3,2015-05,0.0674157303370786
4fb2d3,2015-06,0.0638297872340425
4fb2d3,2015-07,0.0208333333333333
4fb2d3,2015-08,0.0208333333333333
4fb2d3,2015-09,0.0208333333333333
4fb2d3,2015-10,0.0
4fb2d3,2015-11,0.0
4fb2d3,2015-12,0.0
4fb2d3,2016-01,0.0
4fb2d3,2016-02,0.0
4fb2d3,2016-03,0.0
4fb2d3,2016-04,0.0
4fb2d3,2016-05,0.0
4fb2d3,2016-06,0.0666666666666666
4fb2d3,2016-07,0.1714285714285714
4fb2d3,2016-08,0.1206080797034527
4fb2d3,2016-09,0.1714285714285714
4fb2d3,2016-10,0.0686450436627824
4fb2d3,2016-11,0.0769230769230769
4fb2d3,2016-12,0.1029608219581049
4fb2d3,2017-01,0.1428571428571428
4fb2d3,2017-02,0.1714285714285714
4fb2d3,2017-03,0.2465753424657534
4fb2d3,2017-04,0.2465753424657534
4fb2d3,2017-05,0.3709677419354839
4fb2d3,2017-06,0.4545454545454545
4fb2d3,2017-07,0.3709677419354839
4fb2d3,2017-08,0.2465753424657534
4fb2d3,2017-09,0.3796777594546842
4fb2d3,2017-10,0.3878782236885265
4fb2d3,2017-11,0.2465753424657534
4fb2d3,2017-12,0.3709677419354839
4fb2d3,2018-01,0.2465753424657534
4fb2d3,2018-02,0.0674157303370786
4fb2d3,2018-03,0.4545454545454545
4fb2d3,2018-04,0.0638297872340425
4fb2d3,2018-05,0.0666666666666666
4fb2d3,2018-06,0.0674157303370786
4fb2d3,2018-07,0.4545454545454545
4fb2d3,2018-08,0.3709677419354839
4fb2d3,2018-09,0.2465753424657534
4fb2d3,2018-10,0.4545454545454545
4fb2d3,2018-11,0.5
4fb2d3,2018-12,0.2465753424657534
4fb2d3,2019-01,0.4545454545454545
4fb2d3,2019-02,0.2465753424657534
4fb2d3,2019-03,0.4545454545454545
4fb2d3,2019-04,0.4545454545454545
4fb2d3,2019-05,0.3846153846153846
4fb2d3,2019-06,0.4545454545454545
4fb2d3,2019-07,0.3846153846153846
4fb2d3,2019-08,0.4545454545454545
4fb2d3,2019-09,0.5
4fb2d3,2019-10,0.5
4fb2d3,2019-11,0.9411764705882352
4fb2d3,2019-12,0.6666666666666666
4fb2d3,2020-01,0.9411764705882352
4fb2d3,2020-02,0.5588235294117647
4fb2d3,2020-03,1.0
4fb2d3,2020-04,0.9411764705882352
4fb2d3,2020-05,0.8928571428571429
4fb2d3,2020-06,0.8928571428571429
4fb2d3,2020-07,0.8928571428571429
4fb2d3,2020-08,0.4545454545454545
4fb2d3,2020-09,0.8928571428571429
4fb2d3,2020-10,0.8928571428571429
4fb2d3,2020-11,0.8928571428571429
4fb2d3,2020-12,0.8928571428571429
4fb2d3,2021-01,0.5588235294117647
4fb2d3,2021-02,0.8928571428571429
4fb2d3,2021-03,0.8928571428571429
4fb2d3,2021-04,0.8928571428571429
4fb2d3,2021-05,0.8928571428571429
4fb2d3,2021-06,0.9411764705882352
4fb2d3,2021-07,0.9423759837261768
4fb2d3,2021-08,0.9411764705882352
4fb2d3,2021-09,0.8928571428571429
4fb2d3,2021-10,0.6744186046511629
4fb2d3,2021-11,0.9411764705882352
4fb2d3,2021-12,0.8928571428571429
4fb2d3,2022-01,0.8928571428571429
4fb2d3,2022-02,0.9411764705882352
4fb2d3,2022-03,0.6744186046511629
4fb2d3,2022-04,0.5588235294117647
4fb2d3,2022-05,0.5588235294117647
4fb2d3,2022-06,0.5588235294117647
4fb2d3,2022-07,0.5588235294117647
4fb2d3,2022-08,0.4545454545454545
4fb2d3,2022-09,0.4545454545454545
4fb2d3,2022-10,0.4545454545454545
4fb2d3,2022-11,0.8928571428571429
4fb2d3,2022-12,0.4545454545454545
4fb2d3,2023-01,0.9411764705882352
4fb2d3,2023-02,0.4545454545454545
4fb2d3,2023-03,0.5588235294117647
4fb2d3,2023-04,0.5
4fb2d3,2023-05,0.6666666666666666
4fb2d3,2023-06,0.8
4fb2d3,2023-07,0.8468458967662339
4fb2d3,2023-08,0.8627127229695566
4fb2d3,2023-09,0.6744186046511629
4fb2d3,2023-10,0.8928571428571429
4fb2d3,2023-11,1.0
4fb2d3,2023-12,1.0
4fb2d3,2024-01,1.0
4fb2d3,2024-02,0.8928571428571429
4fb2d3,2024-03,1.0
4fb2d3,2024-04,0.8928571428571429
4fb2d3,2024-05,0.6744186046511629
4fb2d3,2024-06,0.8811217997570482
4fb2d3,2024-07,0.6744186046511629
4fb2d3,2024-08,0.8928571428571429
4fb2d3,2024-09,0.6744186046511629
4fb2d3,2024-10,0.8928571428571429
4fb2d3,2024-11,1.0
4fb2d3,2024-12,0.8928571428571429
4fb2d3,2025-01,1.0
4fb2d3,2025-02,0.8928571428571429
4fb2d3,2025-03,0.8928571428571429
4fb2d3,2025-04,0.8928571428571429
4fb2d3,2025-05,0.8928571428571429
4fb2d3,2025-06,0.8928571428571429
4fb2d3,2025-07,0.8928571428571429
4fb2d3,2025-08,0.6744186046511629
4fb2d3,2025-09,0.8928571428571429
510fbf,2021-12,0.0
510fbf,2022-01,0.0
510fbf,2022-02,0.0
510fbf,2022-03,0.0208333333333333
510fbf,2022-04,0.0208333333333333
510fbf,2022-05,0.0674157303370786
510fbf,2022-06,0.0454545454545454
510fbf,2022-07,0.0454545454545454
510fbf,2022-08,0.0208333333333333
510fbf,2022-09,0.0454545454545454
510fbf,2022-10,0.085144180222174
510fbf,2022-11,0.0208333333333333
510fbf,2022-12,0.0
510fbf,2023-01,0.0
510fbf,2023-02,0.0208333333333333
510fbf,2023-03,0.0769230769230769
510fbf,2023-04,0.0208333333333333
510fbf,2023-05,0.0
510fbf,2023-06,0.0
510fbf,2023-07,0.0208333333333333
510fbf,2023-08,0.0454545454545454
510fbf,2023-09,0.0
510fbf,2023-10,0.0208333333333333
510fbf,2023-11,0.0
510fbf,2023-12,0.2465753424657534
510fbf,2024-01,0.2465753424657534
510fbf,2024-02,0.2465753424657534
510fbf,2024-03,0.4545454545454545
510fbf,2024-04,0.4545454545454545
510fbf,2024-05,0.4545454545454545
510fbf,2024-06,0.3709677419354839
510fbf,2024-07,0.4545454545454545
510fbf,2024-08,0.5588235294117647
510fbf,2024-09,0.5
510fbf,2024-10,0.2465753424657534
510fbf,2024-11,0.2465753424657534
510fbf,2024-12,0.2465753424657534
510fbf,2025-01,0.2465753424657534
510fbf,2025-02,0.2465753424657534
510fbf,2025-03,0.2465753424657534
510fbf,2025-04,0.1714285714285714
510fbf,2025-05,0.3977144364880224
510fbf,2025-06,0.5588235294117647
510fbf,2025-07,0.5103857396351421
510fbf,2025-08,0.4545454545454545
513080,2021-12,0.0454545454545454
513080,2022-01,0.0638297872340425
513080,2022-02,0.0208333333333333
513080,2022-03,0.0208333333333333
513080,2022-04,0.0208333333333333
513080,2022-05,0.0208333333333333
513080,2022-06,0.0454545454545454
513080,2022-07,0.0638297872340425
513080,2022-08,0.0454545454545454
513080,2022-09,0.0454545454545454
513080,2022-10,0.0208333333333333
513080,2022-11,0.0208333333333333
513080,2022-12,0.0
513080,2023-01,0.0
513080,2023-02,0.0208333333333333
513080,2023-03,0.0208333333333333
513080,2023-04,0.0638297872340425
513080,2023-05,0.0208333333333333
513080,2023-06,0.0208333333333333
513080,2023-07,0.0674157303370786
513080,2023-08,0.0769230769230769
513080,2023-09,0.0674157303370786
513080,2023-10,0.0638297872340425
513080,2023-11,0.0208333333333333
513080,2023-12,0.3709677419354839
513080,2024-01,0.2465753424657534
513080,2024-02,0.2465753424657534
513080,2024-03,0.4545454545454545
513080,2024-04,0.3709677419354839
513080,2024-05,0.5588235294117647
513080,2024-06,0.3709677419354839
513080,2024-07,0.3709677419354839
513080,2024-08,0.3709677419354839
513080,2024-09,0.3846153846153846
513080,2024-10,0.4545454545454545
513080,2024-11,0.3709677419354839
513080,2024-12,0.4545454545454545
513080,2025-01,0.2465753424657534
513080,2025-02,0.2465753424657534
513080,2025-03,0.5588235294117647
513080,2025-04,0.3709677419354839
513080,2025-05,0.4545454545454545
513080,2025-06,0.4545454545454545
513080,2025-07,0.5588235294117647
513080,2025-08,0.3846153846153846
513080,2025-09,0.5588235294117647
513080,2025-10,0.5
531356,2014-10,0.0
531356,2014-11,0.0
531356,2014-12,0.0
531356,2015-01,0.0
531356,2015-02,0.0208333333333333
531356,2015-03,0.0
531356,2015-04,0.0454545454545454
531356,2015-05,0.0208333333333333
531356,2015-06,0.0
531356,2015-07,0.0
531356,2015-08,0.0
531356,2015-09,0.0
531356,2015-10,0.0
531356,2015-11,0.0
531356,2015-12,0.0
531356,2016-01,0.0
531356,2016-02,0.0
531356,2016-03,0.0
531356,2016-04,0.0
531356,2016-05,0.0
531356,2016-06,0.0
531356,2016-07,0.0
531356,2016-08,0.0
531356,2016-09,0.0
531356,2016-10,0.1714285714285714
531356,2016-11,0.1714285714285714
531356,2016-12,0.3709677419354839
531356,2017-01,0.2465753424657534
531356,2017-02,0.4285714285714285
531356,2017-03,0.4545454545454545
531356,2017-04,0.2465753424657534
531356,2017-05,0.3709677419354839
531356,2017-06,0.2465753424657534
531356,2017-07,0.2465753424657534
531356,2017-08,0.2465753424657534
531356,2017-09,0.2465753424657534
531356,2017-10,0.2465753424657534
531356,2017-11,0.3846153846153846
531356,2017-12,0.4545454545454545
531356,2018-01,0.2465753424657534
531356,2018-02,0.0638297872340425
531356,2018-03,0.0674157303370786
531356,2018-04,0.0208333333333333
531356,2018-05,0.0674157303370786
531356,2018-06,0.3816200543665543
531356,2018-07,0.4545454545454545
531356,2018-08,0.5588235294117647
531356,2018-09,0.4545454545454545
531356,2018-10,0.3709677419354839
531356,2018-11,0.3709677419354839
531356,2018-12,0.3709677419354839
531356,2019-01,0.3709677419354839
531356,2019-02,0.2465753424657534
531356,2019-03,0.2465753424657534
531356,2019-04,0.2465753424657534
531356,2019-05,0.3709677419354839
531356,2019-06,0.3846153846153846
531356,2019-07,0.4545454545454545
531356,2019-08,0.5588235294117647
531356,2019-09,0.4545454545454545
531356,2019-10,0.4545454545454545
531356,2019-11,0.8928571428571429
531356,2019-12,0.5588235294117647
531356,2020-01,0.5588235294117647
531356,2020-02,0.5588235294117647
531356,2020-03,0.9411764705882352
531356,2020-04,0.9411764705882352
531356,2020-05,0.8928571428571429
531356,2020-06,0.8928571428571429
531356,2020-07,0.8928571428571429
531356,2020-08,0.8928571428571429
531356,2020-09,0.8928571428571429
531356,2020-10,0.8928571428571429
531356,2020-11,0.8928571428571429
531356,2020-12,0.8928571428571429
531356,2021-01,0.8928571428571429
531356,2021-02,0.8928571428571429
531356,2021-03,0.8928571428571429
531356,2021-04,0.8928571428571429
531356,2021-05,0.8928571428571429
531356,2021-06,0.8928571428571429
531356,2021-07,0.5588235294117647
531356,2021-08,0.8928571428571429
531356,2021-09,0.9411764705882352
531356,2021-10,0.8928571428571429
531356,2021-11,0.8928571428571429
531356,2021-12,0.8928571428571429
531356,2022-01,0.8928571428571429
531356,2022-02,0.8928571428571429
531356,2022-03,0.8928571428571429
531356,2022-04,0.8928571428571429
531356,2022-05,0.8928571428571429
531356,2022-06,0.8928571428571429
531356,2022-07,0.4545454545454545
531356,2022-08,0.4545454545454545
531356,2022-09,0.4545454545454545
531356,2022-10,0.4545454545454545
531356,2022-11,0.4545454545454545
531356,2022-12,0.4545454545454545
531356,2023-01,0.4144703343881457
531356,2023-02,0.9411764705882352
531356,2023-03,0.5588235294117647
531356,2023-04,0.4285714285714285
531356,2023-05,0.4545454545454545
531356,2023-06,0.5333776796764347
531356,2023-07,0.8928571428571429
531356,2023-08,0.5588235294117647
531356,2023-09,0.5588235294117647
531356,2023-10,0.5588235294117647
531356,2023-11,0.6744186046511629
531356,2023-12,0.8928571428571429
531356,2024-01,0.8928571428571429
531356,2024-02,0.8
531356,2024-03,0.9411764705882352
531356,2024-04,0.8928571428571429
531356,2024-05,0.8928571428571429
531356,2024-06,0.8928571428571429
531356,2024-07,0.8928571428571429
531356,2024-08,0.8928571428571429
531356,2024-09,0.8928571428571429
531356,2024-10,1.0
531356,2024-11,1.0
531356,2024-12,1.0
531356,2025-01,0.8928571428571429
531356,2025-02,0.8928571428571429
531356,2025-03,0.8928571428571429
531356,2025-04,0.8928571428571429
531356,2025-05,0.8928571428571429
531356,2025-06,0.8928571428571429
531356,2025-07,0.8928571428571429
531356,2025-08,0.8928571428571429
532867,2023-10,0.0626307905753239
532867,2023-11,0.0638297872340425
532867,2023-12,0.0454545454545454
532867,2024-01,0.066909749622778
532867,2024-02,0.0208333333333333
532867,2024-03,0.0208333333333333
532867,2024-04,0.0
532867,2024-05,0.0208333333333333
532867,2024-06,0.0454545454545454
532867,2024-07,0.0208333333333333
532867,2024-08,0.0208333333333333
532867,2024-09,0.0208333333333333
532867,2024-10,0.0674157303370786
532867,2024-11,0.0638297872340425
532867,2024-12,0.0208333333333333
532867,2025-01,0.0454545454545454
532867,2025-02,0.0208333333333333
532867,2025-03,0.0208333333333333
532867,2025-04,0.0
532867,2025-05,0.0
532867,2025-06,0.0208333333333333
532867,2025-07,0.0208333333333333
532867,2025-08,0.0208333333333333
545d15,2018-10,0.0
545d15,2018-11,0.0208333333333333
545d15,2018-12,0.0208333333333333
545d15,2019-01,0.0
545d15,2019-02,0.0
545d15,2019-03,0.0454545454545454
545d15,2019-04,0.0638297872340425
545d15,2019-05,0.0674157303370786
545d15,2019-06,0.0638297872340425
545d15,2019-07,0.0
545d15,2019-08,0.0
545d15,2019-09,0.0
545d15,2019-10,0.0
545d15,2019-11,0.0
545d15,2019-12,0.0
545d15,2020-01,0.0
545d15,2020-02,0.0
545d15,2020-03,0.0
545d15,2020-04,0.0
545d15,2020-05,0.0
545d15,2020-06,0.0
545d15,2020-07,0.0
545d15,2020-08,0.0
545d15,2020-09,0.0
545d15,2020-10,0.0769230769230769
545d15,2020-11,0.2465753424657534
545d15,2020-12,0.2465753424657534
545d15,2021-01,0.0674157303370786
545d15,2021-02,0.0769230769230769
545d15,2021-03,0.2465753424657534
545d15,2021-04,0.2465753424657534
545d15,2021-05,0.4545454545454545
545d15,2021-06,0.3709677419354839
545d15,2021-07,0.3709677419354839
545d15,2021-08,0.2465753424657534
545d15,2021-09,0.2465753424657534
545d15,2021-10,0.2465753424657534
545d15,2021-11,0.2465753424657534
545d15,2021-12,0.2465753424657534
545d15,2022-01,0.2465753424657534
545d15,2022-02,0.3709677419354839
545d15,2022-03,0.3709677419354839
545d15,2022-04,0.3846153846153846
545d15,2022-05,0.2465753424657534
545d15,2022-06,0.3709677419354839
545d15,2022-07,0.3709677419354839
545d15,2022-08,0.3709677419354839
545d15,2022-09,0.3709677419354839
545d15,2022-10,0.3709677419354839
545d15,2022-11,0.3846153846153846
545d15,2022-12,0.3846153846153846
545d15,2023-01,0.5
545d15,2023-02,0.5588235294117647
545d15,2023-03,0.6729283169900193
545d15,2023-04,0.6744186046511629
545d15,2023-05,0.6744186046511629
545d15,2023-06,0.8928571428571429
545d15,2023-07,0.7615357491060365
545d15,2023-08,0.8928571428571429
545d15,2023-09,0.8928571428571429
545d15,2023-10,0.8928571428571429
545d15,2023-11,0.8928571428571429
545d15,2023-12,0.8928571428571429
545d15,2024-01,0.8928571428571429
545d15,2024-02,0.8928571428571429
545d15,2024-03,0.8928571428571429
545d15,2024-04,0.8928571428571429
545d15,2024-05,0.8928571428571429
545d15,2024-06,0.8928571428571429
545d15,2024-07,0.8928571428571429
545d15,2024-08,0.8928571428571429
545d15,2024-09,0.8928571428571429
545d15,2024-10,0.8928571428571429
545d15,2024-11,0.8928571428571429
545d15,2024-12,0.8928571428571429
545d15,2025-01,0.8928571428571429
545d15,2025-02,0.8928571428571429
545d15,2025-03,0.8928571428571429
545d15,2025-04,0.8928571428571429
545d15,2025-05,0.8928571428571429
545d15,2025-06,0.8928571428571429
545d15,2025-07,0.8928571428571429
545d15,2025-08,0.8928571428571429
545d15,2025-09,0.8928571428571429
545d15,2025-10,0.8928571428571429
545d15,2025-11,0.6744186046511629
5a0174,2014-07,0.0208333333333333
5a0174,2014-08,0.0208333333333333
5a0174,2014-09,0.0208333333333333
5a0174,2014-10,0.0208333333333333
5a0174,2014-11,0.0208333333333333
5a0174,2014-12,0.0
5a0174,2015-01,0.0
5a0174,2015-02,0.0
5a0174,2015-03,0.0
5a0174,2015-04,0.0208333333333333
5a0174,2015-05,0.0
5a0174,2015-06,0.0
5a0174,2015-07,0.0
5a0174,2015-08,0.0
5a0174,2015-09,0.0
5a0174,2015-10,0.0
5a0174,2015-11,0.0
5a0174,2015-12,0.0
5a0174,2016-01,0.0
5a0174,2016-02,0.0
5a0174,2016-03,0.0
5a0174,2016-04,0.0
5a0174,2016-05,0.0208333333333333
5a0174,2016-06,0.0666666666666666
5a0174,2016-07,0.3846153846153846
5a0174,2016-08,0.3846153846153846
5a0174,2016-09,0.3709677419354839
5a0174,2016-10,0.3709677419354839
5a0174,2016-11,0.2465753424657534
5a0174,2016-12,0.2465753424657534
5a0174,2017-01,0.3709677419354839
5a0174,2017-02,0.1714285714285714
5a0174,2017-03,0.2465753424657534
5a0174,2017-04,0.3709677419354839
5a0174,2017-05,0.4545454545454545
5a0174,2017-06,0.4545454545454545
5a0174,2017-07,0.4545454545454545
5a0174,2017-08,0.4545454545454545
5a0174,2017-09,0.3728821157256636
5a0174,2017-10,0.3709677419354839
5a0174,2017-11,0.2465753424657534
5a0174,2017-12,0.0674157303370786
5a0174,2018-01,0.0454545454545454
5a0174,2018-02,0.2465753424657534
5a0174,2018-03,0.3709677419354839
5a0174,2018-04,0.0674157303370786
5a0174,2018-05,0.1714285714285714
5a0174,2018-06,0.0674157303370786
5a0174,2018-07,0.4545454545454545
5a0174,2018-08,0.4545454545454545
5a0174,2018-09,0.3846153846153846
5a0174,2018-10,0.3709677419354839
5a0174,2018-11,0.4545454545454545
5a0174,2018-12,0.3709677419354839
5a0174,2019-01,0.4545454545454545
5a0174,2019-02,0.3709677419354839
5a0174,2019-03,0.8928571428571429
5a0174,2019-04,0.5588235294117647
5a0174,2019-05,0.5588235294117647
5a0174,2019-06,0.4545454545454545
5a0174,2019-07,0.5
5a0174,2019-08,0.6744186046511629
5a0174,2019-09,0.5588235294117647
5a0174,2019-10,0.5588235294117647
5a0174,2019-11,0.5588235294117647
5a0174,2019-12,0.8
5a0174,2020-01,0.8928571428571429
5a0174,2020-02,0.8928571428571429
5a0174,2020-03,0.8928571428571429
5a0174,2020-04,0.8928571428571429
5a0174,2020-05,0.8928571428571429
5a0174,2020-06,0.8928571428571429
5a0174,2020-07,0.8928571428571429
5a0174,2020-08,0.8928571428571429
5a0174,2020-09,0.8928571428571429
5a0174,2020-10,0.8928571428571429
5a0174,2020-11,0.8928571428571429
5a0174,2020-12,0.8928571428571429
5a0174,2021-01,0.9411764705882352
5a0174,2021-02,1.0
5a0174,2021-03,1.0
5a0174,2021-04,1.0
5a0174,2021-05,1.0
5a0174,2021-06,1.0
5a0174,2021-07,0.9411764705882352
5a0174,2021-08,0.8928571428571429
5a0174,2021-09,0.8928571428571429
5a0174,2021-10,0.8928571428571429
5a0174,2021-11,0.9411764705882352
5a0174,2021-12,0.8928571428571429
5a0174,2022-01,0.8928571428571429
5a0174,2022-02,0.9411764705882352
5a0174,2022-03,0.9411764705882352
5a0174,2022-04,0.8928571428571429
5a0174,2022-05,0.8928571428571429
5a0174,2022-06,0.8928571428571429
5a0174,2022-07,0.5588235294117647
5a0174,2022-08,0.6744186046511629
5a0174,2022-09,0.5588235294117647
5a0174,2022-10,0.8928571428571429
5a0174,2022-11,0.8928571428571429
5a0174,2022-12,0.8928571428571429
5a0174,2023-01,0.8928571428571429
5a0174,2023-02,0.5588235294117647
5a0174,2023-03,0.8928571428571429
5a0174,2023-04,0.8928571428571429
5a0174,2023-05,0.8928571428571429
5a0174,2023-06,0.9411764705882352
5a0174,2023-07,0.8928571428571429
5a0174,2023-08,0.8928571428571429
5a0174,2023-09,0.8928571428571429
5a0174,2023-10,1.0
5a0174,2023-11,1.0
5a0174,2023-12,0.8928571428571429
5a0174,2024-01,1.0
5a0174,2024-02,1.0
5a0174,2024-03,1.0
5a0174,2024-04,0.5588235294117647
5a0174,2024-05,0.8928571428571429
5a0174,2024-06,0.5588235294117647
5a0174,2024-07,0.6744186046511629
5a0174,2024-08,0.9411764705882352
5a0174,2024-09,0.9411764705882352
5a0174,2024-10,0.8928571428571429
5a0174,2024-11,0.8928571428571429
5a0174,2024-12,0.8928571428571429
5a0174,2025-01,0.8928571428571429
5a0174,2025-02,0.6744186046511629
5a0174,2025-03,0.8928571428571429
5a0174,2025-04,0.8928571428571429
5a0174,2025-05,0.8928571428571429
5a0174,2025-06,1.0
5a0174,2025-07,0.9411764705882352
5a0174,2025-08,1.0
5a0174,2025-09,0.6744186046511629
5ecf9b,2022-03,0.0208333333333333
5ecf9b,2022-04,0.0
5ecf9b,2022-05,0.0208333333333333
5ecf9b,2022-06,0.0454545454545454
5ecf9b,2022-07,0.0638297872340425
5ecf9b,2022-08,0.0638297872340425
5ecf9b,2022-09,0.0454545454545454
5ecf9b,2022-10,0.0208333333333333
5ecf9b,2022-11,0.0208333333333333
5ecf9b,2022-12,0.0
5ecf9b,2023-01,0.0454545454545454
5ecf9b,2023-02,0.0638297872340425
5ecf9b,2023-03,0.0454545454545454
5ecf9b,2023-04,0.0
5ecf9b,2023-05,0.0
5ecf9b,2023-06,0.0
5ecf9b,2023-07,0.0
5ecf9b,2023-08,0.0002208237701972
5ecf9b,2023-09,0.0
5ecf9b,2023-10,0.0
5ecf9b,2023-11,0.0
5ecf9b,2023-12,0.0
5ecf9b,2024-01,0.0
5ecf9b,2024-02,0.0
5ecf9b,2024-03,0.2465753424657534
5ecf9b,2024-04,0.4545454545454545
5ecf9b,2024-05,0.1714285714285714
5ecf9b,2024-06,0.2465753424657534
5ecf9b,2024-07,0.1714285714285714
5ecf9b,2024-08,0.1665077310225613
5ecf9b,2024-09,0.3709677419354839
5ecf9b,2024-10,0.2465753424657534
5ecf9b,2024-11,0.0674157303370786
5ecf9b,2024-12,0.0666666666666666
5ecf9b,2025-01,0.1188900102169716
5ecf9b,2025-02,0.2465753424657534
5ecf9b,2025-03,0.3709677419354839
5ecf9b,2025-04,0.3709677419354839
5ecf9b,2025-05,0.2465753424657534
5ecf9b,2025-06,0.2465753424657534
5ecf9b,2025-07,0.2465753424657534
5ecf9b,2025-08,0.1714285714285714
5ecf9b,2025-09,0.3709677419354839
60a0fd,2014-06,0.0
60a0fd,2014-07,0.0208333333333333
60a0fd,2014-08,0.0208333333333333
60a0fd,2014-09,0.0254869555497475
60a0fd,2014-10,0.0
60a0fd,2014-11,0.0208333333333333
60a0fd,2014-12,0.0
60a0fd,2015-01,0.0
60a0fd,2015-02,0.0
60a0fd,2015-03,0.0
60a0fd,2015-04,0.0208333333333333
60a0fd,2015-05,0.0208333333333333
60a0fd,2015-06,0.0
60a0fd,2015-07,0.0
60a0fd,2015-08,0.0
60a0fd,2015-09,0.0
60a0fd,2015-10,0.0
60a0fd,2015-11,0.0
60a0fd,2015-12,0.0
60a0fd,2016-01,0.0
60a0fd,2016-02,0.0
60a0fd,2016-03,0.0
60a0fd,2016-04,0.0
60a0fd,2016-05,0.0208333333333333
60a0fd,2016-06,0.0674157303370786
60a0fd,2016-07,0.0674157303370786
60a0fd,2016-08,0.0674157303370786
60a0fd,2016-09,0.0674157303370786
60a0fd,2016-10,0.0674157303370786
60a0fd,2016-11,0.0769230769230769
60a0fd,2016-12,0.1428571428571428
60a0fd,2017-01,0.1428571428571428
60a0fd,2017-02,0.0938647607708282
60a0fd,2017-03,0.1714285714285714
60a0fd,2017-04,0.3709677419354839
60a0fd,2017-05,0.0769230769230769
60a0fd,2017-06,0.1714285714285714
60a0fd,2017-07,0.3709677419354839
60a0fd,2017-08,0.4285714285714285
60a0fd,2017-09,0.2465753424657534
60a0fd,2017-10,0.2465753424657534
60a0fd,2017-11,0.377118634043246
60a0fd,2017-12,0.4545454545454545
60a0fd,2018-01,0.1714285714285714
60a0fd,2018-02,0.0674157303370786
60a0fd,2018-03,0.3709677419354839
60a0fd,2018-04,0.2465753424657534
60a0fd,2018-05,0.1428571428571428
60a0fd,2018-06,0.4545454545454545
60a0fd,2018-07,0.4545454545454545
60a0fd,2018-08,0.4545454545454545
60a0fd,2018-09,0.4545454545454545
60a0fd,2018-10,0.4545454545454545
60a0fd,2018-11,0.5588235294117647
60a0fd,2018-12,0.3709677419354839
60a0fd,2019-01,0.4545454545454545
60a0fd,2019-02,0.4545454545454545
60a0fd,2019-03,0.3709677419354839
60a0fd,2019-04,0.3846153846153846
60a0fd,2019-05,0.4545454545454545
60a0fd,2019-06,0.3709677419354839
60a0fd,2019-07,0.4545454545454545
60a0fd,2019-08,0.4545454545454545
60a0fd,2019-09,0.5588235294117647
60a0fd,2019-10,0.6744186046511629
60a0fd,2019-11,0.3846153846153846
60a0fd,2019-12,0.8928571428571429
60a0fd,2020-01,0.6744186046511629
60a0fd,2020-02,0.4545454545454545
60a0fd,2020-03,0.8928571428571429
60a0fd,2020-04,0.6744186046511629
60a0fd,2020-05,0.6744186046511629
60a0fd,2020-06,0.8928571428571429
60a0fd,2020-07,0.8928571428571429
60a0fd,2020-08,0.8928571428571429
60a0fd,2020-09,0.8928571428571429
60a0fd,2020-10,0.8928571428571429
60a0fd,2020-11,0.8928571428571429
60a0fd,2020-12,0.8928571428571429
60a0fd,2021-01,0.8928571428571429
60a0fd,2021-02,0.8928571428571429
60a0fd,2021-03,0.8928571428571429
60a0fd,2021-04,0.8928571428571429
60a0fd,2021-05,0.4545454545454545
60a0fd,2021-06,0.9411764705882352
60a0fd,2021-07,0.5588235294117647
60a0fd,2021-08,1.0
60a0fd,2021-09,0.9411764705882352
60a0fd,2021-10,0.9411764705882352
60a0fd,2021-11,0.5588235294117647
60a0fd,2021-12,0.8928571428571429
60a0fd,2022-01,0.4545454545454545
60a0fd,2022-02,0.4285714285714285
60a0fd,2022-03,0.8928571428571429
60a0fd,2022-04,0.9411764705882352
60a0fd,2022-05,0.8928571428571429
60a0fd,2022-06,0.6744186046511629
60a0fd,2022-07,0.5588235294117647
60a0fd,2022-08,0.4545454545454545
60a0fd,2022-09,0.5588235294117647
60a0fd,2022-10,0.4545454545454545
60a0fd,2022-11,0.5588235294117647
60a0fd,2022-12,0.5785939402685073
60a0fd,2023-01,0.5588235294117647
60a0fd,2023-02,0.5588235294117647
60a0fd,2023-03,0.6744186046511629
60a0fd,2023-04,0.8928571428571429
60a0fd,2023-05,0.8928571428571429
60a0fd,2023-06,1.0
60a0fd,2023-07,0.6744186046511629
60a0fd,2023-08,0.8928571428571429
60a0fd,2023-09,0.5588235294117647
60a0fd,2023-10,0.8928571428571429
60a0fd,2023-11,0.5588235294117647
60a0fd,2023-12,0.8928571428571429
60a0fd,2024-01,0.6744186046511629
60a0fd,2024-02,0.5588235294117647
60a0fd,2024-03,0.5588235294117647
60a0fd,2024-04,0.5588235294117647
60a0fd,2024-05,0.6744186046511629
60a0fd,2024-06,0.5588235294117647
60a0fd,2024-07,0.5588235294117647
60a0fd,2024-08,0.8928571428571429
60a0fd,2024-09,0.6744186046511629
60a0fd,2024-10,0.8928571428571429
60a0fd,2024-11,0.8928571428571429
60a0fd,2024-12,0.8928571428571429
60a0fd,2025-01,0.8928571428571429
60a0fd,2025-02,0.6744186046511629
60a0fd,2025-03,0.5588235294117647
60a0fd,2025-04,0.6744186046511629
60a0fd,2025-05,0.6744186046511629
60a0fd,2025-06,0.8
60a0fd,2025-07,0.6744186046511629
60a0fd,2025-08,0.6744186046511629
60b690,2025-05,0.0674157303370786
60b690,2025-06,0.0674157303370786
60b690,2025-07,0.0674157303370786
60b690,2025-08,0.0674157303370786
6224d0,2014-05,0.0454545454545454
6224d0,2014-06,0.0
6224d0,2014-07,0.0638297872340425
6224d0,2014-08,0.0638297872340425
6224d0,2014-09,0.0454545454545454
6224d0,2014-10,0.0208333333333333
6224d0,2014-11,0.0
6224d0,2014-12,0.0
6224d0,2015-01,0.0
6224d0,2015-02,0.0
6224d0,2015-03,0.0
6224d0,2015-04,0.0674157303370786
6224d0,2015-05,0.0454545454545454
6224d0,2015-06,0.0638297872340425
6224d0,2015-07,0.0208333333333333
6224d0,2015-08,0.0
6224d0,2015-09,0.0
6224d0,2015-10,0.0
6224d0,2015-11,0.0
6224d0,2015-12,0.0
6224d0,2016-01,0.0
6224d0,2016-02,0.0
6224d0,2016-03,0.0
6224d0,2016-04,0.0
6224d0,2016-05,0.0674157303370786
6224d0,2016-06,0.2465753424657534
6224d0,2016-07,0.2465753424657534
6224d0,2016-08,0.1714285714285714
6224d0,2016-09,0.2465753424657534
6224d0,2016-10,0.2465753424657534
6224d0,2016-11,0.2465753424657534
6224d0,2016-12,0.0769230769230769
6224d0,2017-01,0.0674157303370786
6224d0,2017-02,0.0208333333333333
6224d0,2017-03,0.0674157303370786
6224d0,2017-04,0.0674157303370786
6224d0,2017-05,0.2465753424657534
6224d0,2017-06,0.0674157303370786
6224d0,2017-07,0.0208333333333333
6224d0,2017-08,0.0769230769230769
6224d0,2017-09,0.2465753424657534
6224d0,2017-10,0.2465753424657534
6224d0,2017-11,0.0769230769230769
6224d0,2017-12,0.1714285714285714
6224d0,2018-01,0.1714285714285714
6224d0,2018-02,0.0638297872340425
6224d0,2018-03,0.2465753424657534
6224d0,2018-04,0.0454545454545454
6224d0,2018-05,0.0208333333333333
6224d0,2018-06,0.0638297872340425
6224d0,2018-07,0.2465753424657534
6224d0,2018-08,0.3709677419354839
6224d0,2018-09,0.3709677419354839
6224d0,2018-10,0.4545454545454545
6224d0,2018-11,0.5588235294117647
6224d0,2018-12,0.3709677419354839
6224d0,2019-01,0.5588235294117647
6224d0,2019-02,0.2465753424657534
6224d0,2019-03,0.3709677419354839
6224d0,2019-04,0.2465753424657534
6224d0,2019-05,0.2465753424657534
6224d0,2019-06,0.3709677419354839
6224d0,2019-07,0.3709677419354839
6224d0,2019-08,0.3709677419354839
6224d0,2019-09,0.2465753424657534
6224d0,2019-10,0.2465753424657534
6224d0,2019-11,0.4545454545454545
6224d0,2019-12,0.4545454545454545
6224d0,2020-01,0.8928571428571429
6224d0,2020-02,0.6744186046511629
6224d0,2020-03,0.9411764705882352
6224d0,2020-04,1.0
6224d0,2020-05,0.9411764705882352
6224d0,2020-06,0.9411764705882352
6224d0,2020-07,0.8928571428571429
6224d0,2020-08,0.4545454545454545
6224d0,2020-09,0.6744186046511629
6224d0,2020-10,0.9411764705882352
6224d0,2020-11,0.8928571428571429
6224d0,2020-12,0.8928571428571429
6224d0,2021-01,0.8928571428571429
6224d0,2021-02,0.8928571428571429
6224d0,2021-03,0.9411764705882352
6224d0,2021-04,0.8928571428571429
6224d0,2021-05,0.8928571428571429
6224d0,2021-06,0.9411764705882352
6224d0,2021-07,0.9411764705882352
6224d0,2021-08,0.8928571428571429
6224d0,2021-09,0.8928571428571429
6224d0,2021-10,0.8
6224d0,2021-11,0.8928571428571429
6224d0,2021-12,0.8928571428571429
6224d0,2022-01,0.8928571428571429
6224d0,2022-02,0.8928571428571429
6224d0,2022-03,0.8928571428571429
6224d0,2022-04,0.9411764705882352
6224d0,2022-05,0.9411764705882352
6224d0,2022-06,0.5588235294117647
6224d0,2022-07,0.5588235294117647
6224d0,2022-08,0.4545454545454545
6224d0,2022-09,0.4545454545454545
6224d0,2022-10,0.3846153846153846
6224d0,2022-11,0.8928571428571429
6224d0,2022-12,0.8928571428571429
6224d0,2023-01,0.9411764705882352
6224d0,2023-02,0.5588235294117647
6224d0,2023-03,0.4545454545454545
6224d0,2023-04,0.4545454545454545
6224d0,2023-05,0.4545454545454545
6224d0,2023-06,0.4545454545454545
6224d0,2023-07,0.5588235294117647
6224d0,2023-08,0.5588235294117647
6224d0,2023-09,0.5588235294117647
6224d0,2023-10,0.5588235294117647
6224d0,2023-11,1.0
6224d0,2023-12,1.0
6224d0,2024-01,1.0
6224d0,2024-02,0.8928571428571429
6224d0,2024-03,0.8928571428571429
6224d0,2024-04,0.8928571428571429
6224d0,2024-05,0.6744186046511629
6224d0,2024-06,0.6744186046511629
6224d0,2024-07,0.6744186046511629
6224d0,2024-08,0.6744186046511629
6224d0,2024-09,0.6744186046511629
6224d0,2024-10,0.8928571428571429
6224d0,2024-11,1.0
6224d0,2024-12,0.8928571428571429
6224d0,2025-01,1.0
6224d0,2025-02,0.8928571428571429
6224d0,2025-03,0.8928571428571429
6224d0,2025-04,0.8928571428571429
6224d0,2025-05,0.8928571428571429
6224d0,2025-06,0.8928571428571429
6224d0,2025-07,0.8928571428571429
6224d0,2025-08,0.8
6224d0,2025-09,0.8928571428571429
6838b9,2017-11,0.0674157303370786
6838b9,2017-12,0.0670045323388598
6838b9,2018-01,0.0454545454545454
6838b9,2018-02,0.0
6838b9,2018-03,0.0
6838b9,2018-04,0.0
6838b9,2018-05,0.0
6838b9,2018-06,0.0
6838b9,2018-07,0.0208333333333333
6838b9,2018-08,0.0208333333333333
6838b9,2018-09,0.0
6838b9,2018-10,0.0
6838b9,2018-11,0.0208333333333333
6838b9,2018-12,0.0
6838b9,2019-01,0.0
6838b9,2019-02,0.0
6838b9,2019-03,0.0
6838b9,2019-04,0.0
6838b9,2019-05,0.0
6838b9,2019-06,0.0
6838b9,2019-07,0.0
6838b9,2019-08,0.0
6838b9,2019-09,0.0
6838b9,2019-10,0.0
6838b9,2019-11,0.0674157303370786
6838b9,2019-12,0.1714285714285714
6838b9,2020-01,0.0769230769230769
6838b9,2020-02,0.0674157303370786
6838b9,2020-03,0.2465753424657534
6838b9,2020-04,0.2465753424657534
6838b9,2020-05,0.3709677419354839
6838b9,2020-06,0.3709677419354839
6838b9,2020-07,0.3709677419354839
6838b9,2020-08,0.2465753424657534
6838b9,2020-09,0.3709677419354839
6838b9,2020-10,0.3709677419354839
6838b9,2020-11,0.1714285714285714
6838b9,2020-12,0.2465753424657534
6838b9,2021-01,0.2465753424657534
6838b9,2021-02,0.0674157303370786
6838b9,2021-03,0.0674157303370786
6838b9,2021-04,0.3709677419354839
6838b9,2021-05,0.4545454545454545
6838b9,2021-06,0.2465753424657534
6838b9,2021-07,0.2465753424657534
6838b9,2021-08,0.0769230769230769
6838b9,2021-09,0.2465753424657534
6838b9,2021-10,0.3709677419354839
6838b9,2021-11,0.3709677419354839
6838b9,2021-12,0.3709677419354839
6838b9,2022-01,0.4545454545454545
6838b9,2022-02,0.2465753424657534
6838b9,2022-03,0.4545454545454545
6838b9,2022-04,0.3709677419354839
6838b9,2022-05,0.5588235294117647
6838b9,2022-06,0.4545454545454545
6838b9,2022-07,0.4545454545454545
6838b9,2022-08,0.3739660771257654
6838b9,2022-09,0.4545454545454545
6838b9,2022-10,0.5588235294117647
6838b9,2022-11,0.8928571428571429
6838b9,2022-12,0.8928571428571429
6838b9,2023-01,0.9411764705882352
6838b9,2023-02,0.6744186046511629
6838b9,2023-03,0.9411764705882352
6838b9,2023-04,0.8928571428571429
6838b9,2023-05,0.5588235294117647
6838b9,2023-06,0.5588235294117647
6838b9,2023-07,0.6744186046511629
6838b9,2023-08,1.0
6838b9,2023-09,0.8780477915835964
6838b9,2023-10,0.6744186046511629
6838b9,2023-11,0.9411764705882352
6838b9,2023-12,0.9411764705882352
6838b9,2024-01,1.0
6838b9,2024-02,1.0
6838b9,2024-03,0.8928571428571429
6838b9,2024-04,0.8928571428571429
6838b9,2024-05,0.8928571428571429
6838b9,2024-06,0.8
6838b9,2024-07,0.5588235294117647
6838b9,2024-08,0.6744186046511629
6838b9,2024-09,0.5588235294117647
6838b9,2024-10,0.9411764705882352
6838b9,2024-11,0.9411764705882352
6838b9,2024-12,0.8928571428571429
6838b9,2025-01,0.9451084968711624
6838b9,2025-02,0.8928571428571429
6838b9,2025-03,0.9411764705882352
6838b9,2025-04,0.8928571428571429
6838b9,2025-05,0.8928571428571429
6838b9,2025-06,0.6744186046511629
6838b9,2025-07,0.8928571428571429
6838b9,2025-08,0.8928571428571429
6838b9,2025-09,0.8928571428571429
6c1954,2019-05,0.0674157303370786
6c1954,2019-06,0.0674157303370786
6c1954,2019-07,0.0638297872340425
6c1954,2019-08,0.0208333333333333
6c1954,2019-09,0.0208333333333333
6c1954,2019-10,0.0666666666666666
6c1954,2019-11,0.0638297872340425
6c1954,2019-12,0.0
6c1954,2020-01,0.0208333333333333
6c1954,2020-02,0.0
6c1954,2020-03,0.0208333333333333
6c1954,2020-04,0.0674157303370786
6c1954,2020-05,0.0666666666666666
6c1954,2020-06,0.0638297872340425
6c1954,2020-07,0.0666666666666666
6c1954,2020-08,0.0674157303370786
6c1954,2020-09,0.0674157303370786
6c1954,2020-10,0.0674157303370786
6c1954,2020-11,0.0674157303370786
6c1954,2020-12,0.0769230769230769
6c1954,2021-01,0.0769230769230769
6c1954,2021-02,0.1428571428571428
6c1954,2021-03,0.1714285714285714
6c1954,2021-04,0.1714285714285714
6c1954,2021-05,0.5588235294117647
6c1954,2021-06,0.5588235294117647
6c1954,2021-07,0.5588235294117647
6c1954,2021-08,0.2465753424657534
6c1954,2021-09,0.2465753424657534
6c1954,2021-10,0.3158384851503118
6c1954,2021-11,0.3832808332245698
6c1954,2021-12,0.3709677419354839
6c1954,2022-01,0.4545454545454545
6c1954,2022-02,0.2465753424657534
6c1954,2022-03,0.3709677419354839
6c1954,2022-04,0.4545454545454545
6c1954,2022-05,0.2465753424657534
6c1954,2022-06,0.1714285714285714
6c1954,2022-07,0.4285714285714285
6c1954,2022-08,0.1714285714285714
6c1954,2022-09,0.1714285714285714
6c1954,2022-10,0.2465753424657534
6c1954,2022-11,0.2465753424657534
6c1954,2022-12,0.0674157303370786
6c1954,2023-01,0.1714285714285714
6c1954,2023-02,0.0674157303370786
6c1954,2023-03,0.0674157303370786
6c1954,2023-04,0.0674157303370786
6c1954,2023-05,0.0674157303370786
6c1954,2023-06,0.1428571428571428
6c1954,2023-07,0.2465753424657534
6c1954,2023-08,0.3709677419354839
6c1954,2023-09,0.4545454545454545
6c1954,2023-10,0.6666666666666666
6c1954,2023-11,0.5588235294117647
6c1954,2023-12,0.6744186046511629
6c1954,2024-01,0.6744186046511629
6c1954,2024-02,0.8928571428571429
6c1954,2024-04,0.8928571428571429
6c1954,2024-05,0.8928571428571429
6c1954,2024-06,0.8928571428571429
6c1954,2024-07,0.8928571428571429
6c1954,2024-08,0.8928571428571429
6c1954,2024-09,0.8928571428571429
6c1954,2024-10,0.8928571428571429
6c1954,2024-11,0.8928571428571429
6c1954,2024-12,0.8928571428571429
6c1954,2025-01,0.8928571428571429
6c1954,2025-02,0.8928571428571429
6c1954,2025-03,0.8928571428571429
6c1954,2025-04,0.8928571428571429
6c1954,2025-05,0.8928571428571429
6c1954,2025-06,0.8928571428571429
6c1954,2025-07,0.8928571428571429
6c1954,2025-08,0.8928571428571429
6da35b,2022-09,0.0673326312853624
6da35b,2022-10,0.0208333333333333
6da35b,2022-11,0.0208333333333333
6da35b,2022-12,0.0454545454545454
6da35b,2023-01,0.0638297872340425
6da35b,2023-02,0.0454545454545454
6da35b,2023-03,0.0409228957625774
6da35b,2023-04,0.0454545454545454
6da35b,2023-05,0.0454545454545454
6da35b,2023-06,0.0454545454545454
6da35b,2023-07,0.0638297872340425
6da35b,2023-08,0.0638297872340425
6da35b,2023-09,0.0208333333333333
6da35b,2023-10,0.0454545454545454
6da35b,2023-11,0.0454545454545454
6da35b,2023-12,0.0638297872340425
6da35b,2024-01,0.0638297872340425
6da35b,2024-02,0.0638297872340425
6da35b,2024-03,0.0638297872340425
6da35b,2024-04,0.0454545454545454
6da35b,2024-05,0.0302083043664131
6da35b,2024-06,0.0454545454545454
6da35b,2024-07,0.0638297872340425
6da35b,2024-08,0.0666666666666666
6da35b,2024-09,0.2465753424657534
6da35b,2024-10,0.2465753424657534
6da35b,2024-11,0.2465753424657534
6da35b,2024-12,0.2465753424657534
6da35b,2025-01,0.3709677419354839
6da35b,2025-02,0.3709677419354839
6da35b,2025-03,0.3709677419354839
6da35b,2025-04,0.2465753424657534
6da35b,2025-05,0.2465753424657534
6da35b,2025-06,0.3709677419354839
6da35b,2025-07,0.3709677419354839
6da35b,2025-08,0.3709677419354839
6da35b,2025-09,0.4545454545454545
6f5e2b,2014-06,0.0
6f5e2b,2014-07,0.038846399806981
6f5e2b,2014-08,0.0208333333333333
6f5e2b,2014-09,0.0208333333333333
6f5e2b,2014-10,0.0
6f5e2b,2014-11,0.0208333333333333
6f5e2b,2014-12,0.0
6f5e2b,2015-01,0.0
6f5e2b,2015-02,0.0
6f5e2b,2015-03,0.0
6f5e2b,2015-04,0.0208333333333333
6f5e2b,2015-05,0.0
6f5e2b,2015-06,0.0
6f5e2b,2015-07,0.0
6f5e2b,2015-08,0.0
6f5e2b,2015-09,0.0
6f5e2b,2015-10,0.0
6f5e2b,2015-11,0.0
6f5e2b,2015-12,0.0638297872340425
6f5e2b,2016-01,0.0638297872340425
6f5e2b,2016-02,0.0638297872340425
6f5e2b,2016-03,0.0648737787910838
6f5e2b,2016-04,0.0674157303370786
6f5e2b,2016-05,0.0674157303370786
6f5e2b,2016-06,0.3709677419354839
6f5e2b,2016-07,0.3709677419354839
6f5e2b,2016-08,0.3709677419354839
6f5e2b,2016-09,0.3709677419354839
6f5e2b,2016-10,0.3799544307560083
6f5e2b,2016-11,0.4545454545454545
6f5e2b,2016-12,0.4545454545454545
6f5e2b,2017-01,0.3794088516500895
6f5e2b,2017-02,0.3709677419354839
6f5e2b,2017-03,0.3709677419354839
6f5e2b,2017-04,0.3709677419354839
6f5e2b,2017-05,0.3846153846153846
6f5e2b,2017-06,0.2465753424657534
6f5e2b,2017-07,0.2465753424657534
6f5e2b,2017-08,0.2465753424657534
6f5e2b,2017-09,0.4545454545454545
6f5e2b,2017-10,0.2465753424657534
6f5e2b,2017-11,0.1428571428571428
6f5e2b,2017-12,0.0769230769230769
6f5e2b,2018-01,0.1714285714285714
6f5e2b,2018-02,0.0674157303370786
6f5e2b,2018-03,0.2465753424657534
6f5e2b,2018-04,0.0208333333333333
6f5e2b,2018-05,0.0674157303370786
6f5e2b,2018-06,0.0674157303370786
6f5e2b,2018-07,0.4545454545454545
6f5e2b,2018-08,0.4545454545454545
6f5e2b,2018-09,0.4285714285714285
6f5e2b,2018-10,0.4545454545454545
6f5e2b,2018-11,0.5588235294117647
6f5e2b,2018-12,0.4545454545454545
6f5e2b,2019-01,0.5588235294117647
6f5e2b,2019-02,0.8928571428571429
6f5e2b,2019-03,0.5588235294117647
6f5e2b,2019-04,0.8928571428571429
6f5e2b,2019-05,0.5588235294117647
6f5e2b,2019-06,0.5339173277847655
6f5e2b,2019-07,0.6744186046511629
6f5e2b,2019-08,0.8928571428571429
6f5e2b,2019-09,0.6744186046511629
6f5e2b,2019-10,0.5588235294117647
6f5e2b,2019-11,0.5588235294117647
6f5e2b,2019-12,0.8928571428571429
6f5e2b,2020-01,0.8928571428571429
6f5e2b,2020-02,0.4545454545454545
6f5e2b,2020-03,0.8928571428571429
6f5e2b,2020-04,0.8928571428571429
6f5e2b,2020-05,0.8928571428571429
6f5e2b,2020-06,0.8928571428571429
6f5e2b,2020-07,0.8928571428571429
6f5e2b,2020-08,0.8928571428571429
6f5e2b,2020-09,0.8928571428571429
6f5e2b,2020-10,0.8928571428571429
6f5e2b,2020-11,0.8928571428571429
6f5e2b,2020-12,0.8928571428571429
6f5e2b,2021-01,0.8928571428571429
6f5e2b,2021-02,0.8928571428571429
6f5e2b,2021-03,0.8928571428571429
6f5e2b,2021-04,0.8928571428571429
6f5e2b,2021-05,0.9411764705882352
6f5e2b,2021-06,0.9411764705882352
6f5e2b,2021-07,0.9411764705882352
6f5e2b,2021-08,0.8928571428571429
6f5e2b,2021-09,0.8928571428571429
6f5e2b,2021-10,0.6744186046511629
6f5e2b,2021-11,0.8928571428571429
6f5e2b,2021-12,0.9411764705882352
6f5e2b,2022-01,0.9411764705882352
6f5e2b,2022-02,1.0
6f5e2b,2022-03,0.9411764705882352
6f5e2b,2022-04,0.8928571428571429
6f5e2b,2022-05,0.8928571428571429
6f5e2b,2022-06,0.6744186046511629
6f5e2b,2022-07,0.5588235294117647
6f5e2b,2022-08,0.6744186046511629
6f5e2b,2022-09,0.8928571428571429
6f5e2b,2022-10,0.5588235294117647
6f5e2b,2022-11,0.5588235294117647
6f5e2b,2022-12,0.8928571428571429
6f5e2b,2023-01,0.8928571428571429
6f5e2b,2023-02,0.5588235294117647
6f5e2b,2023-03,0.8928571428571429
6f5e2b,2023-04,0.8928571428571429
6f5e2b,2023-05,0.8928571428571429
6f5e2b,2023-06,0.8928571428571429
6f5e2b,2023-07,0.8928571428571429
6f5e2b,2023-08,0.8928571428571429
6f5e2b,2023-09,0.8928571428571429
6f5e2b,2023-10,0.9411764705882352
6f5e2b,2023-11,0.9411764705882352
6f5e2b,2023-12,0.9411764705882352
6f5e2b,2024-01,1.0
6f5e2b,2024-02,1.0
6f5e2b,2024-03,1.0
6f5e2b,2024-04,0.8928571428571429
6f5e2b,2024-05,0.6744186046511629
6f5e2b,2024-06,0.8928571428571429
6f5e2b,2024-07,0.5588235294117647
6f5e2b,2024-08,0.5588235294117647
6f5e2b,2024-09,0.4545454545454545
6f5e2b,2024-10,0.8928571428571429
6f5e2b,2024-11,0.9411764705882352
6f5e2b,2024-12,0.8928571428571429
6f5e2b,2025-01,0.8928571428571429
6f5e2b,2025-02,0.5588235294117647
6f5e2b,2025-03,0.9411764705882352
6f5e2b,2025-04,0.8928571428571429
6f5e2b,2025-05,0.8928571428571429
6f5e2b,2025-06,0.5588235294117647
6f5e2b,2025-07,0.8
6f5e2b,2025-08,0.8169619457149333
6f5e2b,2025-09,0.8928571428571429
7199cf,2023-06,0.1714285714285714
7199cf,2023-07,0.0640180618835297
7199cf,2023-08,0.0674157303370786
7199cf,2023-09,0.0674157303370786
7199cf,2023-10,0.0454545454545454
7199cf,2023-11,0.0208333333333333
7199cf,2023-12,0.0638297872340425
7199cf,2024-01,0.0674157303370786
7199cf,2024-02,0.0638297872340425
7199cf,2024-03,0.0666666666666666
7199cf,2024-04,0.0208333333333333
7199cf,2024-05,0.0674157303370786
7199cf,2024-06,0.0674157303370786
7199cf,2024-07,0.0454545454545454
7199cf,2024-08,0.0638297872340425
7199cf,2024-09,0.0674157303370786
7199cf,2024-10,0.0674157303370786
7199cf,2024-11,0.0638297872340425
7199cf,2024-12,0.0638297872340425
7199cf,2025-01,0.0638297872340425
7199cf,2025-02,0.0454545454545454
7199cf,2025-03,0.0454545454545454
7199cf,2025-04,0.0638297872340425
7199cf,2025-05,0.0653178871783174
7199cf,2025-06,0.3709677419354839
7199cf,2025-07,0.3709677419354839
7199cf,2025-08,0.3709677419354839
731908,2014-07,0.0674157303370786
731908,2014-08,0.0638297872340425
731908,2014-09,0.0208333333333333
731908,2014-10,0.0
731908,2014-11,0.0
731908,2014-12,0.0
731908,2015-01,0.0
731908,2015-02,0.0
731908,2015-03,0.0
731908,2015-04,0.0
731908,2015-05,0.0208333333333333
731908,2015-06,0.0208333333333333
731908,2015-07,0.0208333333333333
731908,2015-08,0.0454545454545454
731908,2015-09,0.0208333333333333
731908,2015-10,0.0
731908,2015-11,0.0
731908,2015-12,0.0
731908,2016-01,0.0
731908,2016-02,0.0
731908,2016-03,0.0
731908,2016-04,0.0
731908,2016-05,0.0
731908,2016-06,0.0
731908,2016-07,0.1714285714285714
731908,2016-08,0.2465753424657534
731908,2016-09,0.2465753424657534
731908,2016-10,0.0769230769230769
731908,2016-11,0.1428571428571428
731908,2016-12,0.2465753424657534
731908,2017-01,0.2465753424657534
731908,2017-02,0.1714285714285714
731908,2017-03,0.2284315857145041
731908,2017-04,0.1714285714285714
731908,2017-05,0.2465753424657534
731908,2017-06,0.3709677419354839
731908,2017-07,0.0674157303370786
731908,2017-08,0.0674157303370786
731908,2017-09,0.0638297872340425
731908,2017-10,0.0638297872340425
731908,2017-11,0.0454545454545454
731908,2017-12,0.0208333333333333
731908,2018-01,0.0674157303370786
731908,2018-02,0.0666666666666666
731908,2018-03,0.0666666666666666
731908,2018-04,0.0666666666666666
731908,2018-05,0.2465753424657534
731908,2018-06,0.0769230769230769
731908,2018-07,0.1714285714285714
731908,2018-08,0.0674157303370786
731908,2018-09,0.0769230769230769
731908,2018-10,0.3709677419354839
731908,2018-11,0.3846153846153846
731908,2018-12,0.3709677419354839
731908,2019-01,0.4545454545454545
731908,2019-02,0.4545454545454545
731908,2019-03,0.4545454545454545
731908,2019-04,0.4545454545454545
731908,2019-05,0.4545454545454545
731908,2019-06,0.4545454545454545
731908,2019-07,0.4285714285714285
731908,2019-08,0.4545454545454545
731908,2019-09,0.5
731908,2019-10,0.4545454545454545
731908,2019-11,0.5
731908,2019-12,0.5588235294117647
731908,2020-01,0.4545454545454545
731908,2020-02,0.4545454545454545
731908,2020-03,0.8928571428571429
731908,2020-04,0.8928571428571429
731908,2020-05,0.8928571428571429
731908,2020-07,0.880145903816297
731908,2020-08,0.8928571428571429
731908,2020-09,0.6744186046511629
731908,2020-10,0.6744186046511629
731908,2020-11,0.8
731908,2020-12,0.6744186046511629
731908,2021-01,0.5588235294117647
731908,2021-02,0.4545454545454545
731908,2021-03,0.4545454545454545
731908,2021-04,0.3709677419354839
731908,2021-05,0.4545454545454545
731908,2021-06,0.3709677419354839
731908,2021-07,0.2465753424657534
731908,2021-08,0.2465753424657534
731908,2021-09,0.2465753424657534
731908,2021-10,0.5588235294117647
731908,2021-11,0.2465753424657534
731908,2021-12,0.1714285714285714
731908,2022-01,0.3709677419354839
731908,2022-02,0.4545454545454545
731908,2022-03,0.2465753424657534
731908,2022-04,0.3709677419354839
731908,2022-05,0.4545454545454545
731908,2022-06,0.5588235294117647
731908,2022-07,0.4545454545454545
731908,2022-08,0.4545454545454545
731908,2022-09,0.9411764705882352
731908,2022-10,0.4545454545454545
731908,2022-11,0.4285714285714285
731908,2022-12,0.3846153846153846
731908,2023-01,0.4545454545454545
731908,2023-02,0.5
731908,2023-03,0.4545454545454545
731908,2023-04,0.5588235294117647
731908,2023-05,0.4545454545454545
731908,2023-06,0.3846153846153846
731908,2023-07,0.3826625322574458
731908,2023-08,0.3883600481780388
731908,2023-09,0.4545454545454545
731908,2023-10,0.8928571428571429
731908,2023-11,0.8928571428571429
731908,2023-12,0.4545454545454545
731908,2024-01,0.4545454545454545
731908,2024-02,0.5
731908,2024-03,0.5588235294117647
731908,2024-04,0.5588235294117647
731908,2024-05,0.9411764705882352
731908,2024-06,0.5429030713988984
731908,2024-07,0.5588235294117647
731908,2024-08,0.4545454545454545
731908,2024-09,0.4545454545454545
731908,2024-10,0.4545454545454545
731908,2024-11,0.8094255640487985
731908,2024-12,0.5588235294117647
731908,2025-01,0.6744186046511629
731908,2025-02,0.5588235294117647
731908,2025-03,0.6744186046511629
731908,2025-04,0.6744186046511629
731908,2025-05,0.8928571428571429
731908,2025-06,0.5588235294117647
731908,2025-07,0.4545454545454545
731908,2025-08,0.6744186046511629
74b7d1,2014-10,0.0674157303370786
74b7d1,2014-11,0.0454545454545454
74b7d1,2014-12,0.0638297872340425
74b7d1,2015-01,0.0454545454545454
74b7d1,2015-02,0.0208333333333333
74b7d1,2015-03,0.0454545454545454
74b7d1,2015-04,0.0638297872340425
74b7d1,2015-05,0.0666666666666666
74b7d1,2015-06,0.0666666666666666
74b7d1,2015-07,0.0
74b7d1,2015-08,0.0
74b7d1,2015-09,0.0
74b7d1,2016-01,0.0
74b7d1,2016-02,0.0
74b7d1,2016-03,0.0
74b7d1,2016-04,0.0
74b7d1,2016-05,0.0
74b7d1,2016-06,0.0
74b7d1,2016-07,0.0
74b7d1,2016-08,0.0
74b7d1,2016-09,0.0
74b7d1,2016-10,0.0769230769230769
74b7d1,2016-11,0.0769230769230769
74b7d1,2016-12,0.0674157303370786
74b7d1,2017-01,0.0674157303370786
74b7d1,2017-02,0.1714285714285714
74b7d1,2017-03,0.2465753424657534
74b7d1,2017-04,0.2465753424657534
74b7d1,2017-05,0.1714285714285714
74b7d1,2017-06,0.1428571428571428
74b7d1,2017-07,0.2465753424657534
74b7d1,2017-08,0.1714285714285714
74b7d1,2017-11,0.0674157303370786
74b7d1,2017-12,0.0769230769230769
74b7d1,2018-01,0.1367569545322127
74b7d1,2018-02,0.0674157303370786
74b7d1,2018-03,0.0638297872340425
74b7d1,2018-04,0.0674157303370786
74b7d1,2018-05,0.0674157303370786
74b7d1,2018-06,0.0674157303370786
74b7d1,2018-07,0.2465753424657534
74b7d1,2018-08,0.3709677419354839
74b7d1,2018-09,0.3709677419354839
74b7d1,2018-10,0.3709677419354839
74b7d1,2018-11,0.3846153846153846
74b7d1,2018-12,0.2465753424657534
74b7d1,2019-01,0.4545454545454545
74b7d1,2019-02,0.2465753424657534
74b7d1,2019-03,0.4545454545454545
74b7d1,2019-04,0.2465753424657534
74b7d1,2019-05,0.2465753424657534
74b7d1,2019-06,0.2465753424657534
74b7d1,2019-07,0.2465753424657534
74b7d1,2019-08,0.5588235294117647
74b7d1,2019-09,0.5588235294117647
74b7d1,2019-10,0.3709677419354839
74b7d1,2019-11,0.5588235294117647
74b7d1,2019-12,0.8
74b7d1,2020-01,0.5588235294117647
74b7d1,2020-02,0.4285714285714285
74b7d1,2020-03,0.8928571428571429
74b7d1,2020-04,0.8928571428571429
74b7d1,2020-05,0.8928571428571429
74b7d1,2020-06,0.6744186046511629
74b7d1,2020-07,0.6744186046511629
74b7d1,2020-08,0.5588235294117647
74b7d1,2020-09,0.6744186046511629
74b7d1,2020-10,0.8
74b7d1,2020-11,0.8448503620516148
74b7d1,2020-12,0.8928571428571429
74b7d1,2021-01,0.8928571428571429
74b7d1,2021-02,0.8928571428571429
74b7d1,2021-03,0.8644474413950067
74b7d1,2021-04,0.8928571428571429
74b7d1,2021-05,0.8
74b7d1,2021-06,0.8826193572232812
74b7d1,2021-07,0.6744186046511629
74b7d1,2021-08,0.7043906390219894
74b7d1,2021-09,0.8
74b7d1,2021-10,0.8928571428571429
74b7d1,2021-11,0.8928571428571429
74b7d1,2021-12,0.4545454545454545
74b7d1,2022-01,0.3709677419354839
74b7d1,2022-02,0.2465753424657534
74b7d1,2022-03,0.5588235294117647
74b7d1,2022-04,0.4545454545454545
74b7d1,2022-05,0.3709677419354839
74b7d1,2022-06,0.4545454545454545
74b7d1,2022-07,0.4545454545454545
74b7d1,2022-08,0.4545454545454545
74b7d1,2022-09,0.2465753424657534
74b7d1,2022-10,0.4545454545454545
74b7d1,2022-11,0.2465753424657534
74b7d1,2022-12,0.4545454545454545
74b7d1,2023-01,0.3709677419354839
74b7d1,2023-02,0.3709677419354839
74b7d1,2023-03,0.6744186046511629
74b7d1,2023-04,0.2465753424657534
74b7d1,2023-05,0.8928571428571429
74b7d1,2023-06,0.6744186046511629
74b7d1,2023-07,0.4545454545454545
74b7d1,2023-08,0.4545454545454545
74b7d1,2023-09,0.5588235294117647
74b7d1,2023-10,0.8928571428571429
74b7d1,2023-11,0.8928571428571429
74b7d1,2023-12,0.8928571428571429
74b7d1,2024-01,0.5588235294117647
74b7d1,2024-02,0.8928571428571429
74b7d1,2024-03,0.6744186046511629
74b7d1,2024-04,0.6744186046511629
74b7d1,2024-05,0.8928571428571429
74b7d1,2024-06,0.8928571428571429
74b7d1,2024-07,0.6744186046511629
74b7d1,2024-08,0.8928571428571429
74b7d1,2024-09,0.6744186046511629
74b7d1,2024-10,0.5588235294117647
74b7d1,2024-11,0.6744186046511629
74b7d1,2024-12,0.6744186046511629
74b7d1,2025-01,0.6744186046511629
74b7d1,2025-02,0.6744186046511629
74b7d1,2025-03,0.4545454545454545
74b7d1,2025-04,0.5588235294117647
74b7d1,2025-05,0.8928571428571429
74b7d1,2025-06,0.5588235294117647
74b7d1,2025-07,0.8549895239632866
74b7d1,2025-08,0.9411764705882352
74fb1f,2014-09,0.0638297872340425
74fb1f,2014-10,0.0454545454545454
74fb1f,2014-11,0.0638297872340425
74fb1f,2014-12,0.0666666666666666
74fb1f,2015-01,0.0638297872340425
74fb1f,2015-02,0.0208333333333333
74fb1f,2015-03,0.0208333333333333
74fb1f,2015-04,0.0666666666666666
74fb1f,2015-05,0.0
74fb1f,2015-06,0.0
74fb1f,2015-07,0.0
74fb1f,2015-08,0.0
74fb1f,2015-09,0.0208333333333333
74fb1f,2015-10,0.0
74fb1f,2015-11,0.0
74fb1f,2015-12,0.0208333333333333
74fb1f,2016-01,0.0454545454545454
74fb1f,2016-02,0.0208333333333333
74fb1f,2016-03,0.0
74fb1f,2016-04,0.0
74fb1f,2016-05,0.0
74fb1f,2016-06,0.0
74fb1f,2016-08,0.0674157303370786
74fb1f,2016-10,0.2465753424657534
74fb1f,2016-11,0.2465753424657534
74fb1f,2016-12,0.2465753424657534
74fb1f,2017-01,0.3709677419354839
74fb1f,2017-02,0.3709677419354839
74fb1f,2017-03,0.2465753424657534
74fb1f,2017-04,0.1428571428571428
74fb1f,2017-05,0.3709677419354839
74fb1f,2017-06,0.3709677419354839
74fb1f,2017-07,0.3709677419354839
74fb1f,2017-08,0.3709677419354839
74fb1f,2017-09,0.2465753424657534
74fb1f,2017-10,0.1714285714285714
74fb1f,2017-11,0.1289764331385131
74fb1f,2017-12,0.0769230769230769
74fb1f,2018-01,0.2465753424657534
74fb1f,2018-02,0.0674157303370786
74fb1f,2018-03,0.2465753424657534
74fb1f,2018-04,0.2465753424657534
74fb1f,2018-05,0.0674157303370786
74fb1f,2018-06,0.0638297872340425
74fb1f,2018-07,0.1714285714285714
74fb1f,2018-08,0.0769230769230769
74fb1f,2018-09,0.0674157303370786
74fb1f,2018-10,0.2465753424657534
74fb1f,2018-11,0.2465753424657534
74fb1f,2018-12,0.0674157303370786
74fb1f,2019-01,0.1428571428571428
74fb1f,2019-02,0.1714285714285714
74fb1f,2019-03,0.1714285714285714
74fb1f,2019-04,0.0989455285210149
74fb1f,2019-05,0.1714285714285714
74fb1f,2019-06,0.0769230769230769
74fb1f,2019-07,0.0769230769230769
74fb1f,2019-08,0.0769230769230769
74fb1f,2019-09,0.0769230769230769
74fb1f,2019-10,0.1714285714285714
74fb1f,2019-11,0.2465753424657534
74fb1f,2019-12,0.4545454545454545
74fb1f,2020-01,0.4545454545454545
74fb1f,2020-02,0.5588235294117647
74fb1f,2020-03,0.4545454545454545
74fb1f,2020-04,0.4545454545454545
74fb1f,2020-05,0.8928571428571429
74fb1f,2020-06,0.6666666666666666
74fb1f,2020-07,0.4545454545454545
74fb1f,2020-08,0.6744186046511629
74fb1f,2020-09,0.8928571428571429
74fb1f,2020-10,0.8928571428571429
74fb1f,2020-11,0.5588235294117647
74fb1f,2020-12,0.8928571428571429
74fb1f,2021-01,0.8928571428571429
74fb1f,2021-02,0.6744186046511629
74fb1f,2021-03,0.8928571428571429
74fb1f,2021-04,0.5588235294117647
74fb1f,2021-05,0.8928571428571429
74fb1f,2021-06,0.5588235294117647
74fb1f,2021-07,0.8928571428571429
74fb1f,2021-08,0.8928571428571429
74fb1f,2021-09,0.4545454545454545
74fb1f,2021-10,0.5588235294117647
74fb1f,2021-11,0.8928571428571429
74fb1f,2021-12,0.5588235294117647
74fb1f,2022-01,0.6744186046511629
74fb1f,2022-02,0.5
74fb1f,2022-03,0.6744186046511629
74fb1f,2022-04,0.4545454545454545
74fb1f,2022-05,0.5181497348916239
74fb1f,2022-06,0.4545454545454545
74fb1f,2022-07,0.4545454545454545
74fb1f,2022-08,0.4314973965741911
74fb1f,2022-09,0.3709677419354839
74fb1f,2022-10,0.8928571428571429
74fb1f,2022-11,0.5588235294117647
74fb1f,2022-12,0.5588235294117647
74fb1f,2023-01,0.5588235294117647
74fb1f,2023-02,0.8928571428571429
74fb1f,2023-03,0.5588235294117647
74fb1f,2023-04,0.6744186046511629
74fb1f,2023-05,0.5588235294117647
74fb1f,2023-06,0.5588235294117647
74fb1f,2023-07,0.5588235294117647
74fb1f,2023-08,0.5588235294117647
74fb1f,2023-09,0.5588235294117647
74fb1f,2023-10,0.8928571428571429
74fb1f,2023-11,0.5588235294117647
74fb1f,2023-12,0.8928571428571429
74fb1f,2024-01,0.9411764705882352
74fb1f,2024-02,0.8928571428571429
74fb1f,2024-03,0.8928571428571429
74fb1f,2024-04,0.8928571428571429
74fb1f,2024-05,0.8928571428571429
74fb1f,2024-06,0.8928571428571429
74fb1f,2024-07,0.8928571428571429
74fb1f,2024-08,0.8928571428571429
74fb1f,2024-09,0.8928571428571429
74fb1f,2024-10,0.8928571428571429
74fb1f,2024-11,0.9411764705882352
74fb1f,2024-12,0.8928571428571429
74fb1f,2025-01,0.8928571428571429
74fb1f,2025-02,0.5588235294117647
74fb1f,2025-03,0.5588235294117647
74fb1f,2025-04,0.5588235294117647
74fb1f,2025-05,0.5588235294117647
74fb1f,2025-06,0.4545454545454545
74fb1f,2025-07,0.4545454545454545
74fb1f,2025-08,0.4545454545454545
77b3b9,2014-06,0.0669572916020543
77b3b9,2014-07,0.0208333333333333
77b3b9,2014-08,0.0638297872340425
77b3b9,2014-09,0.0638297872340425
77b3b9,2014-10,0.0454545454545454
77b3b9,2014-11,0.0674157303370786
77b3b9,2014-12,0.0638297872340425
77b3b9,2015-01,0.0
77b3b9,2015-02,0.0
77b3b9,2015-03,0.0
77b3b9,2015-04,0.0674157303370786
77b3b9,2015-05,0.0
77b3b9,2015-06,0.0
77b3b9,2015-07,0.0
77b3b9,2015-08,0.0
77b3b9,2015-09,0.0
77b3b9,2015-10,0.0
77b3b9,2015-11,0.0
77b3b9,2015-12,0.0
77b3b9,2016-01,0.0
77b3b9,2016-02,0.0
77b3b9,2016-03,0.0
77b3b9,2016-04,0.0
77b3b9,2016-05,0.0
77b3b9,2016-06,0.1714285714285714
77b3b9,2016-07,0.2465753424657534
77b3b9,2016-08,0.2465753424657534
77b3b9,2016-09,0.2465753424657534
77b3b9,2016-10,0.2465753424657534
77b3b9,2016-11,0.0769230769230769
77b3b9,2016-12,0.2465753424657534
77b3b9,2017-01,0.3709677419354839
77b3b9,2017-02,0.2465753424657534
77b3b9,2017-03,0.2465753424657534
77b3b9,2017-04,0.2465753424657534
77b3b9,2017-05,0.0674157303370786
77b3b9,2017-06,0.0674157303370786
77b3b9,2017-07,0.0638297872340425
77b3b9,2017-08,0.1157413750113369
77b3b9,2017-09,0.0674157303370786
77b3b9,2017-10,0.2465753424657534
77b3b9,2017-11,0.4545454545454545
77b3b9,2017-12,0.4545454545454545
77b3b9,2018-01,0.2465753424657534
77b3b9,2018-02,0.0674157303370786
77b3b9,2018-03,0.2465753424657534
77b3b9,2018-04,0.2465753424657534
77b3b9,2018-05,0.0208333333333333
77b3b9,2018-06,0.0638297872340425
77b3b9,2018-07,0.2465753424657534
77b3b9,2018-08,0.2465753424657534
77b3b9,2018-09,0.3009551958143386
77b3b9,2018-10,0.5588235294117647
77b3b9,2018-11,0.5588235294117647
77b3b9,2018-12,0.4545454545454545
77b3b9,2019-01,0.6666666666666666
77b3b9,2019-02,0.4545454545454545
77b3b9,2019-03,0.5
77b3b9,2019-04,0.4545454545454545
77b3b9,2019-05,0.4545454545454545
77b3b9,2019-06,0.4545454545454545
77b3b9,2019-07,0.5588235294117647
77b3b9,2019-08,0.5588235294117647
77b3b9,2019-09,0.4545454545454545
77b3b9,2019-10,0.8928571428571429
77b3b9,2019-11,0.8928571428571429
77b3b9,2019-12,0.9411764705882352
77b3b9,2020-01,0.5
77b3b9,2020-02,0.8928571428571429
77b3b9,2020-03,1.0
77b3b9,2020-04,0.9411764705882352
77b3b9,2020-05,0.8928571428571429
77b3b9,2020-06,0.5588235294117647
77b3b9,2021-04,0.8928571428571429
77b3b9,2021-05,0.8928571428571429
77b3b9,2021-06,0.6744186046511629
77b3b9,2021-07,0.6744186046511629
77b3b9,2021-08,0.5359805384289029
77b3b9,2021-09,0.8928571428571429
77b3b9,2021-10,1.0
77b3b9,2021-11,1.0
77b3b9,2021-12,0.9411764705882352
77b3b9,2022-01,1.0
77b3b9,2022-02,1.0
77b3b9,2022-03,1.0
77b3b9,2022-04,0.8928571428571429
77b3b9,2022-05,0.5588235294117647
77b3b9,2022-06,0.5588235294117647
77b3b9,2022-07,0.5588235294117647
77b3b9,2022-08,0.5588235294117647
77b3b9,2022-09,0.8928571428571429
77b3b9,2022-10,0.9411764705882352
77b3b9,2022-11,0.8928571428571429
77b3b9,2022-12,0.8928571428571429
77b3b9,2023-01,0.8928571428571429
77b3b9,2023-02,0.5588235294117647
77b3b9,2023-03,0.8928571428571429
77b3b9,2023-04,0.6744186046511629
77b3b9,2023-05,0.6666666666666666
77b3b9,2023-06,0.8928571428571429
77b3b9,2023-07,1.0
77b3b9,2023-08,0.8928571428571429
77b3b9,2023-09,0.8928571428571429
77b3b9,2023-10,1.0
77b3b9,2023-11,1.0
77b3b9,2023-12,1.0
77b3b9,2024-01,0.8928571428571429
77b3b9,2024-02,0.8928571428571429
77b3b9,2024-03,0.8928571428571429
77b3b9,2024-04,0.8928571428571429
77b3b9,2024-05,0.8928571428571429
77b3b9,2024-06,0.8928571428571429
77b3b9,2024-07,0.8928571428571429
77b3b9,2024-08,0.8928571428571429
77b3b9,2024-09,0.8928571428571429
77b3b9,2024-10,0.8928571428571429
77b3b9,2024-11,1.0
77b3b9,2024-12,0.9411764705882352
77b3b9,2025-01,1.0
77b3b9,2025-02,0.8928571428571429
77b3b9,2025-03,1.0
77b3b9,2025-04,0.8928571428571429
77b3b9,2025-05,0.8928571428571429
77b3b9,2025-06,1.0
77b3b9,2025-07,1.0
77b3b9,2025-08,0.8928571428571429
77b3b9,2025-09,0.8928571428571429
77c35f,2022-07,0.0666666666666666
77c35f,2022-08,0.0638297872340425
77c35f,2022-09,0.0666666666666666
77c35f,2022-10,0.0638297872340425
77c35f,2022-11,0.0638297872340425
77c35f,2022-12,0.0208333333333333
77c35f,2023-01,0.0208333333333333
77c35f,2023-02,0.0
77c35f,2023-03,0.0208333333333333
77c35f,2023-04,0.0208333333333333
77c35f,2023-05,0.0454545454545454
77c35f,2023-06,0.0454545454545454
77c35f,2023-07,0.0638297872340425
77c35f,2023-08,0.0208333333333333
77c35f,2023-09,0.0
77c35f,2023-10,0.0454545454545454
77c35f,2023-11,0.0
77c35f,2023-12,0.0
77c35f,2024-01,0.0
77c35f,2024-02,0.0454545454545454
77c35f,2024-03,0.0
77c35f,2024-04,0.0638297872340425
77c35f,2024-05,0.0
77c35f,2024-06,0.0208333333333333
77c35f,2024-07,0.3709677419354839
77c35f,2024-08,0.2465753424657534
77c35f,2024-09,0.4545454545454545
77c35f,2024-10,0.5
77c35f,2024-11,0.4545454545454545
77c35f,2024-12,0.4545454545454545
77c35f,2025-01,0.2465753424657534
77c35f,2025-02,0.2465753424657534
77c35f,2025-03,0.2465753424657534
77c35f,2025-04,0.2465753424657534
77c35f,2025-05,0.2465753424657534
77c35f,2025-06,0.2465753424657534
77c35f,2025-07,0.2465753424657534
77c35f,2025-08,0.0769230769230769
77e86b,2014-08,0.0671858016128565
77e86b,2014-09,0.0638297872340425
77e86b,2014-10,0.0638297872340425
77e86b,2014-11,0.0666666666666666
77e86b,2014-12,0.0638297872340425
77e86b,2015-01,0.0454545454545454
77e86b,2015-02,0.0454545454545454
77e86b,2015-03,0.0454545454545454
77e86b,2015-04,0.0638297872340425
77e86b,2015-05,0.0666666666666666
77e86b,2015-06,0.0454545454545454
77e86b,2015-07,0.0454545454545454
77e86b,2015-08,0.0
77e86b,2015-09,0.0
77e86b,2015-10,0.0
77e86b,2015-11,0.0
77e86b,2015-12,0.0
77e86b,2016-03,0.0
77e86b,2016-04,0.0
77e86b,2016-05,0.0
77e86b,2016-06,0.0
77e86b,2016-07,0.0
77e86b,2016-08,0.1428571428571428
77e86b,2016-09,0.1714285714285714
77e86b,2016-10,0.1714285714285714
77e86b,2016-11,0.2465753424657534
77e86b,2016-12,0.2465753424657534
77e86b,2017-01,0.1714285714285714
77e86b,2017-02,0.1714285714285714
77e86b,2017-03,0.2465753424657534
77e86b,2017-04,0.2465753424657534
77e86b,2017-05,0.2465753424657534
77e86b,2017-06,0.2465753424657534
77e86b,2017-07,0.2465753424657534
77e86b,2017-08,0.3709677419354839
77e86b,2017-09,0.2465753424657534
77e86b,2017-10,0.3709677419354839
77e86b,2017-11,0.3709677419354839
77e86b,2017-12,0.2465753424657534
77e86b,2018-01,0.1714285714285714
77e86b,2018-02,0.1428571428571428
77e86b,2018-03,0.0674157303370786
77e86b,2018-04,0.1714285714285714
77e86b,2018-05,0.1428571428571428
77e86b,2018-06,0.1714285714285714
77e86b,2018-07,0.4545454545454545
77e86b,2018-08,0.4545454545454545
77e86b,2018-09,0.4545454545454545
77e86b,2018-10,0.4545454545454545
77e86b,2018-11,0.4545454545454545
77e86b,2018-12,0.2465753424657534
77e86b,2019-01,0.2465753424657534
77e86b,2019-02,0.2465753424657534
77e86b,2019-03,0.2465753424657534
77e86b,2019-04,0.2465753424657534
77e86b,2019-05,0.1714285714285714
77e86b,2019-06,0.1714285714285714
77e86b,2019-07,0.3709677419354839
77e86b,2019-08,0.3709677419354839
77e86b,2019-09,0.3709677419354839
77e86b,2019-10,0.3709677419354839
77e86b,2019-11,0.4545454545454545
77e86b,2019-12,0.4545454545454545
77e86b,2020-01,0.4545454545454545
77e86b,2020-02,0.4545454545454545
77e86b,2020-03,0.5588235294117647
77e86b,2020-04,0.8928571428571429
77e86b,2020-05,0.8928571428571429
77e86b,2020-06,0.6744186046511629
77e86b,2020-07,0.6744186046511629
77e86b,2020-08,0.8928571428571429
77e86b,2020-09,0.8928571428571429
77e86b,2020-10,0.8928571428571429
77e86b,2020-11,0.8928571428571429
77e86b,2020-12,0.8773402607831695
77e86b,2021-01,0.8928571428571429
77e86b,2021-02,0.6744186046511629
77e86b,2021-03,0.6744186046511629
77e86b,2021-04,0.6744186046511629
77e86b,2021-05,0.8928571428571429
77e86b,2021-06,0.8928571428571429
77e86b,2021-07,0.6744186046511629
77e86b,2021-08,0.6744186046511629
77e86b,2021-09,0.6744186046511629
77e86b,2021-10,0.6744186046511629
77e86b,2021-11,0.2465753424657534
77e86b,2021-12,0.2465753424657534
77e86b,2022-01,0.0674157303370786
77e86b,2022-02,0.0674157303370786
77e86b,2022-03,0.0769230769230769
77e86b,2022-04,0.0769230769230769
77e86b,2022-05,0.0769230769230769
77e86b,2022-06,0.1428571428571428
77e86b,2022-07,0.1714285714285714
77e86b,2022-08,0.1714285714285714
77e86b,2022-09,0.1714285714285714
77e86b,2022-10,0.1474170029862913
77e86b,2022-11,0.1714285714285714
77e86b,2022-12,0.2465753424657534
77e86b,2023-01,0.3709677419354839
77e86b,2023-02,0.3709677419354839
77e86b,2023-03,0.3709677419354839
77e86b,2023-04,0.3846153846153846
77e86b,2023-05,0.4545454545454545
77e86b,2023-06,0.4545454545454545
77e86b,2023-07,0.5588235294117647
77e86b,2023-08,0.5588235294117647
77e86b,2023-09,0.8928571428571429
77e86b,2023-10,0.8928571428571429
77e86b,2023-11,0.8928571428571429
77e86b,2023-12,0.6744186046511629
77e86b,2024-01,0.8928571428571429
77e86b,2024-02,0.8928571428571429
77e86b,2024-03,0.8469275730445415
77e86b,2024-04,0.8404114117851644
77e86b,2024-05,0.8200726911121937
77e86b,2024-06,0.8928571428571429
77e86b,2024-07,0.8928571428571429
77e86b,2024-08,0.8928571428571429
77e86b,2024-09,0.8928571428571429
77e86b,2024-10,1.0
77e86b,2024-11,0.8928571428571429
77e86b,2024-12,0.8928571428571429
77e86b,2025-01,0.6744186046511629
77e86b,2025-02,0.6744186046511629
77e86b,2025-03,0.6744186046511629
77e86b,2025-04,0.6744186046511629
77e86b,2025-05,0.9411764705882352
77e86b,2025-06,0.9411764705882352
77e86b,2025-07,0.8
77e86b,2025-08,0.8928571428571429
780a0b,2014-08,0.0638297872340425
780a0b,2014-09,0.0
780a0b,2014-10,0.0
780a0b,2014-11,0.0
780a0b,2014-12,0.0
780a0b,2015-01,0.0
780a0b,2015-02,0.0
780a0b,2015-03,0.0
780a0b,2015-04,0.0208333333333333
780a0b,2015-05,0.0208333333333333
780a0b,2015-06,0.0208333333333333
780a0b,2015-07,0.0208333333333333
780a0b,2015-08,0.0208333333333333
780a0b,2015-09,0.0
780a0b,2015-10,0.0
780a0b,2015-11,0.0
780a0b,2015-12,0.0
780a0b,2016-01,0.0
780a0b,2016-02,0.0
780a0b,2016-03,0.0
780a0b,2016-04,0.0
780a0b,2016-05,0.0
780a0b,2016-06,0.0
780a0b,2016-07,0.0
780a0b,2016-08,0.2465753424657534
780a0b,2016-09,0.0674157303370786
780a0b,2016-10,0.0674157303370786
780a0b,2016-11,0.0674157303370786
780a0b,2016-12,0.0674157303370786
780a0b,2017-01,0.1190583737475947
780a0b,2017-02,0.0674157303370786
780a0b,2017-03,0.0769230769230769
780a0b,2017-04,0.1714285714285714
780a0b,2017-05,0.0955175662727585
780a0b,2017-06,0.0769230769230769
780a0b,2017-07,0.0769230769230769
780a0b,2017-08,0.0674157303370786
780a0b,2017-09,0.0674157303370786
780a0b,2017-10,0.0208333333333333
780a0b,2017-11,0.0208333333333333
780a0b,2017-12,0.0638297872340425
780a0b,2018-01,0.0208333333333333
780a0b,2018-02,0.0674157303370786
780a0b,2018-03,0.0674157303370786
780a0b,2018-04,0.0674157303370786
780a0b,2018-05,0.0674157303370786
780a0b,2018-06,0.0674157303370786
780a0b,2018-07,0.2465753424657534
780a0b,2018-08,0.2465753424657534
780a0b,2018-09,0.1264686458653149
780a0b,2018-10,0.0701926629644921
780a0b,2018-11,0.2465753424657534
780a0b,2018-12,0.3709677419354839
780a0b,2019-01,0.3846153846153846
780a0b,2019-02,0.4545454545454545
780a0b,2019-03,0.4545454545454545
780a0b,2019-04,0.8928571428571429
780a0b,2019-05,0.4545454545454545
780a0b,2019-06,0.4545454545454545
780a0b,2019-07,0.5588235294117647
780a0b,2019-08,0.5588235294117647
780a0b,2019-09,0.4545454545454545
780a0b,2019-10,0.5
780a0b,2019-11,0.5588235294117647
780a0b,2019-12,0.5588235294117647
780a0b,2020-01,0.4545454545454545
780a0b,2020-02,0.5588235294117647
780a0b,2020-03,0.5588235294117647
780a0b,2020-04,0.8928571428571429
780a0b,2020-05,0.9411764705882352
780a0b,2020-06,0.871961056016473
780a0b,2020-07,0.8928571428571429
780a0b,2020-08,0.8928571428571429
780a0b,2020-09,0.9411764705882352
780a0b,2020-10,0.9411764705882352
780a0b,2020-11,0.9728515906546316
780a0b,2020-12,0.8928571428571429
780a0b,2021-01,0.8928571428571429
780a0b,2021-02,0.5588235294117647
780a0b,2021-03,0.8928571428571429
780a0b,2021-04,0.5588235294117647
780a0b,2021-05,0.5300972579166963
780a0b,2021-06,0.4545454545454545
780a0b,2021-07,0.4545454545454545
780a0b,2021-08,0.3709677419354839
780a0b,2021-09,0.2465753424657534
780a0b,2021-10,0.3709677419354839
780a0b,2021-11,0.8928571428571429
780a0b,2021-12,0.3846153846153846
780a0b,2022-01,0.3846153846153846
780a0b,2022-02,0.4545454545454545
780a0b,2022-03,0.4545454545454545
780a0b,2022-04,0.4545454545454545
780a0b,2022-05,0.4285714285714285
780a0b,2022-06,0.5588235294117647
780a0b,2022-07,0.3709677419354839
780a0b,2022-08,0.4545454545454545
780a0b,2022-09,0.3709677419354839
780a0b,2022-10,0.4545454545454545
780a0b,2022-11,0.3709677419354839
780a0b,2022-12,0.4545454545454545
780a0b,2023-01,0.4545454545454545
780a0b,2023-02,0.3709677419354839
780a0b,2023-03,0.4545454545454545
780a0b,2023-04,0.4545454545454545
780a0b,2023-05,0.4545454545454545
780a0b,2023-06,0.3709677419354839
780a0b,2023-07,0.3709677419354839
780a0b,2023-08,0.3709677419354839
780a0b,2023-09,0.4545454545454545
780a0b,2023-10,0.4545454545454545
780a0b,2023-11,0.8928571428571429
780a0b,2023-12,0.8928571428571429
780a0b,2024-01,0.6744186046511629
780a0b,2024-02,0.5588235294117647
780a0b,2024-03,0.6744186046511629
780a0b,2024-04,0.8928571428571429
780a0b,2024-05,1.0
780a0b,2024-06,0.6744186046511629
780a0b,2024-07,0.5588235294117647
780a0b,2024-08,0.5588235294117647
780a0b,2024-09,0.6744186046511629
780a0b,2024-10,0.5588235294117647
780a0b,2024-11,0.503142089811567
780a0b,2024-12,0.5588235294117647
780a0b,2025-01,0.6744186046511629
780a0b,2025-02,0.5588235294117647
780a0b,2025-03,0.8928571428571429
780a0b,2025-04,0.5588235294117647
780a0b,2025-05,0.5588235294117647
780a0b,2025-06,0.4545454545454545
780a0b,2025-07,0.6666666666666666
780a0b,2025-08,0.4545454545454545
7a007d,2014-09,0.0666666666666666
7a007d,2014-10,0.0638297872340425
7a007d,2014-11,0.0208333333333333
7a007d,2014-12,0.0
7a007d,2015-01,0.0
7a007d,2015-02,0.0
7a007d,2015-03,0.0208333333333333
7a007d,2015-04,0.0208333333333333
7a007d,2015-05,0.0208333333333333
7a007d,2015-06,0.0208333333333333
7a007d,2015-07,0.0208333333333333
7a007d,2015-08,0.0208333333333333
7a007d,2015-09,0.0208333333333333
7a007d,2015-10,0.0638297872340425
7a007d,2015-11,0.0638297872340425
7a007d,2015-12,0.0208333333333333
7a007d,2016-01,0.0208333333333333
7a007d,2016-02,0.0208333333333333
7a007d,2016-03,0.0208333333333333
7a007d,2016-04,0.0638297872340425
7a007d,2016-05,0.0666666666666666
7a007d,2016-06,0.0674157303370786
7a007d,2016-07,0.0674157303370786
7a007d,2016-08,0.0674157303370786
7a007d,2016-09,0.5588235294117647
7a007d,2016-10,0.5588235294117647
7a007d,2016-11,0.5588235294117647
7a007d,2016-12,0.5588235294117647
7a007d,2017-01,0.5588235294117647
7a007d,2017-02,0.3709677419354839
7a007d,2017-03,0.2465753424657534
7a007d,2017-04,0.2465753424657534
7a007d,2017-05,0.3709677419354839
7a007d,2017-06,0.3709677419354839
7a007d,2017-07,0.3709677419354839
7a007d,2017-08,0.4545454545454545
7a007d,2017-09,0.3746262689134906
7a007d,2017-10,0.3709677419354839
7a007d,2017-11,0.1714285714285714
7a007d,2017-12,0.5
7a007d,2018-01,0.4545454545454545
7a007d,2018-02,0.2465753424657534
7a007d,2018-03,0.2465753424657534
7a007d,2018-04,0.0674157303370786
7a007d,2018-05,0.0769230769230769
7a007d,2018-06,0.1363625883874382
7a007d,2018-07,0.4545454545454545
7a007d,2018-08,0.4545454545454545
7a007d,2018-09,0.5588235294117647
7a007d,2018-10,0.3709677419354839
7a007d,2018-11,0.3709677419354839
7a007d,2018-12,0.0769230769230769
7a007d,2019-01,0.0769230769230769
7a007d,2019-02,0.3709677419354839
7a007d,2019-03,0.1428571428571428
7a007d,2019-04,0.2465753424657534
7a007d,2019-05,0.1714285714285714
7a007d,2019-06,0.2465753424657534
7a007d,2019-07,0.6744186046511629
7a007d,2019-08,0.8928571428571429
7a007d,2019-09,0.3709677419354839
7a007d,2019-10,0.4545454545454545
7a007d,2019-11,0.4545454545454545
7a007d,2019-12,0.3709677419354839
7a007d,2020-01,0.3846153846153846
7a007d,2020-02,0.4545454545454545
7a007d,2020-03,0.4545454545454545
7a007d,2020-04,0.4545454545454545
7a007d,2020-05,0.4545454545454545
7a007d,2020-06,0.4545454545454545
7a007d,2020-07,0.4545454545454545
7a007d,2020-08,0.4545454545454545
7a007d,2020-09,0.5588235294117647
7a007d,2020-10,0.6744186046511629
7a007d,2020-11,0.8928571428571429
7a007d,2020-12,0.6744186046511629
7a007d,2021-01,0.8639051296924729
7a007d,2021-02,0.8928571428571429
7a007d,2021-03,0.8928571428571429
7a007d,2021-04,0.8928571428571429
7a007d,2021-05,0.6744186046511629
7a007d,2021-06,0.8928571428571429
7a007d,2021-07,0.6744186046511629
7a007d,2021-08,0.8928571428571429
7a007d,2021-09,0.8928571428571429
7a007d,2021-10,0.8928571428571429
7a007d,2021-11,0.8928571428571429
7a007d,2021-12,0.8928571428571429
7a007d,2022-01,0.8928571428571429
7a007d,2022-02,0.8928571428571429
7a007d,2022-03,0.8928571428571429
7a007d,2022-04,0.8928571428571429
7a007d,2022-05,0.8928571428571429
7a007d,2022-06,0.8928571428571429
7a007d,2022-07,0.8928571428571429
7a007d,2022-08,0.8928571428571429
7a007d,2022-09,0.8928571428571429
7a007d,2022-10,0.8928571428571429
7a007d,2022-11,0.8928571428571429
7a007d,2022-12,0.8928571428571429
7a007d,2023-01,0.8928571428571429
7a007d,2023-02,0.8928571428571429
7a007d,2023-03,0.8928571428571429
7a007d,2023-04,0.8928571428571429
7a007d,2023-05,0.8928571428571429
7a007d,2023-06,0.8928571428571429
7a007d,2023-07,0.8928571428571429
7a007d,2023-08,0.8928571428571429
7a007d,2023-09,0.8928571428571429
7a007d,2023-10,0.8928571428571429
7a007d,2023-11,0.8928571428571429
7a007d,2023-12,0.6744186046511629
7a007d,2024-01,0.3709677419354839
7a007d,2024-02,0.3709677419354839
7a007d,2024-03,0.2465753424657534
7a007d,2024-04,0.3709677419354839
7a007d,2024-05,0.4545454545454545
7a007d,2024-06,0.5
7a007d,2024-07,0.5588235294117647
7a007d,2024-08,0.5588235294117647
7a007d,2024-09,0.5588235294117647
7a007d,2024-10,0.4545454545454545
7a007d,2024-11,0.4545454545454545
7a007d,2024-12,0.3973800318232238
7a007d,2025-01,0.4545454545454545
7a007d,2025-02,0.3709677419354839
7a007d,2025-03,0.3709677419354839
7a007d,2025-04,0.3846153846153846
7a007d,2025-05,0.8928571428571429
7a007d,2025-06,0.5588235294117647
7a007d,2025-07,0.8928571428571429
7a007d,2025-08,0.6744186046511629
7a007d,2025-09,0.8928571428571429
7aa803,2014-08,0.0208333333333333
7aa803,2014-09,0.0638297872340425
7aa803,2014-10,0.0454545454545454
7aa803,2014-11,0.0454545454545454
7aa803,2014-12,0.0638297872340425
7aa803,2015-01,0.0454545454545454
7aa803,2015-02,0.0454545454545454
7aa803,2015-03,0.0208333333333333
7aa803,2015-04,0.0208333333333333
7aa803,2015-05,0.0
7aa803,2015-06,0.0
7aa803,2015-07,0.0
7aa803,2015-08,0.0
7aa803,2015-09,0.0
7aa803,2015-10,0.0
7aa803,2015-11,0.0
7aa803,2015-12,0.0208333333333333
7aa803,2016-01,0.0
7aa803,2016-02,0.0
7aa803,2016-03,0.0
7aa803,2016-04,0.0
7aa803,2016-05,0.0208333333333333
7aa803,2016-06,0.0638297872340425
7aa803,2016-07,0.0208333333333333
7aa803,2016-08,0.1265007610718881
7aa803,2016-09,0.0769230769230769
7aa803,2016-10,0.1428571428571428
7aa803,2016-11,0.1714285714285714
7aa803,2016-12,0.2465753424657534
7aa803,2017-02,0.1714285714285714
7aa803,2017-03,0.1714285714285714
7aa803,2017-04,0.1714285714285714
7aa803,2017-05,0.3709677419354839
7aa803,2017-06,0.2465753424657534
7aa803,2017-07,0.4285714285714285
7aa803,2017-08,0.3846153846153846
7aa803,2017-09,0.2465753424657534
7aa803,2017-10,0.3709677419354839
7aa803,2017-11,0.3709677419354839
7aa803,2017-12,0.3709677419354839
7aa803,2018-01,0.0674157303370786
7aa803,2018-02,0.0672093855467581
7aa803,2018-03,0.0674157303370786
7aa803,2018-04,0.1428571428571428
7aa803,2018-05,0.0769230769230769
7aa803,2018-06,0.0638297872340425
7aa803,2018-07,0.4285714285714285
7aa803,2018-08,0.3784830317146823
7aa803,2018-09,0.0769230769230769
7aa803,2018-10,0.0674157303370786
7aa803,2018-11,0.2465753424657534
7aa803,2018-12,0.1428571428571428
7aa803,2019-01,0.2465753424657534
7aa803,2019-02,0.0674157303370786
7aa803,2019-03,0.1428571428571428
7aa803,2019-04,0.0674157303370786
7aa803,2019-05,0.0674157303370786
7aa803,2019-06,0.0674157303370786
7aa803,2019-07,0.0674157303370786
7aa803,2019-08,0.0674157303370786
7aa803,2019-09,0.2465753424657534
7aa803,2019-10,0.2465753424657534
7aa803,2019-11,0.2465753424657534
7aa803,2019-12,0.3709677419354839
7aa803,2020-01,0.4545454545454545
7aa803,2020-02,0.4545454545454545
7aa803,2020-03,0.5588235294117647
7aa803,2020-04,0.5017614794642533
7aa803,2020-06,0.4545454545454545
7aa803,2020-07,0.5588235294117647
7aa803,2020-08,0.6744186046511629
7aa803,2020-09,0.4545454545454545
7aa803,2020-10,0.3844030518081227
7aa803,2020-11,0.8928571428571429
7aa803,2020-12,0.8928571428571429
7aa803,2021-01,0.8928571428571429
7aa803,2021-02,0.8928571428571429
7aa803,2021-03,0.8928571428571429
7aa803,2021-04,0.5588235294117647
7aa803,2021-05,0.8928571428571429
7aa803,2021-06,0.5588235294117647
7aa803,2021-07,0.9411764705882352
7aa803,2021-08,0.8928571428571429
7aa803,2021-09,0.8928571428571429
7aa803,2021-10,0.5588235294117647
7aa803,2021-11,0.5588235294117647
7aa803,2021-12,0.371898703881348
7aa803,2022-01,0.3846153846153846
7aa803,2022-02,0.3709677419354839
7aa803,2022-03,0.4545454545454545
7aa803,2022-04,0.3709677419354839
7aa803,2022-05,0.4545454545454545
7aa803,2022-06,0.3709677419354839
7aa803,2022-07,0.3709677419354839
7aa803,2022-08,0.4545454545454545
7aa803,2022-09,0.3709677419354839
7aa803,2022-10,0.4285714285714285
7aa803,2022-11,0.3709677419354839
7aa803,2022-12,0.3709677419354839
7aa803,2023-01,0.3769360476434024
7aa803,2023-02,0.4545454545454545
7aa803,2023-03,0.4545454545454545
7aa803,2023-04,0.4545454545454545
7aa803,2023-05,0.6666666666666666
7aa803,2023-06,0.4545454545454545
7aa803,2023-07,0.4545454545454545
7aa803,2023-08,0.4545454545454545
7aa803,2023-09,0.5588235294117647
7aa803,2023-10,0.5588235294117647
7aa803,2023-11,0.5588235294117647
7aa803,2023-12,0.5588235294117647
7aa803,2024-01,0.8928571428571429
7aa803,2024-02,0.8
7aa803,2024-03,0.8928571428571429
7aa803,2024-04,0.8928571428571429
7aa803,2024-05,0.8928571428571429
7aa803,2024-06,0.8928571428571429
7aa803,2024-07,0.8928571428571429
7aa803,2024-08,0.8928571428571429
7aa803,2024-09,0.8928571428571429
7aa803,2024-10,0.8928571428571429
7aa803,2024-11,1.0
7aa803,2024-12,1.0
7aa803,2025-01,0.8928571428571429
7aa803,2025-02,1.0
7aa803,2025-03,0.9411764705882352
7aa803,2025-04,0.6666666666666666
7aa803,2025-05,1.0
7aa803,2025-06,0.7071728616928828
7aa803,2025-07,0.8928571428571429
7aa803,2025-08,0.6744186046511629
7bf5c9,2014-06,0.0208333333333333
7bf5c9,2014-07,0.0208333333333333
7bf5c9,2014-08,0.0
7bf5c9,2014-09,0.0
7bf5c9,2014-10,0.0
7bf5c9,2014-11,0.0
7bf5c9,2014-12,0.0
7bf5c9,2015-01,0.0
7bf5c9,2015-02,0.0
7bf5c9,2015-03,0.0
7bf5c9,2015-04,0.0
7bf5c9,2015-05,0.0
7bf5c9,2015-06,0.0
7bf5c9,2015-07,0.0
7bf5c9,2015-08,0.0208333333333333
7bf5c9,2015-09,0.0
7bf5c9,2015-10,0.0
7bf5c9,2015-11,0.0
7bf5c9,2015-12,0.0
7bf5c9,2016-01,0.0
7bf5c9,2016-02,0.0
7bf5c9,2016-03,0.0
7bf5c9,2016-04,0.0
7bf5c9,2016-05,0.0208333333333333
7bf5c9,2016-06,0.2465753424657534
7bf5c9,2016-07,0.2465753424657534
7bf5c9,2016-08,0.2465753424657534
7bf5c9,2016-09,0.2465753424657534
7bf5c9,2016-10,0.2465753424657534
7bf5c9,2016-11,0.1714285714285714
7bf5c9,2016-12,0.2465753424657534
7bf5c9,2017-01,0.2465753424657534
7bf5c9,2017-02,0.2465753424657534
7bf5c9,2017-03,0.2465753424657534
7bf5c9,2017-04,0.2465753424657534
7bf5c9,2017-05,0.2465753424657534
7bf5c9,2017-06,0.2465753424657534
7bf5c9,2017-07,0.4545454545454545
7bf5c9,2017-08,0.3709677419354839
7bf5c9,2017-09,0.1714285714285714
7bf5c9,2017-10,0.2465753424657534
7bf5c9,2017-11,0.0769230769230769
7bf5c9,2017-12,0.0674157303370786
7bf5c9,2018-01,0.0638297872340425
7bf5c9,2018-02,0.0675723933859064
7bf5c9,2018-03,0.0769230769230769
7bf5c9,2018-04,0.2465753424657534
7bf5c9,2018-05,0.1714285714285714
7bf5c9,2018-06,0.1714285714285714
7bf5c9,2018-07,0.4545454545454545
7bf5c9,2018-08,0.4545454545454545
7bf5c9,2018-09,0.4545454545454545
7bf5c9,2018-10,0.4545454545454545
7bf5c9,2018-11,0.3709677419354839
7bf5c9,2018-12,0.0674157303370786
7bf5c9,2019-01,0.2465753424657534
7bf5c9,2019-02,0.1714285714285714
7bf5c9,2019-03,0.2465753424657534
7bf5c9,2019-04,0.2465753424657534
7bf5c9,2019-05,0.3709677419354839
7bf5c9,2019-06,0.4545454545454545
7bf5c9,2019-07,0.8928571428571429
7bf5c9,2019-08,0.8928571428571429
7bf5c9,2019-09,0.4545454545454545
7bf5c9,2019-10,0.4545454545454545
7bf5c9,2019-11,0.4545454545454545
7bf5c9,2019-12,0.3709677419354839
7bf5c9,2020-01,0.3709677419354839
7bf5c9,2020-02,0.4545454545454545
7bf5c9,2020-03,0.4545454545454545
7bf5c9,2020-04,0.5588235294117647
7bf5c9,2020-05,0.4545454545454545
7bf5c9,2020-06,0.5588235294117647
7bf5c9,2020-07,0.4545454545454545
7bf5c9,2020-08,0.5588235294117647
7bf5c9,2020-09,0.6744186046511629
7bf5c9,2020-10,0.4545454545454545
7bf5c9,2020-11,0.4545454545454545
7bf5c9,2020-12,0.4545454545454545
7bf5c9,2021-01,0.4545454545454545
7bf5c9,2021-02,0.6666666666666666
7bf5c9,2021-03,0.5
7bf5c9,2021-04,0.5588235294117647
7bf5c9,2021-05,0.6744186046511629
7bf5c9,2021-06,0.8928571428571429
7bf5c9,2021-07,0.8928571428571429
7bf5c9,2021-08,0.8928571428571429
7bf5c9,2021-09,0.6744186046511629
7bf5c9,2021-10,0.5588235294117647
7bf5c9,2021-11,0.9411764705882352
7bf5c9,2021-12,0.5588235294117647
7bf5c9,2022-01,0.6744186046511629
7bf5c9,2022-02,0.6744186046511629
7bf5c9,2022-03,0.8928571428571429
7bf5c9,2022-04,0.8928571428571429
7bf5c9,2022-05,0.8928571428571429
7bf5c9,2022-06,0.6744186046511629
7bf5c9,2022-07,0.5588235294117647
7bf5c9,2022-08,0.5588235294117647
7bf5c9,2022-09,0.5588235294117647
7bf5c9,2022-10,0.5
7bf5c9,2022-11,0.4545454545454545
7bf5c9,2022-12,0.5588235294117647
7bf5c9,2023-01,0.4545454545454545
7bf5c9,2023-02,0.3846153846153846
7bf5c9,2023-03,0.4545454545454545
7bf5c9,2023-04,0.4545454545454545
7bf5c9,2023-05,0.5588235294117647
7bf5c9,2023-06,0.5588235294117647
7bf5c9,2023-07,0.5588235294117647
7bf5c9,2023-08,0.5588235294117647
7bf5c9,2023-09,0.5588235294117647
7bf5c9,2023-10,0.5
7bf5c9,2023-11,0.4545454545454545
7bf5c9,2023-12,0.4545454545454545
7bf5c9,2024-01,0.8
7bf5c9,2024-02,0.4545454545454545
7bf5c9,2024-03,0.5
7bf5c9,2024-04,0.5588235294117647
7bf5c9,2024-05,0.6744186046511629
7bf5c9,2024-06,0.8928571428571429
7bf5c9,2024-07,0.8928571428571429
7bf5c9,2024-08,0.8928571428571429
7bf5c9,2024-09,0.8928571428571429
7bf5c9,2024-10,0.8928571428571429
7bf5c9,2024-11,0.6744186046511629
7bf5c9,2024-12,0.5588235294117647
7bf5c9,2025-01,0.5588235294117647
7bf5c9,2025-02,0.5588235294117647
7bf5c9,2025-03,0.5588235294117647
7bf5c9,2025-04,0.6744186046511629
7bf5c9,2025-05,1.0
7bf5c9,2025-06,0.8928571428571429
7bf5c9,2025-07,0.8928571428571429
7bf5c9,2025-08,0.8928571428571429
7bf5c9,2025-09,0.8928571428571429
7bf5c9,2025-10,0.8928571428571429
7bf5c9,2025-11,0.8928571428571429
7bf5c9,2025-12,0.8928571428571429
7bf5c9,2026-01,0.8928571428571429
7bf5c9,2026-02,0.8928571428571429
7bf5c9,2026-03,0.5588235294117647
7e646c,2022-09,0.0638297872340425
7e646c,2022-10,0.0208333333333333
7e646c,2022-11,0.0208333333333333
7e646c,2022-12,0.0638297872340425
7e646c,2023-01,0.0454545454545454
7e646c,2023-02,0.0638297872340425
7e646c,2023-03,0.0454545454545454
7e646c,2023-04,0.0638297872340425
7e646c,2023-05,0.0454545454545454
7e646c,2023-06,0.0454545454545454
7e646c,2023-07,0.0454545454545454
7e646c,2023-08,0.0454545454545454
7e646c,2023-09,0.0208333333333333
7e646c,2023-10,0.0454545454545454
7e646c,2023-11,0.0208333333333333
7e646c,2023-12,0.0454545454545454
7e646c,2024-01,0.0610185412052855
7e646c,2024-02,0.0638297872340425
7e646c,2024-03,0.0454545454545454
7e646c,2024-04,0.0454545454545454
7e646c,2024-05,0.0454545454545454
7e646c,2024-06,0.0454545454545454
7e646c,2024-07,0.0454545454545454
7e646c,2024-08,0.0638297872340425
7e646c,2024-09,0.2465753424657534
7e646c,2024-10,0.2465753424657534
7e646c,2024-11,0.2465753424657534
7e646c,2024-12,0.3709677419354839
7e646c,2025-01,0.3709677419354839
7e646c,2025-02,0.3709677419354839
7e646c,2025-03,0.2465753424657534
7e646c,2025-04,0.3709677419354839
7e646c,2025-05,0.2465753424657534
7e646c,2025-06,0.2465753424657534
7e646c,2025-07,0.3709677419354839
7e646c,2025-08,0.2465753424657534
8005b9,2014-11,0.0208333333333333
8005b9,2014-12,0.0
8005b9,2015-01,0.0
8005b9,2015-02,0.0208333333333333
8005b9,2015-03,0.0
8005b9,2015-04,0.0666666666666666
8005b9,2015-05,0.0208333333333333
8005b9,2015-06,0.0
8005b9,2015-07,0.0
8005b9,2015-08,0.0
8005b9,2015-09,0.0
8005b9,2015-10,0.0
8005b9,2015-11,0.0208333333333333
8005b9,2015-12,0.0638297872340425
8005b9,2016-01,0.0638297872340425
8005b9,2016-02,0.0666666666666666
8005b9,2016-03,0.0674157303370786
8005b9,2016-04,0.0674157303370786
8005b9,2016-05,0.0674157303370786
8005b9,2016-06,0.0769230769230769
8005b9,2016-07,0.0769230769230769
8005b9,2016-08,0.0769230769230769
8005b9,2016-09,0.0769230769230769
8005b9,2016-10,0.1714285714285714
8005b9,2016-11,0.4545454545454545
8005b9,2016-12,0.5588235294117647
8005b9,2017-01,0.5588235294117647
8005b9,2017-02,0.5588235294117647
8005b9,2017-03,0.5588235294117647
8005b9,2017-04,0.5588235294117647
8005b9,2017-05,0.6744186046511629
8005b9,2017-06,0.5588235294117647
8005b9,2017-07,0.4545454545454545
8005b9,2017-08,0.4545454545454545
8005b9,2017-09,0.4285714285714285
8005b9,2017-10,0.4545454545454545
8005b9,2017-11,0.4545454545454545
8005b9,2017-12,0.5588235294117647
8005b9,2018-01,0.3709677419354839
8005b9,2018-02,0.0638297872340425
8005b9,2018-03,0.1714285714285714
8005b9,2018-04,0.0674157303370786
8005b9,2018-05,0.0638297872340425
8005b9,2018-06,0.0674157303370786
8005b9,2018-07,0.3709677419354839
8005b9,2018-08,0.3709677419354839
8005b9,2018-09,0.2465753424657534
8005b9,2018-10,0.3709677419354839
8005b9,2018-11,0.3709677419354839
8005b9,2018-12,0.0674157303370786
8005b9,2019-01,0.0769230769230769
8005b9,2019-02,0.1714285714285714
8005b9,2019-03,0.3709677419354839
8005b9,2019-04,0.2465753424657534
8005b9,2019-05,0.4545454545454545
8005b9,2019-06,0.4545454545454545
8005b9,2019-07,0.4545454545454545
8005b9,2019-08,0.4545454545454545
8005b9,2019-09,0.4545454545454545
8005b9,2019-10,0.5166389522024836
8005b9,2019-11,0.5588235294117647
8005b9,2019-12,0.6744186046511629
8005b9,2020-01,0.6744186046511629
8005b9,2020-02,0.6464584780263645
8005b9,2020-03,0.8928571428571429
8005b9,2020-04,0.9411764705882352
8005b9,2020-05,0.9411764705882352
8005b9,2020-06,0.9411764705882352
8005b9,2020-07,0.9411764705882352
8005b9,2020-08,0.9411764705882352
8005b9,2020-09,1.0
8005b9,2020-10,0.9411764705882352
8005b9,2020-11,1.0
8005b9,2020-12,0.8928571428571429
8005b9,2021-01,0.8928571428571429
8005b9,2021-02,0.8928571428571429
8005b9,2021-03,0.9411764705882352
8005b9,2021-04,0.9411764705882352
8005b9,2021-05,0.8928571428571429
8005b9,2021-06,0.8928571428571429
8005b9,2021-07,0.8928571428571429
8005b9,2021-08,0.8928571428571429
8005b9,2021-09,0.8928571428571429
8005b9,2021-10,0.6666666666666666
8005b9,2021-11,0.5588235294117647
8005b9,2021-12,0.2465753424657534
8005b9,2022-01,0.3709677419354839
8005b9,2022-02,0.5588235294117647
8005b9,2022-03,0.8928571428571429
8005b9,2022-04,0.4545454545454545
8005b9,2022-05,0.4545454545454545
8005b9,2022-06,0.4545454545454545
8005b9,2022-07,0.4545454545454545
8005b9,2022-08,0.4545454545454545
8005b9,2022-09,0.4545454545454545
8005b9,2022-10,0.3846153846153846
8005b9,2022-11,0.3709677419354839
8005b9,2022-12,0.5588235294117647
8005b9,2023-01,0.5588235294117647
8005b9,2023-02,0.5588235294117647
8005b9,2023-03,0.6666666666666666
8005b9,2023-04,0.6744186046511629
8005b9,2023-05,1.0
8005b9,2023-06,1.0
8005b9,2023-07,0.8928571428571429
8005b9,2023-08,0.8928571428571429
8005b9,2023-09,0.8928571428571429
8005b9,2023-10,0.8928571428571429
8005b9,2023-11,0.9411764705882352
8005b9,2023-12,0.8928571428571429
8005b9,2024-01,0.8928571428571429
8005b9,2024-02,0.8928571428571429
8005b9,2024-03,0.9411764705882352
8005b9,2024-04,0.8928571428571429
8005b9,2024-05,1.0
8005b9,2024-06,0.9411764705882352
8005b9,2024-07,0.9411764705882352
8005b9,2024-08,1.0
8005b9,2024-09,0.9411764705882352
8005b9,2024-10,0.8928571428571429
8005b9,2024-11,0.8928571428571429
8005b9,2024-12,0.8928571428571429
8005b9,2025-01,0.8928571428571429
8005b9,2025-02,0.8928571428571429
8005b9,2025-03,0.8928571428571429
8005b9,2025-04,0.8928571428571429
8005b9,2025-05,0.9411764705882352
8005b9,2025-06,0.8928571428571429
8005b9,2025-07,0.9411764705882352
8005b9,2025-08,0.8928571428571429
8005b9,2025-09,1.0
829a72,2014-07,0.0
829a72,2014-08,0.0666186486292776
829a72,2014-09,0.0454545454545454
829a72,2014-10,0.0
829a72,2014-11,0.0208333333333333
829a72,2014-12,0.0
829a72,2015-01,0.0
829a72,2015-02,0.0
829a72,2015-03,0.0
829a72,2015-04,0.0
829a72,2015-05,0.0
829a72,2015-06,0.0
829a72,2015-07,0.0
829a72,2015-08,0.0208333333333333
829a72,2015-09,0.0454545454545454
829a72,2015-10,0.0454545454545454
829a72,2015-11,0.0
829a72,2015-12,0.0
829a72,2016-01,0.0
829a72,2016-02,0.0208333333333333
829a72,2016-03,0.0454545454545454
829a72,2016-04,0.0
829a72,2016-05,0.0
829a72,2016-06,0.0
829a72,2016-07,0.0674157303370786
829a72,2016-08,0.0674157303370786
829a72,2016-09,0.0674157303370786
829a72,2016-10,0.0769230769230769
829a72,2016-11,0.0769230769230769
829a72,2016-12,0.0674157303370786
829a72,2017-01,0.0674157303370786
829a72,2017-02,0.2465753424657534
829a72,2017-03,0.4545454545454545
829a72,2017-04,0.3709677419354839
829a72,2017-05,0.3709677419354839
829a72,2017-06,0.2465753424657534
829a72,2017-07,0.3709677419354839
829a72,2017-08,0.2465753424657534
829a72,2017-09,0.3709677419354839
829a72,2017-10,0.3709677419354839
829a72,2017-11,0.3846153846153846
829a72,2017-12,0.4545454545454545
829a72,2018-01,0.1714285714285714
829a72,2018-02,0.0666666666666666
829a72,2018-03,0.3709677419354839
829a72,2018-04,0.2465753424657534
829a72,2018-05,0.2465753424657534
829a72,2018-06,0.4007658587356798
829a72,2018-07,0.4545454545454545
829a72,2018-08,0.2465753424657534
829a72,2018-09,0.2465753424657534
829a72,2018-10,0.4545454545454545
829a72,2018-11,0.5588235294117647
829a72,2018-12,0.3709677419354839
829a72,2019-01,0.4545454545454545
829a72,2019-02,0.3709677419354839
829a72,2019-03,0.3709677419354839
829a72,2019-04,0.4545454545454545
829a72,2019-05,0.3709677419354839
829a72,2019-06,0.3709677419354839
829a72,2019-07,0.6744186046511629
829a72,2019-08,0.6744186046511629
829a72,2019-09,0.6744186046511629
829a72,2019-10,0.6744186046511629
829a72,2019-11,0.5588235294117647
829a72,2019-12,0.8097094691091877
829a72,2020-01,0.8928571428571429
829a72,2020-02,0.4545454545454545
829a72,2020-03,0.8928571428571429
829a72,2020-04,0.8928571428571429
829a72,2020-05,0.8928571428571429
829a72,2020-06,0.8928571428571429
829a72,2020-07,0.8057333352899152
829a72,2020-08,0.8928571428571429
829a72,2020-09,0.8928571428571429
829a72,2020-10,0.8928571428571429
829a72,2020-11,0.8928571428571429
829a72,2020-12,0.8928571428571429
829a72,2021-01,0.8928571428571429
829a72,2021-02,0.8928571428571429
829a72,2021-03,0.8928571428571429
829a72,2021-04,0.8928571428571429
829a72,2021-05,0.8928571428571429
829a72,2021-06,0.8928571428571429
829a72,2021-07,0.8928571428571429
829a72,2021-08,0.8928571428571429
829a72,2021-09,0.4545454545454545
829a72,2021-10,0.8928571428571429
829a72,2021-11,0.5850579635087694
829a72,2021-12,0.8928571428571429
829a72,2022-01,0.8928571428571429
829a72,2022-02,0.8928571428571429
829a72,2022-03,0.8928571428571429
829a72,2022-04,0.8928571428571429
829a72,2022-05,0.8928571428571429
829a72,2022-06,0.8928571428571429
829a72,2022-07,0.5588235294117647
829a72,2022-08,0.4545454545454545
829a72,2022-09,0.4545454545454545
829a72,2022-10,0.3709677419354839
829a72,2022-11,0.4545454545454545
829a72,2022-12,0.4545454545454545
829a72,2023-01,0.3846153846153846
829a72,2023-02,0.4545454545454545
829a72,2023-03,0.3709677419354839
829a72,2023-04,0.4545454545454545
829a72,2023-05,0.4545454545454545
829a72,2023-06,0.4545454545454545
829a72,2023-07,0.5
829a72,2023-08,1.0
829a72,2023-09,0.5588235294117647
829a72,2023-10,0.8928571428571429
829a72,2023-11,0.5588235294117647
829a72,2023-12,0.5588235294117647
829a72,2024-01,0.5588235294117647
829a72,2024-02,0.5
829a72,2024-03,0.4545454545454545
829a72,2024-04,0.5588235294117647
829a72,2024-05,0.5588235294117647
829a72,2024-06,0.5588235294117647
829a72,2024-07,0.6744186046511629
829a72,2024-08,0.8928571428571429
829a72,2024-09,1.0
829a72,2024-10,0.8928571428571429
829a72,2024-11,0.8928571428571429
829a72,2024-12,0.8
829a72,2025-01,0.6744186046511629
829a72,2025-02,0.6744186046511629
829a72,2025-03,0.6744186046511629
829a72,2025-04,0.6744186046511629
829a72,2025-05,0.8928571428571429
829a72,2025-06,0.8928571428571429
829a72,2025-07,0.8691204965526467
829a72,2025-08,0.6744186046511629
83894c,2016-05,0.0638297872340425
83894c,2016-06,0.0
83894c,2016-07,0.0
83894c,2016-08,0.0
83894c,2016-09,0.0
83894c,2016-10,0.0
83894c,2016-11,0.0
83894c,2016-12,0.0
83894c,2017-01,0.0
83894c,2017-02,0.0
83894c,2017-03,0.0
83894c,2017-04,0.0
83894c,2017-05,0.0
83894c,2017-06,0.0
83894c,2017-07,0.0208333333333333
83894c,2017-11,0.0
83894c,2017-12,0.0
83894c,2018-01,0.0
83894c,2018-02,0.0
83894c,2018-03,0.0638297872340425
83894c,2018-04,0.0674157303370786
83894c,2018-05,0.1714285714285714
83894c,2018-06,0.1714285714285714
83894c,2018-07,0.2465753424657534
83894c,2018-08,0.2465753424657534
83894c,2018-09,0.0769230769230769
83894c,2018-10,0.1714285714285714
83894c,2018-11,0.1714285714285714
83894c,2018-12,0.0692542331354771
83894c,2019-01,0.0674157303370786
83894c,2019-02,0.1714285714285714
83894c,2019-03,0.2465753424657534
83894c,2019-04,0.2465753424657534
83894c,2019-05,0.2465753424657534
83894c,2019-06,0.2465753424657534
83894c,2019-07,0.2465753424657534
83894c,2019-08,0.2465753424657534
83894c,2019-09,0.1714285714285714
83894c,2019-10,0.0769230769230769
83894c,2019-11,0.0769230769230769
83894c,2019-12,0.0674157303370786
83894c,2020-01,0.0674157303370786
83894c,2020-02,0.2465753424657534
83894c,2020-03,0.4114926307334515
83894c,2020-04,0.2465753424657534
83894c,2020-05,0.3709677419354839
83894c,2020-06,0.1714285714285714
83894c,2020-07,0.0769230769230769
83894c,2020-08,0.2465753424657534
83894c,2020-09,0.1428571428571428
83894c,2020-10,0.3709677419354839
83894c,2020-11,0.3709677419354839
83894c,2020-12,0.3709677419354839
83894c,2021-01,0.5588235294117647
83894c,2021-02,0.6744186046511629
83894c,2021-03,0.6744186046511629
83894c,2021-04,0.6744186046511629
83894c,2021-05,0.6744186046511629
83894c,2021-06,0.5588235294117647
83894c,2021-07,0.3709677419354839
83894c,2021-08,0.3759145448486737
83894c,2021-09,0.3709677419354839
83894c,2021-10,0.2465753424657534
83894c,2021-11,0.5588235294117647
83894c,2021-12,0.2465753424657534
83894c,2022-01,0.3709677419354839
83894c,2022-02,0.2465753424657534
83894c,2022-03,0.8928571428571429
83894c,2022-04,0.5
83894c,2022-05,0.3709677419354839
83894c,2022-06,0.4545454545454545
83894c,2022-07,0.4545454545454545
83894c,2022-08,0.4545454545454545
83894c,2022-09,0.4545454545454545
83894c,2022-10,0.6744186046511629
83894c,2022-11,0.8928571428571429
83894c,2022-12,0.5843268838401756
83894c,2023-01,0.5588235294117647
83894c,2023-02,0.5588235294117647
83894c,2023-03,0.6097835411259434
83894c,2023-04,0.6666666666666666
83894c,2023-05,0.5810176164508379
83894c,2023-06,0.6744186046511629
83894c,2023-07,0.8928571428571429
83894c,2023-08,0.8928571428571429
83894c,2023-09,0.8928571428571429
83894c,2023-10,0.8928571428571429
83894c,2023-11,0.8928571428571429
83894c,2023-12,0.8928571428571429
83894c,2024-01,0.8928571428571429
83894c,2024-02,0.8928571428571429
83894c,2024-03,0.8928571428571429
83894c,2024-04,0.8928571428571429
83894c,2024-05,0.8928571428571429
83894c,2024-06,0.8928571428571429
83894c,2024-07,0.8928571428571429
83894c,2024-08,0.5588235294117647
83894c,2024-09,0.8928571428571429
83894c,2024-10,0.8928571428571429
83894c,2024-11,0.8928571428571429
83894c,2024-12,0.4545454545454545
83894c,2025-01,0.4545454545454545
83894c,2025-02,0.5588235294117647
83894c,2025-03,0.8928571428571429
83894c,2025-04,0.4545454545454545
83894c,2025-05,0.5588235294117647
83894c,2025-06,0.8928571428571429
83894c,2025-07,0.5588235294117647
83894c,2025-08,0.5588235294117647
87cfea,2016-03,0.0622268150052909
87cfea,2016-04,0.0
87cfea,2016-05,0.0
87cfea,2016-06,0.0
87cfea,2016-07,0.0
87cfea,2016-08,0.0
87cfea,2016-09,0.0
87cfea,2016-10,0.0
87cfea,2016-12,0.0
87cfea,2017-01,0.0
87cfea,2017-02,0.0
87cfea,2017-03,0.0
87cfea,2017-04,0.0
87cfea,2017-05,0.0
87cfea,2017-06,0.0
87cfea,2017-07,0.0208333333333333
87cfea,2017-08,0.0
87cfea,2017-09,0.0
87cfea,2017-10,0.0
87cfea,2017-11,0.0
87cfea,2017-12,0.0
87cfea,2018-01,0.0208333333333333
87cfea,2018-02,0.0
87cfea,2018-03,0.0674157303370786
87cfea,2018-04,0.3723682895553101
87cfea,2018-05,0.3709677419354839
87cfea,2018-06,0.2465753424657534
87cfea,2018-07,0.2465753424657534
87cfea,2018-08,0.3709677419354839
87cfea,2018-09,0.3846153846153846
87cfea,2018-10,0.3709677419354839
87cfea,2018-11,0.2465753424657534
87cfea,2018-12,0.0674157303370786
87cfea,2019-01,0.0674157303370786
87cfea,2019-02,0.0674157303370786
87cfea,2019-03,0.0674157303370786
87cfea,2019-04,0.0674157303370786
87cfea,2019-05,0.0674157303370786
87cfea,2019-06,0.0674157303370786
87cfea,2019-07,0.0769230769230769
87cfea,2019-08,0.3709677419354839
87cfea,2019-09,0.3709677419354839
87cfea,2019-10,0.1714285714285714
87cfea,2019-11,0.1714285714285714
87cfea,2019-12,0.2465753424657534
87cfea,2020-01,0.1428571428571428
87cfea,2020-02,0.3709677419354839
87cfea,2020-03,0.4545454545454545
87cfea,2020-04,0.4545454545454545
87cfea,2020-05,0.4545454545454545
87cfea,2020-06,0.4545454545454545
87cfea,2020-07,0.4545454545454545
87cfea,2020-08,0.4545454545454545
87cfea,2020-09,0.3709677419354839
87cfea,2020-10,0.4545454545454545
87cfea,2020-11,0.4545454545454545
87cfea,2020-12,0.4545454545454545
87cfea,2021-01,0.4545454545454545
87cfea,2021-02,0.5588235294117647
87cfea,2021-03,0.8928571428571429
87cfea,2021-04,0.6666666666666666
87cfea,2021-05,0.5588235294117647
87cfea,2021-06,0.3709677419354839
87cfea,2021-07,0.3709677419354839
87cfea,2021-08,0.3709677419354839
87cfea,2021-09,0.5588235294117647
87cfea,2021-10,0.3731190262205293
87cfea,2021-11,0.4545454545454545
87cfea,2021-12,0.4545454545454545
87cfea,2022-01,0.3709677419354839
87cfea,2022-02,0.8928571428571429
87cfea,2022-03,0.8
87cfea,2022-04,0.6744186046511629
87cfea,2022-05,0.4285714285714285
87cfea,2022-06,0.6744186046511629
87cfea,2022-07,0.4545454545454545
87cfea,2022-08,0.4545454545454545
87cfea,2022-09,0.4545454545454545
87cfea,2022-10,0.7096703548260952
87cfea,2022-11,0.4545454545454545
87cfea,2022-12,0.4285714285714285
87cfea,2023-01,0.3709677419354839
87cfea,2023-02,0.3802455323075162
87cfea,2023-03,0.3751569262080209
87cfea,2023-04,0.4545454545454545
87cfea,2023-05,0.3709677419354839
87cfea,2023-06,0.3709677419354839
87cfea,2023-07,0.3709677419354839
87cfea,2023-08,0.4545454545454545
87cfea,2023-09,0.4545454545454545
87cfea,2023-10,0.4545454545454545
87cfea,2023-11,0.4545454545454545
87cfea,2023-12,0.4545454545454545
87cfea,2024-01,0.4545454545454545
87cfea,2024-02,0.5588235294117647
87cfea,2024-03,0.9411764705882352
87cfea,2024-04,0.8928571428571429
87cfea,2024-05,0.8928571428571429
87cfea,2024-06,0.5588235294117647
87cfea,2024-07,0.4545454545454545
87cfea,2024-08,0.4545454545454545
87cfea,2024-09,0.4545454545454545
87cfea,2024-10,0.5
87cfea,2024-11,0.5588235294117647
87cfea,2024-12,0.5588235294117647
87cfea,2025-01,0.4545454545454545
87cfea,2025-02,0.4545454545454545
87cfea,2025-03,0.8928571428571429
87cfea,2025-04,0.5588235294117647
87cfea,2025-05,0.6744186046511629
87cfea,2025-06,0.5588235294117647
87cfea,2025-07,0.5588235294117647
87cfea,2025-08,0.6744186046511629
88a9a6,2014-11,0.0454545454545454
88a9a6,2014-12,0.0638297872340425
88a9a6,2015-01,0.0454545454545454
88a9a6,2015-02,0.0208333333333333
88a9a6,2015-03,0.0666666666666666
88a9a6,2015-04,0.0674157303370786
88a9a6,2015-05,0.0208333333333333
88a9a6,2015-06,0.0
88a9a6,2015-07,0.0
88a9a6,2015-08,0.0
88a9a6,2015-09,0.0
88a9a6,2015-10,0.0
88a9a6,2015-11,0.0
88a9a6,2015-12,0.0
88a9a6,2016-01,0.0
88a9a6,2016-02,0.0
88a9a6,2016-03,0.0208333333333333
88a9a6,2016-04,0.0208333333333333
88a9a6,2016-05,0.0208333333333333
88a9a6,2016-06,0.0
88a9a6,2016-07,0.0
88a9a6,2016-08,0.0
88a9a6,2016-09,0.0208333333333333
88a9a6,2016-10,0.0
88a9a6,2016-11,0.2465753424657534
88a9a6,2016-12,0.2465753424657534
88a9a6,2017-01,0.2465753424657534
88a9a6,2017-02,0.3709677419354839
88a9a6,2017-04,0.4545454545454545
88a9a6,2017-05,0.379839096646526
88a9a6,2017-06,0.3709677419354839
88a9a6,2017-07,0.372610276063693
88a9a6,2017-08,0.2465753424657534
88a9a6,2017-09,0.2465753424657534
88a9a6,2017-10,0.1714285714285714
88a9a6,2017-11,0.0769230769230769
88a9a6,2017-12,0.0674157303370786
88a9a6,2018-01,0.0674157303370786
88a9a6,2018-02,0.0666666666666666
88a9a6,2018-03,0.0208333333333333
88a9a6,2018-04,0.0674157303370786
88a9a6,2018-05,0.2465753424657534
88a9a6,2018-06,0.0666666666666666
88a9a6,2018-07,0.3709677419354839
88a9a6,2018-08,0.3846153846153846
88a9a6,2018-09,0.2465753424657534
88a9a6,2018-10,0.2465753424657534
88a9a6,2018-11,0.3709677419354839
88a9a6,2018-12,0.0666666666666666
88a9a6,2019-01,0.1024719201439184
88a9a6,2019-02,0.0674157303370786
88a9a6,2019-03,0.0674157303370786
88a9a6,2019-04,0.0674157303370786
88a9a6,2019-05,0.0674157303370786
88a9a6,2019-06,0.0674157303370786
88a9a6,2019-07,0.0674157303370786
88a9a6,2019-08,0.0674157303370786
88a9a6,2019-09,0.0769230769230769
88a9a6,2019-10,0.1714285714285714
88a9a6,2019-11,0.2465753424657534
88a9a6,2019-12,0.4545454545454545
88a9a6,2020-01,0.3846153846153846
88a9a6,2020-02,0.4545454545454545
88a9a6,2020-03,0.4545454545454545
88a9a6,2020-04,0.4545454545454545
88a9a6,2020-05,0.8928571428571429
88a9a6,2020-06,0.8928571428571429
88a9a6,2020-07,0.6112018944013952
88a9a6,2020-08,0.4545454545454545
88a9a6,2020-09,0.4545454545454545
88a9a6,2020-10,0.5588235294117647
88a9a6,2020-11,0.5588235294117647
88a9a6,2020-12,0.6744186046511629
88a9a6,2021-01,0.9411764705882352
88a9a6,2021-02,0.8928571428571429
88a9a6,2021-03,0.8928571428571429
88a9a6,2021-04,0.5
88a9a6,2021-05,0.8928571428571429
88a9a6,2021-06,0.5
88a9a6,2021-07,0.8928571428571429
88a9a6,2021-08,0.4545454545454545
88a9a6,2021-09,0.5588235294117647
88a9a6,2021-10,0.3846153846153846
88a9a6,2021-11,0.4545454545454545
88a9a6,2021-12,0.8928571428571429
88a9a6,2022-01,0.4285714285714285
88a9a6,2022-02,0.4545454545454545
88a9a6,2022-03,0.4545454545454545
88a9a6,2022-04,0.3709677419354839
88a9a6,2022-05,0.6744186046511629
88a9a6,2022-06,0.4545454545454545
88a9a6,2022-07,0.4545454545454545
88a9a6,2022-08,0.5588235294117647
88a9a6,2022-09,0.4545454545454545
88a9a6,2022-10,0.4545454545454545
88a9a6,2022-11,0.4545454545454545
88a9a6,2022-12,0.4545454545454545
88a9a6,2023-01,0.4545454545454545
88a9a6,2023-02,0.5
88a9a6,2023-03,0.5588235294117647
88a9a6,2023-04,0.6744186046511629
88a9a6,2023-05,0.5588235294117647
88a9a6,2023-06,0.5588235294117647
88a9a6,2023-07,0.5588235294117647
88a9a6,2023-08,0.5
88a9a6,2023-09,0.5
88a9a6,2023-10,0.5588235294117647
88a9a6,2023-11,0.4545454545454545
88a9a6,2023-12,0.5588235294117647
88a9a6,2024-01,0.6744186046511629
88a9a6,2024-02,0.5588235294117647
88a9a6,2024-03,0.6744186046511629
88a9a6,2024-04,0.6666666666666666
88a9a6,2024-05,0.8928571428571429
88a9a6,2024-06,0.6744186046511629
88a9a6,2024-07,0.6744186046511629
88a9a6,2024-08,0.6666666666666666
88a9a6,2024-09,0.6744186046511629
88a9a6,2024-10,0.8928571428571429
88a9a6,2024-11,0.8928571428571429
88a9a6,2024-12,0.8928571428571429
88a9a6,2025-01,0.8928571428571429
88a9a6,2025-02,1.0
88a9a6,2025-03,0.9411764705882352
88a9a6,2025-04,0.8928571428571429
88a9a6,2025-05,0.5588235294117647
88a9a6,2025-06,0.8928571428571429
88a9a6,2025-07,0.4545454545454545
88a9a6,2025-08,0.4545454545454545
894378,2015-01,0.0
894378,2015-02,0.0
894378,2015-03,0.0
894378,2015-04,0.0638297872340425
894378,2015-05,0.0
894378,2015-06,0.0
894378,2015-07,0.0
894378,2015-08,0.0
894378,2015-09,0.0
894378,2015-10,0.0
894378,2015-11,0.0
894378,2015-12,0.0
894378,2016-01,0.0
894378,2016-02,0.0208333333333333
894378,2016-03,0.0
894378,2016-04,0.0
894378,2016-05,0.0
894378,2016-06,0.0638297872340425
894378,2016-07,0.0454545454545454
894378,2016-08,0.0208333333333333
894378,2016-09,0.0208333333333333
894378,2016-10,0.0454545454545454
894378,2016-11,0.0638297872340425
894378,2016-12,0.0638297872340425
894378,2017-01,0.3709677419354839
894378,2017-02,0.3709677419354839
894378,2017-03,0.3709677419354839
894378,2017-04,0.2465753424657534
894378,2017-05,0.2465753424657534
894378,2017-06,0.1714285714285714
894378,2017-07,0.4178913784796055
894378,2017-08,0.4545454545454545
894378,2017-09,0.4545454545454545
894378,2017-10,0.4545454545454545
894378,2017-11,0.4545454545454545
894378,2017-12,0.3709677419354839
894378,2018-01,0.2465753424657534
894378,2018-02,0.0674157303370786
894378,2018-03,0.2465753424657534
894378,2018-04,0.0666666666666666
894378,2018-05,0.0769230769230769
894378,2018-06,0.1714285714285714
894378,2018-07,0.5588235294117647
894378,2018-08,0.4545454545454545
894378,2018-09,0.3709677419354839
894378,2018-10,0.3846153846153846
894378,2018-11,0.4545454545454545
894378,2018-12,0.0674157303370786
894378,2019-01,0.2465753424657534
894378,2019-02,0.0763195156266205
894378,2019-03,0.1714285714285714
894378,2019-04,0.2465753424657534
894378,2019-05,0.3709677419354839
894378,2019-06,0.3846153846153846
894378,2019-07,0.8928571428571429
894378,2019-08,0.4545454545454545
894378,2019-09,0.3709677419354839
894378,2019-10,0.4285714285714285
894378,2019-11,0.4545454545454545
894378,2019-12,0.4545454545454545
894378,2020-01,0.8928571428571429
894378,2020-02,0.5
894378,2020-03,0.8928571428571429
894378,2020-04,0.9411764705882352
894378,2020-05,0.8928571428571429
894378,2020-06,0.8928571428571429
894378,2020-07,0.8928571428571429
894378,2020-08,0.8928571428571429
894378,2020-09,0.9411764705882352
894378,2020-10,0.8928571428571429
894378,2020-11,0.5588235294117647
894378,2020-12,0.8928571428571429
894378,2021-01,0.4285714285714285
894378,2021-02,0.5588235294117647
894378,2021-03,0.8928571428571429
894378,2021-04,0.9411764705882352
894378,2021-05,0.8928571428571429
894378,2021-06,0.537920094811053
894378,2021-07,0.6744186046511629
894378,2021-08,0.8928571428571429
894378,2021-09,0.3709677419354839
894378,2021-10,0.4545454545454545
894378,2021-11,0.4545454545454545
894378,2021-12,0.3709677419354839
894378,2022-01,0.3709677419354839
894378,2022-02,0.2465753424657534
894378,2022-03,0.3754019442527752
894378,2022-04,0.3709677419354839
894378,2022-05,0.4285714285714285
894378,2022-06,0.4545454545454545
894378,2022-07,0.4545454545454545
894378,2022-08,0.3709677419354839
894378,2022-09,0.3846153846153846
894378,2022-10,0.8928571428571429
894378,2022-11,0.5588235294117647
894378,2022-12,0.5588235294117647
894378,2023-01,0.4545454545454545
894378,2023-02,0.4545454545454545
894378,2023-03,0.4545454545454545
894378,2023-04,0.5588235294117647
894378,2023-05,0.6744186046511629
894378,2023-06,0.6744186046511629
894378,2023-07,0.5588235294117647
894378,2023-08,0.4545454545454545
894378,2023-09,0.5588235294117647
894378,2023-10,0.8
894378,2023-11,0.6744186046511629
894378,2023-12,0.6744186046511629
894378,2024-01,0.6666666666666666
894378,2024-02,0.5588235294117647
894378,2024-03,0.5588235294117647
894378,2024-04,0.5588235294117647
894378,2024-05,0.8024842449395048
894378,2024-06,0.8
894378,2024-07,0.5588235294117647
894378,2024-08,0.6744186046511629
894378,2024-09,0.8928571428571429
894378,2024-10,0.8928571428571429
894378,2024-11,0.8928571428571429
894378,2024-12,0.8928571428571429
894378,2025-01,0.8928571428571429
894378,2025-02,0.8928571428571429
894378,2025-03,0.8928571428571429
894378,2025-04,0.8928571428571429
894378,2025-05,0.8928571428571429
894378,2025-06,0.8928571428571429
894378,2025-07,0.9411764705882352
894378,2025-08,0.8928571428571429
8b98f3,2021-10,0.0208333333333333
8b98f3,2021-11,0.0
8b98f3,2021-12,0.0454545454545454
8b98f3,2022-01,0.0674157303370786
8b98f3,2022-02,0.0674157303370786
8b98f3,2022-03,0.067140634098148
8b98f3,2022-04,0.0
8b98f3,2022-05,0.0
8b98f3,2022-06,0.0208333333333333
8b98f3,2022-07,0.0208333333333333
8b98f3,2022-08,0.0
8b98f3,2022-09,0.0208333333333333
8b98f3,2022-10,0.0208333333333333
8b98f3,2022-11,0.0
8b98f3,2022-12,0.0
8b98f3,2023-01,0.0208333333333333
8b98f3,2023-02,0.0454545454545454
8b98f3,2023-03,0.0674157303370786
8b98f3,2023-04,0.0208333333333333
8b98f3,2023-05,0.0
8b98f3,2023-06,0.0208333333333333
8b98f3,2023-07,0.0454545454545454
8b98f3,2023-08,0.0638297872340425
8b98f3,2023-09,0.0638297872340425
8b98f3,2023-10,0.1428571428571428
8b98f3,2023-11,0.0769230769230769
8b98f3,2023-12,0.3709677419354839
8b98f3,2024-01,0.2465753424657534
8b98f3,2024-02,0.2465753424657534
8b98f3,2024-03,0.2465753424657534
8b98f3,2024-04,0.1072194436414884
8b98f3,2024-05,0.3709677419354839
8b98f3,2024-06,0.2465753424657534
8b98f3,2024-07,0.1714285714285714
8b98f3,2024-08,0.2465753424657534
8b98f3,2024-09,0.2465753424657534
8b98f3,2024-10,0.2465753424657534
8b98f3,2024-11,0.1714285714285714
8b98f3,2024-12,0.0769230769230769
8b98f3,2025-01,0.1714285714285714
8b98f3,2025-02,0.0674157303370786
8b98f3,2025-03,0.3709677419354839
8b98f3,2025-04,0.2465753424657534
8b98f3,2025-05,0.1714285714285714
8b98f3,2025-06,0.2465753424657534
8b98f3,2025-07,0.2465753424657534
8b98f3,2025-08,0.2465753424657534
8bd3ce,2014-12,0.0
8bd3ce,2015-01,0.0
8bd3ce,2015-02,0.0
8bd3ce,2015-03,0.0
8bd3ce,2015-04,0.0
8bd3ce,2015-05,0.0
8bd3ce,2015-06,0.0
8bd3ce,2015-07,0.0
8bd3ce,2015-08,0.0208333333333333
8bd3ce,2015-09,0.0
8bd3ce,2015-10,0.0
8bd3ce,2015-11,0.0
8bd3ce,2015-12,0.0
8bd3ce,2016-01,0.0
8bd3ce,2016-02,0.0
8bd3ce,2016-03,0.0
8bd3ce,2016-04,0.0
8bd3ce,2016-05,0.0
8bd3ce,2016-06,0.0
8bd3ce,2016-07,0.0
8bd3ce,2016-08,0.0638297872340425
8bd3ce,2016-09,0.0
8bd3ce,2016-10,0.0
8bd3ce,2016-11,0.0
8bd3ce,2016-12,0.0674157303370786
8bd3ce,2017-01,0.2465753424657534
8bd3ce,2017-02,0.1554594481096716
8bd3ce,2017-03,0.2465753424657534
8bd3ce,2017-04,0.2465753424657534
8bd3ce,2017-05,0.0769230769230769
8bd3ce,2017-06,0.346010485504318
8bd3ce,2017-07,0.0674157303370786
8bd3ce,2017-08,0.0674157303370786
8bd3ce,2017-09,0.1640971244735768
8bd3ce,2017-10,0.0674157303370786
8bd3ce,2017-11,0.0674157303370786
8bd3ce,2017-12,0.0638297872340425
8bd3ce,2018-01,0.0638297872340425
8bd3ce,2018-02,0.0674157303370786
8bd3ce,2018-03,0.0666666666666666
8bd3ce,2018-04,0.0638297872340425
8bd3ce,2018-05,0.0674157303370786
8bd3ce,2018-06,0.0454545454545454
8bd3ce,2018-07,0.0638297872340425
8bd3ce,2018-08,0.0674157303370786
8bd3ce,2018-09,0.0674157303370786
8bd3ce,2018-10,0.0638297872340425
8bd3ce,2018-11,0.0454545454545454
8bd3ce,2018-12,0.0656341556526381
8bd3ce,2019-01,0.0454545454545454
8bd3ce,2019-02,0.0674157303370786
8bd3ce,2019-03,0.1714285714285714
8bd3ce,2019-04,0.2465753424657534
8bd3ce,2019-05,0.3709677419354839
8bd3ce,2019-06,0.4545454545454545
8bd3ce,2019-07,0.3709677419354839
8bd3ce,2019-08,0.4545454545454545
8bd3ce,2019-09,0.3846153846153846
8bd3ce,2019-10,0.3846153846153846
8bd3ce,2019-11,0.4545454545454545
8bd3ce,2019-12,0.5588235294117647
8bd3ce,2020-01,0.5588235294117647
8bd3ce,2020-02,0.5588235294117647
8bd3ce,2020-03,0.5588235294117647
8bd3ce,2020-04,0.8928571428571429
8bd3ce,2020-05,0.8928571428571429
8bd3ce,2020-06,0.8928571428571429
8bd3ce,2020-07,0.5588235294117647
8bd3ce,2020-08,0.5588235294117647
8bd3ce,2020-09,0.5
8bd3ce,2020-10,0.5588235294117647
8bd3ce,2020-11,0.5588235294117647
8bd3ce,2020-12,0.8928571428571429
8bd3ce,2021-01,0.6744186046511629
8bd3ce,2021-02,0.6744186046511629
8bd3ce,2021-03,0.8928571428571429
8bd3ce,2021-04,0.5588235294117647
8bd3ce,2021-05,0.5588235294117647
8bd3ce,2021-06,0.5
8bd3ce,2021-07,0.3709677419354839
8bd3ce,2021-08,0.4545454545454545
8bd3ce,2021-09,0.4545454545454545
8bd3ce,2021-10,0.5588235294117647
8bd3ce,2021-11,0.4545454545454545
8bd3ce,2021-12,0.4545454545454545
8bd3ce,2022-01,0.4545454545454545
8bd3ce,2022-02,0.4285714285714285
8bd3ce,2022-03,0.4545454545454545
8bd3ce,2022-04,0.4545454545454545
8bd3ce,2022-05,0.4545454545454545
8bd3ce,2022-06,0.8928571428571429
8bd3ce,2022-07,0.4545454545454545
8bd3ce,2022-08,0.4545454545454545
8bd3ce,2022-09,0.4545454545454545
8bd3ce,2022-10,0.4545454545454545
8bd3ce,2022-11,0.4545454545454545
8bd3ce,2022-12,0.6744186046511629
8bd3ce,2023-01,0.5588235294117647
8bd3ce,2023-02,0.8928571428571429
8bd3ce,2023-03,0.6714265020676088
8bd3ce,2023-04,0.5588235294117647
8bd3ce,2023-05,0.5588235294117647
8bd3ce,2023-06,0.4545454545454545
8bd3ce,2023-07,0.6666666666666666
8bd3ce,2023-08,0.5588235294117647
8bd3ce,2023-09,0.5588235294117647
8bd3ce,2023-10,0.5588235294117647
8bd3ce,2023-11,0.5588235294117647
8bd3ce,2023-12,0.5588235294117647
8bd3ce,2024-01,0.6744186046511629
8bd3ce,2024-02,0.6744186046511629
8bd3ce,2024-03,0.8928571428571429
8bd3ce,2024-04,0.8928571428571429
8bd3ce,2024-05,0.8928571428571429
8bd3ce,2024-06,0.6744186046511629
8bd3ce,2024-07,0.8928571428571429
8bd3ce,2024-08,0.6744186046511629
8bd3ce,2024-09,0.8928571428571429
8bd3ce,2024-10,0.6744186046511629
8bd3ce,2024-11,1.0
8bd3ce,2024-12,0.8928571428571429
8bd3ce,2025-01,0.8928571428571429
8bd3ce,2025-02,0.8928571428571429
8bd3ce,2025-03,0.8928571428571429
8bd3ce,2025-04,0.8928571428571429
8bd3ce,2025-05,1.0
8bd3ce,2025-06,0.8928571428571429
8bd3ce,2025-07,0.8928571428571429
8bd3ce,2025-08,0.6744186046511629
8d0588,2014-03,0.0208333333333333
8d0588,2014-04,0.0638297872340425
8d0588,2014-05,0.0208333333333333
8d0588,2014-06,0.0638297872340425
8d0588,2014-07,0.0454545454545454
8d0588,2014-08,0.0638297872340425
8d0588,2014-09,0.0638297872340425
8d0588,2014-10,0.0638297872340425
8d0588,2014-11,0.0454545454545454
8d0588,2014-12,0.0454545454545454
8d0588,2015-01,0.0638297872340425
8d0588,2015-02,0.0454545454545454
8d0588,2015-03,0.0
8d0588,2015-04,0.0674157303370786
8d0588,2015-05,0.0674157303370786
8d0588,2015-06,0.0674157303370786
8d0588,2015-07,0.0638297872340425
8d0588,2015-08,0.0208333333333333
8d0588,2015-09,0.0
8d0588,2015-10,0.0
8d0588,2015-11,0.0
8d0588,2015-12,0.0
8d0588,2016-01,0.0
8d0588,2016-02,0.0
8d0588,2016-03,0.2465753424657534
8d0588,2016-04,0.2465753424657534
8d0588,2016-05,0.4545454545454545
8d0588,2016-06,0.5588235294117647
8d0588,2016-07,0.5588235294117647
8d0588,2016-08,0.5588235294117647
8d0588,2016-09,0.6744186046511629
8d0588,2016-10,0.6744186046511629
8d0588,2016-11,0.6744186046511629
8d0588,2016-12,0.6666666666666666
8d0588,2017-01,0.6666666666666666
8d0588,2017-02,0.5588235294117647
8d0588,2017-03,0.3709677419354839
8d0588,2017-04,0.4545454545454545
8d0588,2017-05,0.5588235294117647
8d0588,2017-06,0.6666666666666666
8d0588,2017-07,0.5588235294117647
8d0588,2017-08,0.6744186046511629
8d0588,2017-09,0.6744186046511629
8d0588,2017-10,0.6744186046511629
8d0588,2017-11,0.8928571428571429
8d0588,2017-12,0.8928571428571429
8d0588,2018-01,0.5688691989282736
8d0588,2018-02,0.5588235294117647
8d0588,2018-03,0.8928571428571429
8d0588,2018-04,0.5588235294117647
8d0588,2018-05,0.5588235294117647
8d0588,2018-06,0.6666666666666666
8d0588,2018-07,0.8928571428571429
8d0588,2018-08,0.8928571428571429
8d0588,2018-09,0.8928571428571429
8d0588,2018-10,0.8928571428571429
8d0588,2018-11,0.8928571428571429
8d0588,2018-12,0.6744186046511629
8d0588,2019-01,0.8755300331338823
8d0588,2019-02,0.6744186046511629
8d0588,2019-03,0.6744186046511629
8d0588,2019-04,0.8928571428571429
8d0588,2019-05,0.5588235294117647
8d0588,2019-06,0.6744186046511629
8d0588,2019-07,0.5588235294117647
8d0588,2019-08,0.5588235294117647
8d0588,2019-09,0.8928571428571429
8d0588,2019-10,0.5588235294117647
8d0588,2019-11,0.5588235294117647
8d0588,2019-12,0.8928571428571429
8d0588,2020-01,0.8928571428571429
8d0588,2020-02,0.8928571428571429
8d0588,2020-03,1.0
8d0588,2020-04,1.0
8d0588,2020-05,1.0
8d0588,2020-06,0.9411764705882352
8d0588,2020-07,0.8928571428571429
8d0588,2020-08,1.0
8d0588,2020-09,0.8928571428571429
8d0588,2020-10,0.8928571428571429
8d0588,2020-11,0.8928571428571429
8d0588,2020-12,0.9411764705882352
8d0588,2021-01,0.8928571428571429
8d0588,2021-02,0.8928571428571429
8d0588,2021-03,1.0
8d0588,2021-04,0.8928571428571429
8d0588,2021-05,0.9411764705882352
8d0588,2021-06,0.5588235294117647
8d0588,2021-07,0.8928571428571429
8d0588,2021-08,0.9411764705882352
8d0588,2021-09,0.9671472652388822
8d0588,2021-10,1.0
8d0588,2021-11,1.0
8d0588,2021-12,1.0
8d0588,2022-01,0.9411764705882352
8d0588,2022-02,0.8928571428571429
8d0588,2022-03,0.9411764705882352
8d0588,2022-04,0.8928571428571429
8d0588,2022-05,0.8928571428571429
8d0588,2022-06,0.6744186046511629
8d0588,2022-07,0.6744186046511629
8d0588,2022-08,0.8928571428571429
8d0588,2022-09,0.6744186046511629
8d0588,2022-10,0.5588235294117647
8d0588,2022-11,0.5696165555250259
8d0588,2022-12,0.6744186046511629
8d0588,2023-01,0.8928571428571429
8d0588,2023-02,0.5588235294117647
8d0588,2023-03,0.8928571428571429
8d0588,2023-04,0.6744186046511629
8d0588,2023-05,1.0
8d0588,2023-06,1.0
8d0588,2023-07,0.5588235294117647
8d0588,2023-08,0.6744186046511629
8d0588,2023-09,0.5588235294117647
8d0588,2023-10,0.8928571428571429
8d0588,2023-11,0.8928571428571429
8d0588,2023-12,0.8928571428571429
8d0588,2024-01,0.8928571428571429
8d0588,2024-02,0.8928571428571429
8d0588,2024-03,0.8928571428571429
8d0588,2024-04,0.9411764705882352
8d0588,2024-05,0.8928571428571429
8d0588,2024-06,0.8928571428571429
8d0588,2024-07,0.8928571428571429
8d0588,2024-08,0.8928571428571429
8d0588,2024-09,0.8928571428571429
8d0588,2024-10,1.0
8d0588,2024-11,0.8928571428571429
8d0588,2024-12,0.8928571428571429
8d0588,2025-01,1.0
8d0588,2025-02,0.8928571428571429
8d0588,2025-03,0.8928571428571429
8d0588,2025-04,0.8928571428571429
8d0588,2025-05,1.0
8d0588,2025-06,0.9411764705882352
8d0588,2025-07,0.8928571428571429
8d0588,2025-08,0.9411764705882352
8e41cf,2014-11,0.0
8e41cf,2014-12,0.0
8e41cf,2015-01,0.0
8e41cf,2015-02,0.0
8e41cf,2015-03,0.0
8e41cf,2015-04,0.0
8e41cf,2015-05,0.0
8e41cf,2015-06,0.0208333333333333
8e41cf,2015-07,0.0
8e41cf,2015-08,0.0
8e41cf,2015-09,0.0
8e41cf,2015-10,0.0
8e41cf,2015-11,0.0
8e41cf,2015-12,0.0
8e41cf,2016-01,0.0
8e41cf,2016-02,0.0
8e41cf,2016-03,0.0
8e41cf,2016-04,0.0
8e41cf,2016-05,0.0
8e41cf,2016-06,0.0
8e41cf,2016-07,0.0
8e41cf,2016-08,0.0208333333333333
8e41cf,2016-09,0.0208333333333333
8e41cf,2016-10,0.0
8e41cf,2016-11,0.0674157303370786
8e41cf,2016-12,0.0674157303370786
8e41cf,2017-01,0.1428571428571428
8e41cf,2017-02,0.0769230769230769
8e41cf,2017-03,0.0674157303370786
8e41cf,2017-04,0.0666666666666666
8e41cf,2017-05,0.0769230769230769
8e41cf,2017-06,0.1714285714285714
8e41cf,2017-07,0.1011904559481981
8e41cf,2017-08,0.0674157303370786
8e41cf,2017-09,0.1714285714285714
8e41cf,2017-10,0.0667831643699731
8e41cf,2017-11,0.2465753424657534
8e41cf,2017-12,0.0666666666666666
8e41cf,2018-01,0.0674157303370786
8e41cf,2018-02,0.0674157303370786
8e41cf,2018-03,0.0674157303370786
8e41cf,2018-04,0.0674157303370786
8e41cf,2018-05,0.0638297872340425
8e41cf,2018-06,0.0674157303370786
8e41cf,2018-07,0.0674157303370786
8e41cf,2018-08,0.0769230769230769
8e41cf,2018-09,0.0674157303370786
8e41cf,2018-10,0.0674157303370786
8e41cf,2018-11,0.0668529894140052
8e41cf,2018-12,0.0666666666666666
8e41cf,2019-01,0.0674157303370786
8e41cf,2019-02,0.2465753424657534
8e41cf,2019-03,0.3709677419354839
8e41cf,2019-04,0.3709677419354839
8e41cf,2019-05,0.4545454545454545
8e41cf,2019-06,0.4545454545454545
8e41cf,2019-07,0.4545454545454545
8e41cf,2019-08,0.4545454545454545
8e41cf,2019-09,0.4545454545454545
8e41cf,2019-10,0.3709677419354839
8e41cf,2019-11,0.4545454545454545
8e41cf,2019-12,0.5588235294117647
8e41cf,2020-01,0.4545454545454545
8e41cf,2020-02,0.4545454545454545
8e41cf,2020-03,0.5588235294117647
8e41cf,2020-04,0.8928571428571429
8e41cf,2020-05,0.8928571428571429
8e41cf,2020-06,0.8928571428571429
8e41cf,2020-07,0.6883927026176188
8e41cf,2020-08,0.6459705181090132
8e41cf,2020-09,0.5588235294117647
8e41cf,2020-10,0.5588235294117647
8e41cf,2020-11,0.8928571428571429
8e41cf,2020-12,0.8928571428571429
8e41cf,2021-01,0.5588235294117647
8e41cf,2021-02,0.5588235294117647
8e41cf,2021-03,0.5588235294117647
8e41cf,2021-04,0.5588235294117647
8e41cf,2021-05,0.4545454545454545
8e41cf,2021-06,0.4545454545454545
8e41cf,2021-07,0.2465753424657534
8e41cf,2021-08,0.3709677419354839
8e41cf,2021-09,0.2465753424657534
8e41cf,2021-10,0.5448425482103676
8e41cf,2021-11,0.2465753424657534
8e41cf,2021-12,0.3709677419354839
8e41cf,2022-01,0.4545454545454545
8e41cf,2022-02,0.5588235294117647
8e41cf,2022-03,0.4545454545454545
8e41cf,2022-04,0.4545454545454545
8e41cf,2022-05,0.4545454545454545
8e41cf,2022-06,0.3709677419354839
8e41cf,2022-07,0.4545454545454545
8e41cf,2022-08,0.5
8e41cf,2022-09,0.3846153846153846
8e41cf,2022-10,0.4545454545454545
8e41cf,2022-11,0.5588235294117647
8e41cf,2022-12,0.5588235294117647
8e41cf,2023-01,0.5588235294117647
8e41cf,2023-02,0.5588235294117647
8e41cf,2023-03,0.6666666666666666
8e41cf,2023-04,0.5588235294117647
8e41cf,2023-05,0.5588235294117647
8e41cf,2023-06,0.4545454545454545
8e41cf,2023-07,0.4545454545454545
8e41cf,2023-08,0.4545454545454545
8e41cf,2023-09,0.5588235294117647
8e41cf,2023-10,0.5950993637571024
8e41cf,2023-11,0.8928571428571429
8e41cf,2023-12,0.6744186046511629
8e41cf,2024-01,0.5588235294117647
8e41cf,2024-02,0.5588235294117647
8e41cf,2024-03,0.6708244434754761
8e41cf,2024-04,0.6744186046511629
8e41cf,2024-05,0.6744186046511629
8e41cf,2024-06,0.6744186046511629
8e41cf,2024-07,0.5588235294117647
8e41cf,2024-08,0.5588235294117647
8e41cf,2024-09,0.8928571428571429
8e41cf,2024-10,1.0
8e41cf,2024-11,0.8928571428571429
8e41cf,2024-12,0.8928571428571429
8e41cf,2025-01,0.8928571428571429
8e41cf,2025-02,0.8928571428571429
8e41cf,2025-03,0.8928571428571429
8e41cf,2025-04,0.8928571428571429
8e41cf,2025-05,0.9411764705882352
8e41cf,2025-06,0.8928571428571429
8e41cf,2025-07,0.8928571428571429
8e41cf,2025-08,0.5588235294117647
8ec563,2014-06,0.0454545454545454
8ec563,2014-07,0.0
8ec563,2014-08,0.0
8ec563,2014-09,0.0
8ec563,2014-10,0.0
8ec563,2014-11,0.0
8ec563,2014-12,0.0
8ec563,2015-01,0.0
8ec563,2015-02,0.0
8ec563,2015-03,0.0208333333333333
8ec563,2015-04,0.0638297872340425
8ec563,2015-05,0.0454545454545454
8ec563,2015-06,0.0208333333333333
8ec563,2015-07,0.0
8ec563,2015-08,0.0
8ec563,2015-09,0.0208333333333333
8ec563,2015-10,0.0638297872340425
8ec563,2015-11,0.0
8ec563,2015-12,0.0
8ec563,2016-01,0.0
8ec563,2016-02,0.0
8ec563,2016-03,0.0
8ec563,2016-04,0.0
8ec563,2016-05,0.0
8ec563,2016-06,0.2465753424657534
8ec563,2016-07,0.2465753424657534
8ec563,2016-08,0.3709677419354839
8ec563,2016-09,0.4545454545454545
8ec563,2016-10,0.4545454545454545
8ec563,2016-11,0.4545454545454545
8ec563,2016-12,0.4545454545454545
8ec563,2017-01,0.4545454545454545
8ec563,2017-02,0.4545454545454545
8ec563,2017-03,0.4545454545454545
8ec563,2017-04,0.3833424065457386
8ec563,2017-05,0.3709677419354839
8ec563,2017-06,0.3709677419354839
8ec563,2017-07,0.4285714285714285
8ec563,2017-08,0.4545454545454545
8ec563,2017-09,0.4545454545454545
8ec563,2017-10,0.3846153846153846
8ec563,2017-11,0.4285714285714285
8ec563,2017-12,0.5588235294117647
8ec563,2018-01,0.4545454545454545
8ec563,2018-02,0.2465753424657534
8ec563,2018-03,0.3709677419354839
8ec563,2018-04,0.3709677419354839
8ec563,2018-05,0.5588235294117647
8ec563,2018-06,0.5
8ec563,2018-07,0.5371983634338832
8ec563,2018-08,0.4545454545454545
8ec563,2018-09,0.5
8ec563,2018-10,0.5588235294117647
8ec563,2018-11,0.5
8ec563,2018-12,0.3709677419354839
8ec563,2019-01,0.4545454545454545
8ec563,2019-02,0.3709677419354839
8ec563,2019-03,0.3846153846153846
8ec563,2019-04,0.4285714285714285
8ec563,2019-05,0.4545454545454545
8ec563,2019-06,0.4545454545454545
8ec563,2019-07,0.8928571428571429
8ec563,2019-08,0.8
8ec563,2019-09,0.3709677419354839
8ec563,2019-10,0.4545454545454545
8ec563,2019-11,0.5
8ec563,2019-12,0.4545454545454545
8ec563,2020-01,0.8928571428571429
8ec563,2020-02,0.4545454545454545
8ec563,2020-03,0.8928571428571429
8ec563,2020-04,0.8928571428571429
8ec563,2020-05,0.8928571428571429
8ec563,2020-06,0.8928571428571429
8ec563,2020-07,0.8928571428571429
8ec563,2020-08,0.8928571428571429
8ec563,2020-09,0.8928571428571429
8ec563,2020-10,0.6744186046511629
8ec563,2020-11,0.5
8ec563,2020-12,0.8928571428571429
8ec563,2021-01,0.4545454545454545
8ec563,2021-02,0.2465753424657534
8ec563,2021-03,0.8928571428571429
8ec563,2021-04,0.8928571428571429
8ec563,2021-05,0.8928571428571429
8ec563,2021-06,0.4545454545454545
8ec563,2021-07,0.5588235294117647
8ec563,2021-08,0.6666666666666666
8ec563,2021-09,0.3709677419354839
8ec563,2021-10,0.3846153846153846
8ec563,2021-11,0.4545454545454545
8ec563,2021-12,0.4545454545454545
8ec563,2022-01,0.5588235294117647
8ec563,2022-02,0.3709677419354839
8ec563,2022-03,0.3709677419354839
8ec563,2022-04,0.2465753424657534
8ec563,2022-05,0.2465753424657534
8ec563,2022-06,0.3709677419354839
8ec563,2022-07,0.4545454545454545
8ec563,2022-08,0.4545454545454545
8ec563,2022-09,0.5588235294117647
8ec563,2022-10,0.4545454545454545
8ec563,2022-11,0.4545454545454545
8ec563,2022-12,0.8928571428571429
8ec563,2023-01,0.5588235294117647
8ec563,2023-02,0.5588235294117647
8ec563,2023-03,0.5588235294117647
8ec563,2023-04,0.8
8ec563,2023-05,0.8928571428571429
8ec563,2023-06,0.5588235294117647
8ec563,2023-07,0.5588235294117647
8ec563,2023-08,0.5588235294117647
8ec563,2023-09,0.6744186046511629
8ec563,2023-10,0.9411764705882352
8ec563,2023-11,0.8928571428571429
8ec563,2023-12,0.6744186046511629
8ec563,2024-01,0.6744186046511629
8ec563,2024-02,0.6744186046511629
8ec563,2024-03,0.6744186046511629
8ec563,2024-04,0.6744186046511629
8ec563,2024-05,0.8928571428571429
8ec563,2024-06,0.6744186046511629
8ec563,2024-07,0.6666666666666666
8ec563,2024-08,0.6744186046511629
8ec563,2024-09,0.8928571428571429
8ec563,2024-10,0.8928571428571429
8ec563,2024-11,0.8928571428571429
8ec563,2024-12,0.6744186046511629
8ec563,2025-01,0.8928571428571429
8ec563,2025-02,0.8928571428571429
8ec563,2025-03,0.8928571428571429
8ec563,2025-04,0.8928571428571429
8ec563,2025-05,0.8928571428571429
8ec563,2025-06,0.8928571428571429
8ec563,2025-07,0.8928571428571429
8ec563,2025-08,0.8928571428571429
8fabe0,2014-03,0.0
8fabe0,2014-04,0.0
8fabe0,2014-05,0.0
8fabe0,2014-06,0.0
8fabe0,2014-07,0.0208333333333333
8fabe0,2014-08,0.0208333333333333
8fabe0,2014-09,0.0
8fabe0,2014-10,0.0
8fabe0,2014-11,0.0208333333333333
8fabe0,2014-12,0.0
8fabe0,2015-01,0.0
8fabe0,2015-02,0.0208333333333333
8fabe0,2015-03,0.0
8fabe0,2015-04,0.0208333333333333
8fabe0,2015-05,0.0
8fabe0,2015-06,0.0
8fabe0,2015-07,0.0
8fabe0,2015-08,0.0
8fabe0,2015-09,0.0
8fabe0,2015-10,0.0
8fabe0,2015-11,0.0
8fabe0,2015-12,0.0
8fabe0,2016-01,0.0
8fabe0,2016-02,0.0
8fabe0,2016-03,0.0674157303370786
8fabe0,2016-04,0.2465753424657534
8fabe0,2016-05,0.2465753424657534
8fabe0,2016-06,0.2465753424657534
8fabe0,2016-07,0.2465753424657534
8fabe0,2016-08,0.2465753424657534
8fabe0,2016-09,0.1714285714285714
8fabe0,2016-10,0.2465753424657534
8fabe0,2016-11,0.2465753424657534
8fabe0,2016-12,0.2465753424657534
8fabe0,2017-01,0.2465753424657534
8fabe0,2017-02,0.1714285714285714
8fabe0,2017-03,0.3709677419354839
8fabe0,2017-04,0.1714285714285714
8fabe0,2017-05,0.3709677419354839
8fabe0,2017-06,0.3709677419354839
8fabe0,2017-07,0.3846153846153846
8fabe0,2017-08,0.4545454545454545
8fabe0,2017-09,0.3709677419354839
8fabe0,2017-10,0.2465753424657534
8fabe0,2017-11,0.2465753424657534
8fabe0,2017-12,0.2465753424657534
8fabe0,2018-01,0.0670053745474861
8fabe0,2018-02,0.0769230769230769
8fabe0,2018-03,0.3709677419354839
8fabe0,2018-04,0.0638297872340425
8fabe0,2018-05,0.0674157303370786
8fabe0,2018-06,0.0830882801426561
8fabe0,2018-07,0.6666666666666666
8fabe0,2018-08,0.4545454545454545
8fabe0,2018-10,0.6744186046511629
8fabe0,2018-11,0.8928571428571429
8fabe0,2018-12,0.4545454545454545
8fabe0,2019-01,0.6744186046511629
8fabe0,2019-02,0.8928571428571429
8fabe0,2019-03,0.8928571428571429
8fabe0,2019-04,0.5588235294117647
8fabe0,2019-05,0.8928571428571429
8fabe0,2019-06,0.5588235294117647
8fabe0,2019-07,0.5588235294117647
8fabe0,2019-08,0.8
8fabe0,2019-09,0.8928571428571429
8fabe0,2019-10,0.8928571428571429
8fabe0,2019-11,0.8928571428571429
8fabe0,2019-12,0.8928571428571429
8fabe0,2020-01,0.8928571428571429
8fabe0,2020-02,0.6744186046511629
8fabe0,2020-03,0.9411764705882352
8fabe0,2020-04,0.8928571428571429
8fabe0,2020-05,0.8928571428571429
8fabe0,2020-06,0.8928571428571429
8fabe0,2020-07,0.8928571428571429
8fabe0,2020-08,0.8928571428571429
8fabe0,2020-09,0.8928571428571429
8fabe0,2020-10,0.8928571428571429
8fabe0,2020-11,0.8928571428571429
8fabe0,2020-12,0.8928571428571429
8fabe0,2021-01,0.8928571428571429
8fabe0,2021-02,0.9411764705882352
8fabe0,2021-03,0.9411764705882352
8fabe0,2021-04,0.8928571428571429
8fabe0,2021-05,0.9411764705882352
8fabe0,2021-06,0.9411764705882352
8fabe0,2021-07,0.9411764705882352
8fabe0,2021-08,0.8928571428571429
8fabe0,2021-09,0.8928571428571429
8fabe0,2021-10,0.9411764705882352
8fabe0,2021-11,0.8928571428571429
8fabe0,2021-12,0.8928571428571429
8fabe0,2022-01,0.8928571428571429
8fabe0,2022-02,0.8928571428571429
8fabe0,2022-03,0.8928571428571429
8fabe0,2022-04,0.6744186046511629
8fabe0,2022-05,1.0
8fabe0,2022-06,0.8928571428571429
8fabe0,2022-07,0.6744186046511629
8fabe0,2022-08,0.8928571428571429
8fabe0,2022-09,0.8928571428571429
8fabe0,2022-10,0.8928571428571429
8fabe0,2022-11,0.8928571428571429
8fabe0,2022-12,0.8928571428571429
8fabe0,2023-01,0.8928571428571429
8fabe0,2023-02,0.5108717667435715
8fabe0,2023-03,0.8928571428571429
8fabe0,2023-04,0.6744186046511629
8fabe0,2023-05,0.9411764705882352
8fabe0,2023-06,0.5588235294117647
8fabe0,2023-07,0.8928571428571429
8fabe0,2023-08,0.8928571428571429
8fabe0,2023-09,1.0
8fabe0,2023-10,0.8928571428571429
8fabe0,2023-11,0.8
8fabe0,2023-12,1.0
8fabe0,2024-01,0.9411764705882352
8fabe0,2024-02,0.6744186046511629
8fabe0,2024-03,0.8928571428571429
8fabe0,2024-04,0.6744186046511629
8fabe0,2024-05,0.8928571428571429
8fabe0,2024-06,0.5588235294117647
8fabe0,2024-07,0.6666666666666666
8fabe0,2024-08,0.6744186046511629
8fabe0,2024-09,0.9411764705882352
8fabe0,2024-10,0.9411764705882352
8fabe0,2024-11,0.8928571428571429
8fabe0,2024-12,1.0
8fabe0,2025-01,1.0
8fabe0,2025-02,0.8928571428571429
8fabe0,2025-03,1.0
8fabe0,2025-04,0.8928571428571429
8fabe0,2025-05,0.6744186046511629
8fabe0,2025-06,0.6744186046511629
8fabe0,2025-07,0.8928571428571429
8fabe0,2025-08,0.9411764705882352
8fabe0,2025-09,0.8928571428571429
8fb6f0,2014-03,0.0
8fb6f0,2014-04,0.0666666666666666
8fb6f0,2014-05,0.0208333333333333
8fb6f0,2014-06,0.0638297872340425
8fb6f0,2014-07,0.0208333333333333
8fb6f0,2014-08,0.0208333333333333
8fb6f0,2014-09,0.0454545454545454
8fb6f0,2014-10,0.0
8fb6f0,2014-11,0.0
8fb6f0,2014-12,0.0
8fb6f0,2015-01,0.0
8fb6f0,2015-02,0.0
8fb6f0,2015-03,0.0
8fb6f0,2015-04,0.0
8fb6f0,2015-05,0.0
8fb6f0,2015-06,0.0208333333333333
8fb6f0,2015-07,0.0208333333333333
8fb6f0,2015-08,0.0208333333333333
8fb6f0,2015-09,0.0208333333333333
8fb6f0,2015-10,0.0
8fb6f0,2015-11,0.0
8fb6f0,2015-12,0.0
8fb6f0,2016-01,0.0
8fb6f0,2016-02,0.0
8fb6f0,2016-03,0.0674157303370786
8fb6f0,2016-04,0.0674157303370786
8fb6f0,2016-05,0.0674157303370786
8fb6f0,2016-06,0.1714285714285714
8fb6f0,2016-07,0.1714285714285714
8fb6f0,2016-08,0.1714285714285714
8fb6f0,2016-09,0.1428571428571428
8fb6f0,2016-10,0.1714285714285714
8fb6f0,2016-11,0.0769230769230769
8fb6f0,2016-12,0.1714285714285714
8fb6f0,2017-01,0.2465753424657534
8fb6f0,2017-02,0.2465753424657534
8fb6f0,2017-03,0.2465753424657534
8fb6f0,2017-04,0.0769230769230769
8fb6f0,2017-05,0.0674157303370786
8fb6f0,2017-06,0.0950423969113778
8fb6f0,2017-07,0.1514493795545689
8fb6f0,2017-08,0.0674157303370786
8fb6f0,2017-09,0.0674157303370786
8fb6f0,2017-10,0.0666666666666666
8fb6f0,2017-11,0.0638297872340425
8fb6f0,2017-12,0.0674157303370786
8fb6f0,2018-01,0.0674157303370786
8fb6f0,2018-02,0.0769230769230769
8fb6f0,2018-03,0.0674157303370786
8fb6f0,2018-04,0.0674157303370786
8fb6f0,2018-05,0.1714285714285714
8fb6f0,2018-06,0.1714285714285714
8fb6f0,2018-07,0.3709677419354839
8fb6f0,2018-08,0.3846153846153846
8fb6f0,2018-09,0.4545454545454545
8fb6f0,2018-10,0.4545454545454545
8fb6f0,2018-11,0.4545454545454545
8fb6f0,2018-12,0.3766938237107566
8fb6f0,2019-01,0.4545454545454545
8fb6f0,2019-02,0.4545454545454545
8fb6f0,2019-03,0.5588235294117647
8fb6f0,2019-04,0.5588235294117647
8fb6f0,2019-05,0.5
8fb6f0,2019-06,0.5588235294117647
8fb6f0,2019-07,0.6744186046511629
8fb6f0,2019-08,0.5588235294117647
8fb6f0,2019-09,0.8928571428571429
8fb6f0,2019-10,0.5588235294117647
8fb6f0,2019-11,0.6744186046511629
8fb6f0,2019-12,0.5588235294117647
8fb6f0,2020-01,0.8928571428571429
8fb6f0,2020-02,0.8928571428571429
8fb6f0,2020-03,0.8928571428571429
8fb6f0,2020-04,0.9411764705882352
8fb6f0,2020-05,0.8928571428571429
8fb6f0,2020-06,0.6744186046511629
8fb6f0,2020-07,0.8
8fb6f0,2020-08,0.5588235294117647
8fb6f0,2020-09,0.5
8fb6f0,2020-10,0.8928571428571429
8fb6f0,2020-11,0.5588235294117647
8fb6f0,2020-12,0.6666666666666666
8fb6f0,2021-01,0.4545454545454545
8fb6f0,2021-02,0.2465753424657534
8fb6f0,2021-03,0.5588235294117647
8fb6f0,2021-04,0.4545454545454545
8fb6f0,2021-05,0.2465753424657534
8fb6f0,2021-06,0.2465753424657534
8fb6f0,2021-07,0.0769230769230769
8fb6f0,2021-08,0.8928571428571429
8fb6f0,2021-09,0.8928571428571429
8fb6f0,2021-10,0.1714285714285714
8fb6f0,2021-11,0.2465753424657534
8fb6f0,2021-12,0.2465753424657534
8fb6f0,2022-01,0.2465753424657534
8fb6f0,2022-02,0.2465753424657534
8fb6f0,2022-03,0.4545454545454545
8fb6f0,2022-04,0.4545454545454545
8fb6f0,2022-05,0.8928571428571429
8fb6f0,2022-06,0.4545454545454545
8fb6f0,2022-07,0.8928571428571429
8fb6f0,2022-08,0.4545454545454545
8fb6f0,2022-09,0.4285714285714285
8fb6f0,2022-10,0.3822984821123483
8fb6f0,2022-11,0.3709677419354839
8fb6f0,2022-12,0.4545454545454545
8fb6f0,2023-01,0.4545454545454545
8fb6f0,2023-02,0.5588235294117647
8fb6f0,2023-03,0.4545454545454545
8fb6f0,2023-04,0.5
8fb6f0,2023-05,0.4545454545454545
8fb6f0,2023-06,0.5588235294117647
8fb6f0,2023-07,0.4545454545454545
8fb6f0,2023-08,0.4545454545454545
8fb6f0,2023-09,0.8928571428571429
8fb6f0,2023-10,0.4545454545454545
8fb6f0,2023-11,0.4545454545454545
8fb6f0,2023-12,0.8928571428571429
8fb6f0,2024-01,0.6666666666666666
8fb6f0,2024-02,0.6666666666666666
8fb6f0,2024-03,0.6744186046511629
8fb6f0,2024-04,0.6744186046511629
8fb6f0,2024-05,0.6744186046511629
8fb6f0,2024-06,0.5588235294117647
8fb6f0,2024-07,0.5588235294117647
8fb6f0,2024-08,0.5342653141702911
8fb6f0,2024-09,0.5588235294117647
8fb6f0,2024-10,0.5588235294117647
8fb6f0,2024-11,0.5588235294117647
8fb6f0,2024-12,0.6744186046511629
8fb6f0,2025-01,0.5588235294117647
8fb6f0,2025-02,0.5588235294117647
8fb6f0,2025-03,0.5588235294117647
8fb6f0,2025-04,0.6592542427663104
8fb6f0,2025-05,0.5588235294117647
8fb6f0,2025-06,0.4545454545454545
8fb6f0,2025-07,0.4545454545454545
8fb6f0,2025-08,0.5588235294117647
90abb1,2014-06,0.0674157303370786
90abb1,2014-07,0.0454545454545454
90abb1,2014-08,0.0638297872340425
90abb1,2014-09,0.0454545454545454
90abb1,2014-10,0.0638297872340425
90abb1,2014-11,0.0454545454545454
90abb1,2014-12,0.0208333333333333
90abb1,2015-01,0.0208333333333333
90abb1,2015-02,0.0208333333333333
90abb1,2015-03,0.0
90abb1,2015-04,0.0454545454545454
90abb1,2015-05,0.0
90abb1,2015-06,0.0
90abb1,2015-07,0.0
90abb1,2015-08,0.0
90abb1,2015-09,0.0
90abb1,2015-10,0.0
90abb1,2015-11,0.0208333333333333
90abb1,2015-12,0.0
90abb1,2016-01,0.0208333333333333
90abb1,2016-02,0.0208333333333333
90abb1,2016-03,0.0672064936137374
90abb1,2016-04,0.0674157303370786
90abb1,2016-05,0.0674157303370786
90abb1,2016-06,0.4545454545454545
90abb1,2016-07,0.5
90abb1,2016-08,0.5588235294117647
90abb1,2016-09,0.5588235294117647
90abb1,2016-10,0.5588235294117647
90abb1,2016-11,0.5588235294117647
90abb1,2016-12,0.5588235294117647
90abb1,2017-01,0.5588235294117647
90abb1,2017-02,0.3846153846153846
90abb1,2017-03,0.3709677419354839
90abb1,2017-04,0.2465753424657534
90abb1,2017-05,0.0769230769230769
90abb1,2017-06,0.2465753424657534
90abb1,2017-07,0.4282404952580029
90abb1,2017-08,0.3709677419354839
90abb1,2017-09,0.1714285714285714
90abb1,2017-10,0.2465753424657534
90abb1,2017-11,0.1714285714285714
90abb1,2017-12,0.2465753424657534
90abb1,2018-01,0.1714285714285714
90abb1,2018-02,0.0208333333333333
90abb1,2018-03,0.3709677419354839
90abb1,2018-04,0.0638297872340425
90abb1,2018-05,0.0666802209638237
90abb1,2018-06,0.0400812850593803
90abb1,2018-07,0.2465753424657534
90abb1,2018-08,0.2465753424657534
90abb1,2018-09,0.3709677419354839
90abb1,2018-10,0.5
90abb1,2018-11,0.4545454545454545
90abb1,2018-12,0.4545454545454545
90abb1,2019-01,0.5588235294117647
90abb1,2019-02,0.4545454545454545
90abb1,2019-03,0.4545454545454545
90abb1,2019-04,0.4545454545454545
90abb1,2019-05,0.5588235294117647
90abb1,2019-06,0.4545454545454545
90abb1,2019-07,0.4545454545454545
90abb1,2019-08,0.5588235294117647
90abb1,2019-09,0.4545454545454545
90abb1,2019-10,0.8928571428571429
90abb1,2019-11,0.8928571428571429
90abb1,2019-12,0.8928571428571429
90abb1,2020-01,0.9411764705882352
90abb1,2020-02,1.0
90abb1,2020-03,0.9411764705882352
90abb1,2020-04,0.9411764705882352
90abb1,2020-05,0.9411764705882352
90abb1,2020-06,0.6744186046511629
90abb1,2021-05,1.0
90abb1,2021-06,0.8928571428571429
90abb1,2021-07,0.5588235294117647
90abb1,2021-08,0.6744186046511629
90abb1,2021-09,0.8928571428571429
90abb1,2021-10,1.0
90abb1,2021-11,1.0
90abb1,2021-12,0.9411764705882352
90abb1,2022-01,0.9411764705882352
90abb1,2022-02,1.0
90abb1,2022-03,1.0
90abb1,2022-04,0.6744186046511629
90abb1,2022-05,0.6744186046511629
90abb1,2022-06,0.5588235294117647
90abb1,2022-07,0.8928571428571429
90abb1,2022-08,0.8928571428571429
90abb1,2022-09,0.8928571428571429
90abb1,2022-10,0.6744186046511629
90abb1,2022-11,0.9411764705882352
90abb1,2022-12,0.9411764705882352
90abb1,2023-01,0.9411764705882352
90abb1,2023-02,0.8928571428571429
90abb1,2023-03,1.0
90abb1,2023-04,0.8928571428571429
90abb1,2023-05,0.8928571428571429
90abb1,2023-06,0.6744186046511629
90abb1,2023-07,0.6744186046511629
90abb1,2023-08,0.8928571428571429
90abb1,2023-09,0.8
90abb1,2023-10,0.8928571428571429
90abb1,2023-11,0.8928571428571429
90abb1,2023-12,1.0
90abb1,2024-01,1.0
90abb1,2024-02,0.8928571428571429
90abb1,2024-03,1.0
90abb1,2024-04,0.8928571428571429
90abb1,2024-05,1.0
90abb1,2024-06,0.8928571428571429
90abb1,2024-07,0.8928571428571429
90abb1,2024-08,0.8928571428571429
90abb1,2024-09,0.8928571428571429
90abb1,2024-10,0.8928571428571429
90abb1,2024-11,0.8928571428571429
90abb1,2024-12,0.8928571428571429
90abb1,2025-01,1.0
90abb1,2025-02,0.8928571428571429
90abb1,2025-03,0.9411764705882352
90abb1,2025-04,0.8928571428571429
90abb1,2025-05,0.8928571428571429
90abb1,2025-06,0.8928571428571429
90abb1,2025-07,0.8928571428571429
90abb1,2025-08,0.8928571428571429
90abb1,2025-09,0.8928571428571429
92dcdd,2018-06,0.0454545454545454
92dcdd,2018-07,0.0454545454545454
92dcdd,2018-08,0.0454545454545454
92dcdd,2018-09,0.0087397628838416
92dcdd,2018-10,0.0638297872340425
92dcdd,2018-11,0.0454545454545454
92dcdd,2018-12,0.0
92dcdd,2019-01,0.0
92dcdd,2019-02,0.0
92dcdd,2019-03,0.0
92dcdd,2019-04,0.0
92dcdd,2019-05,0.0
92dcdd,2019-06,0.0
92dcdd,2019-07,0.0
92dcdd,2019-08,0.0
92dcdd,2019-09,0.0
92dcdd,2019-10,0.0
92dcdd,2019-11,0.0
92dcdd,2019-12,0.0
92dcdd,2020-01,0.0
92dcdd,2020-02,0.0
92dcdd,2020-03,0.0
92dcdd,2020-04,0.0
92dcdd,2020-05,0.0
92dcdd,2020-06,0.0674157303370786
92dcdd,2020-07,0.1714285714285714
92dcdd,2020-08,0.2465753424657534
92dcdd,2020-09,0.1428571428571428
92dcdd,2020-10,0.3709677419354839
92dcdd,2020-11,0.1714285714285714
92dcdd,2020-12,0.2465753424657534
92dcdd,2021-01,0.2465753424657534
92dcdd,2021-02,0.3709677419354839
92dcdd,2021-03,0.0769230769230769
92dcdd,2021-04,0.2465753424657534
92dcdd,2021-05,0.2465753424657534
92dcdd,2021-06,0.3709677419354839
92dcdd,2021-07,0.1714285714285714
92dcdd,2021-08,0.0674157303370786
92dcdd,2021-09,0.2465753424657534
92dcdd,2021-10,0.2465753424657534
92dcdd,2021-11,0.2465753424657534
92dcdd,2021-12,0.0674157303370786
92dcdd,2022-01,0.2465753424657534
92dcdd,2022-02,0.0674157303370786
92dcdd,2022-03,0.1428571428571428
92dcdd,2022-04,0.0674157303370786
92dcdd,2022-05,0.1714285714285714
92dcdd,2022-06,0.3960906647371502
92dcdd,2022-07,0.3709677419354839
92dcdd,2022-08,0.2465753424657534
92dcdd,2022-09,0.3843351015978766
92dcdd,2022-10,0.3709677419354839
92dcdd,2022-11,0.6744186046511629
92dcdd,2022-12,0.8928571428571429
92dcdd,2023-01,0.8928571428571429
92dcdd,2023-02,0.6744186046511629
92dcdd,2023-03,0.8928571428571429
92dcdd,2023-04,0.5588235294117647
92dcdd,2023-05,0.8928571428571429
92dcdd,2023-06,0.5588235294117647
92dcdd,2023-07,0.6744186046511629
92dcdd,2023-08,0.8928571428571429
92dcdd,2023-09,0.5588235294117647
92dcdd,2023-10,0.6666666666666666
92dcdd,2023-11,0.8928571428571429
92dcdd,2023-12,0.9411764705882352
92dcdd,2024-01,0.9411764705882352
92dcdd,2024-02,0.9411764705882352
92dcdd,2024-03,0.8928571428571429
92dcdd,2024-04,0.8928571428571429
92dcdd,2024-05,0.8928571428571429
92dcdd,2024-06,0.6744186046511629
92dcdd,2024-07,0.8928571428571429
92dcdd,2024-08,0.8928571428571429
92dcdd,2024-09,0.8928571428571429
92dcdd,2024-10,0.8928571428571429
92dcdd,2024-11,0.8928571428571429
92dcdd,2024-12,0.8928571428571429
92dcdd,2025-01,1.0
92dcdd,2025-02,0.8928571428571429
92dcdd,2025-03,0.8928571428571429
92dcdd,2025-04,0.8928571428571429
92dcdd,2025-05,0.8928571428571429
92dcdd,2025-06,0.6744186046511629
92dcdd,2025-07,0.8928571428571429
92dcdd,2025-08,0.6744186046511629
92dcdd,2025-09,0.8928571428571429
948a11,2021-12,0.0208333333333333
948a11,2022-01,0.0
948a11,2022-02,0.0
948a11,2022-03,0.0
948a11,2022-04,0.0
948a11,2022-05,0.0
948a11,2022-06,0.0
948a11,2022-07,0.0
948a11,2022-08,0.0
948a11,2022-09,0.0
948a11,2022-10,0.0
948a11,2022-11,0.0
948a11,2022-12,0.0
948a11,2023-01,0.0
948a11,2023-02,0.0208333333333333
948a11,2023-03,0.0
948a11,2023-04,0.0
948a11,2023-05,0.0
948a11,2023-06,0.0
948a11,2023-07,0.0
948a11,2023-08,0.0
948a11,2023-09,0.0
948a11,2023-10,0.0
948a11,2023-11,0.0638297872340425
948a11,2023-12,0.3709677419354839
948a11,2024-01,0.5588235294117647
948a11,2024-02,0.5588235294117647
948a11,2024-03,0.4545454545454545
948a11,2024-04,0.4285714285714285
948a11,2024-05,0.3709677419354839
948a11,2024-06,0.4545454545454545
948a11,2024-07,0.4545454545454545
948a11,2024-08,0.3709677419354839
948a11,2024-09,0.4067199227914537
948a11,2024-10,0.5588235294117647
948a11,2024-11,0.6666666666666666
948a11,2024-12,0.8928571428571429
948a11,2025-01,0.6666666666666666
948a11,2025-02,0.6744186046511629
948a11,2025-03,0.5588235294117647
948a11,2025-04,0.3709677419354839
948a11,2025-05,0.3709677419354839
948a11,2025-06,0.1714285714285714
948a11,2025-07,0.1714285714285714
948a11,2025-08,0.1714285714285714
94f933,2023-01,0.0674157303370786
94f933,2023-02,0.0954500425523086
94f933,2023-03,0.0674157303370786
94f933,2023-04,0.0208333333333333
94f933,2023-05,0.0208333333333333
94f933,2023-06,0.0208333333333333
94f933,2023-07,0.0
94f933,2023-08,0.0
94f933,2023-09,0.0
94f933,2023-10,0.0
94f933,2023-11,0.0
94f933,2023-12,0.0
94f933,2024-01,0.0
94f933,2024-02,0.0
94f933,2024-03,0.0
94f933,2024-04,0.0
94f933,2024-05,0.0
94f933,2024-06,0.0
94f933,2024-07,0.0
94f933,2024-08,0.0
94f933,2024-09,0.0
94f933,2024-10,0.0
94f933,2024-11,0.0
94f933,2024-12,0.0
94f933,2025-01,0.0638297872340425
94f933,2025-02,0.0666666666666666
94f933,2025-03,0.0674157303370786
94f933,2025-04,0.0769230769230769
94f933,2025-05,0.2465753424657534
94f933,2025-06,0.0769230769230769
94f933,2025-07,0.0769230769230769
94f933,2025-08,0.2465753424657534
94f933,2025-09,0.4285714285714285
987bc1,2014-11,0.0674157303370786
987bc1,2014-12,0.0
987bc1,2015-01,0.0
987bc1,2015-02,0.0
987bc1,2015-03,0.0
987bc1,2015-04,0.0208333333333333
987bc1,2015-06,0.0638297872340425
987bc1,2015-07,0.1428571428571428
987bc1,2015-08,0.0674157303370786
987bc1,2015-09,0.0208333333333333
987bc1,2015-10,0.0
987bc1,2015-11,0.0
987bc1,2015-12,0.0
987bc1,2016-01,0.0
987bc1,2016-02,0.0
987bc1,2016-03,0.0
987bc1,2016-04,0.0
987bc1,2016-05,0.0208333333333333
987bc1,2016-06,0.0674157303370786
987bc1,2016-07,0.0638297872340425
987bc1,2016-08,0.0638297872340425
987bc1,2016-09,0.0674157303370786
987bc1,2016-10,0.0674157303370786
987bc1,2016-11,0.4545454545454545
987bc1,2016-12,0.4545454545454545
987bc1,2017-01,0.5588235294117647
987bc1,2017-02,0.2465753424657534
987bc1,2017-03,0.4545454545454545
987bc1,2017-04,0.3709677419354839
987bc1,2017-05,0.3709677419354839
987bc1,2017-06,0.2465753424657534
987bc1,2017-07,0.2465753424657534
987bc1,2017-08,0.2465753424657534
987bc1,2017-09,0.1714285714285714
987bc1,2017-10,0.2465753424657534
987bc1,2017-11,0.2465753424657534
987bc1,2017-12,0.0811872048710704
987bc1,2018-01,0.0674157303370786
987bc1,2018-02,0.0208333333333333
987bc1,2018-03,0.1714285714285714
987bc1,2018-04,0.0
987bc1,2018-05,0.0208333333333333
987bc1,2018-06,0.0674157303370786
987bc1,2018-07,0.2465753424657534
987bc1,2018-08,0.2465753424657534
987bc1,2018-09,0.1115508884877451
987bc1,2018-10,0.2465753424657534
987bc1,2018-11,0.3709677419354839
987bc1,2018-12,0.0674157303370786
987bc1,2019-01,0.3839195555567479
987bc1,2019-02,0.4545454545454545
987bc1,2019-03,0.3813268802216405
987bc1,2019-04,0.2465753424657534
987bc1,2019-05,0.3709677419354839
987bc1,2019-06,0.4545454545454545
987bc1,2019-07,0.3709677419354839
987bc1,2019-08,0.3709677419354839
987bc1,2019-09,0.3709677419354839
987bc1,2019-10,0.3709677419354839
987bc1,2019-11,0.5588235294117647
987bc1,2019-12,0.5588235294117647
987bc1,2020-01,0.8928571428571429
987bc1,2020-02,0.5588235294117647
987bc1,2020-03,0.8928571428571429
987bc1,2020-04,0.8469996023372772
987bc1,2020-05,0.8928571428571429
987bc1,2020-06,0.8928571428571429
987bc1,2020-07,0.8928571428571429
987bc1,2020-08,0.4545454545454545
987bc1,2020-09,0.6744186046511629
987bc1,2020-10,0.8928571428571429
987bc1,2020-11,0.8928571428571429
987bc1,2020-12,0.6744186046511629
987bc1,2021-01,0.6836039099119603
987bc1,2021-02,0.8928571428571429
987bc1,2021-03,0.8928571428571429
987bc1,2021-04,0.8928571428571429
987bc1,2021-05,0.8928571428571429
987bc1,2021-06,0.9411764705882352
987bc1,2021-07,0.9411764705882352
987bc1,2021-08,0.8928571428571429
987bc1,2021-09,0.8928571428571429
987bc1,2021-10,0.8928571428571429
987bc1,2021-11,0.8928571428571429
987bc1,2021-12,0.8928571428571429
987bc1,2022-01,0.8928571428571429
987bc1,2022-02,0.5389479523715033
987bc1,2022-03,0.8928571428571429
987bc1,2022-04,0.5588235294117647
987bc1,2022-05,0.8928571428571429
987bc1,2022-06,0.6667464618466568
987bc1,2022-07,0.5588235294117647
987bc1,2022-08,0.5588235294117647
987bc1,2022-09,0.5
987bc1,2022-10,1.0
987bc1,2022-11,0.9411764705882352
987bc1,2022-12,0.8928571428571429
987bc1,2023-01,0.9411764705882352
987bc1,2023-02,0.6744186046511629
987bc1,2023-03,0.5588235294117647
987bc1,2023-04,0.5
987bc1,2023-05,0.5588235294117647
987bc1,2023-06,0.6744186046511629
987bc1,2023-07,0.8928571428571429
987bc1,2023-08,0.6744186046511629
987bc1,2023-09,0.6744186046511629
987bc1,2023-10,0.8928571428571429
987bc1,2023-11,1.0
987bc1,2023-12,1.0
987bc1,2024-01,1.0
987bc1,2024-02,1.0
987bc1,2024-03,0.9411764705882352
987bc1,2024-04,1.0
987bc1,2024-05,0.8928571428571429
987bc1,2024-06,0.8928571428571429
987bc1,2024-07,0.8928571428571429
987bc1,2024-08,0.8928571428571429
987bc1,2024-09,0.8928571428571429
987bc1,2024-10,0.8928571428571429
987bc1,2024-11,0.8928571428571429
987bc1,2024-12,0.8928571428571429
987bc1,2025-01,1.0
987bc1,2025-02,1.0
987bc1,2025-03,1.0
987bc1,2025-04,0.6744186046511629
987bc1,2025-05,0.8
987bc1,2025-06,0.6744186046511629
987bc1,2025-07,0.6744186046511629
987bc1,2025-08,0.6744186046511629
98a151,2014-03,0.0
98a151,2014-04,0.0
98a151,2014-05,0.0
98a151,2014-06,0.0208333333333333
98a151,2014-07,0.0
98a151,2014-08,0.0208333333333333
98a151,2014-09,0.0
98a151,2014-10,0.0
98a151,2014-11,0.0
98a151,2014-12,0.0
98a151,2015-01,0.0
98a151,2015-02,0.0
98a151,2015-03,0.0
98a151,2015-04,0.0208333333333333
98a151,2015-05,0.0
98a151,2015-06,0.0674157303370786
98a151,2015-07,0.0208333333333333
98a151,2015-08,0.0
98a151,2015-09,0.0208333333333333
98a151,2015-10,0.0208333333333333
98a151,2015-11,0.0
98a151,2015-12,0.0208333333333333
98a151,2016-01,0.0666666666666666
98a151,2016-02,0.0638297872340425
98a151,2016-03,0.2465753424657534
98a151,2016-04,0.1714285714285714
98a151,2016-05,0.0674157303370786
98a151,2016-06,0.2465753424657534
98a151,2016-07,0.4285714285714285
98a151,2016-08,0.2465753424657534
98a151,2016-09,0.2465753424657534
98a151,2016-10,0.1714285714285714
98a151,2016-11,0.3709677419354839
98a151,2016-12,0.4545454545454545
98a151,2017-01,0.4545454545454545
98a151,2017-02,0.1714285714285714
98a151,2017-03,0.2465753424657534
98a151,2017-04,0.1714285714285714
98a151,2017-05,0.2465753424657534
98a151,2017-06,0.2465753424657534
98a151,2017-07,0.3709677419354839
98a151,2017-08,0.3709677419354839
98a151,2017-09,0.4545454545454545
98a151,2017-10,0.4545454545454545
98a151,2017-11,0.4545454545454545
98a151,2017-12,0.5
98a151,2018-01,0.2465753424657534
98a151,2018-02,0.0769230769230769
98a151,2018-03,0.3709677419354839
98a151,2018-04,0.4545454545454545
98a151,2018-05,0.3709677419354839
98a151,2018-06,0.2465753424657534
98a151,2018-07,0.8
98a151,2018-08,0.8928571428571429
98a151,2018-09,0.5588235294117647
98a151,2018-10,0.5
98a151,2018-11,0.5
98a151,2018-12,0.4545454545454545
98a151,2019-01,0.4545454545454545
98a151,2019-02,0.3709677419354839
98a151,2019-03,0.3709677419354839
98a151,2019-04,0.4545454545454545
98a151,2019-05,0.4545454545454545
98a151,2019-06,0.4545454545454545
98a151,2019-07,0.6744186046511629
98a151,2019-08,0.4545454545454545
98a151,2019-09,0.6744186046511629
98a151,2019-10,0.8928571428571429
98a151,2019-11,0.8928571428571429
98a151,2019-12,0.8928571428571429
98a151,2020-01,0.8928571428571429
98a151,2020-02,0.8928571428571429
98a151,2020-03,0.8928571428571429
98a151,2020-04,0.8928571428571429
98a151,2020-05,0.8928571428571429
98a151,2020-06,0.8928571428571429
98a151,2020-07,0.9411764705882352
98a151,2020-08,0.9411764705882352
98a151,2020-09,0.9411764705882352
98a151,2020-10,0.9411764705882352
98a151,2020-11,0.8928571428571429
98a151,2020-12,0.8928571428571429
98a151,2021-01,0.8928571428571429
98a151,2021-02,0.8928571428571429
98a151,2021-03,0.8928571428571429
98a151,2021-04,0.8928571428571429
98a151,2021-05,0.5588235294117647
98a151,2021-06,1.0
98a151,2021-07,1.0
98a151,2021-08,1.0
98a151,2021-09,1.0
98a151,2021-10,1.0
98a151,2021-11,0.8928571428571429
98a151,2021-12,0.8928571428571429
98a151,2022-01,0.6666666666666666
98a151,2022-02,0.4545454545454545
98a151,2022-03,0.8928571428571429
98a151,2022-04,0.5588235294117647
98a151,2022-05,0.8928571428571429
98a151,2022-06,0.6744186046511629
98a151,2022-07,0.5
98a151,2022-08,0.4545454545454545
98a151,2022-09,0.4545454545454545
98a151,2022-10,0.5588235294117647
98a151,2022-11,0.5588235294117647
98a151,2022-12,0.6744186046511629
98a151,2023-01,0.5588235294117647
98a151,2023-02,0.5588235294117647
98a151,2023-03,0.8928571428571429
98a151,2023-04,0.8928571428571429
98a151,2023-05,0.8928571428571429
98a151,2023-06,0.5588235294117647
98a151,2023-07,0.6192420824841485
98a151,2023-08,0.5588235294117647
98a151,2023-09,0.8928571428571429
98a151,2023-10,0.6666666666666666
98a151,2023-11,0.7321257316546023
98a151,2023-12,0.5588235294117647
98a151,2024-01,0.8928571428571429
98a151,2024-02,0.6744186046511629
98a151,2024-03,0.5588235294117647
98a151,2024-04,0.5588235294117647
98a151,2024-05,0.5588235294117647
98a151,2024-06,0.5588235294117647
98a151,2024-07,0.8650273021199817
98a151,2024-08,0.9411764705882352
98a151,2024-09,0.8
98a151,2024-10,0.8
98a151,2024-11,0.8928571428571429
98a151,2024-12,0.8928571428571429
98a151,2025-01,0.8928571428571429
98a151,2025-02,0.6744186046511629
98a151,2025-03,0.8744149314889318
98a151,2025-04,0.6744186046511629
98a151,2025-05,0.6744186046511629
98a151,2025-06,0.6744186046511629
98a151,2025-07,1.0
98a151,2025-08,0.8928571428571429
99c11c,2016-04,0.0666666666666666
99c11c,2016-05,0.0638297872340425
99c11c,2016-06,0.0
99c11c,2016-07,0.0
99c11c,2016-08,0.0
99c11c,2016-09,0.0
99c11c,2016-10,0.0
99c11c,2016-11,0.0
99c11c,2016-12,0.0
99c11c,2017-02,0.0
99c11c,2017-04,0.0
99c11c,2017-05,0.0
99c11c,2017-06,0.0
99c11c,2017-08,0.0
99c11c,2017-09,0.0
99c11c,2017-10,0.0
99c11c,2017-11,0.0
99c11c,2017-12,0.0
99c11c,2018-01,0.0
99c11c,2018-02,0.0
99c11c,2018-03,0.0
99c11c,2018-04,0.0208333333333333
99c11c,2018-05,0.0638297872340425
99c11c,2018-06,0.0638297872340425
99c11c,2018-07,0.3709677419354839
99c11c,2018-08,0.1714285714285714
99c11c,2018-09,0.0674157303370786
99c11c,2018-10,0.1428571428571428
99c11c,2018-11,0.1109962584813866
99c11c,2018-12,0.1714285714285714
99c11c,2019-01,0.1714285714285714
99c11c,2019-02,0.2465753424657534
99c11c,2019-03,0.2465753424657534
99c11c,2019-04,0.2465753424657534
99c11c,2019-05,0.2465753424657534
99c11c,2019-06,0.2465753424657534
99c11c,2019-07,0.2465753424657534
99c11c,2019-08,0.2465753424657534
99c11c,2019-09,0.2465753424657534
99c11c,2019-10,0.0674157303370786
99c11c,2019-11,0.0674157303370786
99c11c,2019-12,0.0674157303370786
99c11c,2020-01,0.3709677419354839
99c11c,2020-02,0.0674157303370786
99c11c,2020-03,0.2465753424657534
99c11c,2020-04,0.4545454545454545
99c11c,2020-05,0.4545454545454545
99c11c,2020-06,0.3709677419354839
99c11c,2020-07,0.4545454545454545
99c11c,2020-08,0.4545454545454545
99c11c,2020-09,0.2465753424657534
99c11c,2020-10,0.2465753424657534
99c11c,2020-11,0.2465753424657534
99c11c,2020-12,0.4545454545454545
99c11c,2021-01,0.2465753424657534
99c11c,2021-02,0.2465753424657534
99c11c,2021-03,0.5588235294117647
99c11c,2021-04,0.4545454545454545
99c11c,2021-05,0.5588235294117647
99c11c,2021-06,0.4285714285714285
99c11c,2021-07,0.6744186046511629
99c11c,2021-08,0.3846153846153846
99c11c,2021-09,0.3709677419354839
99c11c,2021-10,0.4545454545454545
99c11c,2021-11,0.4545454545454545
99c11c,2021-12,0.4545454545454545
99c11c,2022-01,0.6744186046511629
99c11c,2022-02,0.6744186046511629
99c11c,2022-03,0.4285714285714285
99c11c,2022-04,0.4545454545454545
99c11c,2022-05,0.6744186046511629
99c11c,2022-06,0.501486517602531
99c11c,2022-07,0.6744186046511629
99c11c,2022-08,0.8928571428571429
99c11c,2022-09,0.6744186046511629
99c11c,2022-10,0.3709677419354839
99c11c,2022-11,0.3709677419354839
99c11c,2022-12,0.3709677419354839
99c11c,2023-01,0.3709677419354839
99c11c,2023-02,0.3709677419354839
99c11c,2023-03,0.2465753424657534
99c11c,2023-04,0.2465753424657534
99c11c,2023-05,0.3709677419354839
99c11c,2023-06,0.3709677419354839
99c11c,2023-07,0.4545454545454545
99c11c,2023-08,0.4545454545454545
99c11c,2023-09,0.4545454545454545
99c11c,2023-10,0.4545454545454545
99c11c,2023-11,0.4545454545454545
99c11c,2023-12,0.8928571428571429
99c11c,2024-01,0.8928571428571429
99c11c,2024-02,0.8928571428571429
99c11c,2024-03,0.4545454545454545
99c11c,2024-04,0.4545454545454545
99c11c,2024-05,0.4545454545454545
99c11c,2024-06,0.4545454545454545
99c11c,2024-07,0.4545454545454545
99c11c,2024-08,0.4545454545454545
99c11c,2024-09,0.4545454545454545
99c11c,2024-10,0.5588235294117647
99c11c,2024-11,0.4285714285714285
99c11c,2024-12,0.8928571428571429
99c11c,2025-01,0.8928571428571429
99c11c,2025-02,0.6744186046511629
99c11c,2025-03,0.6744186046511629
99c11c,2025-04,0.6666666666666666
99c11c,2025-05,0.5588235294117647
99c11c,2025-06,0.6666666666666666
99c11c,2025-07,0.6744186046511629
99c11c,2025-08,0.6744186046511629
99c11c,2025-09,0.8
9af74c,2014-05,0.0208333333333333
9af74c,2014-06,0.0454545454545454
9af74c,2014-07,0.0454545454545454
9af74c,2014-08,0.0638297872340425
9af74c,2014-09,0.0454545454545454
9af74c,2014-10,0.0638297872340425
9af74c,2014-11,0.0454545454545454
9af74c,2014-12,0.0208333333333333
9af74c,2015-01,0.0
9af74c,2015-02,0.0
9af74c,2015-03,0.0208333333333333
9af74c,2015-04,0.0674157303370786
9af74c,2015-05,0.0454545454545454
9af74c,2015-06,0.0208333333333333
9af74c,2015-07,0.0
9af74c,2015-08,0.0208333333333333
9af74c,2015-09,0.0
9af74c,2015-10,0.0208333333333333
9af74c,2015-11,0.0208333333333333
9af74c,2015-12,0.0208333333333333
9af74c,2016-01,0.0638297872340425
9af74c,2016-02,0.0208333333333333
9af74c,2016-03,0.0666666666666666
9af74c,2016-04,0.0669407931841002
9af74c,2016-05,0.4545454545454545
9af74c,2016-06,0.4545454545454545
9af74c,2016-07,0.4545454545454545
9af74c,2016-08,0.4545454545454545
9af74c,2016-09,0.4545454545454545
9af74c,2016-10,0.4545454545454545
9af74c,2016-11,0.4545454545454545
9af74c,2016-12,0.4545454545454545
9af74c,2017-01,0.4545454545454545
9af74c,2017-02,0.4545454545454545
9af74c,2017-03,0.4545454545454545
9af74c,2017-04,0.4285714285714285
9af74c,2017-05,0.2465753424657534
9af74c,2017-06,0.0674157303370786
9af74c,2017-07,0.0769230769230769
9af74c,2017-08,0.2465753424657534
9af74c,2017-09,0.2465753424657534
9af74c,2017-10,0.3709677419354839
9af74c,2017-11,0.3709677419354839
9af74c,2017-12,0.2465753424657534
9af74c,2018-01,0.2465753424657534
9af74c,2018-02,0.0674157303370786
9af74c,2018-03,0.3709677419354839
9af74c,2018-04,0.0648014728877401
9af74c,2018-05,0.0666666666666666
9af74c,2018-06,0.0638297872340425
9af74c,2018-07,0.3709677419354839
9af74c,2018-08,0.4545454545454545
9af74c,2018-09,0.4545454545454545
9af74c,2018-10,0.3846153846153846
9af74c,2018-11,0.4545454545454545
9af74c,2018-12,0.4545454545454545
9af74c,2019-01,0.5588235294117647
9af74c,2019-02,0.3709677419354839
9af74c,2019-03,0.8928571428571429
9af74c,2019-04,0.5588235294117647
9af74c,2019-05,0.3709677419354839
9af74c,2019-06,0.2465753424657534
9af74c,2019-07,0.3783155324872982
9af74c,2019-08,0.5588235294117647
9af74c,2019-09,0.4779031493668358
9af74c,2019-10,0.8928571428571429
9af74c,2019-11,0.9411764705882352
9af74c,2019-12,0.8928571428571429
9af74c,2020-01,1.0
9af74c,2020-02,1.0
9af74c,2020-03,1.0
9af74c,2020-04,1.0
9af74c,2020-05,1.0
9af74c,2020-06,1.0
9af74c,2020-07,1.0
9af74c,2020-08,1.0
9af74c,2020-09,1.0
9af74c,2020-10,0.9411764705882352
9af74c,2020-11,1.0
9af74c,2020-12,1.0
9af74c,2021-01,1.0
9af74c,2021-02,1.0
9af74c,2021-03,1.0
9af74c,2021-04,1.0
9af74c,2021-05,0.9411764705882352
9af74c,2021-06,0.9411764705882352
9af74c,2021-07,0.6666666666666666
9af74c,2021-08,0.6744186046511629
9af74c,2021-09,0.8928571428571429
9af74c,2021-10,0.9411764705882352
9af74c,2021-11,0.8928571428571429
9af74c,2021-12,0.9411764705882352
9af74c,2022-01,0.8928571428571429
9af74c,2022-02,0.9411764705882352
9af74c,2022-03,1.0
9af74c,2022-04,0.5588235294117647
9af74c,2022-05,0.4545454545454545
9af74c,2022-06,0.5588235294117647
9af74c,2022-07,0.5588235294117647
9af74c,2022-08,0.8928571428571429
9af74c,2022-09,0.5588235294117647
9af74c,2022-10,0.6744186046511629
9af74c,2022-11,0.967793401974696
9af74c,2022-12,0.9411764705882352
9af74c,2023-01,0.8928571428571429
9af74c,2023-02,0.5
9af74c,2023-03,0.8928571428571429
9af74c,2023-04,0.8928571428571429
9af74c,2023-05,0.8928571428571429
9af74c,2023-06,0.8928571428571429
9af74c,2023-07,0.8928571428571429
9af74c,2023-08,0.8928571428571429
9af74c,2023-09,0.8928571428571429
9af74c,2023-10,0.8928571428571429
9af74c,2023-11,0.8928571428571429
9af74c,2023-12,0.8928571428571429
9af74c,2024-01,0.8928571428571429
9af74c,2024-02,0.9411764705882352
9af74c,2024-03,1.0
9af74c,2024-04,1.0
9af74c,2024-05,0.8928571428571429
9af74c,2024-06,0.8928571428571429
9af74c,2024-07,0.8928571428571429
9af74c,2024-08,0.8928571428571429
9af74c,2024-09,0.8928571428571429
9af74c,2024-10,0.8928571428571429
9af74c,2024-11,0.9411764705882352
9af74c,2024-12,0.9411764705882352
9af74c,2025-01,1.0
9af74c,2025-02,0.8928571428571429
9af74c,2025-03,0.9411764705882352
9af74c,2025-04,0.8928571428571429
9af74c,2025-05,1.0
9af74c,2025-06,0.8928571428571429
9af74c,2025-07,0.8928571428571429
9af74c,2025-08,0.8928571428571429
9af74c,2025-09,1.0
9b3bd5,2024-12,0.0208333333333333
9b3bd5,2025-01,0.0208333333333333
9b3bd5,2025-02,0.0208333333333333
9b3bd5,2025-03,0.0
9b3bd5,2025-04,0.0
9b3bd5,2025-05,0.0
9b3bd5,2025-06,0.0208333333333333
9b3bd5,2025-07,0.0208333333333333
9b3bd5,2025-08,0.0208333333333333
9b46ed,2014-12,0.0208333333333333
9b46ed,2015-01,0.0208333333333333
9b46ed,2015-02,0.0208333333333333
9b46ed,2015-03,0.0208333333333333
9b46ed,2015-04,0.0104723291536504
9b46ed,2015-05,0.0
9b46ed,2015-06,0.0
9b46ed,2015-07,0.0
9b46ed,2015-08,0.0
9b46ed,2015-09,0.0
9b46ed,2015-10,0.0
9b46ed,2015-11,0.0
9b46ed,2015-12,0.0
9b46ed,2016-01,0.0
9b46ed,2016-02,0.0
9b46ed,2016-03,0.0
9b46ed,2016-04,0.0
9b46ed,2016-05,0.0
9b46ed,2016-06,0.0
9b46ed,2016-07,0.0
9b46ed,2016-08,0.0208333333333333
9b46ed,2016-09,0.0208333333333333
9b46ed,2016-10,0.0208333333333333
9b46ed,2016-11,0.0454545454545454
9b46ed,2016-12,0.3354834226458824
9b46ed,2017-01,0.3709677419354839
9b46ed,2017-02,0.3709677419354839
9b46ed,2017-03,0.3709677419354839
9b46ed,2017-04,0.2465753424657534
9b46ed,2017-05,0.2465753424657534
9b46ed,2017-06,0.3709677419354839
9b46ed,2017-07,0.4545454545454545
9b46ed,2017-08,0.4545454545454545
9b46ed,2017-09,0.3709677419354839
9b46ed,2017-10,0.3709677419354839
9b46ed,2017-11,0.3709677419354839
9b46ed,2017-12,0.3709677419354839
9b46ed,2018-01,0.2465753424657534
9b46ed,2018-02,0.0674157303370786
9b46ed,2018-03,0.0674157303370786
9b46ed,2018-04,0.1714285714285714
9b46ed,2018-05,0.0674157303370786
9b46ed,2018-06,0.2465753424657534
9b46ed,2018-07,0.3709677419354839
9b46ed,2018-08,0.3709677419354839
9b46ed,2018-09,0.0769230769230769
9b46ed,2018-10,0.3709677419354839
9b46ed,2018-11,0.3709677419354839
9b46ed,2018-12,0.0674157303370786
9b46ed,2019-01,0.0674157303370786
9b46ed,2019-02,0.0638297872340425
9b46ed,2019-03,0.0674157303370786
9b46ed,2019-04,0.2465753424657534
9b46ed,2019-05,0.1428571428571428
9b46ed,2019-06,0.0674157303370786
9b46ed,2019-07,0.3709677419354839
9b46ed,2019-08,0.0674157303370786
9b46ed,2019-09,0.1714285714285714
9b46ed,2019-10,0.3709677419354839
9b46ed,2019-11,0.4545454545454545
9b46ed,2019-12,0.4545454545454545
9b46ed,2020-01,0.4545454545454545
9b46ed,2020-02,0.5588235294117647
9b46ed,2020-03,0.6744186046511629
9b46ed,2020-04,0.4545454545454545
9b46ed,2020-05,0.3709677419354839
9b46ed,2020-06,0.8928571428571429
9b46ed,2020-07,0.4545454545454545
9b46ed,2020-08,0.8928571428571429
9b46ed,2020-09,0.8928571428571429
9b46ed,2020-10,0.8928571428571429
9b46ed,2020-11,0.8928571428571429
9b46ed,2020-12,0.8928571428571429
9b46ed,2021-01,0.8928571428571429
9b46ed,2021-02,0.6744186046511629
9b46ed,2021-03,0.5588235294117647
9b46ed,2021-04,0.5588235294117647
9b46ed,2021-05,0.8928571428571429
9b46ed,2021-06,0.4545454545454545
9b46ed,2021-07,0.6744186046511629
9b46ed,2021-08,0.5588235294117647
9b46ed,2021-09,0.8928571428571429
9b46ed,2021-10,0.8928571428571429
9b46ed,2021-11,0.8928571428571429
9b46ed,2021-12,0.5588235294117647
9b46ed,2022-01,0.3709677419354839
9b46ed,2022-02,0.2465753424657534
9b46ed,2022-03,0.4545454545454545
9b46ed,2022-04,0.5588235294117647
9b46ed,2022-05,0.2465753424657534
9b46ed,2022-06,0.1714285714285714
9b46ed,2022-07,0.6744186046511629
9b46ed,2022-08,0.8928571428571429
9b46ed,2022-09,0.2465753424657534
9b46ed,2022-10,0.2465753424657534
9b46ed,2022-11,0.4545454545454545
9b46ed,2022-12,0.3826948850011221
9b46ed,2023-01,0.3709677419354839
9b46ed,2023-02,0.4451368818396288
9b46ed,2023-03,0.3709677419354839
9b46ed,2023-04,0.4545454545454545
9b46ed,2023-05,0.4545454545454545
9b46ed,2023-06,0.4545454545454545
9b46ed,2023-07,0.8928571428571429
9b46ed,2023-08,0.3846153846153846
9b46ed,2023-09,0.4495659059223266
9b46ed,2023-10,0.5588235294117647
9b46ed,2023-11,0.6666666666666666
9b46ed,2023-12,1.0
9b46ed,2024-01,1.0
9b46ed,2024-02,0.9411764705882352
9b46ed,2024-03,0.8928571428571429
9b46ed,2024-04,0.8928571428571429
9b46ed,2024-05,0.9411764705882352
9b46ed,2024-06,0.8928571428571429
9b46ed,2024-07,0.4545454545454545
9b46ed,2024-08,0.8928571428571429
9b46ed,2024-09,0.5
9b46ed,2024-10,0.4545454545454545
9b46ed,2024-11,0.4545454545454545
9b46ed,2024-12,0.5588235294117647
9b46ed,2025-01,0.8928571428571429
9b46ed,2025-02,0.5588235294117647
9b46ed,2025-03,0.8928571428571429
9b46ed,2025-04,0.5588235294117647
9b46ed,2025-05,0.5588235294117647
9b46ed,2025-06,0.6744186046511629
9b46ed,2025-07,0.4545454545454545
9b46ed,2025-08,0.4545454545454545
9b46ed,2025-09,0.6744186046511629
9befc8,2014-11,0.0
9befc8,2014-12,0.0
9befc8,2015-01,0.0
9befc8,2015-02,0.0
9befc8,2015-03,0.0
9befc8,2015-04,0.0
9befc8,2015-05,0.0208333333333333
9befc8,2015-06,0.0208333333333333
9befc8,2015-07,0.0208333333333333
9befc8,2015-08,0.0208333333333333
9befc8,2015-09,0.0
9befc8,2015-10,0.0
9befc8,2015-11,0.0
9befc8,2015-12,0.0
9befc8,2016-01,0.0
9befc8,2016-02,0.0
9befc8,2016-03,0.0
9befc8,2016-04,0.0
9befc8,2016-05,0.0
9befc8,2016-06,0.0
9befc8,2016-07,0.0208333333333333
9befc8,2016-08,0.0
9befc8,2016-09,0.0208333333333333
9befc8,2016-10,0.0
9befc8,2016-11,0.0674157303370786
9befc8,2016-12,0.0638297872340425
9befc8,2017-01,0.0674157303370786
9befc8,2017-02,0.0674157303370786
9befc8,2017-03,0.0769230769230769
9befc8,2017-04,0.2465753424657534
9befc8,2017-05,0.0769230769230769
9befc8,2017-06,0.2465753424657534
9befc8,2017-07,0.2465753424657534
9befc8,2017-08,0.2465753424657534
9befc8,2017-09,0.2465753424657534
9befc8,2017-10,0.3709677419354839
9befc8,2017-11,0.2465753424657534
9befc8,2017-12,0.0769230769230769
9befc8,2018-01,0.1714285714285714
9befc8,2018-02,0.0818210522782388
9befc8,2018-03,0.2465753424657534
9befc8,2018-04,0.2465753424657534
9befc8,2018-05,0.1714285714285714
9befc8,2018-06,0.2465753424657534
9befc8,2018-07,0.2465753424657534
9befc8,2018-08,0.3709677419354839
9befc8,2018-09,0.1714285714285714
9befc8,2018-10,0.1714285714285714
9befc8,2018-11,0.0674157303370786
9befc8,2018-12,0.0769230769230769
9befc8,2019-01,0.0666666666666666
9befc8,2019-02,0.2465753424657534
9befc8,2019-03,0.2465753424657534
9befc8,2019-04,0.3709677419354839
9befc8,2019-05,0.4545454545454545
9befc8,2019-06,0.4545454545454545
9befc8,2019-07,0.4545454545454545
9befc8,2019-08,0.4545454545454545
9befc8,2019-09,0.4545454545454545
9befc8,2019-10,0.3709677419354839
9befc8,2019-11,0.3846153846153846
9befc8,2019-12,0.3709677419354839
9befc8,2020-01,0.3709677419354839
9befc8,2020-02,0.3709677419354839
9befc8,2020-03,0.4545454545454545
9befc8,2020-04,0.8928571428571429
9befc8,2020-05,0.8928571428571429
9befc8,2020-06,0.6744186046511629
9befc8,2020-07,0.5588235294117647
9befc8,2020-08,0.5588235294117647
9befc8,2020-09,0.5588235294117647
9befc8,2020-10,0.8928571428571429
9befc8,2020-11,0.8928571428571429
9befc8,2020-12,0.5588235294117647
9befc8,2021-01,0.5588235294117647
9befc8,2021-02,0.3846153846153846
9befc8,2021-03,0.5052357200373647
9befc8,2021-04,0.4545454545454545
9befc8,2021-05,0.4545454545454545
9befc8,2021-06,0.3709677419354839
9befc8,2021-07,0.3709677419354839
9befc8,2021-08,0.3709677419354839
9befc8,2021-09,0.4545454545454545
9befc8,2021-10,0.2465753424657534
9befc8,2021-11,0.3709677419354839
9befc8,2021-12,0.8928571428571429
9befc8,2022-01,0.4545454545454545
9befc8,2022-02,0.2465753424657534
9befc8,2022-03,0.3709677419354839
9befc8,2022-04,0.2465753424657534
9befc8,2022-05,0.4285714285714285
9befc8,2022-06,0.4545454545454545
9befc8,2022-07,0.3709677419354839
9befc8,2022-08,0.4545454545454545
9befc8,2022-09,0.2465753424657534
9befc8,2022-10,0.3709677419354839
9befc8,2022-11,0.4158856510197005
9befc8,2022-12,0.3709677419354839
9befc8,2023-01,0.6744186046511629
9befc8,2023-02,0.4545454545454545
9befc8,2023-03,0.4545454545454545
9befc8,2023-04,0.4545454545454545
9befc8,2023-05,0.8928571428571429
9befc8,2023-06,0.3709677419354839
9befc8,2023-07,0.3709677419354839
9befc8,2023-08,0.5588235294117647
9befc8,2023-09,0.3846296526699113
9befc8,2023-10,0.5588235294117647
9befc8,2023-11,0.3709677419354839
9befc8,2023-12,0.4545454545454545
9befc8,2024-01,0.8928571428571429
9befc8,2024-02,0.6744186046511629
9befc8,2024-03,0.5052892163080602
9befc8,2024-04,0.5588235294117647
9befc8,2024-05,0.6666666666666666
9befc8,2024-06,0.5588235294117647
9befc8,2024-07,0.5588235294117647
9befc8,2024-08,0.4545454545454545
9befc8,2024-09,0.5588235294117647
9befc8,2024-10,1.0
9befc8,2024-11,0.5588235294117647
9befc8,2024-12,0.5588235294117647
9befc8,2025-01,0.5588235294117647
9befc8,2025-02,0.6744186046511629
9befc8,2025-03,0.6744186046511629
9befc8,2025-04,0.6744186046511629
9befc8,2025-05,0.6744186046511629
9befc8,2025-06,0.5588235294117647
9befc8,2025-07,0.6744186046511629
9befc8,2025-08,0.9411764705882352
9cf1af,2022-01,0.0674157303370786
9cf1af,2022-02,0.0638297872340425
9cf1af,2022-03,0.0638297872340425
9cf1af,2022-04,0.0638297872340425
9cf1af,2022-05,0.0666666666666666
9cf1af,2022-06,0.0674157303370786
9cf1af,2022-07,0.0638297872340425
9cf1af,2022-08,0.0
9cf1af,2022-09,0.0
9cf1af,2022-10,0.0
9cf1af,2022-11,0.0
9cf1af,2022-12,0.0
9cf1af,2023-01,0.0
9cf1af,2023-02,0.0
9cf1af,2023-03,0.0
9cf1af,2023-04,0.0
9cf1af,2023-05,0.0
9cf1af,2023-06,0.0
9cf1af,2023-07,0.0208333333333333
9cf1af,2023-08,0.0208333333333333
9cf1af,2023-09,0.0
9cf1af,2023-10,0.0
9cf1af,2023-11,0.0
9cf1af,2023-12,0.0
9cf1af,2024-01,0.2465753424657534
9cf1af,2024-02,0.1714285714285714
9cf1af,2024-03,0.1163900110321147
9cf1af,2024-04,0.2465753424657534
9cf1af,2024-05,0.3709677419354839
9cf1af,2024-06,0.3709677419354839
9cf1af,2024-07,0.3709677419354839
9cf1af,2024-08,0.3709677419354839
9cf1af,2024-09,0.3709677419354839
9cf1af,2024-10,0.5588235294117647
9cf1af,2024-11,0.4545454545454545
9cf1af,2024-12,0.4545454545454545
9cf1af,2025-01,0.500416495417902
9cf1af,2025-02,0.4545454545454545
9cf1af,2025-03,0.4545454545454545
9cf1af,2025-04,0.3709677419354839
9cf1af,2025-05,0.4545454545454545
9cf1af,2025-06,0.5588235294117647
9cf1af,2025-07,0.2465753424657534
9cf1af,2025-08,0.2465753424657534
9f1aa0,2014-03,0.0
9f1aa0,2014-04,0.0
9f1aa0,2014-05,0.0
9f1aa0,2014-06,0.0208333333333333
9f1aa0,2014-07,0.0208333333333333
9f1aa0,2014-08,0.0208333333333333
9f1aa0,2014-09,0.0
9f1aa0,2014-10,0.0
9f1aa0,2014-11,0.0
9f1aa0,2014-12,0.0
9f1aa0,2015-01,0.0
9f1aa0,2015-02,0.0
9f1aa0,2015-03,0.0
9f1aa0,2015-04,0.0674157303370786
9f1aa0,2015-05,0.0769230769230769
9f1aa0,2015-06,0.0674157303370786
9f1aa0,2015-07,0.0638297872340425
9f1aa0,2015-08,0.0208333333333333
9f1aa0,2015-09,0.0
9f1aa0,2015-10,0.0
9f1aa0,2015-11,0.0
9f1aa0,2015-12,0.0
9f1aa0,2016-01,0.0
9f1aa0,2016-02,0.0
9f1aa0,2016-03,0.2465753424657534
9f1aa0,2016-04,0.4285714285714285
9f1aa0,2016-05,0.3709677419354839
9f1aa0,2016-06,0.4545454545454545
9f1aa0,2016-07,0.3709677419354839
9f1aa0,2016-08,0.3709677419354839
9f1aa0,2016-09,0.4545454545454545
9f1aa0,2016-10,0.4545454545454545
9f1aa0,2016-11,0.4545454545454545
9f1aa0,2016-12,0.4545454545454545
9f1aa0,2017-01,0.4545454545454545
9f1aa0,2017-02,0.3222265669310081
9f1aa0,2017-03,0.2465753424657534
9f1aa0,2017-04,0.2465753424657534
9f1aa0,2017-05,0.3709677419354839
9f1aa0,2017-06,0.3709677419354839
9f1aa0,2017-07,0.3709677419354839
9f1aa0,2017-08,0.3709677419354839
9f1aa0,2017-09,0.3709677419354839
9f1aa0,2017-10,0.3709677419354839
9f1aa0,2017-11,0.3709677419354839
9f1aa0,2017-12,0.4285714285714285
9f1aa0,2018-01,0.3846153846153846
9f1aa0,2018-02,0.3709677419354839
9f1aa0,2018-03,0.3709677419354839
9f1aa0,2018-04,0.2465753424657534
9f1aa0,2018-05,0.2465753424657534
9f1aa0,2018-06,0.2465753424657534
9f1aa0,2018-07,0.5588235294117647
9f1aa0,2018-08,0.5
9f1aa0,2018-09,0.4545454545454545
9f1aa0,2018-10,0.4545454545454545
9f1aa0,2018-11,0.4545454545454545
9f1aa0,2018-12,0.0769230769230769
9f1aa0,2019-01,0.2465753424657534
9f1aa0,2019-02,0.2465753424657534
9f1aa0,2019-03,0.2465753424657534
9f1aa0,2019-04,0.3709677419354839
9f1aa0,2019-05,0.1714285714285714
9f1aa0,2019-06,0.1714285714285714
9f1aa0,2019-07,0.1714285714285714
9f1aa0,2019-08,0.2465753424657534
9f1aa0,2019-09,0.3709677419354839
9f1aa0,2019-10,0.3709677419354839
9f1aa0,2019-11,0.9411764705882352
9f1aa0,2019-12,0.4285714285714285
9f1aa0,2020-01,0.4545454545454545
9f1aa0,2020-02,0.3709677419354839
9f1aa0,2020-03,0.4545454545454545
9f1aa0,2020-04,0.5588235294117647
9f1aa0,2020-05,0.5588235294117647
9f1aa0,2020-06,0.5135933084771642
9f1aa0,2020-07,0.4545454545454545
9f1aa0,2020-08,0.3709677419354839
9f1aa0,2020-09,0.2465753424657534
9f1aa0,2020-10,0.3709677419354839
9f1aa0,2020-11,0.3709677419354839
9f1aa0,2020-12,0.3709677419354839
9f1aa0,2021-01,0.3709677419354839
9f1aa0,2021-02,0.4285714285714285
9f1aa0,2021-03,0.4545454545454545
9f1aa0,2021-04,0.4545454545454545
9f1aa0,2021-05,0.4285714285714285
9f1aa0,2021-06,0.4545454545454545
9f1aa0,2021-07,0.4545454545454545
9f1aa0,2021-08,0.4285714285714285
9f1aa0,2021-09,0.6744186046511629
9f1aa0,2021-10,0.3709677419354839
9f1aa0,2021-11,0.3709677419354839
9f1aa0,2021-12,0.3709677419354839
9f1aa0,2022-01,0.3709677419354839
9f1aa0,2022-02,0.4229483221035522
9f1aa0,2022-03,0.3709677419354839
9f1aa0,2022-04,0.4285714285714285
9f1aa0,2022-05,0.5588235294117647
9f1aa0,2022-06,0.5392169826629487
9f1aa0,2022-07,0.5588235294117647
9f1aa0,2022-08,0.4545454545454545
9f1aa0,2022-09,0.5588235294117647
9f1aa0,2022-10,0.5
9f1aa0,2022-11,1.0
9f1aa0,2022-12,0.5588235294117647
9f1aa0,2023-01,0.5588235294117647
9f1aa0,2023-02,0.5588235294117647
9f1aa0,2023-03,0.5
9f1aa0,2023-04,0.5588235294117647
9f1aa0,2023-05,0.5588235294117647
9f1aa0,2023-06,0.5588235294117647
9f1aa0,2023-07,0.4545454545454545
9f1aa0,2023-08,0.5588235294117647
9f1aa0,2023-09,0.6744186046511629
9f1aa0,2023-10,0.5588235294117647
9f1aa0,2023-11,0.5588235294117647
9f1aa0,2023-12,0.5588235294117647
9f1aa0,2024-01,0.5588235294117647
9f1aa0,2024-02,0.5588235294117647
9f1aa0,2024-03,0.5588235294117647
9f1aa0,2024-04,0.5588235294117647
9f1aa0,2024-05,0.4545454545454545
9f1aa0,2024-06,0.5588235294117647
9f1aa0,2024-07,0.5588235294117647
9f1aa0,2024-08,0.5588235294117647
9f1aa0,2024-09,0.5588235294117647
9f1aa0,2024-10,0.5588235294117647
9f1aa0,2024-11,0.5588235294117647
9f1aa0,2024-12,0.4545454545454545
9f1aa0,2025-01,0.5588235294117647
9f1aa0,2025-02,0.5588235294117647
9f1aa0,2025-03,0.5588235294117647
9f1aa0,2025-04,0.5588235294117647
9f1aa0,2025-05,0.6744186046511629
9f1aa0,2025-06,0.6744186046511629
9f1aa0,2025-07,0.5
9f1aa0,2025-08,0.5588235294117647
9f1aa0,2025-09,0.6744186046511629
a25664,2014-12,0.0
a25664,2015-01,0.0
a25664,2015-02,0.0
a25664,2015-03,0.0
a25664,2015-04,0.0674157303370786
a25664,2015-05,0.0638297872340425
a25664,2015-06,0.0208333333333333
a25664,2015-07,0.0208333333333333
a25664,2015-08,0.0208333333333333
a25664,2015-09,0.0208333333333333
a25664,2015-10,0.0
a25664,2015-11,0.0
a25664,2015-12,0.0
a25664,2016-01,0.0
a25664,2016-02,0.0
a25664,2016-03,0.0
a25664,2016-04,0.0208333333333333
a25664,2016-05,0.0
a25664,2016-06,0.0
a25664,2016-07,0.0
a25664,2016-08,0.0
a25664,2016-09,0.0
a25664,2016-10,0.0
a25664,2016-11,0.0
a25664,2016-12,0.0769230769230769
a25664,2017-01,0.0769230769230769
a25664,2017-02,0.0674157303370786
a25664,2017-03,0.3709677419354839
a25664,2017-04,0.3709677419354839
a25664,2017-05,0.5588235294117647
a25664,2017-06,0.4545454545454545
a25664,2017-07,0.3709677419354839
a25664,2017-08,0.4545454545454545
a25664,2017-09,0.4545454545454545
a25664,2017-10,0.4545454545454545
a25664,2017-11,0.3846153846153846
a25664,2017-12,0.4338236940128195
a25664,2018-01,0.2465753424657534
a25664,2018-02,0.0666666666666666
a25664,2018-03,0.4545454545454545
a25664,2018-04,0.0674157303370786
a25664,2018-05,0.0638297872340425
a25664,2018-06,0.0638297872340425
a25664,2018-07,0.3709677419354839
a25664,2018-08,0.3709677419354839
a25664,2018-09,0.2465753424657534
a25664,2018-10,0.3709677419354839
a25664,2018-11,0.3709677419354839
a25664,2018-12,0.0674157303370786
a25664,2019-01,0.2465753424657534
a25664,2019-02,0.0667145992229361
a25664,2019-03,0.5
a25664,2019-04,0.2465753424657534
a25664,2019-05,0.3709677419354839
a25664,2019-06,0.4545454545454545
a25664,2019-07,0.4545454545454545
a25664,2019-08,0.4545454545454545
a25664,2019-09,0.3709677419354839
a25664,2019-10,0.3709677419354839
a25664,2019-11,0.8928571428571429
a25664,2019-12,0.6744186046511629
a25664,2020-01,0.8928571428571429
a25664,2020-02,0.5588235294117647
a25664,2020-03,0.9411764705882352
a25664,2020-04,0.8928571428571429
a25664,2020-05,0.8928571428571429
a25664,2020-06,0.8928571428571429
a25664,2020-07,0.8928571428571429
a25664,2020-08,0.5588235294117647
a25664,2020-09,0.8928571428571429
a25664,2020-10,0.6744186046511629
a25664,2020-11,0.5588235294117647
a25664,2020-12,0.8928571428571429
a25664,2021-01,0.5588235294117647
a25664,2021-02,0.8928571428571429
a25664,2021-03,0.8928571428571429
a25664,2021-04,0.8928571428571429
a25664,2021-05,0.8928571428571429
a25664,2021-06,0.9411764705882352
a25664,2021-07,1.0
a25664,2021-08,0.8928571428571429
a25664,2021-09,0.6744186046511629
a25664,2021-10,0.8928571428571429
a25664,2021-11,0.8928571428571429
a25664,2021-12,0.8928571428571429
a25664,2022-01,0.8928571428571429
a25664,2022-02,0.6744186046511629
a25664,2022-03,0.8928571428571429
a25664,2022-04,0.5588235294117647
a25664,2022-05,0.8928571428571429
a25664,2022-06,0.824494819851106
a25664,2022-07,0.4545454545454545
a25664,2022-08,0.4545454545454545
a25664,2022-09,0.4545454545454545
a25664,2022-10,0.9411764705882352
a25664,2022-11,0.8928571428571429
a25664,2022-12,0.8928571428571429
a25664,2023-01,0.8928571428571429
a25664,2023-02,0.4545454545454545
a25664,2023-03,0.5588235294117647
a25664,2023-04,0.4545454545454545
a25664,2023-05,0.4545454545454545
a25664,2023-06,0.5588235294117647
a25664,2023-07,0.6666666666666666
a25664,2023-08,0.6744186046511629
a25664,2023-09,0.5588235294117647
a25664,2023-10,0.5588235294117647
a25664,2023-11,0.6744186046511629
a25664,2023-12,0.8928571428571429
a25664,2024-01,1.0
a25664,2024-02,0.9411764705882352
a25664,2024-03,1.0
a25664,2024-04,0.8928571428571429
a25664,2024-05,1.0
a25664,2024-06,0.8928571428571429
a25664,2024-07,0.8928571428571429
a25664,2024-08,0.8928571428571429
a25664,2024-09,0.8928571428571429
a25664,2024-10,0.8928571428571429
a25664,2024-11,0.8928571428571429
a25664,2024-12,0.9411764705882352
a25664,2025-01,1.0
a25664,2025-02,1.0
a25664,2025-03,1.0
a25664,2025-04,0.8928571428571429
a25664,2025-05,0.8928571428571429
a25664,2025-06,0.8928571428571429
a25664,2025-07,0.8928571428571429
a25664,2025-08,0.8928571428571429
a25664,2025-09,0.8928571428571429
a42d13,2014-03,0.0
a42d13,2014-04,0.0
a42d13,2014-05,0.0454545454545454
a42d13,2014-06,0.0208333333333333
a42d13,2014-07,0.0
a42d13,2014-08,0.0
a42d13,2014-09,0.0208333333333333
a42d13,2014-10,0.0
a42d13,2014-11,0.0
a42d13,2014-12,0.0
a42d13,2015-01,0.0
a42d13,2015-02,0.0
a42d13,2015-03,0.0
a42d13,2015-04,0.0208333333333333
a42d13,2015-05,0.0208333333333333
a42d13,2015-08,0.0674157303370786
a42d13,2015-09,0.0454545454545454
a42d13,2015-10,0.0
a42d13,2015-11,0.0
a42d13,2015-12,0.0
a42d13,2016-01,0.0
a42d13,2016-02,0.0
a42d13,2016-03,0.2465753424657534
a42d13,2016-04,0.2465753424657534
a42d13,2016-05,0.2465753424657534
a42d13,2016-06,0.4545454545454545
a42d13,2016-07,0.4545454545454545
a42d13,2016-08,0.4545454545454545
a42d13,2016-09,0.4545454545454545
a42d13,2016-10,0.5
a42d13,2016-11,0.5588235294117647
a42d13,2016-12,0.5588235294117647
a42d13,2017-01,0.5588235294117647
a42d13,2017-02,0.4545454545454545
a42d13,2017-03,0.4545454545454545
a42d13,2017-04,0.3709677419354839
a42d13,2017-05,0.3709677419354839
a42d13,2017-06,0.3709677419354839
a42d13,2017-07,0.2465753424657534
a42d13,2017-08,0.3762455221938077
a42d13,2017-09,0.3846153846153846
a42d13,2017-10,0.4545454545454545
a42d13,2017-11,0.2465753424657534
a42d13,2017-12,0.2465753424657534
a42d13,2018-01,0.3709677419354839
a42d13,2018-02,0.3709677419354839
a42d13,2018-03,0.3709677419354839
a42d13,2018-04,0.0638297872340425
a42d13,2018-05,0.0674157303370786
a42d13,2018-06,0.2465753424657534
a42d13,2018-07,0.5588235294117647
a42d13,2018-08,0.5588235294117647
a42d13,2018-09,0.4545454545454545
a42d13,2018-10,0.5588235294117647
a42d13,2018-11,0.6744186046511629
a42d13,2018-12,0.6744186046511629
a42d13,2019-01,0.6744186046511629
a42d13,2019-02,0.8928571428571429
a42d13,2019-03,0.8928571428571429
a42d13,2019-04,0.8928571428571429
a42d13,2019-05,0.8928571428571429
a42d13,2019-06,0.6744186046511629
a42d13,2019-07,0.6666666666666666
a42d13,2019-08,0.5588235294117647
a42d13,2019-09,0.6744186046511629
a42d13,2019-10,0.6744186046511629
a42d13,2019-11,0.6744186046511629
a42d13,2019-12,0.8
a42d13,2020-01,0.8928571428571429
a42d13,2020-02,0.8928571428571429
a42d13,2020-03,0.8928571428571429
a42d13,2020-04,0.8928571428571429
a42d13,2020-05,0.8928571428571429
a42d13,2020-06,0.8928571428571429
a42d13,2020-07,0.8928571428571429
a42d13,2020-08,0.8928571428571429
a42d13,2020-09,0.8928571428571429
a42d13,2020-10,0.8928571428571429
a42d13,2020-11,0.8928571428571429
a42d13,2020-12,0.8928571428571429
a42d13,2021-01,0.8928571428571429
a42d13,2021-02,0.8928571428571429
a42d13,2021-03,0.8928571428571429
a42d13,2021-04,0.8928571428571429
a42d13,2021-05,0.8928571428571429
a42d13,2021-06,0.8928571428571429
a42d13,2021-07,0.8928571428571429
a42d13,2021-08,0.8928571428571429
a42d13,2021-09,0.8928571428571429
a42d13,2021-10,0.8928571428571429
a42d13,2021-11,0.8928571428571429
a42d13,2021-12,0.8928571428571429
a42d13,2022-01,0.8928571428571429
a42d13,2022-02,0.8928571428571429
a42d13,2022-03,0.8928571428571429
a42d13,2022-04,0.8928571428571429
a42d13,2022-05,0.8928571428571429
a42d13,2022-06,0.8928571428571429
a42d13,2022-07,0.8928571428571429
a42d13,2022-08,0.8928571428571429
a42d13,2022-09,0.8928571428571429
a42d13,2022-10,0.8928571428571429
a42d13,2022-11,0.8928571428571429
a42d13,2022-12,0.8928571428571429
a42d13,2023-01,0.8928571428571429
a42d13,2023-02,0.8928571428571429
a42d13,2023-03,0.8928571428571429
a42d13,2023-04,0.4545454545454545
a42d13,2023-05,0.4545454545454545
a42d13,2023-06,0.4545454545454545
a42d13,2023-07,0.4545454545454545
a42d13,2023-08,0.4545454545454545
a42d13,2023-09,0.4545454545454545
a42d13,2023-10,0.4545454545454545
a42d13,2023-11,0.8928571428571429
a42d13,2023-12,1.0
a42d13,2024-01,1.0
a42d13,2024-02,0.8928571428571429
a42d13,2024-03,0.8928571428571429
a42d13,2024-04,0.5588235294117647
a42d13,2024-05,0.5588235294117647
a42d13,2024-06,0.4545454545454545
a42d13,2024-07,0.4545454545454545
a42d13,2024-08,0.8928571428571429
a42d13,2024-09,0.4545454545454545
a42d13,2024-10,0.6744186046511629
a42d13,2024-11,0.9411764705882352
a42d13,2024-12,1.0
a42d13,2025-01,1.0
a42d13,2025-02,0.8928571428571429
a42d13,2025-03,0.8928571428571429
a42d13,2025-04,0.8928571428571429
a42d13,2025-05,0.8928571428571429
a42d13,2025-06,0.8928571428571429
a42d13,2025-07,0.8928571428571429
a42d13,2025-08,0.7258599268761107
a42d13,2025-09,0.8928571428571429
a97df3,2019-02,0.0674157303370786
a97df3,2019-03,0.0666666666666666
a97df3,2019-04,0.0638297872340425
a97df3,2019-05,0.0208333333333333
a97df3,2019-06,0.0454545454545454
a97df3,2019-07,0.0208333333333333
a97df3,2019-08,0.0208333333333333
a97df3,2019-09,0.0
a97df3,2019-10,0.0
a97df3,2019-11,0.0208333333333333
a97df3,2019-12,0.0638297872340425
a97df3,2020-01,0.0208333333333333
a97df3,2020-02,0.0666666666666666
a97df3,2020-03,0.0638297872340425
a97df3,2020-04,0.0638297872340425
a97df3,2020-05,0.0638297872340425
a97df3,2020-06,0.0454545454545454
a97df3,2020-07,0.0454545454545454
a97df3,2020-08,0.0208333333333333
a97df3,2020-09,0.0208333333333333
a97df3,2020-10,0.0454545454545454
a97df3,2020-11,0.0454545454545454
a97df3,2020-12,0.0454545454545454
a97df3,2021-01,0.0638297872340425
a97df3,2021-02,0.3709677419354839
a97df3,2021-03,0.4545454545454545
a97df3,2021-04,0.4545454545454545
a97df3,2021-05,0.4545454545454545
a97df3,2021-06,0.3846153846153846
a97df3,2021-07,0.3709677419354839
a97df3,2021-08,0.3709677419354839
a97df3,2021-09,0.3709677419354839
a97df3,2021-10,0.4545454545454545
a97df3,2021-11,0.4545454545454545
a97df3,2021-12,0.2465753424657534
a97df3,2022-01,0.1714285714285714
a97df3,2022-02,0.4545454545454545
a97df3,2022-03,0.3709677419354839
a97df3,2022-04,0.0769230769230769
a97df3,2022-05,0.0454545454545454
a97df3,2022-06,0.0666666666666666
a97df3,2022-07,0.0674157303370786
a97df3,2022-08,0.0674157303370786
a97df3,2022-09,0.0769230769230769
a97df3,2022-10,0.0674157303370786
a97df3,2022-11,0.0638297872340425
a97df3,2022-12,0.0769230769230769
a97df3,2023-01,0.0769230769230769
a97df3,2023-02,0.0674157303370786
a97df3,2023-03,0.0674157303370786
a97df3,2023-04,0.3709677419354839
a97df3,2023-05,0.3709677419354839
a97df3,2023-06,0.2465753424657534
a97df3,2023-07,0.3709677419354839
a97df3,2023-08,0.3762777857556129
a97df3,2023-09,0.3709677419354839
a97df3,2023-10,0.4545454545454545
a97df3,2023-11,0.4545454545454545
a97df3,2023-12,0.4545454545454545
a97df3,2024-01,0.4545454545454545
a97df3,2024-02,0.4545454545454545
a97df3,2024-03,0.5588235294117647
a97df3,2024-04,0.6744186046511629
a97df3,2024-05,0.6744186046511629
a97df3,2024-06,0.8928571428571429
a97df3,2024-07,0.6666666666666666
a97df3,2024-08,0.6744186046511629
a97df3,2024-09,0.6744186046511629
a97df3,2024-10,0.8213130544799315
a97df3,2024-11,1.0
a97df3,2024-12,1.0
a97df3,2025-01,0.8928571428571429
a97df3,2025-02,0.8928571428571429
a97df3,2025-03,0.8928571428571429
a97df3,2025-04,0.8928571428571429
a97df3,2025-05,0.8928571428571429
a97df3,2025-06,0.6744186046511629
a97df3,2025-07,0.8928571428571429
a97df3,2025-08,0.9411764705882352
ab32d7,2022-03,0.0638297872340425
ab32d7,2022-04,0.0208333333333333
ab32d7,2022-05,0.0
ab32d7,2022-06,0.0208333333333333
ab32d7,2022-07,0.0208333333333333
ab32d7,2022-08,0.0208333333333333
ab32d7,2022-09,0.0
ab32d7,2022-10,0.0208333333333333
ab32d7,2022-11,0.0
ab32d7,2022-12,0.0
ab32d7,2023-01,0.0674157303370786
ab32d7,2023-02,0.0670109981663981
ab32d7,2023-03,0.0638297872340425
ab32d7,2023-04,0.0454545454545454
ab32d7,2023-05,0.0
ab32d7,2023-06,0.0208333333333333
ab32d7,2023-07,0.0
ab32d7,2023-08,0.0
ab32d7,2023-09,0.0
ab32d7,2023-10,0.0208333333333333
ab32d7,2023-11,0.0
ab32d7,2023-12,0.0
ab32d7,2024-01,0.0
ab32d7,2024-02,0.0
ab32d7,2024-03,0.3709677419354839
ab32d7,2024-04,0.4268291600114775
ab32d7,2024-05,0.3709677419354839
ab32d7,2024-06,0.2465753424657534
ab32d7,2024-07,0.2465753424657534
ab32d7,2024-08,0.2465753424657534
ab32d7,2024-09,0.2465753424657534
ab32d7,2024-10,0.2483765266705576
ab32d7,2024-11,0.2465753424657534
ab32d7,2024-12,0.0674157303370786
ab32d7,2025-01,0.2465753424657534
ab32d7,2025-02,0.1714285714285714
ab32d7,2025-03,0.2465753424657534
ab32d7,2025-04,0.2465753424657534
ab32d7,2025-05,0.3709677419354839
ab32d7,2025-06,0.2465753424657534
ab32d7,2025-07,0.2465753424657534
ab32d7,2025-08,0.1714285714285714
af81b0,2014-04,0.0
af81b0,2014-05,0.0
af81b0,2014-06,0.0
af81b0,2014-07,0.0
af81b0,2014-08,0.0
af81b0,2014-09,0.0
af81b0,2014-10,0.0
af81b0,2014-11,0.0638297872340425
af81b0,2014-12,0.0674157303370786
af81b0,2015-01,0.0674157303370786
af81b0,2015-02,0.0638297872340425
af81b0,2015-03,0.0208333333333333
af81b0,2015-04,0.0208333333333333
af81b0,2015-05,0.0
af81b0,2015-06,0.0
af81b0,2015-07,0.0
af81b0,2015-08,0.0
af81b0,2015-09,0.0208333333333333
af81b0,2015-10,0.0
af81b0,2015-11,0.0
af81b0,2015-12,0.0
af81b0,2016-01,0.0
af81b0,2016-02,0.0
af81b0,2016-03,0.0
af81b0,2016-04,0.0674157303370786
af81b0,2016-05,0.0674157303370786
af81b0,2016-06,0.0674157303370786
af81b0,2016-07,0.0674157303370786
af81b0,2016-08,0.0769230769230769
af81b0,2016-09,0.0674157303370786
af81b0,2016-10,0.0674157303370786
af81b0,2016-11,0.0692818961596699
af81b0,2016-12,0.0674157303370786
af81b0,2017-01,0.0769230769230769
af81b0,2017-02,0.1428571428571428
af81b0,2017-03,0.2465753424657534
af81b0,2017-04,0.3709677419354839
af81b0,2017-05,0.1714285714285714
af81b0,2017-06,0.1428571428571428
af81b0,2017-07,0.2465753424657534
af81b0,2017-08,0.3709677419354839
af81b0,2017-09,0.3709677419354839
af81b0,2017-10,0.3709677419354839
af81b0,2017-11,0.4285714285714285
af81b0,2017-12,0.4545454545454545
af81b0,2018-01,0.3709677419354839
af81b0,2018-02,0.0674157303370786
af81b0,2018-03,0.2465753424657534
af81b0,2018-04,0.2465753424657534
af81b0,2018-05,0.0674157303370786
af81b0,2018-06,0.0769230769230769
af81b0,2018-07,0.5588235294117647
af81b0,2018-08,0.5588235294117647
af81b0,2018-09,0.4545454545454545
af81b0,2018-10,0.4285714285714285
af81b0,2018-11,0.4545454545454545
af81b0,2018-12,0.3709677419354839
af81b0,2019-01,0.4545454545454545
af81b0,2019-02,0.2465753424657534
af81b0,2019-03,0.3709677419354839
af81b0,2019-04,0.3709677419354839
af81b0,2019-05,0.3709677419354839
af81b0,2019-06,0.4545454545454545
af81b0,2019-07,0.3709677419354839
af81b0,2019-08,0.3709677419354839
af81b0,2019-09,0.3846153846153846
af81b0,2019-10,0.5588235294117647
af81b0,2019-11,0.6744186046511629
af81b0,2019-12,0.6744186046511629
af81b0,2020-01,0.8928571428571429
af81b0,2020-02,0.5588235294117647
af81b0,2020-03,0.4545454545454545
af81b0,2020-04,0.4545454545454545
af81b0,2020-05,0.4545454545454545
af81b0,2020-06,0.4545454545454545
af81b0,2020-07,0.5588235294117647
af81b0,2020-08,0.8928571428571429
af81b0,2020-09,0.8928571428571429
af81b0,2020-10,0.8928571428571429
af81b0,2020-11,0.8928571428571429
af81b0,2020-12,0.8928571428571429
af81b0,2021-01,0.8928571428571429
af81b0,2021-02,0.8928571428571429
af81b0,2021-03,0.8928571428571429
af81b0,2021-04,0.8928571428571429
af81b0,2021-05,0.8928571428571429
af81b0,2021-06,0.8928571428571429
af81b0,2021-07,0.8928571428571429
af81b0,2021-08,0.8928571428571429
af81b0,2021-09,0.8928571428571429
af81b0,2021-10,0.8928571428571429
af81b0,2021-11,0.8928571428571429
af81b0,2021-12,0.8928571428571429
af81b0,2022-01,0.8928571428571429
af81b0,2022-02,0.8928571428571429
af81b0,2022-03,0.8928571428571429
af81b0,2022-04,0.8928571428571429
af81b0,2022-05,0.8928571428571429
af81b0,2022-06,0.8928571428571429
af81b0,2022-07,0.8928571428571429
af81b0,2022-08,0.8928571428571429
af81b0,2022-09,0.8928571428571429
af81b0,2022-10,0.8928571428571429
af81b0,2022-11,0.8928571428571429
af81b0,2022-12,0.5588235294117647
af81b0,2023-01,0.5
af81b0,2023-02,0.3709677419354839
af81b0,2023-03,0.3797576919246687
af81b0,2023-04,0.4545454545454545
af81b0,2023-05,0.3709677419354839
af81b0,2023-06,0.3709677419354839
af81b0,2023-07,0.4285714285714285
af81b0,2023-08,0.3709677419354839
af81b0,2023-09,0.3709677419354839
af81b0,2023-10,0.8928571428571429
af81b0,2023-11,0.4545454545454545
af81b0,2023-12,0.6744186046511629
af81b0,2024-01,0.8513739673707778
af81b0,2024-02,0.4545454545454545
af81b0,2024-03,0.4545454545454545
af81b0,2024-04,0.3709677419354839
af81b0,2024-05,0.4285714285714285
af81b0,2024-06,0.3709677419354839
af81b0,2024-07,0.4285714285714285
af81b0,2024-08,0.4545454545454545
af81b0,2024-09,0.8
af81b0,2024-10,0.5588235294117647
af81b0,2024-11,0.8928571428571429
af81b0,2024-12,0.8928571428571429
af81b0,2025-01,0.8928571428571429
af81b0,2025-02,0.8928571428571429
af81b0,2025-03,0.8928571428571429
af81b0,2025-04,0.8928571428571429
af81b0,2025-05,0.5588235294117647
af81b0,2025-06,0.5588235294117647
af81b0,2025-07,0.8928571428571429
af81b0,2025-08,0.8928571428571429
af81b0,2025-09,0.8928571428571429
b07578,2024-06,0.1714285714285714
b07578,2024-07,0.1714285714285714
b07578,2024-08,0.0674157303370786
b07578,2024-09,0.0769230769230769
b07578,2024-10,0.0674157303370786
b07578,2024-11,0.0674157303370786
b07578,2024-12,0.0670447814134436
b07578,2025-01,0.0674157303370786
b07578,2025-02,0.0674157303370786
b07578,2025-03,0.0674157303370786
b07578,2025-04,0.0674157303370786
b07578,2025-05,0.0674157303370786
b07578,2025-06,0.0674157303370786
b07578,2025-07,0.0674157303370786
b07578,2025-08,0.0769230769230769
b08ec1,2014-05,0.0
b08ec1,2014-06,0.0
b08ec1,2014-07,0.0208333333333333
b08ec1,2014-08,0.0208333333333333
b08ec1,2014-09,0.0454545454545454
b08ec1,2014-10,0.0208333333333333
b08ec1,2014-11,0.0454545454545454
b08ec1,2014-12,0.0
b08ec1,2015-01,0.0
b08ec1,2015-02,0.0
b08ec1,2015-03,0.0
b08ec1,2015-04,0.0674157303370786
b08ec1,2015-05,0.0778452540133906
b08ec1,2015-06,0.0674157303370786
b08ec1,2015-07,0.0667269434934328
b08ec1,2015-08,0.0638297872340425
b08ec1,2015-09,0.0
b08ec1,2015-10,0.0
b08ec1,2015-11,0.0
b08ec1,2015-12,0.0
b08ec1,2016-01,0.0
b08ec1,2016-02,0.0
b08ec1,2016-03,0.0
b08ec1,2016-04,0.0
b08ec1,2016-05,0.0674157303370786
b08ec1,2016-06,0.2465753424657534
b08ec1,2016-07,0.3709677419354839
b08ec1,2016-08,0.2465753424657534
b08ec1,2016-09,0.2465753424657534
b08ec1,2016-10,0.2465753424657534
b08ec1,2016-11,0.2465753424657534
b08ec1,2016-12,0.2465753424657534
b08ec1,2017-01,0.2465753424657534
b08ec1,2017-02,0.3709677419354839
b08ec1,2017-03,0.5588235294117647
b08ec1,2017-04,0.4545454545454545
b08ec1,2017-05,0.3709677419354839
b08ec1,2017-06,0.2465753424657534
b08ec1,2017-07,0.2465753424657534
b08ec1,2017-08,0.2465753424657534
b08ec1,2017-09,0.0769230769230769
b08ec1,2017-10,0.1714285714285714
b08ec1,2017-11,0.2465753424657534
b08ec1,2017-12,0.4545454545454545
b08ec1,2018-01,0.2465753424657534
b08ec1,2018-02,0.0454545454545454
b08ec1,2018-03,0.0208333333333333
b08ec1,2018-04,0.0208333333333333
b08ec1,2018-05,0.0638297872340425
b08ec1,2018-06,0.0638297872340425
b08ec1,2018-07,0.3846153846153846
b08ec1,2018-08,0.4545454545454545
b08ec1,2018-09,0.4545454545454545
b08ec1,2018-10,0.4545454545454545
b08ec1,2018-11,0.4545454545454545
b08ec1,2018-12,0.0674157303370786
b08ec1,2019-01,0.4545454545454545
b08ec1,2019-02,0.0674157303370786
b08ec1,2019-03,0.2465753424657534
b08ec1,2019-04,0.2465753424657534
b08ec1,2019-05,0.2465753424657534
b08ec1,2019-06,0.2465753424657534
b08ec1,2019-07,0.3709677419354839
b08ec1,2019-08,0.3709677419354839
b08ec1,2019-09,0.3846153846153846
b08ec1,2019-10,0.8928571428571429
b08ec1,2019-11,0.4545454545454545
b08ec1,2019-12,0.4545454545454545
b08ec1,2020-01,0.5588235294117647
b08ec1,2020-02,0.5588235294117647
b08ec1,2020-03,0.9411764705882352
b08ec1,2020-04,0.8928571428571429
b08ec1,2020-05,0.8928571428571429
b08ec1,2020-06,0.8928571428571429
b08ec1,2020-07,0.8928571428571429
b08ec1,2020-08,0.8928571428571429
b08ec1,2020-09,0.8928571428571429
b08ec1,2020-10,0.8928571428571429
b08ec1,2020-11,0.8928571428571429
b08ec1,2020-12,0.8928571428571429
b08ec1,2021-01,0.8928571428571429
b08ec1,2021-02,0.8928571428571429
b08ec1,2021-03,0.8928571428571429
b08ec1,2021-04,0.8928571428571429
b08ec1,2021-05,0.8928571428571429
b08ec1,2021-06,0.8928571428571429
b08ec1,2021-07,0.8928571428571429
b08ec1,2021-08,0.8928571428571429
b08ec1,2021-09,0.8928571428571429
b08ec1,2021-10,0.8928571428571429
b08ec1,2021-11,0.4545454545454545
b08ec1,2021-12,0.4545454545454545
b08ec1,2022-01,0.4545454545454545
b08ec1,2022-02,0.3754917724230293
b08ec1,2022-03,0.6744186046511629
b08ec1,2022-04,0.5588235294117647
b08ec1,2022-05,0.4545454545454545
b08ec1,2022-06,0.4545454545454545
b08ec1,2022-07,0.4545454545454545
b08ec1,2022-08,0.4545454545454545
b08ec1,2022-09,0.5588235294117647
b08ec1,2022-10,0.4545454545454545
b08ec1,2022-11,0.4545454545454545
b08ec1,2022-12,0.4545454545454545
b08ec1,2023-01,0.5588235294117647
b08ec1,2023-02,0.3846153846153846
b08ec1,2023-03,0.4545454545454545
b08ec1,2023-04,0.4545454545454545
b08ec1,2023-05,0.5588235294117647
b08ec1,2023-06,0.5588235294117647
b08ec1,2023-07,0.6595161083106572
b08ec1,2023-08,1.0
b08ec1,2023-09,0.8928571428571429
b08ec1,2023-10,0.9411764705882352
b08ec1,2023-11,0.8928571428571429
b08ec1,2023-12,0.6744186046511629
b08ec1,2024-01,0.8928571428571429
b08ec1,2024-02,0.8928571428571429
b08ec1,2024-03,0.8928571428571429
b08ec1,2024-04,0.8928571428571429
b08ec1,2024-05,0.8928571428571429
b08ec1,2024-06,0.8928571428571429
b08ec1,2024-07,0.8928571428571429
b08ec1,2024-08,0.8928571428571429
b08ec1,2024-09,0.8928571428571429
b08ec1,2024-10,0.6744186046511629
b08ec1,2024-11,0.6666666666666666
b08ec1,2024-12,0.6744186046511629
b08ec1,2025-01,0.8928571428571429
b08ec1,2025-02,0.8928571428571429
b08ec1,2025-03,0.8928571428571429
b08ec1,2025-04,0.8928571428571429
b08ec1,2025-05,0.8928571428571429
b08ec1,2025-06,0.8928571428571429
b08ec1,2025-07,1.0
b08ec1,2025-08,1.0
b08ec1,2025-09,0.8928571428571429
b0ff51,2014-07,0.0674157303370786
b0ff51,2014-08,0.0674157303370786
b0ff51,2014-09,0.0638297872340425
b0ff51,2014-10,0.0674157303370786
b0ff51,2014-11,0.0645757798295588
b0ff51,2014-12,0.0666666666666666
b0ff51,2015-01,0.0674157303370786
b0ff51,2015-02,0.0638297872340425
b0ff51,2015-03,0.0638297872340425
b0ff51,2015-04,0.2465753424657534
b0ff51,2015-05,0.0674157303370786
b0ff51,2015-06,0.0674157303370786
b0ff51,2015-07,0.0638297872340425
b0ff51,2015-08,0.0454545454545454
b0ff51,2015-09,0.0208333333333333
b0ff51,2015-10,0.0
b0ff51,2015-11,0.0208333333333333
b0ff51,2015-12,0.0638297872340425
b0ff51,2016-01,0.0638297872340425
b0ff51,2016-02,0.0454545454545454
b0ff51,2016-03,0.0208333333333333
b0ff51,2016-04,0.0208333333333333
b0ff51,2016-05,0.0674157303370786
b0ff51,2016-06,0.0674157303370786
b0ff51,2016-07,0.5588235294117647
b0ff51,2016-08,0.6744186046511629
b0ff51,2016-09,0.8928571428571429
b0ff51,2016-10,0.8928571428571429
b0ff51,2016-11,0.8928571428571429
b0ff51,2016-12,0.8928571428571429
b0ff51,2017-01,0.8928571428571429
b0ff51,2017-02,0.8928571428571429
b0ff51,2017-03,0.5588235294117647
b0ff51,2017-04,0.8928571428571429
b0ff51,2017-05,0.5588235294117647
b0ff51,2017-06,0.8928571428571429
b0ff51,2017-07,0.8
b0ff51,2017-08,0.6744186046511629
b0ff51,2017-09,0.8928571428571429
b0ff51,2017-10,0.8928571428571429
b0ff51,2017-11,0.6744186046511629
b0ff51,2017-12,0.4545454545454545
b0ff51,2018-01,0.5588235294117647
b0ff51,2018-02,0.5588235294117647
b0ff51,2018-03,0.6744186046511629
b0ff51,2018-04,0.5588235294117647
b0ff51,2018-05,0.5588235294117647
b0ff51,2018-06,0.8928571428571429
b0ff51,2018-07,0.6744186046511629
b0ff51,2018-08,0.8706450306745566
b0ff51,2018-09,0.8928571428571429
b0ff51,2018-10,0.8928571428571429
b0ff51,2018-11,0.8928571428571429
b0ff51,2018-12,0.5841491633923078
b0ff51,2019-01,0.6744186046511629
b0ff51,2019-02,0.6738274979433158
b0ff51,2019-03,0.5588235294117647
b0ff51,2019-04,0.5588235294117647
b0ff51,2019-05,0.8928571428571429
b0ff51,2019-06,0.6744186046511629
b0ff51,2019-07,0.5588235294117647
b0ff51,2019-08,0.5588235294117647
b0ff51,2019-09,0.5588235294117647
b0ff51,2019-10,0.6744186046511629
b0ff51,2019-11,0.8928571428571429
b0ff51,2019-12,0.9411764705882352
b0ff51,2020-01,0.8928571428571429
b0ff51,2020-02,0.6744186046511629
b0ff51,2020-03,1.0
b0ff51,2020-04,1.0
b0ff51,2020-05,0.9411764705882352
b0ff51,2020-06,0.9411764705882352
b0ff51,2020-07,0.9411764705882352
b0ff51,2020-08,0.9411764705882352
b0ff51,2020-09,0.6744186046511629
b0ff51,2020-10,0.8928571428571429
b0ff51,2020-11,0.8914593113497153
b0ff51,2020-12,0.8928571428571429
b0ff51,2021-01,0.8928571428571429
b0ff51,2021-02,0.5588235294117647
b0ff51,2021-03,0.8928571428571429
b0ff51,2021-04,0.8928571428571429
b0ff51,2021-05,1.0
b0ff51,2021-06,0.8928571428571429
b0ff51,2021-07,0.6744186046511629
b0ff51,2021-08,1.0
b0ff51,2021-09,0.9411764705882352
b0ff51,2021-10,1.0
b0ff51,2021-11,1.0
b0ff51,2021-12,1.0
b0ff51,2022-01,1.0
b0ff51,2022-02,0.9411764705882352
b0ff51,2022-03,1.0
b0ff51,2022-04,0.8928571428571429
b0ff51,2022-05,0.8928571428571429
b0ff51,2022-06,0.8928571428571429
b0ff51,2022-07,0.6744186046511629
b0ff51,2022-08,0.8928571428571429
b0ff51,2022-09,0.5588235294117647
b0ff51,2022-10,0.8928571428571429
b0ff51,2022-11,0.6744186046511629
b0ff51,2022-12,0.8928571428571429
b0ff51,2023-01,0.8928571428571429
b0ff51,2023-02,0.6744186046511629
b0ff51,2023-03,0.6744186046511629
b0ff51,2023-04,0.8928571428571429
b0ff51,2023-05,0.8928571428571429
b0ff51,2023-06,0.8928571428571429
b0ff51,2023-07,1.0
b0ff51,2023-08,1.0
b0ff51,2023-09,0.5588235294117647
b0ff51,2023-10,0.8928571428571429
b0ff51,2023-11,0.5767310311543051
b0ff51,2023-12,0.8928571428571429
b0ff51,2024-01,0.8928571428571429
b0ff51,2024-02,0.8928571428571429
b0ff51,2024-03,0.8928571428571429
b0ff51,2024-04,0.9411764705882352
b0ff51,2024-05,0.8928571428571429
b0ff51,2024-06,1.0
b0ff51,2024-07,0.9411764705882352
b0ff51,2024-08,0.9411764705882352
b0ff51,2024-09,0.8928571428571429
b0ff51,2024-10,0.8928571428571429
b0ff51,2024-11,0.8928571428571429
b0ff51,2024-12,1.0
b0ff51,2025-01,1.0
b0ff51,2025-02,0.6744186046511629
b0ff51,2025-03,0.8928571428571429
b0ff51,2025-04,0.8928571428571429
b0ff51,2025-05,0.8928571428571429
b0ff51,2025-06,0.8928571428571429
b0ff51,2025-07,1.0
b0ff51,2025-08,0.9411764705882352
b0ff51,2025-09,0.8928571428571429
b1de95,2014-09,0.0674157303370786
b1de95,2014-10,0.0674157303370786
b1de95,2014-11,0.0674157303370786
b1de95,2014-12,0.0666666666666666
b1de95,2015-01,0.0638297872340425
b1de95,2015-02,0.0638297872340425
b1de95,2015-03,0.0638297872340425
b1de95,2015-04,0.0674157303370786
b1de95,2015-05,0.0208333333333333
b1de95,2015-06,0.0
b1de95,2015-07,0.0
b1de95,2015-08,0.0
b1de95,2015-09,0.0208333333333333
b1de95,2015-10,0.0
b1de95,2015-11,0.0
b1de95,2015-12,0.0
b1de95,2016-05,0.0
b1de95,2016-06,0.0
b1de95,2016-07,0.0
b1de95,2016-08,0.0
b1de95,2016-09,0.1714285714285714
b1de95,2016-10,0.3709677419354839
b1de95,2016-11,0.4545454545454545
b1de95,2016-12,0.3709677419354839
b1de95,2017-01,0.3709677419354839
b1de95,2017-02,0.4545454545454545
b1de95,2017-03,0.6744186046511629
b1de95,2017-04,0.4360533895085647
b1de95,2017-05,0.4545454545454545
b1de95,2017-06,0.4545454545454545
b1de95,2017-07,0.4545454545454545
b1de95,2017-08,0.5588235294117647
b1de95,2017-09,0.5588235294117647
b1de95,2017-10,0.5588235294117647
b1de95,2017-11,0.6744186046511629
b1de95,2017-12,0.8928571428571429
b1de95,2018-01,0.6744186046511629
b1de95,2018-02,0.3709677419354839
b1de95,2018-03,0.6744186046511629
b1de95,2018-04,0.5588235294117647
b1de95,2018-05,0.5
b1de95,2018-06,0.5588235294117647
b1de95,2018-07,0.8928571428571429
b1de95,2018-08,0.8928571428571429
b1de95,2018-09,0.8928571428571429
b1de95,2018-10,0.6744186046511629
b1de95,2018-11,0.6744186046511629
b1de95,2018-12,0.4545454545454545
b1de95,2019-01,0.5588235294117647
b1de95,2019-02,0.5588235294117647
b1de95,2019-03,0.6744186046511629
b1de95,2019-04,0.5588235294117647
b1de95,2019-05,0.6744186046511629
b1de95,2019-06,0.8928571428571429
b1de95,2019-07,0.9411764705882352
b1de95,2019-08,0.8928571428571429
b1de95,2019-09,0.8928571428571429
b1de95,2019-10,0.8928571428571429
b1de95,2019-11,0.8928571428571429
b1de95,2019-12,0.9411764705882352
b1de95,2020-01,0.8928571428571429
b1de95,2020-02,0.8928571428571429
b1de95,2020-03,1.0
b1de95,2020-04,1.0
b1de95,2020-05,1.0
b1de95,2020-06,1.0
b1de95,2020-07,1.0
b1de95,2020-08,1.0
b1de95,2020-09,1.0
b1de95,2020-10,1.0
b1de95,2020-11,1.0
b1de95,2020-12,1.0
b1de95,2021-01,1.0
b1de95,2021-02,1.0
b1de95,2021-03,1.0
b1de95,2021-04,1.0
b1de95,2021-05,0.9411764705882352
b1de95,2021-06,1.0
b1de95,2021-07,1.0
b1de95,2021-08,0.9411764705882352
b1de95,2021-09,0.9411764705882352
b1de95,2021-10,1.0
b1de95,2021-11,1.0
b1de95,2021-12,0.9411764705882352
b1de95,2022-01,1.0
b1de95,2022-02,0.9411764705882352
b1de95,2022-03,0.9411764705882352
b1de95,2022-04,1.0
b1de95,2022-05,1.0
b1de95,2022-06,1.0
b1de95,2022-07,1.0
b1de95,2022-08,1.0
b1de95,2022-09,0.6744186046511629
b1de95,2022-10,0.5588235294117647
b1de95,2022-11,0.9411764705882352
b1de95,2022-12,1.0
b1de95,2023-01,0.9411764705882352
b1de95,2023-02,1.0
b1de95,2023-03,1.0
b1de95,2023-04,0.8928571428571429
b1de95,2023-05,0.8928571428571429
b1de95,2023-06,0.8928571428571429
b1de95,2023-07,1.0
b1de95,2023-08,1.0
b1de95,2023-09,1.0
b1de95,2023-10,1.0
b1de95,2023-11,1.0
b1de95,2023-12,1.0
b1de95,2024-01,1.0
b1de95,2024-02,1.0
b1de95,2024-03,1.0
b1de95,2024-04,1.0
b1de95,2024-05,1.0
b1de95,2024-06,1.0
b1de95,2024-07,1.0
b1de95,2024-08,1.0
b1de95,2024-09,1.0
b1de95,2024-10,1.0
b1de95,2024-11,0.8928571428571429
b1de95,2024-12,1.0
b1de95,2025-01,1.0
b1de95,2025-02,1.0
b1de95,2025-03,1.0
b1de95,2025-04,0.8928571428571429
b1de95,2025-05,0.8928571428571429
b1de95,2025-06,1.0
b1de95,2025-07,1.0
b1de95,2025-08,1.0
b26809,2014-03,0.0
b26809,2014-04,0.0
b26809,2014-05,0.0208333333333333
b26809,2014-06,0.0454545454545454
b26809,2014-07,0.0208333333333333
b26809,2014-08,0.0208333333333333
b26809,2014-09,0.0
b26809,2014-10,0.0
b26809,2014-11,0.0
b26809,2014-12,0.0
b26809,2015-01,0.0
b26809,2015-02,0.0
b26809,2015-03,0.0
b26809,2015-04,0.0
b26809,2015-05,0.0208333333333333
b26809,2015-06,0.0
b26809,2015-07,0.0
b26809,2015-08,0.0099316285409307
b26809,2015-09,0.0208333333333333
b26809,2015-10,0.0208333333333333
b26809,2015-11,0.0
b26809,2015-12,0.0
b26809,2016-01,0.0
b26809,2016-02,0.0
b26809,2016-03,0.0769230769230769
b26809,2016-04,0.1428571428571428
b26809,2016-05,0.0674157303370786
b26809,2016-06,0.0674157303370786
b26809,2016-07,0.0674157303370786
b26809,2016-08,0.0769230769230769
b26809,2016-09,0.1714285714285714
b26809,2016-10,0.0769230769230769
b26809,2016-11,0.0674157303370786
b26809,2016-12,0.0674157303370786
b26809,2017-01,0.0769230769230769
b26809,2017-02,0.0769230769230769
b26809,2017-03,0.0674157303370786
b26809,2017-04,0.0208333333333333
b26809,2017-05,0.1714285714285714
b26809,2017-06,0.0638297872340425
b26809,2017-07,0.0666666666666666
b26809,2017-08,0.0638297872340425
b26809,2017-09,0.0454545454545454
b26809,2017-10,0.0638297872340425
b26809,2017-11,0.0638297872340425
b26809,2017-12,0.0674157303370786
b26809,2018-01,0.0674157303370786
b26809,2018-02,0.0674157303370786
b26809,2018-03,0.0674157303370786
b26809,2018-04,0.0674157303370786
b26809,2018-05,0.0638297872340425
b26809,2018-06,0.1714285714285714
b26809,2018-07,0.1714285714285714
b26809,2018-08,0.2465753424657534
b26809,2018-09,0.3709677419354839
b26809,2018-10,0.8928571428571429
b26809,2018-11,0.3709677419354839
b26809,2018-12,0.4545454545454545
b26809,2019-01,0.4545454545454545
b26809,2019-02,0.5588235294117647
b26809,2019-03,0.4545454545454545
b26809,2019-04,0.4545454545454545
b26809,2019-05,0.4545454545454545
b26809,2019-06,0.4545454545454545
b26809,2019-07,0.4545454545454545
b26809,2019-08,0.4545454545454545
b26809,2019-09,0.5
b26809,2019-10,0.5588235294117647
b26809,2019-11,0.5588235294117647
b26809,2019-12,0.6744186046511629
b26809,2020-01,0.8928571428571429
b26809,2020-02,0.8928571428571429
b26809,2020-03,0.6744186046511629
b26809,2020-04,1.0
b26809,2020-05,0.9411764705882352
b26809,2020-06,0.8928571428571429
b26809,2020-07,0.5588235294117647
b26809,2020-08,0.5588235294117647
b26809,2020-09,0.8928571428571429
b26809,2020-10,0.4545454545454545
b26809,2020-11,0.5588235294117647
b26809,2020-12,0.2465753424657534
b26809,2021-01,0.4545454545454545
b26809,2021-02,0.4545454545454545
b26809,2021-03,0.3846153846153846
b26809,2021-04,0.3709677419354839
b26809,2021-05,0.3709677419354839
b26809,2021-06,0.3846153846153846
b26809,2021-07,0.3709677419354839
b26809,2021-08,0.2465753424657534
b26809,2021-09,0.5588235294117647
b26809,2021-10,0.4545454545454545
b26809,2021-11,0.3709677419354839
b26809,2021-12,0.4545454545454545
b26809,2022-01,0.4545454545454545
b26809,2022-02,0.4545454545454545
b26809,2022-03,0.5588235294117647
b26809,2022-04,0.4545454545454545
b26809,2022-05,0.4545454545454545
b26809,2022-06,0.5
b26809,2022-07,0.4545454545454545
b26809,2022-08,0.4285714285714285
b26809,2022-09,0.4545454545454545
b26809,2022-10,0.4545454545454545
b26809,2022-11,0.4545454545454545
b26809,2022-12,0.5588235294117647
b26809,2023-01,0.5588235294117647
b26809,2023-02,0.6744186046511629
b26809,2023-03,0.5588235294117647
b26809,2023-04,0.5588235294117647
b26809,2023-05,0.5588235294117647
b26809,2023-06,0.5588235294117647
b26809,2023-07,0.4545454545454545
b26809,2023-08,0.5588235294117647
b26809,2023-09,0.5588235294117647
b26809,2023-10,0.6744186046511629
b26809,2023-11,0.6744186046511629
b26809,2023-12,1.0
b26809,2024-01,0.8928571428571429
b26809,2024-02,0.8928571428571429
b26809,2024-03,0.8928571428571429
b26809,2024-04,0.8928571428571429
b26809,2024-05,0.9411764705882352
b26809,2024-06,0.8928571428571429
b26809,2024-07,0.5588235294117647
b26809,2024-08,0.6744186046511629
b26809,2024-09,0.6744186046511629
b26809,2024-10,0.6744186046511629
b26809,2024-11,0.8928571428571429
b26809,2024-12,0.6703043421535135
b26809,2025-01,0.6744186046511629
b26809,2025-02,0.8928571428571429
b26809,2025-03,0.8928571428571429
b26809,2025-04,0.8928571428571429
b26809,2025-05,0.8928571428571429
b26809,2025-06,0.5588235294117647
b26809,2025-07,0.5588235294117647
b26809,2025-08,0.5588235294117647
b416b1,2014-11,0.0
b416b1,2014-12,0.0
b416b1,2015-01,0.0
b416b1,2015-02,0.0
b416b1,2015-03,0.0
b416b1,2015-04,0.0208333333333333
b416b1,2015-05,0.0
b416b1,2015-06,0.0
b416b1,2015-07,0.0
b416b1,2015-08,0.0
b416b1,2015-09,0.0
b416b1,2015-10,0.0208333333333333
b416b1,2015-11,0.0208333333333333
b416b1,2015-12,0.0208333333333333
b416b1,2016-01,0.0208333333333333
b416b1,2016-02,0.0638297872340425
b416b1,2016-03,0.0666666666666666
b416b1,2016-04,0.0638297872340425
b416b1,2016-05,0.0638297872340425
b416b1,2016-06,0.0638297872340425
b416b1,2016-07,0.0666666666666666
b416b1,2016-08,0.0208333333333333
b416b1,2016-09,0.0208333333333333
b416b1,2016-10,0.0208333333333333
b416b1,2016-11,0.2465753424657534
b416b1,2016-12,0.2465753424657534
b416b1,2017-01,0.3709677419354839
b416b1,2017-02,0.3709677419354839
b416b1,2017-03,0.5588235294117647
b416b1,2017-04,0.4545454545454545
b416b1,2017-05,0.4545454545454545
b416b1,2017-06,0.4545454545454545
b416b1,2017-07,0.3709677419354839
b416b1,2017-08,0.3709677419354839
b416b1,2017-09,0.3709677419354839
b416b1,2017-10,0.4545454545454545
b416b1,2017-11,0.3709677419354839
b416b1,2017-12,0.3709677419354839
b416b1,2018-01,0.3709677419354839
b416b1,2018-02,0.0674157303370786
b416b1,2018-03,0.2465753424657534
b416b1,2018-04,0.1428571428571428
b416b1,2018-05,0.0416719270586467
b416b1,2018-06,0.0666666666666666
b416b1,2018-07,0.3709677419354839
b416b1,2018-08,0.4545454545454545
b416b1,2018-09,0.4545454545454545
b416b1,2018-10,0.3709677419354839
b416b1,2018-11,0.3709677419354839
b416b1,2018-12,0.0769230769230769
b416b1,2019-01,0.0674157303370786
b416b1,2019-02,0.2465753424657534
b416b1,2019-03,0.4545454545454545
b416b1,2019-04,0.3709677419354839
b416b1,2019-05,0.4285714285714285
b416b1,2019-06,0.4545454545454545
b416b1,2019-07,0.4545454545454545
b416b1,2019-08,0.8928571428571429
b416b1,2019-09,0.8928571428571429
b416b1,2019-10,0.5588235294117647
b416b1,2019-11,0.4545454545454545
b416b1,2019-12,0.5588235294117647
b416b1,2020-01,0.5588235294117647
b416b1,2020-02,0.6744186046511629
b416b1,2020-03,0.8928571428571429
b416b1,2020-04,0.8928571428571429
b416b1,2020-05,0.9411764705882352
b416b1,2020-06,0.8928571428571429
b416b1,2020-07,0.8928571428571429
b416b1,2020-08,0.9411764705882352
b416b1,2020-09,0.9411764705882352
b416b1,2020-10,0.8928571428571429
b416b1,2020-11,0.8928571428571429
b416b1,2020-12,0.8928571428571429
b416b1,2021-01,0.8928571428571429
b416b1,2021-02,0.8928571428571429
b416b1,2021-03,0.8928571428571429
b416b1,2021-04,0.8928571428571429
b416b1,2021-05,0.8928571428571429
b416b1,2021-06,0.9411764705882352
b416b1,2021-07,0.8928571428571429
b416b1,2021-08,0.8928571428571429
b416b1,2021-09,0.5588235294117647
b416b1,2021-10,0.8928571428571429
b416b1,2021-11,0.6744186046511629
b416b1,2021-12,0.2465753424657534
b416b1,2022-01,0.5
b416b1,2022-02,0.6666666666666666
b416b1,2022-03,0.4545454545454545
b416b1,2022-04,0.4545454545454545
b416b1,2022-05,0.4545454545454545
b416b1,2022-06,0.4545454545454545
b416b1,2022-07,0.4545454545454545
b416b1,2022-08,0.4545454545454545
b416b1,2022-09,0.4545454545454545
b416b1,2022-10,0.2465753424657534
b416b1,2022-11,0.3709677419354839
b416b1,2022-12,0.4545454545454545
b416b1,2023-01,0.5588235294117647
b416b1,2023-02,0.5
b416b1,2023-03,0.6744186046511629
b416b1,2023-04,0.9411764705882352
b416b1,2023-05,1.0
b416b1,2023-06,0.8928571428571429
b416b1,2023-07,0.8928571428571429
b416b1,2023-08,0.8928571428571429
b416b1,2023-09,0.8928571428571429
b416b1,2023-10,0.8928571428571429
b416b1,2023-11,0.8928571428571429
b416b1,2023-12,0.8928571428571429
b416b1,2024-01,0.8928571428571429
b416b1,2024-02,0.9411764705882352
b416b1,2024-03,0.9411764705882352
b416b1,2024-04,1.0
b416b1,2024-05,0.9411764705882352
b416b1,2024-06,0.9411764705882352
b416b1,2024-07,0.8928571428571429
b416b1,2024-08,0.8928571428571429
b416b1,2024-09,0.8928571428571429
b416b1,2024-10,0.8928571428571429
b416b1,2024-11,0.9411764705882352
b416b1,2024-12,1.0
b416b1,2025-01,1.0
b416b1,2025-02,0.9411764705882352
b416b1,2025-03,0.9411764705882352
b416b1,2025-04,0.8928571428571429
b416b1,2025-05,0.9411764705882352
b416b1,2025-06,0.8928571428571429
b416b1,2025-07,0.8928571428571429
b416b1,2025-08,1.0
b416b1,2025-09,1.0
b416b1,2025-10,0.9411764705882352
b59bc0,2014-03,0.0638297872340425
b59bc0,2014-04,0.0638297872340425
b59bc0,2014-05,0.0454545454545454
b59bc0,2014-06,0.0454545454545454
b59bc0,2014-07,0.0454545454545454
b59bc0,2014-08,0.0454545454545454
b59bc0,2014-09,0.0208333333333333
b59bc0,2014-10,0.0454545454545454
b59bc0,2014-11,0.0638297872340425
b59bc0,2014-12,0.0454545454545454
b59bc0,2015-01,0.0454545454545454
b59bc0,2015-02,0.0454545454545454
b59bc0,2015-03,0.0208333333333333
b59bc0,2015-04,0.0674157303370786
b59bc0,2015-05,0.0674157303370786
b59bc0,2015-06,0.0674157303370786
b59bc0,2015-07,0.0454545454545454
b59bc0,2015-08,0.0638297872340425
b59bc0,2015-09,0.0208333333333333
b59bc0,2015-10,0.0454545454545454
b59bc0,2015-11,0.0
b59bc0,2015-12,0.0
b59bc0,2016-01,0.0
b59bc0,2016-02,0.0
b59bc0,2016-03,0.2465753424657534
b59bc0,2016-04,0.3709677419354839
b59bc0,2016-05,0.3709677419354839
b59bc0,2016-06,0.5588235294117647
b59bc0,2016-07,0.5588235294117647
b59bc0,2016-08,0.5588235294117647
b59bc0,2016-09,0.5588235294117647
b59bc0,2016-10,0.6744186046511629
b59bc0,2016-11,0.6744186046511629
b59bc0,2016-12,0.6744186046511629
b59bc0,2017-01,0.8757283104739465
b59bc0,2017-02,0.4545454545454545
b59bc0,2017-03,0.8928571428571429
b59bc0,2017-04,0.4545454545454545
b59bc0,2017-05,0.4545454545454545
b59bc0,2017-06,0.5588235294117647
b59bc0,2017-07,0.4545454545454545
b59bc0,2017-08,0.3709677419354839
b59bc0,2017-09,0.8928571428571429
b59bc0,2017-10,0.8928571428571429
b59bc0,2017-11,0.5588235294117647
b59bc0,2017-12,0.8928571428571429
b59bc0,2018-01,0.8928571428571429
b59bc0,2018-02,0.5588235294117647
b59bc0,2018-03,0.8928571428571429
b59bc0,2018-04,0.5588235294117647
b59bc0,2018-05,0.5588235294117647
b59bc0,2018-06,0.5588235294117647
b59bc0,2018-07,0.8928571428571429
b59bc0,2018-08,0.8928571428571429
b59bc0,2018-09,0.8928571428571429
b59bc0,2018-10,0.8928571428571429
b59bc0,2018-11,0.8928571428571429
b59bc0,2018-12,0.6744186046511629
b59bc0,2019-01,0.6744186046511629
b59bc0,2019-02,0.6666666666666666
b59bc0,2019-03,0.5588235294117647
b59bc0,2019-04,0.5588235294117647
b59bc0,2019-05,0.8836877653802837
b59bc0,2019-06,0.8
b59bc0,2019-07,0.6744186046511629
b59bc0,2019-08,0.7110373935338158
b59bc0,2019-09,0.5588235294117647
b59bc0,2019-10,0.5588235294117647
b59bc0,2019-11,0.6744186046511629
b59bc0,2019-12,0.8928571428571429
b59bc0,2020-01,0.8928571428571429
b59bc0,2020-02,1.0
b59bc0,2020-03,0.8928571428571429
b59bc0,2020-04,1.0
b59bc0,2020-05,1.0
b59bc0,2020-06,1.0
b59bc0,2020-07,1.0
b59bc0,2020-08,1.0
b59bc0,2020-09,0.6744186046511629
b59bc0,2020-10,0.8928571428571429
b59bc0,2020-11,1.0
b59bc0,2020-12,0.8928571428571429
b59bc0,2021-01,0.8928571428571429
b59bc0,2021-02,0.8928571428571429
b59bc0,2021-03,0.8928571428571429
b59bc0,2021-04,0.9411764705882352
b59bc0,2021-05,0.9411764705882352
b59bc0,2021-06,0.6744186046511629
b59bc0,2021-07,0.6744186046511629
b59bc0,2021-08,1.0
b59bc0,2021-09,1.0
b59bc0,2021-10,1.0
b59bc0,2021-11,1.0
b59bc0,2021-12,0.9411764705882352
b59bc0,2022-01,0.8928571428571429
b59bc0,2022-02,0.6744186046511629
b59bc0,2022-03,1.0
b59bc0,2022-04,0.8928571428571429
b59bc0,2022-05,0.6744186046511629
b59bc0,2022-06,0.6744186046511629
b59bc0,2022-07,0.9411764705882352
b59bc0,2022-08,0.8928571428571429
b59bc0,2022-09,0.5588235294117647
b59bc0,2022-10,0.8928571428571429
b59bc0,2022-11,0.8928571428571429
b59bc0,2022-12,0.6744186046511629
b59bc0,2023-01,0.8928571428571429
b59bc0,2023-02,1.0
b59bc0,2023-03,1.0
b59bc0,2023-04,0.8928571428571429
b59bc0,2023-05,0.9411764705882352
b59bc0,2023-06,0.6744186046511629
b59bc0,2023-07,0.6744186046511629
b59bc0,2023-08,0.6744186046511629
b59bc0,2023-09,0.8928571428571429
b59bc0,2023-10,0.8928571428571429
b59bc0,2023-11,0.8928571428571429
b59bc0,2023-12,0.8928571428571429
b59bc0,2024-01,0.8928571428571429
b59bc0,2024-02,0.8928571428571429
b59bc0,2024-03,0.8928571428571429
b59bc0,2024-04,0.9411764705882352
b59bc0,2024-05,0.9411764705882352
b59bc0,2024-06,0.8928571428571429
b59bc0,2024-07,1.0
b59bc0,2024-08,1.0
b59bc0,2024-09,1.0
b59bc0,2024-10,1.0
b59bc0,2024-11,0.8928571428571429
b59bc0,2024-12,1.0
b59bc0,2025-01,0.8928571428571429
b59bc0,2025-02,0.8928571428571429
b59bc0,2025-03,0.8928571428571429
b59bc0,2025-04,0.9411764705882352
b59bc0,2025-05,1.0
b59bc0,2025-06,0.8928571428571429
b59bc0,2025-07,0.9411764705882352
b59bc0,2025-08,0.9411764705882352
b644ac,2024-02,0.0208333333333333
b644ac,2024-03,0.0674157303370786
b644ac,2024-04,0.0638297872340425
b644ac,2024-05,0.0674157303370786
b644ac,2024-06,0.0674157303370786
b644ac,2024-07,0.0454545454545454
b644ac,2024-08,0.0666666666666666
b644ac,2024-09,0.0674157303370786
b644ac,2024-10,0.0666666666666666
b644ac,2024-11,0.0638297872340425
b644ac,2024-12,0.0208333333333333
b644ac,2025-01,0.0638297872340425
b644ac,2025-02,0.0638297872340425
b644ac,2025-03,0.0638297872340425
b644ac,2025-04,0.0638297872340425
b644ac,2025-05,0.0674157303370786
b644ac,2025-06,0.0674157303370786
b644ac,2025-07,0.0666666666666666
b644ac,2025-08,0.0666666666666666
b73bc7,2014-03,0.0208333333333333
b73bc7,2014-04,0.0208333333333333
b73bc7,2014-05,0.0454545454545454
b73bc7,2014-06,0.0
b73bc7,2014-07,0.0638297872340425
b73bc7,2014-08,0.0454545454545454
b73bc7,2014-09,0.0674157303370786
b73bc7,2014-10,0.0674157303370786
b73bc7,2014-11,0.0674157303370786
b73bc7,2014-12,0.0674157303370786
b73bc7,2015-01,0.0674157303370786
b73bc7,2015-02,0.0638297872340425
b73bc7,2015-03,0.0638297872340425
b73bc7,2015-04,0.0674157303370786
b73bc7,2015-05,0.0208333333333333
b73bc7,2015-06,0.0
b73bc7,2015-07,0.0208333333333333
b73bc7,2015-08,0.0
b73bc7,2015-09,0.0
b73bc7,2016-01,0.0
b73bc7,2016-02,0.0208333333333333
b73bc7,2016-03,0.1714285714285714
b73bc7,2016-04,0.0769230769230769
b73bc7,2016-05,0.1714285714285714
b73bc7,2016-06,0.2465753424657534
b73bc7,2016-07,0.2465753424657534
b73bc7,2016-08,0.3709677419354839
b73bc7,2016-09,0.3709677419354839
b73bc7,2016-10,0.3709677419354839
b73bc7,2016-11,0.2465753424657534
b73bc7,2016-12,0.4545454545454545
b73bc7,2017-01,0.4545454545454545
b73bc7,2017-02,0.3846153846153846
b73bc7,2017-03,0.5588235294117647
b73bc7,2017-04,0.5588235294117647
b73bc7,2017-05,0.4545454545454545
b73bc7,2017-06,0.4545454545454545
b73bc7,2017-07,0.3846153846153846
b73bc7,2017-08,0.4545454545454545
b73bc7,2017-09,0.6744186046511629
b73bc7,2017-10,0.8
b73bc7,2017-11,0.8928571428571429
b73bc7,2017-12,0.5588235294117647
b73bc7,2018-01,0.6744186046511629
b73bc7,2018-02,0.4545454545454545
b73bc7,2018-03,0.5588235294117647
b73bc7,2018-04,0.3709677419354839
b73bc7,2018-05,0.4545454545454545
b73bc7,2018-06,0.8928571428571429
b73bc7,2018-07,0.8928571428571429
b73bc7,2018-08,0.8928571428571429
b73bc7,2018-09,0.8928571428571429
b73bc7,2018-10,0.8928571428571429
b73bc7,2018-11,0.8928571428571429
b73bc7,2018-12,0.6744186046511629
b73bc7,2019-01,0.8928571428571429
b73bc7,2019-02,0.5588235294117647
b73bc7,2019-03,0.8928571428571429
b73bc7,2019-04,0.8928571428571429
b73bc7,2019-05,0.8928571428571429
b73bc7,2019-06,0.8928571428571429
b73bc7,2019-07,1.0
b73bc7,2019-08,0.9411764705882352
b73bc7,2019-09,0.8928571428571429
b73bc7,2019-10,1.0
b73bc7,2019-11,0.8928571428571429
b73bc7,2019-12,1.0
b73bc7,2020-01,0.8928571428571429
b73bc7,2020-02,0.8928571428571429
b73bc7,2020-03,1.0
b73bc7,2020-04,1.0
b73bc7,2020-05,0.5588235294117647
b73bc7,2020-06,0.6744186046511629
b73bc7,2020-07,1.0
b73bc7,2020-08,1.0
b73bc7,2020-09,1.0
b73bc7,2020-10,1.0
b73bc7,2020-11,1.0
b73bc7,2020-12,1.0
b73bc7,2021-01,0.5982558482199147
b73bc7,2021-02,0.5588235294117647
b73bc7,2021-03,1.0
b73bc7,2021-04,0.5588235294117647
b73bc7,2021-05,0.8928571428571429
b73bc7,2021-06,1.0
b73bc7,2021-07,1.0
b73bc7,2021-08,0.9411764705882352
b73bc7,2021-09,1.0
b73bc7,2021-10,1.0
b73bc7,2021-11,1.0
b73bc7,2021-12,1.0
b73bc7,2022-01,0.9411764705882352
b73bc7,2022-02,0.9411764705882352
b73bc7,2022-03,1.0
b73bc7,2022-04,1.0
b73bc7,2022-05,1.0
b73bc7,2022-06,0.9694789578843632
b73bc7,2022-07,1.0
b73bc7,2022-08,1.0
b73bc7,2022-09,1.0
b73bc7,2022-10,1.0
b73bc7,2022-11,1.0
b73bc7,2022-12,1.0
b73bc7,2023-01,1.0
b73bc7,2023-02,1.0
b73bc7,2023-03,1.0
b73bc7,2023-04,1.0
b73bc7,2023-05,0.9411764705882352
b73bc7,2023-06,0.9411764705882352
b73bc7,2023-07,1.0
b73bc7,2023-08,1.0
b73bc7,2023-09,0.9411764705882352
b73bc7,2023-10,1.0
b73bc7,2023-11,1.0
b73bc7,2023-12,1.0
b73bc7,2024-01,1.0
b73bc7,2024-02,1.0
b73bc7,2024-03,1.0
b73bc7,2024-04,0.8928571428571429
b73bc7,2024-05,0.9411764705882352
b73bc7,2024-06,0.9411764705882352
b73bc7,2024-07,1.0
b73bc7,2024-08,0.8928571428571429
b73bc7,2024-09,1.0
b73bc7,2024-10,1.0
b73bc7,2024-11,1.0
b73bc7,2024-12,1.0
b73bc7,2025-01,1.0
b73bc7,2025-02,0.6744186046511629
b73bc7,2025-03,0.8928571428571429
b73bc7,2025-04,0.6744186046511629
b73bc7,2025-05,0.8928571428571429
b73bc7,2025-06,0.8928571428571429
b73bc7,2025-07,0.9411764705882352
b73bc7,2025-08,1.0
b73bc7,2025-09,0.8928571428571429
bc4c03,2014-05,0.0638297872340425
bc4c03,2014-06,0.0454545454545454
bc4c03,2014-07,0.0674157303370786
bc4c03,2014-08,0.0674157303370786
bc4c03,2014-09,0.0674157303370786
bc4c03,2014-10,0.0674157303370786
bc4c03,2014-11,0.0666666666666666
bc4c03,2014-12,0.0674157303370786
bc4c03,2015-01,0.0638297872340425
bc4c03,2015-02,0.0454545454545454
bc4c03,2015-03,0.0638297872340425
bc4c03,2015-04,0.0674157303370786
bc4c03,2015-05,0.0638297872340425
bc4c03,2015-06,0.0
bc4c03,2015-07,0.0
bc4c03,2015-08,0.0208333333333333
bc4c03,2015-09,0.0208333333333333
bc4c03,2015-10,0.0
bc4c03,2015-11,0.0
bc4c03,2015-12,0.0
bc4c03,2016-01,0.0
bc4c03,2016-02,0.0
bc4c03,2016-03,0.0
bc4c03,2016-04,0.0
bc4c03,2016-05,0.2465753424657534
bc4c03,2016-06,0.2465753424657534
bc4c03,2016-07,0.3844207188673445
bc4c03,2016-08,0.4545454545454545
bc4c03,2016-09,0.3709677419354839
bc4c03,2016-10,0.4545454545454545
bc4c03,2016-11,0.3709677419354839
bc4c03,2016-12,0.3709677419354839
bc4c03,2017-01,0.3846153846153846
bc4c03,2017-02,0.3709677419354839
bc4c03,2017-03,0.2465753424657534
bc4c03,2017-04,0.0769230769230769
bc4c03,2017-05,0.5
bc4c03,2017-06,0.1714285714285714
bc4c03,2017-07,0.1714285714285714
bc4c03,2017-08,0.123416923019096
bc4c03,2017-09,0.0769230769230769
bc4c03,2017-10,0.1714285714285714
bc4c03,2017-11,0.1714285714285714
bc4c03,2017-12,0.2465753424657534
bc4c03,2018-01,0.0674157303370786
bc4c03,2018-02,0.0674157303370786
bc4c03,2018-03,0.2465753424657534
bc4c03,2018-04,0.0454545454545454
bc4c03,2018-05,0.0208333333333333
bc4c03,2018-06,0.0454545454545454
bc4c03,2018-07,0.2465753424657534
bc4c03,2018-08,0.2465753424657534
bc4c03,2018-09,0.3709677419354839
bc4c03,2018-10,0.4545454545454545
bc4c03,2018-11,0.5588235294117647
bc4c03,2018-12,0.3709677419354839
bc4c03,2019-01,0.8928571428571429
bc4c03,2019-02,0.2465753424657534
bc4c03,2019-03,0.5588235294117647
bc4c03,2019-04,0.4545454545454545
bc4c03,2019-05,0.4545454545454545
bc4c03,2019-06,0.4285714285714285
bc4c03,2019-07,0.4545454545454545
bc4c03,2019-08,0.4545454545454545
bc4c03,2019-09,0.4545454545454545
bc4c03,2019-10,0.6744186046511629
bc4c03,2019-11,0.8928571428571429
bc4c03,2019-12,0.8928571428571429
bc4c03,2020-01,0.8928571428571429
bc4c03,2020-02,0.6744186046511629
bc4c03,2020-03,1.0
bc4c03,2020-04,1.0
bc4c03,2020-05,1.0
bc4c03,2020-06,0.6744186046511629
bc4c03,2021-05,0.5588235294117647
bc4c03,2021-06,0.8928571428571429
bc4c03,2021-07,0.8928571428571429
bc4c03,2021-08,0.8928571428571429
bc4c03,2021-09,0.6744186046511629
bc4c03,2021-10,0.8928571428571429
bc4c03,2021-11,1.0
bc4c03,2021-12,1.0
bc4c03,2022-01,0.9411764705882352
bc4c03,2022-02,0.8928571428571429
bc4c03,2022-03,1.0
bc4c03,2022-04,0.5588235294117647
bc4c03,2022-05,0.9411764705882352
bc4c03,2022-06,0.5588235294117647
bc4c03,2022-07,0.8788827755329356
bc4c03,2022-08,0.5588235294117647
bc4c03,2022-09,0.6666666666666666
bc4c03,2022-10,0.8
bc4c03,2022-11,0.9411764705882352
bc4c03,2022-12,0.9411764705882352
bc4c03,2023-01,0.8928571428571429
bc4c03,2023-02,0.6666666666666666
bc4c03,2023-03,0.8928571428571429
bc4c03,2023-04,0.8928571428571429
bc4c03,2023-05,0.5588235294117647
bc4c03,2023-06,0.8928571428571429
bc4c03,2023-07,0.8928571428571429
bc4c03,2023-08,1.0
bc4c03,2023-09,0.8928571428571429
bc4c03,2023-10,1.0
bc4c03,2023-11,1.0
bc4c03,2023-12,0.8928571428571429
bc4c03,2024-01,0.8928571428571429
bc4c03,2024-02,0.8928571428571429
bc4c03,2024-03,0.8928571428571429
bc4c03,2024-04,0.8928571428571429
bc4c03,2024-05,0.8928571428571429
bc4c03,2024-06,0.8928571428571429
bc4c03,2024-07,0.8928571428571429
bc4c03,2024-08,0.8928571428571429
bc4c03,2024-09,0.8928571428571429
bc4c03,2024-10,1.0
bc4c03,2024-11,0.8928571428571429
bc4c03,2024-12,0.8928571428571429
bc4c03,2025-01,1.0
bc4c03,2025-02,0.9411764705882352
bc4c03,2025-03,1.0
bc4c03,2025-04,0.9411764705882352
bc4c03,2025-05,0.9411764705882352
bc4c03,2025-06,0.8928571428571429
bc4c03,2025-07,0.8928571428571429
bc4c03,2025-08,0.8928571428571429
bf6f0d,2014-04,0.0208333333333333
bf6f0d,2014-05,0.0208333333333333
bf6f0d,2014-06,0.0454545454545454
bf6f0d,2014-07,0.0674157303370786
bf6f0d,2014-08,0.0454545454545454
bf6f0d,2014-09,0.0674157303370786
bf6f0d,2014-10,0.0454545454545454
bf6f0d,2014-11,0.0208333333333333
bf6f0d,2014-12,0.0
bf6f0d,2015-01,0.0
bf6f0d,2015-02,0.0208333333333333
bf6f0d,2015-03,0.0208333333333333
bf6f0d,2015-04,0.0454545454545454
bf6f0d,2015-05,0.0666666666666666
bf6f0d,2015-06,0.0208333333333333
bf6f0d,2015-07,0.0208333333333333
bf6f0d,2015-08,0.0
bf6f0d,2015-09,0.0
bf6f0d,2015-10,0.0074899308038993
bf6f0d,2015-11,0.0139119989881841
bf6f0d,2015-12,0.0
bf6f0d,2016-01,0.0208333333333333
bf6f0d,2016-02,0.0
bf6f0d,2016-03,0.0208333333333333
bf6f0d,2016-04,0.1714285714285714
bf6f0d,2016-05,0.2465753424657534
bf6f0d,2016-06,0.3709677419354839
bf6f0d,2016-07,0.3846153846153846
bf6f0d,2016-08,0.3846153846153846
bf6f0d,2016-09,0.3709677419354839
bf6f0d,2016-10,0.2465753424657534
bf6f0d,2016-11,0.2465753424657534
bf6f0d,2016-12,0.2465753424657534
bf6f0d,2017-01,0.2465753424657534
bf6f0d,2017-02,0.0674157303370786
bf6f0d,2017-03,0.1714285714285714
bf6f0d,2017-04,0.0454545454545454
bf6f0d,2017-05,0.5588235294117647
bf6f0d,2017-06,0.3709677419354839
bf6f0d,2017-07,0.2465753424657534
bf6f0d,2017-08,0.2465753424657534
bf6f0d,2017-09,0.2465753424657534
bf6f0d,2017-10,0.4545454545454545
bf6f0d,2017-11,0.3709677419354839
bf6f0d,2017-12,0.3709677419354839
bf6f0d,2018-01,0.2465753424657534
bf6f0d,2018-02,0.0674157303370786
bf6f0d,2018-03,0.3709677419354839
bf6f0d,2018-04,0.1714285714285714
bf6f0d,2018-05,0.0208333333333333
bf6f0d,2018-06,0.0638297872340425
bf6f0d,2018-07,0.3846153846153846
bf6f0d,2018-08,0.4545454545454545
bf6f0d,2018-09,0.4545454545454545
bf6f0d,2018-10,0.4545454545454545
bf6f0d,2018-11,0.4545454545454545
bf6f0d,2018-12,0.4545454545454545
bf6f0d,2019-01,0.4545454545454545
bf6f0d,2019-02,0.1714285714285714
bf6f0d,2019-03,0.4545454545454545
bf6f0d,2019-04,0.4545454545454545
bf6f0d,2019-05,0.3709677419354839
bf6f0d,2019-06,0.3709677419354839
bf6f0d,2019-07,0.5588235294117647
bf6f0d,2019-08,0.3709677419354839
bf6f0d,2019-09,0.3709677419354839
bf6f0d,2019-10,0.6744186046511629
bf6f0d,2019-11,0.6744186046511629
bf6f0d,2019-12,0.8928571428571429
bf6f0d,2020-01,0.8928571428571429
bf6f0d,2020-02,0.8928571428571429
bf6f0d,2020-03,0.8928571428571429
bf6f0d,2020-04,0.8928571428571429
bf6f0d,2020-05,0.8928571428571429
bf6f0d,2020-06,0.8928571428571429
bf6f0d,2020-07,0.5588235294117647
bf6f0d,2020-08,0.5588235294117647
bf6f0d,2020-09,0.8928571428571429
bf6f0d,2020-10,0.8928571428571429
bf6f0d,2020-11,0.8928571428571429
bf6f0d,2020-12,0.6744186046511629
bf6f0d,2021-01,0.6744186046511629
bf6f0d,2021-02,0.8928571428571429
bf6f0d,2021-03,0.8928571428571429
bf6f0d,2021-04,0.8928571428571429
bf6f0d,2021-05,0.8928571428571429
bf6f0d,2021-06,0.8928571428571429
bf6f0d,2021-07,0.4545454545454545
bf6f0d,2021-08,0.3709677419354839
bf6f0d,2021-09,0.4545454545454545
bf6f0d,2021-10,0.4545454545454545
bf6f0d,2021-11,0.8928571428571429
bf6f0d,2021-12,0.8928571428571429
bf6f0d,2022-01,1.0
bf6f0d,2022-02,0.9411764705882352
bf6f0d,2022-03,0.8928571428571429
bf6f0d,2022-04,0.5588235294117647
bf6f0d,2022-05,0.6666666666666666
bf6f0d,2022-06,0.4545454545454545
bf6f0d,2022-07,0.5588235294117647
bf6f0d,2022-08,0.4545454545454545
bf6f0d,2022-09,0.4545454545454545
bf6f0d,2022-10,0.5331755314803506
bf6f0d,2022-11,0.5588235294117647
bf6f0d,2022-12,0.8928571428571429
bf6f0d,2023-01,0.9411764705882352
bf6f0d,2023-02,0.5067934224947982
bf6f0d,2023-03,0.8928571428571429
bf6f0d,2023-04,0.6744186046511629
bf6f0d,2023-05,0.9411764705882352
bf6f0d,2023-06,0.5588235294117647
bf6f0d,2023-07,0.6744186046511629
bf6f0d,2023-08,0.8928571428571429
bf6f0d,2023-09,0.5588235294117647
bf6f0d,2023-10,0.5588235294117647
bf6f0d,2023-11,1.0
bf6f0d,2023-12,1.0
bf6f0d,2024-01,0.9411764705882352
bf6f0d,2024-02,0.8928571428571429
bf6f0d,2024-03,0.8574963382536908
bf6f0d,2024-04,0.8928571428571429
bf6f0d,2024-05,0.8928571428571429
bf6f0d,2024-06,0.6666666666666666
bf6f0d,2024-07,0.6744186046511629
bf6f0d,2024-08,0.8928571428571429
bf6f0d,2024-09,0.6744186046511629
bf6f0d,2024-10,0.8928571428571429
bf6f0d,2024-11,0.6744186046511629
bf6f0d,2024-12,0.8928571428571429
bf6f0d,2025-01,0.8928571428571429
bf6f0d,2025-02,0.8928571428571429
bf6f0d,2025-03,0.8928571428571429
bf6f0d,2025-04,0.9411764705882352
bf6f0d,2025-05,1.0
bf6f0d,2025-06,0.6744186046511629
bf6f0d,2025-07,0.8928571428571429
bf6f0d,2025-08,0.6744186046511629
bf6f0d,2025-09,0.8928571428571429
bfbeef,2014-12,0.0
bfbeef,2015-01,0.0
bfbeef,2015-02,0.0
bfbeef,2015-03,0.0
bfbeef,2015-04,0.0
bfbeef,2015-05,0.0208333333333333
bfbeef,2015-06,0.0208333333333333
bfbeef,2015-07,0.0208333333333333
bfbeef,2015-08,0.0208333333333333
bfbeef,2015-09,0.0454545454545454
bfbeef,2015-10,0.0
bfbeef,2015-11,0.0
bfbeef,2015-12,0.0
bfbeef,2016-01,0.0
bfbeef,2016-02,0.0
bfbeef,2016-03,0.0
bfbeef,2016-04,0.0
bfbeef,2016-05,0.0208333333333333
bfbeef,2016-06,0.0454545454545454
bfbeef,2016-07,0.0208333333333333
bfbeef,2016-08,0.0454545454545454
bfbeef,2016-09,0.0208333333333333
bfbeef,2016-10,0.0208333333333333
bfbeef,2016-11,0.0
bfbeef,2016-12,0.3846153846153846
bfbeef,2017-01,0.2465753424657534
bfbeef,2017-02,0.3709677419354839
bfbeef,2017-03,0.3709677419354839
bfbeef,2017-04,0.3709677419354839
bfbeef,2017-05,0.3709677419354839
bfbeef,2017-06,0.4545454545454545
bfbeef,2017-07,0.5588235294117647
bfbeef,2017-08,0.4545454545454545
bfbeef,2017-09,0.4545454545454545
bfbeef,2017-10,0.4285714285714285
bfbeef,2017-11,0.3709677419354839
bfbeef,2017-12,0.3709677419354839
bfbeef,2018-01,0.2465753424657534
bfbeef,2018-02,0.2465753424657534
bfbeef,2018-03,0.2465753424657534
bfbeef,2018-04,0.2465753424657534
bfbeef,2018-05,0.3709677419354839
bfbeef,2018-06,0.2465753424657534
bfbeef,2018-07,0.3846153846153846
bfbeef,2018-08,0.4545454545454545
bfbeef,2018-09,0.2465753424657534
bfbeef,2018-10,0.3709677419354839
bfbeef,2018-11,0.3709677419354839
bfbeef,2018-12,0.3748027411521715
bfbeef,2019-01,0.1714285714285714
bfbeef,2019-02,0.1714285714285714
bfbeef,2019-03,0.4545454545454545
bfbeef,2019-04,0.4545454545454545
bfbeef,2019-05,0.4545454545454545
bfbeef,2019-06,0.5588235294117647
bfbeef,2019-07,0.4545454545454545
bfbeef,2019-08,0.5016333328754313
bfbeef,2019-09,0.5588235294117647
bfbeef,2019-10,0.4545454545454545
bfbeef,2019-11,0.4545454545454545
bfbeef,2019-12,0.5
bfbeef,2020-01,0.4545454545454545
bfbeef,2020-02,0.4545454545454545
bfbeef,2020-03,0.5901823215442963
bfbeef,2020-05,0.8928571428571429
bfbeef,2020-06,0.8928571428571429
bfbeef,2020-07,0.5588235294117647
bfbeef,2020-08,0.8928571428571429
bfbeef,2020-09,0.6744186046511629
bfbeef,2020-10,0.6744186046511629
bfbeef,2020-11,0.5588235294117647
bfbeef,2020-12,0.5588235294117647
bfbeef,2021-01,0.5588235294117647
bfbeef,2021-02,0.6702931440390704
bfbeef,2021-03,0.5588235294117647
bfbeef,2021-04,0.4545454545454545
bfbeef,2021-05,0.5588235294117647
bfbeef,2021-06,0.5
bfbeef,2021-07,0.4545454545454545
bfbeef,2021-08,0.4545454545454545
bfbeef,2021-09,0.4545454545454545
bfbeef,2021-10,0.4285714285714285
bfbeef,2021-11,0.4545454545454545
bfbeef,2021-12,0.4545454545454545
bfbeef,2022-01,0.4545454545454545
bfbeef,2022-02,0.4545454545454545
bfbeef,2022-03,0.4545454545454545
bfbeef,2022-04,0.5588235294117647
bfbeef,2022-05,0.5283123924794146
bfbeef,2022-06,0.6666666666666666
bfbeef,2022-07,0.4545454545454545
bfbeef,2022-08,0.4545454545454545
bfbeef,2022-09,0.5
bfbeef,2022-10,0.5588235294117647
bfbeef,2022-11,0.4545454545454545
bfbeef,2022-12,0.4545454545454545
bfbeef,2023-01,0.5588235294117647
bfbeef,2023-02,0.5588235294117647
bfbeef,2023-03,0.6744186046511629
bfbeef,2023-04,1.0
bfbeef,2023-05,0.8928571428571429
bfbeef,2023-06,0.8928571428571429
bfbeef,2023-07,0.8928571428571429
bfbeef,2023-08,0.8928571428571429
bfbeef,2023-09,0.8928571428571429
bfbeef,2023-10,0.6744186046511629
bfbeef,2023-11,0.6744186046511629
bfbeef,2023-12,0.6744186046511629
bfbeef,2024-01,0.6744186046511629
bfbeef,2024-02,0.6744186046511629
bfbeef,2024-03,0.8928571428571429
bfbeef,2024-04,0.8928571428571429
bfbeef,2024-05,0.6744186046511629
bfbeef,2024-06,0.6666666666666666
bfbeef,2024-07,0.6744186046511629
bfbeef,2024-08,0.6744186046511629
bfbeef,2024-09,0.5588235294117647
bfbeef,2024-10,0.5588235294117647
bfbeef,2024-11,0.5588235294117647
bfbeef,2024-12,0.6744186046511629
bfbeef,2025-01,0.5588235294117647
bfbeef,2025-02,0.5899565401396771
bfbeef,2025-03,0.6744186046511629
bfbeef,2025-04,0.6744186046511629
bfbeef,2025-05,0.8928571428571429
bfbeef,2025-06,0.6744186046511629
bfbeef,2025-07,0.6744186046511629
bfbeef,2025-08,0.8928571428571429
bfbeef,2025-09,0.8928571428571429
c0f884,2025-06,0.0638297872340425
c0f884,2025-07,0.0666666666666666
c0f884,2025-08,0.0674157303370786
c0f884,2025-09,0.0674157303370786
c3a69f,2014-06,0.0638297872340425
c3a69f,2014-07,0.0454545454545454
c3a69f,2014-08,0.0208333333333333
c3a69f,2014-09,0.0454545454545454
c3a69f,2014-10,0.0638297872340425
c3a69f,2014-11,0.0671998137374211
c3a69f,2014-12,0.0454545454545454
c3a69f,2015-01,0.0454545454545454
c3a69f,2015-02,0.0638297872340425
c3a69f,2015-03,0.0208333333333333
c3a69f,2015-04,0.0642506998172561
c3a69f,2015-05,0.0
c3a69f,2015-06,0.0
c3a69f,2015-07,0.0208333333333333
c3a69f,2015-08,0.0
c3a69f,2015-09,0.0
c3a69f,2015-10,0.0
c3a69f,2015-11,0.0
c3a69f,2015-12,0.0
c3a69f,2016-01,0.0
c3a69f,2016-02,0.0
c3a69f,2016-03,0.0
c3a69f,2016-04,0.0
c3a69f,2016-05,0.0
c3a69f,2016-06,0.0674157303370786
c3a69f,2016-07,0.0674157303370786
c3a69f,2016-08,0.0674157303370786
c3a69f,2016-09,0.0674157303370786
c3a69f,2016-10,0.0674157303370786
c3a69f,2016-11,0.0674157303370786
c3a69f,2016-12,0.0638297872340425
c3a69f,2017-01,0.0454545454545454
c3a69f,2017-02,0.0674157303370786
c3a69f,2017-03,0.1714285714285714
c3a69f,2017-04,0.0674157303370786
c3a69f,2017-05,0.3772040300740416
c3a69f,2017-06,0.0674157303370786
c3a69f,2017-07,0.0674157303370786
c3a69f,2017-08,0.2465753424657534
c3a69f,2017-09,0.1714285714285714
c3a69f,2017-10,0.2465753424657534
c3a69f,2017-11,0.1714285714285714
c3a69f,2017-12,0.2465753424657534
c3a69f,2018-01,0.0454545454545454
c3a69f,2018-02,0.1714285714285714
c3a69f,2018-03,0.0674157303370786
c3a69f,2018-04,0.0674157303370786
c3a69f,2018-05,0.0769230769230769
c3a69f,2018-06,0.0674157303370786
c3a69f,2018-07,0.2465753424657534
c3a69f,2018-08,0.2465753424657534
c3a69f,2018-09,0.2465753424657534
c3a69f,2018-10,0.4545454545454545
c3a69f,2018-11,0.4545454545454545
c3a69f,2018-12,0.2465753424657534
c3a69f,2019-01,0.2465753424657534
c3a69f,2019-02,0.1428571428571428
c3a69f,2019-03,0.0769230769230769
c3a69f,2019-04,0.1428571428571428
c3a69f,2019-05,0.0769230769230769
c3a69f,2019-06,0.1714285714285714
c3a69f,2019-07,0.3709677419354839
c3a69f,2019-08,0.3846153846153846
c3a69f,2019-09,0.4545454545454545
c3a69f,2019-10,0.4545454545454545
c3a69f,2019-11,0.4545454545454545
c3a69f,2019-12,0.5588235294117647
c3a69f,2020-01,0.5588235294117647
c3a69f,2020-02,0.4545454545454545
c3a69f,2020-03,0.5588235294117647
c3a69f,2020-04,0.8928571428571429
c3a69f,2020-05,0.8928571428571429
c3a69f,2020-06,0.6744186046511629
c3a69f,2020-07,0.6744186046511629
c3a69f,2020-08,0.8
c3a69f,2020-09,0.8928571428571429
c3a69f,2020-10,0.8928571428571429
c3a69f,2020-11,0.8928571428571429
c3a69f,2020-12,0.8928571428571429
c3a69f,2021-01,0.8928571428571429
c3a69f,2021-02,0.8928571428571429
c3a69f,2021-03,0.8928571428571429
c3a69f,2021-04,0.8928571428571429
c3a69f,2021-05,0.8928571428571429
c3a69f,2021-06,0.8928571428571429
c3a69f,2021-07,0.8928571428571429
c3a69f,2021-08,0.8928571428571429
c3a69f,2021-09,0.8928571428571429
c3a69f,2021-10,0.8928571428571429
c3a69f,2021-11,0.4545454545454545
c3a69f,2021-12,0.6744186046511629
c3a69f,2022-01,0.6744186046511629
c3a69f,2022-02,0.3709677419354839
c3a69f,2022-03,0.8928571428571429
c3a69f,2022-04,0.4545454545454545
c3a69f,2022-05,0.8928571428571429
c3a69f,2022-06,0.5588235294117647
c3a69f,2022-07,0.8928571428571429
c3a69f,2022-08,0.8928571428571429
c3a69f,2022-09,0.8928571428571429
c3a69f,2022-10,0.8928571428571429
c3a69f,2022-11,0.8928571428571429
c3a69f,2022-12,0.8928571428571429
c3a69f,2023-01,0.8928571428571429
c3a69f,2023-02,0.8928571428571429
c3a69f,2023-03,0.4285714285714285
c3a69f,2023-04,0.3783094505395932
c3a69f,2023-05,0.4545454545454545
c3a69f,2023-06,0.6744186046511629
c3a69f,2023-07,0.4285714285714285
c3a69f,2023-08,0.4545454545454545
c3a69f,2023-09,0.3709677419354839
c3a69f,2023-10,0.3709677419354839
c3a69f,2023-11,0.2465753424657534
c3a69f,2023-12,0.2465753424657534
c3a69f,2024-01,0.4545454545454545
c3a69f,2024-02,0.4545454545454545
c3a69f,2024-03,0.4545454545454545
c3a69f,2024-04,0.4545454545454545
c3a69f,2024-05,0.6666666666666666
c3a69f,2024-06,0.4545454545454545
c3a69f,2024-07,0.5
c3a69f,2024-08,0.5588235294117647
c3a69f,2024-09,0.5588235294117647
c3a69f,2024-10,0.5588235294117647
c3a69f,2024-11,0.5588235294117647
c3a69f,2024-12,0.5588235294117647
c3a69f,2025-01,0.8928571428571429
c3a69f,2025-02,0.8928571428571429
c3a69f,2025-03,0.8928571428571429
c3a69f,2025-04,0.8928571428571429
c3a69f,2025-05,1.0
c3a69f,2025-06,0.8928571428571429
c3a69f,2025-07,0.8928571428571429
c3a69f,2025-08,0.8928571428571429
c48018,2014-05,0.0208333333333333
c48018,2014-06,0.0638297872340425
c48018,2014-07,0.0208333333333333
c48018,2014-08,0.0208333333333333
c48018,2014-09,0.0454545454545454
c48018,2014-10,0.0208333333333333
c48018,2014-11,0.0208333333333333
c48018,2014-12,0.0208333333333333
c48018,2015-01,0.0208333333333333
c48018,2015-02,0.0208333333333333
c48018,2015-03,0.0208333333333333
c48018,2015-04,0.0674157303370786
c48018,2015-05,0.0208333333333333
c48018,2015-06,0.0208333333333333
c48018,2015-07,0.0208333333333333
c48018,2015-08,0.0
c48018,2015-10,0.0
c48018,2015-11,0.0
c48018,2015-12,0.0
c48018,2016-01,0.0
c48018,2016-02,0.0
c48018,2016-03,0.0
c48018,2016-04,0.0
c48018,2016-05,0.1714285714285714
c48018,2016-06,0.2465753424657534
c48018,2016-07,0.377864416650691
c48018,2016-08,0.3709677419354839
c48018,2016-09,0.3709677419354839
c48018,2016-10,0.3709677419354839
c48018,2016-11,0.4545454545454545
c48018,2016-12,0.4285714285714285
c48018,2017-01,0.3846153846153846
c48018,2017-02,0.1714285714285714
c48018,2017-03,0.2465753424657534
c48018,2017-04,0.1714285714285714
c48018,2017-05,0.2465753424657534
c48018,2017-06,0.2465753424657534
c48018,2017-07,0.1428571428571428
c48018,2017-08,0.0769230769230769
c48018,2017-09,0.0674157303370786
c48018,2017-10,0.0674157303370786
c48018,2017-11,0.0674157303370786
c48018,2017-12,0.1714285714285714
c48018,2018-01,0.2465753424657534
c48018,2018-02,0.0769230769230769
c48018,2018-03,0.0769230769230769
c48018,2018-04,0.0674157303370786
c48018,2018-05,0.1702391915181928
c48018,2018-06,0.1714285714285714
c48018,2018-07,0.3700440827739478
c48018,2018-08,0.37453237257904
c48018,2018-09,0.4545454545454545
c48018,2018-10,0.4545454545454545
c48018,2018-11,0.4545454545454545
c48018,2018-12,0.3709677419354839
c48018,2019-01,0.2465753424657534
c48018,2019-02,0.3709677419354839
c48018,2019-03,0.3709677419354839
c48018,2019-04,0.4545454545454545
c48018,2019-05,0.3709677419354839
c48018,2019-06,0.4545454545454545
c48018,2019-07,0.4545454545454545
c48018,2019-08,0.4545454545454545
c48018,2019-09,0.4545454545454545
c48018,2019-10,0.5588235294117647
c48018,2019-11,0.5588235294117647
c48018,2019-12,0.6744186046511629
c48018,2020-01,0.6744186046511629
c48018,2020-02,0.7387634576064412
c48018,2020-03,0.8928571428571429
c48018,2020-04,0.9411764705882352
c48018,2020-05,0.8928571428571429
c48018,2020-06,0.8928571428571429
c48018,2020-07,0.8928571428571429
c48018,2020-08,0.8928571428571429
c48018,2020-09,0.6744186046511629
c48018,2020-10,0.5588235294117647
c48018,2020-11,0.6744186046511629
c48018,2020-12,0.5588235294117647
c48018,2021-01,0.5588235294117647
c48018,2021-02,0.6398245718544198
c48018,2021-03,0.5588235294117647
c48018,2021-04,0.5588235294117647
c48018,2021-05,0.5588235294117647
c48018,2021-06,0.5588235294117647
c48018,2021-07,0.5588235294117647
c48018,2021-08,0.5588235294117647
c48018,2021-09,0.5588235294117647
c48018,2021-10,0.5588235294117647
c48018,2021-11,0.5588235294117647
c48018,2021-12,0.5588235294117647
c48018,2022-01,0.5588235294117647
c48018,2022-02,0.6666666666666666
c48018,2022-03,0.6744186046511629
c48018,2022-04,0.6744186046511629
c48018,2022-05,0.5588235294117647
c48018,2022-06,0.6744186046511629
c48018,2022-07,0.5588235294117647
c48018,2022-08,0.5588235294117647
c48018,2022-09,0.5990107482215509
c48018,2022-10,0.5588235294117647
c48018,2022-11,0.6744186046511629
c48018,2022-12,0.5588235294117647
c48018,2023-01,0.5588235294117647
c48018,2023-02,0.6744186046511629
c48018,2023-03,0.2465753424657534
c48018,2023-04,0.3709677419354839
c48018,2023-05,0.4285714285714285
c48018,2023-06,0.4285714285714285
c48018,2023-07,0.4545454545454545
c48018,2023-08,0.4545454545454545
c48018,2023-09,0.4545454545454545
c48018,2023-10,0.3846153846153846
c48018,2023-11,0.4545454545454545
c48018,2023-12,0.4545454545454545
c48018,2024-01,0.4545454545454545
c48018,2024-02,0.4285714285714285
c48018,2024-03,0.4545454545454545
c48018,2024-04,0.4545454545454545
c48018,2024-05,0.5588235294117647
c48018,2024-06,0.6744186046511629
c48018,2024-07,0.6744186046511629
c48018,2024-08,0.5588235294117647
c48018,2024-09,0.6744186046511629
c48018,2024-10,0.6744186046511629
c48018,2024-11,1.0
c48018,2024-12,0.8928571428571429
c48018,2025-01,0.8928571428571429
c48018,2025-02,0.8928571428571429
c48018,2025-03,0.8928571428571429
c48018,2025-04,0.8928571428571429
c48018,2025-05,0.8928571428571429
c48018,2025-06,0.8928571428571429
c48018,2025-07,0.8928571428571429
c48018,2025-08,0.8928571428571429
c580aa,2014-03,0.0454545454545454
c580aa,2014-04,0.0454545454545454
c580aa,2014-05,0.0208333333333333
c580aa,2014-06,0.0208333333333333
c580aa,2014-07,0.0671054001162032
c580aa,2014-08,0.0454545454545454
c580aa,2014-09,0.0666666666666666
c580aa,2014-10,0.0674157303370786
c580aa,2014-11,0.0666666666666666
c580aa,2014-12,0.0638297872340425
c580aa,2015-01,0.0638297872340425
c580aa,2015-02,0.0208333333333333
c580aa,2015-03,0.0454545454545454
c580aa,2015-04,0.0666666666666666
c580aa,2015-05,0.0208333333333333
c580aa,2015-06,0.0
c580aa,2015-07,0.0
c580aa,2015-08,0.0
c580aa,2015-09,0.0
c580aa,2015-10,0.0
c580aa,2015-11,0.0
c580aa,2015-12,0.0
c580aa,2016-01,0.0208333333333333
c580aa,2016-02,0.0208333333333333
c580aa,2016-03,0.0674157303370786
c580aa,2016-04,0.2465753424657534
c580aa,2016-05,0.2465753424657534
c580aa,2016-06,0.4545454545454545
c580aa,2016-07,0.4545454545454545
c580aa,2016-08,0.4545454545454545
c580aa,2016-09,0.4545454545454545
c580aa,2016-10,0.4545454545454545
c580aa,2016-11,0.4545454545454545
c580aa,2016-12,0.4545454545454545
c580aa,2017-01,0.546292920160212
c580aa,2017-02,0.5588235294117647
c580aa,2017-03,0.8928571428571429
c580aa,2017-04,0.6744186046511629
c580aa,2017-05,0.5213992602052406
c580aa,2017-06,0.5588235294117647
c580aa,2017-07,0.5588235294117647
c580aa,2017-08,0.6666666666666666
c580aa,2017-09,0.5588235294117647
c580aa,2017-10,0.8928571428571429
c580aa,2017-11,0.6744186046511629
c580aa,2017-12,0.8928571428571429
c580aa,2018-01,0.8928571428571429
c580aa,2018-02,0.5588235294117647
c580aa,2018-03,0.8928571428571429
c580aa,2018-04,0.5588235294117647
c580aa,2018-05,0.5588235294117647
c580aa,2018-06,0.5588235294117647
c580aa,2018-07,0.8928571428571429
c580aa,2018-08,0.8928571428571429
c580aa,2018-09,0.8928571428571429
c580aa,2018-10,0.8928571428571429
c580aa,2018-11,0.8928571428571429
c580aa,2018-12,0.8928571428571429
c580aa,2019-01,0.8928571428571429
c580aa,2019-02,0.5588235294117647
c580aa,2019-03,0.8928571428571429
c580aa,2019-04,0.8928571428571429
c580aa,2019-05,0.9411764705882352
c580aa,2019-06,0.8928571428571429
c580aa,2019-07,1.0
c580aa,2019-08,1.0
c580aa,2019-09,1.0
c580aa,2019-10,0.9411764705882352
c580aa,2019-11,0.9411764705882352
c580aa,2019-12,0.9411764705882352
c580aa,2020-01,0.9411764705882352
c580aa,2020-02,0.8928571428571429
c580aa,2020-03,1.0
c580aa,2020-04,1.0
c580aa,2020-05,1.0
c580aa,2020-06,0.9411764705882352
c580aa,2020-07,0.8928571428571429
c580aa,2020-08,1.0
c580aa,2020-09,1.0
c580aa,2020-10,1.0
c580aa,2020-11,1.0
c580aa,2020-12,1.0
c580aa,2021-01,0.9411764705882352
c580aa,2021-02,0.9411764705882352
c580aa,2021-03,1.0
c580aa,2021-04,1.0
c580aa,2021-05,0.9411764705882352
c580aa,2021-06,1.0
c580aa,2021-07,0.9411764705882352
c580aa,2021-08,0.9411764705882352
c580aa,2021-09,0.9411764705882352
c580aa,2021-10,0.9411764705882352
c580aa,2021-11,1.0
c580aa,2021-12,1.0
c580aa,2022-01,0.985900801158854
c580aa,2022-02,0.9411764705882352
c580aa,2022-03,1.0
c580aa,2022-04,1.0
c580aa,2022-05,1.0
c580aa,2022-06,1.0
c580aa,2022-07,1.0
c580aa,2022-08,1.0
c580aa,2022-09,1.0
c580aa,2022-10,1.0
c580aa,2022-11,1.0
c580aa,2022-12,0.9896869386324988
c580aa,2023-01,1.0
c580aa,2023-02,0.9411764705882352
c580aa,2023-03,1.0
c580aa,2023-04,0.9411764705882352
c580aa,2023-05,0.9411764705882352
c580aa,2023-06,0.9978692976805664
c580aa,2023-07,1.0
c580aa,2023-08,1.0
c580aa,2023-09,0.6744186046511629
c580aa,2023-10,0.8928571428571429
c580aa,2023-11,1.0
c580aa,2023-12,0.8928571428571429
c580aa,2024-01,1.0
c580aa,2024-02,1.0
c580aa,2024-03,1.0
c580aa,2024-04,1.0
c580aa,2024-05,1.0
c580aa,2024-06,0.9635325245597326
c580aa,2024-07,1.0
c580aa,2024-08,1.0
c580aa,2024-09,1.0
c580aa,2024-10,1.0
c580aa,2024-11,1.0
c580aa,2024-12,1.0
c580aa,2025-01,1.0
c580aa,2025-02,0.8928571428571429
c580aa,2025-03,1.0
c580aa,2025-04,0.8928571428571429
c580aa,2025-05,1.0
c580aa,2025-06,1.0
c580aa,2025-07,1.0
c580aa,2025-08,1.0
c580aa,2025-09,0.8928571428571429
c5816f,2014-03,0.0
c5816f,2014-04,0.0454545454545454
c5816f,2014-05,0.0208333333333333
c5816f,2014-06,0.0208333333333333
c5816f,2014-07,0.0208333333333333
c5816f,2014-08,0.0208333333333333
c5816f,2014-09,0.0208333333333333
c5816f,2014-10,0.0208333333333333
c5816f,2014-11,0.0499988812408897
c5816f,2014-12,0.0454545454545454
c5816f,2015-01,0.0454545454545454
c5816f,2015-02,0.0454545454545454
c5816f,2015-03,0.0208333333333333
c5816f,2015-04,0.0674157303370786
c5816f,2015-05,0.0454545454545454
c5816f,2015-06,0.0208333333333333
c5816f,2015-07,0.0
c5816f,2015-08,0.0
c5816f,2015-09,0.0
c5816f,2015-10,0.0
c5816f,2015-11,0.0
c5816f,2015-12,0.0
c5816f,2016-01,0.0
c5816f,2016-02,0.0
c5816f,2016-03,0.2465753424657534
c5816f,2016-04,0.2465753424657534
c5816f,2016-05,0.2465753424657534
c5816f,2016-06,0.3709677419354839
c5816f,2016-07,0.3709677419354839
c5816f,2016-08,0.3709677419354839
c5816f,2016-09,0.5020649062945123
c5816f,2016-10,0.5
c5816f,2016-11,0.4545454545454545
c5816f,2016-12,0.4545454545454545
c5816f,2017-01,0.4545454545454545
c5816f,2017-02,0.4545454545454545
c5816f,2017-03,0.5588235294117647
c5816f,2017-04,0.5005823300701004
c5816f,2017-05,0.3709677419354839
c5816f,2017-06,0.3709677419354839
c5816f,2017-07,0.2957988639170997
c5816f,2017-08,0.3709677419354839
c5816f,2017-09,0.4545454545454545
c5816f,2017-10,0.4545454545454545
c5816f,2017-11,0.4545454545454545
c5816f,2017-12,0.4545454545454545
c5816f,2018-01,0.4285714285714285
c5816f,2018-02,0.1428571428571428
c5816f,2018-03,0.3709677419354839
c5816f,2018-04,0.1428571428571428
c5816f,2018-05,0.2465753424657534
c5816f,2018-06,0.2465753424657534
c5816f,2018-07,0.6744186046511629
c5816f,2018-08,0.6744186046511629
c5816f,2018-09,0.6744186046511629
c5816f,2018-10,0.5588235294117647
c5816f,2018-11,0.6744186046511629
c5816f,2018-12,0.3709677419354839
c5816f,2019-01,0.3846153846153846
c5816f,2019-02,0.3709677419354839
c5816f,2019-03,0.4545454545454545
c5816f,2019-04,0.4545454545454545
c5816f,2019-05,0.4545454545454545
c5816f,2019-06,0.4545454545454545
c5816f,2019-07,0.850212071903448
c5816f,2019-08,0.8928571428571429
c5816f,2019-09,0.3709677419354839
c5816f,2019-10,0.6744186046511629
c5816f,2019-11,0.5588235294117647
c5816f,2019-12,0.8928571428571429
c5816f,2020-01,0.9411764705882352
c5816f,2020-02,0.4545454545454545
c5816f,2020-03,0.8928571428571429
c5816f,2020-04,0.9589855402779348
c5816f,2020-05,0.9411764705882352
c5816f,2020-06,0.8928571428571429
c5816f,2020-07,0.8928571428571429
c5816f,2020-08,0.8928571428571429
c5816f,2020-09,0.8928571428571429
c5816f,2020-10,0.8928571428571429
c5816f,2020-11,0.8928571428571429
c5816f,2020-12,0.8928571428571429
c5816f,2021-01,0.8
c5816f,2021-02,0.6666666666666666
c5816f,2021-03,0.8928571428571429
c5816f,2021-04,0.8928571428571429
c5816f,2021-05,0.8928571428571429
c5816f,2021-06,0.8928571428571429
c5816f,2021-07,0.5588235294117647
c5816f,2021-08,0.8928571428571429
c5816f,2021-09,0.5588235294117647
c5816f,2021-10,0.5588235294117647
c5816f,2021-11,0.4545454545454545
c5816f,2021-12,0.4545454545454545
c5816f,2022-01,0.4545454545454545
c5816f,2022-02,0.4545454545454545
c5816f,2022-03,0.4545454545454545
c5816f,2022-04,0.4545454545454545
c5816f,2022-05,0.3709677419354839
c5816f,2022-06,0.4545454545454545
c5816f,2022-07,0.4285714285714285
c5816f,2022-08,0.5588235294117647
c5816f,2022-09,0.4545454545454545
c5816f,2022-10,0.4545454545454545
c5816f,2022-11,0.4545454545454545
c5816f,2022-12,0.6744186046511629
c5816f,2023-01,0.5588235294117647
c5816f,2023-02,0.5588235294117647
c5816f,2023-03,0.5588235294117647
c5816f,2023-04,0.6744186046511629
c5816f,2023-05,0.6666666666666666
c5816f,2023-06,0.6581157913135051
c5816f,2023-07,0.5588235294117647
c5816f,2023-08,0.5588235294117647
c5816f,2023-09,0.5588235294117647
c5816f,2023-10,1.0
c5816f,2023-11,0.6744186046511629
c5816f,2023-12,0.6744186046511629
c5816f,2024-01,0.5588235294117647
c5816f,2024-02,0.5588235294117647
c5816f,2024-03,0.5588235294117647
c5816f,2024-04,0.5588235294117647
c5816f,2024-05,0.6744186046511629
c5816f,2024-06,0.8928571428571429
c5816f,2024-07,0.6744186046511629
c5816f,2024-08,0.8928571428571429
c5816f,2024-09,0.6744186046511629
c5816f,2024-10,0.7525334531976996
c5816f,2024-11,0.6744186046511629
c5816f,2024-12,0.8928571428571429
c5816f,2025-01,0.8928571428571429
c5816f,2025-02,0.8928571428571429
c5816f,2025-03,0.8928571428571429
c5816f,2025-04,0.8928571428571429
c5816f,2025-05,0.8928571428571429
c5816f,2025-06,0.8928571428571429
c5816f,2025-07,0.8928571428571429
c5816f,2025-08,0.8928571428571429
c5df88,2014-08,0.0674157303370786
c5df88,2014-09,0.0454545454545454
c5df88,2014-10,0.0454545454545454
c5df88,2014-11,0.0638297872340425
c5df88,2014-12,0.0674157303370786
c5df88,2015-01,0.0674157303370786
c5df88,2015-02,0.0674157303370786
c5df88,2015-03,0.0638297872340425
c5df88,2015-04,0.0674157303370786
c5df88,2015-05,0.0208333333333333
c5df88,2015-06,0.0
c5df88,2015-07,0.0
c5df88,2015-08,0.064737767421556
c5df88,2015-09,0.0
c5df88,2015-10,0.0
c5df88,2015-11,0.0
c5df88,2015-12,0.0
c5df88,2016-01,0.0
c5df88,2016-02,0.0
c5df88,2016-03,0.0
c5df88,2016-05,0.0208333333333333
c5df88,2016-06,0.0
c5df88,2016-07,0.0
c5df88,2016-08,0.1714285714285714
c5df88,2016-09,0.2465753424657534
c5df88,2016-10,0.2465753424657534
c5df88,2016-11,0.3020562584771716
c5df88,2016-12,0.1714285714285714
c5df88,2017-02,0.4545454545454545
c5df88,2017-03,0.4545454545454545
c5df88,2017-04,0.2465753424657534
c5df88,2017-05,0.3709677419354839
c5df88,2017-06,0.3709677419354839
c5df88,2017-07,0.3709677419354839
c5df88,2017-08,0.3709677419354839
c5df88,2017-09,0.3709677419354839
c5df88,2017-10,0.2465753424657534
c5df88,2017-11,0.3709677419354839
c5df88,2017-12,0.2465753424657534
c5df88,2018-01,0.0674157303370786
c5df88,2018-02,0.0769230769230769
c5df88,2018-03,0.0674157303370786
c5df88,2018-04,0.0674157303370786
c5df88,2018-05,0.1714285714285714
c5df88,2018-06,0.0674157303370786
c5df88,2018-07,0.2465753424657534
c5df88,2018-08,0.3709677419354839
c5df88,2018-09,0.3109709178223137
c5df88,2018-10,0.2465753424657534
c5df88,2018-11,0.2465753424657534
c5df88,2018-12,0.0674157303370786
c5df88,2019-01,0.1714285714285714
c5df88,2019-02,0.0674157303370786
c5df88,2019-03,0.0674157303370786
c5df88,2019-04,0.0674157303370786
c5df88,2019-05,0.0674157303370786
c5df88,2019-06,0.2465753424657534
c5df88,2019-07,0.2465753424657534
c5df88,2019-08,0.1714285714285714
c5df88,2019-09,0.1714285714285714
c5df88,2019-10,0.2465753424657534
c5df88,2019-11,0.2465753424657534
c5df88,2019-12,0.2465753424657534
c5df88,2020-01,0.4545454545454545
c5df88,2020-02,0.5011080203731088
c5df88,2020-03,0.4545454545454545
c5df88,2020-04,0.4545454545454545
c5df88,2020-05,0.4545454545454545
c5df88,2020-06,0.8928571428571429
c5df88,2020-07,0.8928571428571429
c5df88,2020-08,0.8928571428571429
c5df88,2020-09,0.8928571428571429
c5df88,2020-10,0.8928571428571429
c5df88,2020-11,0.8928571428571429
c5df88,2020-12,0.5
c5df88,2021-01,0.5588235294117647
c5df88,2021-02,0.4545454545454545
c5df88,2021-03,0.4545454545454545
c5df88,2021-04,0.4545454545454545
c5df88,2021-05,0.8
c5df88,2021-06,0.3709677419354839
c5df88,2021-07,0.4144506932348766
c5df88,2021-08,0.6744186046511629
c5df88,2021-09,0.5
c5df88,2021-10,0.8928571428571429
c5df88,2021-11,0.6744186046511629
c5df88,2021-12,0.3709677419354839
c5df88,2022-01,0.4545454545454545
c5df88,2022-02,0.2465753424657534
c5df88,2022-03,0.4545454545454545
c5df88,2022-04,0.2465753424657534
c5df88,2022-05,0.5588235294117647
c5df88,2022-06,0.4545454545454545
c5df88,2022-07,0.2465753424657534
c5df88,2022-08,0.4545454545454545
c5df88,2022-09,0.3709677419354839
c5df88,2022-10,0.5588235294117647
c5df88,2022-11,0.381560907322475
c5df88,2022-12,0.4545454545454545
c5df88,2023-01,0.3846153846153846
c5df88,2023-02,0.4545454545454545
c5df88,2023-03,0.8928571428571429
c5df88,2023-04,0.8928571428571429
c5df88,2023-05,0.8928571428571429
c5df88,2023-06,0.4545454545454545
c5df88,2023-07,0.4545454545454545
c5df88,2023-08,0.4545454545454545
c5df88,2023-09,0.4545454545454545
c5df88,2023-10,1.0
c5df88,2023-11,0.8928571428571429
c5df88,2023-12,0.8928571428571429
c5df88,2024-01,0.8928571428571429
c5df88,2024-02,0.8928571428571429
c5df88,2024-03,0.8928571428571429
c5df88,2024-04,0.8928571428571429
c5df88,2024-05,0.8928571428571429
c5df88,2024-06,0.8928571428571429
c5df88,2024-07,0.8928571428571429
c5df88,2024-08,0.8928571428571429
c5df88,2024-09,0.8928571428571429
c5df88,2024-10,0.8928571428571429
c5df88,2024-11,0.8928571428571429
c5df88,2024-12,0.8928571428571429
c5df88,2025-01,0.8928571428571429
c5df88,2025-02,0.8928571428571429
c5df88,2025-03,0.8928571428571429
c5df88,2025-04,0.8928571428571429
c5df88,2025-05,0.8928571428571429
c5df88,2025-06,0.8928571428571429
c5df88,2025-07,0.8928571428571429
c5df88,2025-08,0.8928571428571429
c5df88,2025-09,0.8928571428571429
c5df88,2025-10,0.8928571428571429
c5df88,2025-11,0.8928571428571429
c5df88,2025-12,0.8928571428571429
c5df88,2026-01,0.8928571428571429
c5df88,2026-02,0.8928571428571429
c5df88,2026-03,0.8928571428571429
c5df88,2026-04,0.8928571428571429
c5df88,2026-05,0.8928571428571429
cd0e60,2019-06,0.0674157303370786
cd0e60,2019-07,0.0638297872340425
cd0e60,2019-08,0.0666666666666666
cd0e60,2019-09,0.0638297872340425
cd0e60,2019-10,0.0674157303370786
cd0e60,2019-11,0.0638297872340425
cd0e60,2019-12,0.0208333333333333
cd0e60,2020-01,0.0666666666666666
cd0e60,2020-02,0.0
cd0e60,2020-03,0.0
cd0e60,2020-04,0.0
cd0e60,2020-05,0.0208333333333333
cd0e60,2020-06,0.0208333333333333
cd0e60,2020-07,0.0208333333333333
cd0e60,2020-08,0.0208333333333333
cd0e60,2020-09,0.0
cd0e60,2020-10,0.0454545454545454
cd0e60,2020-11,0.0208333333333333
cd0e60,2020-12,0.0208333333333333
cd0e60,2021-01,0.0454545454545454
cd0e60,2021-02,0.0666351067343697
cd0e60,2021-03,0.0208333333333333
cd0e60,2021-04,0.0454545454545454
cd0e60,2021-05,0.0674157303370786
cd0e60,2021-06,0.0674157303370786
cd0e60,2021-07,0.0769230769230769
cd0e60,2021-08,0.1428571428571428
cd0e60,2021-09,0.4545454545454545
cd0e60,2021-10,0.4545454545454545
cd0e60,2021-11,0.4545454545454545
cd0e60,2021-12,0.4545454545454545
cd0e60,2022-01,0.4545454545454545
cd0e60,2022-02,0.2465753424657534
cd0e60,2022-03,0.3709677419354839
cd0e60,2022-04,0.0674157303370786
cd0e60,2022-05,0.0769230769230769
cd0e60,2022-06,0.1428571428571428
cd0e60,2022-07,0.0666666666666666
cd0e60,2022-08,0.0674157303370786
cd0e60,2022-09,0.0674157303370786
cd0e60,2022-10,0.0638297872340425
cd0e60,2022-11,0.0208333333333333
cd0e60,2022-12,0.0
cd0e60,2023-01,0.0
cd0e60,2023-02,0.0454545454545454
cd0e60,2023-03,0.4545454545454545
cd0e60,2023-04,0.3709677419354839
cd0e60,2023-05,0.1714285714285714
cd0e60,2023-06,0.2465753424657534
cd0e60,2023-07,0.3709677419354839
cd0e60,2023-08,0.3524156536333109
cd0e60,2023-09,0.3709677419354839
cd0e60,2023-10,0.4285714285714285
cd0e60,2023-11,0.4545454545454545
cd0e60,2023-12,0.4545454545454545
cd0e60,2024-01,0.4545454545454545
cd0e60,2024-02,0.4545454545454545
cd0e60,2024-03,0.4545454545454545
cd0e60,2024-04,0.5202745281903584
cd0e60,2024-05,0.5
cd0e60,2024-06,0.5588235294117647
cd0e60,2024-07,0.5
cd0e60,2024-08,0.5
cd0e60,2024-09,0.5588235294117647
cd0e60,2024-10,0.5483994575027253
cd0e60,2024-11,0.5588235294117647
cd0e60,2024-12,0.6744186046511629
cd0e60,2025-01,0.6744186046511629
cd0e60,2025-02,0.8
cd0e60,2025-03,0.8928571428571429
cd0e60,2025-04,0.8928571428571429
cd0e60,2025-05,0.8
cd0e60,2025-06,0.8928571428571429
cd0e60,2025-07,0.8928571428571429
cd0e60,2025-08,0.4545454545454545
d59611,2014-03,0.0208333333333333
d59611,2014-04,0.0
d59611,2014-05,0.0
d59611,2014-06,0.0208333333333333
d59611,2014-07,0.0
d59611,2014-08,0.0
d59611,2014-09,0.0208333333333333
d59611,2014-10,0.0
d59611,2014-11,0.0
d59611,2014-12,0.0208333333333333
d59611,2015-01,0.0208333333333333
d59611,2015-02,0.0
d59611,2015-03,0.0
d59611,2015-04,0.0454545454545454
d59611,2015-05,0.0492396749460014
d59611,2015-06,0.0208333333333333
d59611,2015-07,0.0
d59611,2015-08,0.0
d59611,2015-09,0.0
d59611,2015-10,0.0
d59611,2015-11,0.0
d59611,2015-12,0.0
d59611,2016-01,0.0
d59611,2016-02,0.0
d59611,2016-03,0.0674157303370786
d59611,2016-04,0.0769230769230769
d59611,2016-05,0.2465753424657534
d59611,2016-06,0.4545454545454545
d59611,2016-07,0.4545454545454545
d59611,2016-08,0.4545454545454545
d59611,2016-09,0.4545454545454545
d59611,2016-10,0.3846153846153846
d59611,2016-11,0.3846153846153846
d59611,2016-12,0.3709677419354839
d59611,2017-01,0.2465753424657534
d59611,2017-02,0.0769230769230769
d59611,2017-03,0.3709677419354839
d59611,2017-04,0.2465753424657534
d59611,2017-05,0.4545454545454545
d59611,2017-06,0.3709677419354839
d59611,2017-07,0.3709677419354839
d59611,2017-08,0.3738837815928953
d59611,2017-09,0.3709677419354839
d59611,2017-10,0.3709677419354839
d59611,2017-11,0.2465753424657534
d59611,2017-12,0.2465753424657534
d59611,2018-01,0.2465753424657534
d59611,2018-02,0.0638297872340425
d59611,2018-03,0.2465753424657534
d59611,2018-04,0.2465753424657534
d59611,2018-05,0.0674157303370786
d59611,2018-06,0.1428571428571428
d59611,2018-07,0.5588235294117647
d59611,2018-08,0.5588235294117647
d59611,2018-09,0.4545454545454545
d59611,2018-10,0.5588235294117647
d59611,2018-11,0.4545454545454545
d59611,2018-12,0.4545454545454545
d59611,2019-01,0.4545454545454545
d59611,2019-02,0.1714285714285714
d59611,2019-03,0.4545454545454545
d59611,2019-04,0.3773551250926843
d59611,2019-05,0.4545454545454545
d59611,2019-06,0.3709677419354839
d59611,2019-07,0.5588235294117647
d59611,2019-08,0.5
d59611,2019-09,0.4545454545454545
d59611,2019-10,0.4545454545454545
d59611,2019-11,0.5588235294117647
d59611,2019-12,0.6744186046511629
d59611,2020-01,0.8928571428571429
d59611,2020-02,0.9411764705882352
d59611,2020-03,0.9411764705882352
d59611,2020-04,0.8928571428571429
d59611,2020-05,0.8928571428571429
d59611,2020-06,0.8928571428571429
d59611,2020-07,0.8928571428571429
d59611,2020-08,0.8928571428571429
d59611,2020-09,0.8928571428571429
d59611,2020-10,0.8928571428571429
d59611,2020-11,0.6744186046511629
d59611,2020-12,0.8928571428571429
d59611,2021-01,0.8928571428571429
d59611,2021-02,0.8928571428571429
d59611,2021-03,0.8928571428571429
d59611,2021-04,0.8928571428571429
d59611,2021-05,0.8928571428571429
d59611,2021-06,0.8928571428571429
d59611,2021-07,0.8928571428571429
d59611,2021-08,0.9411764705882352
d59611,2021-09,0.9411764705882352
d59611,2021-10,0.8928571428571429
d59611,2021-11,0.5588235294117647
d59611,2021-12,0.8928571428571429
d59611,2022-01,0.8928571428571429
d59611,2022-02,0.9411764705882352
d59611,2022-03,0.8928571428571429
d59611,2022-04,0.4545454545454545
d59611,2022-05,0.8928571428571429
d59611,2022-06,0.5
d59611,2022-07,0.8928571428571429
d59611,2022-08,0.8928571428571429
d59611,2022-09,0.8928571428571429
d59611,2022-10,0.6666666666666666
d59611,2022-11,0.6666666666666666
d59611,2022-12,0.8928571428571429
d59611,2023-01,0.8928571428571429
d59611,2023-02,0.5588235294117647
d59611,2023-03,0.8928571428571429
d59611,2023-04,0.5588235294117647
d59611,2023-05,0.8928571428571429
d59611,2023-06,0.6670412757527586
d59611,2023-07,0.8928571428571429
d59611,2023-08,0.8928571428571429
d59611,2023-09,0.4545454545454545
d59611,2023-10,0.3709677419354839
d59611,2023-11,0.8928571428571429
d59611,2023-12,0.9411764705882352
d59611,2024-01,0.9411764705882352
d59611,2024-02,0.9411764705882352
d59611,2024-03,0.9411764705882352
d59611,2024-04,0.5588235294117647
d59611,2024-05,0.5588235294117647
d59611,2024-06,0.4545454545454545
d59611,2024-07,0.5588235294117647
d59611,2024-08,0.8928571428571429
d59611,2024-09,0.5588235294117647
d59611,2024-10,0.5588235294117647
d59611,2024-11,0.5212716354893887
d59611,2024-12,0.5588235294117647
d59611,2025-01,0.8928571428571429
d59611,2025-02,0.4545454545454545
d59611,2025-03,1.0
d59611,2025-04,0.8
d59611,2025-05,0.6744186046511629
d59611,2025-06,0.4545454545454545
d59611,2025-07,0.6666666666666666
d59611,2025-08,0.8928571428571429
d59611,2025-09,0.8928571428571429
d86999,2014-09,0.0208333333333333
d86999,2014-10,0.0454545454545454
d86999,2014-11,0.0454545454545454
d86999,2014-12,0.0
d86999,2015-01,0.0
d86999,2015-02,0.0
d86999,2015-03,0.0
d86999,2015-04,0.0208333333333333
d86999,2015-05,0.0208333333333333
d86999,2015-06,0.0
d86999,2015-07,0.0
d86999,2015-08,0.0
d86999,2015-09,0.0
d86999,2015-10,0.0208333333333333
d86999,2015-11,0.0208333333333333
d86999,2015-12,0.0638297872340425
d86999,2016-01,0.0
d86999,2016-02,0.0208333333333333
d86999,2016-03,0.0208333333333333
d86999,2016-04,0.0454545454545454
d86999,2016-05,0.0638297872340425
d86999,2016-06,0.0638297872340425
d86999,2016-07,0.0454545454545454
d86999,2016-08,0.0208333333333333
d86999,2016-09,0.1714285714285714
d86999,2016-10,0.2465753424657534
d86999,2016-11,0.3709677419354839
d86999,2016-12,0.3709677419354839
d86999,2017-01,0.2465753424657534
d86999,2017-02,0.3709677419354839
d86999,2017-03,0.2465753424657534
d86999,2017-04,0.1714285714285714
d86999,2017-05,0.3709677419354839
d86999,2017-06,0.2465753424657534
d86999,2017-07,0.2465753424657534
d86999,2017-08,0.3709677419354839
d86999,2017-09,0.1428571428571428
d86999,2017-10,0.1714285714285714
d86999,2017-11,0.4545454545454545
d86999,2017-12,0.2465753424657534
d86999,2018-01,0.4545454545454545
d86999,2018-02,0.2465753424657534
d86999,2018-03,0.2465753424657534
d86999,2018-04,0.2465753424657534
d86999,2018-05,0.3709677419354839
d86999,2018-06,0.3709677419354839
d86999,2018-07,0.3709677419354839
d86999,2018-08,0.3709677419354839
d86999,2018-09,0.3709677419354839
d86999,2018-10,0.3709677419354839
d86999,2018-11,0.4285714285714285
d86999,2018-12,0.3709677419354839
d86999,2019-01,0.8748056801163904
d86999,2019-02,0.385279234205612
d86999,2019-03,0.4545454545454545
d86999,2019-04,0.4545454545454545
d86999,2019-05,0.6744186046511629
d86999,2019-06,0.6744186046511629
d86999,2019-07,0.5588235294117647
d86999,2019-08,0.9411764705882352
d86999,2019-09,0.5588235294117647
d86999,2019-10,0.5588235294117647
d86999,2019-11,0.5588235294117647
d86999,2019-12,0.5588235294117647
d86999,2020-01,0.8928571428571429
d86999,2020-02,0.5543304986431625
d86999,2020-03,0.9958279705989868
d86999,2020-04,0.8928571428571429
d86999,2020-05,0.8928571428571429
d86999,2020-06,0.5588235294117647
d86999,2020-07,0.5588235294117647
d86999,2020-08,0.5588235294117647
d86999,2020-09,0.5588235294117647
d86999,2020-10,0.5588235294117647
d86999,2020-11,0.5588235294117647
d86999,2020-12,0.5588235294117647
d86999,2021-01,0.6744186046511629
d86999,2021-02,0.5979863843861326
d86999,2021-03,0.5588235294117647
d86999,2021-04,0.5588235294117647
d86999,2021-05,0.6744186046511629
d86999,2021-06,0.4545454545454545
d86999,2021-07,0.5588235294117647
d86999,2021-08,0.4545454545454545
d86999,2021-09,0.4545454545454545
d86999,2021-10,0.4545454545454545
d86999,2021-11,0.6744186046511629
d86999,2021-12,0.4545454545454545
d86999,2022-01,0.4545454545454545
d86999,2022-02,0.5588235294117647
d86999,2022-03,0.6744186046511629
d86999,2022-04,0.8009433879548629
d86999,2022-05,0.5588235294117647
d86999,2022-06,0.5588235294117647
d86999,2022-07,0.6666666666666666
d86999,2022-08,0.5588235294117647
d86999,2022-09,0.5588235294117647
d86999,2022-10,0.6666666666666666
d86999,2022-11,0.5588235294117647
d86999,2022-12,0.6744186046511629
d86999,2023-01,0.6744186046511629
d86999,2023-02,0.8928571428571429
d86999,2023-03,0.8928571428571429
d86999,2023-04,0.6744186046511629
d86999,2023-05,0.824950800809432
d86999,2023-06,0.6744186046511629
d86999,2023-07,0.8928571428571429
d86999,2023-08,0.8928571428571429
d86999,2023-09,0.6744186046511629
d86999,2023-10,0.8928571428571429
d86999,2023-11,0.6666666666666666
d86999,2023-12,0.6744186046511629
d86999,2024-01,0.6744186046511629
d86999,2024-02,0.4545454545454545
d86999,2024-03,0.8928571428571429
d86999,2024-04,0.6744186046511629
d86999,2024-05,0.6744186046511629
d86999,2024-06,0.6744186046511629
d86999,2024-07,0.6744186046511629
d86999,2024-08,0.8928571428571429
d86999,2024-09,0.6744186046511629
d86999,2024-10,0.6744186046511629
d86999,2024-11,0.8928571428571429
d86999,2024-12,0.8928571428571429
d86999,2025-01,0.8928571428571429
d86999,2025-02,0.4545454545454545
d86999,2025-03,0.6744186046511629
d86999,2025-04,0.6744186046511629
d86999,2025-05,0.6744186046511629
d86999,2025-06,0.4545454545454545
d86999,2025-07,0.4545454545454545
d86999,2025-08,0.5588235294117647
db4cd8,2014-03,0.0
db4cd8,2014-04,0.0
db4cd8,2014-05,0.0208333333333333
db4cd8,2014-06,0.0208333333333333
db4cd8,2014-07,0.0
db4cd8,2014-08,0.0
db4cd8,2014-09,0.0
db4cd8,2014-10,0.0208333333333333
db4cd8,2014-11,0.0
db4cd8,2014-12,0.0
db4cd8,2015-01,0.0
db4cd8,2015-02,0.0
db4cd8,2015-03,0.0
db4cd8,2015-04,0.0638297872340425
db4cd8,2015-05,0.0
db4cd8,2015-06,0.0
db4cd8,2015-07,0.0
db4cd8,2015-08,0.0
db4cd8,2015-09,0.0
db4cd8,2015-10,0.0
db4cd8,2015-11,0.0
db4cd8,2015-12,0.0
db4cd8,2016-01,0.0
db4cd8,2016-02,0.0208333333333333
db4cd8,2016-03,0.1714285714285714
db4cd8,2016-04,0.0674157303370786
db4cd8,2016-05,0.3709677419354839
db4cd8,2016-06,0.4285714285714285
db4cd8,2016-07,0.3709677419354839
db4cd8,2016-08,0.3709677419354839
db4cd8,2016-09,0.2465753424657534
db4cd8,2016-10,0.2465753424657534
db4cd8,2016-11,0.1428571428571428
db4cd8,2016-12,0.1714285714285714
db4cd8,2017-01,0.0769230769230769
db4cd8,2017-02,0.0674157303370786
db4cd8,2017-03,0.0674157303370786
db4cd8,2017-04,0.0674157303370786
db4cd8,2017-05,0.3709677419354839
db4cd8,2017-06,0.2465753424657534
db4cd8,2017-07,0.2465753424657534
db4cd8,2017-08,0.3709677419354839
db4cd8,2017-09,0.4545454545454545
db4cd8,2017-10,0.3709677419354839
db4cd8,2017-11,0.3709677419354839
db4cd8,2017-12,0.3709677419354839
db4cd8,2018-01,0.0674157303370786
db4cd8,2018-02,0.0674157303370786
db4cd8,2018-03,0.2465753424657534
db4cd8,2018-04,0.0208333333333333
db4cd8,2018-05,0.0208333333333333
db4cd8,2018-06,0.0666666666666666
db4cd8,2018-07,0.5588235294117647
db4cd8,2018-08,0.5588235294117647
db4cd8,2018-09,0.5229795561917682
db4cd8,2018-10,0.4545454545454545
db4cd8,2018-11,0.4545454545454545
db4cd8,2018-12,0.2465753424657534
db4cd8,2019-01,0.4545454545454545
db4cd8,2019-02,0.0674157303370786
db4cd8,2019-03,0.4545454545454545
db4cd8,2019-04,0.3709677419354839
db4cd8,2019-05,0.3846153846153846
db4cd8,2019-06,0.3709677419354839
db4cd8,2019-07,0.5588235294117647
db4cd8,2019-08,0.5588235294117647
db4cd8,2019-09,0.4285714285714285
db4cd8,2019-10,0.3833582506929168
db4cd8,2019-11,0.5588235294117647
db4cd8,2019-12,0.8928571428571429
db4cd8,2020-01,0.8928571428571429
db4cd8,2020-02,0.4545454545454545
db4cd8,2020-03,0.8928571428571429
db4cd8,2020-04,0.8928571428571429
db4cd8,2020-05,0.8928571428571429
db4cd8,2020-06,0.8928571428571429
db4cd8,2020-07,0.8928571428571429
db4cd8,2020-08,0.8928571428571429
db4cd8,2020-09,0.8928571428571429
db4cd8,2020-10,0.6666666666666666
db4cd8,2020-11,0.5588235294117647
db4cd8,2020-12,0.8
db4cd8,2021-01,0.8928571428571429
db4cd8,2021-02,0.8928571428571429
db4cd8,2021-03,0.8928571428571429
db4cd8,2021-04,0.8928571428571429
db4cd8,2021-05,0.8928571428571429
db4cd8,2021-06,0.8928571428571429
db4cd8,2021-07,0.9411764705882352
db4cd8,2021-08,0.8928571428571429
db4cd8,2021-09,0.8928571428571429
db4cd8,2021-10,0.8928571428571429
db4cd8,2021-11,0.8928571428571429
db4cd8,2021-12,0.8928571428571429
db4cd8,2022-01,0.9411764705882352
db4cd8,2022-02,0.8928571428571429
db4cd8,2022-03,0.8928571428571429
db4cd8,2022-04,0.6744186046511629
db4cd8,2022-05,0.6744186046511629
db4cd8,2022-06,0.5588235294117647
db4cd8,2022-07,0.8928571428571429
db4cd8,2022-08,0.8928571428571429
db4cd8,2022-09,0.8928571428571429
db4cd8,2022-10,0.8928571428571429
db4cd8,2022-11,0.8928571428571429
db4cd8,2022-12,0.8928571428571429
db4cd8,2023-01,0.8928571428571429
db4cd8,2023-02,0.6666666666666666
db4cd8,2023-03,1.0
db4cd8,2023-04,0.9411764705882352
db4cd8,2023-05,0.8928571428571429
db4cd8,2023-06,0.6744186046511629
db4cd8,2023-07,0.8928571428571429
db4cd8,2023-08,0.8928571428571429
db4cd8,2023-09,0.5
db4cd8,2023-10,0.9411764705882352
db4cd8,2023-11,0.5588235294117647
db4cd8,2023-12,1.0
db4cd8,2024-01,1.0
db4cd8,2024-02,1.0
db4cd8,2024-03,1.0
db4cd8,2024-04,0.4545454545454545
db4cd8,2024-05,0.5588235294117647
db4cd8,2024-06,0.4545454545454545
db4cd8,2024-07,0.8928571428571429
db4cd8,2024-08,0.5588235294117647
db4cd8,2024-09,0.5254715243366714
db4cd8,2024-10,0.8928571428571429
db4cd8,2024-11,0.8928571428571429
db4cd8,2024-12,0.8928571428571429
db4cd8,2025-01,0.8928571428571429
db4cd8,2025-02,0.5588235294117647
db4cd8,2025-03,0.8928571428571429
db4cd8,2025-04,0.5588235294117647
db4cd8,2025-05,0.5588235294117647
db4cd8,2025-06,0.3709677419354839
db4cd8,2025-07,0.8928571428571429
db4cd8,2025-08,0.5588235294117647
db5006,2014-11,0.0638297872340425
db5006,2014-12,0.0454545454545454
db5006,2015-01,0.0638297872340425
db5006,2015-02,0.0
db5006,2015-03,0.0
db5006,2015-04,0.0
db5006,2015-05,0.0638297872340425
db5006,2015-06,0.0208333333333333
db5006,2015-07,0.0
db5006,2015-08,0.0
db5006,2015-09,0.0
db5006,2015-10,0.0
db5006,2015-11,0.0
db5006,2015-12,0.0
db5006,2016-01,0.0
db5006,2016-02,0.0
db5006,2016-03,0.0
db5006,2016-04,0.0
db5006,2016-05,0.0
db5006,2016-06,0.0208333333333333
db5006,2016-07,0.0
db5006,2016-08,0.0
db5006,2016-09,0.0
db5006,2016-10,0.0
db5006,2016-11,0.2465753424657534
db5006,2016-12,0.3709677419354839
db5006,2017-01,0.3709677419354839
db5006,2017-02,0.3709677419354839
db5006,2017-03,0.3709677419354839
db5006,2017-04,0.2465753424657534
db5006,2017-05,0.3709677419354839
db5006,2017-06,0.2465753424657534
db5006,2017-07,0.3709677419354839
db5006,2017-08,0.4545454545454545
db5006,2017-09,0.4545454545454545
db5006,2017-10,0.4545454545454545
db5006,2017-11,0.3709677419354839
db5006,2017-12,0.089024461043719
db5006,2018-01,0.0769230769230769
db5006,2018-02,0.0638297872340425
db5006,2018-03,0.1428571428571428
db5006,2018-04,0.0208333333333333
db5006,2018-05,0.0674157303370786
db5006,2018-06,0.0638297872340425
db5006,2018-07,0.3709677419354839
db5006,2018-08,0.3709677419354839
db5006,2018-09,0.2465753424657534
db5006,2018-10,0.3709677419354839
db5006,2018-11,0.3709677419354839
db5006,2018-12,0.2465753424657534
db5006,2019-01,0.3709677419354839
db5006,2019-02,0.0674157303370786
db5006,2019-03,0.2465753424657534
db5006,2019-04,0.2465753424657534
db5006,2019-05,0.5588235294117647
db5006,2019-06,0.4545454545454545
db5006,2019-07,0.5588235294117647
db5006,2019-08,0.5588235294117647
db5006,2019-09,0.4545454545454545
db5006,2019-10,0.5496139702480248
db5006,2019-11,0.3846153846153846
db5006,2019-12,0.4545454545454545
db5006,2020-01,0.4545454545454545
db5006,2020-02,0.4545454545454545
db5006,2020-03,0.5588235294117647
db5006,2020-04,0.5588235294117647
db5006,2020-05,0.8928571428571429
db5006,2020-06,0.8928571428571429
db5006,2020-07,0.6744186046511629
db5006,2020-08,0.8928571428571429
db5006,2020-09,0.8928571428571429
db5006,2020-10,0.8928571428571429
db5006,2020-11,0.8928571428571429
db5006,2020-12,0.8928571428571429
db5006,2021-01,0.8
db5006,2021-02,0.8
db5006,2021-03,0.6744186046511629
db5006,2021-04,0.506496674011317
db5006,2021-05,0.8928571428571429
db5006,2021-06,0.8928571428571429
db5006,2021-07,0.8928571428571429
db5006,2021-08,0.8928571428571429
db5006,2021-09,0.8928571428571429
db5006,2021-10,0.8928571428571429
db5006,2021-11,0.8928571428571429
db5006,2021-12,0.8928571428571429
db5006,2022-01,0.8928571428571429
db5006,2022-02,0.3846153846153846
db5006,2022-03,0.6744186046511629
db5006,2022-04,0.4545454545454545
db5006,2022-05,0.5588235294117647
db5006,2022-06,0.5588235294117647
db5006,2022-07,0.4545454545454545
db5006,2022-08,0.8928571428571429
db5006,2022-09,0.8928571428571429
db5006,2022-10,0.5588235294117647
db5006,2022-11,0.5588235294117647
db5006,2022-12,0.8928571428571429
db5006,2023-01,0.5588235294117647
db5006,2023-02,0.5588235294117647
db5006,2023-03,0.8928571428571429
db5006,2023-04,0.4545454545454545
db5006,2023-05,0.8928571428571429
db5006,2023-06,0.5588235294117647
db5006,2023-07,0.5588235294117647
db5006,2023-08,0.8928571428571429
db5006,2023-09,0.8928571428571429
db5006,2023-10,1.0
db5006,2023-11,0.6744186046511629
db5006,2023-12,0.6744186046511629
db5006,2024-01,0.8928571428571429
db5006,2024-02,0.5588235294117647
db5006,2024-03,0.5588235294117647
db5006,2024-04,0.6744186046511629
db5006,2024-05,0.8
db5006,2024-06,0.6744186046511629
db5006,2024-07,0.8928571428571429
db5006,2024-08,0.8928571428571429
db5006,2024-09,0.8928571428571429
db5006,2024-10,1.0
db5006,2024-11,0.8928571428571429
db5006,2024-12,0.8928571428571429
db5006,2025-01,0.5588235294117647
db5006,2025-02,0.5588235294117647
db5006,2025-03,0.6744186046511629
db5006,2025-04,0.6744186046511629
db5006,2025-05,0.6744186046511629
db5006,2025-06,0.6744186046511629
db5006,2025-07,0.8928571428571429
db5006,2025-08,0.8928571428571429
db5006,2025-09,0.9411764705882352
dbb709,2021-12,0.0208333333333333
dbb709,2022-01,0.0208333333333333
dbb709,2022-02,0.0208333333333333
dbb709,2022-03,0.0208333333333333
dbb709,2022-04,0.0
dbb709,2022-05,0.0208333333333333
dbb709,2022-06,0.0208333333333333
dbb709,2022-07,0.0454545454545454
dbb709,2022-08,0.0
dbb709,2022-09,0.0454545454545454
dbb709,2022-10,0.0
dbb709,2022-11,0.0
dbb709,2022-12,0.0
dbb709,2023-01,0.0
dbb709,2023-02,0.0
dbb709,2023-03,0.0
dbb709,2023-04,0.0
dbb709,2023-05,0.0
dbb709,2023-06,0.0
dbb709,2023-07,0.0454545454545454
dbb709,2023-08,0.0208333333333333
dbb709,2023-09,0.0208333333333333
dbb709,2023-10,0.0208333333333333
dbb709,2023-11,0.0208333333333333
dbb709,2023-12,0.0674157303370786
dbb709,2024-01,0.0769230769230769
dbb709,2024-02,0.2465753424657534
dbb709,2024-03,0.0769230769230769
dbb709,2024-04,0.0716206519537569
dbb709,2024-05,0.2465753424657534
dbb709,2024-06,0.3709677419354839
dbb709,2024-07,0.3709677419354839
dbb709,2024-08,0.2465753424657534
dbb709,2024-09,0.3709677419354839
dbb709,2024-10,0.4545454545454545
dbb709,2024-11,0.4545454545454545
dbb709,2024-12,0.4545454545454545
dbb709,2025-01,0.2465753424657534
dbb709,2025-02,0.3709677419354839
dbb709,2025-03,0.4545454545454545
dbb709,2025-04,0.1428571428571428
dbb709,2025-05,0.3709677419354839
dbb709,2025-06,0.2465753424657534
dbb709,2025-07,0.2465753424657534
dbb709,2025-08,0.1714285714285714
dc4b5e,2019-02,0.0674157303370786
dc4b5e,2019-03,0.0674157303370786
dc4b5e,2019-04,0.0638297872340425
dc4b5e,2019-05,0.0666666666666666
dc4b5e,2019-06,0.0208333333333333
dc4b5e,2019-07,0.0454545454545454
dc4b5e,2019-08,0.0208333333333333
dc4b5e,2019-09,0.0208333333333333
dc4b5e,2019-10,0.0
dc4b5e,2019-11,0.0454545454545454
dc4b5e,2019-12,0.0454545454545454
dc4b5e,2020-01,0.0
dc4b5e,2020-02,0.0
dc4b5e,2020-03,0.0
dc4b5e,2020-04,0.0
dc4b5e,2020-05,0.0666666666666666
dc4b5e,2020-06,0.0674157303370786
dc4b5e,2020-07,0.0638297872340425
dc4b5e,2020-08,0.0638297872340425
dc4b5e,2020-09,0.0638297872340425
dc4b5e,2020-10,0.0674157303370786
dc4b5e,2020-11,0.0674157303370786
dc4b5e,2020-12,0.0674157303370786
dc4b5e,2021-01,0.1714285714285714
dc4b5e,2021-02,0.5
dc4b5e,2021-03,0.5588235294117647
dc4b5e,2021-04,0.6142273849095236
dc4b5e,2021-05,0.6744186046511629
dc4b5e,2021-06,0.8928571428571429
dc4b5e,2021-07,0.8
dc4b5e,2021-08,0.8
dc4b5e,2021-09,0.6744186046511629
dc4b5e,2021-10,0.5588235294117647
dc4b5e,2021-11,0.5588235294117647
dc4b5e,2021-12,0.2465753424657534
dc4b5e,2022-01,0.1714285714285714
dc4b5e,2022-02,0.2465753424657534
dc4b5e,2022-03,0.1428571428571428
dc4b5e,2022-04,0.0674157303370786
dc4b5e,2022-05,0.0638297872340425
dc4b5e,2022-06,0.4545454545454545
dc4b5e,2022-07,0.0674157303370786
dc4b5e,2022-08,0.1714285714285714
dc4b5e,2022-09,0.104783944217747
dc4b5e,2022-10,0.0674157303370786
dc4b5e,2022-11,0.0674157303370786
dc4b5e,2022-12,0.0674157303370786
dc4b5e,2023-01,0.3709677419354839
dc4b5e,2023-02,0.0674157303370786
dc4b5e,2023-03,0.0674157303370786
dc4b5e,2023-04,0.0674157303370786
dc4b5e,2023-05,0.1714285714285714
dc4b5e,2023-06,0.2465753424657534
dc4b5e,2023-07,0.3709677419354839
dc4b5e,2023-08,0.3709677419354839
dc4b5e,2023-09,0.4545454545454545
dc4b5e,2023-10,0.4545454545454545
dc4b5e,2023-11,0.6744186046511629
dc4b5e,2023-12,0.8928571428571429
dc4b5e,2024-01,0.8928571428571429
dc4b5e,2024-02,0.8535261105939388
dc4b5e,2024-03,0.6744186046511629
dc4b5e,2024-04,0.6744186046511629
dc4b5e,2024-05,0.8928571428571429
dc4b5e,2024-06,0.8928571428571429
dc4b5e,2024-07,0.8928571428571429
dc4b5e,2024-08,0.8928571428571429
dc4b5e,2024-09,0.8
dc4b5e,2024-10,0.8928571428571429
dc4b5e,2024-11,0.8928571428571429
dc4b5e,2024-12,0.8928571428571429
dc4b5e,2025-01,0.8928571428571429
dc4b5e,2025-02,0.8928571428571429
dc4b5e,2025-03,0.8928571428571429
dc4b5e,2025-04,0.9411764705882352
dc4b5e,2025-05,0.9411764705882352
dc4b5e,2025-06,0.8928571428571429
dc4b5e,2025-07,1.0
dc4b5e,2025-08,0.8928571428571429
e2314a,2014-10,0.0208333333333333
e2314a,2014-11,0.0208333333333333
e2314a,2014-12,0.0
e2314a,2015-01,0.0
e2314a,2015-02,0.0
e2314a,2015-03,0.0
e2314a,2015-04,0.0
e2314a,2015-05,0.0
e2314a,2015-06,0.0208333333333333
e2314a,2015-07,0.0208333333333333
e2314a,2015-08,0.0208333333333333
e2314a,2015-09,0.0
e2314a,2015-10,0.0
e2314a,2015-11,0.0
e2314a,2015-12,0.0
e2314a,2016-01,0.0
e2314a,2016-02,0.0
e2314a,2016-03,0.0
e2314a,2016-04,0.0
e2314a,2016-05,0.0
e2314a,2016-06,0.0
e2314a,2016-07,0.0
e2314a,2016-08,0.0
e2314a,2016-09,0.0208333333333333
e2314a,2016-10,0.2465753424657534
e2314a,2016-11,0.0809191988903818
e2314a,2016-12,0.0638297872340425
e2314a,2017-01,0.0666666666666666
e2314a,2017-02,0.0674157303370786
e2314a,2017-03,0.0674157303370786
e2314a,2017-04,0.0674157303370786
e2314a,2017-05,0.2465753424657534
e2314a,2017-06,0.3709677419354839
e2314a,2017-07,0.2465753424657534
e2314a,2017-08,0.1428571428571428
e2314a,2017-09,0.2465753424657534
e2314a,2017-10,0.2465753424657534
e2314a,2017-11,0.0674157303370786
e2314a,2017-12,0.0653663873653589
e2314a,2018-01,0.1714285714285714
e2314a,2018-02,0.0674157303370786
e2314a,2018-03,0.0769230769230769
e2314a,2018-04,0.0674157303370786
e2314a,2018-05,0.0674157303370786
e2314a,2018-06,0.0769230769230769
e2314a,2018-07,0.1428571428571428
e2314a,2018-08,0.4545454545454545
e2314a,2018-09,0.2465753424657534
e2314a,2018-10,0.0769230769230769
e2314a,2018-11,0.2465753424657534
e2314a,2018-12,0.0674157303370786
e2314a,2019-01,0.4545454545454545
e2314a,2019-02,0.6744186046511629
e2314a,2019-03,0.5876183488541199
e2314a,2019-04,0.4545454545454545
e2314a,2019-05,0.5588235294117647
e2314a,2019-06,0.8928571428571429
e2314a,2019-07,0.8928571428571429
e2314a,2019-08,0.8928571428571429
e2314a,2019-09,0.8928571428571429
e2314a,2019-10,0.8928571428571429
e2314a,2019-11,0.8928571428571429
e2314a,2019-12,0.9411764705882352
e2314a,2020-01,0.9411764705882352
e2314a,2020-02,0.9411764705882352
e2314a,2020-03,1.0
e2314a,2020-04,1.0
e2314a,2020-05,0.8928571428571429
e2314a,2020-06,0.8928571428571429
e2314a,2020-07,0.8928571428571429
e2314a,2020-08,0.8928571428571429
e2314a,2020-09,0.8928571428571429
e2314a,2020-10,0.9411764705882352
e2314a,2020-11,0.9411764705882352
e2314a,2020-12,0.8928571428571429
e2314a,2021-01,0.8928571428571429
e2314a,2021-02,0.8928571428571429
e2314a,2021-03,0.9411764705882352
e2314a,2021-04,0.9411764705882352
e2314a,2021-05,1.0
e2314a,2021-06,1.0
e2314a,2021-07,0.9411764705882352
e2314a,2021-08,1.0
e2314a,2021-09,0.9411764705882352
e2314a,2021-10,1.0
e2314a,2021-11,0.8928571428571429
e2314a,2021-12,0.8928571428571429
e2314a,2022-01,1.0
e2314a,2022-02,0.8928571428571429
e2314a,2022-03,1.0
e2314a,2022-04,0.8928571428571429
e2314a,2022-05,0.8928571428571429
e2314a,2022-06,0.8928571428571429
e2314a,2022-07,0.8928571428571429
e2314a,2022-08,0.8928571428571429
e2314a,2022-09,1.0
e2314a,2022-10,1.0
e2314a,2022-11,1.0
e2314a,2022-12,0.8928571428571429
e2314a,2023-01,0.8928571428571429
e2314a,2023-02,0.9411764705882352
e2314a,2023-03,0.8928571428571429
e2314a,2023-04,0.8928571428571429
e2314a,2023-05,0.8928571428571429
e2314a,2023-06,0.5588235294117647
e2314a,2023-07,0.8928571428571429
e2314a,2023-08,0.8928571428571429
e2314a,2023-09,0.6666666666666666
e2314a,2023-10,0.9972854574871666
e2314a,2023-11,0.9411764705882352
e2314a,2023-12,0.5588235294117647
e2314a,2024-01,0.8928571428571429
e2314a,2024-02,1.0
e2314a,2024-03,0.8928571428571429
e2314a,2024-04,0.6666666666666666
e2314a,2024-05,0.6744186046511629
e2314a,2024-06,0.6666666666666666
e2314a,2024-07,0.8928571428571429
e2314a,2024-08,0.8928571428571429
e2314a,2024-09,1.0
e2314a,2024-10,1.0
e2314a,2024-11,0.8928571428571429
e2314a,2024-12,0.8928571428571429
e2314a,2025-01,0.8928571428571429
e2314a,2025-02,0.6666666666666666
e2314a,2025-03,0.8928571428571429
e2314a,2025-04,0.8928571428571429
e2314a,2025-05,0.8928571428571429
e2314a,2025-06,0.6744186046511629
e2314a,2025-07,1.0
e2314a,2025-08,0.8928571428571429
e2e0ce,2014-11,0.0208333333333333
e2e0ce,2014-12,0.0454545454545454
e2e0ce,2015-01,0.0454545454545454
e2e0ce,2015-02,0.0208333333333333
e2e0ce,2015-03,0.0454545454545454
e2e0ce,2015-04,0.0674157303370786
e2e0ce,2015-05,0.0208333333333333
e2e0ce,2015-06,0.0208333333333333
e2e0ce,2015-07,0.0
e2e0ce,2015-08,0.0
e2e0ce,2015-09,0.0
e2e0ce,2015-10,0.0
e2e0ce,2015-11,0.0
e2e0ce,2015-12,0.0
e2e0ce,2016-01,0.0
e2e0ce,2016-02,0.0208333333333333
e2e0ce,2016-03,0.0208333333333333
e2e0ce,2016-04,0.0
e2e0ce,2016-05,0.0208333333333333
e2e0ce,2016-06,0.0
e2e0ce,2016-07,0.0
e2e0ce,2016-08,0.0
e2e0ce,2016-09,0.0208333333333333
e2e0ce,2016-10,0.0
e2e0ce,2016-11,0.2465753424657534
e2e0ce,2016-12,0.2465753424657534
e2e0ce,2017-02,0.1714285714285714
e2e0ce,2017-03,0.2465753424657534
e2e0ce,2017-04,0.2465753424657534
e2e0ce,2017-05,0.3709677419354839
e2e0ce,2017-06,0.4545454545454545
e2e0ce,2017-07,0.4545454545454545
e2e0ce,2017-08,0.4545454545454545
e2e0ce,2017-09,0.4545454545454545
e2e0ce,2017-10,0.3709677419354839
e2e0ce,2017-11,0.3709677419354839
e2e0ce,2017-12,0.4545454545454545
e2e0ce,2018-01,0.2465753424657534
e2e0ce,2018-02,0.1428571428571428
e2e0ce,2018-03,0.0674157303370786
e2e0ce,2018-04,0.2465753424657534
e2e0ce,2018-05,0.2465753424657534
e2e0ce,2018-06,0.2465753424657534
e2e0ce,2018-07,0.4545454545454545
e2e0ce,2018-08,0.3709677419354839
e2e0ce,2018-09,0.3709677419354839
e2e0ce,2018-10,0.3709677419354839
e2e0ce,2018-11,0.3709677419354839
e2e0ce,2018-12,0.1714285714285714
e2e0ce,2019-01,0.3709677419354839
e2e0ce,2019-02,0.1714285714285714
e2e0ce,2019-03,0.1714285714285714
e2e0ce,2019-04,0.2465753424657534
e2e0ce,2019-05,0.0674157303370786
e2e0ce,2019-06,0.0769230769230769
e2e0ce,2019-07,0.2465753424657534
e2e0ce,2019-08,0.1714285714285714
e2e0ce,2019-09,0.1714285714285714
e2e0ce,2019-10,0.2465753424657534
e2e0ce,2019-11,0.2465753424657534
e2e0ce,2019-12,0.4545454545454545
e2e0ce,2020-01,0.4545454545454545
e2e0ce,2020-02,0.5588235294117647
e2e0ce,2020-03,0.5588235294117647
e2e0ce,2020-04,0.5
e2e0ce,2020-05,0.5588235294117647
e2e0ce,2020-06,0.4545454545454545
e2e0ce,2020-07,0.4545454545454545
e2e0ce,2020-08,0.4545454545454545
e2e0ce,2020-09,0.4545454545454545
e2e0ce,2020-10,0.4545454545454545
e2e0ce,2020-11,0.8667158882155005
e2e0ce,2020-12,0.8928571428571429
e2e0ce,2021-01,1.0
e2e0ce,2021-02,0.8928571428571429
e2e0ce,2021-03,0.8928571428571429
e2e0ce,2021-04,0.6744186046511629
e2e0ce,2021-05,0.8928571428571429
e2e0ce,2021-06,0.6744186046511629
e2e0ce,2021-07,0.8928571428571429
e2e0ce,2021-08,0.8928571428571429
e2e0ce,2021-09,0.8928571428571429
e2e0ce,2021-10,0.5588235294117647
e2e0ce,2021-11,0.8928571428571429
e2e0ce,2021-12,0.8928571428571429
e2e0ce,2022-03,0.8928571428571429
e2e0ce,2022-04,0.5588235294117647
e2e0ce,2022-05,0.5588235294117647
e2e0ce,2022-06,0.5588235294117647
e2e0ce,2022-07,0.6744186046511629
e2e0ce,2022-08,0.8928571428571429
e2e0ce,2022-09,0.5588235294117647
e2e0ce,2022-10,0.5588235294117647
e2e0ce,2022-11,0.9411764705882352
e2e0ce,2022-12,0.5588235294117647
e2e0ce,2023-01,0.6744186046511629
e2e0ce,2023-02,0.5588235294117647
e2e0ce,2023-03,0.8512314418463398
e2e0ce,2023-04,0.8928571428571429
e2e0ce,2023-05,0.8928571428571429
e2e0ce,2023-06,0.6744186046511629
e2e0ce,2023-07,0.5588235294117647
e2e0ce,2023-08,0.5588235294117647
e2e0ce,2023-09,0.5588235294117647
e2e0ce,2023-10,0.5588235294117647
e2e0ce,2023-11,0.5588235294117647
e2e0ce,2023-12,0.6744186046511629
e2e0ce,2024-01,0.8928571428571429
e2e0ce,2024-02,0.6744186046511629
e2e0ce,2024-03,0.5588235294117647
e2e0ce,2024-04,0.5588235294117647
e2e0ce,2024-05,0.8
e2e0ce,2024-06,0.6744186046511629
e2e0ce,2024-07,0.6744186046511629
e2e0ce,2024-08,1.0
e2e0ce,2024-09,0.8436713646737274
e2e0ce,2024-10,0.8928571428571429
e2e0ce,2024-11,0.8928571428571429
e2e0ce,2024-12,0.9411764705882352
e2e0ce,2025-01,0.8928571428571429
e2e0ce,2025-02,1.0
e2e0ce,2025-03,1.0
e2e0ce,2025-04,0.8928571428571429
e2e0ce,2025-05,0.8928571428571429
e2e0ce,2025-06,0.8
e2e0ce,2025-07,0.6744186046511629
e2e0ce,2025-08,0.5588235294117647
e361b7,2014-05,0.0638297872340425
e361b7,2014-06,0.0208333333333333
e361b7,2014-07,0.0638297872340425
e361b7,2014-08,0.0208333333333333
e361b7,2014-09,0.0454545454545454
e361b7,2014-10,0.0208333333333333
e361b7,2014-11,0.0208333333333333
e361b7,2014-12,0.0208333333333333
e361b7,2015-01,0.0454545454545454
e361b7,2015-02,0.0454545454545454
e361b7,2015-03,0.0454545454545454
e361b7,2015-04,0.0638297872340425
e361b7,2015-05,0.0208333333333333
e361b7,2015-06,0.0
e361b7,2015-07,0.0
e361b7,2015-08,0.0
e361b7,2015-09,0.0
e361b7,2015-10,0.0
e361b7,2015-11,0.0
e361b7,2015-12,0.0454545454545454
e361b7,2016-01,0.0454545454545454
e361b7,2016-02,0.0
e361b7,2016-03,0.0
e361b7,2016-04,0.0
e361b7,2016-05,0.1428571428571428
e361b7,2016-06,0.3709677419354839
e361b7,2016-07,0.3709677419354839
e361b7,2016-08,0.3709677419354839
e361b7,2016-09,0.3709677419354839
e361b7,2016-10,0.3709677419354839
e361b7,2016-11,0.3709677419354839
e361b7,2016-12,0.3709677419354839
e361b7,2017-01,0.3709677419354839
e361b7,2017-02,0.2465753424657534
e361b7,2017-03,0.3709677419354839
e361b7,2017-04,0.3709677419354839
e361b7,2017-05,0.4285714285714285
e361b7,2017-06,0.3709677419354839
e361b7,2017-07,0.2465753424657534
e361b7,2017-08,0.3709677419354839
e361b7,2017-09,0.4545454545454545
e361b7,2017-10,0.2465753424657534
e361b7,2017-11,0.3846153846153846
e361b7,2017-12,0.3709677419354839
e361b7,2018-01,0.1714285714285714
e361b7,2018-02,0.0638297872340425
e361b7,2018-03,0.2465753424657534
e361b7,2018-04,0.0638297872340425
e361b7,2018-05,0.0674157303370786
e361b7,2018-06,0.4545454545454545
e361b7,2018-07,0.5
e361b7,2018-08,0.5588235294117647
e361b7,2018-09,0.6666666666666666
e361b7,2018-10,0.6666666666666666
e361b7,2018-11,0.6744186046511629
e361b7,2018-12,0.3709677419354839
e361b7,2019-01,0.3709677419354839
e361b7,2019-02,0.2465753424657534
e361b7,2019-03,0.4545454545454545
e361b7,2019-04,0.4194964576387742
e361b7,2019-05,0.4545454545454545
e361b7,2019-06,0.4545454545454545
e361b7,2019-07,0.5588235294117647
e361b7,2019-08,0.4545454545454545
e361b7,2019-09,0.3709677419354839
e361b7,2019-10,0.4545454545454545
e361b7,2019-11,0.4545454545454545
e361b7,2019-12,0.5588235294117647
e361b7,2020-01,0.8928571428571429
e361b7,2020-02,0.8928571428571429
e361b7,2020-03,0.8928571428571429
e361b7,2020-04,1.0
e361b7,2020-05,0.9411764705882352
e361b7,2020-06,0.8928571428571429
e361b7,2020-07,0.8928571428571429
e361b7,2020-08,0.8928571428571429
e361b7,2020-09,0.6744186046511629
e361b7,2020-10,0.8928571428571429
e361b7,2020-11,0.4545454545454545
e361b7,2020-12,0.4285714285714285
e361b7,2021-01,0.5588235294117647
e361b7,2021-02,0.2465753424657534
e361b7,2021-03,0.8928571428571429
e361b7,2021-04,0.9411764705882352
e361b7,2021-05,0.8928571428571429
e361b7,2021-06,0.8928571428571429
e361b7,2021-07,0.8928571428571429
e361b7,2021-08,0.5063195778419218
e361b7,2021-09,0.4545454545454545
e361b7,2021-10,0.4545454545454545
e361b7,2021-11,0.4285714285714285
e361b7,2021-12,0.5588235294117647
e361b7,2022-01,0.9411764705882352
e361b7,2022-02,0.4545454545454545
e361b7,2022-03,0.4545454545454545
e361b7,2022-04,0.3846153846153846
e361b7,2022-05,0.4285714285714285
e361b7,2022-06,0.5588235294117647
e361b7,2022-07,0.4545454545454545
e361b7,2022-08,0.5588235294117647
e361b7,2022-09,0.4545454545454545
e361b7,2022-10,0.5588235294117647
e361b7,2022-11,0.5588235294117647
e361b7,2022-12,0.6666666666666666
e361b7,2023-01,0.5588235294117647
e361b7,2023-02,0.5399845492986262
e361b7,2023-03,0.6744186046511629
e361b7,2023-04,0.5588235294117647
e361b7,2023-05,0.8928571428571429
e361b7,2023-06,0.6744186046511629
e361b7,2023-07,0.6744186046511629
e361b7,2023-08,1.0
e361b7,2023-09,0.6744186046511629
e361b7,2023-10,1.0
e361b7,2023-11,0.8928571428571429
e361b7,2023-12,0.8928571428571429
e361b7,2024-01,0.8928571428571429
e361b7,2024-02,0.8928571428571429
e361b7,2024-03,0.8928571428571429
e361b7,2024-04,0.8928571428571429
e361b7,2024-05,0.8928571428571429
e361b7,2024-06,0.8928571428571429
e361b7,2024-07,0.8928571428571429
e361b7,2024-08,0.6744186046511629
e361b7,2024-09,0.8928571428571429
e361b7,2024-10,0.8928571428571429
e361b7,2024-11,0.8928571428571429
e361b7,2024-12,0.8928571428571429
e361b7,2025-01,0.8928571428571429
e361b7,2025-02,0.8928571428571429
e361b7,2025-03,0.8928571428571429
e361b7,2025-04,0.8928571428571429
e361b7,2025-05,0.8928571428571429
e361b7,2025-06,0.8928571428571429
e361b7,2025-07,0.8928571428571429
e361b7,2025-08,0.6744186046511629
e3af0e,2014-03,0.0208333333333333
e3af0e,2014-04,0.0638297872340425
e3af0e,2014-05,0.0638297872340425
e3af0e,2014-06,0.0638297872340425
e3af0e,2014-07,0.0454545454545454
e3af0e,2014-08,0.0208333333333333
e3af0e,2014-09,0.0454545454545454
e3af0e,2014-10,0.0208333333333333
e3af0e,2014-11,0.0208333333333333
e3af0e,2014-12,0.0208333333333333
e3af0e,2015-01,0.0208333333333333
e3af0e,2015-02,0.0208333333333333
e3af0e,2015-03,0.0
e3af0e,2015-04,0.0
e3af0e,2015-05,0.0
e3af0e,2015-06,0.0
e3af0e,2015-07,0.0
e3af0e,2015-08,0.0
e3af0e,2015-09,0.0454545454545454
e3af0e,2015-10,0.0674157303370786
e3af0e,2015-11,0.0638297872340425
e3af0e,2015-12,0.0208333333333333
e3af0e,2016-01,0.0
e3af0e,2016-02,0.0208333333333333
e3af0e,2016-03,0.1553867774485604
e3af0e,2016-04,0.0769230769230769
e3af0e,2016-05,0.0674157303370786
e3af0e,2016-06,0.0674157303370786
e3af0e,2016-07,0.0769230769230769
e3af0e,2016-08,0.1568555082846165
e3af0e,2016-09,0.1234092105622158
e3af0e,2016-10,0.1714285714285714
e3af0e,2016-11,0.1428571428571428
e3af0e,2016-12,0.2465753424657534
e3af0e,2017-01,0.2465753424657534
e3af0e,2017-02,0.2465753424657534
e3af0e,2017-03,0.3709677419354839
e3af0e,2017-04,0.2465753424657534
e3af0e,2017-05,0.0745264823451169
e3af0e,2017-06,0.0674157303370786
e3af0e,2017-07,0.4545454545454545
e3af0e,2017-08,0.3709677419354839
e3af0e,2017-09,0.4545454545454545
e3af0e,2017-10,0.4545454545454545
e3af0e,2017-11,0.3709677419354839
e3af0e,2017-12,0.4545454545454545
e3af0e,2018-01,0.2465753424657534
e3af0e,2018-02,0.0674157303370786
e3af0e,2018-03,0.3709677419354839
e3af0e,2018-04,0.0674157303370786
e3af0e,2018-05,0.1011331805471547
e3af0e,2018-06,0.0769230769230769
e3af0e,2018-07,0.4545454545454545
e3af0e,2018-08,0.4545454545454545
e3af0e,2018-09,0.4545454545454545
e3af0e,2018-10,0.4545454545454545
e3af0e,2018-11,0.3709677419354839
e3af0e,2018-12,0.3709677419354839
e3af0e,2019-01,0.3709677419354839
e3af0e,2019-02,0.3709677419354839
e3af0e,2019-03,0.3709677419354839
e3af0e,2019-04,0.3709677419354839
e3af0e,2019-05,0.4545454545454545
e3af0e,2019-06,0.4545454545454545
e3af0e,2019-07,0.5588235294117647
e3af0e,2019-08,0.4545454545454545
e3af0e,2019-09,0.4545454545454545
e3af0e,2019-10,0.8928571428571429
e3af0e,2019-11,0.3709677419354839
e3af0e,2019-12,0.9411764705882352
e3af0e,2020-01,0.8928571428571429
e3af0e,2020-02,0.4545454545454545
e3af0e,2020-03,0.9411764705882352
e3af0e,2020-04,0.9411764705882352
e3af0e,2020-05,0.8928571428571429
e3af0e,2020-06,0.8928571428571429
e3af0e,2020-07,0.9411764705882352
e3af0e,2020-08,0.9411764705882352
e3af0e,2020-09,0.8928571428571429
e3af0e,2020-10,0.8928571428571429
e3af0e,2020-11,0.8928571428571429
e3af0e,2020-12,0.8928571428571429
e3af0e,2021-01,0.8928571428571429
e3af0e,2021-02,0.8513271440864983
e3af0e,2021-03,0.8928571428571429
e3af0e,2021-04,0.8928571428571429
e3af0e,2021-05,0.4545454545454545
e3af0e,2021-06,1.0
e3af0e,2021-07,1.0
e3af0e,2021-08,1.0
e3af0e,2021-09,1.0
e3af0e,2021-10,1.0
e3af0e,2021-11,0.8928571428571429
e3af0e,2021-12,0.5588235294117647
e3af0e,2022-01,0.8928571428571429
e3af0e,2022-02,0.5588235294117647
e3af0e,2022-03,0.8928571428571429
e3af0e,2022-04,0.8928571428571429
e3af0e,2022-05,0.8928571428571429
e3af0e,2022-06,0.8928571428571429
e3af0e,2022-07,0.6744186046511629
e3af0e,2022-08,0.4545454545454545
e3af0e,2022-09,0.4545454545454545
e3af0e,2022-10,0.4545454545454545
e3af0e,2022-11,0.5588235294117647
e3af0e,2022-12,0.6666666666666666
e3af0e,2023-01,0.8928571428571429
e3af0e,2023-02,0.5588235294117647
e3af0e,2023-03,0.5588235294117647
e3af0e,2023-04,0.6744186046511629
e3af0e,2023-05,0.8928571428571429
e3af0e,2023-06,0.8928571428571429
e3af0e,2023-07,0.8928571428571429
e3af0e,2023-08,1.0
e3af0e,2023-09,1.0
e3af0e,2023-10,0.9411764705882352
e3af0e,2023-11,0.6744186046511629
e3af0e,2023-12,0.5588235294117647
e3af0e,2024-01,0.6666666666666666
e3af0e,2024-02,0.5588235294117647
e3af0e,2024-03,0.5
e3af0e,2024-04,0.5588235294117647
e3af0e,2024-05,0.5588235294117647
e3af0e,2024-06,0.5588235294117647
e3af0e,2024-07,0.5588235294117647
e3af0e,2024-08,0.6744186046511629
e3af0e,2024-09,0.6744186046511629
e3af0e,2024-10,0.6744186046511629
e3af0e,2024-11,0.6744186046511629
e3af0e,2024-12,0.6666666666666666
e3af0e,2025-01,0.8928571428571429
e3af0e,2025-02,0.6744186046511629
e3af0e,2025-03,0.6666666666666666
e3af0e,2025-04,0.6666666666666666
e3af0e,2025-05,0.6744186046511629
e3af0e,2025-06,0.6744186046511629
e3af0e,2025-07,0.6744186046511629
e3af0e,2025-08,0.8928571428571429
e427f8,2021-12,0.0
e427f8,2022-01,0.0638297872340425
e427f8,2022-02,0.0638297872340425
e427f8,2022-03,0.0454545454545454
e427f8,2022-04,0.0454545454545454
e427f8,2022-05,0.0638297872340425
e427f8,2022-06,0.0674157303370786
e427f8,2022-07,0.0208333333333333
e427f8,2022-08,0.0
e427f8,2022-09,0.0
e427f8,2022-10,0.0
e427f8,2022-11,0.0
e427f8,2022-12,0.0
e427f8,2023-01,0.0
e427f8,2023-02,0.0
e427f8,2023-03,0.0
e427f8,2023-04,0.0
e427f8,2023-05,0.0
e427f8,2023-06,0.0
e427f8,2023-07,0.0208333333333333
e427f8,2023-08,0.0208333333333333
e427f8,2023-09,0.0
e427f8,2023-10,0.0
e427f8,2023-11,0.0208333333333333
e427f8,2023-12,0.2465753424657534
e427f8,2024-01,0.1714285714285714
e427f8,2024-02,0.2465753424657534
e427f8,2024-03,0.2465753424657534
e427f8,2024-04,0.4545454545454545
e427f8,2024-05,0.3709677419354839
e427f8,2024-06,0.4545454545454545
e427f8,2024-07,0.3846153846153846
e427f8,2024-08,0.3709677419354839
e427f8,2024-09,0.2465753424657534
e427f8,2024-10,0.4545454545454545
e427f8,2024-11,0.4545454545454545
e427f8,2024-12,0.4285714285714285
e427f8,2025-01,0.2465753424657534
e427f8,2025-02,0.2465753424657534
e427f8,2025-03,0.3709677419354839
e427f8,2025-04,0.2465753424657534
e427f8,2025-05,0.2465753424657534
e427f8,2025-06,0.3709677419354839
e427f8,2025-07,0.3846153846153846
e427f8,2025-08,0.3709677419354839
e4bc80,2014-06,0.0208333333333333
e4bc80,2014-07,0.0208333333333333
e4bc80,2014-08,0.0
e4bc80,2014-09,0.0208333333333333
e4bc80,2014-10,0.0
e4bc80,2014-11,0.0454545454545454
e4bc80,2014-12,0.0208333333333333
e4bc80,2015-01,0.0454545454545454
e4bc80,2015-02,0.0208333333333333
e4bc80,2015-03,0.0208333333333333
e4bc80,2015-04,0.0674157303370786
e4bc80,2015-05,0.0454545454545454
e4bc80,2015-06,0.0208333333333333
e4bc80,2015-07,0.0
e4bc80,2015-08,0.0
e4bc80,2015-09,0.0
e4bc80,2015-10,0.0
e4bc80,2016-02,0.0208333333333333
e4bc80,2016-03,0.0454545454545454
e4bc80,2016-04,0.0208333333333333
e4bc80,2016-05,0.0
e4bc80,2016-06,0.1428571428571428
e4bc80,2016-07,0.1714285714285714
e4bc80,2016-08,0.2465753424657534
e4bc80,2016-09,0.1428571428571428
e4bc80,2016-10,0.1714285714285714
e4bc80,2016-11,0.2465753424657534
e4bc80,2016-12,0.2465753424657534
e4bc80,2017-01,0.3709677419354839
e4bc80,2017-02,0.2465753424657534
e4bc80,2017-03,0.4545454545454545
e4bc80,2017-04,0.3709677419354839
e4bc80,2017-05,0.3709677419354839
e4bc80,2017-06,0.3709677419354839
e4bc80,2017-07,0.3709677419354839
e4bc80,2017-08,0.4545454545454545
e4bc80,2017-09,0.4545454545454545
e4bc80,2017-10,0.4545454545454545
e4bc80,2017-11,0.4545454545454545
e4bc80,2017-12,0.4545454545454545
e4bc80,2018-01,0.3709677419354839
e4bc80,2018-02,0.1428571428571428
e4bc80,2018-03,0.2465753424657534
e4bc80,2018-04,0.1714285714285714
e4bc80,2018-05,0.2465753424657534
e4bc80,2018-06,0.3709677419354839
e4bc80,2018-07,0.5588235294117647
e4bc80,2018-08,0.5588235294117647
e4bc80,2018-09,0.4545454545454545
e4bc80,2018-10,0.5588235294117647
e4bc80,2018-11,0.6744186046511629
e4bc80,2018-12,0.3709677419354839
e4bc80,2019-01,0.3709677419354839
e4bc80,2019-02,0.2465753424657534
e4bc80,2019-03,0.2465753424657534
e4bc80,2019-04,0.2465753424657534
e4bc80,2019-05,0.2465753424657534
e4bc80,2019-06,0.3709677419354839
e4bc80,2019-07,0.5588235294117647
e4bc80,2019-08,0.3709677419354839
e4bc80,2019-09,0.3724322195459479
e4bc80,2019-10,0.6744186046511629
e4bc80,2019-11,0.4545454545454545
e4bc80,2019-12,0.4545454545454545
e4bc80,2020-01,0.8928571428571429
e4bc80,2020-02,0.6744186046511629
e4bc80,2020-03,0.8928571428571429
e4bc80,2020-04,0.8928571428571429
e4bc80,2020-05,0.8928571428571429
e4bc80,2020-06,0.8928571428571429
e4bc80,2020-07,0.8928571428571429
e4bc80,2020-08,0.8928571428571429
e4bc80,2020-09,0.8928571428571429
e4bc80,2020-10,0.8928571428571429
e4bc80,2020-11,0.5588235294117647
e4bc80,2020-12,0.6744186046511629
e4bc80,2021-01,0.8928571428571429
e4bc80,2021-02,0.5588235294117647
e4bc80,2021-03,0.9411764705882352
e4bc80,2021-04,0.8928571428571429
e4bc80,2021-05,0.9411764705882352
e4bc80,2021-06,0.6744186046511629
e4bc80,2021-07,0.5588235294117647
e4bc80,2021-08,0.4545454545454545
e4bc80,2021-09,0.3709677419354839
e4bc80,2021-10,0.3846153846153846
e4bc80,2021-11,0.3709677419354839
e4bc80,2021-12,0.3709677419354839
e4bc80,2022-01,0.3709677419354839
e4bc80,2022-02,0.2465753424657534
e4bc80,2022-03,0.2465753424657534
e4bc80,2022-04,0.3709677419354839
e4bc80,2022-05,0.4545454545454545
e4bc80,2022-06,0.4545454545454545
e4bc80,2022-07,0.4545454545454545
e4bc80,2022-08,0.4545454545454545
e4bc80,2022-09,0.4545454545454545
e4bc80,2022-10,0.5588235294117647
e4bc80,2022-11,0.5588235294117647
e4bc80,2022-12,0.8928571428571429
e4bc80,2023-01,0.6744186046511629
e4bc80,2023-02,0.4545454545454545
e4bc80,2023-03,0.4545454545454545
e4bc80,2023-04,0.5
e4bc80,2023-05,0.5588235294117647
e4bc80,2023-06,0.6744186046511629
e4bc80,2023-07,0.5588235294117647
e4bc80,2023-08,0.5588235294117647
e4bc80,2023-09,0.5588235294117647
e4bc80,2023-10,0.8928571428571429
e4bc80,2023-11,0.6744186046511629
e4bc80,2023-12,0.5588235294117647
e4bc80,2024-01,0.5588235294117647
e4bc80,2024-02,0.6744186046511629
e4bc80,2024-03,0.5588235294117647
e4bc80,2024-04,0.8928571428571429
e4bc80,2024-05,1.0
e4bc80,2024-06,0.6744186046511629
e4bc80,2024-07,0.8928571428571429
e4bc80,2024-08,0.6744186046511629
e4bc80,2024-09,0.8928571428571429
e4bc80,2024-10,0.6744186046511629
e4bc80,2024-11,0.6744186046511629
e4bc80,2024-12,0.6744186046511629
e4bc80,2025-01,0.8928571428571429
e4bc80,2025-02,0.8002590867136354
e4bc80,2025-03,0.8928571428571429
e4bc80,2025-04,0.6744186046511629
e4bc80,2025-05,0.8928571428571429
e4bc80,2025-06,0.8928571428571429
e4bc80,2025-07,0.8928571428571429
e4bc80,2025-08,0.6744186046511629
e60b65,2014-03,0.0208333333333333
e60b65,2014-04,0.0208333333333333
e60b65,2014-05,0.0208333333333333
e60b65,2014-06,0.0
e60b65,2014-07,0.0666666666666666
e60b65,2014-08,0.0451399795116374
e60b65,2014-09,0.0208333333333333
e60b65,2014-10,0.0208333333333333
e60b65,2014-11,0.0208333333333333
e60b65,2014-12,0.0
e60b65,2015-01,0.0
e60b65,2015-02,0.0
e60b65,2015-03,0.0
e60b65,2015-04,0.0638297872340425
e60b65,2015-05,0.0208333333333333
e60b65,2015-06,0.0208333333333333
e60b65,2015-07,0.0
e60b65,2015-08,0.0
e60b65,2015-09,0.0
e60b65,2015-10,0.0
e60b65,2016-04,0.2465753424657534
e60b65,2016-05,0.3709677419354839
e60b65,2016-06,0.4545454545454545
e60b65,2016-07,0.4545454545454545
e60b65,2016-08,0.3846153846153846
e60b65,2016-09,0.4307123357189722
e60b65,2016-10,0.4545454545454545
e60b65,2016-11,0.4545454545454545
e60b65,2016-12,0.3709677419354839
e60b65,2017-01,0.3709677419354839
e60b65,2017-02,0.3169212556206822
e60b65,2017-03,0.5
e60b65,2017-04,0.4545454545454545
e60b65,2017-05,0.5245000070536152
e60b65,2017-06,0.3709677419354839
e60b65,2017-07,0.4545454545454545
e60b65,2017-08,0.2465753424657534
e60b65,2017-09,0.2465753424657534
e60b65,2017-10,0.2465753424657534
e60b65,2017-11,0.0674157303370786
e60b65,2017-12,0.0674157303370786
e60b65,2018-01,0.0674157303370786
e60b65,2018-02,0.0
e60b65,2018-03,0.0769230769230769
e60b65,2018-04,0.0208333333333333
e60b65,2018-05,0.0
e60b65,2018-06,0.0674157303370786
e60b65,2018-07,0.5588235294117647
e60b65,2018-08,0.5588235294117647
e60b65,2018-09,0.5
e60b65,2018-10,0.4545454545454545
e60b65,2018-11,0.5588235294117647
e60b65,2018-12,0.5588235294117647
e60b65,2019-01,0.5588235294117647
e60b65,2019-02,0.5588235294117647
e60b65,2019-03,0.5588235294117647
e60b65,2019-04,0.5588235294117647
e60b65,2019-05,0.5588235294117647
e60b65,2019-06,0.5588235294117647
e60b65,2019-07,0.5588235294117647
e60b65,2019-08,0.5588235294117647
e60b65,2019-09,0.6744186046511629
e60b65,2019-10,0.6744186046511629
e60b65,2019-11,0.8928571428571429
e60b65,2019-12,0.8928571428571429
e60b65,2020-01,0.8928571428571429
e60b65,2020-02,0.8928571428571429
e60b65,2020-03,0.8928571428571429
e60b65,2020-04,0.8928571428571429
e60b65,2020-05,0.8
e60b65,2020-06,0.8928571428571429
e60b65,2020-07,0.8499554806957309
e60b65,2020-08,0.8928571428571429
e60b65,2020-09,0.8928571428571429
e60b65,2020-10,0.8928571428571429
e60b65,2020-11,0.8928571428571429
e60b65,2020-12,0.8928571428571429
e60b65,2021-01,0.8928571428571429
e60b65,2021-02,0.8928571428571429
e60b65,2021-03,0.8928571428571429
e60b65,2021-04,0.8928571428571429
e60b65,2021-05,0.8928571428571429
e60b65,2021-06,0.8928571428571429
e60b65,2021-07,0.8928571428571429
e60b65,2021-08,0.8928571428571429
e60b65,2021-09,0.8928571428571429
e60b65,2021-10,0.8928571428571429
e60b65,2021-11,0.8928571428571429
e60b65,2021-12,0.8928571428571429
e60b65,2022-01,0.8928571428571429
e60b65,2022-02,0.8928571428571429
e60b65,2022-03,0.8928571428571429
e60b65,2022-04,0.8928571428571429
e60b65,2022-05,0.8928571428571429
e60b65,2022-06,0.8928571428571429
e60b65,2022-07,0.8928571428571429
e60b65,2022-08,0.8928571428571429
e60b65,2022-09,0.8928571428571429
e60b65,2022-10,0.8928571428571429
e60b65,2022-11,0.8928571428571429
e60b65,2022-12,0.8928571428571429
e60b65,2023-01,0.8928571428571429
e60b65,2023-02,0.8928571428571429
e60b65,2023-03,0.8928571428571429
e60b65,2023-04,0.4545454545454545
e60b65,2023-05,0.4545454545454545
e60b65,2023-06,0.4545454545454545
e60b65,2023-07,0.4545454545454545
e60b65,2023-08,0.4545454545454545
e60b65,2023-09,0.4545454545454545
e60b65,2023-10,0.5588235294117647
e60b65,2023-11,0.9411764705882352
e60b65,2023-12,1.0
e60b65,2024-01,1.0
e60b65,2024-02,0.8
e60b65,2024-03,0.9411764705882352
e60b65,2024-04,0.5588235294117647
e60b65,2024-05,0.4545454545454545
e60b65,2024-06,0.4545454545454545
e60b65,2024-07,0.5588235294117647
e60b65,2024-08,0.4545454545454545
e60b65,2024-09,0.4545454545454545
e60b65,2024-10,0.5588235294117647
e60b65,2024-11,0.8928571428571429
e60b65,2024-12,0.9411764705882352
e60b65,2025-01,1.0
e60b65,2025-02,0.8928571428571429
e60b65,2025-03,0.8928571428571429
e60b65,2025-04,0.8928571428571429
e60b65,2025-05,0.8928571428571429
e60b65,2025-06,0.8
e60b65,2025-07,0.8
e60b65,2025-08,0.6744186046511629
e60b65,2025-09,0.8928571428571429
e7a56d,2014-06,0.0638297872340425
e7a56d,2014-07,0.0208333333333333
e7a56d,2014-08,0.066725734504633
e7a56d,2014-09,0.0208333333333333
e7a56d,2014-10,0.0674157303370786
e7a56d,2014-11,0.0674157303370786
e7a56d,2014-12,0.0208333333333333
e7a56d,2015-01,0.0
e7a56d,2015-02,0.0
e7a56d,2015-03,0.0
e7a56d,2015-04,0.0
e7a56d,2015-05,0.0208333333333333
e7a56d,2015-06,0.0208333333333333
e7a56d,2015-07,0.0
e7a56d,2015-08,0.0
e7a56d,2015-09,0.0
e7a56d,2015-10,0.0
e7a56d,2015-11,0.0638297872340425
e7a56d,2015-12,0.0454545454545454
e7a56d,2016-01,0.0208333333333333
e7a56d,2016-02,0.0208333333333333
e7a56d,2016-03,0.0208333333333333
e7a56d,2016-04,0.0208333333333333
e7a56d,2016-05,0.0208333333333333
e7a56d,2016-06,0.2465753424657534
e7a56d,2016-07,0.2465753424657534
e7a56d,2016-08,0.2465753424657534
e7a56d,2016-09,0.2465753424657534
e7a56d,2016-10,0.2465753424657534
e7a56d,2016-11,0.3709677419354839
e7a56d,2016-12,0.3709677419354839
e7a56d,2017-01,0.3846153846153846
e7a56d,2017-02,0.4285714285714285
e7a56d,2017-03,0.3709677419354839
e7a56d,2017-04,0.2465753424657534
e7a56d,2017-05,0.2465753424657534
e7a56d,2017-06,0.2465753424657534
e7a56d,2017-07,0.2465753424657534
e7a56d,2017-08,0.2465753424657534
e7a56d,2017-09,0.1714285714285714
e7a56d,2017-10,0.2465753424657534
e7a56d,2017-11,0.3709677419354839
e7a56d,2017-12,0.3846153846153846
e7a56d,2018-01,0.375373278442878
e7a56d,2018-02,0.2465753424657534
e7a56d,2018-03,0.3709677419354839
e7a56d,2018-04,0.0769230769230769
e7a56d,2018-05,0.1714285714285714
e7a56d,2018-06,0.0674157303370786
e7a56d,2018-07,0.2465753424657534
e7a56d,2018-08,0.4545454545454545
e7a56d,2018-09,0.5588235294117647
e7a56d,2018-10,0.5
e7a56d,2018-11,0.5588235294117647
e7a56d,2018-12,0.3709677419354839
e7a56d,2019-01,0.4248437271114399
e7a56d,2019-02,0.3709677419354839
e7a56d,2019-03,0.3709677419354839
e7a56d,2019-04,0.3709677419354839
e7a56d,2019-05,0.4545454545454545
e7a56d,2019-06,0.4545454545454545
e7a56d,2019-07,0.4545454545454545
e7a56d,2019-08,0.4235974675075563
e7a56d,2019-09,0.4545454545454545
e7a56d,2019-10,0.5418279935032475
e7a56d,2019-11,0.5588235294117647
e7a56d,2019-12,0.5588235294117647
e7a56d,2020-01,0.4545454545454545
e7a56d,2020-02,0.4545454545454545
e7a56d,2020-03,0.8928571428571429
e7a56d,2020-04,0.8928571428571429
e7a56d,2020-05,0.8928571428571429
e7a56d,2020-06,0.8928571428571429
e7a56d,2020-07,0.8928571428571429
e7a56d,2020-08,0.8928571428571429
e7a56d,2020-09,0.8928571428571429
e7a56d,2020-10,0.8928571428571429
e7a56d,2020-11,0.8928571428571429
e7a56d,2020-12,0.6744186046511629
e7a56d,2021-01,0.8928571428571429
e7a56d,2021-02,0.8928571428571429
e7a56d,2021-03,0.8928571428571429
e7a56d,2021-04,0.6744186046511629
e7a56d,2021-05,0.6744186046511629
e7a56d,2021-06,0.8928571428571429
e7a56d,2021-07,0.8928571428571429
e7a56d,2021-08,0.8928571428571429
e7a56d,2021-09,0.8928571428571429
e7a56d,2021-10,0.8928571428571429
e7a56d,2021-11,0.8928571428571429
e7a56d,2021-12,0.4545454545454545
e7a56d,2022-01,0.5
e7a56d,2022-02,0.812924616278726
e7a56d,2022-03,0.8928571428571429
e7a56d,2022-04,0.8928571428571429
e7a56d,2022-05,0.4285714285714285
e7a56d,2022-06,0.3846153846153846
e7a56d,2022-07,0.4545454545454545
e7a56d,2022-08,0.4285714285714285
e7a56d,2022-09,0.3709677419354839
e7a56d,2022-10,0.4545454545454545
e7a56d,2022-11,0.4545454545454545
e7a56d,2022-12,0.4285714285714285
e7a56d,2023-01,0.3846153846153846
e7a56d,2023-02,0.3709677419354839
e7a56d,2023-03,0.5588235294117647
e7a56d,2023-04,0.3709677419354839
e7a56d,2023-05,0.5588235294117647
e7a56d,2023-06,0.5588235294117647
e7a56d,2023-07,0.6744186046511629
e7a56d,2023-08,1.0
e7a56d,2023-09,0.8928571428571429
e7a56d,2023-10,0.5588235294117647
e7a56d,2023-11,0.8173111825189878
e7a56d,2023-12,0.6744186046511629
e7a56d,2024-01,1.0
e7a56d,2024-02,0.8928571428571429
e7a56d,2024-03,1.0
e7a56d,2024-04,0.8928571428571429
e7a56d,2024-05,1.0
e7a56d,2024-06,0.8928571428571429
e7a56d,2024-07,0.8928571428571429
e7a56d,2024-08,0.8928571428571429
e7a56d,2024-09,0.8928571428571429
e7a56d,2024-10,0.8928571428571429
e7a56d,2024-11,0.8928571428571429
e7a56d,2024-12,0.8928571428571429
e7a56d,2025-01,0.8928571428571429
e7a56d,2025-02,0.6744186046511629
e7a56d,2025-03,0.8928571428571429
e7a56d,2025-04,0.8928571428571429
e7a56d,2025-05,1.0
e7a56d,2025-06,0.8928571428571429
e7a56d,2025-07,0.8928571428571429
e7a56d,2025-08,0.8928571428571429
e83244,2014-12,0.0
e83244,2015-01,0.0208333333333333
e83244,2015-02,0.0208333333333333
e83244,2015-03,0.0
e83244,2015-04,0.0
e83244,2015-05,0.0454545454545454
e83244,2015-06,0.0638297872340425
e83244,2015-07,0.0666666666666666
e83244,2015-08,0.0208333333333333
e83244,2015-09,0.0
e83244,2015-10,0.0
e83244,2015-11,0.0
e83244,2015-12,0.0
e83244,2016-01,0.0
e83244,2016-02,0.0
e83244,2016-03,0.0
e83244,2016-04,0.0
e83244,2016-05,0.0208333333333333
e83244,2016-06,0.0
e83244,2016-07,0.0208333333333333
e83244,2016-08,0.0208333333333333
e83244,2016-09,0.0208333333333333
e83244,2016-10,0.0454545454545454
e83244,2016-11,0.0208333333333333
e83244,2016-12,0.1714285714285714
e83244,2017-01,0.0674157303370786
e83244,2017-02,0.0769230769230769
e83244,2017-03,0.0674157303370786
e83244,2017-04,0.0674157303370786
e83244,2017-05,0.2312877380182707
e83244,2017-06,0.2465753424657534
e83244,2017-07,0.3709677419354839
e83244,2017-08,0.3709677419354839
e83244,2017-09,0.2465753424657534
e83244,2017-10,0.2465753424657534
e83244,2017-11,0.4545454545454545
e83244,2017-12,0.4545454545454545
e83244,2018-01,0.2465753424657534
e83244,2018-02,0.0674157303370786
e83244,2018-03,0.0674157303370786
e83244,2018-04,0.0769230769230769
e83244,2018-05,0.0769230769230769
e83244,2018-06,0.3709677419354839
e83244,2018-07,0.2465753424657534
e83244,2018-08,0.0674157303370786
e83244,2018-09,0.0674157303370786
e83244,2018-10,0.0454545454545454
e83244,2018-11,0.0674157303370786
e83244,2018-12,0.4545454545454545
e83244,2019-01,0.0674157303370786
e83244,2019-02,0.1393964288165575
e83244,2019-03,0.4545454545454545
e83244,2019-04,0.5783764514169788
e83244,2019-05,0.6744186046511629
e83244,2019-06,0.5588235294117647
e83244,2019-07,0.8928571428571429
e83244,2019-08,0.8928571428571429
e83244,2019-09,0.5588235294117647
e83244,2019-10,0.8928571428571429
e83244,2019-11,0.8928571428571429
e83244,2019-12,0.9411764705882352
e83244,2020-01,0.8928571428571429
e83244,2020-02,0.8928571428571429
e83244,2020-03,0.9411764705882352
e83244,2020-04,0.9411764705882352
e83244,2020-05,0.8928571428571429
e83244,2020-06,0.8928571428571429
e83244,2020-07,0.8928571428571429
e83244,2020-08,0.8928571428571429
e83244,2020-09,0.8928571428571429
e83244,2020-10,0.8928571428571429
e83244,2020-11,0.9411764705882352
e83244,2020-12,1.0
e83244,2021-01,0.9411764705882352
e83244,2021-02,0.9411764705882352
e83244,2021-03,0.9411764705882352
e83244,2021-04,1.0
e83244,2021-05,1.0
e83244,2021-06,1.0
e83244,2021-07,0.9411764705882352
e83244,2021-08,1.0
e83244,2021-09,1.0
e83244,2021-10,1.0
e83244,2021-11,1.0
e83244,2021-12,0.9411764705882352
e83244,2022-01,0.9411764705882352
e83244,2022-02,0.8928571428571429
e83244,2022-03,1.0
e83244,2022-04,1.0
e83244,2022-05,0.8928571428571429
e83244,2022-06,0.8928571428571429
e83244,2022-07,0.8928571428571429
e83244,2022-08,0.9411764705882352
e83244,2022-09,0.9411764705882352
e83244,2022-10,1.0
e83244,2022-11,1.0
e83244,2022-12,0.9411764705882352
e83244,2023-01,0.8928571428571429
e83244,2023-02,0.5588235294117647
e83244,2023-03,0.6744186046511629
e83244,2023-04,0.8928571428571429
e83244,2023-05,0.8928571428571429
e83244,2023-06,0.5588235294117647
e83244,2023-07,0.8928571428571429
e83244,2023-08,0.6744186046511629
e83244,2023-09,0.6744186046511629
e83244,2023-10,1.0
e83244,2023-11,0.6744186046511629
e83244,2023-12,0.6666666666666666
e83244,2024-01,0.8928571428571429
e83244,2024-02,0.8928571428571429
e83244,2024-03,0.8928571428571429
e83244,2024-04,1.0
e83244,2024-05,1.0
e83244,2024-06,0.9411764705882352
e83244,2024-07,0.8928571428571429
e83244,2024-08,0.8928571428571429
e83244,2024-09,1.0
e83244,2024-10,1.0
e83244,2024-11,1.0
e83244,2024-12,0.9411764705882352
e83244,2025-01,0.8928571428571429
e83244,2025-02,1.0
e83244,2025-03,1.0
e83244,2025-04,0.8928571428571429
e83244,2025-05,0.8928571428571429
e83244,2025-06,0.9411764705882352
e83244,2025-07,1.0
e83244,2025-08,0.8928571428571429
e83244,2025-09,0.8928571428571429
edda84,2025-01,0.0
edda84,2025-02,0.0674157303370786
edda84,2025-03,0.0674157303370786
edda84,2025-04,0.0638297872340425
edda84,2025-05,0.0454545454545454
edda84,2025-06,0.0674157303370786
edda84,2025-07,0.0674157303370786
edda84,2025-08,0.0674157303370786
f1543b,2014-04,0.0454545454545454
f1543b,2014-05,0.0674157303370786
f1543b,2014-06,0.0638297872340425
f1543b,2014-07,0.0638297872340425
f1543b,2014-08,0.0208333333333333
f1543b,2014-09,0.0208333333333333
f1543b,2014-10,0.0
f1543b,2014-11,0.0
f1543b,2014-12,0.0
f1543b,2015-01,0.0
f1543b,2015-02,0.0
f1543b,2015-03,0.0
f1543b,2015-04,0.0
f1543b,2015-05,0.0
f1543b,2015-06,0.0
f1543b,2015-07,0.0
f1543b,2015-08,0.0
f1543b,2015-09,0.0638297872340425
f1543b,2015-10,0.0638297872340425
f1543b,2015-11,0.0208333333333333
f1543b,2015-12,0.0
f1543b,2016-01,0.0
f1543b,2016-02,0.0
f1543b,2016-03,0.0
f1543b,2016-04,0.2465753424657534
f1543b,2016-05,0.2465753424657534
f1543b,2016-07,0.3709677419354839
f1543b,2016-08,0.1714285714285714
f1543b,2016-09,0.1714285714285714
f1543b,2016-10,0.0674157303370786
f1543b,2016-11,0.0454545454545454
f1543b,2016-12,0.0674157303370786
f1543b,2017-01,0.0674157303370786
f1543b,2017-02,0.0674157303370786
f1543b,2017-03,0.0769230769230769
f1543b,2017-04,0.0769230769230769
f1543b,2017-05,0.2465753424657534
f1543b,2017-06,0.0674157303370786
f1543b,2017-07,0.3709677419354839
f1543b,2017-08,0.2465753424657534
f1543b,2017-09,0.2465753424657534
f1543b,2017-10,0.2465753424657534
f1543b,2017-11,0.1714285714285714
f1543b,2017-12,0.2465753424657534
f1543b,2018-01,0.1714285714285714
f1543b,2018-02,0.0674157303370786
f1543b,2018-03,0.2465753424657534
f1543b,2018-04,0.0674157303370786
f1543b,2018-05,0.1714285714285714
f1543b,2018-06,0.1714285714285714
f1543b,2018-07,0.4545454545454545
f1543b,2018-08,0.5
f1543b,2018-09,0.4545454545454545
f1543b,2018-10,0.4545454545454545
f1543b,2018-11,0.4545454545454545
f1543b,2018-12,0.0674157303370786
f1543b,2019-01,0.0674157303370786
f1543b,2019-02,0.0674157303370786
f1543b,2019-03,0.0674157303370786
f1543b,2019-04,0.1714285714285714
f1543b,2019-05,0.1714285714285714
f1543b,2019-06,0.2465753424657534
f1543b,2019-07,0.3709677419354839
f1543b,2019-08,0.3709677419354839
f1543b,2019-09,0.4545454545454545
f1543b,2019-10,0.8928571428571429
f1543b,2019-11,0.4545454545454545
f1543b,2019-12,0.3846153846153846
f1543b,2020-01,0.5
f1543b,2020-02,0.5588235294117647
f1543b,2020-03,0.4285714285714285
f1543b,2020-04,0.4545454545454545
f1543b,2020-05,0.4545454545454545
f1543b,2020-06,0.4545454545454545
f1543b,2020-07,0.4545454545454545
f1543b,2020-08,0.5588235294117647
f1543b,2020-09,0.5588235294117647
f1543b,2020-10,0.4545454545454545
f1543b,2020-11,0.4545454545454545
f1543b,2020-12,0.4545454545454545
f1543b,2021-01,0.4545454545454545
f1543b,2021-02,0.4545454545454545
f1543b,2021-03,0.8
f1543b,2021-04,0.4545454545454545
f1543b,2021-05,0.5588235294117647
f1543b,2021-06,0.8928571428571429
f1543b,2021-07,1.0
f1543b,2021-08,1.0
f1543b,2021-09,0.9411764705882352
f1543b,2021-10,0.5588235294117647
f1543b,2021-11,0.5588235294117647
f1543b,2021-12,0.5214133015496781
f1543b,2022-01,0.4545454545454545
f1543b,2022-02,0.6744186046511629
f1543b,2022-03,0.6744186046511629
f1543b,2022-04,0.8928571428571429
f1543b,2022-05,0.8928571428571429
f1543b,2022-06,0.8928571428571429
f1543b,2022-07,0.8928571428571429
f1543b,2022-08,0.8928571428571429
f1543b,2022-09,0.8928571428571429
f1543b,2022-10,0.8928571428571429
f1543b,2022-11,0.5588235294117647
f1543b,2022-12,0.4545454545454545
f1543b,2023-01,0.4545454545454545
f1543b,2023-02,0.2465753424657534
f1543b,2023-03,0.4545454545454545
f1543b,2023-04,0.4545454545454545
f1543b,2023-05,0.4545454545454545
f1543b,2023-06,0.8545958204600732
f1543b,2023-07,0.5588235294117647
f1543b,2023-08,0.5588235294117647
f1543b,2023-09,0.6744186046511629
f1543b,2023-10,0.5588235294117647
f1543b,2023-11,0.5588235294117647
f1543b,2023-12,0.4545454545454545
f1543b,2024-01,0.4545454545454545
f1543b,2024-02,0.4545454545454545
f1543b,2024-03,0.5588235294117647
f1543b,2024-04,0.6005801575588572
f1543b,2024-05,0.6744186046511629
f1543b,2024-06,0.6744186046511629
f1543b,2024-07,0.6744186046511629
f1543b,2024-08,0.8928571428571429
f1543b,2024-09,0.8928571428571429
f1543b,2024-10,0.8928571428571429
f1543b,2024-11,0.5703050555671052
f1543b,2024-12,0.8928571428571429
f1543b,2025-01,0.8
f1543b,2025-02,0.6744186046511629
f1543b,2025-03,0.6744186046511629
f1543b,2025-04,0.827935209959374
f1543b,2025-05,1.0
f1543b,2025-06,0.8928571428571429
f1543b,2025-07,0.8928571428571429
f1543b,2025-08,0.8928571428571429
f1543b,2025-09,0.8928571428571429
f24317,2025-07,0.0674157303370786
f24317,2025-08,0.0674157303370786
f25ffe,2023-05,0.0208333333333333
f25ffe,2023-06,0.0666666666666666
f25ffe,2023-07,0.0638297872340425
f25ffe,2023-08,0.0674157303370786
f25ffe,2023-09,0.0674157303370786
f25ffe,2023-10,0.0769230769230769
f25ffe,2023-11,0.0666666666666666
f25ffe,2023-12,0.0638297872340425
f25ffe,2024-01,0.0454545454545454
f25ffe,2024-02,0.0454545454545454
f25ffe,2024-03,0.0208333333333333
f25ffe,2024-04,0.0
f25ffe,2024-05,0.0
f25ffe,2024-06,0.0208333333333333
f25ffe,2024-07,0.0208333333333333
f25ffe,2024-08,0.0208333333333333
f25ffe,2024-09,0.0208333333333333
f25ffe,2024-10,0.0638297872340425
f25ffe,2024-11,0.0208333333333333
f25ffe,2024-12,0.0
f25ffe,2025-01,0.0454545454545454
f25ffe,2025-02,0.0208333333333333
f25ffe,2025-03,0.0208333333333333
f25ffe,2025-04,0.0208333333333333
f25ffe,2025-05,0.3709677419354839
f25ffe,2025-06,0.3709677419354839
f25ffe,2025-07,0.3846153846153846
f25ffe,2025-08,0.3709677419354839
f4604d,2014-11,0.0454545454545454
f4604d,2014-12,0.0208333333333333
f4604d,2015-01,0.0208333333333333
f4604d,2015-02,0.0
f4604d,2015-03,0.0
f4604d,2015-04,0.0454545454545454
f4604d,2015-05,0.0208333333333333
f4604d,2015-06,0.0
f4604d,2015-07,0.0
f4604d,2015-08,0.0
f4604d,2015-09,0.0
f4604d,2015-10,0.0208333333333333
f4604d,2015-11,0.0454545454545454
f4604d,2016-05,0.0
f4604d,2016-06,0.0
f4604d,2016-07,0.0
f4604d,2016-08,0.0
f4604d,2016-09,0.0
f4604d,2016-10,0.0208333333333333
f4604d,2016-11,0.2465753424657534
f4604d,2016-12,0.0769230769230769
f4604d,2017-01,0.0769230769230769
f4604d,2017-02,0.2465753424657534
f4604d,2017-03,0.5
f4604d,2017-04,0.2465753424657534
f4604d,2017-05,0.4545454545454545
f4604d,2017-06,0.2465753424657534
f4604d,2017-07,0.3709677419354839
f4604d,2017-08,0.3709677419354839
f4604d,2017-09,0.412081208440942
f4604d,2017-10,0.4285714285714285
f4604d,2017-11,0.2465753424657534
f4604d,2017-12,0.3846153846153846
f4604d,2018-01,0.2465753424657534
f4604d,2018-02,0.0769230769230769
f4604d,2018-03,0.0674157303370786
f4604d,2018-04,0.0208333333333333
f4604d,2018-05,0.0282219637328394
f4604d,2018-06,0.0638297872340425
f4604d,2018-07,0.1428571428571428
f4604d,2018-08,0.0769230769230769
f4604d,2018-09,0.0674157303370786
f4604d,2018-10,0.0674157303370786
f4604d,2018-11,0.2465753424657534
f4604d,2018-12,0.0674157303370786
f4604d,2019-01,0.0674157303370786
f4604d,2019-02,0.0666666666666666
f4604d,2019-03,0.0674157303370786
f4604d,2019-04,0.0892626726690931
f4604d,2019-05,0.2465753424657534
f4604d,2019-06,0.1714285714285714
f4604d,2019-07,0.3709677419354839
f4604d,2019-08,0.2465753424657534
f4604d,2019-09,0.2465753424657534
f4604d,2019-10,0.4545454545454545
f4604d,2019-11,0.4285714285714285
f4604d,2019-12,0.4545454545454545
f4604d,2020-01,0.8928571428571429
f4604d,2020-02,0.9411764705882352
f4604d,2020-03,0.8928571428571429
f4604d,2020-04,0.8928571428571429
f4604d,2020-05,0.8928571428571429
f4604d,2020-06,0.5588235294117647
f4604d,2020-07,0.5588235294117647
f4604d,2020-08,0.5588235294117647
f4604d,2020-09,0.5588235294117647
f4604d,2020-10,0.5588235294117647
f4604d,2020-11,0.5588235294117647
f4604d,2020-12,0.5588235294117647
f4604d,2021-01,0.8928571428571429
f4604d,2021-02,0.8928571428571429
f4604d,2021-03,0.8928571428571429
f4604d,2021-04,0.8928571428571429
f4604d,2021-05,0.8928571428571429
f4604d,2021-06,0.8928571428571429
f4604d,2021-07,0.8928571428571429
f4604d,2021-08,0.8928571428571429
f4604d,2021-09,0.8928571428571429
f4604d,2021-10,0.8928571428571429
f4604d,2021-11,0.8928571428571429
f4604d,2021-12,0.8928571428571429
f4604d,2022-01,0.8928571428571429
f4604d,2022-02,0.8928571428571429
f4604d,2022-03,0.8928571428571429
f4604d,2022-04,0.5588235294117647
f4604d,2022-05,0.8928571428571429
f4604d,2022-06,0.5588235294117647
f4604d,2022-07,0.5588235294117647
f4604d,2022-08,0.5588235294117647
f4604d,2022-09,0.8928571428571429
f4604d,2022-10,0.8928571428571429
f4604d,2022-11,0.4545454545454545
f4604d,2022-12,0.4545454545454545
f4604d,2023-01,0.4545454545454545
f4604d,2023-02,0.4545454545454545
f4604d,2023-03,0.3709677419354839
f4604d,2023-04,0.3709677419354839
f4604d,2023-05,0.4545454545454545
f4604d,2023-06,0.5588235294117647
f4604d,2023-07,0.6744186046511629
f4604d,2023-08,0.5588235294117647
f4604d,2023-09,0.6744186046511629
f4604d,2023-10,0.8
f4604d,2023-11,0.8928571428571429
f4604d,2023-12,0.8928571428571429
f4604d,2024-01,0.8928571428571429
f4604d,2024-02,0.8928571428571429
f4604d,2024-03,0.8928571428571429
f4604d,2024-04,0.8928571428571429
f4604d,2024-05,0.8928571428571429
f4604d,2024-06,1.0
f4604d,2024-07,1.0
f4604d,2024-08,0.8928571428571429
f4604d,2024-09,0.8928571428571429
f4604d,2024-10,0.8928571428571429
f4604d,2024-11,0.8928571428571429
f4604d,2024-12,0.8928571428571429
f4604d,2025-01,0.8928571428571429
f4604d,2025-02,1.0
f4604d,2025-03,1.0
f4604d,2025-04,1.0
f4604d,2025-05,0.9411764705882352
f4604d,2025-06,0.9411764705882352
f4604d,2025-07,0.9411764705882352
f4604d,2025-08,0.6744186046511629
f461d4,2014-03,0.0208333333333333
f461d4,2014-04,0.0207220009950432
f461d4,2014-05,0.0
f461d4,2014-06,0.0208333333333333
f461d4,2014-07,0.0674157303370786
f461d4,2014-08,0.0454545454545454
f461d4,2014-09,0.0454545454545454
f461d4,2014-10,0.0208333333333333
f461d4,2014-11,0.0454545454545454
f461d4,2014-12,0.0208333333333333
f461d4,2015-01,0.0208333333333333
f461d4,2015-02,0.0
f461d4,2015-03,0.0171929419490938
f461d4,2015-04,0.0638297872340425
f461d4,2015-05,0.0
f461d4,2015-06,0.0
f461d4,2015-07,0.0
f461d4,2015-08,0.0208333333333333
f461d4,2015-09,0.0
f461d4,2015-10,0.0
f461d4,2015-11,0.0
f461d4,2015-12,0.0
f461d4,2016-01,0.0
f461d4,2016-02,0.0
f461d4,2016-03,0.2465753424657534
f461d4,2016-04,0.2465753424657534
f461d4,2016-05,0.3709677419354839
f461d4,2016-06,0.4545454545454545
f461d4,2016-07,0.1428571428571428
f461d4,2016-09,0.0681883743832813
f461d4,2016-10,0.4545454545454545
f461d4,2016-11,0.3709677419354839
f461d4,2016-12,0.3709677419354839
f461d4,2017-01,0.3709677419354839
f461d4,2017-02,0.2465753424657534
f461d4,2017-03,0.3846153846153846
f461d4,2017-04,0.3709677419354839
f461d4,2017-05,0.4545454545454545
f461d4,2017-06,0.4285714285714285
f461d4,2017-07,0.4545454545454545
f461d4,2017-08,0.3846153846153846
f461d4,2017-09,0.5588235294117647
f461d4,2017-10,0.5588235294117647
f461d4,2017-11,0.4545454545454545
f461d4,2017-12,0.3709677419354839
f461d4,2018-01,0.3709677419354839
f461d4,2018-02,0.1714285714285714
f461d4,2018-03,0.4545454545454545
f461d4,2018-04,0.0674157303370786
f461d4,2018-05,0.0933758054900847
f461d4,2018-06,0.2465753424657534
f461d4,2018-07,0.6744186046511629
f461d4,2018-08,0.8928571428571429
f461d4,2018-09,0.5588235294117647
f461d4,2018-10,0.4545454545454545
f461d4,2018-11,0.4545454545454545
f461d4,2018-12,0.3709677419354839
f461d4,2019-01,0.8928571428571429
f461d4,2019-02,0.3709677419354839
f461d4,2019-03,0.6744186046511629
f461d4,2019-04,0.6744186046511629
f461d4,2019-05,0.6744186046511629
f461d4,2019-06,0.5588235294117647
f461d4,2019-07,0.5588235294117647
f461d4,2019-08,0.5588235294117647
f461d4,2019-09,0.6744186046511629
f461d4,2019-10,0.4285714285714285
f461d4,2019-11,0.4545454545454545
f461d4,2019-12,0.8928571428571429
f461d4,2020-01,0.9411764705882352
f461d4,2020-02,0.6744186046511629
f461d4,2020-03,0.9765413337549635
f461d4,2020-04,1.0
f461d4,2020-05,0.8928571428571429
f461d4,2020-06,0.8928571428571429
f461d4,2020-07,0.8928571428571429
f461d4,2020-08,0.8928571428571429
f461d4,2020-09,0.8928571428571429
f461d4,2020-10,0.8928571428571429
f461d4,2020-11,0.8928571428571429
f461d4,2020-12,0.8928571428571429
f461d4,2021-01,0.8928571428571429
f461d4,2021-02,0.8928571428571429
f461d4,2021-03,0.8928571428571429
f461d4,2021-04,0.8928571428571429
f461d4,2021-05,0.9411764705882352
f461d4,2021-06,0.9423995689827166
f461d4,2021-07,1.0
f461d4,2021-08,0.8928571428571429
f461d4,2021-09,0.9411764705882352
f461d4,2021-10,0.8928571428571429
f461d4,2021-11,1.0
f461d4,2021-12,0.9411764705882352
f461d4,2022-01,0.8928571428571429
f461d4,2022-02,0.8928571428571429
f461d4,2022-03,0.9411764705882352
f461d4,2022-04,0.8928571428571429
f461d4,2022-05,1.0
f461d4,2022-06,0.6744186046511629
f461d4,2022-07,0.8928571428571429
f461d4,2022-08,0.8928571428571429
f461d4,2022-09,0.4545454545454545
f461d4,2022-10,0.8928571428571429
f461d4,2022-11,0.8928571428571429
f461d4,2022-12,0.8928571428571429
f461d4,2023-01,0.8928571428571429
f461d4,2023-02,0.5588235294117647
f461d4,2023-03,0.8928571428571429
f461d4,2023-04,0.9411764705882352
f461d4,2023-05,0.8928571428571429
f461d4,2023-06,0.8928571428571429
f461d4,2023-07,0.8928571428571429
f461d4,2023-08,0.9411764705882352
f461d4,2023-09,0.9411764705882352
f461d4,2023-10,1.0
f461d4,2023-11,1.0
f461d4,2023-12,1.0
f461d4,2024-01,1.0
f461d4,2024-02,0.5588235294117647
f461d4,2024-03,0.9411764705882352
f461d4,2024-04,0.8928571428571429
f461d4,2024-05,0.8928571428571429
f461d4,2024-06,0.5588235294117647
f461d4,2024-07,0.5588235294117647
f461d4,2024-08,0.6744186046511629
f461d4,2024-09,0.6744186046511629
f461d4,2024-10,0.8928571428571429
f461d4,2024-11,0.6744186046511629
f461d4,2024-12,0.8928571428571429
f461d4,2025-01,1.0
f461d4,2025-02,0.6744186046511629
f461d4,2025-03,1.0
f461d4,2025-04,0.8928571428571429
f461d4,2025-05,0.6744186046511629
f461d4,2025-06,0.6744186046511629
f461d4,2025-07,0.8928571428571429
f461d4,2025-08,0.6744186046511629
f461d4,2025-09,0.8928571428571429
f4d28d,2024-06,0.0674157303370786
f4d28d,2024-07,0.0674157303370786
f4d28d,2024-08,0.0666666666666666
f4d28d,2024-09,0.0454545454545454
f4d28d,2024-10,0.0674157303370786
f4d28d,2024-11,0.0666666666666666
f4d28d,2024-12,0.0208333333333333
f4d28d,2025-01,0.0638297872340425
f4d28d,2025-02,0.0674157303370786
f4d28d,2025-03,0.0674157303370786
f4d28d,2025-04,0.0454545454545454
f4d28d,2025-05,0.0638297872340425
f4d28d,2025-06,0.0454545454545454
f4d28d,2025-07,0.0208333333333333
f4d28d,2025-08,0.0208333333333333
f500c5,2014-03,0.0
f500c5,2014-04,0.0
f500c5,2014-05,0.0638297872340425
f500c5,2014-06,0.0208333333333333
f500c5,2014-07,0.0
f500c5,2014-08,0.0
f500c5,2014-09,0.0454545454545454
f500c5,2014-10,0.0454545454545454
f500c5,2014-11,0.0
f500c5,2014-12,0.0
f500c5,2015-01,0.0
f500c5,2015-02,0.0
f500c5,2015-03,0.0
f500c5,2015-04,0.0454545454545454
f500c5,2015-05,0.0208333333333333
f500c5,2015-06,0.0638297872340425
f500c5,2015-07,0.0638297872340425
f500c5,2015-08,0.0
f500c5,2015-09,0.0208333333333333
f500c5,2015-10,0.0208333333333333
f500c5,2015-11,0.0454545454545454
f500c5,2015-12,0.0674157303370786
f500c5,2016-01,0.0
f500c5,2016-02,0.0
f500c5,2016-03,0.0674157303370786
f500c5,2016-04,0.0769230769230769
f500c5,2016-05,0.0769230769230769
f500c5,2016-09,0.0769230769230769
f500c5,2016-10,0.2465753424657534
f500c5,2017-02,0.0674157303370786
f500c5,2017-03,0.2465753424657534
f500c5,2017-04,0.0769230769230769
f500c5,2017-05,0.2465753424657534
f500c5,2017-06,0.2465753424657534
f500c5,2017-07,0.2465753424657534
f500c5,2017-08,0.1714285714285714
f500c5,2017-09,0.2465753424657534
f500c5,2017-10,0.2465753424657534
f500c5,2017-11,0.2465753424657534
f500c5,2017-12,0.0666666666666666
f500c5,2018-01,0.0638297872340425
f500c5,2018-02,0.0638297872340425
f500c5,2018-03,0.2465753424657534
f500c5,2018-04,0.1144724009596875
f500c5,2018-05,0.1714285714285714
f500c5,2018-06,0.2465753424657534
f500c5,2018-07,0.3709677419354839
f500c5,2018-08,0.5588235294117647
f500c5,2018-09,0.5588235294117647
f500c5,2018-10,0.5588235294117647
f500c5,2018-11,0.5588235294117647
f500c5,2018-12,0.2465753424657534
f500c5,2019-01,0.4285714285714285
f500c5,2019-02,0.3709677419354839
f500c5,2019-03,0.4545454545454545
f500c5,2019-04,0.4545454545454545
f500c5,2019-05,0.3709677419354839
f500c5,2019-06,0.4545454545454545
f500c5,2019-07,0.3709677419354839
f500c5,2019-08,0.3709677419354839
f500c5,2019-09,0.4545454545454545
f500c5,2019-10,0.5
f500c5,2019-11,0.4545454545454545
f500c5,2019-12,0.3709677419354839
f500c5,2020-01,0.2465753424657534
f500c5,2020-02,0.5588235294117647
f500c5,2020-03,0.5588235294117647
f500c5,2020-04,0.4545454545454545
f500c5,2020-05,0.4545454545454545
f500c5,2020-06,0.5
f500c5,2020-07,0.5
f500c5,2020-08,0.5588235294117647
f500c5,2020-09,0.5588235294117647
f500c5,2020-10,0.5588235294117647
f500c5,2020-11,0.5588235294117647
f500c5,2020-12,0.5588235294117647
f500c5,2021-01,0.5588235294117647
f500c5,2021-02,0.6744186046511629
f500c5,2021-03,0.5588235294117647
f500c5,2021-04,0.6744186046511629
f500c5,2021-05,0.6744186046511629
f500c5,2021-06,0.8928571428571429
f500c5,2021-07,0.8928571428571429
f500c5,2021-08,0.5588235294117647
f500c5,2021-09,0.5588235294117647
f500c5,2021-10,0.5588235294117647
f500c5,2021-11,0.5588235294117647
f500c5,2021-12,0.5588235294117647
f500c5,2022-01,0.5588235294117647
f500c5,2022-02,0.5588235294117647
f500c5,2022-03,0.5588235294117647
f500c5,2022-04,0.8928571428571429
f500c5,2022-05,0.8928571428571429
f500c5,2022-06,0.8928571428571429
f500c5,2022-07,0.6744186046511629
f500c5,2022-08,0.8928571428571429
f500c5,2022-09,0.8928571428571429
f500c5,2022-10,0.5
f500c5,2022-11,0.4545454545454545
f500c5,2022-12,0.4545454545454545
f500c5,2023-01,0.4545454545454545
f500c5,2023-02,0.4545454545454545
f500c5,2023-03,0.5
f500c5,2023-04,0.5588235294117647
f500c5,2023-05,0.5588235294117647
f500c5,2023-06,0.5588235294117647
f500c5,2023-07,0.5
f500c5,2023-08,0.5588235294117647
f500c5,2023-09,0.5588235294117647
f500c5,2023-10,0.4545454545454545
f500c5,2023-11,0.5460899943499673
f500c5,2023-12,0.3709677419354839
f500c5,2024-01,0.3846153846153846
f500c5,2024-02,0.4545454545454545
f500c5,2024-03,0.4545454545454545
f500c5,2024-04,0.5588235294117647
f500c5,2024-05,0.5588235294117647
f500c5,2024-06,0.4545454545454545
f500c5,2024-07,0.5588235294117647
f500c5,2024-08,0.5588235294117647
f500c5,2024-09,0.5588235294117647
f500c5,2024-10,0.5588235294117647
f500c5,2024-11,0.5588235294117647
f500c5,2024-12,0.5588235294117647
f500c5,2025-01,0.5
f500c5,2025-02,0.5588235294117647
f500c5,2025-03,0.5588235294117647
f500c5,2025-04,0.6744186046511629
f500c5,2025-05,0.5588235294117647
f500c5,2025-06,0.6744186046511629
f500c5,2025-07,0.8928571428571429
f500c5,2025-08,0.8928571428571429
fa8553,2021-06,0.0
fa8553,2021-07,0.0208333333333333
fa8553,2021-08,0.0638297872340425
fa8553,2021-09,0.0208333333333333
fa8553,2021-10,0.0208333333333333
fa8553,2021-11,0.0208333333333333
fa8553,2021-12,0.0208333333333333
fa8553,2022-01,0.0208333333333333
fa8553,2022-02,0.0
fa8553,2022-03,0.0208333333333333
fa8553,2022-04,0.0454545454545454
fa8553,2022-05,0.0638297872340425
fa8553,2022-06,0.0454545454545454
fa8553,2022-07,0.0454545454545454
fa8553,2022-08,0.0454545454545454
fa8553,2022-09,0.0454545454545454
fa8553,2022-10,0.0208333333333333
fa8553,2022-11,0.0
fa8553,2022-12,0.0208333333333333
fa8553,2023-01,0.0638297872340425
fa8553,2023-02,0.0208333333333333
fa8553,2023-03,0.0638297872340425
fa8553,2023-04,0.0208333333333333
fa8553,2023-05,0.0208333333333333
fa8553,2023-06,0.4545454545454545
fa8553,2023-07,0.4545454545454545
fa8553,2023-08,0.4545454545454545
fa8553,2023-09,0.3846153846153846
fa8553,2023-10,0.4545454545454545
fa8553,2023-11,0.3709677419354839
fa8553,2023-12,0.3709677419354839
fa8553,2024-01,0.4545454545454545
fa8553,2024-02,0.4545454545454545
fa8553,2024-03,0.3709677419354839
fa8553,2024-04,0.4545454545454545
fa8553,2024-05,0.3709677419354839
fa8553,2024-06,0.3709677419354839
fa8553,2024-07,0.4545454545454545
fa8553,2024-08,0.3846153846153846
fa8553,2024-09,0.3709677419354839
fa8553,2024-10,0.5588235294117647
fa8553,2024-11,0.3709677419354839
fa8553,2024-12,0.3709677419354839
fa8553,2025-01,0.4285714285714285
fa8553,2025-02,0.3709677419354839
fa8553,2025-03,0.3709677419354839
fa8553,2025-04,0.4545454545454545
fa8553,2025-05,0.3709677419354839
fa8553,2025-06,0.4545454545454545
fa8553,2025-07,0.3709677419354839
fa8553,2025-08,0.3709677419354839
fb34b4,2022-02,0.0
fb34b4,2022-03,0.0208333333333333
fb34b4,2022-04,0.0
fb34b4,2022-05,0.0674157303370786
fb34b4,2022-06,0.0674157303370786
fb34b4,2022-07,0.0666666666666666
fb34b4,2022-08,0.0208333333333333
fb34b4,2022-09,0.0208333333333333
fb34b4,2022-10,0.0454545454545454
fb34b4,2022-11,0.0454545454545454
fb34b4,2022-12,0.0208333333333333
fb34b4,2023-01,0.0208333333333333
fb34b4,2023-02,0.0208333333333333
fb34b4,2023-03,0.2465753424657534
fb34b4,2023-04,0.0208333333333333
fb34b4,2023-05,0.0208333333333333
fb34b4,2023-06,0.0454545454545454
fb34b4,2023-07,0.0208333333333333
fb34b4,2023-08,0.0
fb34b4,2023-09,0.0208333333333333
fb34b4,2023-10,0.0208333333333333
fb34b4,2023-11,0.0674157303370786
fb34b4,2023-12,0.0666666666666666
fb34b4,2024-01,0.0674157303370786
fb34b4,2024-02,0.4545454545454545
fb34b4,2024-03,0.3709677419354839
fb34b4,2024-04,0.3709677419354839
fb34b4,2024-05,0.3846153846153846
fb34b4,2024-06,0.4285714285714285
fb34b4,2024-07,0.3709677419354839
fb34b4,2024-08,0.3709677419354839
fb34b4,2024-09,0.2465753424657534
fb34b4,2024-10,0.3709677419354839
fb34b4,2024-11,0.5588235294117647
fb34b4,2024-12,0.4545454545454545
fb34b4,2025-01,0.4545454545454545
fb34b4,2025-02,0.5588235294117647
fb34b4,2025-03,0.4545454545454545
fb34b4,2025-04,0.3709677419354839
fb34b4,2025-05,0.2465753424657534
fb34b4,2025-06,0.0781932658123979
fb34b4,2025-07,0.2465753424657534
fb34b4,2025-08,0.2465753424657534
fb737b,2019-10,0.0638297872340425
fb737b,2019-11,0.0674157303370786
fb737b,2019-12,0.0638297872340425
fb737b,2020-01,0.0638297872340425
fb737b,2020-02,0.0
fb737b,2020-03,0.0454545454545454
fb737b,2020-04,0.0208333333333333
fb737b,2020-05,0.0454545454545454
fb737b,2020-06,0.0638297872340425
fb737b,2020-07,0.0454545454545454
fb737b,2020-08,0.0454545454545454
fb737b,2020-09,0.0638297872340425
fb737b,2020-10,0.0454545454545454
fb737b,2020-11,0.0208333333333333
fb737b,2020-12,0.0454545454545454
fb737b,2021-01,0.0638297872340425
fb737b,2021-02,0.0
fb737b,2021-03,0.0208333333333333
fb737b,2021-04,0.0
fb737b,2021-05,0.0208333333333333
fb737b,2021-06,0.0454545454545454
fb737b,2021-07,0.0454545454545454
fb737b,2021-08,0.0208333333333333
fb737b,2021-09,0.0454545454545454
fb737b,2021-10,0.4545454545454545
fb737b,2021-11,0.3709677419354839
fb737b,2021-12,0.4545454545454545
fb737b,2022-01,0.5588235294117647
fb737b,2022-02,0.2465753424657534
fb737b,2022-03,0.2465753424657534
fb737b,2022-04,0.2465753424657534
fb737b,2022-05,0.3709677419354839
fb737b,2022-06,0.3709677419354839
fb737b,2022-07,0.3709677419354839
fb737b,2022-08,0.3709677419354839
fb737b,2022-09,0.3709677419354839
fb737b,2022-10,0.3709677419354839
fb737b,2022-11,0.4545454545454545
fb737b,2022-12,0.3709677419354839
fb737b,2023-01,0.5587757170737954
fb737b,2023-02,0.2465753424657534
fb737b,2023-03,0.3709677419354839
fb737b,2023-04,0.1160792877059749
fb737b,2023-05,0.1714285714285714
fb737b,2023-06,0.0769230769230769
fb737b,2023-07,0.2465753424657534
fb737b,2023-08,0.2465753424657534
fb737b,2023-09,0.2465753424657534
fb737b,2023-10,0.3709677419354839
fb737b,2023-11,0.4545454545454545
fb737b,2023-12,0.4545454545454545
fb737b,2024-01,0.6744186046511629
fb737b,2024-02,0.6744186046511629
fb737b,2024-03,0.6744186046511629
fb737b,2024-04,0.4545454545454545
fb737b,2024-05,0.4545454545454545
fb737b,2024-06,0.4545454545454545
fb737b,2024-07,0.5057841020068707
fb737b,2024-08,0.5
fb737b,2024-09,0.4545454545454545
fb737b,2024-10,0.5588235294117647
fb737b,2024-11,0.6744186046511629
fb737b,2024-12,0.4545454545454545
fb737b,2025-01,0.8928571428571429
fb737b,2025-02,0.5588235294117647
fb737b,2025-03,0.5588235294117647
fb737b,2025-04,0.5588235294117647
fb737b,2025-05,0.5588235294117647
fb737b,2025-06,0.6744186046511629
fb737b,2025-07,0.6744186046511629
fb737b,2025-08,0.6744186046511629
fb737b,2025-09,0.8928571428571429
fc2511,2025-06,0.0674157303370786
fc2511,2025-07,0.0666666666666666
fc2511,2025-08,0.0638297872340425
fc77d0,2014-03,0.0208333333333333
fc77d0,2014-04,0.0
fc77d0,2014-05,0.0
fc77d0,2014-06,0.0
fc77d0,2014-07,0.0
fc77d0,2014-08,0.0208333333333333
fc77d0,2014-09,0.0208333333333333
fc77d0,2014-10,0.0
fc77d0,2014-11,0.0
fc77d0,2014-12,0.0
fc77d0,2015-01,0.0
fc77d0,2015-02,0.0
fc77d0,2015-03,0.0
fc77d0,2015-04,0.0232067922942286
fc77d0,2015-05,0.0208333333333333
fc77d0,2015-06,0.0208333333333333
fc77d0,2015-07,0.0208333333333333
fc77d0,2015-08,0.0
fc77d0,2015-09,0.0
fc77d0,2015-10,0.0
fc77d0,2015-11,0.0
fc77d0,2015-12,0.0
fc77d0,2016-01,0.0
fc77d0,2016-02,0.0
fc77d0,2016-03,0.2465753424657534
fc77d0,2016-04,0.3709677419354839
fc77d0,2016-05,0.4545454545454545
fc77d0,2016-06,0.4545454545454545
fc77d0,2016-07,0.4545454545454545
fc77d0,2016-08,0.4545454545454545
fc77d0,2016-09,0.4545454545454545
fc77d0,2016-10,0.4545454545454545
fc77d0,2016-11,0.4545454545454545
fc77d0,2016-12,0.4545454545454545
fc77d0,2017-01,0.4545454545454545
fc77d0,2017-02,0.5
fc77d0,2017-03,0.5588235294117647
fc77d0,2017-04,0.4545454545454545
fc77d0,2017-05,0.4545454545454545
fc77d0,2017-06,0.3709677419354839
fc77d0,2017-07,0.3709677419354839
fc77d0,2017-08,0.3709677419354839
fc77d0,2017-09,0.0674157303370786
fc77d0,2018-01,0.0672053890352461
fc77d0,2018-02,0.0674157303370786
fc77d0,2018-03,0.0666666666666666
fc77d0,2018-04,0.0208333333333333
fc77d0,2018-05,0.0666666666666666
fc77d0,2018-06,0.1714285714285714
fc77d0,2018-07,0.5588235294117647
fc77d0,2018-08,0.5588235294117647
fc77d0,2018-09,0.4545454545454545
fc77d0,2018-10,0.5588235294117647
fc77d0,2018-11,0.5588235294117647
fc77d0,2018-12,0.2465753424657534
fc77d0,2019-01,0.5
fc77d0,2019-02,0.2465753424657534
fc77d0,2019-03,0.506717710050342
fc77d0,2019-04,0.4285714285714285
fc77d0,2019-05,0.3846153846153846
fc77d0,2019-06,0.4545454545454545
fc77d0,2019-07,0.4545454545454545
fc77d0,2019-08,0.4545454545454545
fc77d0,2019-09,0.5
fc77d0,2019-10,0.5588235294117647
fc77d0,2019-11,0.8928571428571429
fc77d0,2019-12,1.0
fc77d0,2020-01,0.8928571428571429
fc77d0,2020-02,0.5588235294117647
fc77d0,2020-03,0.8928571428571429
fc77d0,2020-04,0.8928571428571429
fc77d0,2020-05,0.8928571428571429
fc77d0,2020-06,0.8928571428571429
fc77d0,2020-07,0.8928571428571429
fc77d0,2020-08,0.5
fc77d0,2020-09,0.4545454545454545
fc77d0,2020-10,0.8928571428571429
fc77d0,2020-11,0.8928571428571429
fc77d0,2020-12,0.8928571428571429
fc77d0,2021-01,0.8928571428571429
fc77d0,2021-02,0.8928571428571429
fc77d0,2021-03,0.8928571428571429
fc77d0,2021-04,0.8928571428571429
fc77d0,2021-05,0.8928571428571429
fc77d0,2021-06,0.9411764705882352
fc77d0,2021-07,1.0
fc77d0,2021-08,0.8928571428571429
fc77d0,2021-09,0.8928571428571429
fc77d0,2021-10,0.8928571428571429
fc77d0,2021-11,0.8928571428571429
fc77d0,2021-12,0.5588235294117647
fc77d0,2022-01,0.8928571428571429
fc77d0,2022-02,0.8928571428571429
fc77d0,2022-03,0.5588235294117647
fc77d0,2022-04,0.5588235294117647
fc77d0,2022-05,0.5588235294117647
fc77d0,2022-06,0.5588235294117647
fc77d0,2022-07,0.5
fc77d0,2022-08,0.4545454545454545
fc77d0,2022-09,0.3846153846153846
fc77d0,2022-10,0.4285714285714285
fc77d0,2022-11,0.8928571428571429
fc77d0,2022-12,0.8928571428571429
fc77d0,2023-01,0.8928571428571429
fc77d0,2023-02,0.4545454545454545
fc77d0,2023-03,0.5588235294117647
fc77d0,2023-04,0.5
fc77d0,2023-05,0.6744186046511629
fc77d0,2023-06,0.6744186046511629
fc77d0,2023-07,0.8475734360876088
fc77d0,2023-08,0.862298281753173
fc77d0,2023-09,0.6744186046511629
fc77d0,2023-10,1.0
fc77d0,2023-11,0.8928571428571429
fc77d0,2023-12,0.9411764705882352
fc77d0,2024-01,1.0
fc77d0,2024-02,0.8928571428571429
fc77d0,2024-03,1.0
fc77d0,2024-04,0.8928571428571429
fc77d0,2024-05,0.8928571428571429
fc77d0,2024-06,0.8928571428571429
fc77d0,2024-07,0.6744186046511629
fc77d0,2024-08,0.6744186046511629
fc77d0,2024-09,0.6744186046511629
fc77d0,2024-10,0.8928571428571429
fc77d0,2024-11,1.0
fc77d0,2024-12,1.0
fc77d0,2025-01,1.0
fc77d0,2025-02,0.9411764705882352
fc77d0,2025-03,1.0
fc77d0,2025-04,0.8928571428571429
fc77d0,2025-05,0.8928571428571429
fc77d0,2025-06,0.8928571428571429
fc77d0,2025-07,0.8928571428571429
fc77d0,2025-08,0.8
fc77d0,2025-09,0.8928571428571429
fc9334,2014-11,0.0
fc9334,2014-12,0.0
fc9334,2015-01,0.0
fc9334,2015-02,0.0
fc9334,2015-03,0.0
fc9334,2015-04,0.0
fc9334,2015-05,0.0
fc9334,2015-06,0.0208333333333333
fc9334,2015-07,0.0
fc9334,2015-08,0.0
fc9334,2015-09,0.0
fc9334,2015-10,0.0
fc9334,2015-11,0.0
fc9334,2015-12,0.0
fc9334,2016-01,0.0
fc9334,2016-02,0.0
fc9334,2016-03,0.0
fc9334,2016-04,0.0208333333333333
fc9334,2016-05,0.0
fc9334,2016-06,0.0
fc9334,2016-07,0.0
fc9334,2016-08,0.0
fc9334,2016-09,0.0
fc9334,2016-10,0.0
fc9334,2016-11,0.0674157303370786
fc9334,2016-12,0.0769230769230769
fc9334,2017-01,0.1428571428571428
fc9334,2017-02,0.0769230769230769
fc9334,2017-03,0.1428571428571428
fc9334,2017-04,0.0674157303370786
fc9334,2017-05,0.0769230769230769
fc9334,2017-06,0.0769230769230769
fc9334,2017-07,0.0694415881387476
fc9334,2017-08,0.3709677419354839
fc9334,2017-09,0.2465753424657534
fc9334,2017-10,0.0674157303370786
fc9334,2017-11,0.0669323899569669
fc9334,2017-12,0.0666666666666666
fc9334,2018-01,0.0666666666666666
fc9334,2018-02,0.0769230769230769
fc9334,2018-03,0.0674157303370786
fc9334,2018-04,0.0638297872340425
fc9334,2018-05,0.0638297872340425
fc9334,2018-06,0.0666666666666666
fc9334,2018-07,0.1491476581558339
fc9334,2018-08,0.0674157303370786
fc9334,2018-09,0.0666666666666666
fc9334,2018-10,0.0674157303370786
fc9334,2018-11,0.0208333333333333
fc9334,2018-12,0.0769230769230769
fc9334,2019-01,0.0674157303370786
fc9334,2019-02,0.3709677419354839
fc9334,2019-03,0.3709677419354839
fc9334,2019-04,0.3709677419354839
fc9334,2019-05,0.4545454545454545
fc9334,2019-06,0.3709677419354839
fc9334,2019-07,0.3743110436157453
fc9334,2019-08,0.4016824078897167
fc9334,2019-09,0.4545454545454545
fc9334,2019-10,0.4545454545454545
fc9334,2019-11,0.4545454545454545
fc9334,2019-12,0.4545454545454545
fc9334,2020-01,0.4545454545454545
fc9334,2020-02,0.4545454545454545
fc9334,2020-03,0.4545454545454545
fc9334,2020-04,0.8928571428571429
fc9334,2020-05,0.8928571428571429
fc9334,2020-06,0.8928571428571429
fc9334,2020-07,0.8928571428571429
fc9334,2020-08,0.8928571428571429
fc9334,2020-09,0.8928571428571429
fc9334,2020-10,0.8928571428571429
fc9334,2020-11,0.8928571428571429
fc9334,2020-12,0.8
fc9334,2021-01,0.8928571428571429
fc9334,2021-02,0.6744186046511629
fc9334,2021-03,0.8928571428571429
fc9334,2021-04,0.5588235294117647
fc9334,2021-05,0.5588235294117647
fc9334,2021-06,0.5588235294117647
fc9334,2021-07,0.3846153846153846
fc9334,2021-08,0.6744186046511629
fc9334,2021-09,0.3709677419354839
fc9334,2021-10,0.5588235294117647
fc9334,2021-11,0.3846153846153846
fc9334,2021-12,0.3819057980033926
fc9334,2022-01,0.5588235294117647
fc9334,2022-02,0.4545454545454545
fc9334,2022-03,0.4545454545454545
fc9334,2022-04,0.4545454545454545
fc9334,2022-05,0.6744186046511629
fc9334,2022-06,0.5588235294117647
fc9334,2022-07,0.3709677419354839
fc9334,2022-08,0.3709677419354839
fc9334,2022-09,0.4545454545454545
fc9334,2022-10,0.4545454545454545
fc9334,2022-11,0.4545454545454545
fc9334,2022-12,0.4545454545454545
fc9334,2023-01,0.5588235294117647
fc9334,2023-02,0.6744186046511629
fc9334,2023-03,0.5588235294117647
fc9334,2023-04,0.8928571428571429
fc9334,2023-05,0.5588235294117647
fc9334,2023-06,0.5477046345452892
fc9334,2023-07,0.4545454545454545
fc9334,2023-08,0.4545454545454545
fc9334,2023-09,0.4545454545454545
fc9334,2023-10,0.5
fc9334,2023-11,0.5588235294117647
fc9334,2023-12,0.6744186046511629
fc9334,2024-01,0.6666666666666666
fc9334,2024-02,0.8
fc9334,2024-03,0.6744186046511629
fc9334,2024-04,0.8928571428571429
fc9334,2024-05,0.8
fc9334,2024-06,0.6744186046511629
fc9334,2024-07,0.6744186046511629
fc9334,2024-08,0.5588235294117647
fc9334,2024-09,1.0
fc9334,2024-10,1.0
fc9334,2024-11,1.0
fc9334,2024-12,0.8928571428571429
fc9334,2025-01,0.8928571428571429
fc9334,2025-02,0.8928571428571429
fc9334,2025-03,0.6744186046511629
fc9334,2025-04,0.8928571428571429
fc9334,2025-05,0.8928571428571429
fc9334,2025-06,1.0
fc9334,2025-07,0.5588235294117647
fc9334,2025-08,0.5588235294117647
fd589c,2014-03,0.0
fd589c,2014-04,0.0208333333333333
fd589c,2014-05,0.0
fd589c,2014-06,0.0208333333333333
fd589c,2014-07,0.0208333333333333
fd589c,2014-08,0.0
fd589c,2014-09,0.0208333333333333
fd589c,2014-10,0.0208333333333333
fd589c,2014-11,0.0208333333333333
fd589c,2014-12,0.0208333333333333
fd589c,2015-01,0.0208333333333333
fd589c,2015-02,0.0208333333333333
fd589c,2015-03,0.0208333333333333
fd589c,2015-04,0.0674157303370786
fd589c,2015-05,0.0208333333333333
fd589c,2015-06,0.0208333333333333
fd589c,2015-07,0.0
fd589c,2015-08,0.0
fd589c,2015-09,0.0
fd589c,2015-10,0.0
fd589c,2015-11,0.0
fd589c,2015-12,0.0
fd589c,2016-01,0.0208333333333333
fd589c,2016-02,0.0454545454545454
fd589c,2016-03,0.3709677419354839
fd589c,2016-04,0.3709677419354839
fd589c,2016-05,0.2465753424657534
fd589c,2016-06,0.2465753424657534
fd589c,2016-07,0.3709677419354839
fd589c,2016-08,0.3709677419354839
fd589c,2016-09,0.3709677419354839
fd589c,2016-10,0.3709677419354839
fd589c,2016-11,0.3709677419354839
fd589c,2016-12,0.3709677419354839
fd589c,2017-01,0.4545454545454545
fd589c,2017-02,0.3709677419354839
fd589c,2017-03,0.3709677419354839
fd589c,2017-04,0.3709677419354839
fd589c,2017-05,0.3709677419354839
fd589c,2017-06,0.4545454545454545
fd589c,2017-07,0.4285714285714285
fd589c,2017-08,0.3709677419354839
fd589c,2017-09,0.3709677419354839
fd589c,2017-10,0.4545454545454545
fd589c,2017-11,0.5
fd589c,2017-12,0.4545454545454545
fd589c,2018-01,0.3709677419354839
fd589c,2018-02,0.0674157303370786
fd589c,2018-03,0.3709677419354839
fd589c,2018-04,0.2465753424657534
fd589c,2018-05,0.5588235294117647
fd589c,2018-06,0.3709677419354839
fd589c,2018-07,0.5588235294117647
fd589c,2018-08,0.6744186046511629
fd589c,2018-09,0.5588235294117647
fd589c,2018-10,0.5588235294117647
fd589c,2018-11,0.5588235294117647
fd589c,2018-12,0.3709677419354839
fd589c,2019-01,0.3709677419354839
fd589c,2019-02,0.2465753424657534
fd589c,2019-03,0.3709677419354839
fd589c,2019-04,0.3709677419354839
fd589c,2019-05,0.3709677419354839
fd589c,2019-06,0.3709677419354839
fd589c,2019-07,0.8928571428571429
fd589c,2019-08,0.3725321562795131
fd589c,2019-09,0.3709677419354839
fd589c,2019-10,0.4545454545454545
fd589c,2019-11,0.4545454545454545
fd589c,2019-12,1.0
fd589c,2020-01,0.8928571428571429
fd589c,2020-02,0.4545454545454545
fd589c,2020-03,0.8928571428571429
fd589c,2020-04,0.9411764705882352
fd589c,2020-05,0.9411764705882352
fd589c,2020-06,0.8928571428571429
fd589c,2020-07,0.8928571428571429
fd589c,2020-08,0.8928571428571429
fd589c,2020-09,0.8928571428571429
fd589c,2020-10,0.8928571428571429
fd589c,2020-11,0.8928571428571429
fd589c,2020-12,0.8928571428571429
fd589c,2021-01,0.8928571428571429
fd589c,2021-02,0.3709677419354839
fd589c,2021-03,0.8928571428571429
fd589c,2021-04,0.8928571428571429
fd589c,2021-05,0.8928571428571429
fd589c,2021-06,0.8928571428571429
fd589c,2021-07,0.4545454545454545
fd589c,2021-08,0.6744186046511629
fd589c,2021-09,0.3709677419354839
fd589c,2021-10,0.5588235294117647
fd589c,2021-11,0.3709677419354839
fd589c,2021-12,0.4545454545454545
fd589c,2022-01,0.2465753424657534
fd589c,2022-02,0.4545454545454545
fd589c,2022-03,0.4061705768802394
fd589c,2022-04,0.5
fd589c,2022-05,0.2465753424657534
fd589c,2022-06,0.3709677419354839
fd589c,2022-07,0.3709677419354839
fd589c,2022-08,0.2465753424657534
fd589c,2022-09,0.4545454545454545
fd589c,2022-10,0.5588235294117647
fd589c,2022-11,0.8928571428571429
fd589c,2022-12,0.5588235294117647
fd589c,2023-01,0.5588235294117647
fd589c,2023-02,0.4545454545454545
fd589c,2023-03,0.5588235294117647
fd589c,2023-04,0.5588235294117647
fd589c,2023-05,0.6744186046511629
fd589c,2023-06,0.8928571428571429
fd589c,2023-07,1.0
fd589c,2023-08,0.8928571428571429
fd589c,2023-09,0.6744186046511629
fd589c,2023-10,0.8928571428571429
fd589c,2023-11,0.6821835599835091
fd589c,2023-12,0.8928571428571429
fd589c,2024-01,0.6744186046511629
fd589c,2024-02,0.5909379320614548
fd589c,2024-03,0.5588235294117647
fd589c,2024-04,0.8928571428571429
fd589c,2024-05,0.8
fd589c,2024-06,0.6744186046511629
fd589c,2024-07,0.5588235294117647
fd589c,2024-08,0.5588235294117647
fd589c,2024-09,0.6744186046511629
fd589c,2024-10,0.7820763937369286
fd589c,2024-11,0.6744186046511629
fd589c,2024-12,0.8928571428571429
fd589c,2025-01,0.8928571428571429
fd589c,2025-02,0.8928571428571429
fd589c,2025-03,0.8928571428571429
fd589c,2025-04,0.8928571428571429
fd589c,2025-05,0.8928571428571429
fd589c,2025-06,0.8928571428571429
fd589c,2025-07,0.8928571428571429
fd589c,2025-08,0.8928571428571429
