id,corrosion_risk
74b7d1_2020-01,0.7737835189388045
1b9e65_2022-06,0.6597455449193551
77e86b_2023-01,0.05591736461181539
74b7d1_2020-02,0.4584327917421614
8b98f3_2023-11,0.09788051763776874
c3a69f_2025-03,0.8839822494771831
77e86b_2022-01,0.036007731916656675
1996b0_2022-11,0.008132644971359444
439fde_2024-12,0.4985896163830652
74b7d1_2025-03,0.5074982469687471
77e86b_2018-04,0.03426522026383506
77e86b_2019-05,0.13108898028280924
439fde_2025-05,0.7337212576594424
74b7d1_2018-04,0.010902880500343158
439fde_2024-03,0.4376420668651032
74b7d1_2019-03,0.6696370094308378
c3a69f_2025-05,0.982530371588682
77e86b_2024-06,0.8142830930522366
77e86b_2020-01,0.3986698598199852
439fde_2019-05,0.165613146833917
98a151_2019-06,0.5907635034572329
8bd3ce_2015-06,0.0030159846519655304
6c1954_2022-06,0.05720727622455551
0f9e86_2024-09,0.9393010696875088
0874ee_2021-12,0.16522084970016207
987bc1_2020-02,0.6287489562916575
4718d7_2018-02,0.03882883719810473
5a0174_2018-12,0.12423313025172009
175155_2023-03,0.6365161621957387
e2e0ce_2025-07,0.915120969968353
9b46ed_2021-05,0.9455963046777417
b26809_2019-09,0.4430137597315962
e3af0e_2022-11,0.7090003251006443
780a0b_2024-12,0.6834194795040591
8bd3ce_2024-02,0.7802958690705334
8e41cf_2017-04,0.02103719420212778
293190_2017-07,0.23061977960589056
293190_2018-01,0.2441371265666957
293190_2024-07,0.9615316961425158
c5df88_2016-12,0.021928339919209606
74fb1f_2014-10,0.013425514503000183
74fb1f_2017-02,0.24192486400139174
9b46ed_2015-01,0.009268512353166787
dc4b5e_2022-11,0.045840769100085936
bfbeef_2018-04,0.14526008688861936
d86999_2022-08,0.8094590925173336
780a0b_2020-10,0.9851401581906223
8bd3ce_2022-01,0.45340096537030106
4fb2d3_2021-11,0.9831740162292912
6224d0_2023-03,0.615444060784702
fb737b_2019-10,0.014941248901550044
e60b65_2014-11,0.006928108131859345
e60b65_2023-11,0.9836484615532316
9b3bd5_2025-04,0.0051565194240227735
293190_2018-12,0.04857194456478966
e2e0ce_2018-11,0.3450093739898307
2ab8ad_2019-04,0.06709080531635585
c5df88_2023-09,0.15494076901349316
7aa803_2016-02,0.0011306671451747421
77c35f_2024-05,0.004608317982645498
77c35f_2024-06,0.009835198306306095
60a0fd_2024-10,0.9128552248433357
d86999_2016-04,0.02340574811205813
d86999_2017-12,0.06941385788159055
d86999_2025-05,0.7687748256230676
b08ec1_2024-12,0.8632746963739167
e2e0ce_2015-04,0.03802549328712489
e2e0ce_2019-06,0.10574259677492519
e2e0ce_2025-02,0.9973613905939501
c5df88_2016-09,0.08112701446355262
74fb1f_2024-06,0.961515770917102
88a9a6_2019-05,0.07027568482558652
829a72_2025-01,0.8585188091603301
d86999_2018-05,0.30508031205757696
fc9334_2019-11,0.24541459979227986
dbb709_2025-04,0.08648282233619457
9cf1af_2024-07,0.15224759905357216
e427f8_2023-08,0.010174240072578453
60a0fd_2023-07,0.8625612605915296
302d40_2023-07,0.006897150605477902
8e41cf_2019-03,0.1133880057803477
b26809_2020-07,0.7255613976123858
8fabe0_2019-02,0.879348497000023
e2e0ce_2018-02,0.07197342797681425
7aa803_2023-05,0.5775010904406483
bfbeef_2021-08,0.5390432584574959
98a151_2025-02,0.6606896550867408
e3af0e_2022-09,0.43811105410765244
8bd3ce_2021-08,0.339713259389625
8e41cf_2014-12,0.0029152725130824507
8e41cf_2021-11,0.1776993433593001
8e41cf_2022-02,0.65070390336539
8e41cf_2024-08,0.6385194033263788
8fb6f0_2017-01,0.02479832386347556
6224d0_2023-02,0.7461400578472954
8fabe0_2019-08,0.8173236387587693
bc4c03_2024-01,0.9068079909540228
532867_2024-06,0.007995356924591178
74fb1f_2018-08,0.0999091457358836
780a0b_2024-08,0.711126992216286
731908_2024-07,0.5063404399602212
98a151_2025-04,0.7595218790108966
829a72_2025-04,0.8054583031208729
b26809_2018-04,0.06714772913463204
6f5e2b_2019-01,0.7532024517612668
175155_2022-11,0.9297183589977996
6838b9_2024-01,0.9946392222732103
a25664_2023-09,0.7154455165325931
293190_2021-02,0.40579085597503123
e2e0ce_2017-06,0.3541016118273569
7aa803_2025-05,0.9900035593999685
0f9e86_2024-01,0.5867522191296605
bfbeef_2021-10,0.33492718395822774
bfbeef_2024-10,0.3850789883864497
fa8553_2023-06,0.32601780183317725
dbb709_2023-10,0.006304597288551905
e427f8_2023-05,0.005468093873086235
b26809_2015-10,0.01729871352609681
8e41cf_2019-10,0.1640876576694561
b26809_2014-08,0.00886859188239391
b26809_2025-02,0.9069347270962907
fc77d0_2022-01,0.898564596834156
6224d0_2021-06,0.9934930459077945
8fabe0_2020-01,0.9523701447285183
a25664_2024-01,0.9977057316987784
293190_2022-01,0.48849004351605
293190_2023-03,0.5090436679250947
98a151_2019-10,0.8791294983188945
fc9334_2017-09,0.13757720293585313
60a0fd_2022-04,0.9798681804105699
d86999_2017-10,0.057629627172874925
d86999_2021-07,0.6652023250619454
b26809_2018-08,0.1600304748739182
987bc1_2019-10,0.15142983685466496
6f5e2b_2018-01,0.06417824157773927
db4cd8_2019-07,0.7066243439287584
e2e0ce_2016-01,0.0016716308292530624
c5df88_2014-08,0.04368359144237034
c5df88_2022-10,0.6303209634391242
74fb1f_2019-02,0.13449271534582674
77c35f_2024-08,0.06858247219230425
d86999_2015-10,0.010322836656726106
d86999_2018-12,0.45487845603898047
d86999_2024-07,0.907454130081631
8bd3ce_2025-05,0.9899237978981189
293190_2019-04,0.08342606821780182
9b46ed_2023-01,0.17350945678864277
8fb6f0_2025-07,0.48038877230047344
780a0b_2019-06,0.4192253788961541
a97df3_2023-12,0.532458248186998
e3af0e_2024-10,0.7679273338532374
dbb709_2022-09,0.01284236792623379
9af74c_2021-07,0.6299610657665913
175155_2022-03,0.9504027637273085
e2e0ce_2023-12,0.8477056311783274
88a9a6_2023-09,0.6098713571984449
9b46ed_2022-08,0.9239114290485061
9b46ed_2023-08,0.1787304264196218
bfbeef_2017-12,0.18932605190118132
98a151_2024-03,0.5736255176169085
77c35f_2022-11,0.008333640818039733
fc9334_2016-07,0.0071120281809934245
fc9334_2019-03,0.16318724572411522
e3af0e_2021-08,0.9928483542542603
e3af0e_2023-11,0.8129021155695287
d86999_2016-05,0.024538810375926666
d86999_2019-10,0.9479414694441435
b26809_2015-05,0.006014191006803356
b26809_2018-09,0.23996790406237808
b08ec1_2019-07,0.26856513886859906
987bc1_2021-11,0.9772258359198746
1698cf_2019-04,0.7847101964277455
bc4c03_2018-04,0.01389293720295429
2ab8ad_2025-02,0.9606423565010095
74fb1f_2015-06,0.0032169501039809945
7aa803_2021-02,0.874268107409226
9b46ed_2022-07,0.7696835540787428
98a151_2022-05,0.9506195125449949
fc9334_2015-09,0.0034580977337979745
dbb709_2023-03,0.003114665129344165
e427f8_2025-05,0.1374270079481192
e3af0e_2023-04,0.7873877991200062
d86999_2017-07,0.06187729872882912
d86999_2024-01,0.8653902660564626
0f9e86_2022-07,0.5107560011605984
987bc1_2023-03,0.8327484726927027
259a19_2018-04,0.022869872146170367
e2e0ce_2023-09,0.7190900258708379
7aa803_2023-12,0.8652611330111071
7aa803_2024-01,0.9553702379935033
dbb709_2025-05,0.2643073192784981
302d40_2023-05,0.004912833630917933
d86999_2014-12,0.005057679763004242
b26809_2015-03,0.0032888638348056365
b26809_2025-01,0.8801386484902645
b08ec1_2025-01,0.902077731220996
987bc1_2023-08,0.8640662627010333
4718d7_2022-11,0.799529233903773
259a19_2020-03,0.9745846595617739
7aa803_2023-01,0.2429821848653705
77c35f_2025-01,0.06315461579681521
60a0fd_2023-12,0.8417312314891828
fc9334_2020-02,0.33009142855819
fc9334_2022-07,0.4317142457663471
8e41cf_2019-01,0.029267586673886434
8e41cf_2021-01,0.7129980659808182
14fe3a_2018-06,0.016474362375812898
b08ec1_2023-06,0.6811427906563732
b08ec1_2025-02,0.9461445640344325
6224d0_2024-03,0.8729342497143637
e60b65_2014-10,0.0028378836058399765
e2e0ce_2025-01,0.9711478312694238
2ab8ad_2017-01,0.08124390159618615
7aa803_2022-03,0.45954962631503943
88a9a6_2024-07,0.958328323563902
dc4b5e_2023-01,0.21780887690467746
e3af0e_2021-03,0.8941764629509554
d86999_2021-01,0.8781736107803667
fc9334_2020-06,0.9523487107207875
fc9334_2021-10,0.5665262790056065
b26809_2022-02,0.5586036466232827
293190_2014-08,0.016984109047067198
e2e0ce_2020-12,0.8402487737240685
fc9334_2021-02,0.78489250833991
dbb709_2023-04,0.0033518149273142257
fc9334_2016-04,0.003436366997812388
8bd3ce_2018-04,0.014374560241439138
0874ee_2020-07,0.6935592157208813
fc77d0_2021-11,0.9761492391961009
e60b65_2014-09,0.00910888526974241
2ab8ad_2015-02,0.0050625977619729295
3db670_2014-11,0.013928373949944534
9b46ed_2025-07,0.36666178110719505
77c35f_2025-02,0.035788848547173194
829a72_2024-02,0.5243381649465872
fc9334_2019-04,0.21555645389757208
fc9334_2015-01,0.0011934597006223776
b26809_2023-12,0.990525359936394
0874ee_2021-10,0.8565086209498981
d59611_2019-02,0.10009677092612994
987bc1_2024-02,0.9964660138142727
e2e0ce_2019-02,0.06557182074478413
88a9a6_2021-01,0.9820500044214718
9b46ed_2022-05,0.1102288051600801
8fabe0_2019-05,0.9050511529877745
a97df3_2025-04,0.9245728972768676
bfbeef_2021-03,0.5882777579877058
d86999_2015-01,0.007191641671509108
77c35f_2024-11,0.15691267271551146
fc9334_2021-05,0.5647311762711836
8bd3ce_2021-11,0.28280281307330496
b26809_2019-03,0.37787660406554985
b26809_2022-06,0.6143339304267009
b26809_2023-02,0.8082653229006704
b73bc7_2014-08,0.021135620030987217
e2e0ce_2021-05,0.8958124682030363
2ab8ad_2016-12,0.0232870732668708
c5df88_2021-02,0.3864268361946196
c5df88_2022-03,0.42027070033468583
e427f8_2023-11,0.010053632071710495
302d40_2024-06,0.13715281250254205
d86999_2014-10,0.0038917305550992113
d86999_2019-03,0.7852361214908925
d86999_2019-12,0.9537427003811644
8bd3ce_2017-12,0.012138062578201833
8bd3ce_2019-03,0.07984986872071899
8bd3ce_2021-03,0.8723629608882341
8bd3ce_2023-07,0.8348145844223281
fc77d0_2024-06,0.9170549794826849
c5df88_2017-11,0.3575101935883825
88a9a6_2025-06,0.8523589652260768
9cf1af_2024-08,0.20146128542576486
bfbeef_2016-07,0.008712202008137293
d86999_2015-02,0.001321106627297079
98a151_2023-09,0.8480791198295173
9f1aa0_2023-02,0.47661930058352614
fc9334_2016-03,0.002938628037939289
8fb6f0_2022-12,0.25128131057978226
8fb6f0_2023-11,0.5544889681235208
8bd3ce_2017-05,0.04959858166263806
0874ee_2021-06,0.4292481289812192
5a0174_2019-04,0.6883525235922586
175155_2024-12,0.9904818524225523
e2e0ce_2023-05,0.9418331890122915
74fb1f_2019-09,0.07652480500726273
7aa803_2024-06,0.9630358691123865
74fb1f_2023-09,0.559067886397128
9befc8_2022-10,0.12281064135088611
e427f8_2022-11,0.0019571116491010924
e427f8_2024-06,0.36412446164735196
d86999_2023-05,0.930509960850017
8e41cf_2018-05,0.023427626642488236
fc77d0_2024-01,0.9979506872420099
6224d0_2022-11,0.9760579321661407
4ee2d2_2024-03,0.012428854220516657
259a19_2019-02,0.9326378038164379
6838b9_2018-03,0.004015618276443716
e2e0ce_2017-04,0.13767690980436983
e2e0ce_2022-12,0.8171177716319479
2ab8ad_2024-01,0.8488176286165703
a97df3_2025-02,0.9369177179791855
fc9334_2015-02,0.002376044214724422
302d40_2022-03,0.012399893171452294
302d40_2024-08,0.2000651954747244
d86999_2015-06,0.0033282198849839584
b26809_2017-12,0.027736548526298175
fc9334_2018-06,0.01990964083194667
fc9334_2024-10,0.9975203675064143
a25664_2023-02,0.6088737698413617
a42d13_2024-03,0.9580262054817801
2ab8ad_2022-07,0.9226079076659941
7aa803_2018-01,0.04512608923924848
7aa803_2018-10,0.06982437415426081
fc9334_2018-04,0.021513983313575985
829a72_2023-11,0.6570208709820194
9cf1af_2022-11,0.003492420753356512
60a0fd_2023-02,0.4451796681653449
fc9334_2024-03,0.7898041760497728
8bd3ce_2023-03,0.7784312031213904
d59611_2019-09,0.530590464405699
90abb1_2025-08,0.9491694182658205
b08ec1_2024-02,0.9439755561423583
db4cd8_2018-12,0.1217046677680928
2ab8ad_2019-06,0.06600587601984828
9b46ed_2018-01,0.09862825512079504
9b46ed_2025-02,0.7547763682567389
9f1aa0_2020-11,0.20208940219365995
510fbf_2023-07,0.01246379548041618
19fa84_2018-12,0.06491164798485988
e361b7_2019-09,0.3840087073776021
e361b7_2019-10,0.5494771661714282
bc4c03_2019-07,0.5741313603232401
9f1aa0_2015-03,0.007623320375652695
894378_2025-05,0.8891631322135285
c5816f_2023-03,0.6646635509642628
8ec563_2022-06,0.29552648783812424
513080_2022-09,0.013630632126040623
731908_2016-04,0.0030882671365318635
bfbeef_2021-04,0.5083495567852448
f4604d_2022-10,0.9279206835479333
513080_2022-12,0.007696152258989399
9f1aa0_2018-01,0.289716268846936
bfbeef_2020-06,0.8560823276855879
c5816f_2019-06,0.6755993820416969
c5816f_2023-12,0.7582867072284332
9f1aa0_2023-11,0.6073952610275494
bfbeef_2020-02,0.18739325925225006
c5816f_2018-01,0.3929320980877218
fd589c_2021-08,0.8056980951000979
1b9e65_2015-09,0.0027351623383825756
fa8553_2022-06,0.006971840955867234
fa8553_2023-10,0.20145386012072156
bfbeef_2016-04,0.0053963690241593245
0f9e86_2015-07,0.002498411021470672
894378_2022-06,0.5427690467685142
8ec563_2021-12,0.6660064324542555
e361b7_2023-10,0.9809779677529058
e4bc80_2022-12,0.869739535225276
e4bc80_2025-06,0.8380844553168835
9af74c_2023-12,0.9343399787795377
513080_2023-06,0.009605055945262467
fa8553_2024-03,0.2666773033845619
fa8553_2024-05,0.197304310269146
6c1954_2024-08,0.9320603890363357
fa8553_2025-03,0.25946577520972797
510fbf_2022-01,0.008122431465062073
8ec563_2024-02,0.8275599353895458
fd589c_2022-09,0.5285963002387194
e4bc80_2019-12,0.4672307335886896
513080_2023-12,0.09030564437776267
bfbeef_2020-08,0.8540632906767834
780a0b_2019-04,0.8116154739467362
894378_2021-10,0.7004346953310023
fd589c_2019-07,0.9718013661196128
bfbeef_2019-03,0.5392189292023573
c5816f_2025-03,0.9075340307543733
19fa84_2019-03,0.0794134627281327
e361b7_2019-11,0.6339555249580294
510fbf_2023-02,0.008478911474669653
bfbeef_2020-03,0.7641524077371521
19fa84_2021-07,0.6724205762916691
fd589c_2024-01,0.8090508923565964
c48018_2015-10,0.0027735533755919887
19fa84_2022-06,0.5161896962758882
fd589c_2014-09,0.004913512360683649
fd589c_2022-03,0.41556876023705425
fa8553_2022-02,0.007836438508525669
fa8553_2022-05,0.010813268185363857
c5816f_2024-09,0.7738600271742105
8ec563_2025-08,0.8676811066701445
11f0e3_2015-04,0.001629665390875434
bfbeef_2015-05,0.008160608619200017
c5816f_2019-02,0.38715077779049123
8ec563_2017-02,0.21900552194347375
fd589c_2024-05,0.8236839886370171
e361b7_2019-06,0.4723972025775845
e4bc80_2019-11,0.4643809599018641
e4bc80_2025-02,0.8607003073863416
9f1aa0_2022-04,0.21505491634344556
fa8553_2022-11,0.007396639707720401
bfbeef_2024-11,0.44985042226408445
fd589c_2022-11,0.9509798444197447
e4bc80_2024-11,0.814915537049118
9f1aa0_2022-05,0.43556213848916997
9f1aa0_2023-03,0.3675006575670118
bfbeef_2017-08,0.3363596688684964
29849f_2022-10,0.6102853701943992
c5816f_2019-11,0.5808427242955148
8ec563_2025-07,0.8766056807704284
9f1aa0_2022-10,0.4600423477744273
11f0e3_2022-06,0.26823548077112114
780a0b_2015-03,0.0013522209150380285
894378_2022-12,0.6987288444470322
c5816f_2025-05,0.9139082393179542
e4bc80_2021-10,0.30322491232526816
bc4c03_2019-08,0.34218871852521177
bc4c03_2020-02,0.8618630614643576
fd589c_2021-12,0.42754678812848823
e361b7_2023-09,0.7441928738783687
e4bc80_2022-11,0.7053022579004696
513080_2024-08,0.2380765786825935
731908_2015-01,0.0009120273947741356
bfbeef_2016-06,0.01217430061877057
8ec563_2018-01,0.48227781683783105
90abb1_2024-11,0.9455158650212346
894378_2022-10,0.9228007789280023
fd589c_2018-03,0.2756769601270406
9f1aa0_2021-10,0.20701835450122225
9f1aa0_2022-02,0.16169836312286529
8fb6f0_2015-06,0.005563407487212325
e361b7_2019-07,0.8041828896844347
510fbf_2023-06,0.007369981524160518
894378_2022-09,0.279784312530264
8ec563_2022-03,0.4536082405983129
6c1954_2024-04,0.8893002169112187
fd589c_2018-05,0.7670034995086213
e361b7_2020-01,0.9732274342889337
e4bc80_2023-08,0.7006236363138041
9f1aa0_2019-08,0.22169537289771946
510fbf_2024-01,0.10747718797219392
bfbeef_2017-10,0.23179419807352922
8fb6f0_2015-11,0.0044009523135253815
e4bc80_2025-04,0.8876468814245152
e361b7_2024-06,0.8440599878055443
83894c_2025-07,0.8634341142064448
11f0e3_2018-07,0.1753819258474839
f1543b_2014-10,0.00518577223517898
8fb6f0_2017-09,0.023354364844408525
9befc8_2020-07,0.7857316446857204
7bf5c9_2024-09,0.9455519102096601
731908_2018-01,0.02628271200350199
11f0e3_2022-10,0.14829617838774592
f1543b_2019-04,0.15436163586023713
780a0b_2018-05,0.07644354337235326
9befc8_2025-06,0.8184783028318312
7bf5c9_2024-01,0.808799530029894
f1543b_2021-07,0.991220206361149
f500c5_2020-06,0.5100108994443854
83894c_2019-08,0.08551662316696934
83894c_2020-06,0.0369140214871274
87cfea_2023-07,0.2509016993803255
99c11c_2022-06,0.4861779428055291
731908_2019-09,0.4927426074197475
11f0e3_2021-06,0.2807890909441971
0f9e86_2017-10,0.10297306080462486
f500c5_2024-05,0.6356285621860922
11f0e3_2020-12,0.5442748954016731
9befc8_2021-07,0.2619527280100996
9befc8_2022-03,0.38927517306041787
f500c5_2025-04,0.8967266380855318
9befc8_2024-06,0.6666350360757081
f500c5_2021-06,0.8963482682899874
f500c5_2024-10,0.4027275900470346
83894c_2018-10,0.025950228170336837
731908_2020-01,0.37019677932445844
7bf5c9_2024-02,0.37147188788222624
99c11c_2021-03,0.7291691933145601
731908_2017-08,0.06587237426510922
11f0e3_2021-03,0.4216561137533653
8fb6f0_2023-09,0.9065904184238283
9befc8_2019-01,0.039469358822912894
7bf5c9_2015-02,0.0005045489905985317
7bf5c9_2022-10,0.7570022612821328
f1543b_2024-10,0.9079077458510559
439fde_2019-11,0.4955405567764756
83894c_2024-07,0.9903943324996082
780a0b_2016-08,0.040744283356834
9befc8_2018-03,0.15812667081444404
f500c5_2025-07,0.9645014821587711
87cfea_2025-02,0.5084389278039337
731908_2016-03,0.0019188248669921048
780a0b_2017-02,0.023592292539441135
780a0b_2023-02,0.3297147112460165
7bf5c9_2019-06,0.35351319249378954
f500c5_2018-01,0.02603832080693322
c3a69f_2019-12,0.48327410188662706
9f1aa0_2024-01,0.5916391931085923
8fb6f0_2017-04,0.05546013998107506
f1543b_2018-05,0.03969880866306688
f500c5_2022-04,0.9826008611438184
f500c5_2024-06,0.3599762592310728
83894c_2019-04,0.07447252357804339
83894c_2021-08,0.6090014346413569
87cfea_2020-03,0.4170306935555084
731908_2022-07,0.34521210404154423
8bd3ce_2019-08,0.4528091747791013
7bf5c9_2014-06,0.00405905946852073
c580aa_2015-03,0.015608958447307001
f500c5_2021-09,0.6100765970646007
731908_2016-10,0.0433040530983956
731908_2022-03,0.1820621323472414
780a0b_2017-07,0.04107287222695445
0f9e86_2019-06,0.39723654199368846
7a007d_2025-08,0.8606543311365518
11f0e3_2021-07,0.28602923640246214
8e41cf_2020-09,0.8247151587524452
731908_2016-12,0.019038388915014838
9f1aa0_2019-09,0.35340861834509707
780a0b_2021-09,0.09220174852516057
0f9e86_2022-10,0.09173762727733581
f500c5_2023-12,0.13616569837259343
f500c5_2025-06,0.8467726316818724
92dcdd_2023-09,0.5967685418363391
83894c_2018-06,0.030231949843608125
87cfea_2019-04,0.026250516175644615
0f9e86_2025-02,0.5989339801917706
9befc8_2025-04,0.8919290796840145
780a0b_2017-08,0.04892169809982519
9befc8_2019-03,0.12246382652919917
f1543b_2024-02,0.3941970661135717
439fde_2023-04,0.3982368599264733
87cfea_2024-04,0.961107838824193
731908_2021-05,0.39450198011337884
11f0e3_2019-05,0.5241294781474921
780a0b_2022-07,0.2433419574645
780a0b_2025-04,0.7608818811798115
f1543b_2017-06,0.016181128345505016
f1543b_2020-08,0.6306675106572418
f500c5_2021-02,0.8357717438785472
83894c_2025-03,0.9538227615319296
11f0e3_2020-01,0.3450275854739286
f1543b_2023-03,0.3316784609039746
f500c5_2019-05,0.3024192661863914
b1de95_2015-02,0.012066271137965446
83894c_2019-09,0.051358554650678775
83894c_2021-09,0.4723831587608333
87cfea_2021-09,0.49490654135677714
11f0e3_2018-04,0.15105843737653077
780a0b_2016-12,0.01827622708669731
0f9e86_2020-02,0.3523620274094975
0f9e86_2021-04,0.4969696563388966
9befc8_2020-05,0.9423656366456871
c580aa_2014-09,0.024960095297701476
4f2b6b_2024-09,0.041616405642708895
731908_2023-09,0.46749424546174856
8fb6f0_2017-11,0.009191085392618344
f1543b_2024-01,0.3887967796597161
4f2b6b_2024-05,0.0014696563986668007
87cfea_2025-08,0.7998726648510258
9f1aa0_2017-02,0.1813764319846427
780a0b_2022-09,0.20309905534546346
7bf5c9_2020-01,0.1853463304212565
e361b7_2015-05,0.014262157286492352
e7a56d_2023-08,0.9945519372474876
e7a56d_2023-10,0.7693040914867746
c48018_2024-06,0.8416832615112444
db4cd8_2014-04,0.00434897842265475
14fe3a_2018-08,0.5520140767907967
375f2e_2021-07,0.8760162718250545
bc4c03_2015-03,0.00539487243054377
c5816f_2015-07,0.005053755383504193
19fa84_2024-08,0.9435516224107912
fd589c_2017-12,0.46108441213354323
829a72_2021-09,0.5583737853116079
e4bc80_2024-06,0.7163508585645232
c48018_2025-01,0.9563625763739151
edda84_2025-07,0.04034075257576279
c48018_2018-02,0.06390073419663762
6f5e2b_2019-05,0.802888988672123
6f5e2b_2021-11,0.9721574032379403
b416b1_2021-12,0.1246500540595591
987bc1_2019-01,0.32070239565825476
a42d13_2015-02,0.001887727851020867
8ec563_2014-09,0.005779892341316582
8ec563_2016-05,0.00405083639519567
6c1954_2025-06,0.9355157387225295
19fa84_2017-03,0.14096539932579855
e361b7_2015-01,0.01641005111079428
4718d7_2024-11,0.9197363230776029
d59611_2024-04,0.8648375318568627
14fe3a_2018-07,0.3358378587538108
8005b9_2022-01,0.3103053395980773
1698cf_2022-03,0.9324230103837549
1822ea_2023-07,0.7134755568984292
14fe3a_2022-10,0.8085564762983243
e361b7_2017-11,0.2658221082953254
d59611_2018-01,0.12533851446177963
0874ee_2019-07,0.268075386153367
77b3b9_2023-02,0.7684243394192639
8ec563_2015-07,0.00910069322850466
6c1954_2024-01,0.8818869763941473
19fa84_2019-02,0.0440787888553656
e7a56d_2019-03,0.3072091272347073
e7a56d_2025-01,0.934534634587252
c48018_2025-04,0.8843061197397761
5a0174_2014-11,0.0046805954897009006
b416b1_2018-01,0.2472133915285969
b416b1_2020-01,0.6263546896929604
db4cd8_2022-11,0.8777643476834996
34889b_2022-05,0.6786664826131409
375f2e_2019-06,0.24524770047751654
6f5e2b_2014-12,0.003049994998070057
6f5e2b_2024-04,0.9881817993504243
19fa84_2015-01,0.008993715438422633
e361b7_2020-12,0.2572447675071048
e4bc80_2016-06,0.07365612712295666
e7a56d_2015-02,0.0035732846587691698
18defd_2015-02,0.008192990486826552
d59611_2024-02,0.9764162593449005
1822ea_2024-02,0.9471428339786494
9af74c_2019-03,0.8582345970394508
1698cf_2018-03,0.17839906684941448
19fa84_2025-02,0.9628907237339143
18defd_2014-08,0.013390054746411797
6f5e2b_2025-02,0.8329409700024821
90abb1_2024-07,0.9545051127457573
8005b9_2025-06,0.9752287757324953
0874ee_2019-12,0.2858961437871388
f461d4_2015-03,0.004022908845086133
e7a56d_2022-03,0.8333173175479911
18defd_2024-04,0.7729706660153584
14fe3a_2022-12,0.8516715842625047
1698cf_2014-11,0.009918706391749368
f461d4_2019-02,0.3478788469510915
f461d4_2021-11,0.9887800206188668
e7a56d_2022-10,0.5917740031175875
18defd_2014-07,0.008066694518437523
18defd_2020-03,0.8418663957914118
18defd_2025-03,0.9203061827215329
c48018_2018-01,0.10544491729924363
c48018_2019-05,0.4598700384630127
4718d7_2014-05,0.0025023263156065518
8005b9_2023-09,0.9786669317361385
5a0174_2023-02,0.8154149512148637
894378_2016-07,0.009938072376314751
b416b1_2025-06,0.9484737303961653
f461d4_2021-10,0.9634890174869964
06534f_2019-12,0.986965765122243
db4cd8_2022-07,0.948111361063461
e4bc80_2015-01,0.007718730896634891
18defd_2019-11,0.8257197447795119
d59611_2025-02,0.6034488274031954
1822ea_2024-10,0.98806123009573
8005b9_2025-08,0.9767390173207057
db4cd8_2023-01,0.9129175687250795
375f2e_2024-02,0.9630625898905321
6c1954_2023-12,0.7972437681276026
19fa84_2016-06,0.0038053540799544926
19fa84_2020-01,0.8898768919649471
fd589c_2015-01,0.007666172323675458
e7a56d_2019-09,0.46514938507454234
e7a56d_2019-11,0.8816616315434425
c48018_2023-11,0.5158832361410871
4718d7_2024-10,0.9222077444826424
b416b1_2019-12,0.6788865444925717
6838b9_2025-02,0.9467724314763855
db4cd8_2023-06,0.7867282781864684
8fabe0_2024-02,0.9491328623375037
a25664_2019-11,0.9790101138381093
375f2e_2020-03,0.9928722160800668
894378_2015-10,0.0032772791381962866
e361b7_2015-07,0.0038738590107123003
e7a56d_2020-02,0.42704637869536766
18defd_2024-06,0.8010870450156632
4718d7_2019-12,0.95080623533318
5a0174_2019-03,0.8776168072813321
b416b1_2023-08,0.9738826380544183
bc4c03_2023-10,0.9891966399944225
259a19_2015-02,0.007340666004397089
db4cd8_2024-03,0.9918783727765965
14fe3a_2025-02,0.7382455613798179
1822ea_2021-12,0.9926423364967155
894378_2024-08,0.7629056452887348
c5816f_2022-05,0.416278607114756
18defd_2019-10,0.45527066906417396
c48018_2018-05,0.03288831833906854
b416b1_2023-06,0.9585338967744061
d59611_2021-10,0.968163719464818
d59611_2021-12,0.9576621586489233
8005b9_2023-01,0.5718399915546981
9af74c_2024-07,0.8911903685294124
5a0174_2024-01,0.9941271637230896
6c1954_2019-07,0.016316050259958418
fd589c_2015-07,0.003967428900528627
4718d7_2018-04,0.0035670076582881723
259a19_2019-08,0.6481478139831784
8005b9_2019-12,0.7345550296298324
06534f_2018-04,0.42825217674363986
bf6f0d_2025-04,0.9787280395592904
94f933_2023-06,0.005763900250077412
c5816f_2015-08,0.007161646007827674
c5816f_2016-02,0.005219542264387733
fd589c_2016-06,0.0831060435292959
f461d4_2014-10,0.003917078023479861
db4cd8_2020-03,0.9649239871479447
8005b9_2025-03,0.9642465969066033
fd589c_2016-05,0.06330975676292215
e4bc80_2016-05,0.0027928074076515237
18defd_2025-05,0.924423103000814
c48018_2014-07,0.009950789632484884
b416b1_2019-10,0.5790794874775831
db4cd8_2014-07,0.003985664873009575
1698cf_2022-12,0.84606972021213
e7a56d_2024-10,0.9525599915238897
259a19_2014-06,0.003377704961483682
db4cd8_2022-05,0.8963263283301284
6224d0_2018-05,0.008371590196664546
6838b9_2019-07,0.004970104258302754
14fe3a_2023-09,0.8380535275379447
e361b7_2015-04,0.031012828417533167
e361b7_2015-08,0.00526411321523291
d59611_2023-09,0.7627497011082625
34889b_2022-03,0.6862463671667153
5a0174_2022-12,0.9548072492814962
e361b7_2017-06,0.16026000575556335
b416b1_2021-09,0.5845949654749812
8005b9_2021-10,0.8114226250252644
5a0174_2015-03,0.0016472751384837181
c48018_2017-06,0.22048223298313857
8fabe0_2015-03,0.002958877757709077
db4cd8_2018-04,0.008168909989877826
db4cd8_2025-08,0.7818075636808051
34889b_2022-07,0.6260936783231021
4718d7_2023-03,0.8464220333647444
8fabe0_2015-04,0.009647490544851898
4fb2d3_2019-04,0.34218848731400453
e60b65_2015-08,0.0034730848747325654
19fa84_2014-12,0.0645795169055883
e361b7_2014-11,0.0069656862155149935
e7a56d_2018-07,0.2664391691680718
db4cd8_2024-06,0.5523888161398786
8005b9_2015-02,0.0038454215574990265
f461d4_2023-07,0.9575893337408682
90abb1_2019-07,0.49277838694088316
34889b_2014-09,0.007517723876071936
8005b9_2024-04,0.9174976472259214
c5816f_2018-10,0.86397654315597
c48018_2024-10,0.8147821510473833
db4cd8_2017-10,0.12546113691985325
6f5e2b_2014-07,0.0048065410170821405
db4cd8_2019-02,0.04259526581876037
b08ec1_2019-04,0.18903987891987786
9af74c_2018-02,0.025741206553111136
4fb2d3_2019-06,0.22798159217895458
8fabe0_2025-08,0.9785305048902924
0ffc2d_2024-09,0.5126202245203725
0ffc2d_2019-02,0.006734789836425865
0ffc2d_2022-06,0.0071402286351489215
6da35b_2023-01,0.01699036165601072
7e646c_2024-12,0.1321802939195147
6da35b_2024-07,0.017946277280665817
0ffc2d_2022-10,0.0070001617064382425
4718d7_2024-07,0.8033469891508143
f1543b_2015-09,0.012830058881294628
0ffc2d_2025-03,0.9754817877693523
0ffc2d_2020-12,0.02530897056901454
0ffc2d_2022-03,0.008312675111034252
74b7d1_2019-01,0.5452048615050689
8b98f3_2022-10,0.00950131749618905
8b98f3_2022-01,0.10001274902244851
0874ee_2014-05,0.002524324542913824
5a0174_2024-06,0.7837171735683516
5a0174_2024-09,0.9886224248082973
4718d7_2024-03,0.9834222811417225
0f9e86_2017-03,0.038201854276283254
9befc8_2016-03,0.004559569622649669
829a72_2019-10,0.8061426325353013
7e646c_2025-08,0.053439007963621124
11f0e3_2015-12,0.002386701929698724
7e646c_2023-11,0.00450899635344906
9befc8_2017-07,0.14752948607669875
0ffc2d_2023-08,0.1529732369803022
0ffc2d_2023-10,0.1948563944336921
0ffc2d_2024-06,0.5754633647188152
f1543b_2015-11,0.006712557807691866
0ffc2d_2023-04,0.11890571197308202
0ffc2d_2024-04,0.7405743720463239
a97df3_2024-11,0.9813967303260536
0ffc2d_2020-01,0.007738351126809394
0f9e86_2015-09,0.004959416270365064
94f933_2023-07,0.003041450473383109
7e646c_2022-11,0.00519466255888593
6f5e2b_2024-05,0.9385814024756886
0ffc2d_2019-03,0.0072203750080502395
b0ff51_2019-05,0.9912841929029919
b0ff51_2024-08,0.9955301446059135
b0ff51_2025-05,0.9920860027288754
b59bc0_2019-05,0.9434910583851523
b0ff51_2020-09,0.9826187648916409
8bd3ce_2021-12,0.42409031121657736
b59bc0_2014-04,0.016924374966130574
8d0588_2019-09,0.9744893665836378
b59bc0_2019-07,0.9658476648569673
b59bc0_2024-08,0.9907016076968518
0cecbd_2018-03,0.05827905361814494
0cecbd_2020-03,0.8003087429726248
0cecbd_2019-02,0.043348021879388764
74b7d1_2018-06,0.01412781623395131
8d0588_2022-03,0.9979562691055092
b0ff51_2024-11,0.9727595029740577
8d0588_2020-07,0.9972326381949246
b0ff51_2024-03,0.9898293071801537
b0ff51_2020-03,0.9990981667888409
0cecbd_2021-01,0.9557106566264941
c3a69f_2023-07,0.40063780999026555
99c11c_2018-02,0.0006009021235293714
b0ff51_2021-07,0.9878608557667174
8d0588_2020-01,0.9689314565901661
b59bc0_2023-03,0.9989348872475796
b59bc0_2025-06,0.9877230139880248
b0ff51_2018-05,0.49141092164669525
8d0588_2019-08,0.922596840512884
8d0588_2025-07,0.985329330629983
c3a69f_2022-09,0.9543177991231403
83894c_2018-03,0.0068487213260192345
8d0588_2023-10,0.9697988883099988
b59bc0_2018-05,0.7839056162114171
b59bc0_2023-05,0.9985451230965952
b644ac_2025-05,0.044623499037561624
439fde_2023-05,0.40220545640326055
8d0588_2014-04,0.021263397217941005
8d0588_2023-03,0.9956504263200592
8d0588_2025-05,0.996590253731178
b59bc0_2021-06,0.9838222862001978
b0ff51_2018-03,0.8192440785869065
b0ff51_2018-06,0.8699720786131848
b59bc0_2019-10,0.94188214412348
b0ff51_2019-06,0.9721907261742145
b0ff51_2019-07,0.9095247532507943
b0ff51_2022-03,0.9988654983828822
b416b1_2023-02,0.40607381145537824
8d0588_2014-07,0.01845493219943127
8d0588_2024-06,0.9927852451819463
b0ff51_2023-08,0.9986498757358221
8d0588_2021-01,0.9985132653305009
b0ff51_2022-02,0.9985794567696803
1bdb97_2024-11,0.21179000936279194
e361b7_2015-12,0.012755056431711376
d59611_2022-08,0.8788605111853456
83894c_2018-01,0.0008807111267553743
a25664_2020-08,0.8333788759825818
c3a69f_2022-08,0.9449350353029037
b416b1_2025-10,0.990630632796743
a97df3_2019-06,0.005743362093673012
77e86b_2024-04,0.7812538109024295
87cfea_2021-10,0.2705832203293382
99c11c_2020-11,0.21275002795937756
dc4b5e_2020-02,0.0024403456357341277
a97df3_2019-10,0.0022180853303483497
731908_2018-12,0.12403015788775326
a97df3_2019-09,0.0023463878026191427
87cfea_2017-03,0.0017593138986065934
c48018_2015-12,0.0022487310673711047
ab32d7_2024-06,0.12229122687557559
8b98f3_2025-08,0.17287384444648357
4fb2d3_2022-08,0.4307694638918499
f25ffe_2024-09,0.004796853987111737
259a19_2020-11,0.9622896666467314
987bc1_2023-07,0.9303113344602288
6224d0_2021-03,0.9894482286300023
4718d7_2021-05,0.9826972117810356
4ee2d2_2025-03,0.001064094089875917
6f5e2b_2025-05,0.955407169107674
259a19_2021-05,0.9869329814823015
5ecf9b_2025-05,0.33174130050009903
987bc1_2023-01,0.9866017008449125
a42d13_2024-05,0.7153189851385111
6224d0_2025-02,0.9752585749037354
94f933_2024-07,0.004293501970844909
92dcdd_2020-08,0.1599133859049599
a42d13_2021-09,0.9903684088112817
4fb2d3_2022-05,0.8411515595087317
4fb2d3_2024-05,0.8490321686132051
6224d0_2019-01,0.8580140155406366
259a19_2023-05,0.8655547188994626
439fde_2018-06,0.02765095999970803
77e86b_2025-01,0.7154812382311563
175155_2023-08,0.9209324601771256
b08ec1_2017-02,0.20392681909948895
8fabe0_2023-05,0.9749276971176402
6838b9_2020-01,0.0945683237762187
022433_2025-05,0.7530792072067672
fc77d0_2020-02,0.7073760648396091
175155_2020-10,0.9723943214652838
175155_2022-08,0.49576895959383915
a42d13_2025-09,0.98657927587546
f25ffe_2024-11,0.006630282059274049
4718d7_2023-06,0.9790789127998529
259a19_2020-06,0.9740510319974184
18defd_2024-03,0.44199157758659846
439fde_2019-08,0.1719464793172545
5ecf9b_2022-07,0.026605130480041803
fc77d0_2018-03,0.02477541919202338
987bc1_2019-05,0.11727456043689162
fc77d0_2020-11,0.910110675368242
fc77d0_2025-06,0.9099813179295562
265164_2024-01,0.013575782479313918
6838b9_2021-12,0.23859125580104856
7e646c_2023-08,0.00533144920351743
94f933_2025-02,0.02169072953364456
a42d13_2019-03,0.9617773273492072
fb737b_2023-02,0.05658604992105543
8fabe0_2022-12,0.9199860376772486
a25664_2021-10,0.9614690583296168
ab32d7_2023-04,0.025725556502832612
ab32d7_2024-12,0.0474401741938664
4fb2d3_2018-05,0.011024985767753117
f25ffe_2024-12,0.0026178551806576105
1698cf_2022-08,0.9716111272835565
c3a69f_2021-03,0.9486471946740083
92dcdd_2024-01,0.981632071567815
f461d4_2023-10,0.9912433704499285
6224d0_2014-10,0.004988122598005818
4ee2d2_2025-05,0.0010872506297425737
a42d13_2019-01,0.9045157916035896
a42d13_2022-07,0.9909473070154138
a42d13_2023-09,0.5648140980100896
fb34b4_2025-08,0.11590523302577385
fb737b_2025-06,0.6627655192733688
4ee2d2_2024-07,0.005941693824799334
8fabe0_2020-08,0.9627425428038991
259a19_2022-07,0.6023715674913123
b08ec1_2015-02,0.002760675172683293
fb737b_2019-12,0.01798935194560831
e60b65_2023-07,0.5500331312649596
5a0174_2025-08,0.9933553224994035
f461d4_2021-07,0.9856707360282583
c3a69f_2019-01,0.16927595114841876
987bc1_2025-04,0.7873038914753456
e60b65_2023-10,0.8479396519827798
fc77d0_2021-05,0.9867339464672878
92dcdd_2025-08,0.7773942087244573
259a19_2022-04,0.9096805678224531
c48018_2019-06,0.27720862653500034
8b98f3_2024-03,0.20851446086996744
5ecf9b_2024-01,0.006984587482624865
987bc1_2022-05,0.9732119352327834
c3a69f_2018-12,0.2108593406667839
0ffc2d_2022-11,0.013983469200336628
92dcdd_2023-12,0.9790216734502429
987bc1_2020-12,0.8537616189908952
fb737b_2025-01,0.9144383918905156
a42d13_2019-06,0.9404386961016894
a42d13_2023-04,0.5672246452766815
6224d0_2020-08,0.6541883420873233
1bdb97_2021-12,0.004191836730881313
4718d7_2024-05,0.9483063674840568
c48018_2020-02,0.8692597104532056
0874ee_2019-01,0.10920843676348092
4fb2d3_2022-01,0.9785907912784446
a42d13_2022-02,0.9894899331649061
6f5e2b_2022-05,0.9186579764154055
259a19_2023-09,0.9142176797551237
5ecf9b_2024-10,0.17058152281033626
6838b9_2021-08,0.073987317064091
fc77d0_2024-10,0.9161937995071474
1698cf_2019-10,0.6218778613850917
a25664_2024-07,0.9487292704337749
ab32d7_2024-02,0.01183153263582396
8b98f3_2022-07,0.01711069296037375
74b7d1_2019-10,0.22669404689912045
a42d13_2022-06,0.9886820241923588
f25ffe_2023-12,0.0151351904344171
5a0174_2019-07,0.339047519704261
6f5e2b_2022-06,0.8693995935095736
f461d4_2022-05,0.9814974370655862
259a19_2021-10,0.9707349299799667
a25664_2019-04,0.26268844208153
a25664_2025-02,0.9958892314714657
a42d13_2017-05,0.38746852217991407
b08ec1_2015-03,0.002941585541150766
4fb2d3_2023-05,0.7753118831747653
92dcdd_2024-07,0.8823267487565579
6224d0_2020-11,0.9667034191752667
5a0174_2017-08,0.5358784051642688
175155_2024-11,0.996065168791583
f461d4_2023-04,0.9824313356650205
f461d4_2024-03,0.9880541228651903
90abb1_2023-12,0.9969951132467086
fb34b4_2022-08,0.006879078683498032
6224d0_2025-07,0.9075320931545772
0e8d73_2024-01,0.038671644457847196
34889b_2018-03,0.008406030357615425
fb34b4_2024-01,0.027764605741540792
92dcdd_2019-01,0.0014401792111680307
bf6f0d_2024-05,0.8850595971674982
424c1b_2025-03,0.008787200862986259
a25664_2023-10,0.7074624898889765
c48018_2017-04,0.10884963647284615
92dcdd_2024-08,0.8410440326506156
fb34b4_2023-09,0.00551414186704002
7199cf_2025-04,0.023084220517972293
bf6f0d_2022-05,0.7653211382303525
b08ec1_2022-11,0.5551071402482021
bf6f0d_2023-10,0.6607089113313958
bf6f0d_2024-01,0.9822662835829451
e60b65_2016-10,0.15286662413982174
1822ea_2025-06,0.9407139956951459
987bc1_2017-06,0.14449427826827801
9befc8_2024-07,0.7942738256387223
fa8553_2022-01,0.008030898017796752
90abb1_2019-08,0.6655387868360417
948a11_2022-11,0.0037679013307340037
bf6f0d_2017-09,0.033565940111607975
a42d13_2015-03,0.0017002960086509456
9af74c_2019-11,0.9721047891107965
18defd_2016-05,0.06583105913957567
0f9e86_2023-07,0.20802849476377416
90abb1_2022-07,0.9289826836299426
987bc1_2022-10,0.9824027146334916
bf6f0d_2023-04,0.7820397793678416
1822ea_2020-12,0.9905113426747911
1822ea_2023-11,0.9405763802996133
bc4c03_2025-06,0.9588282966969982
90abb1_2019-11,0.9424308668754291
1822ea_2020-07,0.9705422307606879
175155_2014-09,0.028251806573195183
11f0e3_2023-05,0.2694346600016176
11f0e3_2025-03,0.8094690381427116
6224d0_2014-08,0.006607412969500049
bf6f0d_2018-12,0.44416961854447734
bf6f0d_2025-03,0.9617820594692003
e60b65_2016-07,0.12402179524162728
4ee2d2_2024-06,0.003918182672309839
18defd_2017-06,0.1168960229462401
9f1aa0_2020-06,0.7616038510204701
948a11_2022-09,0.0015861015767911065
b08ec1_2023-02,0.2939655933943347
b1de95_2019-12,0.9865704406198054
db5006_2015-02,0.005498005713005321
3a13b3_2024-11,0.998653439246244
e83244_2017-02,0.042721422997413105
e83244_2019-05,0.7431743097380135
e83244_2023-04,0.9569083116506067
06534f_2024-07,0.9878266883437758
b1de95_2023-12,0.9948240341339006
f4604d_2019-09,0.24659091224046933
1b9e65_2023-09,0.9698511354307227
e2314a_2017-09,0.11629491668442617
60a0fd_2017-06,0.0898876844486585
0cecbd_2018-05,0.05426975791879483
29849f_2025-08,0.9741935449880728
4fb2d3_2017-10,0.12460790059416588
545d15_2019-05,0.005451848217784605
7a007d_2024-12,0.34648883156969124
531356_2015-04,0.011083611460374055
0cecbd_2025-07,0.8446875956221758
db5006_2023-11,0.90765560878158
db5006_2025-05,0.8624473525596087
f4604d_2020-01,0.9689694295044103
0cecbd_2021-03,0.6899143169912855
0cecbd_2024-08,0.6895553416133537
3a13b3_2025-02,0.9878986223380235
b73bc7_2024-11,0.995598195071724
531356_2025-03,0.9014172204061282
1b9e65_2021-09,0.9679430059684742
f500c5_2015-08,0.007212557051145571
0cecbd_2022-03,0.9417683457296763
b1de95_2024-11,0.9854827295723606
3a13b3_2024-09,0.9980582455340027
e83244_2017-12,0.5356247403659995
c580aa_2024-03,0.9948511965629567
db5006_2017-05,0.22085659277684053
db5006_2020-03,0.7918111194171027
545d15_2020-09,0.0042928303169678175
e83244_2014-12,0.0030283076625117105
531356_2015-12,0.0029286158593338834
a25664_2020-11,0.5764877266074034
e2314a_2018-05,0.03243017861883338
e2314a_2019-10,0.8775358326603471
e83244_2015-05,0.0035450345869485543
29849f_2023-03,0.9935035256793642
db5006_2016-02,0.002319069640862955
6224d0_2021-05,0.9899373388043456
e2314a_2021-08,0.9871924900203879
e83244_2018-02,0.045811253521842205
db5006_2014-12,0.016251111889351882
e3af0e_2015-02,0.002933611726448434
c580aa_2023-07,0.9957445107928216
c580aa_2024-11,0.9895340621226858
b1de95_2024-03,0.9948617568668237
db5006_2018-06,0.020867833950187497
db5006_2019-07,0.7861494438758877
545d15_2020-02,0.0020985884200907566
e83244_2023-01,0.8959006244152585
829a72_2014-12,0.0034931670856188602
29849f_2020-11,0.982204852634026
b73bc7_2019-11,0.9484148068114349
545d15_2019-01,0.0012992554576564017
f4604d_2015-03,0.0031720018482502255
e83244_2022-01,0.968650373010693
db5006_2020-05,0.9126106059652205
7a007d_2024-07,0.8301409881660667
e2314a_2014-12,0.0017817443563050703
98a151_2014-07,0.0021791762531592988
531356_2018-06,0.24526532526385572
e2314a_2023-11,0.9781835317417088
06534f_2018-05,0.4386889403747729
98a151_2014-12,0.003008917025197045
db5006_2020-04,0.7336143165194222
1b9e65_2021-08,0.9626144391979107
e83244_2023-06,0.8249897331791923
175155_2021-03,0.9763058059866656
545d15_2020-10,0.05376178477798738
e2314a_2019-01,0.332029921944074
e83244_2017-11,0.3979696437721516
e83244_2023-11,0.8821903809224076
829a72_2018-01,0.07494754211704352
0cecbd_2023-06,0.6685715270708249
1b9e65_2021-04,0.3845706567542657
7a007d_2025-04,0.2795448966934411
60a0fd_2017-04,0.19379272417343124
a25664_2021-01,0.6880891122874817
06534f_2023-05,0.9871346792610689
f4604d_2016-11,0.09604048297222394
60a0fd_2017-02,0.030079993629226507
1b9e65_2020-09,0.8979847501176539
1b9e65_2024-10,0.9108095401427814
531356_2023-05,0.5467612786791413
e2314a_2022-05,0.9666845151408838
e3af0e_2018-01,0.10219478721458722
1b9e65_2020-08,0.8652674453069571
e2314a_2020-01,0.9759317619122518
06534f_2019-06,0.7039657026158241
0cecbd_2022-06,0.6189382730954206
022433_2023-05,0.04172068449370987
531356_2017-04,0.0798647787697292
510fbf_2021-12,0.008580800729412018
af81b0_2018-06,0.09009162382822539
0874ee_2017-03,0.2825490495174364
022433_2022-04,0.0038639173803471393
022433_2024-01,0.07133693906337557
f4604d_2019-06,0.15539576753771722
022433_2022-05,0.003512437325666576
cd0e60_2025-08,0.6365537250793207
d86999_2020-09,0.9227757440888769
022433_2023-09,0.27781312185197854
375f2e_2015-12,0.007008590248827933
894378_2020-06,0.9551366460565659
f4604d_2017-06,0.09745851007734017
c5816f_2017-10,0.4976939891891574
f4604d_2018-03,0.03350987432790688
af81b0_2018-01,0.2390449619913279
b73bc7_2019-01,0.9168576570056588
b1de95_2019-05,0.8591437030752044
022433_2024-08,0.08566084999916306
fa8553_2021-09,0.01418420987352212
531356_2025-04,0.8653621642146399
829a72_2024-11,0.8840537704783794
022433_2022-02,0.0010945902095731677
e361b7_2020-08,0.9703233346921791
b73bc7_2018-02,0.27097410209031875
7a007d_2019-08,0.8611876829904714
29849f_2018-12,0.18683115043641754
531356_2017-02,0.08172043464137144
87cfea_2022-10,0.9518850868760896
29849f_2020-12,0.9828809478195499
531356_2017-05,0.1365535417052561
3a13b3_2020-03,0.994744561234999
b08ec1_2019-02,0.04070297510484117
375f2e_2018-03,0.1683036546233986
f4604d_2020-06,0.9373742524475646
34889b_2017-02,0.10583569175692079
987bc1_2025-06,0.8251009566157516
e7a56d_2023-01,0.4728139022642192
90abb1_2024-05,0.9958781442247185
bf6f0d_2022-03,0.9739955372185234
bc4c03_2023-11,0.9900244270691149
fb737b_2024-03,0.6191763482296692
fb34b4_2024-05,0.12321908236927323
77b3b9_2024-08,0.8747902229232726
bf6f0d_2016-05,0.04208853968626398
b73bc7_2019-03,0.9213081622160579
531356_2018-02,0.015730368305294687
4fb2d3_2023-12,0.9982695249815576
1822ea_2016-06,0.005137282984806633
e83244_2021-01,0.9822734667476583
a97df3_2022-08,0.0464903903053671
29849f_2018-10,0.5713861194603456
1822ea_2016-11,0.04936001968876456
db5006_2015-06,0.006359949025745013
77b3b9_2018-02,0.022703672597902742
83894c_2024-10,0.9712358808801977
1822ea_2016-12,0.4998201029737903
f4604d_2017-07,0.1367490967005802
531356_2016-08,0.0016442758877451326
af81b0_2019-08,0.3762576037458548
a97df3_2024-09,0.9163838130157176
90abb1_2023-04,0.9525162893225625
8005b9_2017-01,0.7311414993371673
987bc1_2023-02,0.9379087758357136
77b3b9_2025-01,0.9914151861044819
e2314a_2019-05,0.5953755463848428
9af74c_2015-01,0.001226058417395544
bc4c03_2017-02,0.21236940979750157
29849f_2016-02,0.012248451577029475
b73bc7_2017-05,0.47798568430395866
f4d28d_2024-08,0.015446073529950742
e7a56d_2017-12,0.42807674154450476
bf6f0d_2014-06,0.01866698990351844
bf6f0d_2014-07,0.03283898055251888
77b3b9_2022-09,0.8922058102615558
77b3b9_2024-03,0.96749283555327
439fde_2015-01,0.008761888501072904
531356_2016-12,0.16334424537910677
34889b_2023-01,0.8896999340935057
dc4b5e_2025-08,0.9244592819897965
375f2e_2019-01,0.06196162244601791
9af74c_2020-01,0.993404327542328
e2314a_2024-01,0.9468172407470049
948a11_2024-09,0.22137942996368232
bf6f0d_2022-12,0.9635172803514933
a97df3_2022-10,0.03181184230583011
424c1b_2024-09,0.003251382462722279
1bdb97_2022-09,0.00436458730516947
77b3b9_2020-03,0.9923850504377099
b1de95_2019-07,0.9802201808320855
531356_2020-04,0.9844698927796727
a97df3_2023-06,0.34128175936256133
375f2e_2021-01,0.991451783105378
74fb1f_2018-04,0.10183359244280091
cd0e60_2020-07,0.006681642952612713
98a151_2021-04,0.8957679822692873
829a72_2020-01,0.850107268858334
c5df88_2024-01,0.9692333990005733
74fb1f_2020-10,0.8599214299602748
e2e0ce_2020-01,0.44675136177274244
2ab8ad_2020-06,0.1663689939210323
531356_2017-03,0.09657401745370893
6838b9_2024-06,0.8763320436836357
a42d13_2017-06,0.25091166580584523
98a151_2022-11,0.5889571026184913
829a72_2022-07,0.7262241423096026
8fabe0_2016-05,0.14837614437779062
293190_2020-08,0.2443826600008438
293190_2025-12,0.988491800901484
98a151_2024-08,0.9865770955050166
4f2b6b_2022-07,0.01433243134745866
2ab8ad_2020-09,0.39376928097228375
cd0e60_2021-02,0.05268350396912271
2ab8ad_2019-12,0.07534388417746393
88a9a6_2018-07,0.2649507739424109
88a9a6_2025-03,0.9737427911612375
60a0fd_2020-11,0.9651364999991086
77b3b9_2023-10,0.9964705674763412
cd0e60_2020-01,0.008437499846401644
e3af0e_2020-11,0.9668109533794471
6838b9_2019-03,0.0018917092893409046
88a9a6_2020-08,0.3138675186218148
cd0e60_2019-07,0.021673205839958992
cd0e60_2021-01,0.0263118899930067
c5df88_2026-01,0.9775717887706458
293190_2019-10,0.14579555348633413
e2e0ce_2017-11,0.3238185990859871
c5df88_2026-03,0.9756983022361189
c5df88_2025-01,0.9804969676194715
a25664_2019-01,0.22373927502335555
4fb2d3_2016-11,0.06066519571647802
f25ffe_2024-04,0.004141800209500977
e3af0e_2021-09,0.9846569637719209
9af74c_2025-08,0.9404312104243382
e2e0ce_2019-12,0.6720116106360504
77b3b9_2018-01,0.1489056193150753
cd0e60_2019-08,0.033397344124851215
7aa803_2015-07,0.0008190606708077361
6224d0_2018-12,0.28220767009471737
9b46ed_2016-01,0.00130087673696712
92dcdd_2022-02,0.02732258754128607
829a72_2021-10,0.9579259196435843
829a72_2022-03,0.8519480982882786
88a9a6_2017-05,0.17648691650996293
92dcdd_2020-12,0.11991116072261115
92dcdd_2023-04,0.6390104425921039
cd0e60_2021-11,0.33082461912055766
175155_2018-02,0.008986478764870024
7bf5c9_2022-08,0.7238234022089909
4f2b6b_2023-03,0.005506806727190944
98a151_2020-01,0.8550529254011873
98a151_2021-08,0.9919140497443795
88a9a6_2020-11,0.4353666653382416
3a13b3_2015-06,0.004008694408523563
60a0fd_2021-11,0.7199831345813049
1996b0_2023-06,0.002995912715146419
8b98f3_2021-10,0.014845661223216032
1996b0_2023-07,0.0031556785426397386
731908_2015-04,0.0018561292380866934
ab32d7_2022-04,0.007154508051966078
f500c5_2014-06,0.004876841658505576
f500c5_2015-03,0.0023003271432308174
60a0fd_2019-09,0.764513466979025
1996b0_2024-03,0.004071346521050374
5ecf9b_2022-04,0.005694085767925869
829a72_2017-12,0.35391778824009273
829a72_2017-08,0.15358286797863258
ab32d7_2022-03,0.032804035188490295
dc4b5e_2023-04,0.04597272302724132
a97df3_2020-01,0.006105623395363122
92dcdd_2025-07,0.8155922028110363
f500c5_2014-09,0.02026920025441743
1996b0_2024-06,0.005607156770904926
f500c5_2014-10,0.025812459148233376
bc4c03_2025-04,0.983136917073444
7a007d_2015-03,0.004576121049476882
18defd_2017-03,0.16901792829236054
3db670_2014-10,0.02406030822154357
90abb1_2023-08,0.9640570648507235
1698cf_2021-05,0.9824639996448706
9befc8_2015-01,0.0009197587149564851
e2314a_2024-09,0.9964890708041357
db4cd8_2019-12,0.9161812022599899
a42d13_2014-06,0.005992465059376162
948a11_2023-05,0.0011559286520192256
e7a56d_2021-09,0.9703138912922139
7a007d_2019-01,0.07703609354097521
6224d0_2014-09,0.01597165790922231
29849f_2016-12,0.1314147532050033
3db670_2020-02,0.8953327575431814
6224d0_2016-05,0.042707401902637575
1698cf_2020-09,0.9464614876428324
fb737b_2021-09,0.006411653863668515
74b7d1_2019-02,0.25382609123448746
d86999_2020-05,0.97396282674019
f25ffe_2025-05,0.09008330161741944
74b7d1_2024-04,0.5900559332219188
429b22_2025-05,0.006279905450450054
f500c5_2015-10,0.008129124099177463
545d15_2021-02,0.049128136414275894
92dcdd_2025-04,0.883705501474189
4718d7_2015-09,0.0018014628077470654
4718d7_2015-08,0.002184482379595111
06534f_2015-08,0.0010939305571156402
bc4c03_2015-11,0.005486785574641484
e7a56d_2016-12,0.17360641787491143
f1543b_2020-01,0.5268958272915527
b73bc7_2019-06,0.9760933652867531
db5006_2016-11,0.12313688366651297
b416b1_2015-07,0.002203334110226527
7bf5c9_2021-09,0.8511726170105716
7a007d_2021-09,0.9236833050163945
6224d0_2017-10,0.04802091590094928
e7a56d_2016-06,0.13522403831660224
3a13b3_2019-04,0.9447403060870311
7a007d_2022-04,0.9652159328225832
7a007d_2018-03,0.10729661838362106
7a007d_2015-12,0.0024123158369424875
0cecbd_2022-11,0.8876147593426377
1bdb97_2023-08,0.05825540884297526
18defd_2017-01,0.20948121119688257
7a007d_2025-09,0.9642949472610931
7a007d_2023-06,0.9668593498361917
c3a69f_2021-02,0.9260186862030646
77e86b_2018-10,0.5294737843998867
375f2e_2020-12,0.9844756542978079
7a007d_2020-08,0.30164213538172935
7a007d_2017-09,0.13544540911535685
7a007d_2022-08,0.9566436791479611
c580aa_2019-09,0.9939107543888495
8fabe0_2021-11,0.9722426460863539
a97df3_2024-04,0.8305818897059175
d59611_2020-09,0.9389173306535713
fb737b_2023-11,0.4819993654106848
7a007d_2019-12,0.4387481374245895
1bdb97_2023-09,0.0824952934048933
c580aa_2017-07,0.7754162983639963
8d0588_2023-06,0.998833228495861
d59611_2021-02,0.9248243198932241
b0ff51_2015-07,0.016208013419275656
14fe3a_2017-05,0.5072573603682404
a42d13_2015-10,0.003525609836080827
f461d4_2017-10,0.6700219711765792
b0ff51_2018-09,0.9466863709374441
b59bc0_2017-08,0.04838894421791889
8d0588_2015-07,0.021956706691735075
f461d4_2020-07,0.9701683771300361
8d0588_2016-07,0.5663588249883088
11f0e3_2015-01,0.0006413584062946278
8d0588_2016-08,0.6512359119832996
bf6f0d_2019-11,0.7870013232982176
98a151_2020-07,0.9867809713071333
1822ea_2021-02,0.9945068813108147
b73bc7_2020-07,0.9943606806022046
db4cd8_2016-05,0.12393807479166498
a25664_2018-01,0.05646806768313378
af81b0_2015-09,0.0024585264215996423
175155_2020-11,0.9366489729057789
780a0b_2021-11,0.9322053767330766
af81b0_2017-05,0.07346384554346329
af81b0_2023-08,0.48077109581709265
6f5e2b_2017-07,0.10221131151557064
af81b0_2024-06,0.505398492225455
af81b0_2024-08,0.5409760349959172
fb34b4_2022-06,0.03731748474765814
1822ea_2021-03,0.991784487734038
dc4b5e_2022-02,0.1589665993545571
293190_2016-02,0.0036443180189720775
9f1aa0_2017-05,0.15227914475851898
60a0fd_2018-11,0.7065711199384298
77b3b9_2016-05,0.0037776231221058392
fb34b4_2022-04,0.002737822013736419
987bc1_2017-10,0.17917481655303505
0cecbd_2015-12,0.0035603705267166865
9befc8_2021-12,0.8991096423568324
94f933_2023-03,0.03183786451231746
b1de95_2018-05,0.5557593477767948
b1de95_2018-04,0.7464301788723208
e3af0e_2015-09,0.002529083509953941
0f9e86_2023-11,0.9751064273600201
987bc1_2017-09,0.1342952933174667
bc4c03_2018-07,0.13045706438518528
bc4c03_2018-09,0.5544671454521257
bc4c03_2018-08,0.3264292715671791
cd0e60_2020-04,0.005538673751833637
b08ec1_2021-09,0.9514815627827508
b1de95_2022-12,0.9864615390291439
34889b_2016-12,0.2069634382608079
6c1954_2020-06,0.028340277631352592
e361b7_2017-09,0.4250882548224389
0ffc2d_2020-06,0.003221114623314095
3a13b3_2019-10,0.9961440129770431
e60b65_2019-08,0.7698505250484259
175155_2017-01,0.1048436250588313
175155_2017-02,0.058123690346648285
14fe3a_2016-05,0.022706102610583388
8005b9_2020-12,0.9725147161008684
e60b65_2022-06,0.9622118872454417
a25664_2020-06,0.9664746899189958
3db670_2018-12,0.9350977010388111
b416b1_2016-10,0.014325995645479792
4fb2d3_2021-01,0.6816710170963132
6f5e2b_2020-06,0.9762136354394177
e60b65_2022-01,0.9663573481839567
3a13b3_2015-12,0.005545338185154692
a25664_2015-08,0.0045186785212283555
e60b65_2020-06,0.8743562056353699
fc77d0_2017-07,0.2144543846334131
e60b65_2021-03,0.9561509593805017
9befc8_2020-06,0.9270034548021567
1698cf_2017-06,0.2148265802052014
9b46ed_2015-09,0.0021197868911405986
d59611_2017-03,0.19194537817743554
14fe3a_2015-05,0.028466951751268708
14fe3a_2015-06,0.013123450789117011
9f1aa0_2016-03,0.17243381387527745
db4cd8_2016-08,0.11805283476864506
db4cd8_2016-11,0.05627513119592081
d59611_2020-08,0.977890700811205
f500c5_2016-01,0.011629188275171589
d59611_2020-11,0.8824222144026695
1822ea_2017-09,0.30106172934460046
8bd3ce_2020-05,0.8842841853479355
db4cd8_2015-09,0.0012866031856084454
1822ea_2015-09,0.003569754127758129
375f2e_2020-11,0.9706388884231538
f500c5_2017-08,0.12983978559652873
f500c5_2017-12,0.0310679199827587
77b3b9_2015-09,0.0005565414520833944
18defd_2017-12,0.08450753994060138
1b9e65_2016-07,0.002474986155545696
c48018_2018-10,0.47531307171323195
a25664_2017-10,0.21481154184238588
5a0174_2015-11,0.0021005023580279373
8fabe0_2017-08,0.4828012832455502
3a13b3_2022-03,0.9948235563532081
6f5e2b_2017-01,0.27310861978421885
3db670_2020-05,0.988142353855574
6f5e2b_2016-08,0.2677364858290241
b73bc7_2016-07,0.21088348219269268
b1de95_2021-09,0.986875173928522
b73bc7_2021-06,0.9890455772909964
d59611_2017-07,0.36098990361159977
7aa803_2015-09,0.0012290395633837807
2ab8ad_2015-05,0.02235835051856393
9b46ed_2024-03,0.9882242532935755
f1543b_2016-08,0.045764314097179466
9b46ed_2024-04,0.9899514702762661
e7a56d_2021-06,0.8997840626028727
7bf5c9_2025-06,0.9827227926777159
7bf5c9_2025-10,0.9457653192974795
e3af0e_2017-07,0.12270181056814149
829a72_2017-11,0.27812634116971185
b73bc7_2018-11,0.9800318042945619
18defd_2018-09,0.5546094237893131
7bf5c9_2017-03,0.15839650815094736
8d0588_2021-11,0.9990709108072052
2ab8ad_2015-12,0.008956794307844245
b08ec1_2016-04,0.0022046435900607707
545d15_2021-10,0.09443172382938804
545d15_2024-05,0.9732163306848722
9b3bd5_2024-12,0.021694345958647263
545d15_2024-12,0.9806398882319849
545d15_2025-03,0.9794183318622913
545d15_2025-09,0.9795938570135542
74b7d1_2020-09,0.7909568667194452
74b7d1_2021-05,0.8823101397289678
74b7d1_2021-10,0.8996057618811428
74b7d1_2021-02,0.8560813879191018
b73bc7_2021-11,0.9965697299279669
3db670_2022-08,0.9958987972769576
b1de95_2022-04,0.9955670849989273
06534f_2021-05,0.9970959798588556
c5816f_2020-05,0.9826362073724101
c580aa_2016-04,0.10251389240339753
b1de95_2020-04,0.9884949511979769
3a13b3_2021-01,0.9915927813567667
c5816f_2017-03,0.5217238928424472
c580aa_2022-12,0.9975864075448762
b1de95_2017-11,0.7508156543477276
b1de95_2020-08,0.9933019328268661
b73bc7_2020-04,0.9914141093595121
8005b9_2017-09,0.3889667681033559
3a13b3_2021-11,0.9929415138393406
06534f_2020-05,0.9923667078796409
c5816f_2020-12,0.883384735748523
06534f_2021-06,0.9976001751204382
06534f_2016-04,0.004915939065335616
c580aa_2020-06,0.9877074677506225
b1de95_2015-06,0.004487767751533461
b1de95_2022-05,0.9954375064029533
c580aa_2015-05,0.005431225923632897
c5816f_2020-11,0.9370870733021173
06534f_2014-10,0.016351475617246182
3a13b3_2016-02,0.015765490273158485
06534f_2021-04,0.9948094265128937
dc4b5e_2019-02,0.03107267532790479
e3af0e_2017-10,0.4720758619571895
a97df3_2019-04,0.02397456946991309
f500c5_2017-03,0.12745253672735546
531356_2018-11,0.47064361692897794
293190_2017-03,0.17067970058500168
c48018_2020-04,0.9716410098705676
6f5e2b_2015-10,0.0013577565268913091
18defd_2021-12,0.6064334933806047
e7a56d_2018-08,0.5359659716942613
18defd_2020-08,0.8849322924650922
c48018_2020-08,0.9463509987450964
c48018_2022-01,0.59164632914244
259a19_2016-08,0.24904940513542959
1822ea_2015-06,0.03065812946933177
1822ea_2016-02,0.003990352532768768
175155_2018-08,0.09142153783284701
18defd_2020-09,0.7660135972094999
c580aa_2018-11,0.9476588549411735
c48018_2022-06,0.7057990559179499
e7a56d_2020-09,0.8648031625846201
18defd_2023-01,0.608098564272279
e7a56d_2018-09,0.6120655433725863
c48018_2017-12,0.0842538464657095
e7a56d_2017-03,0.19436378552009495
c48018_2022-02,0.6563859565782796
c48018_2021-06,0.6535783665842632
0874ee_2016-05,0.33821274625480424
0874ee_2015-07,0.008280243627230467
c48018_2017-01,0.2995823513952806
a97df3_2020-02,0.006971051219695081
780a0b_2020-07,0.9672017925023948
b59bc0_2015-12,0.004686189647396003
b59bc0_2016-01,0.0031142483199752867
7aa803_2017-11,0.25754802942997
60a0fd_2017-03,0.04176060762199027
9af74c_2015-06,0.0048300799740531464
259a19_2020-05,0.9569906674597501
1698cf_2017-03,0.08767104215700362
6f5e2b_2021-02,0.9222503969329215
4718d7_2017-08,0.06645303599586858
77e86b_2017-08,0.1787883324978778
60a0fd_2016-01,0.0014192936117562564
4718d7_2018-08,0.8133048892462149
375f2e_2017-01,0.04139822705012691
259a19_2018-07,0.4334672247557859
829a72_2020-08,0.9450507710415997
f461d4_2015-07,0.002991534099220952
829a72_2016-12,0.03002044844109871
60a0fd_2017-05,0.046871378786747124
175155_2016-03,0.004630671756583079
f461d4_2017-03,0.21300530707780366
5a0174_2015-12,0.0020612769385739433
e3af0e_2015-08,0.0011268555996491693
5a0174_2016-01,0.003502615944020589
e3af0e_2015-06,0.0014833069615909503
1698cf_2018-07,0.3441415651542505
4718d7_2018-07,0.6840806266807038
1698cf_2016-07,0.00219245126066321
5a0174_2017-03,0.08423091118030913
6f5e2b_2015-05,0.002201493681338281
1698cf_2020-06,0.9654125691284678
829a72_2016-11,0.046251797051890364
db5006_2017-11,0.19402211000545624
e361b7_2016-08,0.05170836069674191
e361b7_2016-07,0.03666209744502359
e361b7_2016-09,0.05034379953868232
e60b65_2017-12,0.04534500639764652
8ec563_2016-02,0.004291160994376065
1bdb97_2024-01,0.31988056380229213
f461d4_2017-11,0.3011172537281487
3a13b3_2015-09,0.008080203306635265
8ec563_2015-12,0.0028333752694417944
34889b_2015-10,0.006314405382789232
34889b_2015-12,0.011005101979622539
b416b1_2017-07,0.0362870421203465
34889b_2016-03,0.12758437820539467
77e86b_2015-12,0.0033077893640485884
e3af0e_2020-04,0.9766583021965539
98a151_2018-07,0.8430517175309524
b1de95_2016-11,0.21270776615097808
98a151_2018-08,0.9271791916071659
439fde_2016-04,0.0031607063621910472
90abb1_2015-07,0.0018776829215045533
c580aa_2023-02,0.9910594337585577
1822ea_2017-03,0.379392009964642
987bc1_2018-07,0.20634046663722488
9af74c_2020-10,0.9876687773053804
9af74c_2016-12,0.3269231968487601
3a13b3_2021-03,0.9867592562733027
1822ea_2018-09,0.06519622131887817
b1de95_2022-10,0.8501795127808304
c3a69f_2015-06,0.0024958939344476086
439fde_2021-02,0.9867676514990428
c3a69f_2023-01,0.9566288924483087
e60b65_2018-08,0.5128025714313332
439fde_2016-09,0.13535526354187905
c3a69f_2021-01,0.9666582435756387
c3a69f_2022-12,0.9528448574129039
99c11c_2016-04,0.020069224862726404
34889b_2017-10,0.19437062331357202
77b3b9_2020-04,0.9853973937903375
29849f_2021-09,0.9691626863890814
c3a69f_2015-12,0.0009647324063304623
7a007d_2016-09,0.2886214796763714
77b3b9_2017-12,0.3430796972585113
e60b65_2015-07,0.005038768522563713
8005b9_2018-09,0.135806421999343
90abb1_2017-09,0.10979275654840157
29849f_2021-05,0.97249730761206
7a007d_2016-07,0.013040111712975285
bc4c03_2015-09,0.014525911365740144
06534f_2020-09,0.9978747487670908
439fde_2017-12,0.18285978524010257
259a19_2016-03,0.003382045841188748
c580aa_2021-06,0.99341992361887
c580aa_2021-04,0.9895753125067164
c580aa_2022-08,0.9974618013615439
74fb1f_2018-10,0.1691801926571174
439fde_2017-11,0.12337183483941218
259a19_2015-11,0.0030338643805149167
77e86b_2016-11,0.08885787337606085
87cfea_2016-06,0.0011671266335553003
77e86b_2020-05,0.8763737993818708
77e86b_2021-05,0.9218014546594003
77e86b_2021-01,0.9263569726738
74b7d1_2017-03,0.07724120249888287
0cecbd_2018-08,0.14176580720952586
83894c_2023-04,0.9554663810109256
77b3b9_2017-11,0.43027885099145463
987bc1_2016-08,0.027623617509787157
987bc1_2016-12,0.6061286504154115
87cfea_2018-05,0.08923139156526937
439fde_2018-10,0.2285596750119235
87cfea_2018-08,0.15650383491864006
f461d4_2017-09,0.6872349905418984
fb737b_2020-04,0.013577940731905854
6838b9_2020-06,0.27519166547078266
af81b0_2016-01,0.0005318160123384579
af81b0_2015-06,0.0014964787553724721
175155_2018-11,0.2692146781728606
3db670_2015-11,0.0017413256590641604
2ab8ad_2018-08,0.2515480266676926
cd0e60_2025-03,0.9211525112252756
cd0e60_2025-06,0.9349674421858183
fb34b4_2024-12,0.5725562023857121
74fb1f_2016-01,0.006696899707327149
c3a69f_2017-10,0.18420348865674857
fc77d0_2016-06,0.2448348866104282
4fb2d3_2015-08,0.0046333320527863495
439fde_2016-02,0.004101121384523122
19fa84_2017-12,0.08351123826569495
fc77d0_2016-12,0.3068600423756516
77b3b9_2015-12,0.002047763713251162
19fa84_2017-10,0.07820034892630107
fc77d0_2016-08,0.3864496342197884
439fde_2015-12,0.0011263343179535707
1996b0_2022-08,0.00804492062101977
4718d7_2016-06,0.12019045072220522
4718d7_2016-07,0.17482388101972762
db4cd8_2016-01,0.0019962268946839817
8005b9_2015-09,0.005688712915796946
a25664_2015-11,0.002729506099904526
34889b_2025-09,0.9406073067545361
9af74c_2016-03,0.011267745236680397
a25664_2016-02,0.004347928690763751
34889b_2017-08,0.39577957667290364
34889b_2020-08,0.9562094816276216
b08ec1_2021-05,0.9524397090786382
b08ec1_2020-11,0.9128478952623296
a97df3_2021-08,0.23419759000504803
99c11c_2019-06,0.07568498504018048
259a19_2016-09,0.2457594330628833
e4bc80_2016-04,0.007235480216875192
99c11c_2025-05,0.9137611582024103
3a13b3_2022-09,0.9957774481179844
fc77d0_2016-01,0.0026962192417415067
99c11c_2025-02,0.9304550419520023
3db670_2017-12,0.659221725021223
87cfea_2018-11,0.1463246773158884
9f1aa0_2016-11,0.5130061896252057
f461d4_2018-09,0.7607890918356462
9f1aa0_2016-12,0.431903329107546
fb737b_2024-02,0.656039526855809
0cecbd_2020-04,0.9310978964517288
af81b0_2022-06,0.9720612928957932
af81b0_2022-07,0.9672199989626997
bf6f0d_2016-02,0.002748201690681731
af81b0_2022-11,0.9691275527103538
af81b0_2022-09,0.9691973889652197
4718d7_2020-10,0.9246821792086714
8fabe0_2014-10,0.001895082971182567
6f5e2b_2023-10,0.9850016300767243
259a19_2014-07,0.006760941371339183
259a19_2024-01,0.9920111246294562
6838b9_2024-12,0.9187770368191005
db4cd8_2019-03,0.3553746248901007
1698cf_2022-06,0.8538888728847228
90abb1_2017-04,0.08198603028947815
34889b_2019-10,0.4191326963502126
34889b_2023-03,0.3046789356766718
14fe3a_2022-01,0.9486221511712402
8005b9_2018-04,0.015638061898338683
375f2e_2021-11,0.9909788553891395
92dcdd_2019-12,0.0005500520683587004
af81b0_2024-04,0.5181877262864301
7a007d_2024-01,0.2318877046496611
29849f_2023-09,0.8126583245820697
b1de95_2019-01,0.7019104217176726
022433_2025-03,0.27795840991445986
f4604d_2021-11,0.9727218607598993
e2314a_2019-11,0.8943764291778035
e2314a_2020-02,0.9750439232060627
fb737b_2023-01,0.3210171777016743
e60b65_2017-01,0.07809553231318113
77b3b9_2018-04,0.12432822486075258
265164_2025-02,0.005738864057134277
9af74c_2024-10,0.9261707701306752
987bc1_2017-11,0.08618621031091951
9befc8_2015-11,0.0014945968335321608
780a0b_2015-08,0.0040748085305087525
780a0b_2025-07,0.8567686692974347
0f9e86_2019-10,0.5823158537396468
0f9e86_2019-11,0.3205608243224542
b416b1_2023-05,0.9905933149574814
bc4c03_2018-05,0.006489315539108516
bc4c03_2021-08,0.9448667122159062
bc4c03_2022-07,0.9321439168090544
259a19_2021-12,0.9800487483664856
6838b9_2024-08,0.7203904177371938
90abb1_2024-03,0.9874186673370674
34889b_2014-06,0.003903706063545047
34889b_2014-07,0.015327210339370298
14fe3a_2024-08,0.9712000350875138
14fe3a_2025-07,0.765739423826387
4fb2d3_2024-02,0.9650553702293876
e83244_2016-12,0.0965468664764965
6224d0_2021-10,0.8563456729871042
e60b65_2017-02,0.018223534575497545
e60b65_2022-03,0.96302185091978
6838b9_2018-01,0.02198911628475122
a25664_2015-07,0.005752713969840734
4fb2d3_2025-03,0.9589630002287027
731908_2019-08,0.3994279609010285
d86999_2015-05,0.00568549737154716
a97df3_2023-09,0.5596302547075974
780a0b_2016-11,0.028567788381630144
0f9e86_2017-12,0.07817075994659012
4718d7_2014-06,0.0025267255243925585
fb737b_2022-08,0.10526596420552843
6f5e2b_2023-08,0.9485158020689519
b416b1_2021-02,0.9617048910671453
b416b1_2025-04,0.9729300042279247
a25664_2022-01,0.9616261961016062
d59611_2014-08,0.003563425540431391
34889b_2014-04,0.0021649995489089525
34889b_2024-06,0.941957169834542
b08ec1_2023-08,0.9950572642369542
9af74c_2022-10,0.8909000986779239
987bc1_2022-04,0.8005623212246616
4fb2d3_2024-12,0.9490304046425964
545d15_2019-12,0.0016514504821763846
545d15_2020-03,0.0034715315296156516
06534f_2024-12,0.936746800985363
022433_2024-05,0.1205991665440874
e2314a_2022-02,0.9189558670263651
e83244_2017-05,0.0837845095674073
6224d0_2018-03,0.11550464308741185
6224d0_2021-01,0.9042897572384236
e60b65_2018-03,0.055550720991482345
e60b65_2018-07,0.4526385559138605
e60b65_2021-01,0.9599210214847906
731908_2023-06,0.3655868496181454
11f0e3_2024-11,0.7560224509012479
d86999_2018-10,0.42700032135380706
d86999_2021-04,0.8837466627591304
b26809_2023-03,0.5993519807258759
780a0b_2020-11,0.976604073180513
8bd3ce_2022-11,0.45994288045723214
0f9e86_2017-09,0.20054462305235785
a97df3_2024-02,0.4254885416906288
7199cf_2023-08,0.023661638791186608
34889b_2023-04,0.5352840382078092
14fe3a_2014-12,0.004536429264591355
14fe3a_2024-07,0.805558406377084
b08ec1_2023-07,0.7588177944242498
b08ec1_2024-11,0.7755958961402174
06534f_2025-07,0.996808795574829
f4604d_2019-11,0.4209023623870485
e83244_2016-07,0.004675408143076266
f4d28d_2025-07,0.007613219685821617
92dcdd_2023-06,0.4576389191627738
8e41cf_2023-12,0.7458370609041467
b26809_2022-10,0.48298778100552464
fc9334_2025-04,0.8824229559964034
780a0b_2023-12,0.9464660799814715
8fb6f0_2023-12,0.9014170088811939
b26809_2022-12,0.64099447749173
dc4b5e_2024-02,0.8114636807889556
6c1954_2023-09,0.5563455434830744
fc9334_2016-01,0.001369447418932763
8e41cf_2015-06,0.004320596489276295
b26809_2019-04,0.3275080288733912
b26809_2019-08,0.3712515338594028
780a0b_2018-07,0.12252546746795152
fc9334_2016-05,0.0034891915647382037
bfbeef_2024-06,0.7273752454127291
fc9334_2021-03,0.8730257671787394
e7a56d_2022-09,0.30381875352333454
e7a56d_2023-11,0.9279337529378541
0874ee_2018-05,0.013264244678674831
fc9334_2015-10,0.0033031662837766486
8bd3ce_2019-12,0.48190674675362716
8e41cf_2017-05,0.03922856067681619
c48018_2014-10,0.010687162874047284
8fb6f0_2018-11,0.3674541884977269
8e41cf_2017-06,0.05541564863780412
7199cf_2025-07,0.16629928738576089
9f1aa0_2017-03,0.14515565850921489
948a11_2024-06,0.296946055317126
6c1954_2025-01,0.9575101624574069
bf6f0d_2016-12,0.06817381902617993
9f1aa0_2014-07,0.006495392276443265
7aa803_2015-10,0.000839155015223926
513080_2023-08,0.09417745955587116
bc4c03_2015-02,0.005841053737790927
db4cd8_2016-12,0.06511953817403449
1822ea_2021-06,0.9918060370572992
9f1aa0_2017-11,0.3343266938897719
9f1aa0_2023-07,0.4102931347050423
510fbf_2022-02,0.004523536761355432
bfbeef_2016-10,0.015651870273627452
0f9e86_2018-08,0.06554958181645563
0cecbd_2023-01,0.8727832753592099
0cecbd_2022-12,0.9118617529791002
0cecbd_2020-01,0.5576327023642195
0cecbd_2018-04,0.01320240933888948
0cecbd_2021-04,0.5402037555078137
829a72_2015-03,0.003168131253616145
e3af0e_2017-02,0.04153469915909766
829a72_2015-01,0.0024841780605629423
bf6f0d_2017-11,0.342863500462631
a97df3_2020-03,0.004307799380014879
1bdb97_2024-08,0.06291639606505312
74fb1f_2023-04,0.7638082734164624
74fb1f_2025-03,0.7410081549321358
c5df88_2023-04,0.8150460796677022
60a0fd_2022-07,0.8512929426696063
bf6f0d_2024-06,0.6881412668585497
e2e0ce_2020-08,0.3032234602664113
c5df88_2019-06,0.18131419896369738
7aa803_2015-12,0.004106407101280772
9b46ed_2017-06,0.16920461348519855
60a0fd_2025-04,0.7661193830327643
94f933_2023-08,0.0014156365900947667
18defd_2018-10,0.6021192646293386
18defd_2024-07,0.9936836019375208
1b9e65_2021-01,0.6529727218178606
b1de95_2023-10,0.9973677200700416
1822ea_2017-11,0.3837526675044143
0ffc2d_2025-08,0.8668735985872353
db4cd8_2018-01,0.04446881030939995
0ffc2d_2022-01,0.09722769630436866
7bf5c9_2021-03,0.3382188610773801
022433_2022-11,0.039959994164407216
1b9e65_2023-06,0.7756163102416764
1b9e65_2025-05,0.6855924802217302
0ffc2d_2024-02,0.6252898215437293
c5816f_2024-05,0.7521586765075604
e4bc80_2022-03,0.2420400994153279
c3a69f_2023-11,0.17183738608797167
8ec563_2025-04,0.9317277680265083
894378_2021-05,0.9526485813549727
19fa84_2021-09,0.34558838942689113
19fa84_2024-11,0.9455289995226064
3db670_2021-11,0.9957801813764178
894378_2022-04,0.45160056149800004
894378_2025-07,0.9781483394341658
8ec563_2024-09,0.8513885927728687
fd589c_2025-03,0.921618156956049
3a13b3_2024-03,0.8678011994392574
14fe3a_2017-03,0.05438902815688604
14fe3a_2021-06,0.958003453542488
14fe3a_2017-01,0.43552695781866374
c5df88_2019-12,0.09383283760248957
f1543b_2016-02,0.001538415503739173
88a9a6_2023-10,0.5532405412893816
f1543b_2018-04,0.020336423555070347
f1543b_2025-07,0.9480587806217715
94f933_2024-05,0.0019189633218046926
0874ee_2014-04,0.005908024626597673
77e86b_2019-08,0.17886462724845076
8005b9_2019-03,0.189430682270824
3a13b3_2023-04,0.98591331204745
e83244_2023-10,0.9881888336923418
c5df88_2018-04,0.07223410246715282
74b7d1_2018-02,0.008439113329179515
7e646c_2024-02,0.015516563650333206
74b7d1_2019-09,0.712381405009587
7bf5c9_2026-01,0.9517794973955814
6da35b_2024-01,0.0075156568156332735
b0ff51_2016-02,0.022347570674286638
b0ff51_2017-09,0.8480323949216182
8d0588_2022-06,0.9871807171668946
b59bc0_2018-01,0.9270656330821618
77e86b_2018-09,0.3236938944300667
8fabe0_2024-11,0.9748743647290236
c580aa_2017-09,0.824088481311026
439fde_2025-08,0.7277440699867453
74b7d1_2020-03,0.9473341074982053
74b7d1_2021-09,0.8895331847891723
fd589c_2025-02,0.8997077077579074
3a13b3_2024-10,0.9991597330841215
fd589c_2019-12,0.9833115305949192
e361b7_2016-01,0.015483094881846966
fd589c_2021-06,0.8945842251154241
fd589c_2023-02,0.5042461577332767
3db670_2024-05,0.996912528562764
3db670_2025-05,0.9894006157904475
8ec563_2019-07,0.9519469049458041
5a0174_2018-02,0.15331040860348533
987bc1_2017-03,0.4545541964558013
06534f_2018-08,0.7967964200687387
259a19_2016-05,0.009164339342224992
8ec563_2015-09,0.005204583118237958
f461d4_2017-04,0.37457191100282794
e7a56d_2020-11,0.839186678074372
c48018_2021-04,0.672867395723323
c48018_2022-09,0.645059452239851
8fabe0_2021-06,0.988079075443823
6f5e2b_2017-03,0.2814656493893785
f461d4_2017-08,0.3704674651522029
99c11c_2022-03,0.33014858359190197
90abb1_2016-04,0.028996768236488873
60a0fd_2016-09,0.04492525914436164
d86999_2023-11,0.8561755357699825
c48018_2016-08,0.21517939908103645
375f2e_2015-06,0.006192867838003741
bc4c03_2017-11,0.04065347790750717
f500c5_2015-11,0.008813807112606117
99c11c_2024-11,0.338705007843749
83894c_2021-10,0.2481654022836338
83894c_2021-12,0.2530262517047506
34889b_2015-09,0.004071229686984726
1b9e65_2015-12,0.0004987683412454048
4718d7_2017-03,0.06894162143949636
948a11_2023-01,0.007277494166761642
259a19_2016-04,0.00482086905092829
c580aa_2022-11,0.9957620403910924
b1de95_2021-07,0.9971306551573288
b73bc7_2022-05,0.992689911141654
83894c_2023-08,0.9768363694171324
83894c_2024-02,0.9694583578628996
b08ec1_2021-06,0.9823629253527263
b416b1_2016-06,0.012395586394040217
0cecbd_2015-07,0.00270654423429657
cd0e60_2024-06,0.9151537531943204
175155_2016-06,0.009733444119747522
894378_2018-10,0.352006923267065
0e8d73_2023-01,0.04538328723448401
74fb1f_2018-09,0.05720246667476768
b08ec1_2018-09,0.5206887497334121
3db670_2017-07,0.23652418829753316
87cfea_2017-11,0.004221109482588705
83894c_2017-12,0.002805466163158811
af81b0_2020-12,0.9521549112752266
fd589c_2020-12,0.9486141437405871
f1543b_2015-10,0.010075746245731324
b0ff51_2016-09,0.8596679786772334
83894c_2017-02,0.0011936081753110657
a42d13_2022-10,0.9907015524739295
a42d13_2021-01,0.9892906602520757
6f5e2b_2016-01,0.014570960847238213
0cecbd_2021-10,0.9779863674901269
0cecbd_2021-08,0.9777987900264815
8005b9_2017-12,0.5934860481287234
293190_2024-11,0.980681864552964
c5df88_2024-10,0.9834835084594331
83894c_2017-05,0.005464770026336678
8d0588_2016-12,0.701066773656994
b59bc0_2015-06,0.031775959569436914
a25664_2025-09,0.9833398771196158
6c1954_2021-06,0.6195673012260242
bc4c03_2019-06,0.32730881571041626
259a19_2014-11,0.005245800188308916
6838b9_2019-04,0.003593631983608882
1822ea_2023-05,0.8636318631649978
14fe3a_2014-10,0.005654438901722334
14fe3a_2025-05,0.7592866930043657
8005b9_2019-09,0.45936970245620223
8005b9_2022-06,0.4343666998615688
375f2e_2022-06,0.6127693175967773
06534f_2024-10,0.9758864309034587
e2314a_2024-10,0.9959255646797645
4ee2d2_2024-04,0.0023506189409554065
175155_2016-08,0.00749318870060229
a25664_2017-04,0.2551404268234028
375f2e_2024-12,0.8937597418772225
987bc1_2018-06,0.015361644035666791
4fb2d3_2019-07,0.18226300572902435
e427f8_2023-02,0.0013488752215428611
fc9334_2025-02,0.8911780440801206
9cf1af_2024-05,0.19489542217566003
6224d0_2014-06,0.0034608258218482083
4718d7_2014-07,0.003187646922479514
0e8d73_2023-11,0.00399899134277304
6f5e2b_2017-02,0.16618941687774466
bc4c03_2025-03,0.9943940656607654
a42d13_2023-08,0.5255469947034613
d59611_2018-06,0.08322417836304227
8005b9_2020-07,0.9837561377101307
fc77d0_2022-02,0.9188752297997925
fc77d0_2025-03,0.996007969002924
4fb2d3_2024-04,0.9493459997012325
af81b0_2024-12,0.9062649867992603
545d15_2020-08,0.0023698143862834454
c580aa_2014-12,0.00962864304027494
f4604d_2024-12,0.9409592468611206
e83244_2019-06,0.4801130422030451
4fb2d3_2017-07,0.29509008839348677
11f0e3_2015-05,0.0032228460117354053
11f0e3_2015-06,0.003373714027616802
8fb6f0_2016-02,0.006408270627998567
8fb6f0_2024-02,0.7949869231915629
dbb709_2022-04,0.002886831722351589
4718d7_2019-10,0.9739318518623294
1996b0_2024-10,0.09205256386548379
5a0174_2022-10,0.9371389271710439
b416b1_2022-01,0.5463093969658355
259a19_2020-01,0.9749852722797551
d59611_2022-07,0.9116499446842207
14fe3a_2020-02,0.540826263573633
b08ec1_2025-04,0.9034839438205107
29849f_2015-03,0.0036784137838252484
f4604d_2019-03,0.0965387495773848
6838b9_2023-06,0.7266014254643529
375f2e_2023-05,0.765146023618174
fc9334_2022-06,0.8809354311652938
6224d0_2015-02,0.00571296328927408
4718d7_2019-06,0.4516520207874656
b416b1_2025-03,0.9817197673382491
175155_2019-01,0.549829633071738
db4cd8_2014-08,0.0051415169044011595
f25ffe_2023-11,0.020490176361198566
8005b9_2014-11,0.008848330778118637
9af74c_2022-11,0.987901837868455
987bc1_2019-11,0.6697595026513459
531356_2014-12,0.0026242514826863533
e83244_2025-06,0.9723456604345942
fc77d0_2021-07,0.9917373944410316
375f2e_2019-12,0.8519897586327816
11f0e3_2023-03,0.6686205291426632
fc9334_2023-06,0.6061015820520309
fb737b_2023-05,0.06630859573101629
e60b65_2014-03,0.0065939833956601334
8fabe0_2023-12,0.9967871076283983
8fabe0_2018-05,0.052499816414396154
1822ea_2022-12,0.985128559948626
8005b9_2023-02,0.42192363842034963
bf6f0d_2018-06,0.016022598395300944
bf6f0d_2019-05,0.2695738338519151
7a007d_2024-03,0.14457046940000856
022433_2024-09,0.11589942716126982
3a13b3_2017-06,0.12811947753619032
3a13b3_2019-01,0.9528152434185423
531356_2024-06,0.914014695345524
e2314a_2016-02,0.0014123547313903513
6838b9_2020-07,0.3920585102327925
0ffc2d_2023-07,0.1816420032115334
f4d28d_2024-12,0.0064724143777587905
4fb2d3_2020-01,0.9725994842769429
4fb2d3_2020-12,0.8943908174967894
e427f8_2025-01,0.0856828348042695
9befc8_2016-08,0.006402130169028424
9f1aa0_2020-12,0.16876562986889793
780a0b_2015-02,0.0008885775935108371
0f9e86_2023-08,0.2236231782685132
af81b0_2023-06,0.47022556373230107
0ffc2d_2025-07,0.9215974969790091
6f5e2b_2023-06,0.9299613266220941
db4cd8_2014-09,0.003998946966576929
db4cd8_2024-11,0.9397968102424392
d59611_2024-05,0.8205493284782327
8005b9_2023-11,0.9674774981674892
b08ec1_2015-04,0.03151237200099447
dbb709_2025-01,0.16910833529277436
29849f_2016-08,0.008797093080457879
06534f_2019-10,0.9117623874851636
3a13b3_2018-04,0.34659018980326256
e2314a_2021-12,0.9423104395632916
e2314a_2023-07,0.9400807910098343
e83244_2021-09,0.9868731617885441
a42d13_2018-05,0.052615136955276656
375f2e_2020-06,0.960049957526592
302d40_2024-11,0.508806827966971
780a0b_2021-03,0.9430591342096512
0f9e86_2019-03,0.1985513698117189
7199cf_2024-02,0.01710862571801054
4718d7_2023-12,0.995394895998478
e60b65_2024-11,0.9051638037275516
5a0174_2014-08,0.0036217032362209143
1822ea_2020-09,0.9938296684950596
1822ea_2024-03,0.988118378582727
14fe3a_2018-03,0.09821705626989911
d59611_2021-04,0.9655527216177361
af81b0_2023-01,0.6619148985825734
29849f_2017-04,0.09313234133409276
3a13b3_2017-02,0.16339564041467597
3a13b3_2024-02,0.8343215590493999
e2314a_2016-08,0.0032652581527718026
e83244_2015-03,0.0033642632671673374
532867_2025-04,0.005083663670500127
987bc1_2025-08,0.823399324951885
8e41cf_2024-09,0.9162202894853324
11f0e3_2016-06,0.0054599691122056305
a97df3_2024-08,0.8735270472045825
9befc8_2017-06,0.11901176892540524
8fb6f0_2021-12,0.1632975421317064
6224d0_2023-05,0.4554706956050233
6224d0_2023-09,0.5976105197717696
532867_2024-12,0.0038073692611649787
8005b9_2020-05,0.9709850023517307
af81b0_2025-01,0.9031430784813209
29849f_2018-02,0.07182362498846376
c580aa_2025-05,0.9970496279443483
531356_2025-02,0.938265790711218
e2314a_2016-07,0.0029824018652286977
e2314a_2016-12,0.019865500352219276
e2314a_2018-10,0.05081237992958745
e83244_2021-05,0.9900810415473368
e60b65_2022-08,0.9613112574161952
4ee2d2_2024-02,0.015368101985231041
424c1b_2025-02,0.009200041462735065
4fb2d3_2015-01,0.002777235783440029
8bd3ce_2025-06,0.9683417999467461
4718d7_2019-09,0.8537878631336312
bc4c03_2022-06,0.7464916827601035
259a19_2019-04,0.9029442163551398
259a19_2020-09,0.9635891605082384
259a19_2023-10,0.9937179692002936
6838b9_2021-10,0.2383305060589225
f25ffe_2024-02,0.014808342098786922
d59611_2014-12,0.0036749945671634746
90abb1_2014-06,0.029795110020684353
34889b_2024-08,0.9595566503714169
fc77d0_2019-08,0.3576259406990559
7a007d_2018-11,0.19786229688417328
06534f_2019-04,0.748332424999549
531356_2020-09,0.9791972457690751
531356_2023-04,0.37360537489863493
90abb1_2025-01,0.9967265237646121
4fb2d3_2020-08,0.45779118858051165
11f0e3_2016-09,0.15780284605566058
11f0e3_2022-05,0.5385091338341952
bfbeef_2024-02,0.6865702794255362
0f9e86_2019-02,0.16327436291668587
90abb1_2023-11,0.9406460394975328
1822ea_2022-08,0.9435972778537282
b08ec1_2020-03,0.9845061030240282
b08ec1_2021-08,0.9703580055757008
4fb2d3_2019-05,0.22985240548312952
06534f_2020-03,0.996986249448735
3a13b3_2024-01,0.885998491374588
b73bc7_2015-03,0.024206218662891014
531356_2020-01,0.6352039770100284
531356_2024-12,0.9915635962272112
e2314a_2016-05,0.0021511912499736184
e2314a_2021-10,0.9853502433249858
6224d0_2017-04,0.017901289204738876
e60b65_2024-06,0.47456920278267645
a25664_2022-03,0.9742947870815427
a42d13_2014-03,0.005149717241470574
1822ea_2025-04,0.9877700022710385
375f2e_2020-09,0.9426641971377925
9af74c_2023-06,0.9004458040225249
987bc1_2015-03,0.0035669198679901923
11f0e3_2021-05,0.16445735842198614
11f0e3_2021-11,0.23258342536930937
d86999_2017-05,0.19321593523097783
b26809_2024-10,0.8689367586168182
dbb709_2022-12,0.0015489602309611628
fb737b_2021-12,0.151684299145703
6f5e2b_2025-03,0.9826026983543238
259a19_2024-04,0.8835087385016792
b416b1_2020-03,0.9587883794735446
77b3b9_2023-05,0.8459949419049296
90abb1_2022-08,0.9165663921482765
34889b_2022-12,0.8268885707625621
8005b9_2023-05,0.9982537487629795
265164_2023-08,0.005352648084012395
9af74c_2022-12,0.9773452449046431
9af74c_2024-05,0.97459206979442
7a007d_2019-05,0.1438696692502026
06534f_2020-02,0.9417101615005584
3a13b3_2017-03,0.16055745172298874
b73bc7_2014-10,0.02348619808004009
531356_2023-08,0.6077981566888535
e60b65_2022-11,0.9587406500184654
e60b65_2025-01,0.9933021269177665
6838b9_2023-03,0.9817422509511944
a42d13_2015-01,0.00205538406264763
4fb2d3_2020-02,0.84020639284222
11f0e3_2019-10,0.33058853215596357
e427f8_2022-10,0.0024422025105710695
e427f8_2024-02,0.10285022970517638
9befc8_2020-11,0.9165453689741514
780a0b_2014-09,0.00527662568999908
8fb6f0_2024-10,0.637177981101487
dbb709_2025-03,0.6400220612849293
29849f_2025-04,0.921848270086728
0e8d73_2023-12,0.0019301346591323214
1996b0_2025-04,0.3814506211873821
b416b1_2021-03,0.9800753819963313
b416b1_2022-04,0.3906994278992809
a42d13_2023-11,0.9511946935228578
db4cd8_2023-09,0.8672133619965634
1698cf_2023-07,0.9086058426676634
34889b_2024-04,0.99557032822034
8005b9_2022-11,0.1906321875907597
987bc1_2024-05,0.9216279050930718
545d15_2020-05,0.007644112143234632
06534f_2022-10,0.9979103345310468
f4604d_2024-10,0.9537326174034384
e2314a_2020-08,0.9475687505449547
6224d0_2021-12,0.9596831139273333
6224d0_2022-07,0.6593473944394095
fb737b_2021-07,0.007242317023891619
a25664_2021-09,0.7804655695309354
a42d13_2025-04,0.9604962819806422
90abb1_2024-12,0.9553320337753476
0ffc2d_2019-04,0.006129020965970608
fc77d0_2022-08,0.4354479017885586
f4d28d_2025-06,0.01166016065231398
b26809_2025-08,0.7423025734969234
e60b65_2024-09,0.5328796845583835
f461d4_2019-04,0.8464409462265893
1698cf_2023-12,0.9966511170440009
d59611_2023-06,0.805047493679534
90abb1_2014-09,0.015700846266458585
1822ea_2021-05,0.9965297775208631
b08ec1_2019-10,0.9310883715952651
92dcdd_2023-10,0.613394693362654
c580aa_2024-06,0.9851406324030464
b1de95_2014-11,0.019813383376077326
06534f_2023-02,0.9742342156787319
3a13b3_2018-12,0.7507790175456819
e2314a_2023-06,0.671279553464214
a25664_2020-10,0.8125402398491516
265164_2024-05,0.005259817546478129
4fb2d3_2015-04,0.02785460811156649
d86999_2016-02,0.010213509482328775
e427f8_2024-07,0.2499814462940527
dc4b5e_2025-06,0.9012078108448976
f4604d_2016-06,0.0018940586861508622
175155_2018-12,0.21824286116959252
90abb1_2021-07,0.8376251317440032
b08ec1_2023-12,0.8208078716662817
92dcdd_2020-02,0.0010877328741626246
29849f_2019-05,0.157133342568692
f4604d_2018-05,0.02642580172440527
e2314a_2022-07,0.9309239124566488
e83244_2022-02,0.8840179420217368
e60b65_2021-11,0.9588032939243192
77b3b9_2019-11,0.9559683083613743
987bc1_2020-11,0.8485093442077193
4fb2d3_2021-08,0.9726888396843092
731908_2025-05,0.951053084009981
bfbeef_2022-07,0.5429326819424339
9befc8_2019-12,0.15688054969759946
8fb6f0_2018-01,0.011011807646357489
5a0174_2023-12,0.9870397598887483
259a19_2018-02,0.028877599026102138
6838b9_2023-09,0.9151642482068392
90abb1_2014-08,0.017103595324229535
bf6f0d_2018-05,0.012026339426895327
302d40_2025-08,0.3165194197957688
f4604d_2018-06,0.03608270585804793
e2314a_2017-07,0.17582130757579223
e2314a_2019-08,0.9306623993487114
6224d0_2022-09,0.28462648385921785
a25664_2020-07,0.9858207650868429
a25664_2022-05,0.9609211144003416
90abb1_2021-12,0.9803167475196526
90abb1_2023-02,0.9352817248640978
fc77d0_2017-08,0.19341826850079655
987bc1_2023-06,0.80812696870749
8fb6f0_2015-07,0.0047053514202239815
b416b1_2014-11,0.003913983685306925
f461d4_2020-10,0.9332975179870548
bc4c03_2023-04,0.9120223487764908
6838b9_2023-10,0.8809177563473011
db4cd8_2022-02,0.9662701961716624
77b3b9_2014-12,0.014849408965219104
1822ea_2021-07,0.9769963004435918
375f2e_2023-04,0.6936488674853943
9af74c_2014-06,0.008371653846936826
bf6f0d_2019-07,0.6649762951059515
af81b0_2016-05,0.021839904551762348
3db670_2018-06,0.48430677872932193
e60b65_2022-04,0.9662993484475647
6f5e2b_2022-07,0.7922365989863529
a25664_2021-08,0.9426033303920058
a25664_2025-07,0.9402649344707943
a42d13_2024-01,0.9957009976650565
f25ffe_2024-08,0.004697846260487807
9af74c_2021-10,0.9755266401708751
b26809_2023-10,0.8472943354073315
9befc8_2024-08,0.5323262851579132
8bd3ce_2023-02,0.8564805317768073
0f9e86_2019-05,0.6738714649159016
531356_2024-01,0.8312243951718309
4718d7_2025-07,0.9707511274835937
fb737b_2025-03,0.3253205889608478
5a0174_2022-09,0.5981989067545178
5a0174_2022-11,0.9418841217643296
b416b1_2025-02,0.9802043173037751
f461d4_2014-07,0.00847205708697449
6838b9_2023-01,0.9837029455101933
6838b9_2023-08,0.993186431020472
1698cf_2025-06,0.8059373691848769
d59611_2024-01,0.9817111376683714
34889b_2015-01,0.006274884346301958
34889b_2020-03,0.9672601695794344
34889b_2022-06,0.5718724193030894
8005b9_2019-04,0.1566798811298852
8005b9_2022-10,0.2917610925585601
8005b9_2024-11,0.9464957180841858
375f2e_2022-07,0.6748710979605077
92dcdd_2025-01,0.9965311421451326
06534f_2020-01,0.921922446229053
b73bc7_2014-12,0.01209603163682677
5a0174_2023-10,0.9922992727474756
bc4c03_2014-12,0.011996764168242446
fc77d0_2015-08,0.0029081833184118524
987bc1_2024-01,0.9981567498092053
731908_2019-01,0.31200378708688326
11f0e3_2017-06,0.29319773042307545
9befc8_2016-06,0.005723547588131662
fc9334_2023-03,0.739471877313828
8fb6f0_2021-02,0.2235499376411224
dbb709_2022-10,0.001951004987177541
0f9e86_2021-11,0.7101882993835867
8fabe0_2023-08,0.918679557382881
0e8d73_2025-02,0.062363682884707464
f461d4_2014-06,0.0032327068190788205
1698cf_2015-03,0.006715495944056956
14fe3a_2025-03,0.9777653040660418
8005b9_2024-12,0.9610597273164359
545d15_2020-07,0.0032910661675496396
c580aa_2014-08,0.014363189482625282
022433_2024-04,0.06952422801020154
b73bc7_2025-07,0.9827111300189287
e83244_2019-12,0.9722634284740745
e83244_2021-10,0.9841218593500403
e60b65_2018-10,0.42791833479879726
e60b65_2023-04,0.45236455041809787
4ee2d2_2024-10,0.0034649739803550655
175155_2016-09,0.11703801968297252
f461d4_2024-07,0.8225785019400333
a42d13_2025-01,0.9951369159896809
1698cf_2024-01,0.9936593936420226
fc77d0_2025-04,0.9458691563927564
4fb2d3_2018-10,0.2861389155833673
d86999_2016-01,0.0067722941172496135
b26809_2024-05,0.9806888846292844
b26809_2024-11,0.953693794007401
a97df3_2023-11,0.6563631482107621
9befc8_2023-09,0.2920357419193551
0f9e86_2023-10,0.846938240150081
9cf1af_2024-06,0.18923146819675507
8e41cf_2022-11,0.6020676670183921
7199cf_2024-05,0.017707391525049788
6224d0_2023-12,0.994064214688565
fb737b_2020-02,0.004874607375858029
8fabe0_2015-02,0.007375544185548187
6838b9_2023-12,0.9769418778901948
b08ec1_2021-12,0.28040002648900925
265164_2024-10,0.005437668933915779
4fb2d3_2025-04,0.8625328518559127
af81b0_2024-03,0.7124443420362302
06534f_2019-11,0.8864337837506523
531356_2023-11,0.8260920064326651
e2314a_2015-12,0.0013090141396492466
e83244_2016-06,0.004112926311359259
e83244_2017-08,0.18771174635332208
77b3b9_2017-04,0.06580977066944485
e427f8_2024-08,0.18618149018401592
9cf1af_2025-08,0.2145397725694797
f25ffe_2024-05,0.007396473790857293
8fabe0_2024-05,0.9607856497243017
db4cd8_2018-02,0.02207288359016333
db4cd8_2025-02,0.8740032393385206
1698cf_2020-03,0.9786640564236995
77b3b9_2025-02,0.9082610873292156
d59611_2017-02,0.06159533601073187
d59611_2024-06,0.7588379692886644
8005b9_2023-12,0.9517231611812599
b08ec1_2014-11,0.012839265925015036
545d15_2019-03,0.004558234383943618
06534f_2016-12,0.17444648471201823
f4604d_2024-09,0.9766386686084606
531356_2019-05,0.21621584937793423
531356_2019-10,0.4946548621559083
6224d0_2021-04,0.9821080938227985
e60b65_2025-04,0.929020748335212
375f2e_2025-07,0.9472018324149574
9af74c_2018-04,0.02334151416683444
11f0e3_2017-07,0.47104623667959744
e427f8_2025-07,0.5467316513755679
9befc8_2017-01,0.0688937570473831
dbb709_2024-05,0.11036776227350785
8bd3ce_2023-10,0.7002072154261091
0f9e86_2025-07,0.8589447706543675
5a0174_2023-03,0.9586433921420017
175155_2015-04,0.026885099111339808
d59611_2021-06,0.9597902876516964
8005b9_2019-05,0.30573434110697345
92dcdd_2019-05,0.000876449448454874
af81b0_2014-11,0.004748635533112769
29849f_2023-10,0.9443561417526372
06534f_2023-03,0.9940327932518191
db5006_2023-06,0.6777790740146664
e60b65_2020-11,0.9510919803100697
a25664_2022-10,0.975700963952997
77b3b9_2020-01,0.7467914193427514
77b3b9_2020-02,0.9104075479396829
92dcdd_2023-08,0.758035178726506
731908_2021-03,0.4026959756386554
d86999_2022-01,0.5853616860797238
780a0b_2021-05,0.6969265766861644
a25664_2024-02,0.9903465395931592
0e8d73_2024-07,0.0029762954506269102
e60b65_2025-03,0.9803957996356292
0874ee_2021-09,0.18671186530280703
8fabe0_2022-07,0.8409810484759562
1698cf_2022-07,0.9802270059496856
d59611_2018-03,0.10829471875025393
d59611_2021-09,0.9630787188765337
34889b_2014-08,0.00772098926273938
3db670_2019-03,0.7849143704066742
3db670_2020-01,0.9300431251545649
06534f_2024-06,0.9204892102030935
b73bc7_2024-08,0.9802180347690506
e83244_2019-03,0.5327155448069147
6224d0_2022-05,0.9853779408506537
4718d7_2024-02,0.9465260907581148
f4d28d_2025-03,0.02101540883366408
9befc8_2014-11,0.00165174184238916
9befc8_2023-04,0.4231986809220496
780a0b_2025-08,0.5211943722363164
fc9334_2025-01,0.9175221711107259
6224d0_2023-04,0.4074917664013077
fb737b_2021-01,0.003915195125790413
b416b1_2020-09,0.9723734408861454
f461d4_2025-07,0.9751178972536497
f461d4_2025-09,0.9630623630127778
6838b9_2024-09,0.664499463845738
8005b9_2019-10,0.45384987067800225
7a007d_2019-02,0.3387517807205586
7a007d_2019-04,0.16502430132381693
3a13b3_2017-05,0.12094835753285983
e2314a_2021-03,0.9797738541458345
fb737b_2023-09,0.10039138814040938
1822ea_2024-08,0.9256459558776368
4fb2d3_2019-09,0.3789403543527062
4fb2d3_2024-01,0.9980164267229399
731908_2025-02,0.7317794872557066
d86999_2020-02,0.9375928847553179
9befc8_2018-11,0.04999437326772279
9f1aa0_2019-07,0.13640117078181688
0f9e86_2018-01,0.07967421440559622
0f9e86_2021-05,0.45009269199365676
0f9e86_2021-09,0.17373565436671157
8fabe0_2022-11,0.8790339290839774
6f5e2b_2014-09,0.005587935671310236
a42d13_2024-06,0.7168870264121673
a42d13_2024-04,0.6737067332941123
77b3b9_2022-06,0.5457362805090001
d59611_2023-07,0.9149233759018757
90abb1_2019-05,0.6190883404441432
b08ec1_2024-03,0.9778836984684572
375f2e_2024-10,0.9946685550367614
375f2e_2025-05,0.9641072938070809
92dcdd_2020-03,0.0007460554043960655
af81b0_2014-10,0.0031935938524500153
545d15_2019-10,0.002025775090566468
29849f_2023-12,0.6255332924295459
b1de95_2017-02,0.2921581350570334
b73bc7_2025-06,0.916440226168244
e83244_2018-09,0.04420477988086595
8fabe0_2023-01,0.9702551889721076
90abb1_2023-07,0.9046070771549505
375f2e_2019-02,0.016535636114022586
9af74c_2018-05,0.023214483810659815
11f0e3_2024-04,0.5816093797543745
d86999_2017-11,0.147768581707004
9befc8_2024-03,0.5768673605602284
780a0b_2016-10,0.03211488614120128
b416b1_2024-10,0.9600525136343401
f461d4_2025-04,0.938226430787047
bc4c03_2023-05,0.8871983739599842
db4cd8_2023-08,0.9711518207447177
b416b1_2020-04,0.9586529547904148
90abb1_2022-09,0.9229894370222539
1822ea_2023-03,0.9792820852712504
8005b9_2022-12,0.6689352562115738
8005b9_2024-06,0.9910687633092852
375f2e_2022-09,0.699760637655145
2167be_2025-08,0.024953704795548027
545d15_2018-11,0.002891652226758301
c580aa_2023-09,0.9024056126173906
06534f_2024-02,0.9915375635175182
b73bc7_2020-03,0.9936636698557769
b73bc7_2024-09,0.9864468437765018
e2314a_2018-08,0.3596368698786086
e2314a_2022-09,0.9937989762766243
8fabe0_2024-09,0.9803294439242002
bc4c03_2023-02,0.8621631002449552
259a19_2022-10,0.9153939870270598
a25664_2015-05,0.014050940297318036
375f2e_2020-01,0.9730393027716338
375f2e_2022-02,0.9958401577031952
9af74c_2022-03,0.9971245418812914
92dcdd_2022-04,0.05201780339559168
b26809_2022-09,0.3829653797696692
b26809_2024-03,0.9171687257600217
a97df3_2025-01,0.8610955743188475
780a0b_2016-06,0.001969127815800133
dbb709_2023-09,0.0067277000492125755
3a13b3_2019-02,0.8575364593975079
9befc8_2017-11,0.1919012671706711
8fb6f0_2016-03,0.028736516567804713
8fb6f0_2025-04,0.6972856926727686
780a0b_2022-10,0.4789245248218423
b26809_2020-04,0.9843129417949606
e7a56d_2022-12,0.5649038416439495
731908_2023-05,0.519696897655279
bfbeef_2019-01,0.02784906586786016
d86999_2019-09,0.9247988745350091
b26809_2014-09,0.006019634560962644
edda84_2025-06,0.0553720480867624
780a0b_2024-11,0.6240947102534883
8bd3ce_2017-02,0.019556719153457146
18defd_2024-08,0.8684138781476985
fc9334_2017-06,0.03351812807872345
8e41cf_2015-02,0.002736450220561443
b26809_2021-07,0.1641141141623462
c48018_2024-01,0.4708032326669706
8fb6f0_2017-07,0.05768553558384483
bfbeef_2017-03,0.25636634920858137
b26809_2017-04,0.014271534425061426
b26809_2018-06,0.045529694612969795
b26809_2018-12,0.3067245437961397
18defd_2018-04,0.05444289867487267
dc4b5e_2023-07,0.46502048982391
b26809_2015-01,0.0018653023309499802
e7a56d_2014-11,0.030288756654196218
780a0b_2021-06,0.5289374309652809
bfbeef_2024-08,0.6922662196338892
8e41cf_2019-08,0.3426074271169307
8e41cf_2020-11,0.9334753814357989
731908_2022-01,0.23608649790790032
0874ee_2019-10,0.31715185090395165
780a0b_2019-03,0.2309018715258305
bfbeef_2020-07,0.7003558961363484
8bd3ce_2016-11,0.002467501510709921
b26809_2016-01,0.001943637723163121
18defd_2023-03,0.0896002807163639
c48018_2020-01,0.8145833460070481
dc4b5e_2022-10,0.0480801604840912
b26809_2023-04,0.5486065996604403
e7a56d_2024-08,0.9552559576269968
8bd3ce_2018-10,0.023941388738916596
8bd3ce_2020-07,0.9088828977120428
8e41cf_2014-11,0.006454691970029517
77e86b_2024-12,0.8285710256199963
8bd3ce_2017-10,0.02757763303520523
8e41cf_2015-11,0.002258471075201028
b26809_2017-03,0.04791803756540127
c48018_2023-06,0.2099100366789099
fc9334_2024-07,0.7845568777540514
8bd3ce_2020-08,0.8851102043293235
a97df3_2023-03,0.028453005326898307
bfbeef_2017-07,0.5621424719826368
8bd3ce_2015-11,0.006085803605548661
8e41cf_2016-12,0.021646101338734652
b26809_2014-11,0.0033455539267269333
b26809_2019-12,0.710992027811021
c48018_2024-04,0.651412859473099
bfbeef_2020-09,0.7718729089226369
bfbeef_2020-12,0.49910920502338574
8bd3ce_2019-09,0.25314767460390936
9befc8_2023-10,0.6050782404482774
8bd3ce_2017-11,0.024586815941008686
8e41cf_2017-09,0.09901891158820769
18defd_2023-07,0.4494445093052095
8bd3ce_2015-12,0.0017629550402155495
731908_2015-10,0.0034525136238931207
bfbeef_2025-08,0.869354011249659
780a0b_2021-08,0.2426211187922583
8bd3ce_2015-05,0.004265389705603294
8bd3ce_2023-01,0.698879256775993
731908_2025-03,0.7601997538921361
b26809_2014-05,0.004947964259605991
18defd_2018-06,0.02511021573106299
b26809_2015-06,0.004516241097028097
8e41cf_2015-10,0.007091973956703442
bfbeef_2019-05,0.25591757355116507
fc9334_2014-11,0.002790425619377984
fc9334_2016-02,0.0024578614982119574
8e41cf_2016-04,0.004066718799116709
8e41cf_2018-12,0.020599401716387897
780a0b_2018-03,0.053652562581148575
8fb6f0_2017-03,0.036735344311734835
fc9334_2017-07,0.03452810970607102
bfbeef_2025-03,0.7386015037909697
fc9334_2014-12,0.0013443246393438411
8bd3ce_2020-09,0.6532577598475998
9befc8_2023-07,0.15252644397618742
11f0e3_2023-09,0.26800172892342317
b26809_2018-07,0.0743269006261833
8fb6f0_2022-11,0.2167895397828377
b26809_2014-10,0.004616345439822765
b26809_2018-11,0.21387615584724357
8e41cf_2018-08,0.09538739637662903
8e41cf_2019-05,0.27085576649376925
fc9334_2015-07,0.0035876003757613862
bfbeef_2018-08,0.32925299873577935
bfbeef_2019-09,0.4199519205093908
fc9334_2019-10,0.5167694891013803
9af74c_2014-07,0.010544473671904109
77b3b9_2014-06,0.021181136113809337
948a11_2025-05,0.2369786886127445
f500c5_2015-05,0.004607109307350386
bf6f0d_2017-01,0.049557249737072234
bf6f0d_2021-09,0.12152632759058718
b644ac_2024-10,0.03454445251183532
b644ac_2025-07,0.02994242988538696
bc4c03_2018-02,0.03047029913054101
b644ac_2025-04,0.03223130542798739
4718d7_2014-08,0.0034605642638092004
bc4c03_2014-07,0.023131497795086015
6c1954_2020-02,0.004211078477543647
77c35f_2025-04,0.07080169222736203
9f1aa0_2018-04,0.09942531262544288
9af74c_2017-06,0.04943132718305227
6c1954_2022-10,0.0632989325424408
fa8553_2021-11,0.014826412816667566
f1543b_2017-04,0.07024589010250673
f500c5_2024-03,0.3538939514851579
429b22_2025-07,0.005516315220263586
fa8553_2023-01,0.027695495627118306
14fe3a_2018-12,0.06026228086086179
fb34b4_2023-08,0.00292034154424581
edda84_2025-05,0.006924044183242391
f500c5_2021-07,0.940059409906417
77c35f_2023-10,0.007314948772644667
513080_2025-05,0.2636438166326553
b644ac_2024-08,0.030813440642210584
8fabe0_2020-10,0.9668485965739969
db4cd8_2020-07,0.9713276927613682
1822ea_2018-06,0.023748391504727313
bc4c03_2019-12,0.9572633739170199
9f1aa0_2024-09,0.5849602251014422
bf6f0d_2025-01,0.9328391624275625
6c1954_2022-09,0.04498436704252918
bf6f0d_2014-10,0.007217760097885412
6c1954_2022-03,0.05778167939940869
9f1aa0_2022-01,0.10152972809514421
bf6f0d_2023-07,0.7525482106007889
948a11_2023-08,0.0038385786831388207
f500c5_2021-10,0.7719015009690998
510fbf_2025-01,0.19033896795269517
14fe3a_2016-08,0.3014448239227459
259a19_2025-03,0.9803149364265036
1822ea_2018-05,0.04573783804416614
fb34b4_2024-10,0.06650646986733007
fc77d0_2014-09,0.0040431691094032106
9f1aa0_2021-04,0.25423898405734013
f1543b_2017-02,0.026118102565961268
531356_2015-10,0.0020433884995121436
510fbf_2022-05,0.014069140120876063
d59611_2017-01,0.13038256683691782
6c1954_2025-03,0.9442386495206102
fb34b4_2024-06,0.1208311900139363
948a11_2023-06,0.002164362642015435
9f1aa0_2022-09,0.4878355817793626
6c1954_2025-08,0.8186984257806648
fb34b4_2024-08,0.07418281689493135
fa8553_2023-07,0.20738356567327423
510fbf_2023-01,0.0031604725724139787
d59611_2019-10,0.4323938582935047
bf6f0d_2016-06,0.16471590508811956
f500c5_2018-04,0.09905738225900985
9f1aa0_2020-10,0.19788306600906333
db4cd8_2021-10,0.9525814828761193
f461d4_2021-09,0.9651063919045024
9f1aa0_2017-08,0.2628561448143057
9f1aa0_2018-08,0.4604459745390216
1698cf_2015-07,0.008002589810972481
6f5e2b_2014-11,0.00872985909290985
9f1aa0_2014-05,0.002837294511744994
9f1aa0_2014-10,0.0076658457181194885
fa8553_2022-03,0.007082626949180665
259a19_2019-10,0.5304869567839157
f500c5_2020-08,0.6529657970072883
6c1954_2025-04,0.9417376152151662
9f1aa0_2023-01,0.6538578199944504
1698cf_2016-09,0.004191493175728766
4718d7_2016-11,0.12812532070199123
b07578_2024-07,0.11381715600825786
b644ac_2025-02,0.02259421638347014
6838b9_2021-06,0.2688017585006272
7bf5c9_2020-03,0.3015451543511159
f1543b_2022-03,0.848051519727242
9f1aa0_2014-08,0.0087309878224468
fa8553_2024-04,0.37168255931733885
f500c5_2015-12,0.05109571276575768
bf6f0d_2025-06,0.8106320971336892
fa8553_2025-06,0.28511339285182097
b07578_2024-08,0.05773044047642281
259a19_2024-08,0.9135487111873853
9f1aa0_2014-06,0.006704173225739215
302d40_2022-10,0.005148210834721685
5a0174_2018-01,0.009759973984812717
9f1aa0_2020-05,0.7945022311202987
510fbf_2024-06,0.1459701517869134
d59611_2017-04,0.12128162051002686
1698cf_2016-08,0.0012422575093266786
731908_2016-06,0.003307391708561017
bfbeef_2023-04,0.9872890641566289
11f0e3_2018-05,0.14122279294041826
780a0b_2019-02,0.3218958127050392
1822ea_2015-07,0.014062066401757693
e361b7_2015-11,0.00191183358987421
11f0e3_2016-04,0.0034317566733840323
bfbeef_2018-02,0.1543849082650715
0cecbd_2023-11,0.7781259399363191
9befc8_2016-04,0.002242008957147966
1822ea_2022-02,0.9930449425496619
9befc8_2017-04,0.10687606713008604
0cecbd_2019-11,0.59058429703962
9befc8_2017-08,0.15314316515682203
db4cd8_2015-08,0.0006163898476323768
bfbeef_2016-12,0.249289369104424
0cecbd_2023-08,0.6279636296266276
9f1aa0_2023-05,0.4751674383986703
0cecbd_2020-02,0.45517757645905804
bfbeef_2015-08,0.017606557489117842
bfbeef_2017-01,0.18598309872629049
0f9e86_2017-07,0.15679706655728728
9befc8_2019-04,0.17243962280863903
375f2e_2020-04,0.990263168436602
780a0b_2018-11,0.14437337869767955
fc77d0_2023-03,0.6589051329084573
3db670_2019-02,0.5336126941009813
3a13b3_2015-04,0.02918265654587124
987bc1_2021-12,0.976045881250214
e3af0e_2014-05,0.01846877496791488
829a72_2018-02,0.012315581818668002
8fb6f0_2020-01,0.9533121149204569
e3af0e_2014-07,0.007032760285120225
e3af0e_2016-11,0.05864940128586059
e3af0e_2017-04,0.08268266145065267
98a151_2014-08,0.003723882049414607
60a0fd_2014-10,0.001498318663674598
a97df3_2024-12,0.9906211394735148
e3af0e_2014-06,0.011864983219858724
60a0fd_2015-01,0.0029607917864735906
dbb709_2022-02,0.002843879923801108
dc4b5e_2019-06,0.00815706037275782
6c1954_2024-07,0.9687491996239155
a97df3_2022-11,0.023667099313256414
19fa84_2024-04,0.8786734522013064
1bdb97_2023-06,0.007183080999545554
cd0e60_2022-10,0.038058083266067286
e2e0ce_2023-11,0.7439148333130651
74fb1f_2025-02,0.7313422770520047
e3af0e_2025-07,0.7810019995908043
f500c5_2016-05,0.07265203388100429
e2e0ce_2019-04,0.1766967383661679
74fb1f_2022-08,0.17531937136399656
74fb1f_2024-01,0.9879778897789818
74fb1f_2024-04,0.9681407175121947
88a9a6_2023-12,0.669324315727529
98a151_2025-07,0.9892741716753939
e3af0e_2024-11,0.7390135153347713
948a11_2025-06,0.10802841409143833
293190_2021-12,0.1871309563726512
74fb1f_2021-01,0.9069453470054915
74fb1f_2022-10,0.9370558132150706
60a0fd_2025-06,0.8618312953553343
f500c5_2017-11,0.08117801580621094
90abb1_2015-09,0.004254144802468045
94f933_2025-07,0.07021282640330015
f500c5_2014-04,0.0017643514246859378
cd0e60_2022-09,0.06233996555604353
e2e0ce_2014-11,0.0053067238210513295
2ab8ad_2020-08,0.2635030039035314
88a9a6_2023-07,0.5915876163658522
88a9a6_2024-01,0.8752436651625447
f500c5_2023-02,0.2802070032096158
f500c5_2023-03,0.4850625796729079
92dcdd_2018-06,0.017971439321255903
60a0fd_2021-01,0.9323175146332463
e3af0e_2025-03,0.6589795565964672
e2e0ce_2014-12,0.011135678716670901
e2e0ce_2021-06,0.7040437114412522
e2e0ce_2021-11,0.9406753587455571
c5df88_2021-08,0.8021268429793176
9b46ed_2019-08,0.051949965561319845
829a72_2023-03,0.24725291151501727
293190_2021-08,0.5460853952923164
74fb1f_2019-01,0.07853963042157669
f500c5_2019-04,0.3848668945371229
f500c5_2020-10,0.6796710695825737
f461d4_2021-06,0.9901414063427456
293190_2015-01,0.011645373892051608
e2e0ce_2022-06,0.7069015404990647
c5df88_2020-03,0.38587792402873977
c5df88_2021-07,0.3978244811812766
88a9a6_2022-03,0.4875202139420674
9b46ed_2021-02,0.8186236699883827
829a72_2022-01,0.9111997281218513
7bf5c9_2023-12,0.18480631524576377
f500c5_2019-10,0.7250161789540623
88a9a6_2024-04,0.9085436468939679
e7a56d_2024-02,0.92008230002798
9b46ed_2020-09,0.9248951006443716
9b46ed_2025-01,0.962928738355893
60a0fd_2023-06,0.9894959928925683
293190_2024-01,0.938328310693146
c48018_2024-05,0.8011223843099564
7aa803_2014-11,0.00539684684557258
9b46ed_2024-08,0.9349253321250139
e3af0e_2022-12,0.7696638743952479
f500c5_2025-05,0.680454219591715
e2e0ce_2015-02,0.00710956884261631
e2e0ce_2022-09,0.7132997872843277
74fb1f_2022-01,0.8499529663997926
88a9a6_2022-08,0.662441912596312
9b46ed_2021-11,0.9123346105183403
e3af0e_2024-06,0.7602705580006628
1bdb97_2024-10,0.08821908008070128
bf6f0d_2022-09,0.2710404860036364
6224d0_2019-04,0.16241881647284392
293190_2020-01,0.46361578502039114
c5df88_2018-06,0.09354908326200491
74fb1f_2025-06,0.587857101100438
7aa803_2021-10,0.6928581590705758
88a9a6_2020-09,0.30216759865312803
88a9a6_2021-11,0.5455962738935392
9b46ed_2017-12,0.21129183439936103
829a72_2023-12,0.6755053872253826
7bf5c9_2021-11,0.986858470937036
f500c5_2023-05,0.6712521870709116
6f5e2b_2020-10,0.8946492951737088
a25664_2025-05,0.963428580637013
e2e0ce_2021-12,0.9639253705190605
c5df88_2021-06,0.18859176906254072
7aa803_2022-02,0.1754060026883846
88a9a6_2019-03,0.040937453356588216
9b46ed_2023-09,0.1357432048820894
829a72_2019-04,0.41532122803634514
829a72_2023-04,0.45557859612719404
e3af0e_2024-09,0.7907886298333889
88a9a6_2022-02,0.4133401097244303
98a151_2023-04,0.9680399999606163
2ab8ad_2023-12,0.6913893616993408
74fb1f_2022-09,0.13708283757883286
7aa803_2019-05,0.06128656594735953
9b46ed_2021-03,0.5498147059140063
db5006_2020-08,0.9389403889317595
7bf5c9_2014-09,0.002179291436748245
bf6f0d_2022-06,0.5178533448307103
2ab8ad_2019-01,0.10012151801305437
2ab8ad_2021-12,0.9836877266577255
7aa803_2022-08,0.29945270864390383
e3af0e_2019-02,0.2829600538925279
1bdb97_2025-07,0.04043112011794897
829a72_2024-12,0.8766679163197727
60a0fd_2024-07,0.7697185473380584
cd0e60_2022-07,0.03383455386679624
175155_2021-06,0.9936833801906251
e2e0ce_2024-03,0.7975485396076265
2ab8ad_2021-08,0.9815156416340952
74fb1f_2024-03,0.9565534941156792
90abb1_2015-08,0.003063988986428391
88a9a6_2018-01,0.0709114857985061
e3af0e_2023-02,0.6002414631367725
293190_2021-10,0.18963767597563397
2ab8ad_2024-07,0.9426711992925073
c5df88_2020-01,0.36275164070387744
9b46ed_2022-04,0.6086527016245835
1bdb97_2022-11,0.013971770160798416
b416b1_2025-07,0.9533509163468772
2ab8ad_2021-09,0.8657058592915132
88a9a6_2021-09,0.7854616379457525
98a151_2022-09,0.528674910872844
f500c5_2022-11,0.6705093947987316
175155_2017-10,0.22258324139419863
2ab8ad_2014-12,0.011516350725572432
7aa803_2019-02,0.06520917073566003
88a9a6_2014-11,0.015283335191149605
88a9a6_2014-12,0.01049465403203408
829a72_2019-05,0.3920581628806543
1698cf_2019-05,0.8849140030619919
db5006_2025-09,0.9890208551307862
1b9e65_2022-04,0.6120442206993519
4fb2d3_2023-01,0.9927131293121504
db5006_2021-05,0.9477683836169943
1b9e65_2019-02,0.05786084877609385
1b9e65_2023-11,0.5156864378238861
175155_2017-07,0.1480682476696897
022433_2021-12,0.0015085352885728593
c48018_2015-03,0.006947586783866495
90abb1_2017-08,0.11261050209183968
a42d13_2014-10,0.002482006123361861
db5006_2020-07,0.7935226378705614
b07578_2025-07,0.07799538299073948
db5006_2015-12,0.00523710054578024
022433_2021-11,0.0017644815625449419
022433_2022-01,0.0009847315678584172
259a19_2020-07,0.4683468869119353
db5006_2022-04,0.3352501510512111
db5006_2023-07,0.7954874238403642
db5006_2024-06,0.88806324196764
db5006_2023-04,0.5080513857315814
1b9e65_2019-12,0.6986345869629113
e7a56d_2024-12,0.9483268719367864
0ffc2d_2025-05,0.9717897530035049
db5006_2021-01,0.8971339530204059
db5006_2021-06,0.9640948011522272
1b9e65_2022-10,0.8828485484142963
e7a56d_2019-08,0.1908089778967335
4fb2d3_2020-09,0.9230774816153515
1698cf_2020-04,0.9723980703310616
7bf5c9_2023-01,0.5242442824258263
f461d4_2015-12,0.0020791724403404622
1b9e65_2014-11,0.02369535005805848
29849f_2022-12,0.6344923048109425
6f5e2b_2022-09,0.8597698875565798
f461d4_2015-09,0.0026035151574842342
a25664_2017-08,0.26144090622679755
db5006_2022-07,0.4487650197466488
5a0174_2015-10,0.003415176604929116
db5006_2019-09,0.4269062130984198
1b9e65_2015-03,0.004410123502712962
1b9e65_2017-08,0.260853712639383
3db670_2015-07,0.0033640744619679234
b08ec1_2018-01,0.09965072947725113
8fabe0_2020-11,0.9238633952608745
0ffc2d_2021-12,0.14727760175557464
f461d4_2018-02,0.05996832023834475
022433_2022-06,0.003837496763877001
1bdb97_2023-02,0.008875812260279687
bc4c03_2017-04,0.05314488657487724
db5006_2020-11,0.9432655671115315
175155_2017-08,0.11261435653318146
259a19_2025-01,0.9530314991300867
1b9e65_2015-02,0.0040652675257732895
3db670_2023-11,0.9609365888719245
1bdb97_2022-03,0.0029132405139854485
4718d7_2017-06,0.033394877637698224
fc77d0_2014-10,0.0015441885366160645
1bdb97_2021-09,0.008231438149129387
18defd_2019-07,0.6023752490927341
db5006_2015-04,0.0071115689175808815
db5006_2023-01,0.6415414005355325
f4604d_2019-05,0.28155230598851194
1b9e65_2018-02,0.04817320897249911
0ffc2d_2021-09,0.02659521008831259
18defd_2019-06,0.6821913301710424
5a0174_2024-11,0.9521654220995661
c48018_2019-02,0.20972613924058328
439fde_2014-10,0.013376370261052343
894378_2023-01,0.5322528252915214
fd589c_2021-07,0.5158635117828687
c580aa_2023-03,0.9926961476479106
429b22_2025-02,0.0033614103046782154
c5816f_2022-08,0.8794664110103261
8ec563_2024-10,0.8631951524923245
19fa84_2023-10,0.6168113728793844
439fde_2024-09,0.3235569505625949
c3a69f_2014-07,0.009982556975391844
8ec563_2021-10,0.49642495804256354
3db670_2023-03,0.992930950411939
c3a69f_2014-08,0.00453989452294595
1698cf_2022-02,0.9346733248842687
894378_2023-06,0.7896431852074445
c5816f_2022-01,0.7755937502824627
fd589c_2023-04,0.5985100168097658
6838b9_2024-04,0.9536226726267137
e4bc80_2020-12,0.8950851403515337
3db670_2017-04,0.8815679922021461
b73bc7_2024-07,0.9957305776037385
439fde_2018-04,0.03274056399783021
19fa84_2022-01,0.3760112575309324
e361b7_2021-02,0.19793199967390868
7bf5c9_2022-02,0.7722356429558261
c3a69f_2018-04,0.02023634828263101
fd589c_2021-09,0.20651108104379873
b73bc7_2018-06,0.928197774747998
7bf5c9_2023-09,0.6910152079928041
429b22_2025-04,0.0023634834016375817
c5816f_2023-02,0.757175551158817
19fa84_2024-02,0.8953695857469406
8ec563_2022-05,0.20380001440879664
894378_2023-05,0.7775292145787679
022433_2024-03,0.5333796129325201
fd589c_2020-03,0.9237318758313942
e4bc80_2023-11,0.809951433835584
c3a69f_2022-03,0.861388953386777
c580aa_2024-07,0.9968471345947498
439fde_2023-06,0.32027636290402267
e4bc80_2022-01,0.383014894530291
c3a69f_2021-10,0.8949134599393859
894378_2021-12,0.3769029563682712
8ec563_2021-01,0.5452144111213003
19fa84_2023-05,0.7398871753203146
e4bc80_2023-01,0.7734514722869273
c5816f_2021-04,0.9216137770574362
8ec563_2023-03,0.7908077696260877
8ec563_2023-11,0.8279191823512125
19fa84_2023-07,0.720894760203297
022433_2024-12,0.11857626696668645
439fde_2018-02,0.03705464099536076
e7a56d_2015-09,0.001967011580733096
8ec563_2024-03,0.8898163522753955
19fa84_2023-02,0.3183658876506451
b1de95_2024-02,0.985111756660753
894378_2024-07,0.6417123420054263
e361b7_2022-05,0.449271493308408
c3a69f_2015-03,0.005015761334602812
894378_2023-10,0.7966405489487423
8ec563_2020-02,0.5201372706230776
fd589c_2019-03,0.5330999541555403
c5816f_2021-06,0.8859398144393208
f1543b_2015-03,0.0011118938432534123
6f5e2b_2016-12,0.31084611151594727
894378_2020-03,0.9265336600446399
19fa84_2020-10,0.9000742404925117
f1543b_2015-02,0.0008957366399019382
f1543b_2018-01,0.042130246340490514
3db670_2021-10,0.9966315605597076
3a13b3_2019-11,0.9950310414546016
fd589c_2023-05,0.707842796890851
e361b7_2021-04,0.972466749963622
e361b7_2024-05,0.9430676928600825
c580aa_2014-11,0.016777196479976872
439fde_2023-10,0.32646191813983705
894378_2022-02,0.28599626222340946
894378_2023-09,0.7068756494677413
8ec563_2021-04,0.9653881967716638
8ec563_2023-08,0.5091833680353419
8ec563_2024-11,0.8632252991729183
e4bc80_2020-02,0.8057354700239168
259a19_2015-08,0.003325291246367444
74b7d1_2022-05,0.36388416993254696
d59611_2015-11,0.009554704505689094
4fb2d3_2016-02,0.0011808161970134519
74b7d1_2014-12,0.013304600816026404
14fe3a_2017-06,0.27043433661896193
74b7d1_2022-02,0.16129971191178247
74b7d1_2024-02,0.8140205814192278
77e86b_2024-01,0.8266985469921838
74b7d1_2015-01,0.008638721491763169
bf6f0d_2024-04,0.9047286064244162
259a19_2015-07,0.0037195321691178627
18defd_2015-09,0.003266867170451192
74b7d1_2022-04,0.35755879883420816
db4cd8_2015-11,0.0009509060634079148
cd0e60_2020-08,0.012865481929986222
7a007d_2015-10,0.0037256975348587385
d59611_2016-09,0.4927530285818272
db4cd8_2017-03,0.011867411625919195
77e86b_2023-03,0.051959291532825407
db4cd8_2015-10,0.0005438679344316129
7a007d_2015-11,0.0032604609234148352
98a151_2015-11,0.002818024370223456
cd0e60_2020-02,0.0010650749988582505
88a9a6_2019-09,0.04707050891617172
f1543b_2025-03,0.7329652542986534
f1543b_2022-12,0.19320700724121942
88a9a6_2022-05,0.6070202538397824
f1543b_2022-10,0.9102215200285235
f1543b_2024-11,0.7729404418453093
f1543b_2023-01,0.2097967718277082
293190_2022-06,0.441989233311875
74fb1f_2023-01,0.7314914628847392
7aa803_2019-03,0.11426496607573028
2ab8ad_2019-10,0.13448255027389405
c5df88_2020-04,0.6160602762848163
f1543b_2020-04,0.3351326923641773
9b46ed_2020-10,0.9497695350647277
f1543b_2014-08,0.00561360194648166
7aa803_2025-04,0.7176454462821131
c5df88_2017-02,0.1394209999422545
c5df88_2022-01,0.45737152153902894
88a9a6_2024-02,0.8267547850444902
f1543b_2016-03,0.00444596088057944
7aa803_2018-06,0.030618623428366572
9b46ed_2024-01,0.9950842755357311
74fb1f_2020-09,0.9409610135676097
f1543b_2021-06,0.8406335773663544
f1543b_2022-04,0.9266021622362826
7aa803_2014-08,0.008615624584306905
9b46ed_2024-02,0.9887299529632826
f1543b_2022-09,0.9701105320165213
74fb1f_2014-11,0.01868184858085809
f1543b_2020-12,0.3430604540671995
7aa803_2019-08,0.05992208462578732
c5df88_2020-02,0.610526555488589
7aa803_2023-02,0.2562725859052232
293190_2017-06,0.13475246460197382
f1543b_2018-03,0.07833643690108684
2ab8ad_2020-07,0.6841684213690645
74fb1f_2019-12,0.2637607529026831
f1543b_2017-11,0.02957419477859799
88a9a6_2020-01,0.28699776679904465
9b46ed_2020-11,0.9253696522588568
74b7d1_2018-01,0.01319801164336539
8005b9_2014-12,0.00460249576983806
b416b1_2018-08,0.11704790241025093
77e86b_2022-06,0.02537121797124464
94f933_2023-12,0.0019953487662098864
74b7d1_2018-03,0.007301585919874533
2ed4f9_2025-05,0.008251218723817812
77e86b_2019-03,0.19946304742000465
94f933_2024-10,0.0038312169369517997
bf6f0d_2023-01,0.9800517359323534
3db670_2023-01,0.9910005194598028
9f1aa0_2015-09,0.0073575566565026096
e83244_2020-04,0.9913036058171284
2ab8ad_2018-04,0.16941439663706387
e7a56d_2017-07,0.1259223778190431
e7a56d_2021-04,0.8507994570380121
e7a56d_2015-06,0.0029396798039258445
d86999_2024-09,0.7976805911153012
829a72_2019-01,0.35414467165297453
77e86b_2022-09,0.03867880210627181
6da35b_2023-03,0.008890083225482964
98a151_2019-01,0.3676082869128145
829a72_2021-11,0.7870216831709255
6da35b_2024-06,0.0043270527351002026
6da35b_2024-12,0.1027325469898151
74b7d1_2025-04,0.4876923366947526
77e86b_2022-03,0.031917993904799886
7e646c_2024-03,0.00431481633374225
829a72_2017-09,0.3121727258823132
829a72_2024-08,0.9701716756238549
98a151_2018-05,0.27354554133458164
829a72_2021-12,0.931350369574323
74b7d1_2014-10,0.06046466795747747
7e646c_2025-06,0.04316017180556222
7e646c_2023-01,0.010048060361302798
7e646c_2023-05,0.004768594287406576
ab32d7_2022-10,0.006656923599224604
e3af0e_2023-07,0.9029740114276943
7bf5c9_2016-11,0.040682318606698166
98a151_2021-07,0.9925953136056442
b1de95_2018-03,0.7976907837050301
cd0e60_2021-05,0.060912897817795825
74b7d1_2022-09,0.09500442765556864
98a151_2021-09,0.9902968530906197
e3af0e_2020-06,0.974062583743108
0874ee_2018-06,0.025454922102616306
4f2b6b_2023-12,0.006427837802615731
74b7d1_2019-08,0.739772044149703
829a72_2018-05,0.08723918723859338
6da35b_2022-12,0.005873501365768076
829a72_2024-01,0.7076664674016012
e3af0e_2017-12,0.16669736446303451
98a151_2017-08,0.3052069652784274
98a151_2020-12,0.9545714502028826
6da35b_2024-09,0.06484968144924759
77e86b_2019-11,0.38622531697559903
6da35b_2022-11,0.005022061031138096
60a0fd_2021-06,0.990215104228426
77e86b_2022-07,0.047794351669372195
6da35b_2022-09,0.02850181022973682
e3af0e_2019-08,0.5683087742924375
cd0e60_2022-03,0.2605047689414762
60a0fd_2023-04,0.9278371517006381
77e86b_2021-12,0.10202691387791528
74b7d1_2023-11,0.9223778159676556
77e86b_2015-08,0.003228194017391039
0cecbd_2015-10,0.0017922977135023878
c5df88_2015-11,0.002321211691561638
c580aa_2019-12,0.989239491853767
b59bc0_2025-02,0.9784505306329432
b0ff51_2020-10,0.9919465426124291
b59bc0_2014-08,0.022344040272621348
b59bc0_2020-02,0.9982075053254491
8d0588_2017-08,0.8359961712487406
b59bc0_2018-03,0.9534121055875333
77e86b_2018-12,0.16388062315333377
8d0588_2025-04,0.9896546358310525
b59bc0_2020-08,0.998600945793023
b59bc0_2024-10,0.9937831881761895
b0ff51_2025-08,0.9963825135098461
b0ff51_2021-03,0.9990215487774281
b59bc0_2020-04,0.9962578964705241
8d0588_2019-05,0.8759369392790277
b59bc0_2014-05,0.009656263370972196
b59bc0_2015-03,0.012267570111115319
b0ff51_2014-12,0.0280103126007724
b0ff51_2017-11,0.7700359659317051
0cecbd_2018-10,0.08119647808526734
b59bc0_2022-10,0.9778739673159988
8d0588_2017-09,0.8230062427469185
b0ff51_2018-02,0.4617429187631213
b59bc0_2022-05,0.9910835064113507
b59bc0_2025-01,0.9917996540186654
b0ff51_2022-06,0.9902622707274756
b0ff51_2023-04,0.9940900734664466
8d0588_2023-09,0.9397189408338272
b59bc0_2015-07,0.020768140541876343
b59bc0_2025-07,0.9850509072138642
b0ff51_2023-11,0.9650067967419492
b0ff51_2024-07,0.9954986513312587
b59bc0_2014-09,0.01661646579375583
b59bc0_2017-03,0.881095257504055
8d0588_2021-08,0.9982760837882287
b59bc0_2015-02,0.0162891608839771
b59bc0_2023-11,0.9806571214244819
b59bc0_2024-09,0.9949035922034579
8d0588_2019-02,0.9469223131329969
b0ff51_2017-07,0.8675747144010607
b59bc0_2019-03,0.9082863122751514
b59bc0_2021-12,0.9984211595043926
b59bc0_2022-11,0.9691884127423994
b0ff51_2015-03,0.018757916213690193
8d0588_2024-02,0.9758002490774663
b0ff51_2023-09,0.9563085582322384
8d0588_2024-04,0.9967238238978784
b59bc0_2024-11,0.9843242419034801
8005b9_2018-12,0.0313479023046968
7a007d_2017-08,0.2500074094719678
259a19_2024-12,0.9380669822946563
f461d4_2015-04,0.012237601766017186
14fe3a_2017-07,0.3701489839302926
b416b1_2024-12,0.9981014341437281
5a0174_2017-05,0.5954644209365735
545d15_2022-04,0.1382115754868928
545d15_2021-07,0.05344756436105649
74b7d1_2022-11,0.11207104851448867
ab32d7_2022-06,0.0083409418552108
439fde_2025-03,0.7924353229922699
ab32d7_2025-03,0.2012759629632044
5ecf9b_2025-01,0.11060089522206895
9b3bd5_2025-05,0.0031891543697727238
545d15_2024-11,0.9755007196870491
c580aa_2019-10,0.9903135185848373
545d15_2022-01,0.07179395144649156
c580aa_2018-08,0.9473308872307549
8b98f3_2022-03,0.0393072844696618
545d15_2025-06,0.9801328961064912
545d15_2022-10,0.3128978005614469
8b98f3_2024-12,0.10018445680278296
545d15_2022-08,0.23700955172139498
8b98f3_2022-05,0.005482426604636796
545d15_2024-03,0.9551696805357724
545d15_2025-02,0.9772435065434356
545d15_2022-05,0.13059393665381505
545d15_2023-09,0.9046472925345577
ab32d7_2024-09,0.14536136445997677
5ecf9b_2024-12,0.03374053034188612
74b7d1_2015-02,0.0072928163330159175
74b7d1_2021-07,0.8681333945422145
5ecf9b_2024-05,0.11826143261969069
ab32d7_2025-05,0.2939572861041367
8b98f3_2023-07,0.03017560643599035
5ecf9b_2023-01,0.012972803786259464
e361b7_2019-05,0.6304797461891434
5ecf9b_2024-06,0.10501317543810208
74b7d1_2024-06,0.7731472934333666
5ecf9b_2025-07,0.17214048528214418
8b98f3_2024-08,0.19584953893498735
74b7d1_2020-06,0.8284095034054137
1698cf_2016-05,0.004459416013329179
948a11_2024-04,0.3703803379976622
fb34b4_2025-02,0.498467558121827
fb737b_2021-03,0.001572998966483881
fc77d0_2017-04,0.35377019205363747
90abb1_2016-02,0.0041086465255010945
894378_2016-06,0.02201153582764334
8ec563_2017-04,0.23188776046884896
b73bc7_2015-06,0.00438185054503446
06534f_2022-05,0.9963310499083335
fd589c_2016-03,0.14658341238633577
06534f_2017-03,0.8375419585506193
3db670_2023-07,0.9980699899344115
e4bc80_2018-04,0.03838067778396799
8ec563_2017-01,0.1770844617195248
e4bc80_2021-05,0.9741970067588697
894378_2017-02,0.1710716080519182
b73bc7_2014-03,0.014057531233917925
fd589c_2015-02,0.011332852905884084
8ec563_2015-03,0.008067527266192042
8ec563_2022-04,0.26388375096459554
c580aa_2020-05,0.9921051088145456
3db670_2020-08,0.9946008849876076
e361b7_2018-01,0.11317635658292415
8ec563_2016-12,0.1707157554034877
06534f_2021-02,0.9927000255242379
8ec563_2018-10,0.7174808432863606
3a13b3_2023-08,0.99753953674749
894378_2015-02,0.0034341294187733855
8ec563_2016-09,0.11561293581031507
c580aa_2016-12,0.4546998284950479
e4bc80_2019-02,0.19386900153835582
3db670_2024-11,0.9930015765776102
3db670_2021-04,0.9277439880698984
b1de95_2024-04,0.9958687674110849
e361b7_2014-07,0.023789780008691218
e361b7_2014-09,0.008418948758512708
3a13b3_2016-07,0.09132611728131086
b73bc7_2016-01,0.003932817347624216
e4bc80_2022-05,0.45071951045421405
e4bc80_2022-10,0.7591684940284839
c5816f_2022-11,0.5785351708095754
19fa84_2015-02,0.009088592083305199
3a13b3_2025-07,0.9968856389603986
06534f_2015-04,0.031697632290719334
894378_2020-02,0.6485985684821781
894378_2023-12,0.7765212716628052
b73bc7_2021-10,0.9977915143409974
e361b7_2020-05,0.9864637970758566
3a13b3_2016-04,0.022380936277761086
06534f_2017-07,0.9357887428390458
fd589c_2016-04,0.1434831899737473
e361b7_2018-09,0.7873676634510945
c580aa_2024-02,0.9870373652789519
8ec563_2016-10,0.14631398053662473
06534f_2021-03,0.9937104833248381
e361b7_2014-10,0.0069615600940961765
c5816f_2017-04,0.38406510105733244
3db670_2016-06,0.0026220507489153407
c580aa_2016-11,0.43027394132391117
3db670_2015-06,0.008440363168779122
fd589c_2019-06,0.5924287885742067
c5816f_2015-01,0.010238741282820586
c5816f_2019-05,0.7039234621650287
3db670_2015-05,0.008294743362382357
19fa84_2022-10,0.6559470026625466
f4604d_2022-05,0.9695330945516897
c5816f_2014-03,0.0044038759857333454
90abb1_2016-01,0.006894197119813405
3a13b3_2024-08,0.9969050457893833
e4bc80_2020-11,0.6797931185482189
e4bc80_2024-05,0.9951191418531644
06534f_2017-06,0.8222142033731855
4f2b6b_2025-03,0.1504037353931001
8fabe0_2021-05,0.9828315053433668
19fa84_2019-12,0.8246262737645558
19fa84_2019-11,0.9074047121803387
6224d0_2015-12,0.0009348546172724779
439fde_2024-11,0.2847782552451526
db5006_2017-08,0.20539152828391627
c3a69f_2021-09,0.9501784586229748
e3af0e_2023-01,0.898842171258356
259a19_2018-11,0.900377209473916
7aa803_2017-02,0.024476742260695517
9b46ed_2019-12,0.2133848033812444
9b46ed_2015-10,0.0034691556393296927
92dcdd_2018-09,0.003694245316463109
0874ee_2017-06,0.2790778066814385
8fabe0_2020-06,0.979387672487491
1698cf_2025-02,0.9338057152623016
db4cd8_2018-09,0.5982719110440071
88a9a6_2018-04,0.10808463770027296
b1de95_2016-10,0.13525429347687623
b416b1_2021-01,0.9349199409500917
f4604d_2022-09,0.9661334296216347
293190_2016-12,0.05144555614815043
b1de95_2016-06,0.002915840139645702
88a9a6_2020-06,0.9486501869991366
b08ec1_2017-07,0.11999475817504861
b1de95_2016-09,0.06844943632083733
e2e0ce_2015-05,0.006866910396887702
74fb1f_2016-05,0.006379912295792686
8fabe0_2016-03,0.037623061887508316
293190_2018-04,0.1643789316551661
1698cf_2017-11,0.04663103701723437
fc77d0_2021-02,0.8805958400433432
b1de95_2017-09,0.549033285983845
b1de95_2017-07,0.3467865167741897
c48018_2021-07,0.6894154254366419
0874ee_2015-08,0.005696681931751405
18defd_2021-11,0.671567902378481
c48018_2017-08,0.07520590234474016
18defd_2017-07,0.11975098044561684
1822ea_2016-04,0.004131367326528026
7aa803_2020-11,0.9171321808708724
c48018_2017-11,0.04665894856816978
c48018_2021-09,0.7110436795922546
fc77d0_2017-05,0.5081435636567928
fc77d0_2020-06,0.9582283280780046
c48018_2022-10,0.6281170478616442
531356_2022-04,0.9345423403747777
293190_2018-05,0.2425283251776256
c48018_2017-10,0.05224976931503489
6f5e2b_2015-11,0.001519159274577465
6f5e2b_2021-04,0.9546407730980742
c48018_2016-05,0.05171221879433639
1bdb97_2025-03,0.12311580662385939
29849f_2017-08,0.29908980308151106
8fabe0_2017-11,0.20262208694862524
439fde_2019-10,0.2849182712741645
74b7d1_2017-06,0.031986630490070236
c3a69f_2014-09,0.005248540165356333
0874ee_2015-10,0.003974270646170824
439fde_2019-06,0.12105003439725316
87cfea_2019-12,0.19060534447245608
e4bc80_2015-10,0.0008035763677341472
83894c_2022-04,0.6559254106702926
7aa803_2017-12,0.22410014942661174
60a0fd_2015-10,0.004573455742943717
e3af0e_2016-08,0.06736966885320113
4718d7_2021-03,0.9461228430737851
175155_2016-01,0.0038013711965145967
f4604d_2015-06,0.0029104532753586932
4718d7_2017-09,0.06667465932618648
f461d4_2021-04,0.9767013478328821
829a72_2020-11,0.9642234075100379
60a0fd_2017-01,0.02466998086044485
e3af0e_2016-01,0.002065534102232219
829a72_2021-03,0.974414622323185
90abb1_2016-07,0.3730847442341608
829a72_2021-06,0.966782417414114
98a151_2016-09,0.12617058134138692
5a0174_2015-07,0.002191891459650233
83894c_2020-09,0.04189884453228395
83894c_2025-08,0.8339579863755643
1698cf_2021-03,0.9652481555054107
f461d4_2016-04,0.10734873410805469
87cfea_2022-03,0.7594468527016356
99c11c_2023-09,0.3334731875100736
829a72_2016-09,0.028090620091010692
87cfea_2020-09,0.339336166259278
60a0fd_2015-08,0.002391924682928077
5a0174_2022-02,0.9852531248771826
259a19_2018-08,0.5564735075962746
83894c_2020-08,0.17870583734391557
83894c_2021-01,0.7237010470881897
829a72_2020-07,0.931005162897972
4718d7_2017-10,0.060083533130626594
87cfea_2022-09,0.4318825142065788
98a151_2016-08,0.13429922539205277
6f5e2b_2015-06,0.001117197465033786
87cfea_2022-08,0.4860927864366634
90abb1_2016-03,0.017309208960413294
5a0174_2017-01,0.17519449601562548
7aa803_2017-10,0.1573388556061375
98a151_2016-04,0.07725846415242557
4718d7_2021-04,0.9819892772324019
8fabe0_2016-06,0.28160656214468555
8fabe0_2018-11,0.8605808056534827
6f5e2b_2020-05,0.9832934512057262
829a72_2020-10,0.9631964558339976
d86999_2022-11,0.7836722424806981
9cf1af_2023-02,0.0016105266244464563
3a13b3_2015-10,0.004881959592305927
14fe3a_2020-08,0.9611799833006648
8ec563_2018-11,0.6630514339313451
dbb709_2022-03,0.005130639539870871
d86999_2023-01,0.9281236699656215
d86999_2023-10,0.9527065395224682
db5006_2018-09,0.15334941835064334
14fe3a_2021-01,0.9428632811443373
0cecbd_2020-11,0.9520093882769284
d86999_2023-04,0.8914958467232947
77c35f_2023-06,0.010342704053673693
e4bc80_2015-06,0.006522342713481504
531356_2021-02,0.979230475881362
dbb709_2021-12,0.005711543174732415
439fde_2020-03,0.6106835590324596
8fabe0_2015-10,0.003290583680230154
34889b_2016-02,0.02685473532732279
34889b_2015-11,0.009979034023915671
fc77d0_2015-10,0.001411270017735187
e3af0e_2020-07,0.9866409746405094
829a72_2017-05,0.1968820170097914
b1de95_2016-12,0.19008362567110054
829a72_2018-10,0.4764315378315531
77b3b9_2016-09,0.19386215855036215
11f0e3_2020-05,0.6634947074893418
c48018_2016-07,0.23664725274546394
e2314a_2020-05,0.983461190224966
b73bc7_2021-01,0.7907925136070089
9af74c_2020-06,0.9955611994470837
375f2e_2016-12,0.0038874220971642916
d86999_2022-10,0.858629447779012
375f2e_2017-09,0.0377966346751173
1822ea_2025-09,0.9732481692379573
375f2e_2017-11,0.056160323719750556
9af74c_2016-08,0.23595513637781007
b1de95_2022-08,0.9825856014520012
bc4c03_2015-05,0.0042896286907188694
9af74c_2020-07,0.9951792238802252
1822ea_2016-05,0.00364903437017899
bc4c03_2017-09,0.058747159050536235
77b3b9_2017-08,0.051353996531435006
375f2e_2016-04,0.0102754247202944
987bc1_2018-09,0.08143482532312692
d86999_2022-05,0.8324765235169547
d86999_2022-06,0.8094903289872636
2167be_2025-09,0.012296343686867656
99c11c_2016-09,0.0009941609074028003
83894c_2024-08,0.8142358633447242
7bf5c9_2015-11,0.0026922009872783607
c3a69f_2020-09,0.9221908435152486
e60b65_2018-09,0.5743085083327683
87cfea_2023-01,0.2882478490925562
99c11c_2017-12,0.000380984222614817
99c11c_2021-01,0.18474433554625078
99c11c_2019-08,0.06825127157499922
83894c_2020-03,0.32988798467369573
99c11c_2020-02,0.022053297024884268
99c11c_2023-08,0.6046531259974791
439fde_2021-05,0.9769085796122294
8005b9_2020-01,0.7751371842159924
87cfea_2019-05,0.03908593479668231
c3a69f_2020-08,0.8933935032114366
87cfea_2019-09,0.26335648195148886
77e86b_2017-10,0.2595654886804381
c3a69f_2021-05,0.9116808793656453
83894c_2025-04,0.6896548323280953
99c11c_2023-12,0.9419340966121945
439fde_2022-03,0.992537547596792
83894c_2018-08,0.03912557437728004
439fde_2023-01,0.9722639265707284
439fde_2021-01,0.978620591407827
83894c_2024-12,0.457070323349967
c3a69f_2016-06,0.045776115393237095
99c11c_2020-01,0.11776350664552468
99c11c_2016-07,0.0018653507142617142
99c11c_2016-12,0.0033051035247801267
83894c_2025-02,0.6827706900501974
c3a69f_2018-08,0.24406124462815873
99c11c_2016-08,0.0007594145615226869
99c11c_2023-11,0.28533671459168053
87cfea_2023-04,0.3146571690034365
439fde_2021-04,0.9763185918090279
83894c_2018-09,0.020977778131603706
87cfea_2016-04,0.0019143460327519202
d59611_2018-07,0.609850052648131
8005b9_2018-10,0.15631682632436536
0cecbd_2017-05,0.35553073503161886
c3a69f_2016-01,0.0012595590641189443
e60b65_2015-05,0.008374907482525342
e2e0ce_2017-07,0.2559180906689116
f4604d_2017-10,0.13393528874695435
bf6f0d_2015-03,0.0035369310946015806
29849f_2020-06,0.961191828084828
77b3b9_2020-06,0.8895481488737591
b1de95_2023-06,0.9627790351686092
f500c5_2018-10,0.828359572713477
06534f_2022-01,0.9938180811254376
b1de95_2023-02,0.9900930215586732
06534f_2021-09,0.9939012599015014
c5df88_2017-04,0.06257805458159112
b73bc7_2022-08,0.9970874777597135
bf6f0d_2021-03,0.9120549328245179
c580aa_2020-12,0.9945465864896639
b73bc7_2022-10,0.9968933170033905
c580aa_2021-02,0.9796553412860126
b73bc7_2022-04,0.9962901478589367
88a9a6_2018-10,0.21093420038632354
948a11_2023-11,0.01017565101115807
6224d0_2015-07,0.008362426433037121
fb34b4_2023-11,0.014333411044776624
c580aa_2022-10,0.9960770326515228
f500c5_2018-07,0.1733343031426542
8d0588_2016-02,0.004315291779509189
77e86b_2021-02,0.9050169192438458
77e86b_2021-09,0.8469548904251241
99c11c_2017-04,0.001198725513229733
77e86b_2016-09,0.046391903674084786
74b7d1_2015-08,0.000861915686271389
77e86b_2016-12,0.08560633201705743
77e86b_2020-06,0.8101655214368787
77e86b_2016-03,0.0007110997162713311
99c11c_2022-08,0.9412258686079905
83894c_2023-07,0.9682192599596889
8fabe0_2021-02,0.9928309357474345
83894c_2023-06,0.9519371966709307
83894c_2022-11,0.9485649009567145
83894c_2017-06,0.007921897815776773
87cfea_2018-07,0.10259098996967526
6224d0_2018-11,0.8687209101977533
99c11c_2018-06,0.01178389625511971
af81b0_2017-03,0.06518270875634709
513080_2025-10,0.724749455634601
77b3b9_2025-09,0.9623517525041417
6838b9_2020-04,0.16896768654973346
fb737b_2020-05,0.01438200166356305
af81b0_2016-08,0.025404026124939676
7aa803_2018-08,0.1236405731274335
cd0e60_2023-07,0.2744222330834418
2ab8ad_2018-09,0.23099631196202888
c5df88_2015-07,0.004250798603850742
cd0e60_2025-05,0.9266269015275077
3db670_2016-01,0.0015699876093538574
829a72_2016-01,0.0012540009717123398
cd0e60_2024-03,0.8942827715586708
4718d7_2015-05,0.005567105212072683
c3a69f_2017-12,0.12108912769835414
c3a69f_2017-11,0.12282485388940863
829a72_2015-09,0.0030722156913966484
19fa84_2017-07,0.24914829512594128
439fde_2016-01,0.0022757470949896852
88a9a6_2017-07,0.2261029106889622
439fde_2016-03,0.006834363432019056
77b3b9_2016-02,0.002482664356898259
1698cf_2015-05,0.015193000088937291
d86999_2024-03,0.869483449770392
4718d7_2016-08,0.15661980996240926
0874ee_2016-09,0.24738301641274635
88a9a6_2018-09,0.24385949645651028
dc4b5e_2021-02,0.7036582272481036
dc4b5e_2021-08,0.9224936068920918
34889b_2017-09,0.22955595405542237
dc4b5e_2020-09,0.028963345689062243
9b46ed_2016-10,0.007716129642514597
7aa803_2016-12,0.05929918331956852
a97df3_2021-10,0.6122618992858736
dc4b5e_2021-10,0.8445796421576527
e2e0ce_2017-03,0.1210639380373931
34889b_2020-07,0.9662751992334553
c5df88_2018-09,0.301730868897232
9af74c_2016-04,0.01361926368349321
9b46ed_2017-07,0.27705191709666954
34889b_2016-04,0.08664718002149925
a97df3_2020-04,0.0032309110541381943
3db670_2021-07,0.9460436737168328
74b7d1_2016-03,0.000823835407793277
99c11c_2025-09,0.8817024653350267
b73bc7_2017-11,0.816124948076435
a97df3_2020-06,0.0031428468915720613
e4bc80_2016-02,0.00824824337414901
3db670_2022-01,0.9920751466057854
e4bc80_2016-03,0.004419959691054091
3a13b3_2018-07,0.7014948682378793
1b9e65_2017-05,0.4999491179063245
375f2e_2015-08,0.003933408013547944
1b9e65_2024-07,0.992621329892489
74b7d1_2015-09,0.0026227240032187394
0874ee_2017-11,0.3578313942300629
0874ee_2020-04,0.9768969181290698
7aa803_2016-01,0.001350946680065734
af81b0_2021-09,0.9607056623204694
af81b0_2021-11,0.9590670079335634
bf6f0d_2016-04,0.02795063986437925
af81b0_2022-03,0.9771837442721302
fb34b4_2022-12,0.016289460800800678
fb34b4_2023-01,0.01308070618461013
4fb2d3_2016-06,0.0399214574497409
fc77d0_2015-11,0.0017097026418727785
9f1aa0_2015-08,0.01194283974766112
4fb2d3_2016-07,0.11091480727758235
fb34b4_2022-02,0.006808995310716973
db5006_2016-06,0.0022923827471613
0cecbd_2016-02,0.004600218484888565
db5006_2016-07,0.0018340375413444532
1b9e65_2015-11,0.0009794629463609629
5a0174_2022-03,0.994517473901322
6f5e2b_2022-02,0.9951490249375773
0cecbd_2016-03,0.008270114585601864
92dcdd_2018-07,0.00900159452637197
92dcdd_2025-09,0.9320622269176994
fd589c_2015-09,0.003737423858582457
fd589c_2020-05,0.9768915772355149
439fde_2015-07,0.012534346369502137
fd589c_2020-10,0.9294189986900331
fd589c_2015-11,0.0020051178266172935
fd589c_2018-08,0.8966947116467181
439fde_2015-09,0.006221327939012372
db4cd8_2020-04,0.9904245149577507
6c1954_2020-10,0.0724141519761922
987bc1_2015-12,0.0014504323688391506
987bc1_2016-01,0.0013248637082487861
6c1954_2020-08,0.044944630846802766
74fb1f_2016-10,0.1035937671155548
293190_2017-08,0.2969012256513363
293190_2015-10,0.0020501905353205187
74fb1f_2016-06,0.003467588332845421
e2e0ce_2015-11,0.0014485053253612107
7aa803_2016-08,0.03609285193253024
88a9a6_2016-09,0.001321736019664277
c5816f_2018-07,0.9160017338694749
9f1aa0_2025-09,0.8543752311777204
f1543b_2025-09,0.9333936465044157
19fa84_2016-11,0.006704733231537041
894378_2016-09,0.007720423107037636
19fa84_2016-09,0.004016497767939123
8ec563_2015-05,0.01807538703289909
19fa84_2016-04,0.003544861414163943
e7a56d_2016-03,0.00620130048724562
fd589c_2016-11,0.1491963611406519
8ec563_2015-08,0.006668256325368303
0874ee_2021-02,0.8028891040461217
894378_2016-08,0.005061335125382203
894378_2016-11,0.01213454174960426
bf6f0d_2015-11,0.0038129094041352797
b59bc0_2017-07,0.11848074412537163
b59bc0_2016-07,0.7704822419250128
b644ac_2024-04,0.022799047653910075
83894c_2016-11,0.001401948576533381
83894c_2016-10,0.0016202212596263972
83894c_2016-06,0.002657719203175305
83894c_2016-07,0.0023622112263637215
83894c_2016-12,0.0018896771204231964
4fb2d3_2025-09,0.965681993363514
a42d13_2020-10,0.9878444974558807
a42d13_2020-08,0.9681078133089328
6838b9_2018-11,0.017197589256432753
a42d13_2020-03,0.9435848310693259
c48018_2016-02,0.0021531176145933176
c48018_2016-03,0.0016029734036703022
a42d13_2021-04,0.9893287060120399
a42d13_2023-02,0.9889200601808534
a25664_2016-11,0.00392685279333587
6f5e2b_2016-02,0.015052546781527777
e60b65_2016-11,0.1962219638518721
1b9e65_2020-11,0.9390578633551034
4fb2d3_2017-09,0.14911497294827383
1b9e65_2020-10,0.9114610670626404
531356_2015-06,0.0041413979603785655
894378_2020-08,0.9687412912148706
c5df88_2015-06,0.005522074212814606
175155_2017-12,0.14014705299703084
d86999_2020-10,0.9417039143893862
375f2e_2016-02,0.009783855267183277
29849f_2016-03,0.0049333340399428565
b416b1_2017-09,0.06978406234151727
29849f_2017-11,0.3626376442415001
531356_2021-06,0.9596286025182054
531356_2021-09,0.9738767551292693
29849f_2015-07,0.03313805726075771
1822ea_2017-01,0.5670483263816256
531356_2021-08,0.9708228515605845
1b9e65_2015-06,0.006054816409732103
6838b9_2017-11,0.04991621075145856
f4604d_2020-05,0.9454806658531313
b73bc7_2016-02,0.007706869872901312
29849f_2016-10,0.11664401537035365
b73bc7_2016-03,0.06730632367136208
c5df88_2024-09,0.9836407001615078
c5df88_2025-11,0.9794433114907568
293190_2025-09,0.9893502532134383
b08ec1_2016-10,0.050434790030618105
c5df88_2020-06,0.9425112070089134
7aa803_2025-03,0.981852574400114
c5df88_2023-12,0.9746947120711815
2ab8ad_2016-08,0.0012685693235168958
b73bc7_2017-12,0.48105255669643904
c5df88_2021-10,0.9391710799193415
293190_2025-11,0.9896054675323426
b08ec1_2016-09,0.09712053867672217
293190_2015-07,0.0020741714904412368
293190_2018-11,0.04774344640470719
f4604d_2017-01,0.04316763617219706
88a9a6_2016-04,0.004991707061630979
c5df88_2025-08,0.9792282533006429
293190_2025-03,0.9820661788141472
293190_2025-07,0.9887635738945881
c580aa_2014-03,0.017295981871558164
9af74c_2015-11,0.010840784638310863
9af74c_2016-01,0.02564280905425529
7a007d_2017-12,0.4231234291074258
b416b1_2015-08,0.0019039917885903966
18defd_2015-05,0.007394755814212225
b08ec1_2015-05,0.0743955110231843
7a007d_2023-09,0.9586278692381321
e7a56d_2016-05,0.00910980502876567
e7a56d_2016-09,0.13146565562322168
7a007d_2015-07,0.006371275409733144
7a007d_2015-05,0.011684256848127078
7a007d_2017-11,0.05992781879369893
7a007d_2022-02,0.9630885913891899
7a007d_2015-08,0.005017882984445894
7a007d_2021-02,0.836021751847877
7a007d_2022-03,0.9656665565118175
7a007d_2022-09,0.958007122269301
8d0588_2020-05,0.9982442728419364
8d0588_2018-09,0.9637923884130698
b59bc0_2018-09,0.9665929911291482
8d0588_2016-09,0.775465114401366
e60b65_2025-09,0.9775489617558035
ab32d7_2024-03,0.21927844440879535
439fde_2023-08,0.4500393159860481
c3a69f_2024-03,0.23630145870662336
f4604d_2015-08,0.0015275856491833695
77e86b_2021-11,0.15345479487640593
c3a69f_2023-12,0.14084714805027462
77e86b_2022-02,0.03591619093171338
77e86b_2025-04,0.6895138710596713
77e86b_2015-07,0.005903482720416993
74b7d1_2023-10,0.7887776152553899
74b7d1_2015-03,0.007909819209895138
74b7d1_2024-05,0.8707042888240893
439fde_2025-07,0.828429585054164
1b9e65_2022-09,0.7079262134706544
439fde_2023-09,0.31368577152991217
c3a69f_2025-08,0.8815228391314683
c3a69f_2025-07,0.91944829635305
8b98f3_2023-09,0.03499615160699502
77e86b_2019-06,0.12250981844019337
77e86b_2024-07,0.9289645143049216
77e86b_2015-01,0.006831489763990214
c3a69f_2024-04,0.24143854809714832
74b7d1_2022-01,0.5142575928217724
2ed4f9_2025-04,0.006974006982520868
8b98f3_2023-08,0.03542261209546274
77e86b_2015-04,0.004822346702445954
8b98f3_2024-05,0.5145870584104539
c3a69f_2022-02,0.3659043233111858
c3a69f_2014-11,0.018208971743523716
302d40_2025-01,0.30105257098231714
fc9334_2022-09,0.5660833265123479
8e41cf_2021-10,0.620721629366185
b26809_2023-11,0.7673139120556692
f461d4_2019-05,0.8199415645710166
259a19_2018-06,0.03538760195821884
2ab8ad_2022-11,0.6618760946445834
7aa803_2025-06,0.8732097979953924
9b46ed_2021-07,0.8258422125585543
829a72_2025-08,0.7898764274224629
bfbeef_2024-12,0.6990942204450289
98a151_2019-03,0.28591948584108495
77c35f_2024-03,0.0038657886030484096
829a72_2024-06,0.8147866337269412
dbb709_2025-02,0.26387236926336116
d86999_2020-03,0.9917141427285319
fc9334_2015-05,0.004402051334725032
fc9334_2022-10,0.32139922096885487
8e41cf_2018-04,0.05258649456665857
6224d0_2019-03,0.26785179077778953
a25664_2015-01,0.0034902052975622085
293190_2021-11,0.5795692884825062
293190_2022-09,0.35232299504519377
e2e0ce_2016-08,0.0019736360092074117
e2e0ce_2016-09,0.0019133808973508582
e2e0ce_2025-06,0.9161358031222425
74fb1f_2015-07,0.003076759683665451
9b46ed_2019-09,0.0629356488224415
d86999_2017-04,0.07131589494595596
829a72_2023-10,0.8330253670307739
fc9334_2017-04,0.034999516323862764
d86999_2018-02,0.09146855289345182
780a0b_2018-12,0.08770787034478654
fc9334_2016-09,0.003545529935996686
0874ee_2021-07,0.29606708592937003
fc77d0_2024-11,0.9938895960721044
fb737b_2025-04,0.32525696542481364
c5df88_2022-02,0.1205390539659149
7aa803_2021-01,0.9426626131268735
7aa803_2022-01,0.2966932734570095
7aa803_2025-01,0.9621240794078393
88a9a6_2019-01,0.05662270181944116
88a9a6_2024-06,0.9288662338315488
9b46ed_2015-08,0.0009153607610673736
9b46ed_2023-04,0.18929295403617036
60a0fd_2024-08,0.9042399986169932
d86999_2022-09,0.8817465931007646
d86999_2023-09,0.9079668881937152
4fb2d3_2018-04,0.008418331005928212
74fb1f_2019-05,0.08851531394234151
7aa803_2022-10,0.1567652146101296
8fb6f0_2025-03,0.6953222996941236
fc9334_2019-07,0.28251666428232214
9cf1af_2022-01,0.03890275762023922
fc9334_2016-11,0.03476810202639614
fc9334_2021-09,0.3569013569815136
8fb6f0_2022-07,0.9505342048837839
8bd3ce_2024-06,0.7987572419793151
8e41cf_2023-06,0.30791025969932684
8e41cf_2024-03,0.7876410187723165
e60b65_2015-01,0.002069926500902884
bc4c03_2021-09,0.9173786066753635
2ab8ad_2023-06,0.8046260824969732
74fb1f_2023-11,0.8291076526649536
88a9a6_2017-02,0.040940937223146415
88a9a6_2019-04,0.055128518011712556
0f9e86_2025-06,0.7055673304408681
77c35f_2022-10,0.01906505246314493
b26809_2016-12,0.02147220830351233
b26809_2023-07,0.37530302311646135
bc4c03_2022-03,0.9962865856171663
9b3bd5_2025-06,0.004579997912560369
293190_2014-11,0.015507416400718598
e2e0ce_2015-07,0.0010986994065565639
2ab8ad_2025-08,0.5456160285083108
c5df88_2014-10,0.009229895532012615
9b46ed_2018-06,0.20575568676498304
9b46ed_2019-06,0.06501011075960758
829a72_2024-05,0.8372819394266053
60a0fd_2022-12,0.6657245110344648
d86999_2022-03,0.8461867868762523
0ffc2d_2019-08,0.0056666077919686015
8e41cf_2015-03,0.0017813538979901216
731908_2016-02,0.0039492538925618315
293190_2024-05,0.9563990814589491
e2e0ce_2022-07,0.7947784068372558
2ab8ad_2022-04,0.7681109039674344
c5df88_2015-01,0.014517365242013427
c5df88_2021-09,0.6848432410367847
c5df88_2022-05,0.5549402274321297
9b46ed_2018-12,0.04727566258274583
8fb6f0_2020-03,0.9325647357357895
dbb709_2024-01,0.04462289537171202
9befc8_2022-06,0.6984584670176652
60a0fd_2021-04,0.9343713076948322
fc9334_2025-08,0.7568374463804209
fc77d0_2022-03,0.7391801646501819
f461d4_2019-08,0.5358534270503216
293190_2017-02,0.14189568829016197
e2e0ce_2024-11,0.9597912783897629
88a9a6_2021-04,0.41349658913944026
88a9a6_2023-01,0.5574650525430906
0f9e86_2022-12,0.1940138939642082
8bd3ce_2025-03,0.8890068614567179
11f0e3_2021-12,0.23798750987264047
b26809_2017-02,0.035544421752892456
b26809_2021-05,0.2958045494679599
9af74c_2023-10,0.9001324096253476
6224d0_2019-07,0.20799197321332066
175155_2025-01,0.9948618853111579
293190_2014-09,0.017439834489932655
293190_2019-06,0.14114646440616635
293190_2021-07,0.9359413116978667
74fb1f_2025-05,0.7841060686023653
8e41cf_2024-04,0.8578023675255866
98a151_2022-06,0.9366445031844419
e427f8_2022-03,0.007519482519148141
302d40_2023-03,0.00188419159519066
d86999_2025-02,0.7967590575196974
8bd3ce_2018-03,0.015683776770083507
b26809_2022-07,0.5530196159202302
74fb1f_2020-12,0.8133784063358744
74fb1f_2021-12,0.6786432508311411
11f0e3_2023-04,0.23217815374992126
d86999_2019-08,0.9919370122570677
fc9334_2018-11,0.011485981789110464
8e41cf_2024-11,0.962032348606672
b26809_2021-12,0.5367886681716432
9b46ed_2015-03,0.0065377449290090345
9b46ed_2024-11,0.2897972419366203
e2e0ce_2019-01,0.2009332090096783
780a0b_2020-03,0.5673816802489158
77c35f_2023-01,0.006600919858022331
e427f8_2023-04,0.005823329030230201
d86999_2015-07,0.004794355652330302
8bd3ce_2025-08,0.8731735039530747
8bd3ce_2024-03,0.8502770571901639
8e41cf_2022-07,0.5997008207814613
b26809_2014-06,0.012748445350873149
e2e0ce_2024-12,0.9835212340031105
60a0fd_2022-05,0.9347139129616935
8bd3ce_2015-01,0.0019176554847032982
b26809_2022-04,0.5752827646963132
b26809_2022-08,0.38572013653610715
8fabe0_2019-01,0.813318946410327
e2e0ce_2019-05,0.08956358398141367
74fb1f_2018-06,0.019510472642404807
77c35f_2025-07,0.14201025296286604
829a72_2018-03,0.1964473969290243
dbb709_2024-11,0.31053408661988546
60a0fd_2024-09,0.8075112365956223
d86999_2024-06,0.7863455654324882
8bd3ce_2023-12,0.6639078574097935
8e41cf_2020-02,0.35141506084743956
8e41cf_2022-09,0.31424378861252555
8e41cf_2022-10,0.383093475956834
b26809_2022-03,0.6869705440239844
14fe3a_2019-04,0.27838229726681757
987bc1_2022-02,0.5742558181585755
e60b65_2018-01,0.026101986387668905
a25664_2017-02,0.02485649538275773
e2e0ce_2023-10,0.7135345094506331
c5df88_2018-03,0.01682378736217798
3db670_2015-01,0.0070095723360301876
780a0b_2025-01,0.8279565244861024
0f9e86_2022-04,0.3399477074859784
bfbeef_2023-02,0.7724936864507913
9cf1af_2025-03,0.5683721628388897
d86999_2017-02,0.16255972228086496
d86999_2018-04,0.10107030089189648
d86999_2020-01,0.985332896168479
780a0b_2019-05,0.3520008370866492
8bd3ce_2017-03,0.03494050679501129
b26809_2024-06,0.8550010173796921
987bc1_2015-01,0.005043925258475937
987bc1_2020-08,0.40026433581951587
a42d13_2018-01,0.06841894730416209
e2e0ce_2016-07,0.003240764968771345
d86999_2023-08,0.9407513291197612
8bd3ce_2020-03,0.5627726392118947
8e41cf_2025-05,0.9678758807994488
34889b_2019-02,0.1367169300160068
fc77d0_2022-12,0.9449307959251967
a25664_2025-08,0.9115407554811046
293190_2020-12,0.4242442064676019
e2e0ce_2023-04,0.8553609210148594
2ab8ad_2022-10,0.9392002040716837
9b46ed_2025-04,0.7298472569456292
11f0e3_2023-07,0.12284541429621466
98a151_2022-07,0.7962135514792698
8bd3ce_2015-09,0.004301677376107974
60a0fd_2022-03,0.963075896914827
d86999_2018-07,0.3965229970944339
d86999_2023-03,0.9477608054410436
8e41cf_2021-08,0.3172320496151392
fc77d0_2023-04,0.5889495445142846
9af74c_2023-07,0.8842160180989
259a19_2019-05,0.8037367414289053
e2e0ce_2017-08,0.2589657305369101
2ab8ad_2017-03,0.08693802795066498
2ab8ad_2022-01,0.996147099508251
88a9a6_2020-12,0.7356657887036537
9b46ed_2022-09,0.10586424634468249
9b46ed_2023-11,0.692703436180416
829a72_2019-07,0.8689053281346767
dbb709_2022-05,0.0069704018435487675
e427f8_2023-03,0.002835639622358921
b26809_2016-06,0.04385834892556612
8bd3ce_2020-12,0.8785870315131781
b26809_2015-04,0.0027685475807584753
b26809_2020-12,0.18263432692956436
fc77d0_2018-05,0.03266940194423595
987bc1_2024-12,0.957323480532098
293190_2018-02,0.049907891707643474
e2e0ce_2018-10,0.44118570631882437
7aa803_2018-12,0.15660122161627887
7aa803_2024-11,0.9987675097651868
829a72_2025-06,0.8873956258139667
8bd3ce_2019-07,0.15230688342341378
e3af0e_2023-09,0.9892738314502355
a25664_2024-12,0.9874385929767473
293190_2023-09,0.7354400247856347
9b46ed_2023-06,0.2422670502348416
9befc8_2022-05,0.43474185998424736
e3af0e_2025-04,0.7415333665942743
bfbeef_2022-12,0.32500234512883636
fc9334_2017-10,0.029848301521984665
9cf1af_2022-03,0.009535427433465709
e427f8_2022-12,0.0016262760407538626
b26809_2015-12,0.0015866276433945297
fc9334_2023-09,0.37013569088585463
8bd3ce_2018-06,0.012056806542982747
8bd3ce_2021-04,0.7437979712074994
9af74c_2019-06,0.12456323536813163
1698cf_2019-02,0.32028409557491067
1698cf_2019-09,0.3685518254048825
bc4c03_2023-01,0.9591392756062382
2ab8ad_2020-12,0.957767716968927
c5df88_2022-08,0.41014212768479313
c5df88_2022-09,0.21719383071861917
11f0e3_2025-08,0.7557480270351273
77c35f_2022-09,0.01594730317428721
d86999_2017-03,0.09306738102117447
d86999_2024-12,0.8976901448468544
fc9334_2015-03,0.002210682285983935
b26809_2024-07,0.6340107438505547
db4cd8_2019-05,0.29120774255236714
293190_2017-05,0.170965390176231
74fb1f_2021-09,0.5573884319882464
88a9a6_2018-12,0.0373095913607453
9b46ed_2025-03,0.9880539271456367
780a0b_2024-06,0.8434874105284847
9befc8_2023-08,0.5658185881847754
d86999_2019-01,0.9403303094873802
dbb709_2022-07,0.00756609386180271
d86999_2019-11,0.9174175985014335
b26809_2022-11,0.35295331486743187
8bd3ce_2024-01,0.7401327112757153
b26809_2021-11,0.4479913583237938
265164_2023-10,0.008361915557618267
1698cf_2018-12,0.03783443237349169
e60b65_2024-05,0.6424716856376559
a25664_2021-11,0.9513358754130468
293190_2023-11,0.7631881118316157
88a9a6_2015-01,0.008818436593070213
88a9a6_2016-10,0.002509767939388233
88a9a6_2023-02,0.5513878926897868
9b46ed_2022-11,0.32666215820842953
e2e0ce_2019-09,0.08444676781494079
60a0fd_2025-03,0.7256836310862966
d86999_2016-03,0.020584184348802406
98a151_2021-03,0.9343474106562756
9cf1af_2023-09,0.005615209545326136
9cf1af_2024-04,0.10701238498381811
9cf1af_2025-02,0.5812793756223069
6838b9_2018-12,0.0031225918209789845
293190_2018-06,0.35013572544894717
293190_2021-05,0.824616409325196
c5df88_2021-11,0.7533572913047373
9cf1af_2023-10,0.003835426774862106
265164_2023-09,0.006081883802858855
f461d4_2018-12,0.2237138982820653
293190_2015-02,0.010179021013338322
c5df88_2014-12,0.015120234987549561
c5df88_2016-02,0.0011289524015265723
74fb1f_2023-03,0.5497035097067696
98a151_2020-10,0.9761081565094321
d86999_2025-04,0.8554335105969352
fc9334_2017-05,0.042114895459341065
fc9334_2022-04,0.5746829524771817
fc9334_2025-07,0.7492535923398317
8bd3ce_2017-04,0.061066314865222245
b26809_2019-05,0.22591474511992649
7aa803_2021-04,0.6772506831083748
780a0b_2020-08,0.9613042648044159
510fbf_2024-09,0.644985921190324
9befc8_2015-06,0.002427911626400164
fd589c_2017-03,0.06762476034295405
c5df88_2015-12,0.0012064219252498538
731908_2023-03,0.5887779435672253
8fb6f0_2014-03,0.004675740689224799
c5816f_2019-08,0.9196750224892475
8ec563_2024-08,0.7108400752728323
8ec563_2025-03,0.9200970056254868
e361b7_2022-12,0.7994192547104108
9f1aa0_2014-12,0.005485238996360477
9f1aa0_2021-12,0.14817951340074234
8ec563_2022-11,0.7096303788308878
fa8553_2025-01,0.31713986601634336
bfbeef_2022-01,0.21558670463515464
894378_2019-09,0.357321854075161
c5816f_2021-01,0.774958127084432
bc4c03_2024-06,0.9374039379200886
780a0b_2019-11,0.45198694825215496
8fb6f0_2023-05,0.47364667687758805
9af74c_2018-06,0.014765435317042828
9af74c_2022-05,0.5255835270417337
513080_2022-06,0.009672227432917865
9f1aa0_2021-09,0.796226199573024
bfbeef_2015-10,0.007023478556701858
8fb6f0_2020-12,0.7667489902420941
c5816f_2022-09,0.5231961557425608
c5816f_2023-05,0.8012195431293067
8ec563_2021-09,0.21630677195273695
fd589c_2020-02,0.7516934217185781
bc4c03_2024-07,0.9358357298304968
513080_2023-01,0.009268280662228047
fa8553_2023-05,0.01695933524980608
fa8553_2025-05,0.20396080501559363
510fbf_2022-12,0.008486985388670995
bfbeef_2023-11,0.6234733144461454
8ec563_2022-12,0.9032849643196755
19fa84_2020-02,0.27508416726607554
fd589c_2019-01,0.4233054061454806
e361b7_2022-01,0.968322086253499
c5816f_2021-05,0.9206616648943245
fd589c_2018-01,0.38790663610998954
bc4c03_2025-05,0.9769224564282785
9f1aa0_2024-12,0.40249094325374934
8fb6f0_2015-05,0.003115449635883378
c5816f_2022-03,0.5422273070249015
c5816f_2025-02,0.8956660680920997
19fa84_2020-03,0.8792671817025001
513080_2022-05,0.00964977983647254
780a0b_2016-01,0.0012021952519000942
c5816f_2024-11,0.764341417821227
8ec563_2014-12,0.004409683695833112
9af74c_2018-12,0.3839824471446469
9af74c_2019-01,0.6989607049878733
731908_2015-07,0.006422881103749706
894378_2019-01,0.15644283639999396
19fa84_2019-09,0.9554964019415113
e4bc80_2018-05,0.047630729726309155
e4bc80_2023-10,0.8858637151868578
894378_2023-07,0.6398252849658973
894378_2024-12,0.8580376921786165
c5816f_2024-08,0.818177853258069
731908_2014-10,0.005551641333638005
bfbeef_2021-01,0.7278652728297812
894378_2018-03,0.12500277375202173
c5816f_2025-07,0.8225715339639952
fd589c_2021-10,0.5983679662694495
e361b7_2021-12,0.7322127281578997
e4bc80_2021-08,0.6112847300012372
e4bc80_2021-12,0.3911177234452761
9f1aa0_2024-06,0.5445290533990106
c5816f_2022-07,0.5083902528915344
8ec563_2019-06,0.6841232919112293
fd589c_2023-08,0.9614787738535575
510fbf_2022-10,0.10129024429831125
8fb6f0_2014-09,0.006638611988211168
c5816f_2021-03,0.9439705505403662
6c1954_2024-11,0.9477692075959048
e361b7_2023-11,0.8782983527658144
513080_2023-03,0.010573306893153427
fa8553_2023-08,0.290716524507495
11f0e3_2015-08,0.0042791313296148435
8ec563_2024-06,0.8274441368758907
19fa84_2022-05,0.7361934988198374
e361b7_2022-08,0.6072215054307305
77b3b9_2025-07,0.9959249220340793
9f1aa0_2022-11,0.9904344173791475
731908_2020-03,0.7844851655832389
894378_2024-11,0.9008202275230962
8ec563_2023-01,0.795426755529367
e4bc80_2022-02,0.2428687855731102
9af74c_2024-03,0.9997865397841645
bfbeef_2016-03,0.004284602184528367
8fb6f0_2016-01,0.0014163740693830154
894378_2021-11,0.5105425377060807
894378_2024-03,0.7954543711228581
894378_2024-10,0.8195109497149401
c5816f_2024-04,0.7496936033159406
19fa84_2020-11,0.8184083675331935
19fa84_2023-01,0.6041208799787268
9f1aa0_2018-02,0.12971113851983362
fa8553_2022-04,0.008251551617448645
510fbf_2022-07,0.00891127695634305
531356_2021-12,0.9795887783123287
c5816f_2020-03,0.9186011768269046
8ec563_2024-01,0.8469247985943451
19fa84_2025-05,0.9747628496286883
fd589c_2024-02,0.7518504518124638
e4bc80_2022-04,0.37570876367552375
9f1aa0_2020-09,0.15149175116203767
fa8553_2022-08,0.014411744180492778
894378_2024-04,0.7548660079610949
c5816f_2018-05,0.14882757000972074
19fa84_2015-03,0.013278869713723844
e361b7_2022-06,0.5925653421208642
e4bc80_2024-12,0.7774386269630303
e4bc80_2025-05,0.9436403968454163
e361b7_2020-02,0.9310015143978227
77b3b9_2024-11,0.9965797925735065
513080_2024-06,0.16735998167585045
e4bc80_2021-07,0.7304251412083492
9af74c_2024-01,0.945952422370387
9f1aa0_2024-03,0.5863728597484971
731908_2015-08,0.011738403252801764
894378_2021-03,0.9591521194103798
8ec563_2024-04,0.861770189570994
e361b7_2025-05,0.9429071839775874
9f1aa0_2020-01,0.3308231030202668
9f1aa0_2022-03,0.09150161391038952
731908_2014-08,0.00988434438243315
19fa84_2024-03,0.817688902695916
e4bc80_2019-03,0.2664222844340964
e4bc80_2019-04,0.29387283758320953
6c1954_2019-09,0.007397954367700303
510fbf_2024-12,0.09948984736971614
e4bc80_2020-10,0.8984133090521161
bc4c03_2019-02,0.21775644548396575
9af74c_2025-04,0.954005850307109
9f1aa0_2015-05,0.10401652239585088
bfbeef_2025-01,0.6059626998115963
8fb6f0_2020-02,0.8691358913663153
894378_2019-03,0.10199164635524302
83894c_2019-10,0.0606498390756569
87cfea_2022-04,0.754744124534916
9befc8_2024-10,0.9906776833606966
4f2b6b_2024-11,0.09742687932599531
77e86b_2022-12,0.03529857165614702
99c11c_2024-02,0.9040503978689551
8fb6f0_2024-05,0.8329518903268757
0f9e86_2016-08,0.011248820621616914
9befc8_2017-05,0.052065929472117224
f500c5_2019-02,0.1279180507161897
83894c_2022-08,0.4999356026610698
9befc8_2019-06,0.39383545405964554
f1543b_2024-08,0.9691510750994292
f500c5_2025-01,0.3370792060307671
11f0e3_2016-12,0.18992717464665188
780a0b_2021-10,0.2609156715594234
0f9e86_2021-12,0.3825744771093044
0f9e86_2025-03,0.6681850712586859
7bf5c9_2018-12,0.06959487113104387
87cfea_2024-02,0.46845139061675156
7bf5c9_2021-04,0.6643108869598021
3db670_2018-02,0.2656928046594644
99c11c_2021-11,0.3538262118611139
99c11c_2024-03,0.5912961519354905
0f9e86_2018-10,0.28539917523806574
9befc8_2020-04,0.9250471117836568
f1543b_2023-02,0.16632429823568862
c3a69f_2023-05,0.35510299346998114
0f9e86_2016-12,0.04760602975589414
0f9e86_2017-01,0.05463943087377067
7bf5c9_2022-09,0.851576866479756
f1543b_2018-02,0.012943172499851956
87cfea_2023-03,0.26032163739671266
87cfea_2024-11,0.4974522572476905
11f0e3_2018-11,0.09830508364165322
780a0b_2023-11,0.9293556344593088
731908_2024-05,0.9782552256775598
9befc8_2022-11,0.33160699337743876
9befc8_2025-01,0.7583415824386124
f1543b_2024-03,0.6455099957892803
83894c_2024-09,0.9066965216566624
731908_2024-02,0.6130270632459562
99c11c_2019-07,0.0661002638256194
8fb6f0_2025-06,0.5456855239136097
0f9e86_2022-05,0.9465016556914083
87cfea_2023-08,0.2956233282713522
731908_2018-09,0.03436388255670955
731908_2020-09,0.8709994721951029
11f0e3_2020-08,0.944064651041595
11f0e3_2021-09,0.08531347955890069
780a0b_2015-09,0.0061311168208697895
780a0b_2019-01,0.17503164393666878
8fb6f0_2017-10,0.018692033758452915
7bf5c9_2021-08,0.8921733124131901
f500c5_2020-12,0.6020962829734522
f500c5_2024-11,0.5899932022970912
c3a69f_2019-11,0.3934031641566535
8fb6f0_2021-09,0.9616156602393428
9befc8_2025-02,0.8686819667283767
f500c5_2022-09,0.9629328848638314
c3a69f_2023-02,0.9475070815954896
87cfea_2023-05,0.24438104525186155
780a0b_2018-10,0.06862404887145786
8fb6f0_2019-04,0.45686729760758515
7bf5c9_2021-10,0.7077318919661562
4f2b6b_2024-06,0.020544172716057203
9befc8_2018-07,0.22039504425438128
f1543b_2023-08,0.8019162905278344
f500c5_2018-02,0.021887034515743295
f500c5_2020-05,0.4571405756412177
f500c5_2025-08,0.9571761441312878
6838b9_2019-06,0.002643639058529338
87cfea_2019-01,0.01592544682800066
731908_2017-07,0.037129690103294505
731908_2017-11,0.014393121144697098
731908_2018-06,0.05682074737917823
731908_2024-11,0.8888215772561773
780a0b_2025-06,0.6095606517454589
8fb6f0_2015-02,0.0011685099321152564
8fb6f0_2020-11,0.7896407768497934
7bf5c9_2021-07,0.904868148163758
f1543b_2021-04,0.4426991370419465
b1de95_2019-04,0.6515379510685642
8e41cf_2019-12,0.6341340980746412
780a0b_2017-10,0.011817818432243745
8fb6f0_2018-12,0.1696938749338516
0f9e86_2021-01,0.6263840645173135
0f9e86_2023-04,0.418484092394301
9befc8_2016-09,0.009365890088877137
9befc8_2016-11,0.032234569937779664
9befc8_2017-02,0.03206903577778429
8fb6f0_2016-10,0.0478617394967327
f500c5_2020-11,0.6260563336627166
f500c5_2023-06,0.47906353047819217
87cfea_2020-12,0.3581896069289202
731908_2023-07,0.30312379009655543
11f0e3_2020-03,0.8972778654448941
8fb6f0_2019-02,0.2584266571353243
8fb6f0_2022-10,0.35309750857555655
8fb6f0_2017-08,0.01691206132334908
0f9e86_2017-11,0.2236426530409152
3db670_2019-06,0.9797973572850313
731908_2023-10,0.8680202025576748
0f9e86_2020-12,0.8350106412805731
f1543b_2024-05,0.758291301159693
f1543b_2025-05,0.9936210028682255
1b9e65_2025-02,0.6064761862265309
87cfea_2020-11,0.3446446184577195
87cfea_2024-07,0.30903288088449016
8e41cf_2020-08,0.8966283631028159
780a0b_2017-11,0.014381999954954502
780a0b_2022-06,0.6831973867974503
7bf5c9_2019-03,0.2701650817343399
83894c_2022-10,0.7851853524475954
8fb6f0_2023-06,0.7705976640861104
7bf5c9_2024-06,0.8866435452074257
f1543b_2024-06,0.7450653208972278
fd589c_2018-07,0.7359115390575552
e7a56d_2018-04,0.0479784300326462
e7a56d_2024-06,0.9280005042344674
4718d7_2025-02,0.8732946268378129
f461d4_2024-10,0.9453482247192484
d59611_2019-12,0.7437992005084072
14fe3a_2018-01,0.1949862751888803
1698cf_2016-03,0.002182596788073432
8fabe0_2019-04,0.7624680020126289
b416b1_2015-03,0.002297380572126704
b08ec1_2025-06,0.921690637158618
34889b_2023-10,0.8148114204085233
894378_2015-08,0.0027936205428783787
894378_2015-11,0.002896994626770096
8fabe0_2024-06,0.7688572374408689
d59611_2023-10,0.25345909313245135
d59611_2025-05,0.8710071127248362
34889b_2022-02,0.5534173417012771
14fe3a_2019-03,0.6966085676554881
c5816f_2017-02,0.2595214636892692
60a0fd_2019-04,0.36962997859443536
18defd_2023-04,0.1601234589805171
5a0174_2020-03,0.9426621573661
14fe3a_2024-11,0.8735574685053854
fc77d0_2025-07,0.9110545738406837
77b3b9_2015-03,0.0031265798451940562
14fe3a_2022-11,0.894116690718616
c48018_2019-03,0.3785251531955959
894378_2015-06,0.004340502397989363
894378_2015-12,0.0034240987774162776
e60b65_2015-09,0.0038301711038504077
e361b7_2022-04,0.3922083479914502
c48018_2025-06,0.8971299824782832
b416b1_2019-01,0.03874409291215963
b416b1_2023-10,0.95480294202465
db4cd8_2020-08,0.9665829922626478
b08ec1_2022-07,0.4645594459669427
fc77d0_2025-02,0.9781624375668134
bf6f0d_2023-08,0.9514769197900288
4718d7_2014-09,0.0019205009235874584
19fa84_2017-08,0.1851443331945229
8fabe0_2022-03,0.920218599973624
6224d0_2018-06,0.014475556884293313
894378_2015-04,0.01964340469110494
e60b65_2015-10,0.009915676160184735
e4bc80_2020-08,0.9613385320118379
18defd_2018-12,0.1572529864028222
5a0174_2014-07,0.007358389650563679
0874ee_2019-11,0.759516733065837
34889b_2023-11,0.8535209948115964
b08ec1_2024-07,0.8982883256760342
db4cd8_2022-01,0.9753287256530784
b08ec1_2024-05,0.9715367116514758
90abb1_2020-03,0.9778365583621715
e4bc80_2015-03,0.00877907042092084
14fe3a_2024-12,0.979789814996148
db4cd8_2024-10,0.9398394990421621
19fa84_2015-06,0.008956905371737538
e4bc80_2017-12,0.3364774246605677
e7a56d_2018-02,0.11440505522779498
e7a56d_2018-03,0.2723049017938428
8fabe0_2024-10,0.9745358178378929
77b3b9_2023-04,0.8530608081686222
bf6f0d_2022-07,0.43008921133547534
fc77d0_2019-09,0.385882613466194
c5816f_2015-04,0.041993435776812665
c5816f_2015-11,0.0032654417394584216
c48018_2019-04,0.6488173370779713
4718d7_2021-01,0.8270114070600183
db4cd8_2024-12,0.9788842395053273
175155_2015-03,0.0038407186697404856
14fe3a_2023-06,0.8307527180230574
b416b1_2017-01,0.12061444332949207
f461d4_2014-04,0.009093582692259227
6838b9_2024-11,0.9709541270942623
db4cd8_2014-05,0.004644081973804159
14fe3a_2021-11,0.8870241078343689
259a19_2022-08,0.6302963376700033
0ffc2d_2019-11,0.0038279842707526017
c5816f_2020-09,0.9204846427331768
19fa84_2025-03,0.9591504609228164
e4bc80_2014-11,0.007656848045579412
259a19_2015-03,0.004151730102730812
8005b9_2025-07,0.9740495199853276
06534f_2019-03,0.6843606996368894
5a0174_2024-10,0.9496851195350422
1822ea_2015-04,0.0729392502974811
e7a56d_2015-04,0.0038252479996841535
4718d7_2018-03,0.21434609427270282
f461d4_2022-04,0.9611863615347863
d59611_2014-07,0.002889573246026506
0874ee_2020-09,0.312054884436747
175155_2019-09,0.15379772641353853
e4bc80_2017-07,0.21373699850445912
e7a56d_2018-05,0.13697866167053033
18defd_2015-03,0.0070121834159465575
18defd_2023-06,0.2550620492028499
d59611_2019-11,0.6693174210393746
d59611_2023-12,0.9839579475434643
14fe3a_2022-03,0.8309488175390655
8005b9_2015-01,0.002322235562594374
06534f_2018-02,0.5267713532416672
5a0174_2020-12,0.976816838418968
6838b9_2019-05,0.00345885028815038
375f2e_2019-08,0.7444994184121829
18defd_2025-02,0.9114276711975499
b416b1_2024-02,0.9860523613411637
db4cd8_2024-05,0.8295302204313721
8005b9_2023-04,0.8029674154067237
bf6f0d_2025-05,0.9884498592693988
894378_2016-04,0.002867523675980608
c48018_2019-10,0.7506110310133361
d59611_2022-10,0.7953577390596064
14fe3a_2022-02,0.9423667221415035
9af74c_2019-02,0.19246013167300263
77b3b9_2025-04,0.9126063644949566
e7a56d_2021-01,0.9666010279295599
18defd_2018-01,0.03375837543591542
18defd_2020-02,0.4919939504232199
5a0174_2018-03,0.34149033492798914
8fabe0_2018-06,0.07792899552790958
6838b9_2018-05,0.0030431839176137646
90abb1_2020-02,0.994571819096205
14fe3a_2019-11,0.47953725852631673
e7a56d_2025-04,0.9486109115253906
4718d7_2019-11,0.898229137178701
8fabe0_2020-03,0.9862685683392934
34889b_2021-11,0.8451024332393401
14fe3a_2014-09,0.007097946553243983
14fe3a_2018-02,0.010243459815994779
8005b9_2024-09,0.9847138423378023
a25664_2018-06,0.017174892841279956
1822ea_2022-09,0.940390318438275
19fa84_2018-10,0.37224485932485196
e7a56d_2025-08,0.9735737282800606
18defd_2019-09,0.4737458592303034
f461d4_2014-08,0.004754800230056472
14fe3a_2024-03,0.9839654081128196
8005b9_2022-05,0.6052496780611476
8fabe0_2014-09,0.0014059982235361467
fc77d0_2019-10,0.5794802916674546
2167be_2025-07,0.01623992090145516
c5816f_2018-09,0.8646471393718347
c48018_2023-05,0.19463553907560435
f461d4_2022-07,0.9562890612583141
bc4c03_2023-09,0.9567550089541037
8005b9_2025-04,0.9621774347271266
77b3b9_2022-10,0.9650167197238455
fb737b_2022-03,0.043623752824109165
db4cd8_2022-09,0.9552485154026694
90abb1_2018-04,0.028639332123417252
90abb1_2025-06,0.9592479411457733
fd589c_2014-12,0.007481545570526455
c48018_2014-08,0.005346322033864264
5a0174_2024-12,0.9599580286418011
db4cd8_2018-03,0.16724101828595306
375f2e_2024-06,0.9164322921871149
e60b65_2014-12,0.0016450133235328104
e4bc80_2014-09,0.004348856018922462
18defd_2023-10,0.399503291212554
5a0174_2019-12,0.7381797004772465
f461d4_2018-05,0.03865314635589229
d59611_2025-04,0.8946786316619084
8005b9_2021-07,0.9637363021106443
6224d0_2017-02,0.008532023924042264
f461d4_2023-02,0.6484811593769538
34889b_2024-09,0.9528224850906927
894378_2021-08,0.9596884956665006
18defd_2018-03,0.04651779660961392
8005b9_2023-03,0.6479197146195333
375f2e_2024-08,0.949262565136257
8fabe0_2014-05,0.0037669462724537147
1698cf_2022-09,0.9274806275278421
fd589c_2016-10,0.1151534872686244
e361b7_2021-05,0.9065485450907412
4718d7_2015-01,0.002274903716445546
14fe3a_2014-11,0.004816657015237684
375f2e_2023-06,0.6617356707793668
0ffc2d_2019-12,0.0046127688291533525
5ecf9b_2023-06,0.004148113942552414
7e646c_2023-02,0.015692684834015497
5a0174_2024-05,0.9597361658668041
6f5e2b_2025-06,0.8203960990534166
ab32d7_2022-12,0.0039030974077605605
8fabe0_2023-06,0.7849371347049086
9befc8_2017-03,0.07514359973635125
0ffc2d_2020-02,0.008833094802998109
1698cf_2024-08,0.9853057880814732
0f9e86_2018-06,0.36963519060176103
11f0e3_2016-03,0.0034293702668942187
7e646c_2023-03,0.005271337825882496
0ffc2d_2024-11,0.9491363413812692
6da35b_2024-11,0.05356982527807809
5ecf9b_2023-09,0.006728215871826424
9befc8_2016-02,0.00809676769375385
ab32d7_2022-11,0.004992956441688814
8b98f3_2023-02,0.014173609609111374
74b7d1_2019-11,0.5030217305751826
7e646c_2024-09,0.04257792006519221
9befc8_2018-01,0.1382818650784961
0ffc2d_2024-03,0.9421167226553478
259a19_2023-07,0.9841696529063828
1698cf_2024-02,0.9973348067666661
259a19_2025-07,0.9363658207422592
0ffc2d_2024-07,0.5842545136552237
5ecf9b_2023-02,0.016407731724564483
cd0e60_2023-03,0.3169627585059802
0ffc2d_2024-10,0.9740612982830142
8b98f3_2022-04,0.005684869209635044
1698cf_2023-11,0.9191397997347056
0874ee_2015-03,0.006352457260590191
77e86b_2023-07,0.4573589056937551
8fabe0_2025-04,0.9537189518779479
7e646c_2025-05,0.03931241940510454
8fabe0_2024-08,0.8914486357935896
0f9e86_2015-10,0.004103011875873469
0ffc2d_2023-09,0.18063342924268294
259a19_2023-06,0.9578514276037058
6da35b_2022-10,0.00418875172433699
0f9e86_2016-03,0.0018352958346640577
6da35b_2023-05,0.005727463197307017
74b7d1_2018-12,0.06695542436039117
8fabe0_2024-03,0.9794748456816393
439fde_2019-09,0.266827592778739
8d0588_2024-03,0.9959158599503918
b59bc0_2014-12,0.019952348773263302
b0ff51_2021-02,0.9630638698204731
8d0588_2019-12,0.961185521707455
87cfea_2025-04,0.5006694419490554
b59bc0_2019-12,0.9781998251321227
b59bc0_2021-04,0.9983210832648992
b59bc0_2023-12,0.9920254512085218
b59bc0_2025-03,0.9941015338177435
b0ff51_2014-08,0.039854411313644325
b0ff51_2020-11,0.9895221009846946
c3a69f_2023-04,0.2994813800443959
b59bc0_2016-09,0.6488414235434584
b0ff51_2025-01,0.9987428621267282
c3a69f_2018-03,0.035406564322585946
8d0588_2018-01,0.768485273998618
b59bc0_2020-10,0.9939080059182899
b0ff51_2014-11,0.027861779471936233
b0ff51_2020-12,0.9987016914164725
b59bc0_2023-04,0.994845277748264
b59bc0_2024-05,0.9952479535075587
b0ff51_2023-03,0.9776764310198447
b0ff51_2018-10,0.9776373640922428
8d0588_2018-10,0.9826444235028526
b59bc0_2022-01,0.996416242104074
b0ff51_2017-06,0.919900518063876
439fde_2023-07,0.2039686638240241
c3a69f_2018-01,0.017359776238531154
77e86b_2025-08,0.9399816368278915
8d0588_2022-07,0.9653057128424658
b59bc0_2017-02,0.37055053423651213
b59bc0_2018-12,0.955270089220471
b0ff51_2021-04,0.993493269939217
b59bc0_2024-03,0.9951264231269652
b0ff51_2025-07,0.9968606540191366
0cecbd_2018-01,0.026206439512417
8d0588_2018-12,0.9733315230491986
b59bc0_2022-07,0.9976141304591389
c3a69f_2019-04,0.11258681439037625
83894c_2018-02,0.0008042428190870979
8d0588_2014-09,0.02675938161253779
8d0588_2014-10,0.0257586510888137
8d0588_2025-08,0.9934715452592092
b59bc0_2019-09,0.8323726756439931
8d0588_2021-06,0.973647989824606
b59bc0_2020-07,0.9986072979480485
0874ee_2015-01,0.011890208746967518
b59bc0_2016-12,0.8067498229382252
b0ff51_2019-11,0.9703455698731338
439fde_2018-03,0.016536028663530093
8d0588_2023-08,0.982220060390035
b59bc0_2024-04,0.996081047685164
b59bc0_2025-04,0.9918317313828139
b0ff51_2019-03,0.937780010624626
0874ee_2020-11,0.890102803799638
b0ff51_2020-06,0.9971254486633148
8d0588_2022-10,0.9463410367067888
b59bc0_2022-02,0.980935399979442
b0ff51_2023-02,0.9302566041783561
8d0588_2014-08,0.02482387782020933
8d0588_2018-06,0.8771425891854029
8d0588_2019-06,0.9579036603020182
b59bc0_2020-03,0.992987640853557
b0ff51_2019-08,0.935953445218515
8d0588_2014-11,0.02247799144287908
8d0588_2021-10,0.9984126360210821
a97df3_2019-05,0.009393953377285338
dc4b5e_2023-02,0.050903110396581
a97df3_2022-06,0.033224202256123485
b416b1_2024-04,0.9989524960961532
99c11c_2019-12,0.016815634011947724
b416b1_2021-05,0.9853375064527213
99c11c_2023-05,0.09916418743803049
7aa803_2015-04,0.010323740860455179
83894c_2020-01,0.05097039726917521
8005b9_2021-09,0.9621788330027076
7199cf_2025-08,0.15995190415763685
db4cd8_2015-04,0.007439295319361123
dc4b5e_2019-11,0.006570758143613485
99c11c_2022-10,0.20880536858789941
db4cd8_2021-04,0.9510446868750629
99c11c_2018-03,0.0006560917105290884
fc77d0_2018-06,0.05990576503792438
fc77d0_2023-05,0.8197369004770779
175155_2025-08,0.8695480199678205
34889b_2015-03,0.002653372719658167
1698cf_2024-05,0.9890651097127455
8fabe0_2023-07,0.9501416477896276
259a19_2025-06,0.9882400230268632
532867_2023-12,0.007664104154687742
e60b65_2018-05,0.005964672348119623
265164_2024-03,0.00696029493652994
987bc1_2017-02,0.22119643667312114
74b7d1_2024-07,0.7313863177118605
94f933_2024-02,0.0009476516266122268
987bc1_2025-05,0.8736134392486191
92dcdd_2022-03,0.08447734997550305
5a0174_2019-09,0.39402652538121774
532867_2024-09,0.009143101661298376
ab32d7_2025-01,0.0908006811549284
a42d13_2018-10,0.7669905729019587
1698cf_2023-03,0.9590912037006655
e60b65_2017-03,0.1797102705353139
5a0174_2022-01,0.9413701873189441
8fabe0_2025-06,0.8745012870447476
6f5e2b_2023-05,0.9600598735803744
a25664_2016-07,0.0017507301456327856
f25ffe_2024-07,0.0059851825351256984
175155_2018-04,0.026661504780475825
7199cf_2024-03,0.01448215954692095
6f5e2b_2020-11,0.9426729032866067
74b7d1_2024-11,0.6284303079943694
1822ea_2019-04,0.2590994069130809
ab32d7_2025-04,0.16109950580063537
fb737b_2023-04,0.06630769194629099
e60b65_2023-12,0.997208589140779
259a19_2021-07,0.9788331357236041
259a19_2025-05,0.9708712420598887
f461d4_2021-12,0.9853387524937096
175155_2025-04,0.9361421734905486
5ecf9b_2025-08,0.16012261763587846
92dcdd_2019-06,0.001415121363534039
fb737b_2022-07,0.06440730515856702
8fabe0_2023-02,0.7454321657268197
987bc1_2024-06,0.958904469765961
4fb2d3_2023-11,0.9981324261512216
f25ffe_2025-03,0.006479163183341193
92dcdd_2023-01,0.9473712547726237
a42d13_2022-11,0.9901682198692119
fc77d0_2021-09,0.9716647619895007
9af74c_2024-04,0.9982721104692922
4718d7_2022-04,0.9821126316065582
4718d7_2022-12,0.9473427582076505
fb737b_2022-09,0.13394564122036892
8fabe0_2020-12,0.911255308188937
7199cf_2024-06,0.017790624933618597
fc77d0_2020-03,0.9405762231031145
e60b65_2024-12,0.988765023236256
a42d13_2023-05,0.5369105729129869
6224d0_2018-02,0.0133907441737834
6f5e2b_2020-01,0.9546358112525601
532867_2025-07,0.009858022214545157
8b98f3_2023-05,0.00960526547932625
6838b9_2023-07,0.8477366806226392
6da35b_2023-10,0.004758017885242794
265164_2024-06,0.004485298422800919
4ee2d2_2025-01,0.004099100828073398
ab32d7_2023-02,0.021691603082806495
5ecf9b_2024-08,0.09720549318096093
6838b9_2021-09,0.26896701444252047
a42d13_2018-11,0.9182839251071118
8b98f3_2025-01,0.15561558955889765
0874ee_2018-04,0.018836193009569787
987bc1_2020-09,0.8568864726509691
92dcdd_2020-07,0.08832450777510195
987bc1_2021-07,0.985142535250471
439fde_2017-06,0.14469323134370454
0874ee_2019-05,0.14654833746277027
a42d13_2020-02,0.8660276339767404
a42d13_2021-08,0.9900222613377831
8fabe0_2021-10,0.98498809757035
4f2b6b_2022-08,0.008443327786594002
022433_2025-04,0.4470764408382385
4fb2d3_2021-10,0.8579094001870398
4fb2d3_2024-06,0.8684557779997686
a42d13_2025-08,0.9098643749139789
6f5e2b_2022-03,0.9918873763858956
5ecf9b_2024-04,0.27897411005145845
8fabe0_2019-07,0.6567877924515625
f461d4_2022-02,0.9775077969045831
ab32d7_2024-10,0.1624134564309066
987bc1_2022-09,0.38650439207244386
6f5e2b_2021-07,0.9859066421807394
6f5e2b_2022-11,0.7938305402059683
5ecf9b_2023-07,0.004132358774040098
5ecf9b_2024-02,0.007929222572367268
92dcdd_2022-07,0.42456608316035505
1b9e65_2022-08,0.8383849276793632
e60b65_2014-06,0.004891207688555406
a25664_2016-05,0.004259404419408852
90abb1_2021-10,0.994153024785193
1698cf_2019-06,0.33282789640102484
5ecf9b_2024-11,0.0739383220155233
0874ee_2014-08,0.007285613440984076
a25664_2016-12,0.06069186213713856
375f2e_2025-02,0.9587074197348529
c48018_2014-05,0.010218455340863885
90abb1_2022-06,0.6465934246394204
375f2e_2022-04,0.9006612674406892
bf6f0d_2018-01,0.16901620797230452
1822ea_2023-04,0.8595021544554182
92dcdd_2024-12,0.915418634574386
77b3b9_2024-04,0.8993647604534597
6224d0_2021-07,0.9918755455754318
e60b65_2016-05,0.0602768477229601
4f2b6b_2024-12,0.04396743954169732
0f9e86_2024-03,0.7005376305731715
34889b_2014-10,0.003309266561083733
987bc1_2017-05,0.4329149792378356
b416b1_2018-03,0.14082566047050565
bc4c03_2025-01,0.9897138164289809
375f2e_2023-11,0.989686162741631
375f2e_2023-03,0.9897841790621931
bf6f0d_2022-04,0.7308853898985948
11f0e3_2022-12,0.1912961148185086
90abb1_2018-05,0.0399628474979161
77b3b9_2022-12,0.9539167165481993
fb34b4_2024-09,0.06608135729439801
90abb1_2018-01,0.060989806967692115
1822ea_2024-12,0.9963826306676461
fc77d0_2014-12,0.0013657160757611672
fc77d0_2020-12,0.9456146673591229
948a11_2025-03,0.523578668700915
bf6f0d_2020-07,0.8034511808443324
1822ea_2021-10,0.9896902911667955
375f2e_2021-06,0.9916187607276471
9befc8_2024-04,0.6247358197281929
fc77d0_2024-07,0.8139344757168289
4f2b6b_2022-11,0.0231389064403159
bf6f0d_2019-04,0.4781002784689508
90abb1_2023-10,0.9663247715477546
375f2e_2015-03,0.0032840048544034027
375f2e_2020-07,0.9905277834785304
6f5e2b_2022-12,0.9393991962746082
34889b_2024-02,0.9918933430416232
b416b1_2017-04,0.6716506000143654
b416b1_2018-12,0.05836722805664525
34889b_2014-03,0.001924532693460193
375f2e_2021-04,0.9902009947986943
948a11_2022-12,0.00409398465536853
bf6f0d_2024-08,0.9232547001219107
375f2e_2024-03,0.9965803480248753
259a19_2021-09,0.939842203007288
e60b65_2016-09,0.12720040841514105
77b3b9_2024-09,0.9064046061701964
fb737b_2021-04,0.0029647623130889997
1822ea_2018-02,0.022909865556866957
1822ea_2025-03,0.954977790380499
375f2e_2022-10,0.620065572011032
e60b65_2023-06,0.4390960107038151
1822ea_2024-11,0.9732860275077179
375f2e_2022-01,0.9766322020825215
375f2e_2025-03,0.9883651119643664
531356_2025-01,0.9537358703306806
29849f_2015-02,0.005027928243619389
e83244_2022-07,0.9620441715707113
829a72_2014-08,0.02721973260997588
829a72_2016-04,0.0012169331504916295
db5006_2016-03,0.0030068148978756267
e83244_2016-05,0.0042380597169266775
e83244_2018-06,0.13283289832707953
db5006_2019-01,0.36346165533354136
545d15_2020-06,0.0036888316974842674
f4604d_2021-01,0.9696539254932702
f4604d_2023-04,0.22066903070205668
1b9e65_2019-06,0.2953169659431742
1b9e65_2023-04,0.2536682481895963
987bc1_2025-03,0.9938019999784298
531356_2024-07,0.9394650208835851
0cecbd_2014-12,0.006064494642918568
f4604d_2025-01,0.9048397513699219
531356_2022-03,0.9559712794163683
e2314a_2016-09,0.010429115757011305
e2314a_2020-12,0.9593128018759269
e83244_2020-01,0.9673256538166488
b1de95_2020-02,0.9494107993446816
98a151_2014-05,0.00205344356827561
98a151_2014-06,0.0026507949197253976
3a13b3_2023-10,0.9968390856803314
e2314a_2015-02,0.0010731510428210746
e2314a_2023-02,0.9707339304620591
e2314a_2024-07,0.9425249607699424
7a007d_2019-09,0.26384751855712973
db5006_2022-12,0.870513836404606
b73bc7_2025-02,0.9068213532319152
f4604d_2022-12,0.501851385931354
531356_2019-02,0.1545939927729873
e2314a_2023-10,0.9835382881088911
e2314a_2024-05,0.8820917518841603
e83244_2018-07,0.07056301078820112
e83244_2020-03,0.9836022525060931
0cecbd_2025-06,0.8147141509095402
531356_2025-05,0.8831136864860529
e2314a_2022-12,0.9520565433800645
e2314a_2025-03,0.9652022049097381
e83244_2019-07,0.8994832700331944
e83244_2024-09,0.9970505515685555
0cecbd_2021-06,0.849699227811895
3a13b3_2023-05,0.9928050566425161
f4604d_2021-07,0.9813273198984096
1b9e65_2021-05,0.9481755145662435
7a007d_2024-05,0.5249262567777949
531356_2015-02,0.005274691119386394
e2314a_2018-03,0.030344870280575913
e83244_2020-02,0.8945919864042718
e83244_2022-11,0.9880325238665195
829a72_2014-10,0.00293521112335403
f4604d_2023-08,0.7176962039928183
6224d0_2025-08,0.8727123610584652
987bc1_2021-03,0.9787933165910844
e2314a_2017-10,0.10366660367526119
29849f_2024-11,0.9342042560282358
987bc1_2020-05,0.9453478244026502
29849f_2024-03,0.886168427549983
db5006_2018-11,0.4503092453762261
1b9e65_2018-03,0.05400404778329288
545d15_2020-11,0.07298896173428417
e2314a_2023-09,0.8039228305551316
e3af0e_2014-10,0.008840854402534936
60a0fd_2022-02,0.3860272351601649
f4604d_2024-05,0.9219649221552191
06534f_2025-02,0.9364751985075646
29849f_2024-09,0.9719866375477396
e83244_2021-11,0.9857855024124103
e83244_2023-12,0.8437399078866372
e83244_2024-03,0.9735130338332637
98a151_2014-11,0.0015986805083604515
b1de95_2024-06,0.9962714128501446
db5006_2024-12,0.9672315422779615
f4604d_2022-06,0.5840993136097222
531356_2022-01,0.9702357641031636
531356_2025-07,0.9854600616128424
f1543b_2017-08,0.07638126151494157
e83244_2017-07,0.2209676753603074
829a72_2015-08,0.0026896326987861955
0cecbd_2016-05,0.0018704311879897564
29849f_2020-02,0.39707440226535484
3db670_2018-01,0.7395057419286774
db5006_2021-11,0.8856346418718083
1b9e65_2019-10,0.6388816580594147
e2314a_2018-07,0.07183744169932137
06534f_2025-08,0.9895837424039614
6224d0_2024-06,0.9104815771511406
e2314a_2019-07,0.9398576336895891
29849f_2018-05,0.03595492775504555
e3af0e_2015-04,0.004120395569457496
60a0fd_2018-04,0.28074708960105826
db5006_2016-05,0.0008751717906676768
db5006_2018-02,0.010716028977712068
db5006_2023-05,0.9182346667416412
1b9e65_2024-06,0.9956699619988488
e2314a_2024-04,0.8453123995762267
e83244_2016-04,0.0026733578906213457
88a9a6_2015-12,0.001916167547506226
e3af0e_2014-04,0.01952809243369547
0cecbd_2023-04,0.7021011828631315
e2314a_2021-04,0.9790573707988411
e83244_2019-09,0.6665748239591964
98a151_2018-04,0.6503126964220763
c580aa_2023-08,0.9969616163326669
f4604d_2023-09,0.7858303587249118
531356_2016-10,0.05242600119770944
531356_2019-07,0.38023174515599956
29849f_2025-06,0.905137862396695
db5006_2019-02,0.03467469825192487
e2314a_2017-11,0.04154528703696744
60a0fd_2014-09,0.011281409051946443
29849f_2019-02,0.2734110360553665
e83244_2015-09,0.005447687337759637
e83244_2019-02,0.07977570484431483
06534f_2024-05,0.9961234102254984
98a151_2014-10,0.0029588510205128407
f4604d_2022-01,0.9797740621175116
6da35b_2024-04,0.006788972558954003
7a007d_2017-06,0.13411460777237766
175155_2018-10,0.12021949914267097
af81b0_2019-02,0.24284941506321098
022433_2021-10,0.003626755527276464
022433_2024-02,0.06267408213643434
7e646c_2025-04,0.08760780172392739
022433_2023-07,0.16601458240970862
531356_2019-06,0.3288948832292521
7a007d_2018-10,0.20020383327859376
731908_2017-12,0.009352516372169195
022433_2024-07,0.12204382116531505
7a007d_2024-10,0.5595699892743982
d86999_2020-08,0.9293361406121844
f500c5_2019-12,0.2505656120798133
c580aa_2019-06,0.975716648919947
c5816f_2017-11,0.42934228868443497
531356_2024-11,0.9990694035804843
6da35b_2025-07,0.07308030643934241
531356_2024-10,0.9915203167398027
98a151_2022-08,0.726355949126875
022433_2021-09,0.003758762947101454
af81b0_2014-12,0.00580936269771606
fa8553_2021-10,0.013705062960826292
022433_2021-07,0.005238264112945594
f4604d_2019-07,0.29769010020037284
531356_2025-08,0.9599564871513739
c580aa_2019-05,0.9860850603182848
7a007d_2015-02,0.0033075509426390808
e83244_2021-02,0.9814121277093197
dc4b5e_2023-08,0.5019340375003799
fb34b4_2024-07,0.10292564627772594
af81b0_2014-05,0.0022444927649626057
83894c_2017-04,0.00575309331528152
531356_2016-07,0.0030776741876925194
1822ea_2024-06,0.9706637844884757
77b3b9_2014-11,0.017112231130375664
f4604d_2025-03,0.9978188530879764
dc4b5e_2024-06,0.9180937579564753
dc4b5e_2024-08,0.8870562550079433
1bdb97_2024-05,0.0532165912252599
4ee2d2_2024-05,0.0019156129630378952
424c1b_2025-08,0.0023297656838504955
1698cf_2017-02,0.03639987563102105
1822ea_2019-08,0.8100715236198016
29849f_2017-12,0.3978540127410918
531356_2016-05,0.004662526487353728
424c1b_2024-12,0.002343856361194614
b1de95_2019-08,0.9772381959897916
424c1b_2025-05,0.009800576855126964
90abb1_2019-06,0.30775100343049966
f4d28d_2025-05,0.01202939930876951
6224d0_2020-12,0.9560178343770518
4ee2d2_2025-07,0.0032098756219694023
f4604d_2017-08,0.2306459871366284
bf6f0d_2022-01,0.9909160473159839
b08ec1_2022-12,0.5547520445736503
265164_2024-07,0.0036911125807737653
948a11_2022-05,0.0014392959008066304
4fb2d3_2017-02,0.06279983592445776
1bdb97_2025-06,0.02995589603275558
90abb1_2021-11,0.9948196666600116
af81b0_2017-02,0.032449748341913824
dc4b5e_2024-05,0.8064273863565801
db5006_2021-07,0.9601645527346572
9af74c_2020-03,0.9968704979730995
424c1b_2025-01,0.0018129754360434011
29849f_2018-09,0.39386819125560285
1822ea_2016-07,0.003541098355230822
1bdb97_2023-11,0.28935164155066456
fb737b_2021-05,0.01194199210355614
531356_2020-10,0.9727695698180895
8005b9_2018-02,0.012263081672289379
531356_2016-06,0.0036188288965085125
531356_2019-08,0.5821074021641168
db5006_2018-07,0.12240304800594057
74b7d1_2023-03,0.7290793732577284
531356_2017-01,0.06791073834140765
bc4c03_2015-04,0.019872396475359672
af81b0_2019-06,0.43020256182232736
f4604d_2017-05,0.2207728823408856
dc4b5e_2023-05,0.11175483846574476
b73bc7_2019-07,0.9933367314620533
531356_2016-03,0.00429901461979417
b08ec1_2023-01,0.6709029692543509
429b22_2025-03,0.0041067756772589815
1822ea_2019-03,0.6808647476206539
6838b9_2023-11,0.9827778890516397
293190_2020-09,0.9331533206989548
7aa803_2020-04,0.5865198757466032
88a9a6_2020-07,0.6845638611038365
bc4c03_2025-02,0.96525728018123
9af74c_2015-02,0.0009232763757132283
e7a56d_2017-08,0.17449787722914348
3db670_2019-01,0.9501318989567216
9b46ed_2019-07,0.31509677985058326
9b46ed_2020-04,0.5062694175657222
375f2e_2016-05,0.003953611088308404
9b46ed_2018-11,0.28182505645226996
e2e0ce_2020-04,0.35389774874319635
c5df88_2017-12,0.2339412815865355
c5df88_2026-02,0.9750973819807148
4fb2d3_2016-10,0.05558087430874755
9b46ed_2018-07,0.35761098021371135
0ffc2d_2021-07,0.010504616634996867
1bdb97_2021-10,0.013333953884588702
1bdb97_2024-04,0.09044369869643541
e3af0e_2018-08,0.6990187813404187
14fe3a_2018-10,0.49324604963131474
829a72_2024-09,0.992283324715313
90abb1_2018-02,0.008647942132649139
9b46ed_2017-03,0.0730103664903213
18defd_2023-02,0.6471201539297823
2ab8ad_2025-04,0.9879251118343647
c5df88_2024-11,0.9825622347163829
0ffc2d_2021-03,0.06313849880253272
6838b9_2020-08,0.12208617268635111
9b46ed_2020-07,0.4226628816251109
7aa803_2020-02,0.7578736232059179
7aa803_2020-10,0.30775086152074
8fabe0_2023-04,0.8885029588645108
a42d13_2014-08,0.0022890098771382855
2ab8ad_2020-01,0.3603246933235203
88a9a6_2016-05,0.004203308309474022
1822ea_2017-07,0.2718668626939651
6838b9_2020-12,0.14507953559198128
db4cd8_2023-10,0.9802630910636803
af81b0_2019-10,0.8594894027585152
293190_2020-05,0.9379610474578006
cd0e60_2020-12,0.018826093020329605
6838b9_2022-09,0.7117308905429276
259a19_2022-09,0.9451525045151434
c5df88_2020-07,0.9468082132495329
88a9a6_2019-12,0.34091498570886813
5a0174_2022-06,0.9402570558890783
0cecbd_2020-09,0.9803387047390758
9b46ed_2020-05,0.11302920531909262
4fb2d3_2024-09,0.8615730154295369
f500c5_2022-02,0.5581730831796672
2ab8ad_2018-06,0.07862578476606868
c5df88_2024-03,0.9701632890793986
7aa803_2020-03,0.6145243990906336
88a9a6_2021-02,0.9637911740459056
f1543b_2019-01,0.05635397580472257
88a9a6_2019-10,0.08038900670567228
8fabe0_2021-08,0.9605832077398966
60a0fd_2022-06,0.8465742424118923
c5df88_2025-02,0.974532218991351
74fb1f_2020-08,0.7220215270411976
d59611_2024-07,0.7856416135256791
0e8d73_2023-05,0.003869170365660694
6838b9_2019-02,0.001735764477942095
88a9a6_2016-06,0.0033258707074828096
a25664_2022-04,0.7181760324130511
6838b9_2019-11,0.06394751633362933
f461d4_2019-07,0.7048348427619792
9b46ed_2019-05,0.12217044993702253
e2e0ce_2020-06,0.39459707524909454
e2e0ce_2020-10,0.21366155892752023
74fb1f_2020-02,0.6829115752841532
3a13b3_2025-05,0.9935019003157807
e2e0ce_2020-09,0.34956709952157167
74fb1f_2020-11,0.6303908954021906
0e8d73_2024-03,0.0028079369288185906
7a007d_2018-05,0.04851529303941344
829a72_2019-12,0.8449601770197722
1996b0_2023-03,0.003493268063221989
1996b0_2023-11,0.003087360740814019
60a0fd_2019-08,0.5124167970564872
f500c5_2014-12,0.00789331509826932
731908_2018-03,0.03136554881419419
1996b0_2024-09,0.08430750142698973
1996b0_2024-07,0.010416789352859255
e3af0e_2018-10,0.5231006017464058
1996b0_2023-04,0.00403564493858295
f1543b_2020-07,0.44558380384241963
f1543b_2015-04,0.008280933655495105
e2314a_2020-04,0.9937876767275128
29849f_2017-01,0.157635696758527
fb34b4_2023-06,0.011448357341455977
f1543b_2019-10,0.9143329007374689
429b22_2025-06,0.002666826402813491
c580aa_2023-10,0.9838593183431142
948a11_2022-06,0.0023887752918168134
fb737b_2021-08,0.006247349723543416
fb737b_2021-10,0.12439719755865494
f500c5_2020-02,0.5539519351063307
9af74c_2015-10,0.00818982234358138
e83244_2020-05,0.9737729842834452
4f2b6b_2025-06,0.052789560363322094
e83244_2020-07,0.9691224115228586
c580aa_2015-01,0.011688220615889628
e2314a_2022-04,0.954230963737295
d59611_2020-10,0.9105081430816832
11f0e3_2014-12,0.004234252810986333
92dcdd_2024-02,0.9658424673011307
11f0e3_2020-06,0.7943579792925404
f1543b_2019-07,0.17995683329174256
29849f_2025-09,0.9876984878921606
7bf5c9_2019-10,0.3255149642995492
545d15_2021-04,0.1009314805721833
6224d0_2020-03,0.9777628767458347
9af74c_2018-11,0.7706625833611708
e7a56d_2015-08,0.0036898085977552773
259a19_2017-04,0.10597551431115396
8005b9_2017-06,0.7113484466623373
06534f_2015-09,0.0004961231888630867
3db670_2024-10,0.9974967462009747
c48018_2017-03,0.1238823252483847
4718d7_2015-11,0.001474915637229858
3a13b3_2023-11,0.9387389734052292
4718d7_2016-03,0.08783252231610092
4718d7_2016-01,0.0038656833673857585
6f5e2b_2017-04,0.27358854930641907
98a151_2016-06,0.09028795327446844
7a007d_2021-12,0.960863850307927
a97df3_2019-07,0.003651155026224318
8fabe0_2021-04,0.9602837587446811
7a007d_2015-09,0.0038390070058457494
1822ea_2018-10,0.17432652900943663
7a007d_2020-05,0.44465258278837966
90abb1_2021-05,0.9862182983262509
77b3b9_2015-04,0.014206909138995194
1bdb97_2024-06,0.03670418380360381
bf6f0d_2015-06,0.007181722521226152
8005b9_2017-08,0.22963763421155337
b08ec1_2016-05,0.015403744932218117
7a007d_2021-07,0.8463964962172492
bf6f0d_2019-10,0.6723660185880661
7a007d_2015-06,0.007214020719281621
829a72_2016-05,0.0014112016910277875
375f2e_2018-10,0.07706003506618436
18defd_2016-12,0.1792340047633709
b08ec1_2017-04,0.4487385366195066
77b3b9_2022-01,0.9875737183428303
7199cf_2023-07,0.01633503645729957
7a007d_2020-12,0.8084584731979064
1822ea_2024-09,0.9968445319716127
bf6f0d_2015-08,0.0028885608969306024
d59611_2016-01,0.0014134152246730192
1bdb97_2023-07,0.05546097801346255
7a007d_2020-11,0.823365064961633
3db670_2022-07,0.996838051910038
b73bc7_2025-03,0.9433152531457931
7a007d_2023-10,0.9587989697452913
e7a56d_2021-07,0.9139115249912388
bf6f0d_2020-11,0.8990366614806314
4718d7_2018-09,0.7567012547833196
bf6f0d_2017-06,0.15823561318129695
a42d13_2017-08,0.1898659927155931
b0ff51_2020-05,0.9981763987464571
fb737b_2020-03,0.00678497227658587
b0ff51_2020-07,0.9965096493072734
af81b0_2024-02,0.6837770556071145
77b3b9_2016-06,0.07293319909904901
34889b_2021-07,0.9779077907333031
b73bc7_2023-06,0.9929499676204823
af81b0_2023-12,0.8232158594890343
af81b0_2025-05,0.8848287129953875
8005b9_2021-03,0.9935492686107308
293190_2016-04,0.0071826325416315395
a97df3_2023-04,0.3805122766463874
a97df3_2022-01,0.06154087250576944
9befc8_2020-10,0.9855317382255261
375f2e_2021-05,0.9939438520060665
948a11_2022-01,0.0075349328002904
fc77d0_2021-04,0.9689535690400777
4fb2d3_2020-04,0.9712416448939852
375f2e_2021-02,0.9947401904142619
af81b0_2025-06,0.9275144974577907
439fde_2021-07,0.9803309467113622
829a72_2022-05,0.962106036269579
fb34b4_2022-07,0.026614056212616807
259a19_2025-09,0.9507363615060587
439fde_2016-07,0.0061419365331791004
f461d4_2020-06,0.9819064950552052
92dcdd_2018-08,0.007187042196520433
439fde_2016-06,0.0029316100127156743
f500c5_2019-07,0.17303924749863508
b1de95_2018-06,0.8089980061857551
6f5e2b_2021-05,0.9864336109505543
2ab8ad_2015-09,0.004255855136750783
e60b65_2017-10,0.09680228860576984
fd589c_2015-10,0.0030335202144783084
1bdb97_2024-02,0.242469482925901
77e86b_2016-04,0.00078623472156433
6838b9_2021-03,0.047240030005508984
fd589c_2015-12,0.0014988539874718951
8fabe0_2015-12,0.0013804386582746818
a42d13_2018-08,0.6257291997457509
5a0174_2016-05,0.009117521374206293
db4cd8_2017-07,0.14279563375537435
d59611_2020-04,0.9943557232351299
6c1954_2020-04,0.04703479869992987
6c1954_2020-11,0.07550925559692107
8005b9_2020-08,0.971264777769943
b73bc7_2017-02,0.26389485695655884
b73bc7_2024-12,0.9978328719934243
d59611_2017-05,0.6014272242767813
cd0e60_2019-10,0.046929502024494425
a42d13_2018-09,0.6804505567489566
fc77d0_2017-06,0.11389421546542146
34889b_2016-09,0.25512200714784034
db4cd8_2017-06,0.15584624974473282
fb737b_2020-11,0.004792781022453845
b416b1_2016-07,0.016066654356922713
9af74c_2018-09,0.5823568772976451
af81b0_2015-05,0.0015364016844175807
af81b0_2020-06,0.505557760792293
fb737b_2020-06,0.016743253574677326
1822ea_2020-05,0.9812797759086481
f461d4_2017-06,0.5212870410667834
77b3b9_2018-07,0.06730578498376863
a25664_2018-10,0.195455382226102
cd0e60_2025-02,0.9168002066440218
c5df88_2017-03,0.15073889853683303
3db670_2016-02,0.003295270273793516
cd0e60_2023-10,0.5201937966307486
c3a69f_2016-12,0.01447220244224071
cd0e60_2024-01,0.7501987961905909
cd0e60_2024-05,0.8903986388303048
cd0e60_2024-07,0.9120332827073873
2ab8ad_2018-07,0.24498991838618656
fb34b4_2025-01,0.4309230137074499
cd0e60_2024-12,0.9215534673803744
8005b9_2016-09,0.05690337980537617
bf6f0d_2017-05,0.36527195058581174
375f2e_2016-06,0.00795758584097922
7bf5c9_2017-10,0.1341282793993801
74b7d1_2017-05,0.06849976830982474
34889b_2020-12,0.9075736498995418
8005b9_2016-05,0.02427508822977595
77b3b9_2016-01,0.0023263341343873357
19fa84_2017-11,0.06533803948287258
8ec563_2014-06,0.018647747025154877
6224d0_2017-08,0.02050912564747745
c5816f_2018-11,0.8961538611531307
8fabe0_2015-07,0.004753840014125613
c5816f_2015-06,0.005771741111729045
77b3b9_2015-10,0.0015615296608220684
19fa84_2018-07,0.38910793418549966
175155_2015-07,0.0073040302233883005
db4cd8_2015-12,0.0005086104225586455
e3af0e_2017-06,0.03314593880916302
fd589c_2018-11,0.9470169179020901
e3af0e_2017-08,0.20866712125147313
8005b9_2015-10,0.006514188200080889
f1543b_2016-01,0.002052326758735676
a25664_2016-03,0.0035198169610424616
a97df3_2022-03,0.14838429261481148
b08ec1_2018-11,0.3359450120596141
b08ec1_2020-06,0.9462461464658711
dc4b5e_2020-12,0.07054547271951564
b08ec1_2021-03,0.94842149522303
dc4b5e_2020-10,0.04931314215953885
dc4b5e_2021-05,0.9059627831743057
88a9a6_2020-05,0.874323115110933
9b46ed_2017-09,0.18406179126142144
c5df88_2018-08,0.3147784654933852
34889b_2018-09,0.8268364510104563
8005b9_2017-03,0.7030793400717323
dc4b5e_2020-06,0.02244904073537117
2ab8ad_2017-12,0.2120728417923645
b1de95_2018-01,0.7642028283916688
0cecbd_2016-09,0.0018667089105354356
b73bc7_2020-09,0.9950251594027852
3db670_2022-06,0.9801214673626977
a97df3_2021-05,0.29316445139821246
b1de95_2021-08,0.9932836887862518
0cecbd_2017-01,0.15508823348731038
3db670_2020-04,0.9929876271079141
b73bc7_2021-05,0.9619319111241187
b1de95_2021-10,0.9960557989300692
c580aa_2021-10,0.9942679033187201
3db670_2017-03,0.8893647782156379
3db670_2021-01,0.9845190000436239
175155_2015-10,0.0029766011713389206
1822ea_2015-11,0.00041621297937154394
3a13b3_2020-10,0.9969561825766681
3a13b3_2020-11,0.9954515070323344
3db670_2020-09,0.9904238058115984
3db670_2022-09,0.9959333183686474
3db670_2016-09,0.012826722385958268
531356_2015-09,0.00357839201279498
c580aa_2021-09,0.9932023716730319
3a13b3_2018-08,0.6278950768041031
06534f_2018-11,0.9744525715069604
a42d13_2015-08,0.041970051510110976
8ec563_2020-08,0.9221150881175555
92dcdd_2020-05,0.0022072849305385025
d59611_2015-09,0.006759941125224826
6224d0_2018-07,0.15352641273899578
9f1aa0_2017-01,0.4013497335546365
0874ee_2020-05,0.9698489546426692
3a13b3_2023-02,0.9848667649170041
b1de95_2022-07,0.9909950165479576
b73bc7_2022-02,0.9849937903393386
c580aa_2021-08,0.9920361958980356
98a151_2015-07,0.0032167037255179877
b1de95_2023-09,0.9941368931494844
c580aa_2022-01,0.9949609024937461
b73bc7_2022-01,0.9808669153333731
98a151_2016-03,0.09241397568759224
af81b0_2021-03,0.970947778519353
af81b0_2022-12,0.762727654390485
af81b0_2021-05,0.9508159644298892
af81b0_2020-09,0.9530482783028315
af81b0_2020-08,0.954217397940692
8fabe0_2016-04,0.10898267280022803
e60b65_2021-06,0.9586655001458307
e60b65_2020-03,0.8795320897403721
0f9e86_2014-10,0.00382213714789025
8005b9_2021-01,0.9908508694263087
3a13b3_2015-11,0.006098711200362884
1996b0_2024-11,0.25956840350352617
6224d0_2015-06,0.013601056013310086
e60b65_2019-09,0.7506452530265767
1996b0_2024-12,0.22168785821285975
3a13b3_2017-08,0.0841226152282554
e60b65_2021-08,0.9576840640108559
9af74c_2018-08,0.5310758257341331
d59611_2020-12,0.9164999541914194
db4cd8_2021-03,0.9447502528845242
db4cd8_2020-10,0.8653474796121501
6224d0_2018-09,0.26003411436769636
510fbf_2023-09,0.009433093921091797
14fe3a_2025-09,0.9566030113575628
5a0174_2016-12,0.07160674227530296
1822ea_2015-08,0.01563779988607257
60a0fd_2017-07,0.18691831134962114
e3af0e_2017-01,0.03559319813476075
90abb1_2016-11,0.38436657263757995
c3a69f_2015-09,0.000968615846720131
90abb1_2015-10,0.0026358387707663506
b416b1_2020-08,0.9764725521956303
6224d0_2017-09,0.07044747108265902
6f5e2b_2016-06,0.10980787483956748
db4cd8_2016-10,0.07894144997667554
d59611_2017-11,0.13589874583362715
bf6f0d_2025-09,0.9401740127829147
14fe3a_2016-04,0.00661765443216525
4fb2d3_2016-01,0.0010783486108211116
14fe3a_2016-10,0.27416280060314213
4fb2d3_2015-12,0.0011019405707061042
db4cd8_2018-11,0.6258281135159898
293190_2016-08,0.17076616819257254
f1543b_2016-04,0.07937180157974574
9b46ed_2024-05,0.9846751713602421
8fb6f0_2020-06,0.892110653432501
f1543b_2018-08,0.623935316482729
f1543b_2018-10,0.5100023884543774
7bf5c9_2016-07,0.07282254248280201
7bf5c9_2025-08,0.9579467855720205
9af74c_2020-04,0.9982802507872368
b0ff51_2018-07,0.853212280960375
b08ec1_2015-11,0.0007380893069708889
77b3b9_2015-05,0.002538961150881925
4718d7_2017-11,0.04310225448363631
545d15_2023-05,0.8765958009676632
7a007d_2018-09,0.534546624154231
545d15_2021-12,0.06547551875821239
545d15_2025-08,0.980145686023531
545d15_2023-03,0.8588992183052525
74b7d1_2021-08,0.8839284121636555
74b7d1_2020-10,0.8477750053122335
74b7d1_2020-05,0.917744756500084
74b7d1_2021-04,0.8757363109246876
74b7d1_2018-10,0.07747385108074444
8fabe0_2017-09,0.2840602280316793
74b7d1_2018-07,0.061865925614728146
c5816f_2017-01,0.19061459186536397
3a13b3_2021-07,0.9966768787268501
3db670_2018-08,0.9811479069227809
3a13b3_2021-09,0.9965435076463021
c580aa_2016-07,0.38796483410633903
3a13b3_2017-01,0.02729551164033876
c5816f_2016-10,0.2933178257813876
c580aa_2017-10,0.8841662822261079
c580aa_2015-12,0.0025749280442398685
3a13b3_2016-12,0.02772907023220536
b73bc7_2023-02,0.9931694475974726
b1de95_2015-12,0.002162795647269702
c5816f_2020-06,0.9770254596373054
90abb1_2015-11,0.0038016524259143303
dc4b5e_2019-03,0.0233594890571798
18defd_2016-02,0.0027416204765147076
b1de95_2016-08,0.004656330967582982
18defd_2015-12,0.00539577577810771
18defd_2022-10,0.5980026012643314
d59611_2015-07,0.0032851292231346274
18defd_2021-08,0.6670558274893902
b1de95_2018-11,0.8353321738488159
18defd_2022-11,0.6421336355336044
c48018_2022-05,0.6624380347039
0874ee_2018-09,0.3450049774286428
c48018_2016-11,0.41657161420449923
18defd_2021-04,0.6168000535133877
c48018_2021-02,0.7243374316044167
18defd_2021-06,0.678835619729887
c48018_2016-09,0.14364348242231767
c48018_2020-09,0.8862886577366327
259a19_2016-07,0.32419024080691383
0874ee_2015-05,0.025331523911208728
5a0174_2018-08,0.3105088963770893
0874ee_2018-07,0.38605690481283145
18defd_2022-03,0.6641868977875692
8fabe0_2015-05,0.00597014105585291
e7a56d_2020-10,0.8455930973373146
18defd_2020-05,0.9197267518591334
18defd_2016-04,0.07292988341615872
18defd_2022-07,0.6176030917837186
18defd_2022-08,0.608030782093562
c48018_2022-03,0.7060995286672539
829a72_2018-11,0.6124709327703476
8fabe0_2017-12,0.11275814361630247
6f5e2b_2025-09,0.946914215189264
e3af0e_2016-03,0.03583985976769769
5a0174_2015-06,0.0027298402802915416
f461d4_2016-10,0.42022935566283287
8fabe0_2016-07,0.22852124144687622
8fabe0_2017-01,0.24092818250729964
8fabe0_2021-12,0.9703741395888043
8ec563_2017-10,0.2293893830862861
60a0fd_2016-11,0.026027699026500623
829a72_2016-07,0.023444462479570164
829a72_2017-01,0.031124939801075314
90abb1_2016-05,0.02911163043516611
1698cf_2020-05,0.9767446249619557
f461d4_2016-03,0.06857374893361416
1698cf_2021-04,0.9700077254357685
5a0174_2016-07,0.24811929802829602
60a0fd_2015-12,0.0011016074121135064
829a72_2020-09,0.966216211143422
98a151_2016-01,0.008272492065345546
60a0fd_2016-10,0.034562291954336494
14fe3a_2017-12,0.453272842726689
8fabe0_2016-11,0.2877611300996293
5a0174_2021-06,0.9904976095869933
e2e0ce_2017-09,0.30264820943993603
f461d4_2016-11,0.1369270444563563
f461d4_2016-06,0.463628503029194
1698cf_2021-01,0.9150847070555097
f461d4_2015-05,0.0050407798883514154
e3af0e_2016-09,0.04173715871941931
90abb1_2016-08,0.38237969036960334
6f5e2b_2021-06,0.9902093449044317
6f5e2b_2020-04,0.9824904581507382
1bdb97_2021-11,0.00697879745261517
14fe3a_2020-12,0.9384445692242503
e361b7_2016-11,0.07046696091871821
14fe3a_2020-11,0.9376277816001982
e60b65_2017-11,0.04509176150152831
e361b7_2016-06,0.037101044484453026
e361b7_2016-12,0.06366326872098207
9af74c_2017-07,0.05608505573442617
b73bc7_2021-04,0.8372625864675179
1822ea_2018-11,0.23088609327264117
9af74c_2020-11,0.9932611419566181
bc4c03_2016-04,0.003453265340700274
b73bc7_2020-06,0.8145921426153198
424c1b_2024-04,0.0972558910212878
9af74c_2016-10,0.28495283396405063
1822ea_2017-05,0.5790587270481694
bc4c03_2015-06,0.0024729730896306183
77b3b9_2017-09,0.06306843770168787
987bc1_2018-11,0.32902007245774473
b73bc7_2018-10,0.9730821549179427
439fde_2022-01,0.9926711498796282
c3a69f_2018-10,0.3705846548723631
439fde_2022-02,0.9918660855768576
439fde_2021-12,0.9925720934206902
439fde_2016-11,0.1743421157435085
99c11c_2016-10,0.0010314805612626542
c3a69f_2016-11,0.05296601582211179
bfbeef_2020-05,0.9450268901655507
439fde_2021-11,0.9907930498240515
87cfea_2017-01,0.0018035718344751256
439fde_2022-10,0.9794428422477859
c3a69f_2017-07,0.0701459631694148
87cfea_2016-05,0.0014084273926256116
77b3b9_2020-05,0.9379016024287836
375f2e_2017-12,0.05199493128806338
29849f_2021-11,0.9666928436146525
7a007d_2017-01,0.4630673155202995
d59611_2018-08,0.7424077862733915
8005b9_2018-11,0.20600296480670802
8005b9_2018-07,0.22847130612068042
29849f_2020-05,0.9820384049946065
c3a69f_2018-11,0.3965149949389375
a42d13_2017-01,0.4271231680706822
c580aa_2022-09,0.99620279117435
06534f_2021-12,0.9949673606211551
b73bc7_2024-01,0.9975308329563981
88a9a6_2017-09,0.16657717061553398
259a19_2016-02,0.0022245728758723935
259a19_2015-12,0.0022787860666232235
a42d13_2016-06,0.24955037554979956
948a11_2021-12,0.009711064644113957
f500c5_2018-11,0.8591867695156973
259a19_2016-01,0.0029150586819333877
8d0588_2015-09,0.003944030743459582
77e86b_2017-03,0.05670631851563208
99c11c_2020-05,0.2871944082298667
83894c_2023-09,0.9686143402726956
90abb1_2018-09,0.26207415884308016
259a19_2021-03,0.9951896981929991
83894c_2023-11,0.9749555257051089
83894c_2023-03,0.9544604877596609
83894c_2023-12,0.9765247275762408
83894c_2022-12,0.9124643017335002
b416b1_2016-01,0.008178986192286184
4718d7_2023-10,0.9936508143290949
e60b65_2024-01,0.9964835201489778
0874ee_2020-08,0.3195906838064447
b416b1_2022-06,0.31768460321488773
a25664_2023-12,0.9374781619107889
db4cd8_2021-09,0.9572865049942365
8005b9_2024-01,0.9654254900536999
fc77d0_2019-01,0.700666849360274
9af74c_2019-09,0.5454471259052175
b1de95_2019-02,0.537923011063707
531356_2024-09,0.946942773725823
e83244_2021-06,0.9863731110402663
6838b9_2018-08,0.004595552376837934
a42d13_2015-04,0.00856952810695917
0ffc2d_2021-06,0.08212569723353666
9af74c_2024-06,0.9502867504142944
731908_2015-12,0.0010444106182299197
bfbeef_2021-05,0.673401282014875
8fb6f0_2025-08,0.8206743815612806
0f9e86_2022-08,0.23401849944119224
8fabe0_2018-03,0.23358741228671953
b416b1_2022-11,0.13175308923271545
db4cd8_2018-06,0.03538420572744964
b416b1_2020-06,0.9361573828624519
f461d4_2015-01,0.0026727937417323345
d59611_2021-07,0.9677337802193957
1822ea_2023-08,0.5817368057134997
14fe3a_2023-07,0.9660156293939327
14fe3a_2023-10,0.5729636948722268
4fb2d3_2022-12,0.6822060706136865
06534f_2023-06,0.9349726933894403
06534f_2023-07,0.991172487495756
e83244_2025-01,0.9296208812486328
7199cf_2025-03,0.00831144960680209
e60b65_2019-11,0.8288298093368299
77b3b9_2019-12,0.9794331143400908
fc77d0_2015-06,0.00691045287976343
987bc1_2021-10,0.9332989736388722
bfbeef_2022-08,0.4077554165672421
d86999_2017-06,0.05792669870437542
8fb6f0_2016-04,0.033787966513024174
5a0174_2023-11,0.9937233642544707
8fabe0_2023-03,0.9404111726396541
6838b9_2019-10,0.010235260110589625
77b3b9_2018-11,0.7647634252458857
375f2e_2022-05,0.8964330541042103
af81b0_2018-03,0.19482622488734577
29849f_2017-06,0.11060418845283669
b1de95_2023-05,0.9678409845402502
022433_2025-07,0.8434934125662945
6224d0_2016-11,0.0555578759423197
fb737b_2025-02,0.5265127104024425
e60b65_2023-01,0.9663057873426371
e60b65_2025-02,0.8809683603252367
bc4c03_2022-08,0.761321692916191
a25664_2020-09,0.8762249153878008
90abb1_2019-02,0.6753785965575345
375f2e_2018-12,0.10195751113290777
9af74c_2021-11,0.9475090579742331
bfbeef_2024-01,0.7117352926879316
b26809_2023-06,0.5785359360333535
9befc8_2022-04,0.1744149965386823
fc9334_2025-05,0.9364390076891819
8fb6f0_2019-01,0.33987174648186574
dbb709_2022-11,0.0012720095154954132
0f9e86_2020-03,0.7821957966496406
0f9e86_2020-09,0.708193805227441
0f9e86_2022-02,0.40190709759251386
9cf1af_2023-04,0.004792916877880851
92dcdd_2018-12,0.0015049201055030346
9befc8_2021-01,0.834110156520893
4718d7_2015-03,0.002534691477610244
fb737b_2022-11,0.32487568401637595
1698cf_2024-04,0.99103189969403
77b3b9_2019-05,0.4008342067830498
77b3b9_2022-07,0.6471785137456545
34889b_2017-04,0.13581077460490112
14fe3a_2019-06,0.3333852430902282
14fe3a_2024-06,0.7921923749293697
8005b9_2018-01,0.2611727441064713
fc77d0_2015-01,0.0026861832831783653
92dcdd_2022-05,0.12437326013562493
29849f_2015-01,0.006975519289529103
29849f_2023-11,0.7578392088650737
06534f_2023-09,0.940137907298485
3a13b3_2015-03,0.019677030419988632
e2314a_2023-01,0.9407463991388767
e83244_2016-11,0.015740586203700762
bc4c03_2018-12,0.2457992417827595
1698cf_2023-04,0.9192711190820233
77b3b9_2025-06,0.9977788594831131
4fb2d3_2018-08,0.21206751367669818
92dcdd_2019-03,0.0015913526795818002
8e41cf_2023-08,0.5451243192696634
8e41cf_2024-12,0.912779316953624
d86999_2016-12,0.11729765044205258
9befc8_2018-05,0.08005347348256991
0f9e86_2018-09,0.28290049298540443
7199cf_2024-10,0.0245316608098334
7199cf_2025-02,0.013805779278285387
fb737b_2020-01,0.021499683886175142
175155_2023-10,0.9583046906370218
34889b_2019-12,0.3940514794482842
987bc1_2025-01,0.997487435209379
af81b0_2018-05,0.04957269478588231
3db670_2019-09,0.9872951172537122
b73bc7_2025-04,0.8998040486108053
e83244_2015-02,0.004200835907001614
e83244_2018-12,0.5046431063736215
e83244_2022-03,0.9907487424800399
6224d0_2020-07,0.9878263238256191
4718d7_2023-07,0.9457971899200823
fb737b_2022-05,0.06640863529951609
6f5e2b_2024-11,0.9737420085013031
a25664_2018-03,0.22873026147545908
a42d13_2015-05,0.011408754335792966
424c1b_2025-07,0.003013734462640301
90abb1_2025-07,0.9479108666324326
265164_2024-11,0.014369035608800372
987bc1_2014-11,0.062661745598641
987bc1_2025-07,0.865308004232018
8e41cf_2022-05,0.5223107432855895
731908_2023-08,0.4365434429747399
11f0e3_2015-09,0.0043448325366117245
d86999_2018-06,0.27436407051630096
d86999_2019-02,0.6057823442906226
9befc8_2016-05,0.0027174023993579866
780a0b_2016-05,0.0012259704239604484
0f9e86_2019-08,0.35563043435106045
0f9e86_2019-12,0.2755827423148801
9cf1af_2022-10,0.0032798299843943167
0e8d73_2024-04,0.0005523550284675361
5a0174_2023-05,0.9419594946922948
bc4c03_2023-06,0.9257904962937071
259a19_2024-02,0.9967577952835869
db4cd8_2014-10,0.004713183555321026
14fe3a_2025-08,0.9288722802530618
8005b9_2018-06,0.02973263011497888
b08ec1_2022-05,0.5236246262356784
fc77d0_2020-09,0.5433180108733024
9af74c_2023-01,0.9686450710466997
f1543b_2020-02,0.7277405666498804
c580aa_2014-10,0.026673251069274435
e83244_2020-11,0.9833546310464201
6f5e2b_2023-01,0.929267609676785
175155_2020-03,0.9836320403080354
175155_2024-08,0.9173203403673508
532867_2024-03,0.012152626029205579
90abb1_2015-02,0.0021808632041119234
9af74c_2019-07,0.2806958108153005
987bc1_2019-02,0.3890517992631851
4fb2d3_2021-05,0.9716163976885719
8e41cf_2022-06,0.3332005930616371
11f0e3_2020-07,0.8497222223999241
6224d0_2015-03,0.0026062240470950716
0e8d73_2024-11,0.00898802364153422
f461d4_2014-12,0.00362799527711002
6838b9_2023-02,0.876589519098393
a25664_2023-04,0.5103708027347894
b08ec1_2018-04,0.009901590376395967
92dcdd_2019-07,0.001768602239718378
af81b0_2023-05,0.2888476386854461
af81b0_2023-11,0.5345068335197581
af81b0_2024-11,0.8522553609129034
29849f_2019-07,0.1376269172664948
3a13b3_2017-07,0.06711746617267751
f4604d_2023-10,0.8245006998942105
90abb1_2025-05,0.9657731092316592
92dcdd_2022-08,0.19374036164174718
11f0e3_2025-07,0.718714197716774
b26809_2024-09,0.7293609726438455
9befc8_2015-10,0.003297177029826821
9befc8_2020-02,0.17371560580656756
780a0b_2017-06,0.04425485485474337
780a0b_2024-09,0.8254085048896665
fc9334_2024-01,0.6316245245065241
9cf1af_2023-08,0.0047811347371125995
6f5e2b_2018-06,0.02159012753496601
6f5e2b_2020-12,0.9601709217564752
db4cd8_2019-11,0.5632050289576009
90abb1_2024-06,0.9185920582798897
1822ea_2021-08,0.9656601953966477
3a13b3_2019-05,0.9097486463812492
e2314a_2025-06,0.8319083897614388
e83244_2016-08,0.004911160803577784
6224d0_2021-08,0.9697031953152889
987bc1_2017-04,0.39898626134905363
4fb2d3_2018-02,0.01281992899388944
4fb2d3_2022-07,0.6963215018661489
8e41cf_2022-08,0.7184931368190519
731908_2016-08,0.05816175935881434
9f1aa0_2022-12,0.3774319283370919
fc9334_2022-02,0.6507683441431948
fc9334_2022-11,0.3060064632693592
8fabe0_2019-03,0.9497538432846316
b416b1_2021-06,0.9922692873968537
a25664_2024-05,0.9959929373554939
db4cd8_2025-05,0.7469497888700394
d59611_2019-04,0.3804395950769987
34889b_2018-02,0.0163510147378383
1822ea_2024-04,0.8675423745881234
14fe3a_2014-07,0.0059876103411163105
14fe3a_2018-05,0.014652654008432575
b08ec1_2018-05,0.012606325642372651
af81b0_2019-09,0.6190955360689359
545d15_2021-05,0.2660281468254119
b1de95_2014-10,0.018670379452578947
f4604d_2018-01,0.08719755090117785
531356_2014-10,0.008482583864934263
e2314a_2015-07,0.0053838789931487845
e83244_2024-12,0.974331973546683
0e8d73_2025-01,0.10011878551595929
1996b0_2025-08,0.08894667957211695
e60b65_2020-07,0.8849390029182805
175155_2023-06,0.8619252941109252
a25664_2020-03,0.9872386287395912
a25664_2021-07,0.989175450436206
77b3b9_2019-08,0.7743368148140265
4fb2d3_2021-06,0.9876224421006574
8e41cf_2025-03,0.9112501514885346
bfbeef_2021-07,0.5534827256271975
780a0b_2021-04,0.7062638870795357
780a0b_2025-02,0.7054233905955197
987bc1_2020-04,0.8162219680132333
6224d0_2019-10,0.12406363138402632
4718d7_2022-01,0.9377038014364587
0e8d73_2024-08,0.004155906107955662
0e8d73_2024-09,0.0015791861925379361
8fabe0_2022-06,0.9309098963658229
a42d13_2017-07,0.1642581970801953
259a19_2021-08,0.9724192421541451
90abb1_2022-01,0.9839972685197986
3db670_2019-08,0.9722012020517817
b73bc7_2018-04,0.17234185232003357
531356_2019-03,0.19490996467349997
e2314a_2023-12,0.7951064935780583
e83244_2024-06,0.9785035208529879
fb737b_2020-07,0.009165778329114263
a42d13_2025-06,0.9268652021519598
90abb1_2015-03,0.001599465147096225
1822ea_2019-02,0.2178625971043766
fc77d0_2021-06,0.9844567613081032
4fb2d3_2019-02,0.11581269683684724
302d40_2024-01,0.003954784448907035
11f0e3_2021-02,0.09625781525019972
e427f8_2024-12,0.19322817901219297
9befc8_2015-05,0.002554266953710407
9befc8_2015-07,0.00203532992420193
9befc8_2019-05,0.6680996433618835
780a0b_2017-12,0.011316681567578738
8fb6f0_2014-10,0.004711473514294846
c580aa_2014-07,0.022175402450172688
5a0174_2024-08,0.984963579525771
a42d13_2023-10,0.6528216366385812
db4cd8_2021-05,0.9768015609495523
f461d4_2023-06,0.9110444052525812
77b3b9_2021-08,0.7242771316262699
90abb1_2023-05,0.9545708498633981
1822ea_2015-01,0.0024793085565474097
1822ea_2024-05,0.9375528208077692
14fe3a_2023-05,0.9803679811900847
375f2e_2021-08,0.9037287822557905
29849f_2023-02,0.3728628211113808
531356_2024-08,0.9568120156022621
e2314a_2018-04,0.029576534343515707
e2314a_2020-07,0.9611390017408387
e83244_2025-02,0.9927379993026191
11f0e3_2016-08,0.012921145354782945
11f0e3_2019-07,0.5436952031528555
11f0e3_2024-03,0.6732231239485743
9befc8_2019-07,0.5534302966070502
8fb6f0_2024-07,0.5662923280639908
0f9e86_2022-11,0.20651025587738925
0f9e86_2023-02,0.3355287933013786
0f9e86_2023-05,0.42144985737943075
0f9e86_2024-06,0.7792330386456043
fc77d0_2014-04,0.00713937782828478
bc4c03_2024-03,0.9410352403312479
532867_2024-02,0.008608856436080742
db4cd8_2023-12,0.9888937406233239
77b3b9_2021-12,0.9841759985053353
14fe3a_2017-04,0.10923030093594467
b08ec1_2022-01,0.4998661151156147
9af74c_2023-04,0.9024635460058397
545d15_2019-02,0.002196229853262993
e2314a_2021-07,0.9647106269110453
e60b65_2019-10,0.7842147329041831
e60b65_2023-02,0.9622583272539907
a25664_2023-01,0.9749918575778564
4fb2d3_2023-08,0.8494824727915468
92dcdd_2022-06,0.4433175862051595
302d40_2022-04,0.015774053782245397
731908_2025-01,0.7672644746505835
d86999_2019-04,0.6437856549329448
e427f8_2022-04,0.005771464195860249
e427f8_2024-05,0.18938185321617357
9befc8_2016-01,0.0014360096720475526
9befc8_2015-12,0.0014451145305053082
8fb6f0_2016-09,0.049397865459826794
a25664_2019-12,0.8374827987207987
77b3b9_2021-10,0.9921192020240192
34889b_2022-09,0.3040442491192365
92dcdd_2024-09,0.8521940831354703
29849f_2022-04,0.7118197790504344
a42d13_2014-04,0.006460486089255096
987bc1_2020-01,0.8801499046072992
987bc1_2023-12,0.9939478707440687
4fb2d3_2021-07,0.9895762180367611
302d40_2024-03,0.06611173637450504
9befc8_2019-11,0.19053215656502964
780a0b_2014-10,0.0050501279099101045
8fb6f0_2016-11,0.04021323755515233
8fb6f0_2019-10,0.7712412560322376
8bd3ce_2024-09,0.8471965588073818
0e8d73_2025-06,0.06640950487496648
f461d4_2016-05,0.10062877003469049
db4cd8_2014-12,0.002466714461683163
90abb1_2022-10,0.8816196079591553
8005b9_2022-03,0.9857397250870716
b08ec1_2024-09,0.9347350284937084
fc77d0_2022-10,0.2214150931829066
375f2e_2023-10,0.996471999120236
987bc1_2024-11,0.9507108187507559
7a007d_2024-08,0.8511509660408287
6838b9_2020-03,0.1592701856189454
1822ea_2025-07,0.9564764085111962
4fb2d3_2018-12,0.1330869863334062
8e41cf_2023-09,0.5716978584464465
11f0e3_2015-07,0.003603096057343357
bfbeef_2023-03,0.7550617835652688
bfbeef_2023-06,0.8699209724465156
dc4b5e_2022-12,0.03666396760870052
9befc8_2019-10,0.2108104779608697
dbb709_2024-06,0.21439391301476132
8bd3ce_2022-04,0.5115653118090729
0f9e86_2020-10,0.8902273050379448
5a0174_2020-02,0.9662895048321188
5a0174_2025-03,0.9488780251354024
6f5e2b_2019-06,0.5197355113352051
175155_2025-03,0.9877815512476074
6838b9_2018-04,0.0010257016762007713
90abb1_2024-08,0.9169225676208265
34889b_2021-09,0.9683217692324253
14fe3a_2019-09,0.6137825506390944
fc77d0_2015-04,0.00936369862969591
fc77d0_2019-07,0.45914316689677165
4fb2d3_2023-06,0.8492569515237942
af81b0_2017-07,0.08746676429828515
af81b0_2025-02,0.9865461693258945
af81b0_2025-03,0.9669004905868545
545d15_2019-08,0.0032155021982244953
29849f_2016-09,0.01165298859372763
3a13b3_2024-04,0.9266376046655423
e2314a_2015-01,0.001606455073481235
e2314a_2018-12,0.05499610830012375
424c1b_2024-07,0.006855949159260658
77b3b9_2021-04,0.9306231085588687
1822ea_2019-10,0.8772069930508949
8e41cf_2025-06,0.9456854415361622
d86999_2018-09,0.32249453371338055
e427f8_2025-06,0.23386084027205867
9befc8_2017-09,0.09764631788043229
9befc8_2018-09,0.10356929826659914
9befc8_2020-09,0.7214351721701916
fc77d0_2015-07,0.0043834639741027765
4718d7_2024-06,0.7257289273511941
e60b65_2025-06,0.9217423690027018
5a0174_2021-09,0.9412928316581468
b416b1_2018-04,0.06348970254235636
b416b1_2022-07,0.29536146584959433
b416b1_2024-03,0.9729159480066647
259a19_2019-03,0.8339977810248502
7a007d_2025-06,0.6989165439638397
06534f_2024-11,0.9545659083225004
022433_2024-10,0.21684224300800892
e60b65_2019-01,0.7260317900333166
e60b65_2021-10,0.9596756856518488
175155_2017-03,0.06697681257691268
a25664_2017-05,0.822289095443887
1822ea_2023-01,0.985945194374097
265164_2025-05,0.05627818465121764
375f2e_2018-05,0.022163198985376695
987bc1_2015-07,0.13656144549409688
987bc1_2017-12,0.04897955714069315
8e41cf_2024-05,0.8417858354070435
302d40_2023-06,0.0047027753607449384
302d40_2023-10,0.007755336750756504
302d40_2024-05,0.29323546030202935
e427f8_2023-12,0.06670504853127177
5a0174_2018-05,0.08036864961481674
6f5e2b_2018-12,0.4714779206641692
bc4c03_2024-05,0.9473636578611498
90abb1_2021-06,0.9543251014915861
fc77d0_2015-03,0.0026594883469845546
9af74c_2020-02,0.9953891599663441
9af74c_2022-04,0.7396692825375181
e2314a_2015-10,0.00224323186859938
e2314a_2025-05,0.975348592044785
6224d0_2024-04,0.8860842779896634
4718d7_2023-01,0.9214998929549558
f25ffe_2025-02,0.007357647941152832
1822ea_2019-05,0.12443577358736402
92dcdd_2023-11,0.9354593887752903
e427f8_2023-01,0.002454071861999242
9f1aa0_2025-02,0.4209987925537265
780a0b_2022-02,0.2933637936287535
0f9e86_2021-06,0.3251072713712846
0f9e86_2025-04,0.9377453931975953
f461d4_2024-01,0.9947671372633873
8fb6f0_2015-09,0.010719988876959833
dbb709_2025-06,0.15403291964868063
4718d7_2023-02,0.719539785066897
6f5e2b_2023-02,0.6535890984534314
175155_2023-07,0.9072640825054904
f461d4_2022-06,0.8715165789014435
1698cf_2024-03,0.9970845653628724
77b3b9_2024-01,0.958990109330771
4fb2d3_2019-10,0.5424261934726874
92dcdd_2019-10,0.0016260594964306347
2167be_2025-06,0.011561976689432605
3a13b3_2023-12,0.9932811982289238
531356_2018-05,0.03327509985387423
e83244_2015-08,0.004477363387366538
0874ee_2021-08,0.14473173595559613
987bc1_2015-02,0.0055891117268806545
4fb2d3_2014-09,0.005736338056788899
d86999_2019-07,0.8913228648153066
9f1aa0_2018-12,0.06868439914770252
8fb6f0_2017-12,0.012851811217997796
4718d7_2023-09,0.9940618977606839
4718d7_2024-04,0.8529052910183328
5a0174_2021-12,0.9683131500206005
6f5e2b_2019-09,0.822037130562512
14fe3a_2019-05,0.658938551538719
b08ec1_2025-05,0.9031271918863762
3db670_2023-05,0.985739015436251
531356_2015-01,0.005415161610357288
531356_2024-03,0.9837365221129473
e83244_2016-10,0.013896951102009865
175155_2024-02,0.9551267937932914
90abb1_2022-11,0.976190679135026
302d40_2022-12,0.002043702197375709
e427f8_2025-04,0.0801971385616511
dc4b5e_2025-05,0.9596944101471669
9befc8_2020-12,0.8652990351159294
9f1aa0_2025-04,0.4900525094889969
8fb6f0_2020-04,0.9630879114119832
3db670_2015-03,0.011578791817444008
f25ffe_2024-03,0.007926916293076985
77c35f_2025-06,0.0810232557467397
fb737b_2025-08,0.6664169180500396
e60b65_2024-10,0.6683131763715128
bc4c03_2021-12,0.9960512044829886
90abb1_2014-10,0.012474045555147695
90abb1_2014-11,0.007823678399693992
34889b_2019-07,0.9669523210754016
34889b_2025-01,0.9830420335311002
1822ea_2022-07,0.9089942194644397
b07578_2025-06,0.043394057966808904
545d15_2020-01,0.0018636794353270438
f4604d_2015-04,0.012006285889500224
f4604d_2018-10,0.06877443679701081
f4604d_2023-12,0.872703080450085
175155_2020-02,0.9813894775249548
175155_2021-11,0.98445953831039
77b3b9_2014-10,0.010333012679357911
d59611_2024-03,0.9887340909069028
fc9334_2024-04,0.8689292486459996
8fb6f0_2019-12,0.8512062475226888
8bd3ce_2025-04,0.9623458060334781
6224d0_2024-08,0.9124826528958365
4718d7_2025-03,0.9938769654330157
b416b1_2020-11,0.9795307353756069
f461d4_2019-09,0.698119800218005
259a19_2015-01,0.003783854551031824
a25664_2023-07,0.8463739885071856
f25ffe_2024-10,0.00895398634762288
d59611_2015-04,0.007978533389449769
af81b0_2023-09,0.49261130127566716
29849f_2019-01,0.25050396265077685
29849f_2022-06,0.7683351857842551
f4604d_2019-12,0.49077660415940566
e83244_2017-06,0.09435293008866132
4ee2d2_2024-08,0.0021913476466179044
4ee2d2_2025-04,0.0012316418289400892
bc4c03_2022-12,0.9798402541361613
a42d13_2018-04,0.012262170794981625
11f0e3_2025-04,0.8457542506368674
8fb6f0_2019-07,0.7872678845009489
8fb6f0_2022-01,0.18909569363416584
8bd3ce_2024-07,0.8438956348793369
fb737b_2022-04,0.019285760903320837
e60b65_2023-09,0.5300441732062462
f461d4_2018-04,0.011687743199754833
bc4c03_2024-08,0.9291385030620934
77b3b9_2021-11,0.9903148697617556
34889b_2018-01,0.1391709536251032
8005b9_2024-07,0.9700481676732873
375f2e_2023-02,0.942735859369735
92dcdd_2022-09,0.4534519463929208
af81b0_2015-03,0.005475092452701446
3a13b3_2018-01,0.6696741072082235
e2314a_2021-05,0.9882915875250088
e83244_2019-10,0.939081136563321
e83244_2024-01,0.9489549738021364
fc77d0_2020-01,0.9297305839737569
d86999_2015-11,0.010430071500211722
b26809_2025-07,0.7485329005751309
0f9e86_2021-03,0.5658850940401292
7a007d_2019-06,0.17432462735096743
7199cf_2023-12,0.019366950147335204
0e8d73_2023-09,0.0025867315608028513
1996b0_2025-02,0.5147369522262194
db4cd8_2024-09,0.7795585607957469
d59611_2019-08,0.6414659954464131
d59611_2022-05,0.9441801188992505
34889b_2023-06,0.9927918415109684
b08ec1_2018-06,0.021945705629397613
29849f_2018-01,0.23546741721295936
29849f_2018-04,0.020963991208441664
29849f_2019-03,0.14909629544432074
e2314a_2017-06,0.33610762300126734
e2314a_2018-02,0.03249058155829347
e83244_2015-12,0.003510892285313277
6f5e2b_2023-09,0.9178728304378251
175155_2017-06,0.14207003510104113
6838b9_2022-10,0.8614634572538632
a25664_2022-07,0.4779997505499028
11f0e3_2014-10,0.04382208227271009
11f0e3_2022-03,0.27478119956579594
b26809_2024-12,0.8687212373099636
dbb709_2025-07,0.17070892262847512
0f9e86_2024-11,0.7425467793573243
fb737b_2025-05,0.46671584892381573
8fabe0_2014-08,0.002001077961516322
6f5e2b_2024-06,0.9378234150607494
b416b1_2023-04,0.9796963610298216
259a19_2015-04,0.010832862493174557
a25664_2019-07,0.2663521645780527
6838b9_2022-06,0.6125994409044448
d59611_2018-05,0.02577936372143041
14fe3a_2023-02,0.9459356748258971
29849f_2023-05,0.47802453771949766
29849f_2024-08,0.953568465393963
3a13b3_2014-10,0.03356477819970351
3a13b3_2019-06,0.9736048151182544
531356_2019-09,0.3573335176283736
531356_2024-04,0.8661494581581988
e83244_2022-06,0.965956593040067
e83244_2023-07,0.925948290210528
175155_2023-11,0.9979918731688507
77b3b9_2019-04,0.39257039057175475
1822ea_2018-03,0.3273922805445518
1822ea_2020-06,0.9864203352168098
0ffc2d_2022-09,0.007903550466118769
987bc1_2024-08,0.9547970087922333
780a0b_2015-01,0.0010686176212527348
780a0b_2016-04,0.003378900965962142
dbb709_2022-08,0.003321616567459939
dbb709_2024-12,0.4238811865683411
e427f8_2024-03,0.2374855470647113
8e41cf_2018-02,0.03104950208597189
14fe3a_2023-03,0.9532265643996664
fc9334_2019-01,0.034450589043418925
8bd3ce_2024-04,0.8403282891523023
731908_2024-08,0.37839602136274886
fc9334_2016-12,0.029024406327271848
8fb6f0_2024-08,0.6003545625601252
8e41cf_2018-10,0.035645999486965826
8e41cf_2020-12,0.7591665410284489
8e41cf_2015-07,0.003973466971831094
b26809_2014-07,0.004987900789098586
780a0b_2023-08,0.2842247631658155
8fb6f0_2022-04,0.43801438578701396
8bd3ce_2016-01,0.0015438981383436043
8bd3ce_2018-08,0.05684067859554937
8e41cf_2015-12,0.0027090269674429897
e7a56d_2019-10,0.46842148838277137
74b7d1_2014-11,0.011388763860846354
8fb6f0_2022-06,0.6837730521870765
8bd3ce_2024-05,0.9035243656909967
c48018_2019-01,0.2238567135669782
bfbeef_2020-10,0.7441706306026876
8bd3ce_2018-07,0.021091706064865767
b26809_2017-08,0.020103121824456446
8bd3ce_2021-10,0.6208982116786387
fc9334_2020-09,0.9737683010454633
9befc8_2023-02,0.49655360936231513
e7a56d_2025-07,0.9333680482923008
b26809_2023-01,0.6144642721078615
b26809_2017-05,0.1725598487488618
b26809_2016-09,0.09540641281769405
bfbeef_2018-01,0.10159478037039976
731908_2014-09,0.0048080905923508005
731908_2015-03,0.0010951932074453378
b26809_2018-03,0.02924030811118833
b26809_2018-10,0.8323519993410184
b26809_2021-09,0.7969068071627698
9f1aa0_2015-04,0.034562955196092086
731908_2015-09,0.009673440551014944
731908_2022-12,0.19995260909075735
8bd3ce_2016-02,0.0021897953792114687
8fb6f0_2019-03,0.380578132480375
731908_2020-12,0.7210930515197314
fc9334_2018-05,0.018814219892187917
b26809_2017-10,0.01971292147311009
731908_2022-04,0.2521438350840428
bfbeef_2024-04,0.8994862167349271
74b7d1_2025-01,0.7685485518556753
fc9334_2021-01,0.9228370641299753
8e41cf_2020-10,0.7352724283158608
e7a56d_2025-05,0.9963295224624764
bfbeef_2019-08,0.4527787545309683
fc9334_2017-02,0.02757027685610179
8bd3ce_2018-02,0.03219000384722975
8e41cf_2021-07,0.23722200830937587
8e41cf_2024-06,0.7908963890238191
b26809_2014-12,0.001352775296625009
fc9334_2018-08,0.031752974577668854
731908_2022-11,0.27820745426543797
bfbeef_2019-07,0.38274396551115314
bfbeef_2022-02,0.4308915529892429
fc9334_2018-03,0.024187992697042447
8bd3ce_2021-06,0.6023210473199908
731908_2023-11,0.8939581380145597
780a0b_2023-04,0.3155834731275388
fc9334_2017-08,0.25781900099426297
8bd3ce_2020-02,0.42923369876140954
8e41cf_2018-06,0.059993995850200134
e7a56d_2024-07,0.8928945589657669
0874ee_2014-11,0.011544065013681748
731908_2021-02,0.48336904544819825
8e41cf_2017-01,0.03642911483636006
731908_2022-09,0.9778060766472333
dc4b5e_2023-03,0.04333087126032051
fc9334_2017-12,0.01807030991855025
8bd3ce_2019-11,0.18522053113319203
b26809_2017-06,0.02423255100492436
0874ee_2014-10,0.006827153971063219
a97df3_2022-05,0.019946857277208453
a97df3_2025-06,0.8364143626118532
731908_2021-01,0.567767537279938
4718d7_2018-05,0.026434984714756627
9f1aa0_2016-07,0.19102561800546256
9f1aa0_2019-12,0.36095706637650987
b08ec1_2019-03,0.0870752169128256
4718d7_2021-09,0.8362084159639697
5a0174_2014-10,0.003685368820512441
fa8553_2021-08,0.02869552678689033
fa8553_2021-12,0.008953851677244494
513080_2025-04,0.22714523302832934
14fe3a_2024-02,0.9879702959496692
fb34b4_2023-07,0.0036169906464372206
bf6f0d_2019-08,0.16390033319924233
fa8553_2024-07,0.3295622420472173
513080_2021-12,0.030738654813289187
dbb709_2023-05,0.007158426743070716
d59611_2025-07,0.8636863696843398
6f5e2b_2014-06,0.002573973664780083
77b3b9_2018-05,0.012582279198020472
948a11_2023-07,0.0030353213301287122
7bf5c9_2020-10,0.6474244323013313
d59611_2020-03,0.988055936915526
175155_2018-07,0.15133573700474762
9f1aa0_2023-04,0.49309930441018834
a25664_2019-06,0.3284257244146349
9f1aa0_2014-04,0.002197447896348457
fa8553_2023-11,0.14441646727787294
5a0174_2016-11,0.14533135387147567
f500c5_2017-07,0.272595055381921
6c1954_2023-06,0.0879358463012133
510fbf_2024-02,0.09884201571633963
d59611_2021-01,0.9259097436665136
5a0174_2021-10,0.957643936746667
6f5e2b_2015-02,0.002560867768769256
f500c5_2018-03,0.12968761166752377
6c1954_2019-08,0.007005582137997887
9f1aa0_2014-09,0.008578645781850237
d59611_2018-10,0.6163404810750956
375f2e_2022-12,0.9946519158201654
9f1aa0_2016-01,0.004317459422842647
513080_2024-02,0.12201504408001392
14fe3a_2015-04,0.03825410530241992
b644ac_2024-11,0.01377373925675003
77b3b9_2019-03,0.6961262790000652
77b3b9_2022-02,0.9918487458243747
4718d7_2019-05,0.7117456193904723
9f1aa0_2018-11,0.43001941249638737
9f1aa0_2019-03,0.2203380140535736
fa8553_2022-07,0.010453496443368956
d86999_2025-03,0.8548172862512314
d86999_2025-06,0.530858119179766
948a11_2025-07,0.08204047749507859
175155_2021-08,0.9723748225797185
fa8553_2023-02,0.009595620433636312
d86999_2021-10,0.6061827478706557
d86999_2025-07,0.5170743705495303
6f5e2b_2020-07,0.970983593829648
6c1954_2024-12,0.9046300335871666
375f2e_2020-10,0.9878171398033169
77b3b9_2021-09,0.9612306489644373
bf6f0d_2025-07,0.9349296303606185
bc4c03_2016-08,0.27529751677274283
7bf5c9_2020-08,0.7281028670740904
9f1aa0_2017-04,0.07913405891685539
302d40_2022-11,0.006700521234710711
d59611_2015-02,0.0013557315586737956
f500c5_2019-03,0.38458805044955674
e427f8_2022-07,0.006855921614794356
513080_2024-09,0.22942167686721884
f500c5_2015-04,0.015333378243487635
4718d7_2018-01,0.05387356422196085
a42d13_2014-11,0.004226364330063375
92dcdd_2021-07,0.09128179063507959
948a11_2024-08,0.20179127966548943
8fabe0_2021-09,0.9432682659283913
8fabe0_2025-07,0.902045680410492
9f1aa0_2021-08,0.27162194088260727
510fbf_2023-08,0.01953027053874721
510fbf_2025-08,0.536590229145661
a42d13_2016-04,0.06540199822291771
7a007d_2014-12,0.0037810746390527193
f500c5_2024-04,0.609133526664191
513080_2022-03,0.006740087232529688
7bf5c9_2015-09,0.0018675860086653565
948a11_2024-07,0.3705304567645066
510fbf_2022-09,0.016991377699572232
510fbf_2023-05,0.007882117249182505
d59611_2019-07,0.7135608920628853
1698cf_2021-10,0.964766102743167
d59611_2023-03,0.9716439342706807
e60b65_2015-03,0.0021440469512899914
f500c5_2024-02,0.2943616329938187
9f1aa0_2021-11,0.1780737938631461
510fbf_2022-11,0.008279846192224693
11f0e3_2019-01,0.11803758264920222
bfbeef_2015-03,0.004951165607748234
0cecbd_2019-12,0.5473730234524122
bc4c03_2020-04,0.9918384341065134
bfbeef_2016-08,0.01157146335207026
0cecbd_2024-06,0.9827334613289035
8fb6f0_2019-05,0.36751767918680445
0f9e86_2018-05,0.20257685992733987
11f0e3_2017-05,0.08981687596454083
af81b0_2018-10,0.4621136610791361
0cecbd_2023-12,0.880538386723166
11f0e3_2019-03,0.11985675362247428
0f9e86_2016-05,0.004004731374580756
0cecbd_2018-12,0.025153491848605925
0cecbd_2019-05,0.6709383912459893
b73bc7_2019-09,0.9839125827021653
175155_2024-04,0.9354685643616738
11f0e3_2014-09,0.03766469932678745
4fb2d3_2024-07,0.8183912264493587
6224d0_2021-11,0.9754078996102884
987bc1_2018-04,0.005189100779539521
98a151_2015-03,0.0011510531946609683
dc4b5e_2019-08,0.006307450693971798
e3af0e_2015-01,0.002946590824088372
60a0fd_2014-12,0.002501433069271539
60a0fd_2019-11,0.3936758580077971
894378_2025-06,0.8774446786937214
e3af0e_2018-02,0.014144770725801415
98a151_2014-09,0.004236148428458593
60a0fd_2015-02,0.0031678870861122943
a97df3_2021-11,0.44802845931915186
60a0fd_2018-01,0.05950066846755182
60a0fd_2014-07,0.00617786368754416
60a0fd_2014-08,0.005617999847360238
7a007d_2025-01,0.5685229295513713
98a151_2015-02,0.0016082046877988936
375f2e_2019-10,0.5701099577809751
7bf5c9_2023-05,0.6050167137001866
1bdb97_2023-10,0.07052461424198107
88a9a6_2024-08,0.9349826276702297
829a72_2024-10,0.8319834775589174
f500c5_2017-05,0.2013158579347706
c5df88_2022-06,0.3506830479352188
98a151_2019-12,0.9652726370844031
4f2b6b_2023-05,0.009274939623885748
e2e0ce_2020-05,0.6063582701541067
2ab8ad_2017-02,0.0563994855777723
2ab8ad_2020-03,0.4980688956169217
c5df88_2023-07,0.3464793739011956
7aa803_2020-12,0.7981977787036658
f500c5_2014-11,0.0075493511537171
1698cf_2021-07,0.9910560693085713
e2e0ce_2024-04,0.891927468631062
74fb1f_2023-12,0.9143609279413611
f500c5_2022-10,0.7322219818392893
293190_2014-06,0.06087245816062737
2ab8ad_2025-01,0.9563260699424441
7aa803_2020-01,0.48397591274602864
e3af0e_2021-04,0.9577827232013233
e3af0e_2025-02,0.6691173463988005
7bf5c9_2017-02,0.13607004150798116
bf6f0d_2018-04,0.05271079421455455
2ab8ad_2020-05,0.17830944583758485
7aa803_2021-03,0.7864929040909925
34889b_2017-06,0.3980625684668951
34889b_2017-07,0.3439551856661399
2ab8ad_2022-12,0.7703165122389692
2ab8ad_2023-10,0.45302367454657244
c5df88_2021-01,0.45629037082117435
74fb1f_2023-08,0.5408040692194825
e3af0e_2025-06,0.8150839777621053
f500c5_2016-02,0.007656014288767648
f500c5_2019-09,0.2631365340184319
18defd_2015-01,0.01005386330651124
e2e0ce_2022-08,0.9076413422873534
2ab8ad_2023-08,0.7564275457922777
7aa803_2021-05,0.9639114877164757
c580aa_2018-04,0.46719078019398547
f500c5_2018-06,0.1310347520629242
2ab8ad_2022-08,0.7682206947356858
74fb1f_2020-07,0.5497149713488023
9b46ed_2022-06,0.07299202338593212
d86999_2024-04,0.8000316505432824
7a007d_2016-05,0.010051244763296495
1bdb97_2022-08,0.003912788395455619
c5df88_2015-02,0.020979707258516066
f1543b_2019-06,0.1751385876130981
b08ec1_2014-06,0.005968504712885295
293190_2021-09,0.42596669044635554
e2e0ce_2018-12,0.08318472888809214
74fb1f_2021-07,0.8807418891103264
f1543b_2021-05,0.7341665702070898
f500c5_2017-02,0.03623640438088037
f500c5_2021-04,0.9383646586756589
b08ec1_2014-05,0.004992991377627561
6f5e2b_2020-08,0.9618400525833117
293190_2022-07,0.2244000992792226
18defd_2023-12,0.3772665018404636
2ab8ad_2024-02,0.8097338802367738
74fb1f_2015-02,0.009066033567473443
88a9a6_2024-05,0.9306915184967715
c3a69f_2022-06,0.7370617193974763
9b46ed_2021-06,0.286622474376811
9b46ed_2022-12,0.33239537593061286
829a72_2022-10,0.2533614092348467
e3af0e_2022-04,0.9542299089061097
c580aa_2018-05,0.7400817313198028
fb34b4_2025-07,0.1179827295092983
1698cf_2020-08,0.968823921365891
c3a69f_2022-07,0.943058702888788
c5df88_2021-05,0.7724551546424292
7aa803_2025-02,0.9954932359388786
9b46ed_2021-12,0.7070187962753975
98a151_2023-10,0.7624990342623509
f500c5_2017-09,0.12456998786856403
f500c5_2024-01,0.15079860828892394
cd0e60_2022-06,0.07678317460944621
cd0e60_2022-08,0.0698784597514324
7aa803_2015-01,0.007351932150713359
98a151_2021-10,0.988267273506373
94f933_2025-08,0.062368127304151914
293190_2021-06,0.9465216645997505
c5df88_2014-11,0.014291007023281753
98a151_2019-07,0.8871223593900083
829a72_2019-09,0.8221163651556621
7bf5c9_2024-08,0.9382153073999661
34889b_2022-10,0.4723319172636578
8fabe0_2025-05,0.8941672361116526
293190_2020-10,0.8784667477888759
e2e0ce_2020-11,0.7676470727278437
88a9a6_2024-11,0.9509244015497297
f500c5_2019-11,0.3950656116781359
fb34b4_2023-10,0.005374561652151227
5a0174_2020-08,0.9818331983811273
7aa803_2022-05,0.25445618291050126
9b46ed_2022-01,0.357029216230839
98a151_2019-11,0.9151907617653644
98a151_2023-08,0.578310572180536
7bf5c9_2019-04,0.2692769865427277
74fb1f_2015-01,0.012458968714964911
293190_2021-04,0.2918821622553372
2ab8ad_2024-05,0.9257309103095982
7aa803_2020-07,0.7844720761908216
829a72_2022-08,0.41448429350660154
60a0fd_2025-08,0.772574020163139
db5006_2021-03,0.7545963931913182
74fb1f_2023-06,0.6278055777741002
60a0fd_2024-06,0.7403713169331442
b08ec1_2022-10,0.35800958947921396
e2e0ce_2024-05,0.9027655323109086
829a72_2025-05,0.9169186318382506
a97df3_2025-08,0.9696133434879236
f500c5_2022-08,0.9553320182264872
293190_2024-04,0.9348188321176107
7bf5c9_2019-05,0.2587521523134105
74fb1f_2024-08,0.9188592323285277
60a0fd_2023-05,0.9464206694999096
0ffc2d_2021-11,0.025373189687398524
022433_2023-10,0.220160642244783
1b9e65_2015-04,0.007585574075455979
8fabe0_2023-09,0.9917800100646488
e7a56d_2019-12,0.7774042434421093
db5006_2017-06,0.1330492684725818
1b9e65_2024-02,0.592468135016906
0ffc2d_2023-03,0.04047407388972691
259a19_2017-06,0.37620849157765107
c48018_2019-09,0.5131443516711105
db5006_2020-02,0.5290025129232642
db5006_2022-01,0.7666789948003805
1b9e65_2018-01,0.042892538498058554
29849f_2023-06,0.8890394238963054
b07578_2024-06,0.12221762423102978
db5006_2022-06,0.6626281465829058
c48018_2014-06,0.018090260108545538
1bdb97_2025-02,0.1502821183359815
1b9e65_2022-12,0.41614846162588576
fc77d0_2014-07,0.0018084573050364868
1bdb97_2023-04,0.01604433300783914
18defd_2025-04,0.929176942851621
1b9e65_2024-11,0.6125943657128805
db5006_2024-07,0.9170706754457612
fc77d0_2018-12,0.18017545969496968
f4604d_2022-04,0.7294964283922007
531356_2022-08,0.4465884137977052
0ffc2d_2022-04,0.005209905979386323
bc4c03_2018-01,0.037659153684858226
f4604d_2022-07,0.7875673105684261
1b9e65_2017-04,0.10501251526948187
6224d0_2018-10,0.7552449957879592
db5006_2024-03,0.722818533798955
f4604d_2017-04,0.08301501274008127
1b9e65_2019-03,0.06786463592961378
34889b_2018-12,0.13472184394060355
f461d4_2015-08,0.004447418394885736
e7a56d_2022-01,0.43677310281604376
5a0174_2017-11,0.13476650892893366
c48018_2019-12,0.8847488741167937
db5006_2021-02,0.8463602322453733
29849f_2022-09,0.4520749151768314
6838b9_2019-01,0.004626907075267208
1b9e65_2022-11,0.6601484844461737
1b9e65_2023-03,0.3111016995813995
92dcdd_2021-09,0.09125877443827328
022433_2023-01,0.038369486905696165
531356_2018-01,0.0852419001102242
1b9e65_2024-08,0.9533578305396043
f461d4_2015-10,0.002141852899536542
022433_2023-02,0.0393227029329101
db5006_2014-11,0.028299577124171197
db5006_2019-10,0.6301675475255276
db5006_2025-08,0.957900817097478
e7a56d_2024-01,0.998239515435556
0ffc2d_2020-08,0.0029120824892386863
1b9e65_2019-09,0.5706666292583729
175155_2021-09,0.9702680296469547
7bf5c9_2021-06,0.9707796105229642
db5006_2022-09,0.9585853165847996
29849f_2018-03,0.1211211857680643
b59bc0_2015-09,0.008606679493743517
db5006_2019-08,0.7147012993820102
022433_2022-09,0.005220455655096497
3db670_2019-10,0.9867660175426101
c48018_2024-02,0.32314930227398836
1b9e65_2020-06,0.9274956659382321
db5006_2020-01,0.4976884164520864
022433_2023-03,0.04223858023698514
f4604d_2021-10,0.9598765929051888
1b9e65_2018-04,0.015863600136823277
c3a69f_2021-11,0.6953791599986457
fd589c_2019-09,0.32189457169750973
c5816f_2024-07,0.7714552813348178
c3a69f_2025-04,0.8715065433338246
e361b7_2021-03,0.9498093088065102
6c1954_2025-02,0.9924665657434854
e361b7_2023-06,0.8954471209402551
3db670_2016-04,0.001860086767606568
259a19_2020-12,0.9743298751387518
19fa84_2022-12,0.6472995571873662
e4bc80_2019-08,0.5001448590770672
8ec563_2023-12,0.8268853143507147
8ec563_2024-07,0.6979938959446758
19fa84_2022-07,0.5117494716375705
fd589c_2019-08,0.5048398429410651
b73bc7_2016-05,0.09425809120975887
c5816f_2023-07,0.5484390353227382
19fa84_2023-11,0.5999345030765622
fd589c_2020-01,0.9232482619239635
e361b7_2023-08,0.9947559512162616
e361b7_2025-01,0.8542077127383291
e4bc80_2022-06,0.4697877226743145
e4bc80_2024-03,0.7724494836604817
7bf5c9_2020-07,0.45376788454488454
3db670_2021-09,0.9923325903594842
894378_2020-11,0.7849857361969583
c5816f_2023-09,0.6137670849133676
c5816f_2024-10,0.7776200173170755
6c1954_2023-02,0.042815246220180354
b73bc7_2019-05,0.9732422745621567
60b690_2025-06,0.026284839588728928
c5816f_2023-11,0.7285282954923229
8ec563_2023-06,0.7970785246606116
fd589c_2024-08,0.6293915439630183
7bf5c9_2024-11,0.8095661713099005
3db670_2021-08,0.9864891491640343
894378_2022-11,0.7671159207113133
e361b7_2024-10,0.9098612810915448
19fa84_2021-12,0.34819987521710266
c580aa_2024-05,0.9892947732998483
439fde_2024-08,0.3420053757633813
c5816f_2025-04,0.8646116507222615
8ec563_2020-11,0.6719023796073512
8ec563_2025-01,0.8747017234657672
fd589c_2022-12,0.6989130913687169
f1543b_2014-11,0.0026770788327119036
c3a69f_2024-10,0.5208633606730467
894378_2023-04,0.5708777319797524
8ec563_2019-03,0.6396678389134857
19fa84_2023-09,0.6675567870482941
fd589c_2023-11,0.7457689219918038
e4bc80_2019-09,0.5781896847026221
b73bc7_2025-05,0.9688482589787893
c3a69f_2020-02,0.396186003661265
c3a69f_2024-11,0.523493943656677
894378_2023-03,0.5100220935796472
8ec563_2022-02,0.29664576509950397
e361b7_2025-02,0.8316829330271748
3db670_2025-02,0.9034840182248544
3a13b3_2020-05,0.9848905219499751
c5816f_2021-12,0.6493410386468083
fd589c_2021-11,0.23545416777608932
c3a69f_2024-12,0.6149420130323783
1bdb97_2024-12,0.2255343207840247
894378_2023-08,0.5441552150285044
19fa84_2022-08,0.6694270009096647
19fa84_2024-10,0.9150305522292133
7a007d_2025-02,0.2941012497062345
8ec563_2023-09,0.7069183697014528
c3a69f_2023-10,0.3081959196591401
894378_2019-05,0.24744208260350253
e4bc80_2023-04,0.630393466084908
e4bc80_2024-04,0.884619671375958
8fabe0_2022-01,0.90821493219691
894378_2024-02,0.7254820370336925
e361b7_2020-03,0.9103625700365541
c3a69f_2018-02,0.12789814688496504
e4bc80_2023-02,0.5443470724547078
8ec563_2022-10,0.5765911739456228
b1de95_2020-11,0.9952757465373523
894378_2024-06,0.8582623590986413
fd589c_2022-06,0.41069069392284685
fd589c_2024-06,0.7922692366776364
e361b7_2024-09,0.8899909303803369
e4bc80_2023-06,0.753989647067478
14fe3a_2015-11,0.005251190499251717
bf6f0d_2016-08,0.057324720524976225
db5006_2015-08,0.005415636901729725
98a151_2015-12,0.0023304038869232328
bf6f0d_2023-12,0.9935947106111027
db4cd8_2015-05,0.002520832481798895
db4cd8_2020-01,0.935967399155906
14fe3a_2017-09,0.3420535865255375
14fe3a_2017-10,0.24250142650460485
cd0e60_2019-09,0.024178094900588237
d59611_2017-08,0.3560544940787515
259a19_2015-06,0.0024484048783045315
4f2b6b_2025-01,0.02083580509128135
bf6f0d_2016-09,0.06605627602816538
cd0e60_2020-10,0.014941704412895263
cd0e60_2022-05,0.07267202863235843
f1543b_2025-06,0.8922299280504068
022433_2021-05,0.0030348889696346524
293190_2019-01,0.1531152823259704
7aa803_2017-04,0.06773676909554925
f1543b_2024-07,0.917121974127825
022433_2021-06,0.005136550723728505
7aa803_2019-09,0.151836979358431
7bf5c9_2024-12,0.7072488306199404
f1543b_2014-07,0.009875877808010147
f1543b_2024-12,0.8981455618033436
2ab8ad_2021-02,0.9947142461105966
f1543b_2017-12,0.04789990745227136
f1543b_2022-05,0.863971970792538
dc4b5e_2019-05,0.010484709719706416
e2e0ce_2022-11,0.986852827751027
2ab8ad_2024-09,0.9610233079529572
022433_2020-12,0.009768333544371654
293190_2016-09,0.04372038213279746
74fb1f_2021-08,0.9292518615591585
9b46ed_2023-07,0.8628865485517585
f1543b_2014-05,0.019365834848477877
293190_2019-08,0.0934776326474642
c5df88_2022-11,0.2703405142635142
f1543b_2022-08,0.8932560228517289
7bf5c9_2022-12,0.6830759576829041
7aa803_2020-06,0.3931614488533358
7aa803_2023-07,0.2824068933339832
9b46ed_2023-12,0.9970638241924363
293190_2016-06,0.12193721514274451
f1543b_2014-09,0.008576940068407835
e2e0ce_2020-02,0.4625787350004581
74fb1f_2020-04,0.36967861879565844
2ab8ad_2019-08,0.03752032244991091
74fb1f_2017-06,0.1663737893240625
74fb1f_2018-05,0.061419026892769304
f1543b_2016-05,0.13948429259596068
f1543b_2024-04,0.7298715350141406
f500c5_2014-03,0.005544899046772525
a42d13_2017-11,0.09317150088929899
6224d0_2017-06,0.05498189517455692
77e86b_2025-02,0.7382749618580071
94f933_2024-06,0.004464511572924999
c3a69f_2023-08,0.5166913093833616
94f933_2024-09,0.0035254638845845883
18defd_2024-11,0.9334096808318121
94f933_2024-01,0.001116601022119255
948a11_2025-04,0.3436995760291597
948a11_2024-12,0.8238893712807516
7aa803_2018-04,0.12635849184359976
f1543b_2018-09,0.5056226497549726
c5df88_2018-05,0.14111712110224323
29849f_2017-02,0.10939108643474069
c580aa_2023-11,0.9974727547441957
293190_2019-12,0.18909337419389807
e7a56d_2014-10,0.025876855126390354
829a72_2022-04,0.9343116963196447
74b7d1_2023-05,0.8400521895626293
829a72_2017-10,0.25456275179655374
e3af0e_2023-08,0.9877821695536136
cd0e60_2021-12,0.24821082837930375
74b7d1_2022-06,0.37726465618675903
2ed4f9_2025-07,0.020032958328713428
60a0fd_2024-05,0.8419862921610362
cd0e60_2023-05,0.10096362207831878
7bf5c9_2015-05,0.000977504909988368
7bf5c9_2018-10,0.3787133502605763
b1de95_2017-06,0.3579635854578286
e3af0e_2021-02,0.8597632038987079
7bf5c9_2026-03,0.7125465569504584
60a0fd_2021-05,0.5455304169020715
e3af0e_2025-08,0.8395549410920264
0874ee_2017-02,0.3518919390576849
98a151_2017-09,0.4502505743246477
c48018_2015-07,0.003589843375360922
6da35b_2024-02,0.0067952103925962275
98a151_2022-02,0.5256260948918301
6da35b_2024-10,0.05747943514397482
7e646c_2023-10,0.007450003014685159
6da35b_2025-05,0.03531973257183704
98a151_2023-11,0.7923449755502322
77e86b_2022-05,0.0462634723755928
e3af0e_2018-12,0.28103431915119537
6da35b_2025-01,0.10496430788165136
5ecf9b_2022-10,0.010636447853687794
829a72_2017-04,0.1418487858967567
829a72_2017-07,0.2632853284401337
829a72_2022-02,0.8217798966726791
6da35b_2023-04,0.010850118173148519
60a0fd_2021-09,0.9805261247623216
7e646c_2024-01,0.00799131608536382
98a151_2016-11,0.18655774583962142
60a0fd_2023-03,0.830873855681944
e3af0e_2021-11,0.969102504980472
6da35b_2024-08,0.031262515191041514
7e646c_2023-09,0.003390292059142318
b644ac_2024-02,0.008253198757124634
7bf5c9_2025-12,0.9483504639464958
7bf5c9_2025-01,0.6902112970273926
7bf5c9_2025-02,0.8017244828192822
77e86b_2025-06,0.9674378718576409
e3af0e_2022-02,0.7643101564469901
98a151_2020-03,0.9708242483008043
6da35b_2024-03,0.004146885290962634
98a151_2018-06,0.12692940110456977
829a72_2022-06,0.9275844882369286
e3af0e_2019-10,0.8929803207297949
e3af0e_2021-05,0.35272036229113035
19fa84_2015-12,0.004496901375264737
6da35b_2023-02,0.014517924466704262
7bf5c9_2016-09,0.07210031227116483
19fa84_2016-01,0.003142043459020672
7bf5c9_2022-06,0.9223625074161973
c5df88_2019-11,0.0804597826234072
6224d0_2020-04,0.9937050361073655
6224d0_2020-06,0.9943379186271972
2ab8ad_2015-08,0.002932282182179709
8d0588_2024-09,0.9846717344247011
b0ff51_2015-04,0.18076837296667708
b0ff51_2022-12,0.9911593256735586
b0ff51_2023-12,0.9833040465530285
8d0588_2017-10,0.8314213705153196
b59bc0_2017-04,0.23464331056443766
2ab8ad_2016-01,0.004874669821360279
8d0588_2014-06,0.015444928953549033
b59bc0_2014-06,0.01121538727279773
b59bc0_2019-01,0.9856375926576323
b59bc0_2020-01,0.993069283820243
b0ff51_2016-04,0.009059037016878848
b0ff51_2025-04,0.9918982009768925
8d0588_2024-10,0.9956273592099378
b59bc0_2014-07,0.021721832230771308
8d0588_2017-03,0.027096653889395556
8d0588_2015-03,0.002166379405833794
8d0588_2022-09,0.9503360958504469
b0ff51_2020-08,0.9975460296276405
b59bc0_2023-02,0.9981437233399943
b0ff51_2014-10,0.03793219417125615
b0ff51_2024-01,0.9945558947789677
8d0588_2021-04,0.9958704457499166
f1543b_2017-03,0.047151087379026145
77e86b_2019-10,0.23594245059008198
b0ff51_2021-11,0.9988944709486569
8d0588_2022-11,0.9594151244182606
b59bc0_2014-03,0.021289350380863215
b59bc0_2022-12,0.9534548733260075
b0ff51_2021-05,0.9990490720577002
b59bc0_2015-01,0.021192372182801764
b0ff51_2024-09,0.9897824186842645
b59bc0_2019-08,0.9756039176941972
b59bc0_2019-11,0.9497198932182491
8d0588_2017-05,0.6966144463189243
8d0588_2021-09,0.9985580592190257
b0ff51_2017-03,0.5937707179316102
b59bc0_2018-04,0.713722758725166
b59bc0_2025-05,0.9959730757130041
b0ff51_2022-05,0.9925513753957301
b0ff51_2025-06,0.9847761232088372
829a72_2015-10,0.003580434861174408
98a151_2015-09,0.001934492898808421
b08ec1_2016-03,0.0015032868598307473
b416b1_2017-02,0.26128054880962504
77e86b_2018-08,0.34809224200710415
545d15_2023-01,0.6799736053911862
ab32d7_2024-08,0.09763499590937438
6224d0_2015-09,0.0025349321855230576
74b7d1_2021-12,0.5823991053572553
c580aa_2020-01,0.9764510055332398
ab32d7_2023-08,0.008735466433625659
9b3bd5_2025-01,0.02359617398619555
545d15_2025-11,0.7489524372137323
545d15_2022-07,0.22991122426247917
ab32d7_2022-07,0.008317468780973865
5ecf9b_2024-07,0.10723872707585765
c580aa_2017-02,0.5249925657802526
ab32d7_2023-09,0.008517376040653167
545d15_2024-07,0.9718179032907035
545d15_2024-10,0.9756507173187392
545d15_2025-10,0.9798906898866205
ab32d7_2023-06,0.008992999108722817
8b98f3_2022-12,0.0032645484677802194
545d15_2022-12,0.42227549282396243
545d15_2023-06,0.9324631613585377
4f2b6b_2023-01,0.004957379101483669
0cecbd_2021-11,0.9819991119209404
7a007d_2018-07,0.31213084818583303
4718d7_2020-11,0.9506436968955061
74b7d1_2020-04,0.9288745439221611
8b98f3_2022-11,0.005047751342082466
74b7d1_2020-11,0.8413195771500083
5ecf9b_2025-06,0.2847475255383121
ab32d7_2023-10,0.012403095939120357
5ecf9b_2024-03,0.15112487940066843
8b98f3_2022-09,0.012221341843036727
8b98f3_2023-10,0.10805426945174551
ab32d7_2023-03,0.024484663066095882
77e86b_2015-02,0.006275898964157315
259a19_2017-05,0.5528034112933353
948a11_2024-03,0.5234876747821101
1698cf_2021-02,0.9019733142246708
6f5e2b_2014-10,0.0035960025085079454
e361b7_2015-03,0.015199483223120095
b73bc7_2017-04,0.6470533936854315
b73bc7_2023-05,0.9884994439869518
fd589c_2015-06,0.011811786560664346
894378_2021-06,0.7428766740746046
8ec563_2016-07,0.10509761773015312
e4bc80_2021-06,0.8823919015870658
894378_2018-05,0.029680078910228908
19fa84_2017-06,0.11896725011182661
c580aa_2016-02,0.01402537866143336
3db670_2022-02,0.992703783380093
3db670_2018-11,0.9880371384582689
19fa84_2017-02,0.140089039205957
19fa84_2022-02,0.3513274745130022
06534f_2022-06,0.9931141782298953
e361b7_2019-02,0.21817766953053447
3a13b3_2023-09,0.9952267594492188
8ec563_2019-05,0.8109841686828527
06534f_2017-11,0.9631312196109132
fd589c_2016-02,0.027712977312004148
e361b7_2018-03,0.07288555157934866
e361b7_2019-01,0.34127537342929165
e4bc80_2019-01,0.36725988930039283
19fa84_2015-04,0.02591660408220405
3a13b3_2023-03,0.9937304266983109
e361b7_2018-10,0.8829190269340577
1bdb97_2024-03,0.1484096438938093
3a13b3_2022-07,0.9864672378970546
b73bc7_2015-07,0.01054169478539246
b73bc7_2020-10,0.9962069023057386
e361b7_2019-12,0.7915560950239123
c5816f_2024-02,0.6677984920292267
8ec563_2018-12,0.2941579537928579
8ec563_2020-01,0.9628373557914119
c5816f_2018-03,0.15038690988115017
fd589c_2014-06,0.013783203343401974
894378_2021-07,0.8241424691866034
74b7d1_2019-05,0.33028442110346923
3a13b3_2024-06,0.993472266308419
19fa84_2016-05,0.0036376517756607283
3a13b3_2025-03,0.99701662720501
c580aa_2025-01,0.9982636721504636
3db670_2024-12,0.9970409432978389
b1de95_2021-04,0.9917079261370981
b1de95_2022-06,0.9953300652616508
e361b7_2016-02,0.0022076965984387025
0874ee_2014-06,0.0025813905383318173
b73bc7_2023-07,0.9974902363621443
3db670_2018-07,0.979448107216574
fd589c_2016-01,0.00802156566190118
e4bc80_2019-06,0.36219550039013293
894378_2019-07,0.9599930570913064
3db670_2015-08,0.0027612378779052686
3db670_2025-09,0.966812323352985
894378_2025-03,0.9317676293460408
3db670_2015-09,0.0011106597983029953
b1de95_2022-11,0.9827161274703956
3a13b3_2016-08,0.031320026868566206
3db670_2018-09,0.981527440444057
e361b7_2020-04,0.9954483920537749
06534f_2014-12,0.019004478163310565
8ec563_2019-04,0.5555424054435826
c580aa_2016-06,0.4170633219644096
19fa84_2019-05,0.3028048096576892
3a13b3_2021-02,0.9915106180541137
3a13b3_2024-07,0.9906570504482493
c580aa_2025-06,0.9967375035448928
06534f_2021-07,0.9973414605809724
e361b7_2017-05,0.27112885058727454
e4bc80_2018-01,0.13527319646607713
894378_2018-01,0.20503619221725372
894378_2019-02,0.08253185108916809
06534f_2022-09,0.9983513908133368
0e8d73_2025-09,0.3300827214013017
19fa84_2019-10,0.9297886085830807
d59611_2022-02,0.9978218401734184
4f2b6b_2024-02,0.004031616426189664
c3a69f_2015-04,0.008957435260218177
c3a69f_2018-05,0.07345625007017963
a25664_2017-11,0.1447525353681269
74b7d1_2018-11,0.3127123669253253
98a151_2018-09,0.8643549061247046
2ab8ad_2019-07,0.03151965087280157
98a151_2023-01,0.5462627919474279
98a151_2017-04,0.0631678079922725
60a0fd_2022-09,0.8750578688215714
a42d13_2014-07,0.0018613151443002199
06534f_2018-07,0.8812603069854178
77e86b_2017-04,0.04243230521103677
06534f_2018-09,0.68847557433151
0874ee_2022-01,0.15838491934747762
0874ee_2020-01,0.34641510278821525
259a19_2016-11,0.11207984781760062
b1de95_2016-05,0.012582599574173462
74fb1f_2017-12,0.050014361899374214
293190_2018-09,0.3384849175320415
8ec563_2015-10,0.004467659563924076
293190_2017-01,0.15490538841883988
293190_2017-04,0.1897467100992719
e2e0ce_2015-06,0.005178553640755343
7aa803_2017-07,0.2461143163901229
b1de95_2016-07,0.003553799960154949
2ab8ad_2017-06,0.0656429632795214
c580aa_2016-03,0.04300844992126398
6f5e2b_2017-10,0.08470157879233317
e7a56d_2015-01,0.004378821611031373
e7a56d_2017-05,0.05476588671670874
c48018_2020-10,0.8603553839615449
e7a56d_2018-10,0.6650313036495579
0874ee_2020-10,0.1586544003883012
987bc1_2020-06,0.9230326879433273
0874ee_2017-07,0.17633062091527263
c48018_2016-10,0.2479956946096274
c48018_2023-02,0.6895318992086188
b1de95_2018-10,0.8772736035635983
e7a56d_2018-11,0.6998398335037341
7aa803_2018-03,0.03061422470918863
175155_2020-06,0.9545391359582808
18defd_2022-05,0.6106099790685502
c48018_2022-11,0.6903624542447064
18defd_2020-11,0.8001380795243478
18defd_2021-05,0.6291039131308446
18defd_2021-07,0.6780762363438226
987bc1_2021-02,0.9829830877105021
18defd_2016-08,0.052372202447316156
c48018_2016-04,0.0029444192543759793
c48018_2022-04,0.7154326111303585
5a0174_2017-06,0.5826634512039008
4718d7_2015-04,0.011668774639097223
c48018_2020-12,0.7660268145076403
bc4c03_2017-07,0.04760409411596158
e7a56d_2020-06,0.918030867683349
259a19_2018-09,0.6031420266546362
d59611_2016-08,0.5437617883815383
c48018_2021-11,0.6849736467155554
1822ea_2016-01,0.006327240272405074
a25664_2021-02,0.9629210615401043
c48018_2021-08,0.6979658639368442
d59611_2015-08,0.0014916893083978422
1698cf_2018-10,0.21288483382229545
c3a69f_2019-10,0.2945720010384442
c3a69f_2019-05,0.09027061924174287
c3a69f_2019-08,0.36395134042970717
c580aa_2015-09,0.001727920275367218
439fde_2017-02,0.05930301307229622
4718d7_2021-06,0.9901214594766629
87cfea_2022-06,0.7853071002338012
83894c_2022-02,0.23853639459212242
34889b_2016-05,0.07700714679920649
83894c_2019-07,0.10393276277240722
5a0174_2015-05,0.0021419292655251603
e3af0e_2014-03,0.012519089509348269
83894c_2020-12,0.22767398168585984
e3af0e_2015-07,0.0011814423135799654
5a0174_2020-06,0.9344047621039
87cfea_2024-01,0.32652917744096227
99c11c_2022-01,0.7990754313217362
90abb1_2016-10,0.3910084636214507
77b3b9_2017-05,0.028819132220769057
6f5e2b_2017-05,0.2689613172516866
99c11c_2022-04,0.4024526215379017
83894c_2020-11,0.19862878360598463
99c11c_2023-07,0.5023342717772987
98a151_2016-02,0.015874910999981954
829a72_2021-07,0.9663161838479488
e3af0e_2016-04,0.05891257123535003
6f5e2b_2017-09,0.25209960027528167
f461d4_2021-05,0.9917342183649621
99c11c_2020-03,0.03923695487938689
60a0fd_2015-07,0.0014671508085483907
175155_2016-02,0.0032931679542383217
8fabe0_2018-10,0.7683584279151191
8fabe0_2025-09,0.9740303602298139
83894c_2024-11,0.8914393577130914
6f5e2b_2018-09,0.4119544336371578
db4cd8_2017-11,0.19737958820800214
8fabe0_2020-05,0.9747011755652962
f461d4_2016-12,0.15138376277403534
829a72_2021-05,0.9684460468164773
175155_2016-04,0.010348150713789443
1698cf_2025-09,0.9633249385219926
5a0174_2016-03,0.0030905327744530377
8fabe0_2016-10,0.2252641542162072
8fabe0_2017-03,0.3377736776513477
259a19_2017-01,0.18645222581062393
fd589c_2017-04,0.14553525528588293
e3af0e_2017-11,0.2188846989644811
829a72_2015-07,0.0011435161604302884
f461d4_2020-04,0.9888145541977201
d59611_2016-04,0.02984619378221882
87cfea_2019-07,0.055728677059720004
175155_2015-12,0.003502638871478766
e7a56d_2016-02,0.008676740856865846
14fe3a_2020-04,0.9517989144126158
e427f8_2022-06,0.025165108185961196
d86999_2024-05,0.7952890987868824
29849f_2022-03,0.9515936585299359
8ec563_2018-09,0.6356787810575707
77c35f_2022-07,0.025397471138369793
e427f8_2022-02,0.004713208299173792
f461d4_2017-12,0.1712182885626092
88a9a6_2015-10,0.0029729072804145205
14fe3a_2021-02,0.9572784162419733
e4bc80_2016-10,0.032664081864613635
1bdb97_2025-01,0.12487480368112581
e4bc80_2016-07,0.03522562317327195
e4bc80_2017-01,0.05674176874806631
d86999_2024-11,0.8310033042668462
d86999_2023-02,0.9056762620187783
14fe3a_2020-09,0.9202528861103716
8ec563_2016-04,0.002664300728410409
894378_2017-12,0.15062638739455736
e4bc80_2017-02,0.09143175848721255
8ec563_2016-01,0.0027535168929563422
14fe3a_2020-07,0.9499141134780831
c3a69f_2019-03,0.09757094720403253
c3a69f_2020-03,0.4498704676423912
439fde_2018-12,0.043419793214406366
bf6f0d_2017-04,0.01014080573475699
0f9e86_2020-06,0.7489124417409898
60a0fd_2018-08,0.4083545532037168
98a151_2020-08,0.9860423581778227
829a72_2018-08,0.28171233722088673
439fde_2016-05,0.0031469182561362566
77e86b_2018-07,0.3202945983009826
9af74c_2021-01,0.9959907924934767
375f2e_2016-09,0.0016419135901854056
bc4c03_2015-07,0.0018565140163868668
bc4c03_2017-03,0.0914074099470135
77b3b9_2015-06,0.0066008944009013255
90abb1_2015-05,0.0038151497902581917
9af74c_2017-08,0.04079864668935156
92dcdd_2020-06,0.027598167336544653
3a13b3_2021-12,0.9919269303114956
77b3b9_2016-03,0.0030326266290517543
c3a69f_2021-12,0.7809013518424227
439fde_2022-12,0.9749845669119411
439fde_2022-04,0.9939835548736846
87cfea_2021-07,0.4284982863323362
87cfea_2023-10,0.3846330239541919
99c11c_2024-05,0.4110306742150446
83894c_2019-02,0.07122881842864393
87cfea_2023-12,0.2674508087130962
439fde_2024-01,0.9871837012617865
87cfea_2017-07,0.012040224591005363
87cfea_2023-06,0.2385395096021373
87cfea_2025-07,0.6014694203005532
c3a69f_2020-12,0.9589730117743315
439fde_2017-04,0.046102288438212874
99c11c_2023-04,0.14153242914261868
c3a69f_2015-05,0.003062627851668809
87cfea_2022-11,0.3632879752279659
87cfea_2023-11,0.37986959229321526
99c11c_2021-09,0.23908989393599867
99c11c_2022-11,0.2903941815782991
c3a69f_2015-07,0.005092478839580806
c3a69f_2020-05,0.8407713822174743
83894c_2019-12,0.04609437430132746
87cfea_2024-10,0.4628183883138414
87cfea_2025-05,0.7470641816989746
83894c_2022-01,0.4138825434368059
87cfea_2023-09,0.2521132405122705
99c11c_2019-11,0.010964775255085431
87cfea_2022-02,0.8566955117962608
83894c_2018-07,0.03502790156436128
439fde_2017-01,0.11076186403877936
99c11c_2021-10,0.49645013035872726
99c11c_2017-02,0.0047538572604610444
439fde_2016-10,0.18657222356577224
83894c_2021-05,0.7810881322442952
87cfea_2021-04,0.718659994100495
439fde_2020-10,0.9833383016748384
83894c_2021-06,0.8368036578159249
99c11c_2023-06,0.2127979850860913
34889b_2015-06,0.020323872341632472
a25664_2017-06,0.4447927626713957
34889b_2018-11,0.8170359424274969
34889b_2015-05,0.025398897269228886
7199cf_2023-06,0.11675766091276232
34889b_2017-05,0.25811652685756314
87cfea_2020-01,0.05054162903557543
29849f_2021-10,0.9588014164476013
f4604d_2017-11,0.08991462796509954
29849f_2021-03,0.9783897861988613
d59611_2018-09,0.5815152328707747
29849f_2020-07,0.9498387846543572
29849f_2021-06,0.9751090725483904
29849f_2021-08,0.9713608826593392
7aa803_2016-03,0.001556882789339429
7aa803_2017-09,0.1363413765071164
f4604d_2018-07,0.09656776455410544
bf6f0d_2014-11,0.010366989651709851
531356_2020-12,0.9835118024496158
77b3b9_2016-12,0.05654047108859226
29849f_2015-05,0.01638509034536197
06534f_2020-10,0.9972994939958343
3a13b3_2022-06,0.9458061109929726
a42d13_2016-10,0.3223496380220938
3a13b3_2022-05,0.9928440187239912
c580aa_2021-01,0.9848996865608562
88a9a6_2018-11,0.2996149167861775
0cecbd_2015-11,0.0016295638633491958
948a11_2025-01,0.7155389682316196
06534f_2020-08,0.9934691560519594
a42d13_2016-08,0.22781349375130158
c580aa_2021-05,0.9885880595595978
8d0588_2015-12,0.002545335185188569
87cfea_2016-10,0.00416953726582663
af81b0_2018-08,0.6060015303284716
87cfea_2016-07,0.0011525104207080336
fc2511_2025-06,0.050188889386081396
74b7d1_2016-07,0.0005052119480779305
77e86b_2016-10,0.04289991335544505
77e86b_2016-08,0.038921360441019966
88a9a6_2015-11,0.0015327256075830275
87cfea_2018-04,0.11147650706103392
bf6f0d_2020-06,0.9671957429539234
6224d0_2016-07,0.04470037301050618
5a0174_2021-04,0.9968968063604476
90abb1_2018-08,0.10846491801814878
5a0174_2021-03,0.9970924171034466
87cfea_2018-10,0.2263193410313088
87cfea_2018-03,0.019897157494760193
af81b0_2020-07,0.890812116352587
af81b0_2016-04,0.01627327281350894
4fb2d3_2016-05,0.006183125989544285
af81b0_2016-06,0.027927934515676545
bc4c03_2020-06,0.943226921155505
af81b0_2020-04,0.5000941412976863
b416b1_2016-04,0.015824842510298278
fb34b4_2022-10,0.01513079866526595
af81b0_2016-09,0.01934862476465373
77b3b9_2018-08,0.08572267897350937
e2e0ce_2017-12,0.2582480085093053
cd0e60_2024-02,0.8957916873996334
7aa803_2016-06,0.0024476295709761915
cd0e60_2025-07,0.935619440661354
6c1954_2019-05,0.04370170422601478
8005b9_2015-12,0.011628502274620468
34889b_2021-06,0.9652174294177939
c5df88_2015-08,0.03521445368210443
f4604d_2015-09,0.0011085034547085046
fc77d0_2016-11,0.321930609530691
c5df88_2017-09,0.0885778031354799
fc77d0_2016-10,0.2065833100085805
fc77d0_2017-01,0.35528881418618535
fd589c_2018-10,0.7324117973501404
0874ee_2016-12,0.33506844463412466
1698cf_2016-04,0.0023867775669310044
293190_2017-10,0.48280805846343816
c5df88_2017-07,0.159846546372781
9b46ed_2025-09,0.9260625030049299
9b46ed_2017-11,0.22771971220492537
34889b_2017-12,0.60719985746743
b08ec1_2016-07,0.11766056380842328
b08ec1_2017-10,0.08822946677898305
7aa803_2018-11,0.1677442356083042
dc4b5e_2021-04,0.8472054129508778
b08ec1_2021-01,0.9296792111751498
0cecbd_2016-08,0.0016208003139146514
99c11c_2018-12,0.03416478438220057
99c11c_2025-06,0.92654153192807
fc77d0_2016-04,0.18502014341577508
b1de95_2017-03,0.7206381447772207
fc77d0_2016-03,0.15734680264223375
99c11c_2019-05,0.07450297694599084
99c11c_2025-03,0.9220038657101705
a97df3_2020-10,0.009032253700437773
87cfea_2017-10,0.0031986544368945114
99c11c_2018-08,0.0568143820329826
894378_2017-10,0.3118428155735361
74b7d1_2016-04,0.0006341071061436705
b1de95_2017-12,0.8572304743233061
dc4b5e_2020-04,0.006657071690479684
99c11c_2025-04,0.9176955858307739
0cecbd_2016-11,0.005255917297498054
3a13b3_2018-09,0.7524652918918606
829a72_2018-09,0.2773977460022002
8ec563_2020-06,0.9164304201454613
b0ff51_2015-12,0.02887025483285819
829a72_2015-11,0.0010274930398100185
af81b0_2022-05,0.9790361354380177
af81b0_2021-08,0.9581487286263244
af81b0_2021-01,0.9670976500398778
af81b0_2022-01,0.9707717248376359
60a0fd_2015-09,0.0028960217833410564
fc77d0_2017-09,0.027553266141201814
b1de95_2015-08,0.0029958909812196175
4fb2d3_2016-04,0.0013946873459995644
c5df88_2015-09,0.00381896656385038
94f933_2023-02,0.11869793951223385
19fa84_2020-07,0.9669980968161282
19fa84_2020-09,0.9509504751828506
fd589c_2020-07,0.9553121022272523
fd589c_2020-04,0.9775842111336954
6c1954_2020-12,0.10890490478952437
b416b1_2018-11,0.06921213863031243
6c1954_2020-09,0.05508147100328482
c5df88_2016-06,0.0033912871851282354
74fb1f_2018-07,0.1145291704261418
74fb1f_2017-08,0.10188538960458572
74fb1f_2015-05,0.006109518463015168
c5df88_2016-07,0.005770544497785576
7aa803_2016-09,0.048168910758545166
74fb1f_2015-11,0.003907201986362707
9b46ed_2015-07,0.0007932237677750672
e2e0ce_2015-12,0.0012788093114817515
c5df88_2016-03,0.002147785010594095
83894c_2020-05,0.0937657785160244
87cfea_2020-04,0.693467560452483
c5816f_2016-07,0.13450677168523772
e4bc80_2020-05,0.96518074283705
db4cd8_2017-09,0.2873443614853383
90abb1_2018-11,0.5409734745075496
fd589c_2016-09,0.12075707479692185
8ec563_2015-06,0.012938302071643242
1698cf_2015-11,0.0030350215855799016
894378_2016-03,0.004030136277425667
e4bc80_2017-03,0.31674556260305897
b0ff51_2016-10,0.9398670201582388
83894c_2016-09,0.0006340348433146399
a42d13_2022-08,0.9905781226284358
a42d13_2021-11,0.9901998947508618
a42d13_2022-09,0.9903372732683382
a25664_2017-01,0.060266607459207665
a42d13_2021-10,0.9907315252103337
439fde_2017-07,0.22500865317674673
a25664_2016-06,0.0012997082783079465
a42d13_2019-02,0.9604605363276036
77e86b_2017-01,0.06263174819367724
a42d13_2021-05,0.9899005809595198
a42d13_2019-04,0.9699002698786441
1b9e65_2018-07,0.15281710773277207
db5006_2016-04,0.0021220201963052833
f4604d_2016-09,0.00327551613945055
175155_2020-05,0.9405707282482381
f4604d_2016-12,0.044585410057389155
531356_2015-05,0.009735889909702325
375f2e_2016-01,0.007428884699295803
7a007d_2017-07,0.12249975346292469
c5df88_2015-05,0.005640859229187818
894378_2020-09,0.9762966883694618
e361b7_2020-06,0.9724490964154864
b73bc7_2016-04,0.06302815523952443
1822ea_2016-08,0.0046042405873147705
1b9e65_2015-05,0.012169391622668498
bf6f0d_2018-09,0.4776191341519825
531356_2021-04,0.9470487360614326
db5006_2021-09,0.9339928942182599
f4604d_2021-04,0.9673915105190192
1b9e65_2016-04,0.0027470968631858775
531356_2021-05,0.9286342770799064
29849f_2015-08,0.012286846601611123
29849f_2018-08,0.39212534334845234
29849f_2016-04,0.00490818776032954
6f5e2b_2018-08,0.3468004240784299
293190_2024-08,0.990695323352375
88a9a6_2016-03,0.004100665873896105
14fe3a_2018-11,0.6383875916775182
293190_2024-12,0.983528178847306
2ab8ad_2016-10,0.008427185736289452
c5df88_2026-04,0.9793937223662845
c5df88_2024-04,0.9748508252708347
c5df88_2025-09,0.9797059107175836
c5df88_2025-05,0.9779721936081656
293190_2025-10,0.9890309700795153
c5df88_2020-08,0.9283451455786202
293190_2025-08,0.9895471694820289
c5df88_2025-06,0.978341016588878
9b46ed_2016-11,0.01221118234993166
9b46ed_2016-03,0.001819105811117251
293190_2025-02,0.9830453392958526
f4604d_2020-07,0.8037134914994892
1996b0_2023-12,0.0031235880042003424
e3af0e_2018-07,0.5248538093043128
f4604d_2020-08,0.828721536112425
1996b0_2022-12,0.005509075895769761
1996b0_2023-08,0.003242518103628127
f4604d_2020-10,0.7574364289445652
1996b0_2024-02,0.0027759953906881024
1996b0_2024-08,0.09731427308624394
f4604d_2020-11,0.8192570431990794
e361b7_2015-09,0.007346011654041395
e83244_2025-09,0.9941976370677058
d86999_2020-04,0.9767362052961382
06534f_2015-12,0.0006481117120543544
4718d7_2016-02,0.006024469844731366
4718d7_2016-04,0.12651205504900537
4718d7_2015-10,0.0019814241844178133
7a007d_2021-03,0.8635814168376484
90abb1_2020-05,0.9681427854362424
7a007d_2022-05,0.9626903113626575
74b7d1_2017-01,0.0485879345910938
7a007d_2020-01,0.5919443365509343
7a007d_2022-07,0.9600376395870877
b08ec1_2015-08,0.010796814457116465
d59611_2016-03,0.02644714580195683
7a007d_2020-06,0.558068878601047
7a007d_2022-10,0.9581806779750077
e7a56d_2016-08,0.09457851909499203
e7a56d_2016-07,0.12287144171601479
7a007d_2023-07,0.9606296045714504
bf6f0d_2018-07,0.15690195620001468
b59bc0_2015-05,0.03889610174680983
bf6f0d_2020-05,0.9792340450246578
b0ff51_2015-05,0.04524652025167967
8d0588_2016-10,0.7571600445793233
0cecbd_2017-11,0.3618817427018118
b0ff51_2015-09,0.016066868974397852
e60b65_2018-04,0.005822898080392103
b416b1_2018-02,0.04756786103292272
f461d4_2022-09,0.4829389393011169
bc4c03_2024-04,0.9519364458895659
db4cd8_2023-02,0.9078158878394218
d59611_2021-08,0.9705717681379189
d59611_2023-04,0.7991899102410365
d59611_2025-03,0.9945965985016741
987bc1_2022-03,0.975492656285755
92dcdd_2020-01,0.0010986601573401095
92dcdd_2023-03,0.8960941949450071
3db670_2025-01,0.9760168076866276
06534f_2016-11,0.1317513090143682
3a13b3_2014-07,0.024226002215494816
e2314a_2019-09,0.9334114980121773
e2314a_2023-04,0.9516362459255382
1b9e65_2024-03,0.5867317459620729
fb737b_2024-11,0.6401741818447471
e60b65_2020-12,0.9554873171534402
e60b65_2022-12,0.9637568556610887
a25664_2025-01,0.998174218920209
77b3b9_2023-07,0.9952948724083414
90abb1_2019-10,0.9421589927720516
fc77d0_2018-01,0.01812964893633203
375f2e_2024-01,0.9876273824350947
987bc1_2022-07,0.653978851883474
11f0e3_2018-12,0.25583540766379953
11f0e3_2021-01,0.5463978807455234
fc9334_2022-08,0.32083490336072523
8bd3ce_2024-08,0.7171335031170074
8bd3ce_2025-02,0.8468852032447918
0f9e86_2021-07,0.14968114109498315
9cf1af_2024-10,0.43229516579721705
4718d7_2014-11,0.0060433190755691335
5a0174_2015-01,0.0025482029691390935
4ee2d2_2025-02,0.0019548055633385165
b416b1_2022-12,0.420591127811966
b416b1_2024-05,0.9827760182347857
175155_2024-06,0.9115031024702948
db4cd8_2024-04,0.6240191557001074
db4cd8_2018-05,0.014354278016775475
14fe3a_2018-04,0.016979628613540316
8005b9_2022-08,0.40672767304383106
b08ec1_2014-08,0.0075995348677425035
b08ec1_2023-05,0.6657432793252517
9af74c_2022-01,0.9400172785175265
29849f_2019-12,0.4947148379634069
06534f_2025-03,0.9552310604777453
6224d0_2015-05,0.012443055105036509
0874ee_2020-03,0.9622886224290872
175155_2018-05,0.02276569966866768
6838b9_2021-07,0.19927011122509652
532867_2023-10,0.008150167272637168
f25ffe_2023-07,0.006698278681855359
987bc1_2015-06,0.010620582433839685
731908_2017-03,0.08373196912498464
8fb6f0_2024-11,0.7724712517211126
fb737b_2019-11,0.04153861812788466
6838b9_2022-04,0.22954428597664722
1698cf_2019-07,0.8366687787778448
34889b_2019-03,0.36012538139280154
14fe3a_2015-03,0.0052944314957342545
b08ec1_2019-09,0.1521109058579805
92dcdd_2019-04,0.0007175536958847205
af81b0_2020-02,0.8877519174710145
f4604d_2025-08,0.8907660447638969
e2314a_2016-03,0.0010956574633267668
e83244_2019-08,0.9313832470843956
f25ffe_2025-01,0.02034796524637059
0ffc2d_2022-08,0.006040935396953553
e427f8_2024-10,0.39103361980757356
e427f8_2025-03,0.31685347838138644
9befc8_2025-05,0.8568612283608051
4718d7_2025-05,0.9852390125972675
5a0174_2019-10,0.3667772877327509
5a0174_2023-07,0.9629045668618461
b416b1_2019-05,0.40738719168342935
f461d4_2014-05,0.0035361200681942196
f461d4_2017-02,0.12908305056878894
b416b1_2020-05,0.9660799744577786
34889b_2014-11,0.0046512351466765365
34889b_2021-10,0.8434500158339383
14fe3a_2021-12,0.8760821346351717
b08ec1_2014-07,0.011952981023076868
375f2e_2023-08,0.8750706927575481
987bc1_2019-06,0.1581267484205241
b73bc7_2014-09,0.03348290007831704
531356_2018-07,0.32213589297253875
e2314a_2020-03,0.9890722294002159
e83244_2025-08,0.9730754288392478
6224d0_2016-10,0.06162476665881487
77b3b9_2019-07,0.5674392692209831
90abb1_2025-02,0.9671359125876121
9af74c_2021-04,0.9897868329134688
11f0e3_2021-04,0.18858939629279675
11f0e3_2024-01,0.43806222573087017
bfbeef_2023-10,0.7198128645120363
77c35f_2025-08,0.048089593989240585
fa8553_2024-10,0.6666781106439915
11f0e3_2017-03,0.027579793098395006
fb737b_2024-10,0.493955580311643
6f5e2b_2024-02,0.9954984492601975
259a19_2019-06,0.40088769634353383
259a19_2025-04,0.8992440554401147
d59611_2023-11,0.9082332063826771
90abb1_2018-06,0.02046260773286075
14fe3a_2025-01,0.9624010948424468
8005b9_2019-07,0.425055624386497
fc77d0_2018-02,0.008615070058094674
3a13b3_2016-01,0.012120289833131247
06534f_2024-09,0.9231731613350802
e83244_2024-08,0.9357137639014812
e60b65_2018-11,0.6145557690607458
6838b9_2025-08,0.810806307728499
532867_2023-11,0.008427849429111433
77b3b9_2014-09,0.01452613632408847
375f2e_2024-11,0.9170396553936304
302d40_2023-08,0.004674710422389659
11f0e3_2024-06,0.5332918465233211
a97df3_2023-05,0.3370293767962285
780a0b_2015-04,0.002146575895664152
0f9e86_2019-01,0.2202148476885564
9cf1af_2022-07,0.008859068528331631
6f5e2b_2015-04,0.010369676010559815
b416b1_2016-08,0.01088072556444373
175155_2024-07,0.8849550389791604
34889b_2025-05,0.7892790818372181
8005b9_2019-08,0.34071338484391267
8005b9_2021-02,0.9830952271494685
375f2e_2019-09,0.5299221610051831
9af74c_2014-05,0.009699641444047412
4fb2d3_2024-08,0.9224873849803169
af81b0_2019-01,0.5608520513376178
29849f_2024-06,0.9891088126699789
06534f_2016-10,0.11265999866778773
e2314a_2015-08,0.0038428268119861902
e2314a_2017-01,0.02073601332298072
e2314a_2017-08,0.07959230710488652
6224d0_2015-04,0.025752256012652446
6838b9_2022-08,0.4997931294796481
987bc1_2014-12,0.0027786783622674163
11f0e3_2017-01,0.11657955410307522
dc4b5e_2024-11,0.890889867021173
780a0b_2017-01,0.024116970469540602
fc9334_2023-04,0.8634428299236974
a25664_2022-12,0.9739214718175082
a25664_2019-03,0.613361498908584
34889b_2019-04,0.323376471740695
14fe3a_2022-05,0.9225410766880975
8005b9_2021-04,0.9887840451577122
8005b9_2025-02,0.9772773966375685
b08ec1_2021-07,0.9751599035548314
b08ec1_2025-07,0.9966354421639256
375f2e_2015-04,0.025989466827739855
3db670_2017-05,0.6230825804363953
f4604d_2023-03,0.25875339490752364
e2314a_2017-05,0.08522556697149787
bc4c03_2019-11,0.9257128520715425
a25664_2018-04,0.01907775853159687
4fb2d3_2014-08,0.00687378086144431
92dcdd_2024-04,0.8304128033125572
11f0e3_2023-08,0.2018484433898363
9befc8_2014-12,0.0016971286713968812
9befc8_2021-06,0.2515082654929894
9befc8_2024-05,0.7341726593682624
8fb6f0_2021-11,0.28012453895199396
0f9e86_2016-06,0.014377811409910304
0f9e86_2023-12,0.40195449940755706
8fabe0_2022-04,0.903953037831186
bc4c03_2022-04,0.8697786274279913
1698cf_2018-06,0.017385932483181807
1698cf_2023-10,0.832690983832111
1698cf_2025-07,0.9738988185924413
34889b_2019-08,0.5263222973545989
34889b_2024-10,0.8884387774518039
fc77d0_2021-12,0.7177145007541611
9af74c_2019-10,0.9589653420687949
e2314a_2022-08,0.8868656662714369
e83244_2024-05,0.9980243944690658
bc4c03_2024-10,0.9976966638282417
fc77d0_2019-03,0.6383595005583756
9af74c_2025-05,0.9988315834863305
513080_2025-08,0.25442940648218937
11f0e3_2017-08,0.11114791989278448
780a0b_2016-09,0.029169402727610177
dbb709_2023-06,0.007147950023383713
0f9e86_2020-08,0.8552598115700946
0f9e86_2016-01,0.0030186891668909496
fb737b_2023-06,0.03762622326450313
d59611_2024-10,0.8803045874592618
987bc1_2019-04,0.13635100168539704
b1de95_2015-04,0.02121817942648408
06534f_2025-04,0.9462667985438531
b73bc7_2023-09,0.9822451062486541
6224d0_2023-06,0.4826976991178964
e60b65_2014-08,0.007814013055600297
e60b65_2021-07,0.9592891888611034
5a0174_2022-07,0.7879806617021123
1822ea_2014-12,0.006990793836423952
9af74c_2018-07,0.19140358782050612
302d40_2024-02,0.016336028683692067
11f0e3_2022-09,0.37870473145572286
e427f8_2023-09,0.002908775863587574
9cf1af_2023-07,0.011985034471988691
f4604d_2014-12,0.004915724543399306
4718d7_2019-01,0.9294517674233668
f461d4_2014-11,0.00915933299078079
f461d4_2025-06,0.9199475225199286
db4cd8_2021-06,0.9708413947568773
d59611_2014-05,0.006153592116873303
90abb1_2021-09,0.94272008790396
375f2e_2023-07,0.8929349007316932
987bc1_2023-04,0.6150489480452787
af81b0_2015-04,0.004453566241186341
af81b0_2018-12,0.29882476046697387
f4604d_2023-06,0.7087709940196649
e2314a_2015-11,0.0019395834918864527
e2314a_2017-12,0.020172351590588472
e2314a_2022-01,0.9836461883314308
e83244_2017-03,0.04274842125189401
e83244_2021-04,0.9892151838251808
4718d7_2022-08,0.7049551890720501
4718d7_2022-09,0.9312251190090508
1698cf_2020-02,0.9049445476309356
11f0e3_2018-01,0.029096542840986683
9befc8_2023-11,0.26421204127031656
8bd3ce_2025-01,0.8225183858437782
0f9e86_2018-02,0.05592061426782216
9cf1af_2025-01,0.726354954727834
4718d7_2014-12,0.0015456913299464285
8fabe0_2019-10,0.9186601128829174
b416b1_2016-09,0.011604174834459429
f461d4_2025-05,0.9366062169632139
259a19_2025-08,0.9246865259232786
a25664_2025-03,0.9954550093037642
a42d13_2017-04,0.35673827237393874
db4cd8_2024-02,0.9869575670291167
b08ec1_2020-02,0.38922344644843426
9af74c_2019-05,0.21559093598308443
9af74c_2024-02,0.9783877390053567
06534f_2018-06,0.8116021086778424
e2314a_2022-06,0.9545764421548474
e83244_2015-10,0.0034581796130746445
e83244_2023-05,0.9546254940682116
e60b65_2019-05,0.824896440195518
a25664_2021-04,0.9830737489211003
f25ffe_2023-08,0.008595663683551464
fc77d0_2015-05,0.008427313921765316
4fb2d3_2019-01,0.5870787258457929
4fb2d3_2022-11,0.9689936681648057
8e41cf_2022-03,0.36909849666040756
11f0e3_2019-09,0.2361423777869424
dc4b5e_2023-06,0.3343805863912149
9f1aa0_2019-06,0.12925647063411994
780a0b_2017-05,0.04851398074007984
dbb709_2024-07,0.19412218705667292
b416b1_2021-08,0.9646250624643937
175155_2024-10,0.9535587308943364
bc4c03_2023-03,0.9313845514024383
6838b9_2019-08,0.0073605412233905205
6838b9_2024-10,0.9718932349542299
1698cf_2017-05,0.1607377118550705
d59611_2017-06,0.3499147800601068
b08ec1_2021-11,0.4431321836982331
4fb2d3_2022-06,0.866163697055615
29849f_2019-09,0.16913634384547127
29849f_2025-01,0.9575563831598561
06534f_2025-06,0.9758258103086686
e60b65_2020-04,0.8711446806749452
0874ee_2020-02,0.4139646174889631
a25664_2023-05,0.7452834694388639
fc77d0_2021-10,0.9639507329342661
265164_2025-04,0.004759699875960449
987bc1_2024-03,0.9898252088950044
4fb2d3_2020-11,0.9295230615391393
11f0e3_2020-11,0.7971178350400011
731908_2019-03,0.23073226247934947
94f933_2023-04,0.006557859395624119
532867_2024-04,0.003776818012028472
4f2b6b_2023-08,0.002191520129806415
1698cf_2015-04,0.032144985808886556
1698cf_2024-10,0.9369677546812513
d59611_2015-03,0.002200810821467485
14fe3a_2022-09,0.9133520573427577
fc77d0_2023-08,0.8725000579683165
7a007d_2018-02,0.06415871356749372
f4604d_2020-03,0.9716545724369098
e83244_2022-05,0.8992626896771488
6224d0_2020-01,0.8662455434931349
0e8d73_2023-07,0.00221160274862508
6838b9_2021-11,0.21471863953504886
92dcdd_2022-01,0.08662064254992469
bfbeef_2022-03,0.3337871467571372
77b3b9_2015-02,0.0014547924589750853
4718d7_2014-04,0.003906603458439451
b416b1_2021-04,0.9764568603402345
a25664_2019-02,0.018638958618238416
a25664_2020-02,0.8099409989305952
db4cd8_2022-04,0.8959785833283881
d59611_2022-11,0.8083039473200345
90abb1_2024-02,0.9729802992964718
14fe3a_2023-12,0.9882718675633375
af81b0_2023-10,0.9451904677067763
29849f_2025-05,0.9085323271841176
4ee2d2_2024-01,0.02135023825101115
175155_2015-01,0.0034533420436737975
175155_2018-01,0.11862759184563923
175155_2023-04,0.5942861364888649
a25664_2024-10,0.941663137372242
0ffc2d_2019-05,0.005407925948844127
0ffc2d_2019-10,0.01149853730946889
fc77d0_2022-06,0.7155479959823712
8e41cf_2024-01,0.7056948717406786
731908_2015-05,0.005164637100076873
dc4b5e_2025-02,0.9180388932514869
9befc8_2015-09,0.0038997860332644373
780a0b_2014-11,0.0008088198888354263
780a0b_2024-10,0.6997995588508128
8fb6f0_2025-05,0.6164336728897977
dbb709_2024-09,0.37924113439536195
8bd3ce_2022-12,0.8389803303712354
9cf1af_2022-04,0.0051138484546540235
d86999_2015-08,0.003653640492716206
4718d7_2025-08,0.9129320012058423
0e8d73_2025-03,0.13261990231703188
b416b1_2017-05,0.608560221852335
b416b1_2020-10,0.968876358561917
f461d4_2019-11,0.3090973673417049
a42d13_2014-05,0.01178564434516684
db4cd8_2022-08,0.9423531160943678
1698cf_2023-02,0.7951590825182292
92dcdd_2021-08,0.04591751460651918
af81b0_2023-07,0.6310512314816619
29849f_2014-11,0.00578329901863129
06534f_2024-08,0.9823433593134532
4fb2d3_2025-08,0.8822083351670219
8e41cf_2023-11,0.8693956337625649
731908_2019-07,0.3011973712284378
11f0e3_2015-10,0.003190921935183103
bfbeef_2021-02,0.674379756906683
bfbeef_2021-11,0.2071256253528278
780a0b_2023-09,0.5688743675415331
8fb6f0_2014-11,0.0015591623559682904
0f9e86_2016-09,0.1512568619148356
6224d0_2022-10,0.2668985238368544
5a0174_2023-01,0.9416803578235655
b416b1_2018-06,0.014206859671499497
a25664_2021-12,0.9245549599994488
a25664_2024-09,0.9413351140042686
6f5e2b_2020-03,0.9811553356924949
1698cf_2019-01,0.7089321361711968
77b3b9_2018-12,0.5262615181067071
d59611_2014-06,0.007219945228319459
af81b0_2023-04,0.5497395819648316
545d15_2021-01,0.03247541399434278
7a007d_2019-07,0.8158921887044107
c580aa_2025-03,0.9926412228851482
3a13b3_2014-08,0.0428291503207867
e2314a_2021-06,0.9804066731300156
e2314a_2021-09,0.9881487077455758
e83244_2019-11,0.9579852432458532
6224d0_2019-12,0.4413661884491961
e60b65_2020-01,0.855618045511319
bc4c03_2024-09,0.938081753766794
265164_2023-05,0.008674174251681042
4fb2d3_2014-12,0.002783467855163751
dc4b5e_2025-04,0.9721947065767689
fc9334_2022-12,0.36850899727696884
9f1aa0_2025-08,0.5900085048211888
5a0174_2022-05,0.9741648786431142
8fabe0_2017-06,0.3426713454327579
34889b_2023-07,0.8261217348209238
8005b9_2021-06,0.969475475296559
8005b9_2023-06,0.99459488290661
29849f_2022-11,0.4147440697500956
531356_2023-09,0.7080597795725473
e83244_2018-08,0.05032623136593312
6224d0_2018-04,0.014915974223555456
e60b65_2023-03,0.9688209987811491
9af74c_2014-10,0.007710673771033842
302d40_2025-03,0.4901519349639539
e427f8_2024-09,0.14696219793626975
9befc8_2016-10,0.004265823713959458
9befc8_2023-12,0.3971751438160879
9f1aa0_2025-03,0.44978913192801784
8fb6f0_2014-05,0.005129214247276572
fc77d0_2023-12,0.98689619134011
4718d7_2015-02,0.013078562739352673
fb737b_2021-06,0.006956989165128041
e60b65_2015-04,0.008478088348538035
8fabe0_2017-02,0.15110129388482074
bc4c03_2022-10,0.7931550389588666
6838b9_2022-05,0.7796662185772623
db4cd8_2021-08,0.9610859404714662
db4cd8_2023-11,0.8744532952594755
14fe3a_2023-04,0.9788311649909103
fc77d0_2023-07,0.868690817288385
987bc1_2023-05,0.6626660915748069
af81b0_2017-06,0.04284541530938038
b73bc7_2016-11,0.22748820828467423
531356_2019-11,0.9486394320347772
531356_2023-03,0.7061702954202304
e2314a_2021-11,0.9377480399526522
175155_2019-02,0.46346947705436464
1822ea_2019-09,0.6198060373220379
4fb2d3_2021-02,0.9584646059419853
92dcdd_2025-06,0.7268356966288322
302d40_2022-06,0.01377592119328484
731908_2024-12,0.7561464478587334
dc4b5e_2024-12,0.7448824262041512
780a0b_2018-01,0.007575929651474057
8fb6f0_2016-08,0.04598601746904819
e83244_2016-09,0.00938069502782411
9befc8_2018-02,0.04384981546906141
fb737b_2020-08,0.012382123655136046
8fabe0_2018-01,0.01840876519140951
6f5e2b_2022-01,0.9869352418865108
175155_2025-05,0.9237482539099097
90abb1_2021-08,0.829050489397451
14fe3a_2015-02,0.0035436753503708947
14fe3a_2019-02,0.1990689289338567
8005b9_2020-02,0.7662155028829513
4fb2d3_2022-03,0.8948337968991968
c580aa_2014-06,0.007652274201384294
f4604d_2018-11,0.29555267726827444
f4604d_2025-07,0.9941826506360196
175155_2017-04,0.10525093985216098
a42d13_2024-02,0.9232763266068557
77b3b9_2023-09,0.9548649885156546
0ffc2d_2022-07,0.006586595227557121
fc77d0_2025-09,0.9883798858129
375f2e_2025-06,0.9160363256761936
9af74c_2025-02,0.963318464728868
d86999_2019-05,0.9402687127121364
dc4b5e_2024-10,0.8935291632518542
0f9e86_2015-05,0.003947608352402872
0f9e86_2018-04,0.1467476010761724
0e8d73_2025-07,0.10992968003740429
8fabe0_2014-03,0.003206781956647131
6f5e2b_2024-09,0.6685417159734252
6f5e2b_2025-04,0.9441758526406274
175155_2024-03,0.9559517011625513
6838b9_2022-11,0.9367163697833562
532867_2025-02,0.00720727323788723
db4cd8_2019-01,0.4067719428237675
14fe3a_2021-09,0.9242936855008602
14fe3a_2024-04,0.7530716161410195
8005b9_2021-12,0.2134094681033675
9af74c_2025-06,0.9707774629252326
29849f_2025-03,0.9270814861790708
e60b65_2014-04,0.00660112394558468
175155_2025-02,0.9458388783077212
0ffc2d_2021-10,0.026952421616368103
fc77d0_2024-04,0.9526611843486666
302d40_2023-01,0.001558054785600734
bfbeef_2022-05,0.5207958972908265
d86999_2014-11,0.0053320423695753265
d86999_2016-09,0.07290212354631338
9befc8_2018-04,0.1488373974665006
9befc8_2021-09,0.3393677222935907
780a0b_2015-05,0.0027312801187991337
780a0b_2021-02,0.636439176587561
0f9e86_2015-03,0.0011464297018184434
0f9e86_2016-02,0.0019353845011662834
0f9e86_2020-07,0.9642748713943106
7199cf_2024-11,0.01400302077473929
4718d7_2014-03,0.0024697706183175153
5a0174_2023-06,0.9787491072954806
8fabe0_2025-03,0.9922359248345656
6f5e2b_2023-04,0.9801920245866721
f461d4_2024-08,0.8690637484685292
bc4c03_2021-06,0.9458814724595976
259a19_2022-12,0.8913501961516995
77b3b9_2014-08,0.008871178148585197
375f2e_2022-08,0.6969300690584037
9af74c_2023-11,0.907032373258561
06534f_2023-10,0.991421192845126
022433_2024-11,0.1376898498999662
e83244_2018-11,0.03416604010144036
e83244_2021-07,0.9817106316208222
6224d0_2021-02,0.9923154013611131
e60b65_2020-09,0.952227622440512
a25664_2015-04,0.027757365879174118
1698cf_2024-09,0.9136215886362057
77b3b9_2024-05,0.9455728808247847
987bc1_2023-10,0.9255668149609133
8e41cf_2022-01,0.23585987555761534
302d40_2025-06,0.5324730168011732
11f0e3_2019-12,0.34994199727704967
780a0b_2016-07,0.0029284033060142747
0f9e86_2014-11,0.0030311580868368584
0f9e86_2019-04,0.26373141375217607
780a0b_2023-06,0.25188861891228276
0f9e86_2024-10,0.7013097987731386
7199cf_2024-04,0.008898873302077928
5a0174_2019-05,0.5817063106296041
a42d13_2023-12,0.9948484137499154
1698cf_2014-12,0.0027687939918632784
8005b9_2023-10,0.9598276795921665
29849f_2025-02,0.9102786093022255
b1de95_2020-01,0.9496347168840819
e60b65_2019-06,0.865512201312568
f25ffe_2023-06,0.008012616386819015
265164_2025-01,0.023682480228254244
f4d28d_2025-04,0.009222288181413449
11f0e3_2016-10,0.06794310970259923
11f0e3_2017-02,0.05668681390605438
11f0e3_2022-04,0.5159488421516661
11f0e3_2022-07,0.47164958896326425
0f9e86_2016-11,0.05747678049384999
0f9e86_2018-11,0.13698828914842756
6f5e2b_2021-08,0.8783481865123736
6f5e2b_2024-01,0.9950791732198531
db4cd8_2025-06,0.46017521523810195
d59611_2018-12,0.6111794397757854
34889b_2020-01,0.5857376304895467
9af74c_2021-12,0.982356958195035
3a13b3_2020-01,0.9559458028586532
e60b65_2020-02,0.8506324967071114
e60b65_2020-08,0.8782114061497813
259a19_2023-03,0.9485600300881737
a42d13_2024-11,0.9812435367837623
fc77d0_2021-08,0.8879271071610055
265164_2024-02,0.01169738349731328
11f0e3_2022-08,0.2103767270464855
dc4b5e_2022-01,0.10579917683326427
9befc8_2020-01,0.16340463150329199
8fb6f0_2018-10,0.31741355176654845
0f9e86_2021-08,0.4688071403556093
8fabe0_2014-04,0.004568553853785385
8fabe0_2022-10,0.9179428609210522
b416b1_2025-05,0.9745784364457969
db4cd8_2020-09,0.9512262902557628
77b3b9_2017-06,0.03941748688441103
fc77d0_2023-02,0.5531851862695396
29849f_2019-10,0.23900427769535112
06534f_2019-05,0.8829475003228807
b73bc7_2016-09,0.23428850423949624
a25664_2022-06,0.8731270740776993
a42d13_2018-03,0.21046874119085987
a42d13_2025-07,0.9304022942542186
90abb1_2022-12,0.9779435740278458
1822ea_2025-08,0.940047587252146
375f2e_2023-12,0.9781981243822753
9af74c_2018-03,0.26654165554086545
8e41cf_2024-07,0.6624393895554163
d86999_2016-11,0.11030695970372167
a97df3_2025-03,0.9217024209932864
6224d0_2025-05,0.9120946569253331
c48018_2020-03,0.9370593242950362
0874ee_2019-04,0.06316583249066365
8fb6f0_2018-03,0.014426832385112956
8e41cf_2021-03,0.6937058517418665
b26809_2017-07,0.016925417321196734
a97df3_2023-07,0.5569820448184771
731908_2018-10,0.16103389893270134
bfbeef_2017-11,0.15535903698690595
8bd3ce_2016-10,0.0050878798327301696
b26809_2015-02,0.002267119879791554
e7a56d_2023-05,0.6248089455246159
11f0e3_2021-10,0.9527956143639023
fc9334_2020-07,0.9002193506564897
8fb6f0_2023-10,0.5592227496074379
8e41cf_2016-01,0.0019324040207363464
731908_2021-09,0.19542799092453508
b26809_2021-08,0.12813386536399674
dc4b5e_2022-05,0.023670200708457618
780a0b_2022-11,0.25997821239951385
fc9334_2021-08,0.6298929107529646
8e41cf_2015-09,0.003778431735209016
8e41cf_2019-07,0.37688917498199764
b26809_2016-05,0.03441965504135354
c48018_2023-10,0.3979358585129807
780a0b_2024-04,0.926066856016288
8e41cf_2018-09,0.038518634522103
8fb6f0_2019-09,0.9363597193739289
dc4b5e_2024-09,0.8294414294276605
fc9334_2020-03,0.3811763132208232
8fb6f0_2015-01,0.0009499451365868451
a97df3_2024-03,0.8780213714708415
77c35f_2025-05,0.07533623939206266
bfbeef_2017-06,0.23714771179498007
fc9334_2018-02,0.036979254856469836
fc9334_2020-11,0.9435982372329712
0f9e86_2024-07,0.59918580183888
11f0e3_2021-08,0.11862030288606154
e7a56d_2014-08,0.022255066993099395
e7a56d_2023-07,0.7484643450668009
dc4b5e_2022-04,0.04273323953019756
b26809_2015-08,0.0049528377205931545
8bd3ce_2016-03,0.002975563168917025
8bd3ce_2016-04,0.004741695547394595
8bd3ce_2017-07,0.034340745667527886
8bd3ce_2021-01,0.8053553043599065
8e41cf_2017-07,0.05483180604815273
731908_2023-12,0.28459447893407247
c48018_2014-09,0.010194876168074723
e7a56d_2023-02,0.34013226798803764
8bd3ce_2015-02,0.002272486857186779
bfbeef_2021-12,0.12121158651350121
b26809_2016-07,0.032948481663150994
8fb6f0_2024-01,0.8165924693911701
9f1aa0_2015-02,0.005185115086401296
780a0b_2023-01,0.4135461608466232
731908_2016-05,0.002450239132385817
b26809_2020-01,0.9574123004228126
b26809_2021-10,0.5689768320146863
8fb6f0_2016-06,0.047795077705830316
fc9334_2018-07,0.12032658114552988
c48018_2024-03,0.37852220006961074
dc4b5e_2022-08,0.058809941655851156
77e86b_2024-02,0.8504131123438669
8e41cf_2016-11,0.028858533139616123
18defd_2025-01,0.9486320629480595
e7a56d_2025-02,0.8459618448177628
780a0b_2015-11,0.0012594602737106128
bfbeef_2018-05,0.17365319015984104
8e41cf_2017-10,0.023376530763967694
8fb6f0_2022-03,0.4721867769884398
8bd3ce_2014-12,0.00906877023314481
8e41cf_2016-08,0.008795779220702562
731908_2020-10,0.8465092120151775
74b7d1_2023-12,0.8316309390502786
dc4b5e_2023-09,0.6104753201871799
8e41cf_2015-05,0.0024588266807050244
8e41cf_2016-05,0.003413027779549681
fc9334_2019-08,0.28453757182095746
8bd3ce_2015-03,0.00358968724360031
c48018_2018-03,0.038737239784888695
c48018_2023-08,0.45658630542503936
e7a56d_2019-01,0.19164346348334255
a97df3_2023-08,0.6694539559647998
8e41cf_2016-06,0.005396859215251601
8e41cf_2016-09,0.007034957008039145
b26809_2021-06,0.25718466992459704
18defd_2025-06,0.8767067011097638
bfbeef_2019-11,0.13909931072186907
fc9334_2021-04,0.5890636222352069
c48018_2024-08,0.8027251329927169
e7a56d_2022-08,0.4547090257726586
731908_2018-04,0.03313994080372136
11f0e3_2024-02,0.5092845926330793
780a0b_2024-01,0.8124429700145364
fc9334_2021-11,0.4061130592562762
8fb6f0_2023-01,0.35561667873806374
8e41cf_2019-02,0.07840493129686915
fc9334_2018-09,0.02236738983706148
8bd3ce_2016-09,0.00572925528962594
8bd3ce_2021-05,0.5820166635842962
9befc8_2025-07,0.9137772350566048
731908_2022-02,0.3583198207117288
bfbeef_2019-06,0.5806630817591434
bfbeef_2025-07,0.7428906810964532
9cf1af_2023-03,0.0023407002678981405
513080_2023-02,0.009468089203477218
1698cf_2015-06,0.005943529616163045
4718d7_2023-11,0.9758693518104559
db4cd8_2020-12,0.9005712608661799
f461d4_2019-06,0.6915170367897838
77c35f_2023-12,0.0035018280321109543
6c1954_2021-08,0.05464356148322508
948a11_2022-08,0.002273819572821451
9f1aa0_2020-02,0.25027321051842
fa8553_2024-06,0.1867011469081628
d59611_2019-03,0.288478999339697
1698cf_2019-12,0.8889218516614208
bc4c03_2017-06,0.042343186375596455
7bf5c9_2014-12,0.0009175070697130948
f500c5_2024-07,0.4597140151383711
b644ac_2024-05,0.03588568388665292
9f1aa0_2016-09,0.3340425691578296
fb34b4_2025-05,0.072788450999622
4718d7_2024-08,0.8492823721280657
bc4c03_2020-01,0.9692305073323367
7bf5c9_2018-05,0.059685615415555594
9f1aa0_2018-03,0.2096391369358513
510fbf_2024-04,0.26441245447607714
1698cf_2017-01,0.08641282571821503
b644ac_2025-03,0.024130466169432048
9f1aa0_2017-10,0.3498261929920387
9af74c_2019-04,0.7619299963211856
7a007d_2014-10,0.009432684248012538
fa8553_2024-01,0.4638461959678365
77c35f_2024-12,0.257808062659542
fa8553_2024-09,0.19877081308142835
513080_2022-08,0.011860732940525847
513080_2024-11,0.18684465101390052
d86999_2021-09,0.6164869314770822
74fb1f_2018-02,0.03142540195061971
7bf5c9_2018-04,0.08531475399191144
77c35f_2023-08,0.011268125321060578
513080_2024-04,0.1666090362266306
a42d13_2015-11,0.003976586676642398
375f2e_2021-12,0.9896925607486842
77b3b9_2018-09,0.12912115931739906
9f1aa0_2024-08,0.6603121440971697
f1543b_2021-11,0.6671304352449234
8fabe0_2017-04,0.10249544114033199
259a19_2024-06,0.863554777715624
f500c5_2023-08,0.7604587860504616
fa8553_2024-11,0.18376832652362912
7bf5c9_2014-08,0.002664069452289855
6c1954_2022-07,0.06355015079364601
9f1aa0_2018-10,0.3411041987280131
b07578_2024-11,0.06004744131728683
8fabe0_2014-11,0.005430041660664613
6c1954_2025-05,0.9443294564793551
9f1aa0_2020-07,0.589730449260659
9f1aa0_2021-01,0.13999282522852904
9f1aa0_2024-04,0.5049596534996701
a42d13_2016-03,0.05314924736702604
b644ac_2025-08,0.02088337166395176
5a0174_2025-04,0.9164107266244479
a25664_2022-02,0.819687770246731
948a11_2024-05,0.22610908287678144
f1543b_2017-05,0.11473175671345402
510fbf_2023-11,0.013146411034636207
14fe3a_2022-04,0.925710201635888
4718d7_2016-05,0.13952987322064814
90abb1_2022-03,0.9976116965056809
77c35f_2023-09,0.003475519231652347
9f1aa0_2023-09,0.7458439821785074
9cf1af_2025-06,0.8020789766652314
510fbf_2025-06,0.845787070478037
f461d4_2019-01,0.9456206868410074
9f1aa0_2014-03,0.00461111319664014
9f1aa0_2023-06,0.5708136404602492
fa8553_2022-10,0.01409436196133444
4f2b6b_2024-08,0.10657486861328785
77c35f_2024-09,0.23262989780262
fa8553_2024-08,0.24019105447292707
fa8553_2025-04,0.36554874888543326
fa8553_2025-08,0.22695659457230108
510fbf_2024-03,0.5477084060275759
d59611_2016-11,0.40593948321454054
90abb1_2020-01,0.9785640266739103
1822ea_2021-01,0.9945928582932418
948a11_2025-08,0.06781997700706241
77c35f_2024-07,0.10568086423332425
9f1aa0_2023-08,0.6169903352616487
94f933_2023-05,0.0055548526322977436
f500c5_2014-08,0.005265377699458642
9f1aa0_2014-11,0.006160826574662402
bf6f0d_2022-11,0.6351173541815031
4718d7_2016-10,0.13719913385487267
e60b65_2017-08,0.06604137159477312
f500c5_2020-03,0.7178983830723161
6c1954_2023-01,0.1661973237070601
bf6f0d_2024-02,0.8666085024848688
6f5e2b_2015-03,0.0027455142981393783
db4cd8_2015-03,0.00265378648060109
0cecbd_2022-02,0.9468031780827022
9befc8_2019-02,0.14727407158159725
0cecbd_2025-04,0.8247980454506911
731908_2014-07,0.031343439593801835
0cecbd_2021-12,0.9543960592600049
11f0e3_2019-02,0.2330086332165832
375f2e_2017-05,0.2629946002355064
bfbeef_2015-07,0.017380276193901947
bfbeef_2015-09,0.020258220256552932
11f0e3_2019-11,0.9102577078781319
0cecbd_2022-09,0.9881180102586402
0cecbd_2019-10,0.4652696598310065
0cecbd_2022-05,0.7606928128183317
bc4c03_2020-05,0.9884407525473757
0cecbd_2023-05,0.8139193169245342
0cecbd_2015-01,0.002731192113909457
bfbeef_2014-12,0.001776409601182875
bfbeef_2015-02,0.002110513056170476
bfbeef_2018-03,0.09147059078353692
731908_2018-08,0.04728202980055869
3a13b3_2019-03,0.9526595766945707
06534f_2017-05,0.5764023273964055
6224d0_2024-07,0.8124200961459718
987bc1_2020-03,0.8875500903321609
6c1954_2024-02,0.955858093424616
fc9334_2020-05,0.9508429962542527
6224d0_2025-04,0.8831346208475368
e3af0e_2015-03,0.0028095586689812634
98a151_2018-03,0.376209479326269
829a72_2018-04,0.18017211617880333
829a72_2014-11,0.004367111543297106
98a151_2014-04,0.0021253510944208446
19fa84_2025-04,0.9609226854177668
dc4b5e_2019-09,0.004584621047055338
19fa84_2024-07,0.9461903859760885
19fa84_2025-06,0.9682586652726857
e3af0e_2016-12,0.06273930294740829
98a151_2018-02,0.04258323018398068
a97df3_2023-02,0.025968497603528404
302d40_2023-02,0.001568088827929308
894378_2025-08,0.9293400848688408
98a151_2014-03,0.002487467224758027
98a151_2017-02,0.06680603912419737
829a72_2023-09,0.5648070713635022
90abb1_2016-12,0.41230637267454034
e3af0e_2014-08,0.007538615171550188
60a0fd_2014-11,0.003061382137492399
19fa84_2025-01,0.950594026427283
7bf5c9_2020-09,0.9049007005862403
f500c5_2020-09,0.7541313380088808
293190_2022-11,0.3947062765865371
2ab8ad_2024-03,0.9059189806724933
9b46ed_2018-08,0.36349989228913643
88a9a6_2015-04,0.024405835302211364
2ab8ad_2021-06,0.7612386244266449
2ab8ad_2022-09,0.7874397050889795
2ab8ad_2023-04,0.8713290204883836
2ab8ad_2024-04,0.9030600591558469
c5df88_2015-03,0.015073284007596725
c5df88_2019-03,0.04326043721705747
7aa803_2024-05,0.970623526742607
9b46ed_2020-03,0.7781527685301991
98a151_2021-02,0.9331859672550491
829a72_2024-07,0.8236960163684793
c5df88_2023-08,0.32819970455707215
98a151_2019-08,0.5124758312577973
7bf5c9_2022-01,0.8130020711039718
e2e0ce_2019-10,0.11304640757577422
2ab8ad_2021-10,0.8999017444097951
829a72_2019-02,0.23337192705401674
7bf5c9_2021-02,0.8246369454671434
f500c5_2016-09,0.05717455383690972
bf6f0d_2021-05,0.9746335459292127
db5006_2015-09,0.001927671717030792
293190_2024-02,0.8728093495686396
e2e0ce_2021-04,0.634607444586155
88a9a6_2022-09,0.32416198273554636
88a9a6_2024-09,0.8857927357230191
9b46ed_2023-05,0.18128158057955904
98a151_2022-12,0.7928397182623432
60a0fd_2021-10,0.9740029047717482
293190_2021-01,0.585416486042412
e2e0ce_2023-06,0.8206405644156101
c5df88_2019-10,0.10645915435342304
74fb1f_2019-04,0.08122473911815967
98a151_2024-06,0.6930095939595051
7a007d_2017-02,0.17165104286528476
f500c5_2024-09,0.874125868679346
1bdb97_2022-07,0.008713599889671741
bf6f0d_2015-04,0.009966981988549757
293190_2022-04,0.41794752794713197
e2e0ce_2021-07,0.9338810565564812
8005b9_2024-08,0.9986571943995889
1bdb97_2023-05,0.00449629241181589
18defd_2018-02,0.05373884572002805
2ab8ad_2015-01,0.014000563906015786
74fb1f_2025-01,0.9382488402282212
7aa803_2024-09,0.9469949834430886
98a151_2025-08,0.8654256018656081
2ab8ad_2022-03,0.9262233899114332
2ab8ad_2023-07,0.8420918124577176
2ab8ad_2024-06,0.9427461176464532
db5006_2018-12,0.1451183116004499
e2e0ce_2016-02,0.004694601701168466
9b46ed_2023-02,0.3238086329622259
dc4b5e_2020-03,0.004195693703687345
f500c5_2023-09,0.814211079297268
f500c5_2025-03,0.6834661984541611
4f2b6b_2023-06,0.0026887881303474387
2ab8ad_2021-07,0.8876348530661204
74fb1f_2019-08,0.05466898951804583
60a0fd_2019-06,0.2977486920010476
60a0fd_2020-02,0.2826453106634113
e3af0e_2022-01,0.9538979076985731
e3af0e_2024-04,0.5971304404079021
f500c5_2023-01,0.2262192770533462
18defd_2023-05,0.16526685622210777
88a9a6_2021-03,0.9422755913108677
293190_2015-03,0.015083066254384417
7aa803_2019-04,0.04747008097486102
98a151_2024-05,0.745597675384816
e3af0e_2020-03,0.9749515228407211
f500c5_2021-11,0.48495822209603806
293190_2021-03,0.3493829606581073
e2e0ce_2025-04,0.9425208540628763
2ab8ad_2017-04,0.09875940675038325
88a9a6_2015-02,0.005867566298872983
9b46ed_2017-04,0.10673232617378275
98a151_2023-07,0.7878362169040137
e3af0e_2019-09,0.5033460811210008
d86999_2024-10,0.8424571268712988
1bdb97_2024-07,0.061292676192576924
e2e0ce_2023-08,0.6895788303598372
74fb1f_2023-07,0.646263032298047
7aa803_2022-06,0.2006008367660297
88a9a6_2023-08,0.6965557345321858
f500c5_2023-10,0.33236194046186734
18defd_2014-04,0.0036046619850208105
e2e0ce_2021-02,0.9383551506249068
88a9a6_2023-05,0.5444395087905594
9b46ed_2024-07,0.7033776624438871
293190_2020-02,0.8638465362013122
18defd_2023-11,0.43362274944638723
2ab8ad_2018-01,0.17511509848083132
2ab8ad_2025-07,0.48394452730631066
74fb1f_2019-10,0.08954212521341463
7a007d_2015-04,0.0032104947973534696
bf6f0d_2020-10,0.9067545708555783
e2e0ce_2015-01,0.00899504570412904
2ab8ad_2023-11,0.6512513594486379
829a72_2020-02,0.22967708365450878
c580aa_2018-03,0.9286427144811349
4f2b6b_2022-09,0.025942122546520063
c5df88_2020-10,0.9119035716636512
74fb1f_2022-07,0.3684241151544738
f500c5_2017-04,0.10242024823199243
bf6f0d_2021-07,0.2485917313227595
cd0e60_2021-07,0.11024519649756821
293190_2022-03,0.39197950894446326
293190_2023-08,0.901990330350802
18defd_2017-04,0.20867872460009015
e2e0ce_2022-04,0.7026589910581625
2ab8ad_2022-05,0.6900808909033961
60a0fd_2019-01,0.4200814564082629
2ab8ad_2019-05,0.04376063243859569
c5df88_2023-10,0.9890554009950504
7aa803_2023-08,0.30142728046291656
98a151_2021-12,0.9092454815406698
98a151_2022-04,0.8346996015648042
7aa803_2022-07,0.15950470258197427
88a9a6_2023-04,0.7092918033253549
e3af0e_2022-06,0.9749839031841916
9b46ed_2020-01,0.3349043299189439
60a0fd_2023-10,0.9750600341525306
f500c5_2021-05,0.8270773910560566
e2e0ce_2019-11,0.12041041830080089
e2e0ce_2024-06,0.9400455762966847
c5df88_2019-02,0.057613465051473335
74fb1f_2025-07,0.5628962245538447
7aa803_2014-12,0.00883337859032648
98a151_2025-05,0.8046743780829413
60a0fd_2022-08,0.5101470566832669
f461d4_2020-11,0.9390543571816506
db5006_2018-03,0.09375419167678503
db5006_2022-02,0.2331797946611062
a25664_2018-07,0.21056760978950234
0ffc2d_2025-04,0.9449870260299081
db5006_2023-02,0.5937534735252168
1b9e65_2021-03,0.8911247040310618
1b9e65_2022-03,0.3238939939182763
cd0e60_2022-11,0.016733096451804985
5a0174_2017-02,0.06179568870380596
5a0174_2020-07,0.9175347903272087
1b9e65_2022-05,0.8689334147318831
1b9e65_2017-02,0.15562155718377974
0ffc2d_2025-02,0.9312961242217821
1b9e65_2017-06,0.35977156956901335
4fb2d3_2018-07,0.1941104871953013
7bf5c9_2014-07,0.007165847949174335
db5006_2025-01,0.7779023658220087
1b9e65_2024-05,0.81441198583799
db5006_2015-01,0.012434664078586519
db5006_2021-12,0.9040776024588285
1b9e65_2015-07,0.004400037775264615
3db670_2023-12,0.9890453772090554
f461d4_2015-11,0.002201568878325226
b73bc7_2019-04,0.9385924174580604
1b9e65_2017-12,0.05353317864767356
1b9e65_2024-12,0.6405957032422396
1bdb97_2022-04,0.0007599192599427083
f461d4_2020-02,0.8771629669002697
90abb1_2017-03,0.16479216069001412
29849f_2021-01,0.9821821331206917
db5006_2025-07,0.9583213258762202
18defd_2019-02,0.15774548717753661
1b9e65_2014-12,0.010974245859872467
1b9e65_2020-07,0.5336363122703925
fc77d0_2014-06,0.0017684591645511433
a42d13_2014-12,0.0011964473112992284
db5006_2025-04,0.7770303832080142
022433_2022-07,0.005625906501608494
022433_2022-08,0.007191566497186107
1b9e65_2018-12,0.13042928237962717
1b9e65_2020-02,0.7142830864242142
1b9e65_2023-05,0.35895501842562216
1b9e65_2018-05,0.035443903557515095
1b9e65_2021-11,0.9622729817606847
18defd_2019-08,0.46360893878597126
b59bc0_2015-10,0.01922971098636969
77b3b9_2017-02,0.1522448319015519
e7a56d_2019-05,0.3108712393332585
0ffc2d_2021-08,0.029955933253287822
4fb2d3_2020-10,0.9636705523532328
db5006_2022-05,0.5586449078257664
18defd_2019-05,0.5304492797041254
7bf5c9_2023-04,0.45664601582037423
1b9e65_2018-06,0.01566923851676473
14fe3a_2014-06,0.02474413955689703
1698cf_2018-01,0.07162287006251974
022433_2022-10,0.010459384007006974
5a0174_2015-09,0.0037686427941887243
3db670_2023-10,0.9975048869273582
b1de95_2020-05,0.9902844375134433
90abb1_2017-12,0.08298163899817892
f4604d_2021-09,0.965719444646473
1b9e65_2021-02,0.4667135100777961
a42d13_2023-07,0.5589589578674276
db5006_2016-10,0.0024020202882867954
f4604d_2015-02,0.003985914477172904
c580aa_2023-12,0.9868548558975847
90abb1_2017-11,0.05143751545530732
0ffc2d_2022-02,0.010272268197673785
0ffc2d_2025-06,0.9246397678632771
1b9e65_2019-04,0.2776917405722316
1b9e65_2022-07,0.5193468594032649
8ec563_2021-11,0.8060969832033957
77e86b_2024-08,0.8424279605359718
c3a69f_2020-01,0.4163679219679843
c5816f_2022-06,0.7310757254511713
8ec563_2021-02,0.16208235050126688
6c1954_2025-07,0.851000208652633
e361b7_2018-12,0.28127460526824893
b1de95_2021-01,0.9900992203826969
fd589c_2025-04,0.9075418671555372
e4bc80_2025-01,0.8896384021352194
3db670_2023-02,0.9957206846286213
b73bc7_2021-08,0.9876268794729063
c3a69f_2022-04,0.5223405944592548
c5816f_2025-01,0.9068879856463916
e361b7_2023-07,0.8469833341401818
439fde_2019-03,0.08891675611908247
e361b7_2019-03,0.5433259203742521
e361b7_2024-02,0.8919107077839509
3a13b3_2021-04,0.9931069572584103
c5816f_2019-04,0.6825025934374522
8ec563_2025-05,0.9473935541850301
e361b7_2024-12,0.8519679572474079
439fde_2024-06,0.285458893414103
c3a69f_2023-09,0.35468677979634955
894378_2020-12,0.9137310299311966
c5816f_2024-12,0.8061485133747591
e361b7_2021-09,0.44312344798197484
b1de95_2024-01,0.9958761420898267
c5816f_2023-04,0.8986046863482725
4718d7_2021-10,0.9843643172981432
c5816f_2022-04,0.5682962016348887
19fa84_2024-09,0.9955556182152266
e4bc80_2024-08,0.6910792997731091
3a13b3_2019-12,0.993716775903993
b73bc7_2024-06,0.9808374928548258
439fde_2024-05,0.34753157867844586
c3a69f_2023-03,0.33091648984914607
74b7d1_2024-10,0.45026106878370437
8ec563_2019-12,0.5420104737704693
e4bc80_2025-08,0.7875623498822379
4718d7_2020-07,0.9787979684560493
19fa84_2023-03,0.3577329958927668
f4604d_2017-02,0.20984484450749552
3db670_2023-04,0.9882045620900964
b1de95_2021-11,0.9949581150552798
e4bc80_2024-02,0.8283867108051176
022433_2025-02,0.21809015154618017
c3a69f_2021-06,0.9274905172641832
fd589c_2023-12,0.8436463326983175
894378_2021-09,0.4351822509564644
e361b7_2023-02,0.6534306033683195
e4bc80_2020-01,0.9781500893940597
b1de95_2020-09,0.9923618833007871
022433_2023-12,0.07075168594119757
8ec563_2023-07,0.6587226699493395
439fde_2024-07,0.4199821666679019
e4bc80_2023-07,0.6769514077028103
19fa84_2019-08,0.5266352152440548
6f5e2b_2021-01,0.9234187876391334
fd589c_2018-12,0.42218991596413974
e4bc80_2024-07,0.7911350559451901
3db670_2021-12,0.9912427953096635
8ec563_2021-03,0.9344799917659927
6f5e2b_2016-11,0.27874644873763293
e4bc80_2015-09,0.0027904561159339757
c5816f_2023-08,0.5988502691572767
fd589c_2025-08,0.8001513850615555
e361b7_2022-10,0.5943218460708427
e361b7_2025-06,0.9394219497096324
e4bc80_2023-09,0.5187887966251724
1698cf_2021-06,0.9868761227973474
fd589c_2023-06,0.8362904057499199
74b7d1_2023-01,0.20615609283770306
4fb2d3_2016-03,0.0010950273928466672
d59611_2016-05,0.05724420664752594
74b7d1_2025-02,0.7281512244016
14fe3a_2017-11,0.23209163106973213
bf6f0d_2023-09,0.5974708587883151
cd0e60_2020-09,0.006510010145060531
d59611_2022-03,0.9975029214108683
bf6f0d_2019-12,0.9633382286188833
d59611_2020-02,0.9917265465694426
77e86b_2023-04,0.09280061565968808
77e86b_2023-06,0.18163716151859421
db4cd8_2017-04,0.029805663634873494
14fe3a_2017-08,0.4252849403287558
db4cd8_2018-10,0.5262683843311038
74b7d1_2022-03,0.6297248015909583
77e86b_2014-10,0.01707491197893262
77e86b_2023-02,0.09122010325737898
259a19_2017-09,0.3133382551825795
cd0e60_2021-10,0.4309423730997855
74b7d1_2025-05,0.8718301681121284
cd0e60_2019-06,0.07343752183486087
88a9a6_2021-12,0.9659055580506565
2ab8ad_2023-09,0.9441706258351311
f1543b_2021-01,0.38425923069432255
74fb1f_2023-10,0.8792742834705675
f1543b_2022-07,0.9741838584730426
9b46ed_2020-12,0.951416681261836
f1543b_2019-03,0.07809370907147647
293190_2019-05,0.19404403984804278
88a9a6_2025-05,0.6998058061949259
74fb1f_2014-09,0.0201552728579492
74fb1f_2021-10,0.7175139999833221
293190_2019-11,0.11874838729387135
f1543b_2015-08,0.005671564115604484
7aa803_2019-06,0.03368621834187596
2ab8ad_2015-04,0.05816840577889982
f1543b_2023-04,0.36303248054217585
88a9a6_2025-02,0.9921660513770703
f1543b_2014-06,0.008434558276368471
f1543b_2021-03,0.8644287496558114
293190_2020-06,0.9307673396048156
f1543b_2017-07,0.07045412190713943
293190_2023-02,0.40650168143587845
c5df88_2019-01,0.18941635302003473
9b46ed_2024-09,0.5607870573960607
022433_2023-04,0.027292729889478676
88a9a6_2024-03,0.8968920935362616
74fb1f_2020-03,0.4694030716740288
293190_2016-05,0.006340783254632051
022433_2021-01,0.02702064585428782
88a9a6_2020-02,0.35983054008492027
7bf5c9_2016-05,0.010590659684244857
fb34b4_2024-11,0.6007073426047014
5a0174_2021-01,0.9847243889508633
439fde_2014-09,0.03858290485377719
b08ec1_2022-02,0.2995687325633514
74b7d1_2018-05,0.005897192094649244
92dcdd_2021-04,0.1347619706194832
77e86b_2019-01,0.22339375556589042
bf6f0d_2023-02,0.597191588025622
94f933_2024-08,0.004346370530596073
b416b1_2018-10,0.10554236571391314
e7a56d_2015-07,0.0026667052173114936
77c35f_2024-04,0.009774032410923344
e7a56d_2021-05,0.8691657789523306
18defd_2017-05,0.11135530280926065
18defd_2016-03,0.003613584555956881
d86999_2024-08,0.9543476135029051
b1de95_2025-07,0.9972705171378438
2ab8ad_2018-05,0.12394973670068299
60a0fd_2019-12,0.8253733080419376
98a151_2020-02,0.9309131199417551
77e86b_2017-06,0.057595742551370996
7bf5c9_2019-07,0.9081461491722287
98a151_2018-01,0.21593994100347363
60a0fd_2020-01,0.8234419443848262
19fa84_2016-02,0.0035407259516576956
e3af0e_2020-10,0.9657938675892568
e3af0e_2019-12,0.9836980287212468
2ed4f9_2025-06,0.006345207059401601
6da35b_2025-04,0.06845166696785475
60a0fd_2021-07,0.7800694421155583
6da35b_2023-07,0.018498975457909943
98a151_2021-05,0.6896252643134267
60a0fd_2019-02,0.4661769897109533
60a0fd_2020-07,0.9766335943125698
74b7d1_2023-02,0.2632017258593656
7bf5c9_2025-09,0.944268110108605
74b7d1_2017-02,0.06116332314867274
98a151_2016-12,0.2873300946750314
0ffc2d_2024-12,0.9922812051096648
7bf5c9_2016-10,0.06685233766333852
77e86b_2022-10,0.038734892645487275
7bf5c9_2016-12,0.05371762440162753
60a0fd_2024-01,0.8315763485448133
60a0fd_2020-09,0.9551551653380552
829a72_2024-03,0.5857210492233658
e3af0e_2022-03,0.9371309010457134
6da35b_2025-02,0.15724587994817157
77e86b_2018-06,0.03378747463505161
7e646c_2024-05,0.003715060254554418
7bf5c9_2018-11,0.3887526928891791
98a151_2022-03,0.9383782507243188
60a0fd_2017-09,0.13589136575222718
e3af0e_2023-12,0.5968009970039742
0cecbd_2015-09,0.0024783832511862175
e7a56d_2020-03,0.9301859611695313
3a13b3_2017-12,0.7920657891450522
7bf5c9_2015-07,0.0013635470283453715
948a11_2023-03,0.001224688054387478
b59bc0_2023-07,0.9657636706207007
b59bc0_2021-10,0.9983341970167651
8d0588_2017-04,0.28038432100707067
8d0588_2024-12,0.9923354156925006
b59bc0_2020-05,0.9985103834097684
2ab8ad_2016-02,0.002522352282906737
b59bc0_2020-09,0.977055761252397
8d0588_2021-03,0.9992090372136512
8d0588_2022-08,0.9696925418634398
b59bc0_2024-01,0.9873902011093768
b59bc0_2017-12,0.9252938175274162
8d0588_2020-03,0.9993196978642404
b59bc0_2019-06,0.9424106782500006
b59bc0_2022-08,0.9826168249003714
b59bc0_2024-02,0.9869950148704665
b0ff51_2017-08,0.7877967141392466
0cecbd_2017-08,0.26121301497049654
8d0588_2015-01,0.025150203626992076
8d0588_2021-07,0.9899523434594332
b59bc0_2017-06,0.6683348924033131
8d0588_2014-03,0.0067815021165617655
8d0588_2016-05,0.11636989705022235
b0ff51_2024-02,0.986322912759299
8d0588_2022-02,0.9984550707911436
b0ff51_2018-01,0.6381515155106774
8d0588_2023-11,0.978692787114322
b59bc0_2015-08,0.025664522781120764
b0ff51_2016-07,0.5266885126334583
f1543b_2016-09,0.045003012772590736
b0ff51_2019-01,0.9637021905800034
8d0588_2024-07,0.9819093685812749
8d0588_2024-11,0.9916413241525613
8d0588_2025-01,0.9974487116278923
b0ff51_2022-11,0.9670352181484357
b0ff51_2023-06,0.9839265963277694
8d0588_2020-09,0.9974177552713156
b59bc0_2018-02,0.5868242517424901
b0ff51_2015-01,0.039019621685187855
77e86b_2017-02,0.0702519237571522
b59bc0_2019-04,0.804897219761577
b0ff51_2019-04,0.7239974078384667
b0ff51_2021-09,0.9984198457068335
4f2b6b_2022-12,0.020609043463317912
b416b1_2015-01,0.00216052724292705
8fabe0_2025-01,0.9920161372976743
259a19_2025-02,0.7785801327755153
6838b9_2021-01,0.1337500342036466
f500c5_2016-04,0.0585820364516931
545d15_2024-02,0.9588053006076894
545d15_2025-05,0.9815883574055234
5ecf9b_2022-06,0.018474589038851436
5ecf9b_2023-11,0.003284205808591592
545d15_2022-03,0.10187142567075279
8b98f3_2023-03,0.047870075875944176
8b98f3_2022-06,0.01052407239212232
545d15_2023-07,0.9112010573587493
ab32d7_2025-08,0.09571157308237419
5ecf9b_2022-05,0.007864620369091777
74b7d1_2017-08,0.026660264460942214
ab32d7_2024-05,0.20965304028337
8b98f3_2024-02,0.17715283684699235
74b7d1_2018-09,0.0748008746819193
74b7d1_2020-12,0.888446937987529
7e646c_2022-09,0.0161234476812867
ab32d7_2023-01,0.041330085573565926
ab32d7_2024-04,0.2847022925502418
74b7d1_2021-06,0.8774188510726978
5ecf9b_2022-03,0.01290265031022128
74b7d1_2015-04,0.008531848092069964
8b98f3_2023-04,0.020120662866188268
8b98f3_2024-11,0.15845571053381222
8b98f3_2023-01,0.00647439208735094
ab32d7_2023-12,0.008466410784115367
ab32d7_2022-09,0.007189805664626832
74b7d1_2021-11,0.8848246477896068
6224d0_2015-08,0.004616217159322008
8b98f3_2023-12,0.504862662810024
0874ee_2015-09,0.004607915629574102
987bc1_2017-01,0.734702881315443
1698cf_2015-01,0.004878296291313748
f461d4_2025-02,0.9106053045835261
7bf5c9_2022-05,0.9272558161314575
6838b9_2024-02,0.9956727259765089
fd589c_2018-06,0.28575162667543813
fd589c_2021-04,0.9466390132846773
8ec563_2016-06,0.06904365529920463
3a13b3_2016-11,0.029882809361287607
fd589c_2022-07,0.3952988661330019
e4bc80_2018-10,0.8499450616349093
c5816f_2018-12,0.3161955644799361
19fa84_2021-05,0.9707210387886472
06534f_2022-03,0.9972150423791908
c580aa_2016-01,0.005561627201503586
894378_2015-03,0.005730375188879375
894378_2018-04,0.023122497877449147
c580aa_2024-12,0.9966413996281906
e361b7_2019-04,0.3977551963072935
e361b7_2018-06,0.3166157065882096
b73bc7_2015-08,0.0019996644714730906
531356_2018-09,0.6066111600247582
c580aa_2016-09,0.39018287179332933
894378_2018-02,0.03865680381200701
8ec563_2019-10,0.4613082827805654
3db670_2024-03,0.9963663746355882
e4bc80_2021-03,0.9834077966670844
c5816f_2016-09,0.33040119155955366
06534f_2017-01,0.4234804851146531
b1de95_2023-11,0.9951436215579496
fd589c_2017-01,0.2301631850906579
e361b7_2014-12,0.006250898725157439
c5816f_2019-01,0.5558905170743694
c580aa_2016-10,0.39514438367386134
b1de95_2024-12,0.9972969307060133
8ec563_2018-06,0.6513642835219812
3a13b3_2021-06,0.9945677807935491
e4bc80_2017-05,0.093709272620083
894378_2019-06,0.3040065146324228
c5816f_2014-04,0.02826485253949074
3a13b3_2025-06,0.9865569519381847
e361b7_2017-08,0.15724786323785336
c5816f_2024-06,0.9648261142433672
06534f_2015-03,0.016102967521700793
b1de95_2024-05,0.9969151772477826
e4bc80_2014-07,0.011807161284585825
3a13b3_2021-10,0.9965805278612258
3db670_2024-07,0.998444658967542
fd589c_2014-05,0.00683425273223253
fd589c_2024-03,0.6915972228568861
c580aa_2020-04,0.9923308582161963
b73bc7_2024-03,0.9956377396503748
06534f_2021-01,0.9953632293406395
3db670_2024-01,0.9946900170169588
b1de95_2020-06,0.9918532132678581
e4bc80_2015-02,0.008735930438968717
e4bc80_2018-02,0.05744875710382758
e4bc80_2019-05,0.23953283395066494
c5816f_2020-08,0.9701889469773987
8ec563_2020-03,0.9381013009086004
b73bc7_2023-03,0.9947418072228398
c5816f_2014-07,0.01184325988362609
19fa84_2019-07,0.9380341433658757
06534f_2016-03,0.004934223434624882
b1de95_2015-11,0.002575143599722334
fd589c_2014-10,0.0051325518671694655
894378_2018-06,0.09087153201010763
c5816f_2019-10,0.7532361742118348
8ec563_2014-10,0.007603497988083163
90abb1_2015-12,0.002884331654993644
19fa84_2022-04,0.3249526879069588
8ec563_2015-04,0.01563009257687506
3a13b3_2016-10,0.026682980370847896
06534f_2022-08,0.9976485665499563
fd589c_2019-02,0.3677651343414557
c580aa_2015-06,0.005021985473650547
c580aa_2023-05,0.9954542439389742
1b9e65_2017-09,0.1367759213858404
c48018_2017-02,0.09880497252954604
6224d0_2016-01,0.0010849009799606705
6224d0_2015-10,0.0024598087138753668
6224d0_2016-02,0.0012945551666479968
f461d4_2018-06,0.06725864600880159
0874ee_2021-01,0.5634360241530569
98a151_2020-06,0.9758324381073412
a97df3_2019-03,0.028157750214977816
18defd_2016-01,0.009023477260832625
b08ec1_2017-08,0.0922493216525703
6f5e2b_2017-11,0.06132106849055994
c48018_2016-06,0.06220974051823854
c48018_2017-09,0.054175125420372526
c48018_2022-07,0.6476867913915481
18defd_2022-09,0.5933213338015112
c48018_2018-11,0.5377547001676805
c5df88_2017-06,0.19896785891869515
b1de95_2017-08,0.49760001207459104
1698cf_2017-07,0.1793419729767981
18defd_2017-09,0.054424728008513
18defd_2021-09,0.6693431239606263
c48018_2021-12,0.6071170568885536
18defd_2016-06,0.05016926491222518
18defd_2022-04,0.647355854280641
c48018_2018-07,0.2519054445718299
1b9e65_2018-10,0.3364460165469172
18defd_2020-10,0.7616540206049285
1822ea_2015-05,0.04395536302341879
90abb1_2017-07,0.13824694322094025
0874ee_2015-06,0.021017077672343315
18defd_2015-07,0.003202635408791876
18defd_2020-12,0.732816153583386
c48018_2021-01,0.7204889023851518
d59611_2016-06,0.3040233570351233
c48018_2020-06,0.954191601603026
293190_2018-03,0.24068803760286647
3db670_2017-08,0.4266557744383545
e7a56d_2015-10,0.001350574006448333
f4604d_2018-09,0.02737403350736258
c3a69f_2014-06,0.013565310749432041
c3a69f_2025-06,0.9514225315468209
c48018_2016-12,0.40159482931425905
b73bc7_2022-11,0.996513452043935
5a0174_2018-11,0.4278436786659261
99c11c_2020-12,0.5547617761731831
8fabe0_2016-12,0.27236550667004966
60a0fd_2015-11,0.0013098643051661174
9af74c_2015-08,0.0035268361511764427
1698cf_2020-07,0.9725093075891903
99c11c_2024-06,0.4265189691135853
99c11c_2022-07,0.8183110636184096
5a0174_2015-08,0.0026890575852294837
259a19_2021-06,0.9879825894440986
9af74c_2015-09,0.001909575061059058
db4cd8_2017-12,0.1438213288128114
83894c_2020-10,0.1582429554859585
99c11c_2020-08,0.6444688448664534
60a0fd_2015-06,0.001900639604426441
1698cf_2018-08,0.36301595956730137
14fe3a_2015-09,0.007869857069400228
5a0174_2020-04,0.9626541262153804
bc4c03_2016-06,0.08568634142511847
8fabe0_2017-10,0.21034640118523115
f461d4_2015-06,0.003068995578583351
829a72_2021-02,0.9675162385103195
1bdb97_2022-02,0.0034251247427663735
829a72_2016-06,0.0010918983008247735
175155_2015-11,0.003600252259873531
7e646c_2025-03,0.047549173283351696
829a72_2015-06,0.0007733278926274786
259a19_2015-05,0.002296541686805416
259a19_2020-04,0.9571220651351812
2ab8ad_2018-10,0.37284481772770534
1698cf_2017-08,0.0887308662658637
5a0174_2016-08,0.2571709406101832
f461d4_2020-12,0.9190363078548814
f461d4_2021-01,0.9153176409620657
f461d4_2021-03,0.9486916513022059
83894c_2022-07,0.48437455192202555
e4bc80_2016-08,0.035397800312938064
14fe3a_2020-05,0.9454689840049822
fd589c_2017-08,0.14968886900324938
e427f8_2022-05,0.013154496946117807
531356_2022-06,0.9433145917214664
29849f_2017-07,0.20914592441713437
14fe3a_2021-04,0.9605079127070488
dbb709_2022-06,0.005692091382377169
29849f_2020-10,0.9718559827730832
302d40_2022-07,0.005608704507173879
e427f8_2021-12,0.0074003203734590425
e361b7_2017-01,0.05740477195495143
f4604d_2017-12,0.3473657746937843
8ec563_2016-03,0.002738459474232818
9cf1af_2022-05,0.010611378724341952
e361b7_2016-05,0.03970730946966473
8ec563_2015-11,0.003064888588754613
894378_2017-08,0.3737610869321624
e4bc80_2015-05,0.008901496114068081
1698cf_2015-10,0.0022817508279886017
db5006_2017-12,0.08790644258707297
0874ee_2016-11,0.1748762779632756
8005b9_2020-09,0.9782899721487216
fb34b4_2023-12,0.016392253577386953
c3a69f_2019-02,0.12817977664643573
829a72_2017-03,0.2851031602128218
0874ee_2020-06,0.9727715550814442
c3a69f_2019-06,0.07668850477460935
829a72_2020-04,0.9600140421955576
e2314a_2020-10,0.9824343250299319
731908_2020-05,0.8850392642148465
731908_2020-04,0.8277835868243865
60a0fd_2020-06,0.9639446236298139
98a151_2018-10,0.8952922097677736
11f0e3_2020-04,0.7763361792827821
77e86b_2015-11,0.0015278800388692526
9af74c_2021-02,0.994481798927389
bc4c03_2017-10,0.070339883876014
b73bc7_2021-12,0.9960867476045441
9af74c_2020-12,0.9950384939592593
bc4c03_2016-02,0.0005242047467345853
987bc1_2018-10,0.14454939939412484
18defd_2015-08,0.005476896212567769
1822ea_2020-04,0.9928101422321064
9af74c_2017-04,0.20196056788853226
9af74c_2020-08,0.9905039245554369
1822ea_2019-01,0.4696832229923642
1822ea_2018-12,0.3463964615365076
375f2e_2016-08,0.002425953580409343
375f2e_2015-07,0.004977843211329144
3a13b3_2022-01,0.9801233194926643
bc4c03_2016-07,0.19490513484669708
439fde_2017-03,0.17603023523614345
c3a69f_2020-06,0.8282675929449315
87cfea_2021-08,0.20730096182326596
87cfea_2025-01,0.4864616892099787
99c11c_2021-04,0.47046131685453507
83894c_2019-03,0.08789815869822358
87cfea_2021-05,0.6235727610869944
99c11c_2024-09,0.2855410213946818
87cfea_2019-08,0.1604876802286386
83894c_2025-05,0.6607581153393888
439fde_2016-08,0.014906773117980169
83894c_2019-05,0.09821595022981511
87cfea_2021-11,0.34624609903643555
c3a69f_2018-09,0.20651106328561927
439fde_2021-03,0.9927031042033809
87cfea_2018-01,0.006653868968933966
99c11c_2024-10,0.6678981433333102
bf6f0d_2017-12,0.228372866875302
439fde_2020-09,0.9777185488444711
87cfea_2024-08,0.1708554232799828
99c11c_2023-03,0.12425671387205879
99c11c_2024-07,0.4710903136262837
87cfea_2021-01,0.5459585192181621
87cfea_2018-12,0.04950677358747303
83894c_2018-05,0.012937850554100891
99c11c_2020-07,0.644729038433492
87cfea_2017-06,0.0009426650256958294
87cfea_2021-12,0.36775960802721086
a25664_2018-11,0.28622269439941683
99c11c_2021-05,0.797421794530255
92dcdd_2021-05,0.1984808165564668
4fb2d3_2018-11,0.4726503235120422
34889b_2015-07,0.008904741004301515
531356_2022-05,0.9396612886765858
9b46ed_2020-06,0.9114487464199165
29849f_2022-01,0.964772993596909
c3a69f_2016-02,0.0012886034839492593
90abb1_2017-05,0.027374201458041248
c3a69f_2015-10,0.0009095374707188976
29849f_2020-09,0.9478711592887803
bc4c03_2015-10,0.009012706799312042
c3a69f_2016-04,0.0015503308801334934
fb34b4_2023-04,0.003937756414075412
b416b1_2017-08,0.045420765251948665
06534f_2022-02,0.9943759573083549
c580aa_2021-07,0.9932258128494896
b73bc7_2018-07,0.9703690284551499
b1de95_2023-01,0.9765655087800879
b73bc7_2020-12,0.9968553488698478
c580aa_2022-05,0.9905433038586953
06534f_2020-11,0.9976327604424463
3a13b3_2022-04,0.9946947638841717
3a13b3_2023-01,0.9909958272303748
06534f_2022-07,0.9982285987507948
3db670_2017-01,0.6103721990142846
b1de95_2018-08,0.9596740206239871
06534f_2023-01,0.9923618693531927
c580aa_2020-07,0.9104166398595823
3db670_2016-10,0.4539058009058643
8d0588_2015-11,0.002657062282783319
83894c_2018-11,0.029847839731746307
77e86b_2020-07,0.8230370093582393
77e86b_2020-10,0.9199560272103827
77e86b_2016-07,0.004980504347501317
87cfea_2024-05,0.8953150060227411
74b7d1_2016-08,0.0010220936191318905
77e86b_2018-11,0.5570594903313753
77e86b_2020-09,0.9131000125669585
87cfea_2019-02,0.028889676785167618
87cfea_2019-03,0.034727517445516595
dc4b5e_2020-05,0.016734049793073812
8005b9_2017-07,0.1495698926595436
5a0174_2021-02,0.9966276110877664
99c11c_2018-05,0.008081079348557754
90abb1_2018-10,0.5459476326499481
987bc1_2016-07,0.027319067798532975
99c11c_2020-04,0.186063440868837
87cfea_2018-09,0.2422669280745561
83894c_2024-05,0.9750891850981337
259a19_2021-02,0.9938244894264093
83894c_2024-04,0.9700902547395155
439fde_2018-07,0.4715095249153107
83894c_2024-06,0.9798832470278387
987bc1_2016-06,0.048486053709837953
af81b0_2015-10,0.002512083647004982
af81b0_2016-03,0.0011375082862506362
6838b9_2020-05,0.20114433488150008
af81b0_2016-12,0.02845845746740401
af81b0_2015-11,0.0011096670367612479
af81b0_2016-07,0.02972156809332808
4fb2d3_2015-05,0.036682794132941454
af81b0_2016-10,0.026637384511458
0874ee_2017-09,0.16156845400325567
a25664_2018-09,0.11994616420996715
3db670_2015-12,0.0014343867808666918
88a9a6_2015-05,0.0031320039402326387
7aa803_2018-07,0.13254219380341814
19fa84_2021-04,0.9848760196507745
74b7d1_2015-05,0.008106467176028857
2ab8ad_2018-03,0.027943989053364565
cd0e60_2024-09,0.8841039188430344
3db670_2015-10,0.0013827113268953235
34889b_2020-11,0.9357463128656737
4718d7_2015-07,0.00293874682611985
8005b9_2016-01,0.01353283797722329
8005b9_2016-10,0.0706934121941166
f500c5_2015-09,0.012449253425463665
b416b1_2017-03,0.7686195852597133
894378_2018-11,0.26584648675075206
19fa84_2017-09,0.0917659120968097
19fa84_2018-08,0.2794213387749778
4fb2d3_2015-06,0.01850856446550777
19fa84_2017-04,0.1255114593882262
894378_2015-05,0.0037488258618331776
77e86b_2017-12,0.11439333027389482
fd589c_2015-08,0.005469445276519384
19fa84_2018-09,0.25572708238377045
e4bc80_2015-07,0.009148750467181693
0874ee_2016-08,0.1681880017658598
74fb1f_2015-08,0.0071493337430134935
db4cd8_2016-03,0.05698471763301435
1996b0_2022-09,0.014889201572065396
db4cd8_2016-02,0.004474249162865588
0874ee_2016-06,0.13769229030395752
5a0174_2017-09,0.3415940191312522
b08ec1_2018-10,0.4174869870631492
0cecbd_2017-10,0.254295268309821
34889b_2018-10,0.456477862555758
b08ec1_2017-12,0.39723999330203275
e2e0ce_2018-08,0.33254899886561834
2ab8ad_2017-10,0.30984063414208723
b08ec1_2017-09,0.06473026791502197
34889b_2020-06,0.9650794044297379
dc4b5e_2021-06,0.9183169318282776
9b46ed_2016-06,0.004019299478613712
dc4b5e_2021-01,0.1854122470599464
9b46ed_2015-12,0.0017909787069270461
f461d4_2018-07,0.6925940700079882
9b46ed_2015-11,0.0026741504579595285
b08ec1_2021-02,0.9147345202518331
b08ec1_2021-04,0.9471517459025972
8005b9_2015-06,0.006921948331919426
9af74c_2017-05,0.18613457826086177
3db670_2017-11,0.6437008521552599
af81b0_2017-12,0.32358197224546315
3a13b3_2020-07,0.9809647314137709
a97df3_2020-08,0.0032491674495731975
a97df3_2020-07,0.0029922485853522644
b73bc7_2017-09,0.7995498665458489
1698cf_2015-09,0.011585358205447892
0cecbd_2016-12,0.10124864343970656
3db670_2022-05,0.9866564796505766
b73bc7_2020-08,0.9924416070253773
3db670_2017-09,0.5401956001040668
99c11c_2025-08,0.9291159625121667
3db670_2022-04,0.9855627715467516
a97df3_2021-06,0.24013640873441838
a97df3_2020-09,0.0064040523428171
99c11c_2019-04,0.05334363428276497
99c11c_2022-09,0.9242277059917386
3a13b3_2022-08,0.9908318740187466
1822ea_2015-10,0.0046510637825414895
9f1aa0_2016-10,0.5337337580393693
0cecbd_2020-05,0.9405196882569918
375f2e_2015-11,0.003395091292233545
e4bc80_2021-04,0.9695716006034928
8ec563_2020-09,0.9227008444123964
98a151_2015-06,0.018810778771391944
0874ee_2017-10,0.3354288874626423
bf6f0d_2015-12,0.00194963805176387
af81b0_2022-10,0.9691315060169887
bf6f0d_2016-03,0.003393769687252327
c5df88_2018-11,0.23591706198849305
74fb1f_2016-12,0.15491777836565776
2ab8ad_2016-07,0.0013090597199497168
e2e0ce_2016-10,0.0015545935557063936
88a9a6_2016-12,0.08289733104052158
293190_2017-12,0.18240637118978512
88a9a6_2015-08,0.0017030236386733053
e2e0ce_2016-06,0.0024299583892171883
9f1aa0_2015-07,0.024029511503006203
c5df88_2016-01,0.0018697886432282658
9f1aa0_2016-06,0.49331048377957537
7bf5c9_2015-08,0.002095923925641752
87cfea_2020-05,0.570294583274491
1698cf_2015-12,0.003018289044878019
fd589c_2017-09,0.1652513559965633
fd589c_2018-09,0.8788183621373421
894378_2016-12,0.015933123675140118
c5816f_2016-03,0.08234996580847548
19fa84_2016-08,0.0033919756351712973
e4bc80_2018-11,0.899389928777336
c5816f_2017-08,0.1531953621149139
6f5e2b_2017-12,0.04772542744880905
c5816f_2015-10,0.003715577804316697
19fa84_2016-07,0.0029946219763842064
19fa84_2015-07,0.006941319012133053
b59bc0_2016-10,0.7740984901525423
b0ff51_2016-12,0.9376649644148303
34889b_2025-03,0.9927130561021568
87cfea_2017-09,0.0016735335958772165
83894c_2016-05,0.030790886222712387
a42d13_2020-01,0.8772500798937857
a42d13_2018-12,0.9079346608512361
a42d13_2021-12,0.9912047377539998
a42d13_2020-05,0.9433019214781313
a42d13_2020-04,0.9373568380717094
a42d13_2022-01,0.9910874253084563
a42d13_2019-12,0.8712807132687767
a42d13_2023-03,0.9905263917652776
6f5e2b_2015-12,0.010384102837845369
f1543b_2017-09,0.07644973556700103
829a72_2016-02,0.0012231647897150899
531356_2015-07,0.0023447396809882807
1b9e65_2020-05,0.8829698231518522
d86999_2020-07,0.9483215523239864
c5816f_2017-09,0.49896563489607204
894378_2020-07,0.9678890497732126
375f2e_2016-03,0.009902340816998131
29849f_2017-10,0.4584332449190094
531356_2016-01,0.0036398408035770886
77e86b_2015-05,0.006058805816548374
83894c_2017-03,0.0019000638432974024
8005b9_2017-11,0.4868745132616807
8005b9_2016-11,0.38246420829765193
8005b9_2016-12,0.5996163033111377
bc4c03_2016-11,0.18302022861603112
29849f_2018-07,0.503899753981303
f4604d_2025-06,0.9939712964301345
293190_2025-05,0.9844565532829282
88a9a6_2018-08,0.4406291446852324
4fb2d3_2016-08,0.09186743530651587
c5df88_2024-08,0.9822933536487493
293190_2024-10,0.9842271489244531
c5df88_2024-05,0.9634617851279221
7aa803_2021-08,0.9331966145881808
293190_2026-02,0.9870851272008291
4fb2d3_2016-09,0.07214805530763943
7aa803_2015-06,0.0008482809935304816
c5df88_2024-12,0.9821248302167616
7aa803_2021-09,0.9325712013674864
88a9a6_2016-07,0.001980213409750843
293190_2025-01,0.982118662315113
74fb1f_2024-11,0.9884432350242809
c5df88_2020-05,0.34015194615083033
9b46ed_2021-10,0.905605755947644
1996b0_2024-04,0.004034525802320759
f4604d_2020-12,0.8419621061444102
06534f_2014-08,0.01986359903329309
06534f_2016-06,0.005738726831758152
f4604d_2016-10,0.01191170172835785
18defd_2018-11,0.8496102221549735
06534f_2016-07,0.01106979865848619
375f2e_2018-11,0.16728042838005105
7a007d_2023-08,0.9572836821291806
7a007d_2021-05,0.8578401988856832
7a007d_2021-06,0.8728595790846989
60a0fd_2015-05,0.007135714913389482
7a007d_2023-03,0.9661780775047739
18defd_2016-10,0.11925482734279404
7a007d_2023-02,0.9648550027576513
7a007d_2019-11,0.48646419731501844
9af74c_2025-09,0.9926167479778895
b08ec1_2015-06,0.05263784524510543
e7a56d_2016-10,0.15329776106985496
4718d7_2017-01,0.038080552242492
b59bc0_2018-10,0.9872932230424138
b59bc0_2017-10,0.9180776183751248
b59bc0_2018-08,0.9701909773596726
0cecbd_2017-12,0.3630386942473316
b59bc0_2017-09,0.906996152345805
8d0588_2018-11,0.996495352876644
b1de95_2015-10,0.002495557233358832
94f933_2023-01,0.031659247235220685
1b9e65_2025-04,0.9326262852966629
0cecbd_2016-04,0.007084902498318509
a25664_2020-04,0.9429040606787942
fd589c_2020-09,0.9436676592878338
0ffc2d_2018-11,0.017850345329342397
d59611_2020-06,0.9954113002541101
34889b_2016-07,0.2348306091317659
34889b_2016-08,0.21220402569988042
bf6f0d_2017-03,0.016104648890272064
db5006_2017-01,0.1770589235186364
0ffc2d_2020-05,0.004734881745993792
6c1954_2021-03,0.16056375073232543
34889b_2016-10,0.20216268014202257
6c1954_2021-05,0.6441179593309251
8fabe0_2015-11,0.0020266081011284446
0ffc2d_2020-04,0.010561413741717542
8fabe0_2016-02,0.002495425286604257
db4cd8_2020-05,0.9886559904573711
34889b_2016-11,0.1821167134850761
b08ec1_2018-08,0.46342302138319
5ecf9b_2023-12,0.005086887883816001
77e86b_2018-03,0.02480482769724653
74b7d1_2019-06,0.2134032327659808
439fde_2023-11,0.2254400869737234
439fde_2024-04,0.8852876774727109
1b9e65_2023-01,0.37563292548034444
db5006_2023-03,0.8656852238133584
74b7d1_2022-10,0.28683488801201285
db5006_2024-10,0.9853124091697364
ab32d7_2023-11,0.005718332045459119
77e86b_2019-02,0.20709203992160846
c3a69f_2024-05,0.5424530361734191
439fde_2025-01,0.7901424959072844
77e86b_2014-11,0.011875141679029443
439fde_2020-01,0.5560797049830967
c3a69f_2024-01,0.2651036263986275
77e86b_2020-03,0.5829867878971747
77e86b_2018-05,0.022807622431015855
94f933_2025-05,0.14654208751322542
c3a69f_2025-02,0.9217483754814844
829a72_2023-02,0.5150733780402499
6224d0_2023-10,0.7382457566614641
293190_2023-01,0.5802568999346841
293190_2023-12,0.7901474955254746
2ab8ad_2016-06,0.0008373358820798395
88a9a6_2022-12,0.45835835059876673
9b46ed_2025-05,0.8075567910565801
fc9334_2022-01,0.8417006577450226
8bd3ce_2015-07,0.0028150938649487934
fc9334_2017-01,0.04557536404345682
8e41cf_2018-01,0.019557952457753484
8e41cf_2019-11,0.20077648993934807
b26809_2020-08,0.757852173497643
fc77d0_2019-06,0.3660943933936601
6224d0_2019-11,0.39753008714739546
a25664_2018-12,0.05394346373798064
c5df88_2023-05,0.8459453390570147
7aa803_2021-11,0.6691055423070404
7aa803_2024-10,0.9502497028176166
98a151_2023-05,0.97350835145198
98a151_2025-03,0.8068197143222503
60a0fd_2023-09,0.7420332896121475
8bd3ce_2020-06,0.901256209228485
4fb2d3_2020-03,0.9931344681536939
e60b65_2024-03,0.9806104219606021
74fb1f_2016-03,0.005774304665149899
60a0fd_2025-01,0.8529109751975573
9cf1af_2022-12,0.0027928842528869447
d86999_2023-07,0.9761832059140844
d86999_2023-12,0.8557917411789283
175155_2014-10,0.008958260672916956
293190_2022-08,0.6556057774162486
2ab8ad_2019-02,0.0791434395450875
2ab8ad_2019-03,0.05126918030464727
c5df88_2022-07,0.23990155123460577
74fb1f_2018-12,0.03564028817363172
7aa803_2024-08,0.965812757188945
9b46ed_2018-02,0.01887579965633446
11f0e3_2025-06,0.6899129415916122
98a151_2023-12,0.5795937244138791
9befc8_2023-05,0.8710051053803977
302d40_2024-12,0.4976032563507889
e3af0e_2023-05,0.8317735400256966
6c1954_2022-11,0.11878884808142312
8bd3ce_2022-07,0.452608645775542
b26809_2020-10,0.56542107892308
a25664_2014-12,0.0021696330693949262
e2e0ce_2021-10,0.6990177381453215
74fb1f_2014-12,0.016905812334819758
74fb1f_2021-02,0.8177401302004862
8fb6f0_2023-03,0.4936487541930254
731908_2021-12,0.07601114421127553
829a72_2023-07,0.4886994253897426
fc9334_2015-04,0.002266961039023056
60a0fd_2018-05,0.07838017510693202
d86999_2016-07,0.019427771100329564
d86999_2022-12,0.9047042435674567
6c1954_2023-10,0.760961109523057
b26809_2017-01,0.05106366307420506
4fb2d3_2022-02,0.9815003946166572
1698cf_2018-02,0.02946812143250115
4718d7_2020-08,0.8460202078897843
6f5e2b_2018-02,0.029649384180676662
e2e0ce_2021-08,0.9205984591788675
c5df88_2019-08,0.06254728586558574
88a9a6_2019-02,0.05141896655105962
780a0b_2020-02,0.4502070110627414
a97df3_2024-01,0.3838971876534142
bfbeef_2019-02,0.06477492761849646
b26809_2018-05,0.024564019526395205
77c35f_2024-10,0.3843100563073506
829a72_2022-09,0.4484727403971538
60a0fd_2018-12,0.2126724942286339
e3af0e_2021-07,0.9900062016689758
fc9334_2023-01,0.658572461306828
fc9334_2024-09,0.9963106750291892
987bc1_2021-06,0.9923094507692594
6224d0_2023-01,0.9828018866385024
88a9a6_2022-07,0.5267643072617326
302d40_2023-04,0.003282472831519409
d86999_2016-06,0.027500125226110936
fc9334_2015-12,0.0018014129662575476
8bd3ce_2017-08,0.04081893154660298
8e41cf_2018-03,0.032380149525335064
5a0174_2020-01,0.8832416074672155
e2e0ce_2018-09,0.3211630813364341
74fb1f_2015-03,0.00972299583041053
74fb1f_2019-07,0.06248684484153554
e3af0e_2024-12,0.6352722741307752
98a151_2021-06,0.9913793446149923
9cf1af_2022-09,0.003349445568983402
b26809_2016-11,0.03317361934739863
9befc8_2024-11,0.695190700153516
b08ec1_2018-03,0.007847726986607668
2ab8ad_2018-02,0.03768742738327575
c5df88_2021-04,0.2167719098298337
7aa803_2016-10,0.028982702809088996
7aa803_2017-06,0.05306612864989145
88a9a6_2022-01,0.38122881215432997
0f9e86_2024-08,0.9800708269194081
98a151_2025-06,0.8509605717679487
60a0fd_2024-04,0.6882504395703138
e3af0e_2024-01,0.7094410366776625
8bd3ce_2019-01,0.016022098490126507
b26809_2015-09,0.007791327616355444
e2e0ce_2024-10,0.9524266735071478
c5df88_2022-12,0.30046322962154126
74fb1f_2025-04,0.6340760702508416
0f9e86_2025-01,0.7548603151934815
fc9334_2015-08,0.00441867233988332
dbb709_2023-08,0.00877566636354816
60a0fd_2025-05,0.8158945210135631
d86999_2016-08,0.016657566008864946
98a151_2019-09,0.878470705776685
dbb709_2024-04,0.043429773833296305
e3af0e_2019-07,0.8082493132933061
b26809_2023-08,0.5034646838766819
b08ec1_2018-12,0.030070876946599656
4fb2d3_2015-03,0.0028120140537688564
e2e0ce_2023-01,0.8770500606391928
74fb1f_2022-04,0.36790848822589645
7aa803_2016-07,0.003306203457039296
8fb6f0_2021-03,0.6866641779296039
11f0e3_2023-01,0.6005973777221196
11f0e3_2023-11,0.4823371130968979
dbb709_2024-02,0.1324012549990685
8e41cf_2016-10,0.004564910846557961
e3af0e_2019-05,0.510277042171745
8e41cf_2017-08,0.03682201961620456
8e41cf_2023-01,0.5754529228078717
fc77d0_2023-11,0.9703096554007481
c5df88_2018-01,0.05128328593064889
74fb1f_2024-05,0.9291658811203417
74fb1f_2024-09,0.8867998218207818
88a9a6_2015-07,0.0011849536944390745
302d40_2022-05,0.010227824648896745
e3af0e_2021-01,0.9211321006662947
b26809_2016-02,0.0028548373195409317
8e41cf_2021-12,0.15329269097514064
6838b9_2018-06,0.0034871231404355243
74fb1f_2019-06,0.08153683500476204
98a151_2025-01,0.8455852498823452
0f9e86_2024-04,0.8322184442853482
829a72_2019-03,0.34035488955318743
d86999_2017-09,0.04379340992716809
6c1954_2023-07,0.2329490477269196
b26809_2019-06,0.32230290277177026
8bd3ce_2024-12,0.8671169099263186
8e41cf_2016-07,0.002839036122529654
b26809_2021-02,0.3388842198302268
b08ec1_2024-08,0.9187327493518402
9af74c_2022-02,0.9845930042332824
6f5e2b_2019-10,0.7590816053033662
c5df88_2018-10,0.15818983792575714
74fb1f_2017-01,0.22163478642713416
9b46ed_2015-02,0.0049432831818140835
780a0b_2024-05,0.9805180712808454
8fb6f0_2020-07,0.8988708189468358
77c35f_2023-03,0.00689988643699104
d86999_2021-06,0.633907957209934
8bd3ce_2017-09,0.09191934570935205
b26809_2017-09,0.016883227085772168
b26809_2021-03,0.2765322614736955
bc4c03_2021-07,0.9848465878339048
259a19_2018-03,0.21273970971474987
532867_2024-10,0.014489699510967508
e2e0ce_2019-08,0.1339107749250787
e2e0ce_2023-03,0.7820117360775597
c5df88_2017-08,0.1255118180337299
c5df88_2023-01,0.28937153879405536
7aa803_2015-02,0.006973716358040291
7aa803_2021-07,0.985094368372701
9b46ed_2022-03,0.5218410582661123
175155_2020-01,0.9127905666080504
60a0fd_2020-12,0.9476983976973037
fc2511_2025-07,0.0168309054324216
b26809_2025-04,0.9423345917537309
34889b_2025-07,0.6634559426173147
fc77d0_2022-11,0.9441524156292611
e2e0ce_2021-03,0.9236306587226596
74fb1f_2022-02,0.4916627036228956
74fb1f_2024-07,0.9660624631656546
bfbeef_2016-02,0.004329914560670032
bfbeef_2023-05,0.8909670303700945
98a151_2024-10,0.8387303931260417
e3af0e_2020-01,0.8875565325841637
d86999_2021-02,0.839628979004317
d86999_2022-07,0.7929680869819468
6c1954_2022-01,0.10206759031225544
8e41cf_2025-02,0.8780116992539664
175155_2022-10,0.30740985720170594
a25664_2024-11,0.9831463291887591
293190_2015-04,0.019571081162781227
293190_2016-10,0.01644027106154209
293190_2017-09,0.36702542985168296
e2e0ce_2025-08,0.9009190731243414
74fb1f_2022-05,0.5559225338865327
7aa803_2019-01,0.2938209233685231
302d40_2025-05,0.5292651693746819
6c1954_2021-09,0.06652105154556043
db4cd8_2022-12,0.919714021532604
8bd3ce_2016-07,0.002378316679193605
265164_2023-11,0.014947081020711628
175155_2024-01,0.9799542182167561
c5df88_2016-08,0.08255285935506475
88a9a6_2023-06,0.6293490808908918
77c35f_2023-04,0.004560203227257615
fc9334_2018-10,0.06953718010117915
8bd3ce_2016-12,0.02266731055476918
60a0fd_2022-01,0.5176473170496254
302d40_2024-10,0.52181817108295
e3af0e_2023-10,0.9672858585433816
bc4c03_2025-08,0.9451564078681731
3a13b3_2014-11,0.03246781255919839
e2e0ce_2024-09,0.9558517310964261
c5df88_2018-12,0.07591896093822843
74fb1f_2016-04,0.004874920990691459
74fb1f_2024-10,0.8708898487791993
88a9a6_2017-01,0.06828318603376396
780a0b_2024-07,0.6983176606333048
d86999_2017-08,0.18142735707307878
fc9334_2021-06,0.4783804867412634
fc9334_2021-12,0.3377640181012778
fc9334_2023-07,0.4114608998319171
8bd3ce_2023-11,0.7052999647717568
34889b_2019-01,0.8582857395378962
34889b_2024-03,0.9800863981261754
18defd_2014-06,0.008350168978743865
e2e0ce_2023-07,0.6971427714671745
74fb1f_2017-11,0.06445137674342265
98a151_2023-02,0.59687329707981
e3af0e_2020-02,0.4022622637112783
d86999_2022-02,0.7406419409463264
fc9334_2024-02,0.8195700172912049
8bd3ce_2022-02,0.36908153899512536
fc77d0_2015-02,0.0018914398364486525
6224d0_2023-11,0.9905302279485002
293190_2024-06,0.931247434924418
e2e0ce_2016-05,0.0060010603250743215
e2e0ce_2018-06,0.23439970929073853
2ab8ad_2021-11,0.9243628842827185
7aa803_2018-09,0.05135321468938103
7aa803_2023-06,0.23449095185492833
88a9a6_2021-10,0.22301709867872022
9b46ed_2025-08,0.37768235273936673
77c35f_2023-11,0.0025211887524652487
8bd3ce_2015-08,0.0054814240150465494
8e41cf_2017-12,0.018358831847489234
6c1954_2023-03,0.027148076795479703
8e41cf_2023-07,0.28988647305053916
d59611_2019-01,0.5032657414980971
b08ec1_2020-01,0.4013183950412551
265164_2025-03,0.00549644515330481
88a9a6_2024-10,0.8765674225138032
98a151_2024-07,0.8503304422232523
77c35f_2023-02,0.002356386219307719
8bd3ce_2015-04,0.0037529901872472076
8bd3ce_2024-10,0.7463044241891277
b08ec1_2025-08,0.9952140155452077
4718d7_2019-02,0.45901216562032
375f2e_2015-10,0.0032735572770488533
2ab8ad_2023-02,0.8665341974454663
bfbeef_2015-12,0.007637901090653802
60a0fd_2024-03,0.6947277724362382
302d40_2022-09,0.007705355555038488
d86999_2022-04,0.9154729743419543
8e41cf_2017-03,0.03569803209330364
175155_2018-06,0.027480753669790015
9b3bd5_2025-07,0.003863130191819441
74fb1f_2024-02,0.9742864581941996
9f1aa0_2020-08,0.39535923372152587
510fbf_2025-04,0.0648169774037286
731908_2015-06,0.004554132906110324
bfbeef_2017-09,0.4909528825533526
894378_2022-05,0.47086987502227085
6c1954_2020-01,0.012894976366497167
19fa84_2021-03,0.9371421453996176
19fa84_2021-11,0.33845051305621926
9f1aa0_2016-05,0.17467390757784299
bfbeef_2016-05,0.005261604874001066
8ec563_2021-08,0.7569200690483858
fd589c_2023-09,0.7835923173286483
e361b7_2018-05,0.03603863475150203
e4bc80_2024-09,0.775077783283446
bfbeef_2017-04,0.26440334889397005
29849f_2022-08,0.6734192263407242
8ec563_2024-05,0.8853229682997455
fd589c_2014-08,0.0068378596935852985
fd589c_2019-10,0.5335175011097489
e361b7_2021-11,0.5130215737559242
9af74c_2024-11,0.9779560932840913
9f1aa0_2015-01,0.006193627846785198
fa8553_2023-03,0.025294717617390272
8ec563_2025-02,0.9330927880056177
19fa84_2022-03,0.6687731931342539
513080_2024-05,0.5522572718225183
9f1aa0_2019-02,0.15937325454893456
fa8553_2022-09,0.015380459559394039
bfbeef_2017-05,0.21938473382427537
19fa84_2018-05,0.021627196596810398
e361b7_2014-08,0.015259572487224524
e361b7_2015-02,0.016898620142989356
9af74c_2024-08,0.9113152322937754
513080_2023-10,0.03416692930970803
510fbf_2024-10,0.1511078246992195
bfbeef_2019-10,0.29281057595134957
8fb6f0_2019-11,0.8952670825890134
894378_2022-07,0.36861295508805525
c5816f_2019-12,0.9303811484160645
19fa84_2018-06,0.052462534535003276
e361b7_2024-04,0.9325897050064007
e4bc80_2024-10,0.7108026529380113
e4bc80_2025-07,0.7828381025034039
513080_2022-01,0.0355469813511919
8ec563_2018-02,0.09644743902057766
8ec563_2023-02,0.7341901420988872
e361b7_2021-01,0.651166371909247
e4bc80_2014-10,0.004466521306992111
894378_2021-04,0.9772642856527648
894378_2024-01,0.8385621784305177
8ec563_2022-09,0.7757279256884348
9f1aa0_2019-11,0.984258991832806
9f1aa0_2021-05,0.18716620604062867
9f1aa0_2023-12,0.49045874920317095
510fbf_2024-08,0.5811391529103667
bfbeef_2023-01,0.39512657571996207
c5816f_2014-08,0.01621889638536106
19fa84_2022-09,0.37957430884121157
19fa84_2025-07,0.9675806756107018
e361b7_2024-01,0.8982105969554204
bfbeef_2025-09,0.9768639812872706
780a0b_2014-08,0.009997699701687334
e4bc80_2022-07,0.5377574380365163
513080_2023-05,0.011356350011803039
510fbf_2023-03,0.08404767191684875
c5816f_2025-08,0.8058596933979026
19fa84_2022-11,0.8493460532966083
e361b7_2020-10,0.8645418888946045
9f1aa0_2021-06,0.21455322878987132
fa8553_2022-12,0.011959709150710424
bfbeef_2024-05,0.7566534999948726
8ec563_2019-11,0.7676939385176464
6c1954_2022-05,0.06122481257733406
513080_2024-03,0.39963801035095264
894378_2022-03,0.39576036686546345
8ec563_2019-09,0.4650638891087819
19fa84_2021-01,0.2810776949442205
19fa84_2021-02,0.4586110419602487
9f1aa0_2021-02,0.2112901038890898
9f1aa0_2023-10,0.6229258435120306
780a0b_2015-12,0.001019951841221048
9befc8_2015-08,0.004242517835445613
c5816f_2019-09,0.3795611078014859
8ec563_2019-01,0.5458855012066445
fd589c_2017-02,0.18943557822025328
6c1954_2019-12,0.004746329657862455
19fa84_2018-03,0.05814722975508536
e4bc80_2023-05,0.768312651611248
bfbeef_2018-09,0.22325063299434236
bfbeef_2023-09,0.9301029456840335
894378_2023-11,0.7845533599534128
9f1aa0_2025-06,0.6879170224323552
bfbeef_2025-06,0.7437240745632934
c5816f_2018-02,0.058041524126080275
8ec563_2014-11,0.006277316883385054
19fa84_2018-04,0.013146956082725472
19fa84_2023-04,0.551914370699119
e361b7_2025-04,0.9332577249014454
e361b7_2025-07,0.8881708220204041
9f1aa0_2024-10,0.5113674760254413
894378_2025-01,0.92849519908821
fd589c_2018-04,0.0718693342758646
fd589c_2021-02,0.20781715735462894
894378_2025-04,0.9076904195447685
8ec563_2022-07,0.35630872582997114
8ec563_2023-04,0.9172293693771155
fd589c_2017-06,0.18473882736986938
e361b7_2018-07,0.633848825207782
e4bc80_2022-08,0.6802374751580698
9f1aa0_2022-06,0.4323658178618703
8fb6f0_2014-07,0.0039049319963292135
8fb6f0_2018-09,0.5062824434450057
731908_2021-10,0.6045069382850876
731908_2024-10,0.5367619140481903
780a0b_2020-12,0.9076881170835754
9befc8_2015-04,0.0013301060601705133
c5816f_2014-09,0.010146820582340616
c5816f_2021-07,0.5480069911145877
6c1954_2022-04,0.30614667138301505
19fa84_2019-01,0.06055015303976986
bfbeef_2022-11,0.3645868325290558
c5816f_2022-12,0.8978052855686466
e4bc80_2018-06,0.11524236417995894
513080_2023-04,0.014414896514601597
9f1aa0_2021-03,0.45444925947458803
9f1aa0_2025-05,0.6900766015431865
731908_2019-10,0.29046114198350215
780a0b_2015-10,0.005180811466379919
0f9e86_2022-06,0.4255881475669747
531356_2022-07,0.4829957708026306
894378_2018-12,0.06168682935493573
c5816f_2023-06,0.7854075377634687
19fa84_2021-10,0.5095378650073211
11f0e3_2024-08,0.9907508603377504
b26809_2019-10,0.5106409849926743
780a0b_2025-05,0.6911637415446354
7bf5c9_2019-02,0.16780628480248153
7bf5c9_2022-07,0.7527316848690672
f500c5_2021-01,0.59971075610573
265164_2025-07,0.1704814884782376
439fde_2023-03,0.9371499725893956
83894c_2022-06,0.3116363690193332
87cfea_2021-03,0.877410126349219
99c11c_2021-02,0.24551078969082488
11f0e3_2017-11,0.18245891587385404
780a0b_2015-07,0.002689794639930673
8fb6f0_2016-05,0.025295443351280648
f1543b_2021-02,0.3731211700308627
1b9e65_2025-06,0.7481437289681787
780a0b_2022-08,0.3593873980496086
8fb6f0_2023-08,0.439449627043907
0f9e86_2023-01,0.557734988150943
7bf5c9_2020-06,0.45420374043734774
3a13b3_2015-01,0.00943410200332411
11f0e3_2022-02,0.12455543582270573
780a0b_2019-07,0.45140225875314033
8fb6f0_2021-07,0.07674836736220939
8fb6f0_2025-01,0.5940040745202846
0f9e86_2022-03,0.28589487821657367
f1543b_2014-12,0.0011989638811604165
f1543b_2020-09,0.6438605526680689
f500c5_2022-07,0.807712332434336
9befc8_2019-08,0.7058605220576065
7bf5c9_2018-06,0.061437315980484686
87cfea_2024-06,0.4552451721991724
7bf5c9_2023-02,0.3146427284008899
bc4c03_2019-10,0.720561083635253
780a0b_2017-09,0.060203899828297595
8fb6f0_2014-04,0.026209197137377335
8bd3ce_2019-10,0.17038685410922733
0f9e86_2023-06,0.1739052077848295
f1543b_2022-11,0.7215550635377813
f500c5_2020-07,0.5498560723545187
4f2b6b_2024-03,0.003633580931399417
11f0e3_2016-11,0.0289386132557059
11f0e3_2024-10,0.8436590710363442
f500c5_2019-06,0.62097824960089
c3a69f_2020-10,0.9466419750432556
780a0b_2019-10,0.3621743125746567
780a0b_2021-01,0.8444851784858302
0f9e86_2017-04,0.03719085750846706
c580aa_2014-05,0.007849653897826674
4f2b6b_2024-10,0.1284792377992723
83894c_2021-07,0.38890256982000465
11f0e3_2023-10,0.4508383544353085
8fb6f0_2021-01,0.5051407005733671
0f9e86_2019-09,0.779878309469139
0f9e86_2025-05,0.8963090547513717
9befc8_2025-08,0.9822043684277626
f1543b_2023-05,0.5103700383547491
0f9e86_2024-12,0.8173264880726423
87cfea_2020-06,0.7749168670846515
99c11c_2024-04,0.42107481531152063
731908_2020-07,0.9374574026899009
11f0e3_2020-09,0.9047899388824393
0f9e86_2023-09,0.400025303920012
9befc8_2021-08,0.1766105011374282
9befc8_2022-12,0.22388664941601272
0874ee_2018-03,0.1063263485745107
7bf5c9_2018-01,0.011210973949006693
7bf5c9_2023-06,0.6495678381489814
f500c5_2018-12,0.10497941285651854
87cfea_2019-10,0.057167506902938
87cfea_2025-03,0.9198653043070099
780a0b_2019-08,0.3854453592493206
11f0e3_2018-09,0.08690724762498377
8bd3ce_2020-10,0.918106285824732
9befc8_2023-01,0.8412673775115602
7bf5c9_2024-10,0.8919144475442844
f1543b_2025-01,0.9048588617199717
f500c5_2023-04,0.7862552876737615
83894c_2020-07,0.051247433082560176
87cfea_2019-06,0.023318406058803063
9befc8_2017-10,0.13905114341186503
4f2b6b_2024-04,0.0007538270690830207
11f0e3_2019-06,0.6260636117386267
fc9334_2020-08,0.9546579728304281
731908_2020-02,0.3709821940364627
9befc8_2018-10,0.08025701824304497
b73bc7_2015-02,0.018727566152507046
11f0e3_2017-04,0.029264693857133414
11f0e3_2019-08,0.4551142091960533
11f0e3_2025-01,0.954713562283847
0f9e86_2020-11,0.7879497161623762
0f9e86_2021-10,0.9157979027319766
f500c5_2020-04,0.19191964938650244
c3a69f_2022-11,0.9360985472334595
8fb6f0_2018-08,0.18544692670208826
9befc8_2016-12,0.019665055917459692
f1543b_2023-10,0.6371753640821857
3a13b3_2015-02,0.01816002386765439
83894c_2022-03,0.8005714132357317
731908_2022-06,0.6373363959997145
731908_2025-04,0.8061851560155024
8fb6f0_2021-04,0.6732483340651032
8fb6f0_2021-10,0.1520389266878504
8fb6f0_2024-12,0.7978282764510238
0f9e86_2016-10,0.056341085159869075
4f2b6b_2025-08,0.07950075784932474
87cfea_2022-05,0.2632715396385478
8e41cf_2020-01,0.3321204485821775
9befc8_2020-08,0.8053198150834798
87cfea_2021-02,0.7051273803849244
780a0b_2025-03,0.9419316483503541
8fb6f0_2023-04,0.4811599711537444
9befc8_2024-12,0.6784152167463685
f1543b_2025-08,0.9022279861067082
87cfea_2020-08,0.5661034111723747
87cfea_2020-10,0.32513287487848014
731908_2019-12,0.5750311805762705
731908_2021-04,0.26976524529268736
9befc8_2019-09,0.42833370655617525
87cfea_2020-02,0.21324005533100485
731908_2017-09,0.030093349145880726
780a0b_2020-09,0.9853872259273333
0f9e86_2022-01,0.6190389659385517
7a007d_2025-07,0.8719834031160547
b1de95_2019-03,0.8641524326273491
1b9e65_2025-01,0.5564070438431364
6c1954_2019-11,0.014925776857270028
e4bc80_2021-11,0.47703560177309584
4718d7_2020-02,0.874158114703872
b416b1_2019-06,0.37210774622308235
db4cd8_2015-01,0.0025804174858967775
d59611_2025-08,0.950923781544464
b08ec1_2024-04,0.9553361777057662
c5816f_2016-05,0.1095354323020805
f461d4_2024-04,0.9895856904955128
259a19_2024-10,0.9495286931527458
db4cd8_2024-07,0.9376005364132559
db4cd8_2025-03,0.9521011228569397
1698cf_2018-09,0.26665891209512704
db4cd8_2022-06,0.7054591560091367
c5816f_2016-06,0.11337832894055667
c5816f_2020-01,0.9755501333721661
6c1954_2024-05,0.8896980490433285
c48018_2025-08,0.9564915913630007
b416b1_2023-03,0.6684081160107949
06534f_2018-01,0.9254525182855297
175155_2015-02,0.0051918716605030045
f461d4_2015-02,0.0019312804449008244
f461d4_2022-10,0.8739324322953821
90abb1_2018-03,0.2545750091691795
90abb1_2018-12,0.5527874944285223
c5816f_2014-11,0.014333002368608872
8fabe0_2024-12,0.9931388592162219
d59611_2018-02,0.021713470827560897
6838b9_2020-02,0.06447243057203547
c5816f_2016-01,0.003684581677770404
e4bc80_2014-08,0.005289373416407746
e7a56d_2025-06,0.9752917726785691
4718d7_2023-05,0.9777154213494709
259a19_2014-09,0.003236944576200058
34889b_2022-08,0.5658797948122798
8005b9_2023-07,0.9785409089590913
77b3b9_2021-06,0.8432044275795741
db4cd8_2022-03,0.9656057312100672
9af74c_2019-08,0.6059752057568125
6c1954_2019-06,0.07044595177716337
19fa84_2015-05,0.020004496701862592
19fa84_2025-08,0.9683707081151767
e7a56d_2024-11,0.9555891880729411
a42d13_2025-03,0.9595388324841584
14fe3a_2022-06,0.8007989722181762
fb737b_2021-02,0.001001176482211211
175155_2014-11,0.012301852597135732
b08ec1_2019-05,0.10970807857064441
894378_2017-11,0.4155059333944393
fd589c_2023-07,0.9912271763658018
e361b7_2015-06,0.008116821187955961
e4bc80_2020-04,0.965608908386944
e7a56d_2015-03,0.0018522299959480594
e7a56d_2019-07,0.6130512110179767
e7a56d_2023-06,0.5558126609976856
259a19_2019-01,0.8859262573350548
db4cd8_2024-01,0.9916461821837921
34889b_2024-12,0.935129185591043
bf6f0d_2025-08,0.6916762884306455
fc77d0_2019-05,0.31890176329173753
e4bc80_2015-08,0.004377521826892465
e7a56d_2022-04,0.8270246407062349
c48018_2019-11,0.7254551248775083
259a19_2023-08,0.9775062439285918
0ffc2d_2019-09,0.006039495598560571
4fb2d3_2017-11,0.040934161351834725
c5816f_2018-08,0.9041871300330816
19fa84_2024-06,0.9194729733577476
e4bc80_2015-04,0.037714922940717675
e7a56d_2018-06,0.034085633253688956
6f5e2b_2024-10,0.9418051241176958
1822ea_2018-04,0.0381948685563573
0ffc2d_2018-12,0.020105060869734268
4718d7_2025-01,0.9922011448043982
b416b1_2022-10,0.12020033819186365
259a19_2024-07,0.9835264851272627
d59611_2014-03,0.012361537925899311
b08ec1_2022-09,0.5241987454779072
77b3b9_2022-08,0.6338294276566077
259a19_2017-07,0.28825693846866784
8ec563_2015-01,0.004746676846444992
14fe3a_2020-01,0.7615269494788172
b08ec1_2022-04,0.6225632198247323
259a19_2018-10,0.8313394475943476
0ffc2d_2019-01,0.003442554456776525
4fb2d3_2018-06,0.020596554906787874
1698cf_2022-11,0.7959616025638109
bf6f0d_2015-10,0.003896435216148846
5a0174_2019-11,0.5617922705411695
6f5e2b_2019-12,0.9596024005230046
db4cd8_2021-07,0.9749471161864637
90abb1_2025-03,0.9709126284820279
8005b9_2024-10,0.9682958316292293
375f2e_2019-03,0.2001198916630345
894378_2016-01,0.004432478317935538
e7a56d_2019-02,0.16405837213113592
e7a56d_2024-09,0.9472611384470092
5a0174_2025-01,0.9745751955828612
d59611_2021-11,0.7468676728749165
8005b9_2022-09,0.2877546228700118
1698cf_2025-03,0.9285510830918519
6f5e2b_2023-03,0.9547038155344776
1822ea_2024-01,0.9939615874942849
8ec563_2014-08,0.006111864518565462
fd589c_2015-05,0.01414318236019505
c48018_2024-09,0.7875926842881491
424c1b_2025-04,0.004516869340553383
4fb2d3_2019-08,0.5106085262638433
e361b7_2017-02,0.10093536579296886
60a0fd_2019-05,0.4333642100641473
c48018_2019-08,0.3608459703041876
b416b1_2022-05,0.36466888922636415
b416b1_2022-09,0.20548626685622948
259a19_2014-08,0.006502544231213733
8005b9_2022-07,0.4467670360463422
77b3b9_2019-01,0.7464633401833694
6c1954_2019-10,0.015112888793187491
19fa84_2024-05,0.8713459450400667
e4bc80_2014-06,0.010327294218004721
18defd_2014-09,0.01207205416613576
18defd_2023-08,0.38610356192560086
4718d7_2021-11,0.935676898610248
8fabe0_2014-06,0.0023888937664036645
6f5e2b_2014-08,0.0027003861967942622
b416b1_2015-02,0.002771638842576067
b416b1_2023-09,0.9655885051096016
db4cd8_2015-02,0.0020427927976483158
d59611_2018-04,0.1254649277836286
b08ec1_2023-11,0.8910477359551222
175155_2019-07,0.3607134305186636
6c1954_2021-07,0.6061896891226851
19fa84_2017-01,0.1563115584244908
c48018_2018-06,0.10939777756831624
14fe3a_2015-01,0.0047967893568331725
1822ea_2023-10,0.8578932901494261
fc77d0_2019-02,0.19878966345902171
c48018_2018-04,0.017028467559536537
5a0174_2019-02,0.1088635689587872
5a0174_2018-04,0.03710230551276571
a25664_2019-10,0.2744389967391042
a25664_2020-01,0.9493217324782669
b416b1_2025-08,0.9992378174768948
8005b9_2019-01,0.07124600057060879
424c1b_2024-10,0.004667236362611884
0874ee_2021-03,0.8332897691408844
375f2e_2024-05,0.9983622302676473
6c1954_2023-11,0.7736324450627042
fd589c_2014-03,0.004962508365334415
e4bc80_2014-12,0.004536938667884274
e4bc80_2017-10,0.2836686456796164
e7a56d_2018-01,0.4325217281709502
e7a56d_2022-05,0.17743767855364653
18defd_2025-08,0.8583119768262122
c48018_2023-09,0.4914465635175378
b08ec1_2019-06,0.20300726821429987
259a19_2022-11,0.9430107456150574
d59611_2023-08,0.9368400399206341
9af74c_2014-12,0.006067123661938133
8ec563_2021-06,0.6951797717597061
fd589c_2017-05,0.1205133616125163
e7a56d_2022-07,0.6023493584728276
6f5e2b_2018-04,0.011698047668038725
14fe3a_2020-03,0.9797532660131352
bf6f0d_2022-08,0.40728026346091944
0874ee_2019-06,0.19746796059915864
f461d4_2018-01,0.1507926782455342
8ec563_2017-11,0.3258239223053281
18defd_2017-02,0.19114884909115518
1698cf_2019-11,0.9432103987878004
1698cf_2024-12,0.8199244781224154
bf6f0d_2023-06,0.5256343961161852
6f5e2b_2022-10,0.6196633614118999
a25664_2018-05,0.019432451679082568
db4cd8_2019-10,0.200407929316939
9af74c_2018-01,0.0929221038040141
1698cf_2015-02,0.0031073108314409164
c5816f_2015-12,0.003464492844924642
b416b1_2024-01,0.9634449110695635
14fe3a_2024-10,0.8208404463570058
db4cd8_2023-03,0.9903991933975809
8b98f3_2022-08,0.009580356481032766
7e646c_2025-07,0.07553631404495256
0f9e86_2016-04,0.0027470994048300655
0ffc2d_2022-05,0.01058262269147093
0ffc2d_2024-01,0.41076837933323906
74b7d1_2023-04,0.14976885438055867
4718d7_2024-01,0.9940309039449486
77e86b_2018-01,0.037566748814124584
ab32d7_2023-07,0.006648948201533444
f461d4_2023-09,0.9855352764706361
11f0e3_2018-02,0.07302772606535443
6f5e2b_2025-07,0.8918191496559154
5ecf9b_2022-11,0.012463926523312263
cd0e60_2023-04,0.1960996279115109
6f5e2b_2023-07,0.9502703272195737
0f9e86_2018-03,0.11474304442134764
0ffc2d_2024-08,0.6168000286838038
0f9e86_2017-08,0.09814303775513952
99c11c_2024-01,0.9556316818484496
7e646c_2024-04,0.006407474162260062
5a0174_2025-07,0.988021484029922
94f933_2023-10,0.0016915462796422897
0ffc2d_2021-01,0.015882745950114813
f461d4_2024-06,0.7341494747474724
5ecf9b_2023-04,0.004842311277802305
4718d7_2024-09,0.598305584796978
6f5e2b_2024-03,0.9923168593562525
0f9e86_2018-12,0.1347097110774155
0ffc2d_2020-11,0.015348662287437458
0874ee_2015-04,0.027999511580269667
11f0e3_2015-11,0.0018779313546942902
0f9e86_2017-06,0.4844728798624982
6da35b_2023-09,0.0049846172748402705
74b7d1_2024-08,0.9058303265584309
8b98f3_2023-06,0.017700588279362856
ab32d7_2022-08,0.009612895501954356
9befc8_2018-12,0.08527697457283762
11f0e3_2017-12,0.19652625229821594
6da35b_2025-08,0.07779556406256254
1698cf_2023-08,0.9856091313577406
1698cf_2025-08,0.9319357043197868
f461d4_2024-09,0.8813365393196645
dc4b5e_2025-03,0.9462634046980934
8d0588_2023-04,0.9659190619114882
b59bc0_2021-01,0.9979086191510729
b0ff51_2022-07,0.9718448790739296
439fde_2022-06,0.9872396437226647
8d0588_2017-07,0.684708827767108
8d0588_2020-08,0.9968709991764471
8d0588_2023-07,0.9544581656096058
8d0588_2024-01,0.9901451625527073
0cecbd_2021-02,0.7322696987469397
439fde_2015-02,0.017179198245691658
87cfea_2018-02,0.002095173469993746
0874ee_2019-02,0.1167480115603732
8d0588_2023-05,0.9995143530239387
99c11c_2022-05,0.741599605298361
8d0588_2022-04,0.9965765126964036
b0ff51_2019-10,0.9707368246351332
b0ff51_2022-09,0.9424602611673956
99c11c_2017-05,0.0009125187426316795
b0ff51_2016-05,0.06554347512584774
b416b1_2014-12,0.0025725100527481315
8005b9_2015-03,0.002965776204516514
8d0588_2015-05,0.051040522899135715
8d0588_2018-02,0.603303072505621
b59bc0_2021-03,0.9931024241854218
b59bc0_2022-06,0.9812463772046475
99c11c_2018-04,0.004798319759752796
8d0588_2020-12,0.9990074802150064
0cecbd_2019-07,0.25773199877247616
b0ff51_2024-04,0.9975753891080513
8d0588_2015-04,0.07776771129835891
8d0588_2019-04,0.8990066755316825
b59bc0_2023-09,0.9944402486400465
439fde_2022-07,0.9860239931932013
8d0588_2014-05,0.00967558760082767
8d0588_2023-02,0.9575962273002319
c3a69f_2023-06,0.8150915113211238
b416b1_2019-02,0.07146088813340609
8d0588_2025-03,0.9950656562246716
b0ff51_2017-01,0.9308810824737062
b0ff51_2018-11,0.9935651009384068
0cecbd_2023-03,0.6751702632759107
74b7d1_2017-04,0.06547051102122708
b416b1_2019-09,0.8673683524020143
b416b1_2022-03,0.21743274147647082
b59bc0_2017-05,0.29313199086148534
0cecbd_2024-09,0.8646295372418418
34889b_2025-04,0.9914440065757493
8d0588_2018-07,0.9915951678490557
8d0588_2020-11,0.9965588279951504
b59bc0_2016-05,0.1736385868280695
b0ff51_2021-08,0.9987747142606082
b0ff51_2022-10,0.9863532854208112
c3a69f_2020-11,0.9468974376660197
8d0588_2019-01,0.990422813728197
77e86b_2014-08,0.030422423800822607
b0ff51_2016-11,0.9494374422971305
0874ee_2021-05,0.9506085953214284
b0ff51_2021-10,0.9980286343014696
87cfea_2017-12,0.0025453438343308915
99c11c_2017-06,0.0006295887850818612
74b7d1_2019-07,0.20443089165768946
fc77d0_2022-04,0.6585771554009914
87cfea_2017-08,0.004559892378209941
fc77d0_2019-12,0.979227408000864
83894c_2016-08,0.0010677804285853195
87cfea_2017-05,0.00095002690952829
87cfea_2017-04,0.001746848474640648
b416b1_2025-09,0.9978927538611949
14fe3a_2022-08,0.9024276808649724
8b98f3_2024-07,0.1427526831156837
fc77d0_2023-09,0.8302110979138264
a42d13_2022-03,0.9910143972153955
9af74c_2016-05,0.09897130706866263
7199cf_2024-09,0.023349181333960953
fb737b_2023-12,0.3297335082239509
f461d4_2020-08,0.9812855525583072
a25664_2023-06,0.8222506307261026
fc77d0_2022-07,0.5021528205596278
fc77d0_2024-09,0.7952325159768866
1822ea_2023-12,0.9721265102246304
77b3b9_2025-05,0.9588376769135142
8b98f3_2024-09,0.17631320997865077
4fb2d3_2023-04,0.570354874403431
6224d0_2022-08,0.4524040994471129
fc77d0_2024-08,0.8402922685361548
265164_2023-07,0.004835577245853682
6f5e2b_2022-04,0.9742962791745179
6224d0_2025-06,0.9491201122472082
a42d13_2022-04,0.9908733000579005
9af74c_2025-07,0.9714337222011197
987bc1_2019-09,0.17285842370844282
175155_2024-05,0.9475598802386054
a42d13_2020-12,0.9889797449157518
4fb2d3_2017-05,0.3588576919888865
1698cf_2025-05,0.8269286473285105
6f5e2b_2023-11,0.9858173251177267
a25664_2023-08,0.8325465682730668
987bc1_2022-08,0.46522210574871703
fc77d0_2023-10,0.9978623778354995
92dcdd_2021-12,0.03357999361018328
1698cf_2023-01,0.9543721890796824
f461d4_2019-03,0.8062135726546859
6838b9_2017-12,0.031861685803475856
90abb1_2023-03,0.9955959882866793
7199cf_2024-07,0.013702195253674476
7199cf_2025-01,0.018351408939749524
259a19_2014-10,0.002464121819456184
92dcdd_2022-10,0.3146952276315934
ab32d7_2024-11,0.17344348439511914
022433_2025-01,0.11314311060144758
829a72_2015-12,0.0007192725307791763
987bc1_2021-01,0.9544129377556051
987bc1_2021-08,0.9499043202425801
175155_2022-07,0.720814264764463
259a19_2021-01,0.9723619026624768
1bdb97_2022-01,0.002244066031934416
c3a69f_2015-01,0.008502030268009147
c0f884_2025-08,0.024569638124620354
1698cf_2020-11,0.9158093323641868
259a19_2019-07,0.8469992957205694
8b98f3_2024-04,0.11887601576410403
5ecf9b_2025-02,0.12327486416633014
0874ee_2015-02,0.009238994207904958
14fe3a_2023-01,0.9264384695274548
1b9e65_2024-01,0.5261356842271402
fc77d0_2022-09,0.2184261405430949
4fb2d3_2025-02,0.9761613261331274
7199cf_2023-11,0.009666676711832387
6224d0_2019-09,0.11037167065570015
c3a69f_2021-07,0.938200525713055
0e8d73_2024-06,0.0037245773534941655
532867_2024-05,0.0037647706783433457
439fde_2019-04,0.07175718091289489
6f5e2b_2020-09,0.9667652111104469
5ecf9b_2025-03,0.3364460766091753
0874ee_2019-09,0.2686103100114995
6838b9_2018-10,0.00243958341588838
9af74c_2023-02,0.6109881682268336
4fb2d3_2019-11,0.9857397214312579
1698cf_2021-12,0.9777689297163348
259a19_2020-10,0.8983194644331873
8b98f3_2025-07,0.20559236919899204
fc77d0_2017-02,0.5675434732278312
6838b9_2018-02,0.004489468405405641
a42d13_2020-09,0.9873697162351907
b08ec1_2015-01,0.0033995419992256092
fb737b_2024-05,0.24628557941155554
6f5e2b_2019-03,0.8486341929790377
e60b65_2025-05,0.9520990649921476
fc77d0_2023-01,0.9784562941838998
265164_2023-12,0.009662752634145112
fb737b_2024-12,0.38117884468802093
f461d4_2022-12,0.9227421103554966
4fb2d3_2022-10,0.28772175771370495
a42d13_2021-03,0.9894897454859592
fb737b_2022-01,0.28660712003865113
a25664_2016-09,0.0026997781219763543
ab32d7_2024-01,0.006277389038472476
bc4c03_2022-01,0.9891565533109953
532867_2024-08,0.006475058074130065
987bc1_2021-09,0.9594242624909188
34889b_2014-12,0.003556040268862437
987bc1_2021-05,0.9925354373577424
6224d0_2021-09,0.9682067440331635
5a0174_2025-06,0.9967111972329418
0874ee_2017-05,0.4368009373583146
4fb2d3_2025-05,0.933604034235892
6224d0_2023-07,0.671238273033257
0e8d73_2025-08,0.10923413118986641
34889b_2015-02,0.0030094631639280534
265164_2025-06,0.12548396733340533
6224d0_2020-10,0.9873876942096643
f461d4_2023-08,0.983778291556869
a25664_2016-10,0.002179490271002397
fc77d0_2022-05,0.5862732793369895
6838b9_2025-03,0.9761918698321667
532867_2025-05,0.00395966544158506
4718d7_2022-07,0.6879809072688817
92dcdd_2024-03,0.9653624962968668
0874ee_2018-12,0.09758679749509118
6838b9_2024-05,0.9121582289152783
987bc1_2015-04,0.022996220394286497
4fb2d3_2025-07,0.9111415153957573
6224d0_2024-05,0.8712389806336734
6224d0_2025-01,0.9966443115893017
4718d7_2022-06,0.8392501151866617
8fabe0_2014-07,0.0022156510073434352
948a11_2022-10,0.0017390940543171576
1822ea_2021-09,0.9951091845909242
bf6f0d_2017-08,0.06010448872930473
0e8d73_2024-12,0.0029266222315670947
bf6f0d_2025-02,0.8516966484257655
1822ea_2022-05,0.8757601527015201
92dcdd_2019-02,0.000536262775482461
e7a56d_2014-06,0.03132412873765433
b08ec1_2022-03,0.8372414532535566
77b3b9_2023-12,0.9955327623503706
6838b9_2025-07,0.8424262882816206
6838b9_2025-05,0.7846728922182242
8005b9_2021-11,0.5246133368506702
f4d28d_2025-08,0.006126129506134867
375f2e_2018-04,0.02696278100117369
bf6f0d_2023-05,0.9651634448429119
4f2b6b_2023-04,0.004101021056524459
731908_2020-11,0.8498778523793794
9befc8_2023-06,0.25601218795838143
1822ea_2021-11,0.9903431227952249
b08ec1_2023-04,0.47618621102348063
424c1b_2024-11,0.002274943637510977
77b3b9_2023-03,0.9696756901258488
b416b1_2023-12,0.974871114380322
b416b1_2024-06,0.9804838932591202
a25664_2023-11,0.8029148495183966
4f2b6b_2024-01,0.003009392792299446
fb34b4_2023-03,0.1253073491621626
9befc8_2023-03,0.5038892023424295
77b3b9_2023-06,0.8992198654149446
bc4c03_2014-06,0.006602203083747621
4fb2d3_2014-10,0.006251972686420828
948a11_2023-02,0.007403042844187377
a25664_2020-12,0.879530412562703
90abb1_2024-01,0.9936058316645799
90abb1_2015-04,0.007994788425736947
90abb1_2024-04,0.9040108773881482
77b3b9_2024-06,0.9269718148831801
b08ec1_2023-03,0.2862236611103754
1822ea_2020-08,0.9799024012778458
9af74c_2023-03,0.9660581115975764
77b3b9_2024-10,0.9562237709370023
34889b_2015-04,0.020956714705234837
948a11_2024-02,0.6057735181524121
c48018_2017-05,0.19010269945999783
92dcdd_2024-11,0.9631622604851495
6224d0_2014-11,0.003381414559882049
948a11_2022-02,0.002174416226619932
531356_2023-01,0.2744448715647201
e2314a_2015-05,0.0015872627510828251
e2314a_2015-09,0.0024876363210018016
60a0fd_2015-03,0.0032801474853955863
7a007d_2025-03,0.2459496186104367
e2314a_2017-04,0.02564724553974626
e2314a_2025-07,0.9863360914054521
0cecbd_2021-05,0.9041691555166823
0cecbd_2024-11,0.9926568201555431
531356_2015-08,0.0017221046353569094
06534f_2019-07,0.8248629978004927
0cecbd_2017-02,0.11986492162228071
0cecbd_2025-08,0.8989291299556663
3db670_2024-09,0.9969716382103327
b1de95_2023-07,0.9951777347186913
b1de95_2025-01,0.9981166814235226
db5006_2016-08,0.0020959314397892602
db5006_2024-08,0.94448713952887
531356_2019-12,0.6267938988539009
e83244_2024-07,0.9591764943482041
b1de95_2023-03,0.988167872330892
b1de95_2025-06,0.9943325460226549
1b9e65_2019-05,0.2586946804485622
e83244_2025-05,0.9825145868938469
b1de95_2025-03,0.9929893118877865
1b9e65_2022-01,0.9121035132571431
e2314a_2016-06,0.00388748798952119
e2314a_2023-03,0.8374698487617187
e83244_2022-10,0.9914920059397103
0cecbd_2022-08,0.934499203516998
0cecbd_2023-02,0.5581243529641402
e83244_2024-11,0.9849436526954707
06534f_2017-04,0.8528921525085532
0cecbd_2024-12,0.881799582377522
f4604d_2019-04,0.13404454016251985
e83244_2015-01,0.007204122179041656
0cecbd_2025-02,0.7768506092589118
b73bc7_2015-01,0.028251558192168544
1b9e65_2025-07,0.6247864573561096
531356_2023-10,0.7214438916457946
e2314a_2014-11,0.004031928803572431
e2314a_2019-02,0.8537262610551729
e83244_2024-10,0.9967774787309776
531356_2020-02,0.6315739587626445
531356_2020-06,0.9604975226033889
db5006_2020-06,0.9111961416391248
175155_2020-04,0.9492115748363996
e2314a_2015-04,0.0019051858813679647
e83244_2023-09,0.8169726760658558
0cecbd_2017-04,0.2165205852284103
29849f_2024-12,0.95645503697529
f4604d_2023-11,0.8982406238279768
987bc1_2016-04,0.002984396727501695
531356_2018-12,0.1339496797618435
e2314a_2021-01,0.9519619520209701
60a0fd_2014-06,0.0029294284658620286
3db670_2024-08,0.9929943079920889
db5006_2024-01,0.8745108038662851
29849f_2024-01,0.832287764358983
e2314a_2019-12,0.9563062569777906
e2314a_2025-08,0.8780312457581924
e83244_2023-02,0.7120295870296208
e83244_2024-04,0.9918638647345089
06534f_2019-01,0.7230122010959954
0cecbd_2021-07,0.9749924770201174
1b9e65_2019-07,0.577588397005887
1b9e65_2021-07,0.9575260537208399
f4604d_2016-08,0.002367196552004082
e83244_2015-04,0.0032436567907940528
0cecbd_2023-10,0.9275144504172609
b1de95_2019-11,0.9503556313752545
db5006_2019-04,0.15347731285655208
b73bc7_2018-05,0.49476140834267807
1b9e65_2017-10,0.31192451457972337
1b9e65_2022-02,0.8349297814051541
e2314a_2016-04,0.0021271358190852337
0cecbd_2015-03,0.0017665105071695277
0cecbd_2025-05,0.876253115368876
1b9e65_2018-09,0.25089901823086236
1b9e65_2019-01,0.08938671232166112
1b9e65_2020-12,0.924347667365183
f4604d_2019-10,0.5093055799109228
db5006_2018-04,0.006190333520727211
db5006_2025-06,0.8499813745489816
0cecbd_2015-06,0.00316964518904668
e83244_2018-05,0.05768772418582813
531356_2022-11,0.41120510186636006
545d15_2019-07,0.009316219572981179
e2314a_2025-01,0.9395452875088565
e2314a_2025-04,0.9608006829535597
e83244_2016-03,0.0017963500560098141
f4604d_2021-08,0.96600697729913
e83244_2024-02,0.9575646572612175
06534f_2023-12,0.9958373416152202
29849f_2022-07,0.7533154479374999
db5006_2017-02,0.12004124651231843
531356_2024-02,0.7563487549491623
545d15_2018-12,0.0017132687585359552
531356_2023-06,0.41648769144095205
e2314a_2019-03,0.6656897804899036
e83244_2018-03,0.03807150430722179
e3af0e_2018-04,0.041119300273752116
0cecbd_2015-05,0.009547880596157826
e83244_2025-03,0.9911975276363784
3db670_2019-11,0.9839919549677932
b1de95_2019-10,0.9564569230048282
db5006_2022-08,0.888511723721534
f4604d_2024-01,0.9280998943589417
f4604d_2024-07,0.994789559108458
531356_2023-12,0.8055983068113488
e2314a_2024-03,0.9580476252025454
60a0fd_2018-02,0.019049067578679007
29849f_2020-01,0.5153270054069514
f4604d_2024-06,0.9901530541339363
175155_2021-04,0.9863904945064812
7a007d_2024-06,0.5977105303577345
29849f_2017-03,0.09498206178111882
06534f_2019-02,0.6002957847205735
829a72_2016-03,0.001378336111049097
0cecbd_2019-04,0.17042566379037996
b73bc7_2018-03,0.7197519903537621
c580aa_2018-06,0.6737385171924375
3a13b3_2019-09,0.9928754875748546
175155_2017-11,0.16644217296061797
022433_2021-03,0.008622707602095868
af81b0_2020-03,0.6419679607151308
b1de95_2018-12,0.4879221400318204
8fb6f0_2018-05,0.08455158392315128
6da35b_2025-03,0.13770268569486518
29849f_2014-12,0.00937375080671543
29849f_2017-05,0.1700468318822556
af81b0_2020-01,0.9504192193828511
c580aa_2019-11,0.9855632643663124
7a007d_2014-09,0.04176127589377531
98a151_2015-10,0.0014439277539740926
e361b7_2020-07,0.9692508150938935
8fb6f0_2018-02,0.01557601409433192
c580aa_2019-03,0.9555587404282191
f4604d_2018-02,0.056074683086171785
f1543b_2019-11,0.6451823307971469
894378_2020-05,0.9595527932696493
e3af0e_2019-03,0.24586416980457895
7bf5c9_2023-10,0.5297207761586618
7bf5c9_2023-11,0.4930710641294585
3db670_2019-04,0.8871252553429246
6da35b_2023-11,0.004629832245121003
db5006_2015-10,0.0018621097125098567
022433_2022-12,0.05446496961125064
175155_2018-09,0.05073086335994863
f4604d_2014-11,0.02928270162450261
af81b0_2015-01,0.0030907985621064166
d86999_2020-06,0.9450485372898328
7a007d_2015-01,0.005544976128514347
c580aa_2018-12,0.882528943555114
1b9e65_2017-07,0.33858525087643715
f4604d_2025-02,0.9985733895731164
af81b0_2015-02,0.005188669611885826
c580aa_2015-07,0.00318410954327272
b1de95_2019-06,0.9003912692561169
022433_2020-11,0.013685510424924312
545d15_2021-06,0.11501610584140931
f4604d_2025-05,0.9931038886429469
db5006_2020-10,0.9129050563392975
b08ec1_2021-10,0.9356271212296692
f4d28d_2024-10,0.014257093894790816
77e86b_2015-06,0.007287084293200796
375f2e_2019-05,0.24463157901923518
c580aa_2019-08,0.9943957179093308
b1de95_2023-04,0.9659336515728805
e60b65_2014-07,0.01031340347049849
b73bc7_2024-04,0.9319314687014222
531356_2021-10,0.9658233097195652
99c11c_2017-10,0.0006346503092348318
29849f_2015-04,0.022567489733256337
e2314a_2022-11,0.9831370780236974
83894c_2025-06,0.9854847128918846
90abb1_2023-06,0.8374727639190142
bf6f0d_2015-02,0.006821478644939058
af81b0_2014-07,0.003945662306590791
a97df3_2025-05,0.9272816596508017
90abb1_2023-01,0.9856215357384644
b416b1_2017-10,0.13217553234044538
531356_2017-07,0.21605088017838317
531356_2019-01,0.2147931366891834
439fde_2015-03,0.0066736914545318235
77e86b_2015-10,0.0009495359248954538
1b9e65_2015-08,0.00415999866023115
8005b9_2020-10,0.9788898636870581
bf6f0d_2018-10,0.452297504543889
532867_2024-01,0.03286821196389958
e83244_2020-12,0.985022712186048
1822ea_2016-09,0.003639224199479185
375f2e_2020-08,0.9923168002693261
77b3b9_2024-02,0.9124306236749442
bf6f0d_2021-08,0.11200706687828689
bf6f0d_2024-12,0.9658044292653105
af81b0_2019-03,0.3602852944912057
987bc1_2022-06,0.8584684061116195
6838b9_2025-01,0.988964083838958
c580aa_2019-07,0.9925457390355684
f4604d_2025-04,0.9966085388951723
dc4b5e_2022-07,0.01868933599661827
531356_2020-07,0.9474546823344464
c3a69f_2017-02,0.021475365415151375
a97df3_2022-07,0.047118217886890065
fb737b_2022-12,0.08104012878090634
4ee2d2_2025-06,0.002769895520407665
29849f_2016-11,0.19755944294252997
3db670_2025-03,0.9906719483038907
f4d28d_2024-09,0.01428295272833953
3a13b3_2018-06,0.23960394020443
f4604d_2016-05,0.001791914665204403
f4604d_2021-05,0.9629851753523692
af81b0_2019-07,0.4347542313143562
a97df3_2022-09,0.06966947744128553
bf6f0d_2017-02,0.009522693831040681
99c11c_2017-08,0.003903110432651231
f4604d_2022-03,0.911528581794439
e2314a_2020-11,0.9819989069274232
a97df3_2024-10,0.8776935672200767
9af74c_2014-11,0.0059815052425412196
bf6f0d_2021-06,0.9359351250458517
af81b0_2019-12,0.859836731107798
b416b1_2021-11,0.7303841036294174
f4604d_2015-05,0.006786473404508369
bf6f0d_2021-10,0.3188107884682602
bf6f0d_2024-07,0.6877198107799694
1b9e65_2016-06,0.0026747782424364186
8b98f3_2021-11,0.009736148401070288
c580aa_2024-08,0.9974431703631825
1bdb97_2024-09,0.0652602254466192
bc4c03_2016-10,0.20723116059536223
bf6f0d_2019-09,0.15243409432308566
b73bc7_2019-10,0.9936069742458093
531356_2021-07,0.8399358059872786
e83244_2021-03,0.9897943943424122
1bdb97_2022-05,0.007304202140973327
1bdb97_2022-10,0.005893840165911091
7199cf_2023-10,0.013894956450081779
b644ac_2024-06,0.04211344169075914
88a9a6_2018-03,0.0063787673845197065
4fb2d3_2017-01,0.0740630115736036
1bdb97_2022-12,0.0015084604893335117
60a0fd_2023-01,0.7595963661141524
88a9a6_2020-10,0.4316058859050341
1bdb97_2021-08,0.014974749125113245
db4cd8_2017-02,0.029206385149906523
293190_2026-04,0.9706073890713905
88a9a6_2018-05,0.23538681365432287
b08ec1_2017-01,0.08729888474427097
a25664_2022-09,0.23875637943028197
9b46ed_2016-05,0.002718218011424232
f461d4_2020-03,0.9886611826697724
293190_2019-07,0.3005168950311574
98a151_2024-04,0.7390598685500919
9b46ed_2018-05,0.03535554305332787
293190_2020-07,0.3094234961057078
74fb1f_2019-11,0.10716008111976165
88a9a6_2017-04,0.1622718526187325
4fb2d3_2020-07,0.9753145543874967
829a72_2018-07,0.4903096774089947
9b46ed_2016-12,0.14897734357762582
293190_2024-09,0.9903274085516286
e2e0ce_2017-10,0.25653230364426916
cd0e60_2019-12,0.004381339898055316
e3af0e_2021-12,0.6750223683562808
9b46ed_2019-10,0.4117677996876526
f500c5_2021-12,0.7415666913373192
e7a56d_2017-06,0.09386672028550049
b1de95_2024-09,0.9922959870570239
4f2b6b_2023-02,0.0030099846491607254
f500c5_2018-05,0.11724968465290778
9b46ed_2015-05,0.0012394275868367636
1bdb97_2023-03,0.031181550581965034
293190_2020-04,0.7517189040767793
c5df88_2023-11,0.968850170685606
a25664_2025-04,0.9692414813743042
60a0fd_2020-10,0.9409338237987451
1bdb97_2023-01,0.003367659456720475
cd0e60_2021-03,0.010234434182951316
e3af0e_2021-10,0.9905657326273355
2ab8ad_2019-11,0.18397855643645303
74fb1f_2020-06,0.802251364593213
88a9a6_2019-11,0.09983462315951915
b644ac_2024-09,0.04807683294712544
f1543b_2019-09,0.2895368536710092
9b46ed_2016-02,0.001260356243179342
3a13b3_2015-07,0.004442552353335734
3a13b3_2015-08,0.002421826068077577
92dcdd_2024-05,0.8062823275225298
9b46ed_2019-11,0.4245175840601189
2ab8ad_2016-09,0.0017368448382788432
fc77d0_2019-11,0.9627900450997288
6838b9_2022-02,0.24432502005438536
74fb1f_2020-05,0.8536091769863167
b08ec1_2016-08,0.1104895983362972
cd0e60_2020-05,0.010212582240857129
88a9a6_2020-04,0.28662048092796466
293190_2016-11,0.05321734761893416
e2e0ce_2016-12,0.10114287559912881
c5df88_2020-11,0.9213210763524435
74fb1f_2024-12,0.9746808543172614
92dcdd_2019-08,0.0014213674782569997
92dcdd_2025-03,0.9217122546951185
829a72_2020-03,0.9587838798369693
9b46ed_2018-04,0.11468353550177653
9b46ed_2024-06,0.9787464874447498
293190_2015-09,0.001993736633866558
c5df88_2025-04,0.9801543534223636
7aa803_2018-05,0.09365222133012974
e3af0e_2022-05,0.9456520226652068
7199cf_2024-08,0.014515619547133811
f500c5_2014-05,0.029612717404178448
f500c5_2014-07,0.0029873520442028367
a97df3_2019-08,0.0025871756118519707
f500c5_2015-01,0.004560672717577492
f500c5_2022-12,0.4112687439749949
f500c5_2015-02,0.005029013265526269
5ecf9b_2024-09,0.2698135216647984
1996b0_2023-10,0.0032409953852489126
a97df3_2019-11,0.009472045514166279
829a72_2019-11,0.5387946924640079
7bf5c9_2021-12,0.5336186866588345
cd0e60_2021-09,0.39991404317414053
06534f_2014-11,0.011288821602507501
7bf5c9_2017-06,0.03128828800642127
e2314a_2020-09,0.9617467488992311
b07578_2024-09,0.10624559258457866
b1de95_2017-04,0.34917695543528554
06534f_2016-09,0.18857860078176583
92dcdd_2023-05,0.9140375769624198
fb737b_2020-09,0.011435580430108524
fc77d0_2014-08,0.0024667471421235417
b1de95_2017-05,0.3279125141902977
3db670_2025-07,0.9903530979635373
b73bc7_2014-07,0.020809386580034034
cd0e60_2021-06,0.048406077311331626
e83244_2022-04,0.985531434111961
3db670_2019-07,0.9880906612335705
7bf5c9_2016-04,0.0016229280290510335
fb737b_2020-10,0.005853600880734244
4f2b6b_2025-05,0.06657741257013586
6838b9_2025-04,0.8059362343984561
731908_2016-07,0.014113943489029222
e2314a_2024-02,0.9919730158853746
7a007d_2017-04,0.10579958602864993
c580aa_2025-04,0.9152591621023028
a25664_2021-05,0.9812529426800877
0e8d73_2025-05,0.05404321625101855
e3af0e_2015-10,0.0039869472148658614
f1543b_2022-01,0.3754690204889848
88a9a6_2015-09,0.0023672945621969433
06534f_2015-11,0.0003772958359706815
bc4c03_2015-12,0.003993142135356697
06534f_2015-10,0.0004541863868488976
af81b0_2018-11,0.4296428028699987
e7a56d_2017-01,0.23918488123805287
6838b9_2020-10,0.4750654236972071
5ecf9b_2025-09,0.5797447729842266
bc4c03_2018-03,0.08654274525864128
60a0fd_2016-05,0.008466980853603907
f500c5_2017-06,0.24775807605768765
c580aa_2018-01,0.8980362934212491
d59611_2016-02,0.0018766611440202748
18defd_2015-06,0.0056568970331768555
74b7d1_2017-11,0.008539930111963991
7a007d_2020-02,0.6013040698148364
c580aa_2017-06,0.8210132688623372
92dcdd_2021-02,0.16462044192787265
259a19_2022-03,0.9815394243420119
edda84_2025-02,0.03727205693076622
1996b0_2025-07,0.10399773671633757
18defd_2016-11,0.16699565238674666
7a007d_2021-04,0.8680432130725309
7a007d_2023-11,0.9656684834553944
db4cd8_2021-01,0.9166706571041309
1996b0_2025-06,0.06942894931968903
d59611_2015-12,0.000324282649390443
e7a56d_2016-11,0.14153753915639575
9af74c_2017-10,0.11439121657099627
4718d7_2016-12,0.07009719086054396
5a0174_2024-02,0.9944952326127333
18defd_2016-09,0.06907605217348667
780a0b_2018-02,0.011915618310811607
5a0174_2022-04,0.9706561117118254
8fabe0_2022-02,0.9438584643251097
98a151_2016-05,0.046794892089350726
7a007d_2020-07,0.4297087757408302
3db670_2016-05,0.003054966921319066
f461d4_2025-08,0.9621847098989863
90abb1_2020-04,0.9666167399606496
8d0588_2020-04,0.998889345483866
b0ff51_2022-01,0.9993511810372313
6f5e2b_2018-10,0.4437423198204135
a42d13_2015-09,0.01045058386379033
bf6f0d_2017-07,0.08095345940023056
b0ff51_2017-10,0.9317777434786573
8d0588_2016-11,0.7341303917492983
b0ff51_2015-06,0.031025281980741698
8d0588_2016-06,0.47701446572264766
8d0588_2017-01,0.6990877036581623
a97df3_2022-04,0.03938838007126037
9af74c_2018-10,0.3039174664859273
74fb1f_2015-09,0.0053132876810876185
4fb2d3_2017-08,0.12088582652587905
fb34b4_2022-11,0.01827190955418322
14fe3a_2015-10,0.0027632923590500875
293190_2016-03,0.008128833281110215
77e86b_2017-11,0.192875010851387
a97df3_2023-01,0.055828977254934097
2ab8ad_2015-07,0.005631828495558323
b1de95_2015-09,0.004466757646234102
a97df3_2021-12,0.12298827728814786
293190_2016-01,0.006705657864621891
293190_2015-12,0.0016067496462922794
9af74c_2020-05,0.9978740150717084
259a19_2021-04,0.9911552132294635
4fb2d3_2020-05,0.9444043971648673
fb34b4_2022-03,0.009313650623961873
77b3b9_2016-07,0.14754839851370125
77b3b9_2017-07,0.02038676829349539
1822ea_2020-10,0.9952907146456558
af81b0_2024-05,0.5113355225607379
f500c5_2019-08,0.19216874350953164
1bdb97_2021-07,0.007196619711990954
3a13b3_2019-08,0.9937992019740092
bf6f0d_2021-04,0.9720809194943273
fd589c_2020-08,0.9381717788835371
19fa84_2020-06,0.9704464814884529
19fa84_2020-04,0.9599827324633676
92dcdd_2020-04,0.0004287508093535602
c3a69f_2016-05,0.0018436372576834897
19fa84_2020-05,0.9570916805409528
e4bc80_2018-09,0.4346653500777027
19fa84_2020-08,0.9383827971065881
2ab8ad_2015-11,0.0027302707403344044
439fde_2015-08,0.011632468545274735
0ffc2d_2021-05,0.13342914914000845
3db670_2022-11,0.9962449085938357
bf6f0d_2016-10,0.04400169954283619
9f1aa0_2015-10,0.00374643263370358
987bc1_2015-11,0.003414954917534874
34889b_2016-06,0.1593028724488111
3db670_2025-04,0.9490035912949242
c3a69f_2017-06,0.03153888805019659
0ffc2d_2025-09,0.9761360554512895
4fb2d3_2017-06,0.5194097318354172
987bc1_2015-10,0.0040415857499382524
3db670_2022-12,0.9934382069022443
6c1954_2020-07,0.03637110461924228
a25664_2015-06,0.007644590939449017
6838b9_2018-09,0.0030283853912570764
4fb2d3_2017-03,0.1874246480997565
b416b1_2016-11,0.14303924979912383
e60b65_2020-10,0.9542223196327279
fc77d0_2016-05,0.22460921693659708
11f0e3_2014-11,0.0033038181620433735
987bc1_2015-08,0.052750535190458796
e60b65_2021-04,0.9587716041385258
6224d0_2022-04,0.9891811256862928
e60b65_2021-09,0.9594115761241716
e60b65_2022-05,0.9658154237477173
4fb2d3_2021-03,0.9603357835941673
e60b65_2022-02,0.9628936458052055
b73bc7_2016-08,0.22212831435039831
9befc8_2015-02,0.0011017885526108436
175155_2016-05,0.00387256385538768
175155_2016-11,0.0731954289555467
06534f_2020-07,0.9929208543674177
0f9e86_2014-12,0.001212190139587099
0f9e86_2015-01,0.0007750424494491008
6224d0_2016-12,0.0308078982807463
3a13b3_2017-04,0.07557105847290968
175155_2016-12,0.10896843176415168
6224d0_2017-12,0.04583912561548372
a42d13_2015-12,0.003146684821032415
a42d13_2016-01,0.002561218479528548
6224d0_2018-08,0.2175856096552423
f500c5_2015-07,0.024634536507160482
1698cf_2016-12,0.07333523649967386
d59611_2021-03,0.9390775177234251
1698cf_2016-11,0.11373405774781843
db4cd8_2017-01,0.04902089719476365
6f5e2b_2021-03,0.9332196470595747
8d0588_2015-08,0.008976271711958304
bc4c03_2016-09,0.08420891266225367
14fe3a_2015-08,0.00712573097702257
4718d7_2018-11,0.7987874939513989
a25664_2016-04,0.008020901885637982
db4cd8_2021-02,0.9155161009849727
af81b0_2018-09,0.6730204500280603
3a13b3_2016-05,0.029545532914046903
90abb1_2017-01,0.47880321012613686
90abb1_2025-09,0.9349829689161787
bf6f0d_2017-10,0.13983108085527773
7a007d_2016-04,0.0042207553863861085
c580aa_2017-04,0.7242850373243023
f500c5_2017-10,0.12581782260281008
77b3b9_2017-03,0.13082478590730945
a42d13_2017-10,0.29200300953822234
1b9e65_2016-12,0.1288690674046698
1b9e65_2016-08,0.0031279080447517214
1b9e65_2016-11,0.11114340288651615
1b9e65_2016-09,0.0034284076109631564
bc4c03_2016-05,0.06113785069562729
3db670_2021-02,0.9925006446302888
b1de95_2023-08,0.9943630743740259
3db670_2020-07,0.9855312526800444
b73bc7_2016-06,0.19410325926411345
6f5e2b_2016-09,0.2094085240229169
259a19_2015-09,0.002568134783611745
8005b9_2015-11,0.00595037466493963
77b3b9_2016-11,0.049200986287631726
14fe3a_2016-02,0.003587842915400537
bf6f0d_2018-11,0.35308215131242265
14fe3a_2016-01,0.002225800512098369
14fe3a_2016-03,0.0038930696101132267
7a007d_2017-03,0.15262129738620642
f1543b_2016-10,0.03065763605364092
dc4b5e_2019-04,0.010435531044554178
f1543b_2017-01,0.017107563276306133
8e41cf_2020-05,0.9097532401191528
74fb1f_2017-07,0.010907765148647858
6224d0_2017-07,0.008947207101410528
b416b1_2018-07,0.12049356514800949
b416b1_2018-09,0.07170116287660978
b73bc7_2024-05,0.9888356844048694
19fa84_2015-11,0.001728282497910205
7bf5c9_2018-09,0.42122853720436015
7bf5c9_2018-08,0.3352258486322697
98a151_2017-07,0.30103349566490467
829a72_2017-06,0.1259979847852408
b1de95_2018-02,0.1539398292805762
c48018_2015-06,0.005593627374098304
60a0fd_2017-10,0.1618578367735554
60a0fd_2018-10,0.34204933280152555
98a151_2020-09,0.9837612900587483
60a0fd_2017-08,0.30113877873308187
98a151_2017-01,0.2590178914554338
7bf5c9_2025-11,0.9487335877135327
7bf5c9_2017-01,0.05150449235150919
98a151_2017-11,0.6211376318579519
3a13b3_2017-11,0.13254926141935644
b08ec1_2016-02,0.0009275567511427895
545d15_2023-10,0.9063334501162796
545d15_2021-11,0.06077640874823416
545d15_2025-07,0.9809157768006296
545d15_2022-11,0.44303177999895477
545d15_2023-04,0.8929994217931899
545d15_2021-09,0.07091079236090665
545d15_2023-02,0.8461879218680008
c580aa_2017-05,0.6494780629382321
545d15_2022-06,0.2605446465256841
545d15_2024-08,0.9706916621122933
92dcdd_2018-11,0.012230483377519955
9b3bd5_2025-02,0.01790159902146703
77e86b_2016-06,0.00115743678828356
7bf5c9_2016-01,0.0007001123167154665
a42d13_2017-12,0.1533212817161581
7bf5c9_2016-06,0.053525064061416494
7bf5c9_2017-12,0.013144965032383027
7bf5c9_2017-07,0.18474412029170484
3a13b3_2015-05,0.004408466256350815
531356_2018-08,0.6726954790355044
c5816f_2016-12,0.20171189850721544
3a13b3_2021-08,0.9962522810767528
c580aa_2017-12,0.818483204870712
8ec563_2016-11,0.14289896202116545
06534f_2017-08,0.9022091837239026
f4604d_2017-03,0.4724151206155194
3db670_2021-03,0.9950093400011176
b73bc7_2015-05,0.006425056684850355
c5816f_2020-07,0.9723921492846631
c580aa_2016-08,0.3445793634101947
c580aa_2020-09,0.9974991259466568
b1de95_2022-02,0.9922644826099056
b1de95_2021-12,0.9959247309753583
6224d0_2015-11,0.001054591215768171
db5006_2017-09,0.13882057502240422
6224d0_2016-04,0.001980710667809835
18defd_2017-08,0.07908437147072504
06534f_2018-10,0.964697601848172
0e8d73_2023-04,0.016643026111677936
af81b0_2016-11,0.03287341816961442
f1543b_2016-07,0.11774105335690117
a42d13_2018-07,0.6318230282595527
cd0e60_2023-09,0.42366692457715177
cd0e60_2023-12,0.6619351993601836
cd0e60_2024-08,0.898390754775756
0cecbd_2015-08,0.003781236630739518
7aa803_2017-05,0.05184545524367261
34889b_2021-03,0.9505919625020013
8005b9_2016-04,0.021322955624975184
0874ee_2017-08,0.09243741341499133
8005b9_2016-07,0.04621634816796648
b08ec1_2017-03,0.6078000555920235
b08ec1_2017-05,0.23694862685130036
74b7d1_2015-06,0.008216458488617481
8fabe0_2015-08,0.004934059052281516
e60b65_2017-09,0.08128980290640246
77e86b_2017-05,0.07112516056361033
fc77d0_2016-07,0.38592961548361976
c5df88_2017-10,0.11787955927733607
4fb2d3_2015-10,0.0014348494967090465
4fb2d3_2015-09,0.0029457908734277396
4fb2d3_2015-07,0.008794631329859163
0e8d73_2023-02,0.05753737188208295
0874ee_2016-07,0.1756207234017164
dc4b5e_2021-11,0.850319588023753
34889b_2018-08,0.7719926970112131
dc4b5e_2020-08,0.01295226075330769
a97df3_2022-02,0.3223450747630947
9b46ed_2017-10,0.22001700676600264
b08ec1_2025-09,0.9546957099530385
b08ec1_2020-04,0.9741796022261867
a25664_2015-10,0.004727096460088049
b08ec1_2020-05,0.970849740374644
34889b_2020-09,0.964213271356306
8005b9_2015-05,0.011238763305316228
a97df3_2021-07,0.22279978933356911
74b7d1_2016-05,0.0005209123630478328
a97df3_2021-09,0.1809663888534876
3a13b3_2022-02,0.9773876309142648
af81b0_2017-10,0.21700118506246702
a97df3_2020-05,0.0026045664740389847
99c11c_2025-07,0.929640006705799
a97df3_2021-01,0.013342519424276122
99c11c_2018-10,0.026579341912684948
3a13b3_2022-10,0.9963245674910273
3db670_2016-08,0.007896181151135055
3db670_2017-10,0.6318403883539716
b73bc7_2017-07,0.2931290799802503
894378_2018-08,0.45812906883721227
f461d4_2018-08,0.8592210774573298
8ec563_2020-05,0.9254826893919319
e4bc80_2018-07,0.6663324036199816
0cecbd_2020-06,0.96134746543045
0cecbd_2020-08,0.9373312198331767
60a0fd_2018-09,0.557923300660549
0cecbd_2020-07,0.9435321050057944
e7a56d_2015-12,0.009696753307664376
b0ff51_2015-11,0.003963148730143376
b73bc7_2021-02,0.8477771988505147
c580aa_2022-03,0.9961455412592648
c580aa_2022-06,0.9930271212555271
c580aa_2021-11,0.9957428269310559
06534f_2021-10,0.996663709963282
b73bc7_2020-11,0.9960017168815197
06534f_2020-12,0.9981725293106921
b1de95_2022-09,0.8701613938057682
c580aa_2021-03,0.9911630721924062
af81b0_2022-08,0.9683243420540304
af81b0_2021-12,0.9571897064697652
af81b0_2021-06,0.9430861416972406
293190_2018-10,0.4514534586898856
e7a56d_2020-08,0.9218337699751569
5a0174_2018-09,0.1922679723370641
c48018_2022-08,0.6384266685475076
18defd_2020-06,0.9007687664194322
c48018_2020-11,0.8974418479313165
d59611_2016-07,0.401010236477906
18defd_2021-02,0.670862444943273
c48018_2021-10,0.688539342719088
c48018_2023-01,0.6209207571864802
c48018_2018-08,0.27172349750490526
18defd_2021-10,0.655468310638496
c48018_2022-12,0.63596481303237
db4cd8_2016-07,0.18752874136235273
18defd_2020-07,0.8906127117325356
18defd_2021-03,0.6875999575416378
1698cf_2017-10,0.08041705286968669
c580aa_2015-11,0.001901678487146989
439fde_2022-08,0.9649137585517807
8fabe0_2020-04,0.9745751064357542
90abb1_2016-09,0.34165584087020723
829a72_2021-04,0.9731464041128397
60a0fd_2016-04,0.0024346273946052157
829a72_2016-08,0.03100423318236629
259a19_2017-11,0.09521830401252453
5a0174_2018-10,0.19206499069589447
60a0fd_2016-12,0.032914961998582126
60a0fd_2016-08,0.031055146620707855
8ec563_2017-09,0.28223083590324877
5a0174_2016-06,0.023916079261856925
77e86b_2017-07,0.12628281621161483
e3af0e_2016-02,0.002989747339962577
829a72_2016-10,0.04322998672023209
829a72_2021-01,0.9677879182599538
9af74c_2015-07,0.003540563947245986
e3af0e_2016-06,0.03635775641099158
4718d7_2017-12,0.07303178450770977
f461d4_2016-07,0.02776172566856358
e4bc80_2016-11,0.04298003071790161
db5006_2017-10,0.1924130279784442
98a151_2020-04,0.9598790824169534
0f9e86_2020-05,0.8238112799726592
c48018_2015-08,0.00230074835846367
98a151_2016-07,0.24824510795906063
0f9e86_2020-04,0.8602321365437565
9af74c_2021-03,0.9955968926249796
90abb1_2015-06,0.002823405813846264
fc77d0_2018-08,0.6189017372319077
90abb1_2018-07,0.15231239134494434
9af74c_2016-09,0.2932162849007238
9af74c_2017-01,0.35115831920340573
9af74c_2017-09,0.059371784599130256
fc77d0_2018-09,0.5836243169049543
9af74c_2016-07,0.1795411828404618
424c1b_2024-05,0.027609392734196592
77b3b9_2017-10,0.18255473742988523
b73bc7_2018-09,0.9767242506658811
77b3b9_2016-04,0.003990872841221078
bc4c03_2016-03,0.0007133382248750446
439fde_2020-08,0.9753306106202894
439fde_2021-08,0.9890834646251001
7bf5c9_2015-10,0.0028005120040115075
6da35b_2025-09,0.1784778878150167
99c11c_2016-06,0.0014872273326202244
c3a69f_2020-04,0.9296878650732386
439fde_2022-11,0.9740140583063381
99c11c_2016-11,0.001468951998636354
439fde_2023-02,0.9569959708517195
87cfea_2016-03,0.01222038935396561
c3a69f_2016-03,0.0013412926180422626
7a007d_2016-06,0.015121240277081624
f4604d_2017-09,0.15259675310533277
7a007d_2016-12,0.35645308825364586
0cecbd_2017-03,0.17377070390658603
b73bc7_2017-03,0.6538596718830636
74fb1f_2018-11,0.16923175244413535
e3af0e_2015-12,0.006951011942370203
b1de95_2018-07,0.9484858516403983
3db670_2016-11,0.4601323518469267
259a19_2015-10,0.003594538001112064
b73bc7_2023-12,0.9980101645585554
06534f_2021-11,0.9970718439989558
1698cf_2016-06,0.0054390309085461976
8d0588_2016-01,0.005372745258973869
8d0588_2016-04,0.08053722016526146
a42d13_2017-09,0.34570888774954783
77e86b_2021-06,0.922007479272518
77e86b_2020-11,0.9168217552690483
77e86b_2020-12,0.9031092495835962
74b7d1_2016-09,0.003840625784373636
87cfea_2016-09,0.0014446498391448921
77e86b_2021-10,0.8464956358947928
987bc1_2016-10,0.08047095009162676
439fde_2018-09,0.2420572152455679
987bc1_2016-09,0.05773656780297785
8fabe0_2021-03,0.9955716519728987
83894c_2024-03,0.9698925054725491
513080_2025-09,0.6921171963648731
b416b1_2016-03,0.021368963022867227
b416b1_2016-02,0.013626936768075911
4718d7_2025-04,0.9231926754012838
fb737b_2023-10,0.19327673261861197
f461d4_2022-11,0.8734591519788483
f461d4_2023-12,0.995919548486875
f461d4_2025-03,0.9917024074515398
d59611_2014-04,0.0041476127397211925
90abb1_2022-04,0.9013739621304989
8005b9_2024-05,0.9950114670258535
b08ec1_2018-02,0.009571357239063537
92dcdd_2020-09,0.05829218415810293
29849f_2019-11,0.3677402086191704
e2314a_2024-11,0.9762302948298431
6224d0_2020-02,0.7785206855302119
e60b65_2022-10,0.9618636801974066
f461d4_2024-02,0.8892625372835565
a42d13_2017-02,0.3899060380102627
4fb2d3_2018-03,0.17242335130375078
92dcdd_2020-10,0.1570933896396155
731908_2019-02,0.3836716959708004
11f0e3_2016-01,0.0023996541439338906
e427f8_2023-10,0.006897235414734724
9befc8_2021-10,0.13985278305393783
780a0b_2014-12,0.001351083642648665
780a0b_2016-03,0.0015979187937549153
9cf1af_2023-11,0.004839758799164315
9cf1af_2025-07,0.18281687538533953
532867_2024-11,0.009479362853077992
fb737b_2024-06,0.31179300590167996
1698cf_2025-04,0.9104300407448457
77b3b9_2023-01,0.9776016808146577
8005b9_2018-03,0.036767117240966596
fc77d0_2023-06,0.828492981779892
375f2e_2023-09,0.7853920400951107
af81b0_2024-09,0.9021061597601484
545d15_2019-06,0.009817483512950503
e2314a_2024-06,0.7365789052076515
e83244_2015-06,0.004389489118668822
e60b65_2017-06,0.17294196895439307
a25664_2024-08,0.9594189999195857
1822ea_2025-05,0.9400548103551034
731908_2017-04,0.03018852304984112
731908_2021-11,0.17420169477103098
11f0e3_2022-01,0.25482413230682
a97df3_2024-06,0.8883577138986378
6224d0_2019-02,0.11516745462504133
b416b1_2019-08,0.9155508692528607
bc4c03_2019-03,0.8065788499139144
14fe3a_2023-08,0.9593587225453939
375f2e_2019-11,0.5479572995096393
545d15_2020-12,0.07297994339806936
e2314a_2016-01,0.001384949680881462
c0f884_2025-07,0.024440329617089255
bfbeef_2022-09,0.46522571267875507
b26809_2024-04,0.9081744333694004
dc4b5e_2025-07,0.9937464225500441
780a0b_2021-12,0.4108813274031917
8fb6f0_2014-12,0.002943711019058099
fb737b_2023-07,0.05845023872497861
175155_2021-10,0.8466461215151099
bc4c03_2023-12,0.9580948587437049
db4cd8_2019-08,0.5620871627774799
34889b_2023-12,0.9446114817787704
fc77d0_2024-05,0.9456272601284341
302d40_2025-04,0.18095519357147855
b73bc7_2017-06,0.5365561692442147
987bc1_2022-01,0.9581495784009897
987bc1_2024-04,0.9964040825879837
780a0b_2022-05,0.29341116511829046
8fb6f0_2016-07,0.04810343179020776
8bd3ce_2023-05,0.5739961098381403
8bd3ce_2024-11,0.9976461976200691
0f9e86_2020-01,0.3125257569447807
9cf1af_2023-12,0.0077669190123333155
0ffc2d_2022-12,0.0033435453781272472
6f5e2b_2025-08,0.8858473947136695
175155_2023-02,0.6022398572238059
db4cd8_2019-06,0.21972834263648267
f461d4_2018-03,0.2873205862345431
1698cf_2014-10,0.00397708092564382
1822ea_2019-06,0.2102733792553555
1822ea_2025-02,0.9758185644935974
fc77d0_2024-03,0.9973763486233449
af81b0_2014-09,0.002740502011285856
545d15_2020-04,0.008746492876687606
7a007d_2025-05,0.9071109242467562
29849f_2020-03,0.974063287726534
3a13b3_2020-02,0.9921789847853415
b73bc7_2014-11,0.04738851350596518
e83244_2020-08,0.9542530940896644
6224d0_2024-01,0.9965239954987488
fb737b_2020-12,0.0051138724694515325
6838b9_2022-07,0.6102946719536698
a42d13_2018-06,0.16257408140653445
375f2e_2018-02,0.023476673843778984
9af74c_2025-01,0.9960289645337926
987bc1_2023-11,0.9968196209767167
987bc1_2024-07,0.952988735909226
92dcdd_2020-11,0.07698365976186146
f24317_2025-08,0.045449222849400873
11f0e3_2024-09,0.9908347549984057
e427f8_2022-08,0.002230476648296251
8fb6f0_2015-03,0.0024708187581807756
8fb6f0_2018-04,0.02477769150038172
8bd3ce_2022-03,0.5513867756624742
8bd3ce_2022-06,0.8782178289629403
0f9e86_2015-04,0.0035427256485142783
6224d0_2014-12,0.003485105959208999
fb737b_2022-06,0.08162866910401334
1698cf_2022-04,0.9405059809078362
34889b_2024-07,0.9421652021495659
9af74c_2022-06,0.6351146079071482
92dcdd_2023-07,0.7653816820721465
c580aa_2015-04,0.02352758656992455
3a13b3_2025-08,0.9690766409784601
e2314a_2017-02,0.03315359212255549
e2314a_2019-06,0.8338961081721022
4ee2d2_2024-12,0.001475206995285667
6838b9_2018-07,0.009641849849858946
a42d13_2024-08,0.9514203633735532
1822ea_2019-12,0.9582921877518785
0ffc2d_2023-12,0.3623217300238379
302d40_2025-02,0.23676344068489605
731908_2019-06,0.35819995981765007
780a0b_2023-07,0.17055225635912954
9befc8_2022-09,0.1289642907719267
7199cf_2024-12,0.008837175466043753
4718d7_2022-02,0.9194132367651849
e60b65_2024-07,0.5254827617194003
175155_2021-12,0.9720840874564869
db4cd8_2022-10,0.7955552133191227
db4cd8_2025-04,0.8637199591348369
1698cf_2022-01,0.9603814695622708
34889b_2023-08,0.9034317510913705
b08ec1_2024-06,0.8916591519334114
987bc1_2019-07,0.21675297434033639
4fb2d3_2022-04,0.7724933907924296
e83244_2021-08,0.9863856089393199
6224d0_2017-01,0.01802382878169555
e60b65_2018-12,0.5976270493327694
f25ffe_2025-06,0.18028022752342066
f25ffe_2025-07,0.2399574660478925
1698cf_2022-10,0.8735393122954109
90abb1_2019-03,0.546617971979237
0ffc2d_2019-06,0.005780080023792405
987bc1_2020-10,0.9311288270156213
fc9334_2023-11,0.6331469528526399
b1de95_2024-07,0.9973806865127847
1996b0_2025-05,0.0988171707588451
6f5e2b_2018-05,0.03529129728341126
6f5e2b_2019-11,0.8034793121196461
b416b1_2024-08,0.9671059779625298
d59611_2025-01,0.9453776793931049
8005b9_2024-03,0.9808725644195482
987bc1_2019-12,0.7217852414086003
545d15_2019-04,0.0035160852773833116
7a007d_2024-02,0.2641292051611416
c580aa_2015-02,0.00957800090988665
3db670_2017-02,0.71444264511573
3db670_2019-12,0.9509883996539168
3db670_2020-03,0.9946610190627082
06534f_2017-02,0.3538517821124921
b73bc7_2023-01,0.9896363975892519
bc4c03_2022-05,0.9859784241403476
77b3b9_2019-10,0.9333987438365883
77b3b9_2024-07,0.9270211028563834
0ffc2d_2020-03,0.01658746690617251
987bc1_2019-08,0.14310140137232188
4fb2d3_2024-11,0.9977627161937266
731908_2017-10,0.022734390169254038
6224d0_2024-02,0.8741209909983275
b416b1_2019-03,0.32737805213619015
532867_2025-03,0.006646068003867199
259a19_2019-12,0.9116064628940073
db4cd8_2021-12,0.9014193066382239
77b3b9_2023-08,0.9166439466161762
d59611_2014-09,0.004095137797662757
d59611_2014-11,0.005930494370111268
34889b_2025-06,0.8901370982913961
14fe3a_2023-11,0.966047038814112
6224d0_2024-09,0.8912521239277422
8fabe0_2023-10,0.9769018974929685
fc77d0_2025-05,0.9547694104682903
375f2e_2025-01,0.9972886317616106
731908_2018-02,0.013416745273206711
731908_2020-08,0.9521421611893527
9f1aa0_2019-10,0.1875572695945933
fb737b_2024-07,0.5584702163311748
8fabe0_2024-07,0.821361336487412
6838b9_2019-12,0.15572694427270736
1698cf_2022-05,0.9803859686386295
d59611_2019-06,0.34306577913897013
9af74c_2022-09,0.6500776634205192
af81b0_2018-02,0.03149519478349003
f1543b_2019-12,0.22642307521343036
e83244_2017-09,0.1252132322286916
6224d0_2017-05,0.12931221672165538
175155_2019-03,0.8475723902653113
f461d4_2023-03,0.9779283387761408
f25ffe_2025-04,0.006711415139927213
375f2e_2018-06,0.013713120595533859
4fb2d3_2024-03,0.996430525949228
780a0b_2021-07,0.35574396266090597
0f9e86_2015-02,0.001118505389018391
6224d0_2022-12,0.9609082485965713
0e8d73_2024-02,0.0010254772942494585
fb737b_2023-03,0.13014143216630197
b416b1_2022-02,0.8075866871978623
b416b1_2024-09,0.9529206172009912
b416b1_2024-11,0.9763227242545679
1698cf_2019-08,0.8210243471812132
34889b_2022-04,0.7252425946119371
34889b_2025-08,0.6660216867450293
14fe3a_2014-08,0.00529363698169246
8005b9_2021-05,0.9736590306907802
9af74c_2014-08,0.0106498114860813
7a007d_2024-04,0.2496056482225611
e2314a_2014-10,0.006569177248047044
e83244_2025-07,0.9955835825047028
e60b65_2020-05,0.8758590083689537
4ee2d2_2024-11,0.008486943329370101
a25664_2019-05,0.28164098179537006
424c1b_2024-06,0.015226660658378917
90abb1_2019-12,0.9337665417174936
0ffc2d_2020-10,0.0046041349173058105
987bc1_2020-07,0.8966230458105094
bfbeef_2021-06,0.6772378907988917
dc4b5e_2021-12,0.14942304881391064
dbb709_2024-08,0.12774673549486706
5a0174_2024-04,0.9180638551446316
b416b1_2020-12,0.9683965541301003
b416b1_2021-10,0.89838261721609
b416b1_2023-01,0.38512313215688626
175155_2022-01,0.9760815575507282
b08ec1_2023-09,0.9014441904720905
987bc1_2024-10,0.9378928820848947
175155_2025-07,0.9013603752547321
af81b0_2014-06,0.002860972308555842
06534f_2019-09,0.8904658577626159
f4604d_2024-03,0.9184848994738897
6224d0_2017-11,0.045853285681441765
175155_2018-03,0.19293322919480158
265164_2024-09,0.005215736807276126
375f2e_2018-01,0.06272480814278025
4fb2d3_2021-04,0.9682290278751647
731908_2015-02,0.0005536082066086589
510fbf_2025-05,0.2139234033956725
a97df3_2024-07,0.8686315858949677
780a0b_2015-06,0.002598440394740856
780a0b_2018-06,0.05225306735523736
fc9334_2024-06,0.7612297397639676
dbb709_2023-02,0.0007938736757912148
dbb709_2024-10,0.6217454728620785
259a19_2023-02,0.7696655055004753
a42d13_2025-02,0.9655112227093912
77b3b9_2018-06,0.01318182666241449
af81b0_2024-07,0.5663616119332022
7a007d_2023-12,0.8825892947369584
3a13b3_2014-12,0.01177526015604405
fc77d0_2014-03,0.00695729418078383
f4d28d_2025-01,0.009948915674955643
4fb2d3_2025-01,0.9975311670924064
dc4b5e_2022-03,0.09523556924484533
a97df3_2019-12,0.015870779514668722
a97df3_2022-12,0.06848208284141066
fc9334_2025-06,0.9832094096427282
8fb6f0_2015-08,0.005763800737528489
8fb6f0_2019-08,0.6926862306620022
0f9e86_2017-05,0.06177599488999316
f4604d_2019-02,0.034059865715161355
6224d0_2019-08,0.22964095887514377
8fabe0_2019-06,0.41224918229845053
db4cd8_2023-07,0.9368857856234701
8005b9_2025-01,0.9737288609311531
af81b0_2025-04,0.9616965973357193
af81b0_2025-08,0.9312726680283595
545d15_2021-03,0.10016759678619556
b73bc7_2019-08,0.9795555599628875
532867_2025-01,0.014578956150816882
424c1b_2025-06,0.0031949149216983844
1822ea_2019-11,0.9240747381309303
265164_2023-06,0.008460295444109965
f4d28d_2025-02,0.021592426762111275
375f2e_2025-04,0.9640083325216386
987bc1_2022-12,0.9579344664747936
11f0e3_2025-02,0.7988084845736858
b26809_2025-05,0.9463325883541511
a97df3_2024-05,0.8756233068640376
9befc8_2021-11,0.164963012175299
0f9e86_2019-07,0.4624570262269817
fc9334_2023-05,0.6805100427422907
4718d7_2019-04,0.7774592020254544
4718d7_2021-08,0.963886568983727
0e8d73_2023-06,0.002650385694537949
fb737b_2023-08,0.06361402235649542
e60b65_2025-08,0.8820637302219
8fabe0_2018-04,0.011543836087843706
b416b1_2021-07,0.9504926880088984
1698cf_2023-09,0.9672516090487454
14fe3a_2021-10,0.9540161757997381
b08ec1_2024-01,0.8937597160788917
6838b9_2020-09,0.2819316433038052
11f0e3_2023-12,0.8890729936748301
0f9e86_2024-02,0.563865099171211
9cf1af_2025-04,0.21113789337093314
375f2e_2019-04,0.06432886379635895
4718d7_2018-12,0.7862489637443709
0874ee_2019-03,0.20754774603906465
5a0174_2025-05,0.9441969694209325
d59611_2014-10,0.004163612084454161
3db670_2025-08,0.9670680760034881
e2314a_2023-08,0.9478320226050433
175155_2019-05,0.35212026683657854
175155_2019-08,0.12966543845903764
a25664_2022-08,0.31179337580735567
77b3b9_2024-12,0.978773461932969
9af74c_2024-12,0.9826896715245255
9af74c_2025-03,0.9837961731168028
4fb2d3_2025-06,0.9163428395652374
92dcdd_2019-09,0.0011879106922092538
92dcdd_2022-12,0.814054125984459
8e41cf_2025-08,0.7808751720467452
b26809_2025-03,0.9638077116792473
9befc8_2015-03,0.002423172267656989
0f9e86_2023-03,0.9609926417647806
0e8d73_2024-05,0.001774186107851318
b416b1_2025-01,0.990348847686533
f461d4_2019-10,0.28367370868252756
db4cd8_2014-11,0.004352563131051653
259a19_2023-12,0.9865934365067831
8005b9_2017-02,0.8005291951920562
8005b9_2018-05,0.018332585530648
375f2e_2024-09,0.9491973200910664
af81b0_2017-08,0.15446496649842592
3db670_2018-03,0.8737425273328993
06534f_2022-11,0.9968007617611994
06534f_2023-11,0.9608123121575565
b73bc7_2014-04,0.008182276818437166
b73bc7_2015-04,0.045099314175718296
b73bc7_2018-12,0.8780083988464064
175155_2022-02,0.7015183273461425
bc4c03_2022-11,0.9825237564629874
a25664_2021-06,0.9834217923040947
987bc1_2015-09,0.01293841163104099
302d40_2023-12,0.007723750766954674
d86999_2015-03,0.0023440785886490964
d86999_2021-03,0.8590935958400157
dbb709_2023-11,0.011584885801230764
dbb709_2024-03,0.07141869680385536
6f5e2b_2021-09,0.8700573704746224
b416b1_2017-06,0.6621332748382082
4f2b6b_2025-02,0.07647336370470463
77b3b9_2019-06,0.31418247520245096
90abb1_2014-07,0.017543573038692722
90abb1_2014-12,0.005811923783586712
34889b_2021-12,0.37348152759794756
b08ec1_2014-12,0.00517789288023285
b08ec1_2019-11,0.24140978052075943
4fb2d3_2023-07,0.8728785953019172
7a007d_2018-12,0.06788912701144009
29849f_2024-07,0.9560012382609858
29849f_2024-10,0.9892692867192916
06534f_2023-04,0.981636813178952
3a13b3_2018-03,0.18413952399586145
f4604d_2024-11,0.9412815829681108
e2314a_2016-10,0.09318900741646166
6224d0_2016-09,0.10766004429550646
6224d0_2022-01,0.9832991363747551
e60b65_2014-05,0.008697712829691263
77b3b9_2022-03,0.9960295696139795
fc77d0_2014-11,0.005863611354987271
302d40_2024-09,0.21742668452618466
dbb709_2025-08,0.15024839596985373
0f9e86_2024-05,0.5983913195216191
29849f_2019-08,0.12019308570486668
4718d7_2019-08,0.775087137663845
fb737b_2024-04,0.19501805847547057
bc4c03_2024-02,0.9007001017827232
d59611_2025-06,0.5647734060201804
1822ea_2022-10,0.9086190095101639
375f2e_2021-10,0.9819967621196861
af81b0_2018-04,0.27292125055126265
29849f_2023-07,0.5803509592587198
b1de95_2014-12,0.006630785542923253
e83244_2018-04,0.0528077181326856
1822ea_2020-03,0.9912682051850882
0ffc2d_2020-09,0.0019336606669253318
987bc1_2025-02,0.9981083052622399
92dcdd_2025-05,0.8753501958875354
731908_2017-06,0.15081010983286902
bfbeef_2023-07,0.9006985992317741
b26809_2022-05,0.5756482868151528
dc4b5e_2023-11,0.9184060215078089
9f1aa0_2024-02,0.5959736729052869
dbb709_2023-12,0.03075103307529503
8bd3ce_2023-06,0.43982606904537325
6224d0_2022-03,0.9836654429617989
8fabe0_2018-12,0.2516423244626955
bc4c03_2021-10,0.9627088987742572
92dcdd_2019-11,0.002973881558191571
af81b0_2024-10,0.7439422454912636
f4604d_2019-08,0.18397100017187773
e2314a_2025-02,0.8739549963935019
a25664_2020-05,0.9618054630992255
1822ea_2023-09,0.8104370175028289
375f2e_2015-01,0.001192441727035038
8e41cf_2023-02,0.5786879480018674
11f0e3_2023-02,0.5537514132477562
780a0b_2020-01,0.35900658978139344
8fb6f0_2015-12,0.0012633095805467034
8fb6f0_2024-09,0.652185868566543
175155_2022-12,0.8929322773016759
6838b9_2022-12,0.9465575775748749
db4cd8_2014-06,0.0045395222940183555
1698cf_2021-11,0.9843776087816766
34889b_2023-05,0.7375815336957178
b73bc7_2016-10,0.20448456600700754
f4604d_2015-01,0.006632447869637753
f4604d_2024-04,0.8658022828065073
531356_2015-03,0.0034067345872452093
e83244_2020-09,0.9672951438080021
e60b65_2019-07,0.818509360028508
bc4c03_2025-07,0.9692130272370927
90abb1_2024-10,0.9539499702503207
1822ea_2022-04,0.9388672474892815
fc77d0_2025-01,0.9982986081338948
265164_2024-08,0.004595416515087204
8e41cf_2023-10,0.8334422188163143
9befc8_2016-07,0.006893660878631742
8bd3ce_2022-09,0.33105702160328254
5a0174_2019-08,0.6785889117369662
8fabe0_2020-07,0.9768572934202903
bc4c03_2014-05,0.030627454828575894
34889b_2019-09,0.4898149561919133
e83244_2018-10,0.022738251055555627
6224d0_2014-05,0.021570407330098757
175155_2016-10,0.060060573095057156
731908_2017-01,0.020092019599596906
b26809_2024-01,0.9309362052680838
780a0b_2019-12,0.40746088550069975
8bd3ce_2023-09,0.7009710860277402
0f9e86_2015-08,0.0038254076875073486
1822ea_2015-03,0.002218979627971898
4fb2d3_2023-09,0.816607741198634
8fabe0_2019-11,0.8847712944684375
b416b1_2020-07,0.9629914153712755
edda84_2025-03,0.03871048507027645
77b3b9_2014-07,0.011146555603504587
29849f_2023-04,0.48536978333572983
022433_2025-08,0.7960437632618956
e2314a_2018-01,0.06686662853820191
e83244_2023-08,0.848299532653944
e83244_2025-04,0.9859192814061374
8fabe0_2022-08,0.9630316501469591
f25ffe_2023-05,0.0075597683509776
77b3b9_2019-02,0.43720102211103906
1822ea_2025-01,0.9988333669866302
0ffc2d_2023-01,0.005448074389435523
0ffc2d_2023-11,0.5332120742691058
265164_2025-08,0.11797468733895163
9af74c_2024-09,0.8995503890660329
731908_2015-11,0.0014278474076503203
d86999_2021-12,0.4349036357245822
9f1aa0_2021-07,0.23145062047801482
780a0b_2022-12,0.3228766760865405
fb737b_2024-08,0.5568867055728038
b416b1_2019-07,0.47094621429171823
d59611_2023-05,0.943858599753549
af81b0_2019-11,0.8978655000364827
531356_2017-06,0.10056256778989017
175155_2014-12,0.004013957602455628
259a19_2024-09,0.7995652765969145
424c1b_2024-08,0.00410176913597181
90abb1_2025-04,0.96664098966399
0ffc2d_2019-07,0.01030776327311038
375f2e_2017-02,0.05260268509721102
8fb6f0_2018-06,0.08315563927137942
0f9e86_2025-08,0.3945890636229528
34889b_2021-08,0.9770600172732988
8005b9_2015-04,0.039193813474791526
b1de95_2024-08,0.9956822117305076
06534f_2025-01,0.9508787334776387
022433_2025-06,0.6925044483024222
e2314a_2018-11,0.16626947449193874
175155_2019-06,0.19415521829076082
1822ea_2020-02,0.9031787539967916
9af74c_2023-09,0.8324248890441824
4fb2d3_2021-09,0.9419424038119094
302d40_2024-04,0.07075887760874472
731908_2018-11,0.17292216603911356
d86999_2018-08,0.35091069038019373
e427f8_2023-06,0.0042422073582639944
dc4b5e_2025-01,0.9075895206097908
9befc8_2021-03,0.6918973394152672
fc9334_2024-05,0.7945260976107288
8bd3ce_2019-02,0.05536534709312547
b26809_2025-06,0.8108799384300176
c48018_2023-07,0.3576793275233588
bfbeef_2018-07,0.33566167197941904
8fb6f0_2024-06,0.674776187438641
8bd3ce_2018-01,0.006607838082374042
8fb6f0_2020-08,0.8228160255353598
bfbeef_2025-02,0.6288079991847099
fc9334_2020-04,0.9298527833087447
8e41cf_2021-09,0.24111941982504284
18defd_2014-11,0.013478211419109975
18defd_2019-01,0.20295450780516017
18defd_2024-01,0.48950229703339704
8e41cf_2018-11,0.020810972644026652
8e41cf_2021-05,0.4309075065406941
b26809_2014-04,0.009419949625397129
18defd_2019-03,0.32994844327776585
e7a56d_2021-11,0.9276605378987137
bfbeef_2022-06,0.7870985493297263
b26809_2019-02,0.4279396975814542
fc9334_2018-01,0.01602079014413773
0f9e86_2017-02,0.05036344823883849
8e41cf_2017-02,0.028237247472021353
8e41cf_2023-05,0.7249905662521348
b26809_2020-09,0.9164368731757375
bfbeef_2018-06,0.21065444925910276
74b7d1_2024-12,0.6616485213608683
6c1954_2024-09,0.9376134511409348
fc9334_2019-02,0.2687850756769989
e7a56d_2018-12,0.2662457020604033
e7a56d_2023-03,0.6424817410584676
8fb6f0_2020-09,0.7133023359560231
fc9334_2017-03,0.033265107622176555
fc9334_2024-11,0.9944937819726989
731908_2022-08,0.37723310071596067
b26809_2021-01,0.4933772119295765
8fb6f0_2022-05,0.8905899359980589
bfbeef_2021-09,0.5296644637591905
8bd3ce_2015-10,0.003403147770250569
8bd3ce_2021-02,0.7327040016297016
bfbeef_2024-03,0.7871732302314183
e7a56d_2024-04,0.9617974738316987
8bd3ce_2017-06,0.2707750188995332
dc4b5e_2019-10,0.0019914189010680674
dc4b5e_2024-01,0.8744439518478409
780a0b_2022-03,0.3853738590138129
8bd3ce_2018-11,0.010379746752919075
b26809_2015-07,0.0038173542531905595
8bd3ce_2021-09,0.24210603354719268
e7a56d_2023-09,0.9151171493124628
fc9334_2022-05,0.8917326632409505
18defd_2014-05,0.009910180315560124
8bd3ce_2016-05,0.001743827438836542
bfbeef_2024-09,0.5004888468472058
6c1954_2023-08,0.2842829098363751
fc9334_2019-09,0.365177812693242
8bd3ce_2018-05,0.02423161952180802
8e41cf_2016-03,0.002851874778904437
8fb6f0_2024-04,0.80632056398398
8e41cf_2019-06,0.3301817314440872
8e41cf_2020-03,0.4017529068971436
dc4b5e_2023-12,0.8936497264794655
d86999_2015-12,0.03241988008551324
8bd3ce_2018-12,0.011275738525221384
8e41cf_2023-03,0.7444772300447419
e7a56d_2023-12,0.915032570808177
780a0b_2018-04,0.0673351018808087
b26809_2018-02,0.02146287340188251
6c1954_2023-04,0.026785844789679925
780a0b_2017-04,0.10879674028172287
fc9334_2023-10,0.5889816631336653
8fb6f0_2022-09,0.43796414999200456
8e41cf_2017-11,0.2004521028766781
bfbeef_2025-04,0.8007409166524203
b26809_2017-11,0.018806820370312678
18defd_2023-09,0.47334958509221425
bfbeef_2025-05,0.8902225591406374
c48018_2018-12,0.18187946362491195
a97df3_2023-10,0.7003803344943902
8bd3ce_2020-04,0.9476870120767854
b26809_2018-01,0.016286122944269576
fc9334_2021-07,0.2010099956327031
18defd_2025-07,0.9027923770910706
780a0b_2017-03,0.0387963308478964
731908_2021-07,0.12457636516912661
780a0b_2022-01,0.3465628177618323
18defd_2024-02,0.3570134361616994
c48018_2025-02,0.9593709445925853
780a0b_2023-03,0.4129703218761775
8bd3ce_2020-01,0.44244157451680444
8e41cf_2023-04,0.6451468635917509
731908_2016-11,0.025431913721874838
731908_2024-03,0.5365200624598159
c48018_2024-11,0.9969428969101961
bfbeef_2020-11,0.5817674461403978
bfbeef_2023-12,0.7486916105016119
8e41cf_2015-04,0.002651753519173814
8bd3ce_2016-06,0.0027763502437826554
731908_2018-05,0.2780740716420069
bfbeef_2018-12,0.3270417448815611
14fe3a_2022-07,0.9436752451188701
fc9334_2016-10,0.0032633505118935305
8fb6f0_2022-08,0.6091077814173101
731908_2022-10,0.4664415592161049
b26809_2020-06,0.902530581717871
b26809_2021-04,0.24522855270388091
0874ee_2018-01,0.04987793821400086
b26809_2016-04,0.05944271245431223
731908_2014-11,0.0017354989213347524
b26809_2023-09,0.6667955304345431
c48018_2023-04,0.18330236287043777
9f1aa0_2016-02,0.008414029674677774
b07578_2024-12,0.034307664819424835
f461d4_2020-01,0.9686210306754002
90abb1_2017-06,0.031354398384982406
259a19_2024-05,0.9943011292816942
7a007d_2014-11,0.006604928140551222
6f5e2b_2021-12,0.9802801521759873
510fbf_2023-12,0.10634567959167271
f500c5_2022-06,0.8516662246325131
513080_2023-11,0.02055569181423335
bc4c03_2023-08,0.9938060540369827
f500c5_2022-05,0.8800449155354636
6c1954_2022-08,0.034318216245258194
d59611_2016-10,0.40314470034496874
b644ac_2025-06,0.04395560046262918
5a0174_2019-01,0.5263007934076948
db4cd8_2020-11,0.8759295619372499
bc4c03_2023-07,0.9023938113546852
7bf5c9_2015-04,0.002388803808603071
6c1954_2023-05,0.040303572073146714
e60b65_2015-02,0.002166353150825467
edda84_2025-08,0.026730550465008513
4f2b6b_2022-06,0.016572300284982938
9cf1af_2024-02,0.08573903983530813
34889b_2019-05,0.2677919550303244
14fe3a_2016-09,0.32462059764492435
14fe3a_2019-10,0.4440030053242755
f24317_2025-07,0.0493327188231927
77c35f_2024-01,0.0027061385078703394
6f5e2b_2019-08,0.9516956272379324
259a19_2017-03,0.11260717957683733
77b3b9_2018-10,0.5937076403685088
f1543b_2020-11,0.37943862542127843
f500c5_2019-01,0.30459280759925955
f461d4_2020-09,0.9540395400638234
b07578_2025-04,0.053275007332642
5a0174_2020-09,0.9752929981200592
6c1954_2021-11,0.05856985258634096
9f1aa0_2016-08,0.1514852071344671
9f1aa0_2025-01,0.40603231031283926
510fbf_2024-07,0.5556738792271352
bf6f0d_2014-08,0.011100995160383155
510fbf_2025-02,0.08183628815280976
6f5e2b_2020-02,0.7061553108087215
259a19_2017-02,0.0579384604843664
259a19_2024-11,0.9608554184977219
db4cd8_2017-05,0.24379206312178767
f4d28d_2024-06,0.06818236680882105
77b3b9_2018-03,0.21037333588424229
948a11_2022-07,0.003333461584674184
6c1954_2024-10,0.8990035435459824
9f1aa0_2015-11,0.005039388571890883
9f1aa0_2025-07,0.5521502715183693
fa8553_2023-04,0.009455352098359645
510fbf_2025-03,0.12367467341113578
513080_2025-06,0.4911522252097503
d59611_2022-09,0.9110546008660027
bc4c03_2014-09,0.027263053330527504
1822ea_2015-02,0.0018851887099891418
f461d4_2021-08,0.8614005774706903
d86999_2025-08,0.7822057045257309
1698cf_2016-10,0.10536155782270537
4718d7_2018-10,0.6674660892840447
6f5e2b_2019-02,0.9507033665440109
f461d4_2024-05,0.9703727325950823
fb34b4_2025-06,0.05018944032147049
510fbf_2022-03,0.004455616371499425
510fbf_2023-10,0.0247774409234125
513080_2022-11,0.009581050593047681
bc4c03_2014-08,0.04527281960236847
259a19_2019-11,0.7730961306968986
9f1aa0_2018-07,0.4844821358648809
9f1aa0_2024-11,0.5910282591037959
b644ac_2025-01,0.016475575839876317
90abb1_2019-01,0.5966899690190237
fa8553_2021-07,0.01378220449949208
510fbf_2022-04,0.005146976121143312
513080_2025-07,0.7669480103524975
b07578_2024-10,0.06230119594384165
77c35f_2024-02,0.007007596065106125
9f1aa0_2015-12,0.004127953694274175
513080_2025-01,0.1740224078195461
fc77d0_2020-07,0.8944335588717148
7bf5c9_2020-11,0.48313218805144714
6c1954_2021-10,0.038538876256147256
9af74c_2015-03,0.002181512737544776
bf6f0d_2024-09,0.8194022108525612
bc4c03_2024-11,0.9719264292915071
9f1aa0_2024-05,0.359052048275762
fa8553_2021-06,0.01124222549670325
fa8553_2023-09,0.1661293043161228
4f2b6b_2022-10,0.03330131193406654
f500c5_2024-08,0.7178263406820931
e427f8_2022-09,0.002034582450427782
510fbf_2022-08,0.009253005078314096
d59611_2025-09,0.9300271655919883
14fe3a_2024-09,0.9830779561097637
4718d7_2021-12,0.9757095141067388
7199cf_2025-05,0.02578838375051118
fa8553_2023-12,0.07276737544879171
d59611_2022-12,0.8463536467792953
14fe3a_2019-07,0.4846132326677572
5a0174_2024-07,0.8572769450269784
7bf5c9_2020-05,0.4690897904667539
9f1aa0_2022-08,0.379175267796719
1698cf_2015-08,0.011012457223243153
513080_2022-02,0.009035205920834124
513080_2025-02,0.1542300244708543
d59611_2016-12,0.2410277216577969
5a0174_2016-10,0.22808772676779263
7bf5c9_2014-11,0.0007449561850787114
f1543b_2022-02,0.8584069932272664
375f2e_2017-04,0.045930202335417634
db4cd8_2020-02,0.3594807694830466
0cecbd_2024-01,0.7961153772046787
db5006_2015-11,0.0026014592605522824
1822ea_2017-08,0.1520023818663706
bfbeef_2016-09,0.015157895070484356
0cecbd_2020-12,0.9834392259523385
11f0e3_2016-07,0.013591234726937023
8fb6f0_2020-05,0.9224278792807171
bfbeef_2015-06,0.016166491716613066
0cecbd_2022-01,0.951501775466201
bfbeef_2015-11,0.0052083330788552755
0cecbd_2015-02,0.0017686514787827133
8fb6f0_2023-07,0.5466914265582153
0f9e86_2016-07,0.006354258626101788
780a0b_2020-05,0.9757818289772914
11f0e3_2018-08,0.08197845872291123
0cecbd_2024-02,0.7940372353859122
bfbeef_2016-01,0.004711933635622227
1822ea_2020-11,0.9938046678920219
375f2e_2017-06,0.2313300791354749
8fb6f0_2018-07,0.13388779310533483
8fb6f0_2019-06,0.6516804715699817
0cecbd_2017-06,0.2621837412775715
731908_2019-05,0.30357092162552174
bfbeef_2015-01,0.0013073038992122462
bfbeef_2019-04,0.1401759557185896
11f0e3_2019-04,0.2458042938687233
9f1aa0_2024-07,0.6214980074079347
0cecbd_2022-10,0.8699144954768339
0cecbd_2024-05,0.9343973039488025
3db670_2018-10,0.981727224730289
175155_2022-06,0.7094822646660596
e60b65_2024-04,0.7374069673627854
4f2b6b_2023-10,0.0048188878881869806
4f2b6b_2025-04,0.044512609521819596
4f2b6b_2025-07,0.03510149192139725
e3af0e_2014-12,0.005303711122225652
e3af0e_2017-03,0.06099747717118068
829a72_2015-02,0.0022176601470210765
829a72_2014-09,0.012419219866975476
60a0fd_2018-03,0.2627127987982206
14fe3a_2019-12,0.9127368559240088
98a151_2015-01,0.0011102962285929048
c3a69f_2015-08,0.0007869705335150659
4f2b6b_2023-07,0.0015052656009158132
894378_2024-09,0.8875972567687742
6c1954_2024-06,0.8797451934136931
bc4c03_2017-05,0.4152581140714841
829a72_2014-07,0.0026198207645319912
90abb1_2017-02,0.293486073067297
7aa803_2019-12,0.18004244179939863
7aa803_2025-07,0.9692047476278195
9b46ed_2023-10,0.5503280600523592
60a0fd_2025-02,0.6882383537618895
e3af0e_2020-12,0.9665067362915734
db5006_2019-03,0.1689167428691792
7bf5c9_2023-08,0.6856261599728793
e2e0ce_2018-01,0.1377546370662689
2ab8ad_2021-04,0.7306741529499321
2ab8ad_2024-12,0.9460401036277971
7aa803_2020-09,0.306882748495536
e3af0e_2024-08,0.8318949007565107
948a11_2023-10,0.0030655194935566665
293190_2023-06,0.5514131869079446
e2e0ce_2022-10,0.7627970621290091
2ab8ad_2025-06,0.9832229651620054
7aa803_2021-06,0.7094656538956388
7bf5c9_2015-01,0.0007751182103962546
88a9a6_2018-02,0.02395981674908767
7bf5c9_2018-02,0.04710992877882075
c580aa_2020-02,0.9723872364681319
7a007d_2019-10,0.5438140159729681
e2e0ce_2022-03,0.9014690313166126
88a9a6_2021-05,0.917837716302208
9b46ed_2019-02,0.02450053619410926
7bf5c9_2021-01,0.41480651860005746
94f933_2025-06,0.04466102846631761
e2e0ce_2019-03,0.08778154126978528
88a9a6_2025-07,0.44988264832754976
88a9a6_2024-12,0.9531678351524504
e3af0e_2023-03,0.6532895203214718
293190_2014-12,0.009739583736165305
293190_2023-05,0.4406513554909985
e2e0ce_2016-03,0.006532846402294488
e2e0ce_2024-02,0.8994009101359594
9b46ed_2019-04,0.21569760141974467
2ab8ad_2020-04,0.43431668991891126
2ab8ad_2022-06,0.9127564597800052
2ab8ad_2024-10,0.9493523708319564
c5df88_2021-12,0.23362233719294961
74fb1f_2018-01,0.11629085880457372
7aa803_2023-11,0.81826868562804
e2e0ce_2015-03,0.014518748467145712
88a9a6_2023-03,0.683264525849213
f500c5_2023-11,0.5733700847992267
bf6f0d_2020-08,0.8462595337817064
e2e0ce_2025-03,0.9967711794804098
c5df88_2021-03,0.28776020465438684
74fb1f_2019-03,0.1323028823930692
60a0fd_2019-10,0.8184819255659588
60a0fd_2024-11,0.8343514765536817
7bf5c9_2019-08,0.8991629972476584
6f5e2b_2021-10,0.8237826277994288
293190_2024-03,0.9352482541685142
88a9a6_2019-06,0.07667059271989456
60a0fd_2022-11,0.5245508977491791
60a0fd_2024-12,0.8592021343088486
db5006_2019-05,0.6067393174275116
293190_2014-07,0.030344208758150693
c5df88_2014-09,0.013658483963490207
7aa803_2019-11,0.10864517842451113
88a9a6_2022-10,0.34380402413721506
98a151_2022-01,0.8288897617181447
7bf5c9_2020-02,0.2859757537772761
fb34b4_2025-04,0.3423085391176559
1bdb97_2022-06,0.005096558436869235
5a0174_2021-07,0.9858612363861383
e2e0ce_2021-09,0.924090929944286
9b46ed_2019-01,0.056270728774008155
9b46ed_2022-02,0.1567665789729601
829a72_2022-12,0.35123604609839354
7bf5c9_2014-10,0.0033202955084527595
1bdb97_2025-05,0.02497791788404335
e2e0ce_2016-04,0.004647766546216398
7aa803_2015-03,0.0076878893994393035
e2e0ce_2022-05,0.7795080670080455
2ab8ad_2021-05,0.984271198976311
c5df88_2018-02,0.0348202062223515
74fb1f_2022-11,0.7441879771972784
e2e0ce_2025-05,0.9504327099083886
2ab8ad_2023-01,0.8614893792145318
c5df88_2022-04,0.19937119367991768
7aa803_2021-12,0.22525151704945132
293190_2023-07,0.7036991737383712
88a9a6_2023-11,0.2694538222694866
2ab8ad_2022-02,0.9288221821204312
2ab8ad_2023-03,0.908222017773978
7aa803_2022-09,0.10828228751269561
98a151_2024-09,0.8104236222442018
829a72_2023-06,0.4958003917471496
db5006_2018-05,0.02115101695846952
7bf5c9_2019-09,0.5443323514168643
c580aa_2019-01,0.9595100275032167
293190_2022-05,0.6273614474625198
7aa803_2024-03,0.9603128574998613
2ab8ad_2020-02,0.5323638485501637
88a9a6_2025-08,0.4758196767544942
9b46ed_2022-10,0.19022131907892292
9b46ed_2024-10,0.5082325764879397
98a151_2018-12,0.36271235631114834
e3af0e_2024-07,0.7770082107702588
7bf5c9_2025-04,0.9214948086145563
f500c5_2024-12,0.6306200239052021
cd0e60_2021-08,0.08342513459081227
c5df88_2023-02,0.2658451965387694
7aa803_2019-10,0.08589497265387284
88a9a6_2019-08,0.03545021952596402
88a9a6_2025-01,0.9587200314704347
18defd_2024-09,0.8724491131107192
db5006_2017-04,0.17531915405819629
531356_2021-01,0.9818026796901448
b07578_2025-05,0.06088844997313014
e7a56d_2024-03,0.9860247973192452
8fabe0_2018-02,0.03169969756566094
18defd_2020-01,0.6342237263262307
1b9e65_2020-04,0.9418886127791541
e7a56d_2014-09,0.014565430369143128
5a0174_2017-12,0.019962391043775476
e7a56d_2020-01,0.5159970873197725
db5006_2025-02,0.6770085987836924
1b9e65_2017-01,0.2858956729134151
1b9e65_2019-11,0.6913588476022156
1b9e65_2023-10,0.9603582833046733
e7a56d_2019-04,0.21183762201794637
4718d7_2017-02,0.054627950522081296
db5006_2015-05,0.017510239296521034
db5006_2024-09,0.9381877023547391
1b9e65_2016-10,0.006394945925480709
f461d4_2023-11,0.9944693003061402
1698cf_2024-11,0.8816522150135235
4718d7_2014-10,0.0022777560321626217
db5006_2022-10,0.7545688897856123
db5006_2023-08,0.8530404793136949
e7a56d_2020-12,0.8749331568360883
1b9e65_2025-03,0.5868220581390915
cd0e60_2022-12,0.0060924139033029755
1b9e65_2023-07,0.7000186742239488
0ffc2d_2025-01,0.8972648956290928
cd0e60_2023-01,0.00689184753648741
db5006_2020-09,0.9152079337549178
c48018_2015-02,0.005687313461954641
a42d13_2014-09,0.003174876624850827
4718d7_2025-09,0.9806121280344563
29849f_2024-05,0.8976553171197384
94f933_2023-09,0.0010470704798666228
18defd_2014-10,0.011229188986939514
db5006_2015-03,0.005131531541860986
db5006_2022-11,0.6477004906139127
29849f_2014-10,0.007759426153349448
1698cf_2017-04,0.13905588944968994
f1543b_2021-08,0.9940075923440493
db5006_2017-07,0.16794025244955368
db5006_2018-01,0.0794356612928432
db5006_2023-09,0.9621450325358755
db5006_2024-02,0.6537269579019386
db5006_2024-04,0.8319118276769897
db5006_2024-05,0.8578624319865662
8fabe0_2019-09,0.9060038990369813
18defd_2019-04,0.6257500307071109
c48018_2019-07,0.4251849593948108
531356_2022-10,0.5005135068943052
1b9e65_2021-10,0.9519975351345477
db5006_2019-12,0.49353036300388264
531356_2014-11,0.0034685314169560534
fc77d0_2021-01,0.9298528867806857
1822ea_2017-10,0.2696181126766764
022433_2023-08,0.10571368281971871
0874ee_2020-12,0.8063774690430385
e4bc80_2023-03,0.46346689483328807
e361b7_2020-09,0.7791669399891136
c3a69f_2022-01,0.787216342250697
c3a69f_2022-10,0.9383698065068297
c3a69f_2024-07,0.389317890538332
e361b7_2021-08,0.7567479519689735
b1de95_2022-01,0.9946057875306856
439fde_2025-02,0.827303965382441
894378_2021-01,0.2957886492416769
19fa84_2024-01,0.9302405039054006
fd589c_2025-06,0.9153075511495709
259a19_2020-08,0.963205658689632
3a13b3_2020-09,0.9959799511828767
b73bc7_2025-01,0.9969425587763765
6f5e2b_2016-07,0.1846171155646647
e361b7_2024-11,0.8031674771423635
fd589c_2024-07,0.7079030103271332
e361b7_2022-07,0.4696945798841955
f1543b_2019-02,0.061244849079979034
3db670_2020-10,0.9964132088882124
6f5e2b_2016-10,0.30724794153300866
894378_2020-10,0.8944920729323331
e361b7_2021-07,0.8942915571644289
e361b7_2024-08,0.8387374312612905
8ec563_2023-10,0.982294804389093
19fa84_2021-08,0.8026182909172271
fd589c_2024-04,0.9546572362779068
e4bc80_2023-12,0.721490628198645
74b7d1_2025-06,0.5093505661228646
74b7d1_2025-08,0.9808679704044448
c5816f_2021-10,0.7307013483260517
e361b7_2025-03,0.9265338009329127
439fde_2023-12,0.282867496620456
fd589c_2021-03,0.9316047971408024
fd589c_2023-01,0.634736803225038
fd589c_2025-07,0.8732048589971422
e361b7_2022-03,0.8488724521326009
e2e0ce_2024-01,0.9304146619813448
c5816f_2021-02,0.692100559630792
19fa84_2023-08,0.5504538206795151
fd589c_2022-05,0.2284126976562823
e361b7_2024-07,0.9682292369227552
e4bc80_2025-03,0.933785389355137
fd589c_2022-08,0.24920093122884956
429b22_2025-01,0.005834228165830484
77e86b_2024-11,0.8902317465647427
8ec563_2019-08,0.9157442589443616
60b690_2025-08,0.011076294424787286
8ec563_2023-05,0.9642614529946157
e361b7_2023-03,0.7982251546206859
894378_2022-01,0.4421730874307074
894378_2024-05,0.8748314168190514
0874ee_2021-04,0.9075780103124105
60b690_2025-07,0.015508610072485794
c5816f_2022-02,0.6406390338373824
29849f_2016-05,0.0038598555328906623
c3a69f_2021-08,0.8715171036814403
894378_2023-02,0.5985330985749782
fd589c_2025-05,0.9447802973446249
e361b7_2021-06,0.9093400016079645
7bf5c9_2023-07,0.7008656665409919
7bf5c9_2025-03,0.6733967854374184
3db670_2020-06,0.9877561089134593
fd589c_2022-01,0.23746418110080525
e4bc80_2024-01,0.7538132952958531
e361b7_2021-10,0.5421977761583554
e4bc80_2019-07,0.9229395748448943
f461d4_2024-12,0.9699078966586702
9b3bd5_2025-08,0.0031919217234609902
c5816f_2021-08,0.9125714050321431
c5816f_2023-01,0.7644646077208197
e4bc80_2021-01,0.8064996152343189
894378_2019-10,0.4286720739767044
fd589c_2019-11,0.4394430010044818
fd589c_2023-10,0.9019042224246153
e361b7_2022-09,0.4193911290580753
f1543b_2015-01,0.0011862102250311882
439fde_2018-01,0.014698858142930482
8ec563_2021-07,0.7339243127347475
19fa84_2024-12,0.8804263034788216
e4bc80_2021-09,0.26093683330246153
d59611_2015-10,0.004239534953986998
cd0e60_2020-06,0.010060263671593236
14fe3a_2016-12,0.4696077885194115
88a9a6_2016-01,0.0023138559325312277
bf6f0d_2020-03,0.9839642867966537
db4cd8_2015-06,0.002544838267614201
d59611_2018-11,0.6431330866117789
14fe3a_2018-09,0.6804333987795439
bf6f0d_2021-11,0.9513102056558342
77e86b_2023-08,0.6630663651682596
77b3b9_2016-10,0.17436943990433817
14fe3a_2016-11,0.2684092602344725
bf6f0d_2020-02,0.9851436931023844
d59611_2017-10,0.26611626911683406
cd0e60_2022-02,0.17897865707913851
77e86b_2023-12,0.801516128757604
7aa803_2015-08,0.0008498954741731219
bf6f0d_2020-01,0.9631792881373781
74b7d1_2022-12,0.4662567018391042
bf6f0d_2024-11,0.8221449996124678
b0ff51_2015-10,0.004306479824041918
74b7d1_2024-01,0.5796699813291781
bf6f0d_2014-12,0.004421756760894275
bf6f0d_2023-11,0.9868964334488715
259a19_2017-10,0.1370230099313679
d59611_2017-09,0.3584897834920474
14fe3a_2015-12,0.004520000793782681
cd0e60_2022-04,0.0452175692066527
cd0e60_2020-03,0.009722697588259265
77e86b_2023-11,0.9129355420478485
74b7d1_2025-07,0.9217134620586088
cd0e60_2019-11,0.011764276128049833
c5df88_2015-04,0.01803195930706524
c5df88_2019-05,0.05149948745136086
2ab8ad_2015-06,0.00614553711631403
f1543b_2015-06,0.004416583172915352
f1543b_2021-10,0.7074689774388411
c5df88_2019-04,0.05691820064785197
88a9a6_2025-04,0.9460791693431885
88a9a6_2019-07,0.06262696976518989
f1543b_2020-06,0.3869295966643453
293190_2019-02,0.05155590373210129
74fb1f_2020-01,0.41687527988567286
88a9a6_2022-11,0.5864731711324539
f1543b_2020-05,0.3283533626144848
f1543b_2023-11,0.8571001565196942
022433_2022-03,0.0023127774130605816
7aa803_2020-08,0.7709022851926007
022433_2023-06,0.07123166708028818
293190_2023-04,0.3936471768026704
e2e0ce_2020-03,0.484816720391155
022433_2021-04,0.01964724648205837
f1543b_2023-06,0.8416915353595268
7aa803_2022-11,0.17684657197422887
c580aa_2019-02,0.7552704687668906
f1543b_2015-05,0.004648216840168521
88a9a6_2018-06,0.032029198267791575
c5df88_2019-07,0.13147631744877747
f1543b_2024-09,0.9710987780181937
74fb1f_2021-11,0.9740332596071684
7bf5c9_2024-05,0.6599286221790794
c5df88_2023-06,0.17154173786368607
74fb1f_2022-03,0.791548364800425
7aa803_2024-12,0.9981229378980131
74fb1f_2017-04,0.02748319672214533
7bf5c9_2022-03,0.9803476454095237
f1543b_2016-11,0.004085051199301901
9b46ed_2021-04,0.604136491821603
7bf5c9_2015-06,0.0007863011185733528
022433_2023-11,0.2175622556944045
9b46ed_2023-03,0.11628526743798537
c3a69f_2014-12,0.006686868473944205
34889b_2022-01,0.6797323853163008
77e86b_2018-02,0.02544670388807744
94f933_2024-04,0.0017313886915911439
18defd_2015-04,0.01680613920870952
77e86b_2023-09,0.9788204168505652
c3a69f_2014-10,0.0075526466269821
92dcdd_2021-01,0.19455599078097222
94f933_2025-03,0.026692878477481512
94f933_2024-11,0.002388614875236888
94f933_2025-01,0.020608561108788604
92dcdd_2021-03,0.06532851914800164
7bf5c9_2017-04,0.12194241715410482
c580aa_2024-10,0.9975524596473266
e2e0ce_2018-05,0.32153236328224266
c580aa_2025-08,0.9960821878684752
e2e0ce_2018-04,0.21197996337127364
c580aa_2023-04,0.9932278301320043
e7a56d_2017-02,0.16418536507328313
e7a56d_2017-11,0.23069279258694386
98a151_2020-11,0.9675289637991987
60a0fd_2018-07,0.36621842212324546
60a0fd_2023-08,0.8903893146672779
7e646c_2024-06,0.009176605767145999
60a0fd_2021-02,0.9405428533217105
77e86b_2019-04,0.36187851629121687
98a151_2024-01,0.889306671992193
0874ee_2014-07,0.006475576878976526
e3af0e_2025-05,0.7686699154834237
7e646c_2022-12,0.013455702919357373
6da35b_2024-05,0.002890006989416061
77e86b_2022-04,0.021953417505265596
e3af0e_2018-06,0.057861580291024325
7e646c_2025-01,0.10183861666136873
77e86b_2022-08,0.04425177795945229
7bf5c9_2022-11,0.5014675320320181
98a151_2017-12,0.5808318308281009
7e646c_2025-02,0.18179154770410577
74b7d1_2023-06,0.7567180619092708
829a72_2019-08,0.8400838901424134
98a151_2017-10,0.5190979031092651
7e646c_2023-07,0.007060156688948771
7bf5c9_2018-07,0.4038276803907634
98a151_2021-01,0.9453554215559014
829a72_2017-02,0.06599943032494397
e3af0e_2019-04,0.19557631938764086
e3af0e_2019-06,0.38738482118713974
98a151_2019-04,0.3935134571495022
77e86b_2019-07,0.18673953125869105
74b7d1_2022-07,0.3417071806491242
77e86b_2019-12,0.37970554667579476
74b7d1_2024-09,0.8091435506388654
7e646c_2023-04,0.014506404849590862
e3af0e_2021-06,0.9905209583941588
6da35b_2025-06,0.09466361745703256
cd0e60_2021-04,0.020150675843710053
98a151_2019-05,0.6607271294314828
7bf5c9_2025-05,0.9957147553887532
829a72_2023-05,0.4705761332885857
77e86b_2019-09,0.19544340339731756
7bf5c9_2017-08,0.07853073901921606
3a13b3_2017-10,0.049635873288918726
18defd_2018-08,0.5140289699032154
375f2e_2023-01,0.9971415260290072
6224d0_2020-05,0.9893166532030359
7bf5c9_2017-05,0.0524730062360518
8d0588_2015-02,0.018211164453212622
8d0588_2022-01,0.9990333191054478
b59bc0_2022-03,0.9991714135821119
b0ff51_2017-12,0.22700396112291935
b0ff51_2024-12,0.9988328656891401
b59bc0_2021-08,0.998804152575734
b0ff51_2017-02,0.952673899504522
b0ff51_2016-08,0.8253165633691993
b0ff51_2020-02,0.9738044153952505
0cecbd_2019-08,0.22348369147930122
8d0588_2017-06,0.7348803017622917
b59bc0_2025-08,0.995289918305079
b59bc0_2023-10,0.9888550069442686
b59bc0_2024-07,0.9967425765139457
b59bc0_2020-11,0.9991907972000369
b59bc0_2023-08,0.9196692612423264
b0ff51_2014-09,0.02849460259121466
b0ff51_2016-06,0.0511010898712141
b0ff51_2021-12,0.998752829778756
8d0588_2018-04,0.7192446727217658
b0ff51_2020-01,0.9935662216077932
b0ff51_2025-02,0.9814064212631407
b59bc0_2018-07,0.9773402215364362
b59bc0_2021-09,0.9985965771668583
8d0588_2023-12,0.984098122218802
b59bc0_2014-11,0.025868581172919257
8d0588_2025-06,0.9934923840810401
b0ff51_2014-07,0.0526819785601472
8d0588_2019-11,0.9573856158982826
8d0588_2020-02,0.9716080547628301
b0ff51_2023-01,0.9941815266041419
8d0588_2018-03,0.95878923518542
8d0588_2019-10,0.9529523263468738
b0ff51_2016-01,0.029491460264831338
b0ff51_2022-08,0.9803532803479822
74b7d1_2023-09,0.21514708911156444
b0ff51_2023-07,0.9983379129672356
b0ff51_2023-10,0.9914953495230023
b0ff51_2024-05,0.9969117140042322
b59bc0_2017-01,0.8315184561792095
b0ff51_2017-04,0.8655666736852244
b0ff51_2025-03,0.9923671985761362
b59bc0_2024-12,0.9976240089791928
b0ff51_2022-04,0.9956003343481015
b59bc0_2019-02,0.956267108353992
b59bc0_2021-11,0.99895925849906
8d0588_2021-02,0.9973340413236179
b59bc0_2022-09,0.9380425324735671
b59bc0_2023-01,0.978654090179415
8d0588_2018-05,0.7797227976252258
8d0588_2022-05,0.9910748881093123
b59bc0_2021-07,0.9641041653071988
b59bc0_2024-06,0.990095565630388
0cecbd_2019-03,0.13966270165843994
375f2e_2017-08,0.06276668052085647
4718d7_2024-12,0.9843922316020917
b08ec1_2016-01,0.0008576976542345851
3a13b3_2019-07,0.9951349539914781
5ecf9b_2023-03,0.01253615274237765
545d15_2022-02,0.06563559466287804
545d15_2023-12,0.9203741865844358
5ecf9b_2022-12,0.005073519424814119
5ecf9b_2025-04,0.4139402962677328
545d15_2021-08,0.05269479082242722
545d15_2025-04,0.9816127802372412
c580aa_2018-07,0.9539871881715788
92dcdd_2018-10,0.013152279121446453
545d15_2022-09,0.26685131646414884
545d15_2024-09,0.972095154679095
ab32d7_2025-07,0.2069039501425044
1b9e65_2015-10,0.0015554073856712792
545d15_2024-06,0.9705940991423229
77e86b_2016-05,0.0007246123469366721
74b7d1_2019-12,0.9238891623806165
0ffc2d_2021-04,0.08027120703543554
829a72_2023-01,0.3403139829542295
8b98f3_2021-12,0.018415939207127138
74b7d1_2017-07,0.04300408555371427
ab32d7_2022-05,0.00586481017411137
8b98f3_2022-02,0.058168697112318986
948a11_2025-02,0.6692576902150681
b1de95_2015-05,0.005389744948607076
7bf5c9_2015-12,0.0027959823893035085
175155_2020-07,0.9774839926777096
fb34b4_2024-02,0.2781421154950272
7bf5c9_2022-04,0.9562930068009852
5a0174_2017-04,0.22914942111106976
4718d7_2020-12,0.9283163372952605
06534f_2015-05,0.01815640862929652
e361b7_2014-06,0.011366088364929123
e361b7_2023-12,0.8528011126755074
3a13b3_2020-04,0.9936285457562853
e361b7_2018-11,0.8846077085807186
c5816f_2018-06,0.3035796210762582
8ec563_2015-02,0.004845958511435225
e4bc80_2017-04,0.07405100792434903
3a13b3_2025-04,0.9929191343477992
531356_2023-02,0.9756303431475656
e4bc80_2020-09,0.8844439065232939
894378_2017-04,0.14205705340525218
894378_2019-04,0.15489802587012255
3a13b3_2016-09,0.024870953394084384
b1de95_2020-07,0.9946181538110733
fd589c_2015-04,0.04538686952182097
894378_2025-02,0.9054539239321713
c5816f_2014-10,0.005651753021818088
531356_2017-11,0.13315526106802789
06534f_2015-06,0.00994429759458481
c5816f_2022-10,0.6175164850265786
8ec563_2016-08,0.09962887233698252
06534f_2015-01,0.01207082143203665
c5816f_2014-05,0.015560734530547194
3db670_2024-02,0.992981137967795
06534f_2021-08,0.9976225435980932
e361b7_2017-07,0.13902147598342837
3a13b3_2016-06,0.03536540377983894
b73bc7_2023-04,0.9894322392524607
06534f_2014-09,0.08376455418994298
c580aa_2024-04,0.9918441442072343
c5816f_2018-04,0.09595506251077203
3db670_2024-06,0.9960256869656798
b1de95_2024-10,0.9948737419304526
e4bc80_2018-03,0.13830257098673618
e4bc80_2020-03,0.9250864494724127
8ec563_2018-04,0.1407803830825996
8ec563_2022-01,0.7801554527547956
3a13b3_2024-05,0.9949891904719228
fd589c_2018-02,0.050250469973196946
8ec563_2019-02,0.5889697445069527
06534f_2020-06,0.9942418851017422
c5816f_2015-02,0.014478917221754983
19fa84_2018-01,0.11037145036866351
3a13b3_2020-12,0.9964187130256564
b73bc7_2025-09,0.9777916403241051
c5816f_2019-03,0.6586065963137484
06534f_2015-02,0.023145436873855587
c580aa_2016-05,0.1161003961124228
19fa84_2021-06,0.9546151128983065
b73bc7_2021-09,0.9982225119947294
c580aa_2020-10,0.9962636181696509
e361b7_2023-01,0.6975404628907648
c5816f_2025-06,0.8974893612970618
8ec563_2022-08,0.5447111922679457
06534f_2016-02,0.005183538443374871
c580aa_2025-07,0.9981439061827053
b1de95_2020-12,0.9948731527074307
1bdb97_2025-04,0.13173359763440076
c3a69f_2018-06,0.04346370230207986
c3a69f_2021-04,0.941445942395602
db5006_2017-03,0.2137258667075861
439fde_2019-01,0.10757120578753115
5a0174_2018-06,0.046068275129060914
98a151_2017-03,0.037965905631626204
5a0174_2014-12,0.0024656222811569
5a0174_2015-02,0.0013289747640767955
259a19_2016-12,0.24080844180818398
98a151_2015-08,0.0012780525278887906
db4cd8_2018-07,0.7136554364273403
8005b9_2025-09,0.996531050649038
c5df88_2017-05,0.16570704473988257
4718d7_2020-04,0.9892013413829983
531356_2018-10,0.5135322887038554
8005b9_2020-04,0.9787961166952478
1b9e65_2018-11,0.30369742225577384
18defd_2022-12,0.6060873231559541
439fde_2020-05,0.9279890007467712
14fe3a_2021-05,0.9724308909473818
74fb1f_2018-03,0.16666058291188066
e2e0ce_2018-03,0.029481193655854096
d59611_2015-06,0.004341784317600856
0874ee_2018-08,0.4610103340952234
f4604d_2021-12,0.9810727198680734
18defd_2017-10,0.18270516173264428
531356_2022-02,0.9273960635021974
d59611_2015-05,0.008588725293969665
c48018_2017-07,0.11555135011983789
3db670_2017-06,0.3359240157910724
e7a56d_2017-09,0.06160622730330022
c48018_2018-09,0.34557362567651717
18defd_2021-01,0.6761419011140491
c48018_2021-03,0.7517179728028224
e60b65_2016-04,0.1287957939901157
fc2511_2025-08,0.011617801837853811
e7a56d_2020-05,0.9286489107325047
c48018_2015-05,0.012252655003724926
18defd_2016-07,0.07733389296473502
259a19_2017-08,0.2754554908310844
3a13b3_2022-12,0.9955584031004915
c580aa_2015-08,0.0024040947375205185
c3a69f_2015-02,0.014520121440933674
60a0fd_2020-04,0.9534208560385533
f461d4_2016-09,0.017584004035940577
60a0fd_2016-06,0.037944960082724986
b59bc0_2016-04,0.14132890408423332
6f5e2b_2017-08,0.09565792598615719
83894c_2022-05,0.26124975942979445
b08ec1_2020-10,0.9046584128718642
99c11c_2022-02,0.8009842013804634
f461d4_2017-01,0.1421483853773468
e3af0e_2015-05,0.0016346204423072763
98a151_2017-06,0.14585340981027106
e361b7_2017-04,0.2546228659418073
4718d7_2021-07,0.992199953600886
f461d4_2016-02,0.0029905524599739375
9b46ed_2017-05,0.06740578833741791
60a0fd_2016-07,0.03679138163550709
e3af0e_2016-10,0.05043285576288522
5a0174_2018-07,0.4204968861235572
8fabe0_2016-08,0.14203741347342874
f461d4_2017-05,0.4427672135590579
e3af0e_2016-07,0.036287222067409794
f4604d_2015-07,0.001869501163254234
99c11c_2020-09,0.21308444815405375
8ec563_2017-07,0.20999755308731768
f461d4_2020-05,0.9846474969136916
98a151_2016-10,0.06764468519704327
829a72_2021-08,0.9594399956529488
fb34b4_2024-04,0.17148196461948886
5a0174_2020-05,0.9583061338032097
6f5e2b_2018-11,0.7994633237372324
83894c_2021-02,0.840319318758422
5a0174_2016-04,0.003965014086611168
8fabe0_2016-09,0.12596234039005236
8ec563_2017-06,0.18941573088729702
9af74c_2015-05,0.008203462140897051
e361b7_2017-12,0.4171273770863921
6f5e2b_2015-09,0.0013239627103244233
f1543b_2015-12,0.002963231969833562
77c35f_2022-08,0.02300222164062716
fd589c_2017-07,0.15264603018700995
6f5e2b_2015-07,0.002044982851567649
19fa84_2018-11,0.34193137686894404
77c35f_2022-12,0.008310881168380602
9cf1af_2022-06,0.021401485649706578
d86999_2024-02,0.6393889827896025
77c35f_2023-05,0.007449988911596194
e361b7_2016-10,0.07880523385127555
77c35f_2023-07,0.022931496257472435
9cf1af_2022-02,0.0076590076202788715
6f5e2b_2015-08,0.0011592760779061911
302d40_2022-08,0.006120524076911708
db5006_2018-10,0.4099441440068718
29849f_2016-06,0.01706665486883384
8fabe0_2015-09,0.004656132626713112
948a11_2024-01,0.5859119938039088
439fde_2020-02,0.42632054920537654
c3a69f_2019-09,0.32794087177481995
829a72_2020-05,0.95365042008678
98a151_2020-05,0.9510940376609804
439fde_2024-02,0.6010407794097878
8b98f3_2025-05,0.0970847765622657
e3af0e_2020-08,0.9866628564620131
b1de95_2017-01,0.1774313378747802
8b98f3_2024-01,0.2479759184961544
bc4c03_2021-05,0.8892304052809544
fc77d0_2018-10,0.7221408307446846
9af74c_2016-06,0.27897908567126495
987bc1_2018-08,0.19764122878549717
375f2e_2017-10,0.10201084902119208
1822ea_2017-12,0.6248439906775507
9af74c_2017-02,0.3028416018171493
9af74c_2017-11,0.2081398473748178
375f2e_2017-03,0.0637639168989911
9af74c_2017-12,0.09477094292516551
439fde_2017-05,0.21849277855590765
99c11c_2023-01,0.16606066344752496
c3a69f_2022-05,0.9497798722480634
87cfea_2024-09,0.22920653948761022
83894c_2021-04,0.7793129652835906
c3a69f_2017-08,0.09490605005841003
83894c_2021-03,0.8410611095000851
99c11c_2022-12,0.1380726922333667
439fde_2021-10,0.9894912516219272
c3a69f_2019-07,0.20335529991270865
83894c_2019-11,0.049883551747577956
87cfea_2019-11,0.06917417879702209
99c11c_2023-02,0.21001789587984498
439fde_2020-07,0.93308454103028
c3a69f_2016-09,0.06755403341639668
99c11c_2021-12,0.31591102781831326
c3a69f_2018-07,0.26662446904284276
83894c_2021-11,0.7038446605509647
87cfea_2024-03,0.9805233803503212
83894c_2018-12,0.018937232533633223
439fde_2017-08,0.12428227075037784
77e86b_2017-09,0.08903300648302157
c3a69f_2020-07,0.8379987879170818
99c11c_2021-07,0.9049486673942666
87cfea_2024-12,0.4840600552200702
439fde_2022-05,0.9895112871503472
99c11c_2016-05,0.006731624069039802
99c11c_2021-08,0.4271519407511669
99c11c_2024-12,0.9511654030807379
e60b65_2017-05,0.3970056483321772
6838b9_2021-02,0.02185364984006856
987bc1_2017-07,0.1523493773261631
34889b_2015-08,0.00566098757800635
83894c_2020-02,0.07084910438246049
29849f_2021-04,0.9821269021509574
fb34b4_2024-03,0.10176639462014467
29849f_2020-08,0.9590859727585019
90abb1_2017-10,0.11417119727857605
7aa803_2016-05,0.002597730933354708
c3a69f_2015-11,0.0007349427026323258
f4604d_2015-10,0.003512553455204828
175155_2021-01,0.9650790077761888
0cecbd_2017-07,0.3124903570431623
29849f_2021-12,0.9562589003673644
9b46ed_2020-08,0.9526756631210328
0cecbd_2015-04,0.007492095313157432
e60b65_2015-06,0.005281845465358256
7aa803_2017-08,0.2664993876483706
f4604d_2018-08,0.07906952292320968
29849f_2022-02,0.9641546895493548
4fb2d3_2015-11,0.0020037806827056695
bf6f0d_2014-04,0.014523563818711815
9b46ed_2021-09,0.8992012765064525
b1de95_2021-03,0.9927902628436616
b1de95_2021-06,0.9924212082516183
f500c5_2018-09,0.8487270255490098
88a9a6_2017-08,0.15630987300038782
b73bc7_2022-03,0.9948812894187319
c580aa_2022-07,0.9954555669853061
3a13b3_2022-11,0.9967997827121576
c580aa_2020-11,0.9950751322778381
c580aa_2022-02,0.98709368815784
a42d13_2016-11,0.3932184004682526
b73bc7_2023-11,0.9968935591667687
f500c5_2018-08,0.7949087075090913
b73bc7_2022-06,0.9875710002011384
c580aa_2025-09,0.9647681341138457
439fde_2017-10,0.12771421908564434
19fa84_2017-05,0.15334620951908917
c580aa_2021-12,0.9944883404402407
3db670_2021-05,0.9531490407600715
88a9a6_2017-10,0.0823756631546752
b73bc7_2018-08,0.9787943153706594
3db670_2016-12,0.4401876252474896
b73bc7_2024-02,0.9965757649004287
8d0588_2015-10,0.003160627218334558
8d0588_2016-03,0.08701505180984198
af81b0_2018-07,0.6166931101654217
74b7d1_2018-08,0.07032731310278206
77e86b_2020-04,0.9191437312570447
74b7d1_2016-01,0.0015023006586381323
83894c_2019-06,0.08170282707458264
74b7d1_2016-06,0.0006025456881822397
7bf5c9_2016-03,0.0005200486485636397
2ed4f9_2025-03,0.0769130865797722
0cecbd_2018-09,0.10957284822965183
77e86b_2021-08,0.8517460539946016
439fde_2018-11,0.27342330157628864
6224d0_2016-08,0.05370126249237893
83894c_2023-02,0.9304835402708284
83894c_2023-10,0.9778453373621434
fc77d0_2018-11,0.6967674306503181
e60b65_2017-07,0.2587113328165331
06534f_2017-09,0.717313212974951
e3af0e_2018-11,0.5007349675926932
e2314a_2021-02,0.9466973382783854
83894c_2023-01,0.9192837250402985
87cfea_2018-06,0.11878950636336306
439fde_2018-08,0.3759294899113714
531356_2016-04,0.0033099869723881743
b416b1_2016-05,0.01756828460117943
af81b0_2015-12,0.0010051821201420511
375f2e_2020-05,0.9842475962235954
af81b0_2017-01,0.03328006979552453
af81b0_2020-05,0.46464327248553733
b416b1_2015-12,0.007111502619589011
88a9a6_2015-06,0.002072548007163547
74fb1f_2015-12,0.006424034583247707
cd0e60_2023-08,0.28047560834378393
c3a69f_2017-01,0.0099281374673509
cd0e60_2023-11,0.618617261369991
cd0e60_2024-10,0.8289829786663901
8005b9_2016-06,0.055771219344119084
c0f884_2025-09,0.025436449636812557
34889b_2021-01,0.9280547055133509
175155_2016-07,0.008671221664272968
34889b_2021-02,0.9409272385561264
531356_2016-11,0.05667703006345634
894378_2017-05,0.20667879903102646
439fde_2015-11,0.0011784108798061112
77b3b9_2015-11,0.002248629154081189
894378_2017-07,0.27924768616747897
c5816f_2015-05,0.011271302731192211
bf6f0d_2015-05,0.016411477614196604
98a151_2018-11,0.8756629668727601
b416b1_2015-05,0.00444328901054282
6838b9_2025-09,0.9485933676254681
b416b1_2017-12,0.19580997757500604
0874ee_2016-10,0.29306675600832865
5a0174_2017-10,0.28904340341311674
175155_2015-08,0.02573298472742622
dc4b5e_2021-09,0.8970533716073744
a25664_2016-01,0.0016646657195403495
2ab8ad_2016-05,0.0025248815417392738
34889b_2018-07,0.7606978249185663
9b46ed_2016-07,0.003271576330593499
2ab8ad_2017-09,0.32813243106916967
7aa803_2016-11,0.041209012860455266
2ab8ad_2016-03,0.0024617407230878353
34889b_2020-04,0.9810303105240427
dc4b5e_2021-07,0.911925781720043
8005b9_2015-08,0.005085156923631167
2ab8ad_2016-04,0.0024803353433384837
8005b9_2015-07,0.006002659747053215
b08ec1_2020-12,0.9001587536426432
9b46ed_2016-08,0.004770039568985192
dc4b5e_2020-11,0.047198418258897874
293190_2017-11,0.31006199398426304
dc4b5e_2021-03,0.841544248690244
99c11c_2018-11,0.024590523033900906
99c11c_2019-01,0.02882663967895373
83894c_2017-07,0.0058751336217408145
a97df3_2020-11,0.011391280826803631
a97df3_2021-02,0.14564427482952982
83894c_2017-11,0.0033198157170271562
99c11c_2025-01,0.9590138885066078
3a13b3_2018-10,0.9589456860923176
af81b0_2017-09,0.22948403647861215
0cecbd_2016-10,0.0031712906729568376
99c11c_2019-02,0.04064291750803554
a97df3_2021-04,0.26462768597875647
0cecbd_2016-06,0.0034990763131600273
3a13b3_2021-05,0.9866642527920935
894378_2018-07,0.5343627622905017
e7a56d_2015-11,0.007531994986685005
af81b0_2021-07,0.9520461206694925
af81b0_2020-11,0.9471660023917319
af81b0_2021-04,0.9707037042667952
af81b0_2021-10,0.9562474630733319
e2e0ce_2015-09,0.0009461976338859737
74fb1f_2016-08,0.06829325042606064
88a9a6_2016-11,0.04288830757448298
c5df88_2016-10,0.07675353661487222
e2e0ce_2015-10,0.0009887124499741312
c5df88_2016-11,0.1078841755903761
9f1aa0_2015-06,0.06265949286472673
e361b7_2018-08,0.7223861764067221
8ec563_2017-05,0.16459133927208366
db5006_2016-01,0.001308019665872269
19fa84_2016-10,0.005229028073482344
e4bc80_2020-07,0.9583970227920506
8ec563_2017-03,0.31734669457149994
894378_2017-01,0.15306165187195273
894378_2020-04,0.9776781154610308
894378_2015-07,0.005393426402048758
e4bc80_2020-06,0.9593637946116187
894378_2016-10,0.010719435816650434
e361b7_2016-04,0.0023700670616330914
1698cf_2016-02,0.0024319542073668087
19fa84_2016-03,0.004568224676021568
fd589c_2016-12,0.1710791312480247
1698cf_2016-01,0.0029071742675216435
e361b7_2017-03,0.20666329099093547
894378_2015-09,0.0023262515347072027
fd589c_2017-11,0.579374929080991
e4bc80_2017-09,0.24181839520533097
c5816f_2015-09,0.006014635525637418
19fa84_2016-12,0.0799422659108232
f461d4_2018-11,0.6322824149043709
fd589c_2016-08,0.09357725059247349
8ec563_2018-08,0.6122092275640414
8d0588_2015-06,0.049287663334716354
b59bc0_2016-11,0.8268767845784136
94f933_2025-09,0.29951387214703235
83894c_2017-01,0.001466016064262453
a42d13_2022-05,0.9909398593631442
a42d13_2019-09,0.8135251364961428
a42d13_2020-11,0.9878182890191498
a42d13_2021-02,0.9868368936114278
c48018_2016-01,0.0035575226601327736
a42d13_2020-06,0.9067904065139208
a42d13_2019-08,0.8725001680057407
a42d13_2020-07,0.9531485154322116
fb34b4_2022-09,0.01259266937956426
db5006_2016-09,0.0022554957129481165
6224d0_2025-09,0.9782948799912402
531356_2016-09,0.003359012113693116
0cecbd_2017-09,0.15717436737156656
0cecbd_2021-09,0.9781650563991695
7aa803_2017-03,0.03767129566185832
531356_2016-02,0.0032103302024992808
bc4c03_2016-12,0.17766090852081187
99c11c_2017-11,0.0003259432236517595
f4604d_2020-02,0.9846489924133638
531356_2020-05,0.9591765151952192
29849f_2016-01,0.06546561715424612
531356_2017-09,0.11370685336119034
db5006_2021-08,0.93747318874965
531356_2017-08,0.1787408880885967
db5006_2018-08,0.17376206639173514
1b9e65_2016-02,0.004969094518919788
c5df88_2024-07,0.974253933264627
293190_2025-04,0.9825214981291013
b08ec1_2016-11,0.10708635405609432
293190_2026-03,0.9870813334318068
74fb1f_2017-03,0.21637176203698477
293190_2026-01,0.9873053043680379
c5df88_2025-12,0.9792939379070142
74fb1f_2016-11,0.11664530172169081
a25664_2017-07,0.11990491880058547
2ab8ad_2025-05,0.9840017764725159
7aa803_2015-05,0.0009517955357938602
c5df88_2024-02,0.9739520535092548
f4604d_2020-09,0.7927213649288813
1996b0_2023-09,0.0041201955313174875
1996b0_2024-01,0.0037028588553868944
1996b0_2023-02,0.0027629620188647126
06534f_2016-08,0.21838414877919946
7a007d_2016-02,0.0033200468623633397
7a007d_2021-11,0.9635244843060116
7a007d_2022-06,0.9663577736026537
7a007d_2021-01,0.84606140373303
7a007d_2022-12,0.9617891143614917
7a007d_2020-04,0.4922868586754276
7a007d_2016-01,0.0021900857700247797
7a007d_2023-05,0.963244486549048
90abb1_2020-06,0.8689649844062148
74b7d1_2016-12,0.038918281144100654
b08ec1_2015-07,0.02111760856474959
7a007d_2020-03,0.5905786362224535
7a007d_2022-11,0.9656684834553944
b0ff51_2020-04,0.9984768017550414
8d0588_2017-12,0.9268175492276941
fb34b4_2023-02,0.007741778024295404
4fb2d3_2020-06,0.9669128241541666
fd589c_2020-11,0.9543823497719064
439fde_2015-06,0.00884936293483904
439fde_2015-05,0.010172670762737123
fd589c_2020-06,0.973160678913092
2ab8ad_2015-10,0.002473414954522376
439fde_2015-10,0.006122894241617516
d59611_2020-05,0.9928923350116998
987bc1_2016-02,0.0008676511986241111
6c1954_2021-04,0.14294029400663943
34889b_2017-01,0.2129137225208922
db4cd8_2020-06,0.9903039239417334
db4cd8_2015-07,0.0012287165375237938
6c1954_2020-05,0.033192448027034166
6c1954_2021-02,0.13567133684993132
77e86b_2022-11,0.07132864937168255
1b9e65_2020-03,0.9535762865553553
5ecf9b_2023-10,0.0014165507811899451
439fde_2024-10,0.2717464960791049
77e86b_2023-05,0.09630927999216035
c3a69f_2024-02,0.23351023426168968
1b9e65_2020-01,0.71316882231123
5ecf9b_2023-08,0.006439510249254604
2ed4f9_2025-08,0.01993792941800422
94f933_2023-11,0.003133320142647265
c3a69f_2025-01,0.8802960406143501
439fde_2018-05,0.18685382889709912
c3a69f_2024-09,0.5300950893280785
77e86b_2024-03,0.8064863099969437
74b7d1_2023-07,0.40706441673462473
74b7d1_2023-08,0.18232298550093018
c3a69f_2024-06,0.1765606517865558
77e86b_2025-07,0.8660926925410869
77e86b_2020-02,0.36816458745617775
439fde_2025-06,0.8569620568032469
77e86b_2015-03,0.0091174792605569
c3a69f_2024-08,0.38931206390198897
439fde_2014-11,0.01348871831377102
439fde_2025-04,0.7018573217070105
77e86b_2014-09,0.009220741176572834
77e86b_2024-05,0.7792307533694732
77e86b_2014-12,0.008091260140637985
94f933_2024-12,0.0030499035969862556
9befc8_2022-07,0.2673488281718452
d86999_2018-03,0.12750519224919327
d86999_2018-11,0.39085548246662766
8bd3ce_2016-08,0.027936237527422542
b26809_2020-05,0.9696257743770484
b08ec1_2024-10,0.8582491708919728
4fb2d3_2021-12,0.9675044531127241
a25664_2025-06,0.9497296607888623
2ab8ad_2015-03,0.013336964426315271
7aa803_2018-02,0.016740269972992907
88a9a6_2016-08,0.0018722524524658168
9b46ed_2019-03,0.07195812593363846
d86999_2016-10,0.16254274506149236
fc9334_2017-11,0.03401806444469728
b08ec1_2025-03,0.9158259181659604
293190_2014-10,0.01059331396895645
293190_2023-10,0.6261167246165869
74fb1f_2025-08,0.5054456611480007
8e41cf_2018-07,0.04629860876957434
fc9334_2019-06,0.2395718709028551
8e41cf_2024-02,0.768079261034277
9af74c_2021-08,0.7909634183897065
e2e0ce_2021-01,0.9975447123879716
74fb1f_2016-02,0.011342490583115126
74fb1f_2023-02,0.8953996837402239
7aa803_2022-12,0.21652766225213613
7aa803_2025-08,0.8787771396185036
e3af0e_2025-01,0.8726171594349045
e427f8_2025-02,0.06844718776134968
e3af0e_2019-01,0.25193252758365475
d86999_2021-05,0.8903685204128224
fc9334_2015-11,0.0013018559610872712
fc9334_2020-10,0.949215781102496
8e41cf_2020-06,0.941567594577083
a25664_2024-04,0.9694566268814598
293190_2019-03,0.07360835775350241
74fb1f_2023-05,0.6136881371221208
7aa803_2023-04,0.2551379547647551
0f9e86_2022-09,0.11794897213217516
bfbeef_2016-11,0.00830121283076321
bfbeef_2022-04,0.6326050640347688
dbb709_2023-07,0.012743598699541928
9cf1af_2025-05,0.4639758933610808
e427f8_2024-04,0.34382070017009786
60a0fd_2025-07,0.79985832307862
d86999_2019-06,0.950896137479921
d86999_2020-12,0.8475220412411667
6c1954_2021-12,0.06863824915911225
fc9334_2020-01,0.32966164752751853
8bd3ce_2022-05,0.3954317177757927
b08ec1_2019-08,0.29288399070683724
265164_2024-04,0.00457971606746038
e2e0ce_2015-08,0.0007900603121009501
e2e0ce_2024-07,0.929952221537886
2ab8ad_2021-03,0.9296476861129828
98a151_2017-05,0.10541050134476562
98a151_2021-11,0.9563056635638859
d86999_2017-01,0.08276517911306548
d86999_2021-11,0.9076756147723778
8e41cf_2024-10,0.9984706623864511
6f5e2b_2016-05,0.05259177793475548
2ab8ad_2024-08,0.9246179746912586
88a9a6_2022-04,0.28090799668267147
9befc8_2022-08,0.4329937139188923
98a151_2024-11,0.8244679363014883
d86999_2015-04,0.008827210893857768
fc9334_2016-08,0.0031758444054367113
8fb6f0_2015-10,0.004335739075472966
9af74c_2023-08,0.891228108677335
6224d0_2022-02,0.9326698070729476
175155_2019-12,0.9379922336483225
88a9a6_2017-12,0.03624227952114975
9b46ed_2017-02,0.08199323481025819
829a72_2024-04,0.649517685749102
e427f8_2025-08,0.4720544251762536
b26809_2020-02,0.757345083645883
fc9334_2023-08,0.3864012898697917
8e41cf_2015-08,0.0043134293940065875
8e41cf_2025-07,0.9785979474102071
4fb2d3_2015-02,0.003966091605480173
bc4c03_2022-02,0.9664053509300479
829a72_2025-07,0.792666924756333
9befc8_2024-02,0.8040675177177965
8bd3ce_2022-10,0.4275338199639534
9cf1af_2024-03,0.07636779519427314
9cf1af_2024-12,0.5295127004470684
fc9334_2020-12,0.8202777250046818
fc9334_2024-08,0.6350046928576015
8bd3ce_2021-07,0.2779999757107123
8e41cf_2025-01,0.9044069480098244
4718d7_2019-07,0.928689753711765
74fb1f_2021-05,0.9579819670383873
7aa803_2014-09,0.007611095585957794
3db670_2015-02,0.01085578526444801
9b46ed_2018-03,0.00866769534006563
bfbeef_2018-11,0.15482895409506095
98a151_2023-03,0.8209171748081441
8bd3ce_2017-01,0.026085710456413457
8bd3ce_2019-05,0.19148498114306686
8e41cf_2021-02,0.6773336086321173
2ab8ad_2024-11,0.942782243134487
c5df88_2023-03,0.8114590608311321
88a9a6_2021-08,0.3778705137744499
60a0fd_2019-07,0.5134199463741693
780a0b_2016-02,0.000925679325607382
fc9334_2024-12,0.9706254002708634
8fb6f0_2025-02,0.6999164974139817
b26809_2014-03,0.003524820606845048
b26809_2016-03,0.03835275309898181
b26809_2016-10,0.043445573198744925
fc77d0_2020-10,0.980647335795982
4718d7_2019-03,0.6536779846780718
bc4c03_2022-09,0.7523519558767532
db4cd8_2019-04,0.2419419832595907
74fb1f_2021-03,0.864426626507178
9b46ed_2014-12,0.00939744659092848
11f0e3_2025-05,0.8102623122126661
bfbeef_2024-07,0.7927778265085647
829a72_2023-08,0.9866811374374014
9cf1af_2023-06,0.006193617831221182
d86999_2014-09,0.002155326127588896
8bd3ce_2019-06,0.2559360727328817
9af74c_2022-07,0.7733258689071151
4fb2d3_2023-10,0.9510399054021688
f25ffe_2023-09,0.008300135902206348
6224d0_2019-06,0.2769403959262343
293190_2022-02,0.15966666922552303
293190_2022-12,0.5646798840807087
e2e0ce_2024-08,0.9955812881894446
74fb1f_2017-09,0.10519800624955226
dc4b5e_2024-03,0.8320630015674617
77c35f_2025-03,0.12674052403769706
8bd3ce_2018-09,0.07860416057040254
9cf1af_2024-11,0.21036984098268485
e427f8_2022-01,0.022856503952944477
e3af0e_2024-05,0.6329719907666924
8bd3ce_2020-11,0.7695490271412666
34889b_2024-11,0.9311851297782784
259a19_2020-02,0.7101002543729888
a25664_2015-02,0.002090143127472842
e2e0ce_2017-02,0.028124863695407353
2ab8ad_2017-05,0.27548344582477985
c5df88_2016-05,0.01543692928312598
88a9a6_2016-02,0.0009406968469126458
9b46ed_2024-12,0.5655908204227758
11f0e3_2024-07,0.7648894712567618
293190_2015-11,0.00929771363280402
9cf1af_2022-08,0.005669777245808062
fc9334_2025-03,0.8134672019949465
8bd3ce_2023-04,0.6391180518030144
4fb2d3_2019-03,0.46157388767175145
a42d13_2025-05,0.9287567565160185
c5df88_2015-10,0.004449301224172934
74fb1f_2017-10,0.07427728275769961
88a9a6_2022-06,0.4993100979044007
9cf1af_2023-05,0.004193606520142527
98a151_2022-10,0.6844610112819158
829a72_2018-06,0.4882733407459162
e427f8_2024-11,0.18440937881085825
60a0fd_2019-03,0.39791250513140913
e3af0e_2022-08,0.5809937730542476
e3af0e_2024-02,0.5790806973492528
e3af0e_2024-03,0.5918911131696997
d86999_2018-01,0.2143774235432096
8bd3ce_2022-08,0.40118126011561134
8e41cf_2015-01,0.0023025061670328864
34889b_2018-06,0.14802008628875957
6224d0_2023-08,0.6381378302499275
88a9a6_2015-03,0.01387482398416774
302d40_2023-09,0.005690222737529212
302d40_2023-11,0.005822623877673865
829a72_2025-03,0.8279150955670029
302d40_2024-07,0.21077106369504106
d86999_2025-01,0.9217693966883151
d59611_2023-01,0.9319179806337518
8fb6f0_2021-08,0.9423357257842337
8e41cf_2025-04,0.9168765425288392
b26809_2022-01,0.7808007313391316
f25ffe_2024-01,0.010284794463802809
1698cf_2019-03,0.9278034565238439
175155_2021-07,0.9927882664171468
2ab8ad_2021-01,0.9674170182620094
7aa803_2023-10,0.8037586481201242
e7a56d_2014-07,0.012482740734372713
e427f8_2023-07,0.009373367707509688
829a72_2018-12,0.17895804711403568
8e41cf_2016-02,0.0020185440384412794
d86999_2021-08,0.5722346336703413
d86999_2023-06,0.9640220595293323
b26809_2016-08,0.053210566326458555
fc9334_2019-05,0.30143397432124314
8e41cf_2022-12,0.5082412799276607
731908_2024-06,0.6262588316880573
11f0e3_2024-12,0.758225772374273
0e8d73_2025-04,0.058848081314704204
bc4c03_2019-09,0.4274284221491967
9b3bd5_2025-03,0.004679291694560864
9b46ed_2015-04,0.0053259477375596775
fc9334_2016-06,0.002010508164763948
e427f8_2024-01,0.07984746627429518
bfbeef_2020-01,0.123062110629578
dbb709_2023-01,0.0015903745508758478
60a0fd_2021-12,0.9013399156053746
302d40_2025-07,0.7181002253892503
8e41cf_2021-04,0.5100867438656674
b08ec1_2022-06,0.5081329249394004
fc77d0_2024-02,0.9626944013078176
f461d4_2017-07,0.5121699928143986
bc4c03_2018-06,0.008586220692478377
74fb1f_2022-06,0.31934990156713144
7aa803_2014-10,0.0030557309092353415
7aa803_2024-04,0.970633845437739
88a9a6_2021-06,0.4369486496735491
9cf1af_2023-01,0.004025883611023524
9cf1af_2024-01,0.08438561915460754
fc9334_2018-12,0.05099115723920161
fc9334_2022-03,0.641345023732511
b26809_2020-03,0.6940538269833544
b26809_2024-02,0.8484251838400121
1698cf_2020-10,0.9207248003012212
db4cd8_2019-09,0.25884735760242217
375f2e_2015-09,0.0019785802405680496
7aa803_2022-04,0.15961752135906512
7aa803_2024-07,0.9694594103443982
dbb709_2022-01,0.0036867824672175997
9cf1af_2024-09,0.24296216576423973
e3af0e_2022-10,0.6405655271669364
fc9334_2015-06,0.003311414274375867
b26809_2015-11,0.0025687033909970575
34889b_2025-02,0.9311197031902829
293190_2022-10,0.37701333232291473
2ab8ad_2023-05,0.9347042439340012
74fb1f_2021-04,0.5994664134792891
7aa803_2019-07,0.04901817153182525
60a0fd_2023-11,0.7427310132001615
8e41cf_2022-04,0.48474477899568796
265164_2024-12,0.004037822277649623
4fb2d3_2023-03,0.6101523200581275
780a0b_2024-03,0.785963529882529
60a0fd_2024-02,0.6828940199142167
9befc8_2021-05,0.4691221866633302
d86999_2015-09,0.007958749811890917
b26809_2019-01,0.28115848498923574
8fb6f0_2014-06,0.007680553494049467
8e41cf_2019-04,0.17242806937073266
9af74c_2021-06,0.9751663831076972
4fb2d3_2023-02,0.5030494849684911
bc4c03_2019-05,0.5936311418014116
18defd_2014-12,0.01029416380478025
2ab8ad_2018-12,0.05193275628567271
8fb6f0_2024-03,0.7886666497835487
8bd3ce_2019-04,0.12457669718377774
d86999_2020-11,0.8087102677822603
b26809_2020-11,0.8181656967266895
e60b65_2018-02,0.002482188733712016
6f5e2b_2019-04,0.9592610684028725
a25664_2023-03,0.8707342319325196
74fb1f_2021-06,0.5458929293560337
7aa803_2023-09,0.8422766868580883
7aa803_2024-02,0.915014536003216
3db670_2014-12,0.013134608852184053
98a151_2023-06,0.700627423907628
e3af0e_2022-07,0.9227006980512005
fc9334_2023-12,0.8323125856725704
8bd3ce_2023-08,0.5835679464564266
8e41cf_2021-06,0.47283881925589877
b26809_2023-05,0.6512965351654733
b26809_2024-08,0.7573655898906213
14fe3a_2019-08,0.6747128480648504
b08ec1_2022-08,0.5297066770120573
6f5e2b_2019-07,0.8588785922315211
175155_2023-12,0.9925805031846551
3a13b3_2014-09,0.08170422687233093
e2e0ce_2023-02,0.7164124659200705
74fb1f_2022-12,0.7039945165047957
829a72_2025-02,0.7902321489543042
bfbeef_2019-12,0.4468149133466999
8bd3ce_2025-07,0.9500855150900801
8e41cf_2020-04,0.9551231423022892
fc77d0_2019-04,0.3649554541314256
a25664_2024-03,0.996024614122809
74fb1f_2015-04,0.01946328234467684
7aa803_2023-03,0.4352332853097914
88a9a6_2021-07,0.8407059156206664
3db670_2015-04,0.030537958083973842
9b46ed_2025-06,0.7606546600167425
9f1aa0_2018-06,0.10306050461113235
fd589c_2019-04,0.3913483586090735
513080_2024-01,0.06094384385974282
0f9e86_2015-11,0.002337669307507291
19fa84_2019-04,0.1839222548720144
513080_2024-07,0.18135807714151483
f4604d_2022-08,0.6201630184282209
6c1954_2020-03,0.009663117943844177
fd589c_2023-03,0.5159060043179564
510fbf_2022-06,0.008307988790052926
fd589c_2022-04,0.5859246835517009
9befc8_2022-01,0.4097631105147435
513080_2022-07,0.011720780760258384
c5816f_2024-01,0.6777091390974697
c5816f_2024-03,0.7353362377076511
6c1954_2022-12,0.05939000989059728
19fa84_2018-02,0.01661632392541033
fd589c_2022-10,0.5693985569199175
fa8553_2025-07,0.1611611693706328
894378_2019-12,0.6315259509859711
780a0b_2024-02,0.7158247026393731
513080_2023-07,0.04964831358862122
513080_2023-09,0.08969524956095944
11f0e3_2020-10,0.6665763847808773
8fb6f0_2021-06,0.1514338476329543
e361b7_2024-03,0.9048822762438741
510fbf_2024-05,0.45504998312618955
531356_2022-09,0.28561155801871
894378_2020-01,0.9798152947357202
e4bc80_2022-09,0.4625337148168097
bc4c03_2021-11,0.9970420877852421
513080_2024-10,0.21131153127490923
9f1aa0_2017-06,0.1714971863305531
fa8553_2024-12,0.24104509825024953
8ec563_2020-12,0.9186690530938426
fd589c_2021-01,0.8292699842062023
510fbf_2024-11,0.16475769176759228
731908_2016-01,0.002540464623029615
8fb6f0_2015-04,0.0027309599754259555
8fb6f0_2017-02,0.032849233239167275
bc4c03_2024-12,0.9587769786656528
731908_2014-12,0.0007024526664929977
bfbeef_2018-10,0.23687683781670885
894378_2019-11,0.5560622552248088
8ec563_2025-06,0.9362269704284707
fd589c_2024-10,0.7600718833490359
fd589c_2024-11,0.7552641795876426
e361b7_2023-04,0.7251919755969407
29849f_2022-05,0.9068955052471591
8ec563_2018-05,0.5678548035071541
e361b7_2019-08,0.49157428759276667
e361b7_2020-11,0.3852316162626407
e4bc80_2019-10,0.9135048677587619
9f1aa0_2019-04,0.30072372427772426
9f1aa0_2020-03,0.4475348744436989
731908_2019-11,0.45591303059860333
894378_2022-08,0.2722429346380571
fd589c_2024-09,0.7174751560489704
e361b7_2018-04,0.018181294362026486
e4bc80_2018-12,0.3370431814372653
9af74c_2019-12,0.9717456719499513
fa8553_2025-02,0.2066965435324415
bfbeef_2022-10,0.49454201051083047
8ec563_2024-12,0.8172538085479261
19fa84_2019-06,0.43710489694147286
fd589c_2022-02,0.5851243113548836
780a0b_2019-09,0.19243018980437146
f4604d_2022-11,0.5987234484676053
513080_2022-04,0.006103747055698111
513080_2022-10,0.01149083017718728
9f1aa0_2018-05,0.08204965360011364
8ec563_2018-03,0.3327463146464006
e361b7_2022-11,0.6823031880308643
e361b7_2023-05,0.8949337093419595
9f1aa0_2022-07,0.5118272116232238
bfbeef_2017-02,0.22313455668864302
fd589c_2019-05,0.5089751653285425
c5816f_2021-11,0.37468457739174615
8ec563_2020-10,0.8737965732366338
8ec563_2021-05,0.9574116338143205
e4bc80_2021-02,0.6178076490246369
9f1aa0_2019-05,0.13243700204380235
bfbeef_2015-04,0.005828723977395384
e361b7_2018-02,0.015692110684905083
9f1aa0_2019-01,0.1394394276814485
e361b7_2022-02,0.607966142271966
fa8553_2024-02,0.2315777927371184
8fb6f0_2021-05,0.15324621489315698
c5816f_2021-09,0.49946577450184204
19fa84_2023-12,0.7711640795902144
510fbf_2023-04,0.009277685758262589
bfbeef_2023-08,0.92931593800075
894378_2017-03,0.11363353445854006
894378_2021-02,0.6341652115470718
c5816f_2023-10,0.992048265562387
9af74c_2021-05,0.9787786138507455
513080_2025-03,0.7209557545981534
9f1aa0_2016-04,0.34412202901295275
0f9e86_2015-06,0.0038361604597613812
fd589c_2024-12,0.9147254209037938
9af74c_2021-09,0.9249549087179424
fd589c_2025-01,0.9037777554489863
513080_2024-12,0.2494768639410161
8fb6f0_2014-08,0.004692694594616024
19fa84_2023-06,0.764995845974005
731908_2024-09,0.44150601688166097
11f0e3_2018-10,0.05969958811847096
f1543b_2019-05,0.08129830396691506
99c11c_2020-10,0.25159119331632585
731908_2018-07,0.11031448080891197
8fb6f0_2023-02,0.4768178736288568
f500c5_2021-03,0.4296604353141421
87cfea_2022-12,0.3529417518615344
731908_2017-05,0.11327160408317068
f1543b_2025-02,0.8149870843768628
f1543b_2023-07,0.7129755723769124
b1de95_2015-01,0.012173919598067826
731908_2016-09,0.18315053676738938
731908_2021-08,0.17963132897105225
731908_2024-01,0.38133549335227207
780a0b_2020-04,0.9240833093584038
780a0b_2022-04,0.5524954792063956
fc9334_2019-12,0.37652565832783585
7bf5c9_2015-03,0.0007061033680455365
7bf5c9_2020-04,0.5575376592287175
83894c_2022-09,0.5387549113766663
87cfea_2022-07,0.45614716350932855
8fb6f0_2017-06,0.05146789792343156
f1543b_2025-04,0.8545539283111458
83894c_2019-01,0.02108220769416744
731908_2025-07,0.4343956796972663
90abb1_2019-04,0.5672325599115416
8e41cf_2019-09,0.44937580894784257
8fb6f0_2016-12,0.03839200878905365
8fb6f0_2022-02,0.21990429954588434
e3af0e_2019-11,0.3038208788212671
b1de95_2015-03,0.015929727391915702
b59bc0_2015-11,0.006686772561817658
0f9e86_2021-02,0.4470163330713181
1b9e65_2025-08,0.7995672774525108
731908_2017-02,0.02786312437786326
731908_2023-04,0.7885875281226528
731908_2024-04,0.5326453881091443
8fb6f0_2020-10,0.9217800451542222
0f9e86_2018-07,0.13572754792640707
7bf5c9_2024-03,0.5848559252796189
f1543b_2023-09,0.8731518785657028
87cfea_2023-02,0.3100716118466789
731908_2025-08,0.7519857459515789
731908_2023-02,0.33512860964578034
9befc8_2022-02,0.21733317504794453
7bf5c9_2020-12,0.36576686919107637
99c11c_2019-09,0.04302886655354607
11f0e3_2020-02,0.2960971503199339
8fb6f0_2017-05,0.014248317340005976
9befc8_2020-03,0.25816589062244355
7bf5c9_2018-03,0.035092048244876016
7bf5c9_2024-04,0.5678800574027062
92dcdd_2021-11,0.05560775901492419
87cfea_2022-01,0.3308514514668966
731908_2025-06,0.6482981067317116
11f0e3_2023-06,0.21655347189437812
b26809_2019-11,0.7997376461000172
87cfea_2020-07,0.8068208463626427
f1543b_2021-12,0.35344999689735157
f500c5_2021-08,0.6607317967797139
87cfea_2021-06,0.4229881563668033
f1543b_2018-06,0.04163569695419869
f500c5_2022-03,0.47879542679367587
f500c5_2025-02,0.40051429462556776
f1543b_2018-12,0.05124022356499939
87cfea_2025-06,0.560882636241289
11f0e3_2024-05,0.5754090075036589
99c11c_2021-06,0.387244914200639
11f0e3_2022-11,0.3809058227676147
780a0b_2020-06,0.9354184291183368
7bf5c9_2023-03,0.36837582010404674
731908_2021-06,0.20841817658172668
780a0b_2018-09,0.06474972515491818
780a0b_2023-10,0.35663113271254193
f500c5_2020-01,0.08222678611220119
731908_2019-04,0.3437409093102876
11f0e3_2017-09,0.11171857729913075
fc9334_2023-02,0.7172933022312623
9befc8_2021-04,0.5513797269981925
f500c5_2023-07,0.4882985864702922
b26809_2019-07,0.42629282980030925
9befc8_2025-03,0.7843337210586966
b73bc7_2014-05,0.005848769807125628
83894c_2025-01,0.5014077670538437
11f0e3_2018-03,0.030547471439342878
780a0b_2023-05,0.44786993281855997
7bf5c9_2024-07,0.9406856373698415
83894c_2020-04,0.0941233754163958
99c11c_2020-06,0.3821104358078992
731908_2023-01,0.28898494710264794
c5816f_2014-06,0.011167412358178586
e361b7_2014-05,0.034782511418658985
f461d4_2025-01,0.9931062095000139
92dcdd_2025-02,0.980494180718683
5a0174_2015-04,0.010887640432623583
894378_2018-09,0.2692012110054402
c5816f_2017-05,0.17058226278272332
fd589c_2015-03,0.009514424205861707
14fe3a_2024-05,0.8570020023037083
8005b9_2019-06,0.4636181664556318
1698cf_2018-04,0.007931269130387563
8ec563_2018-07,0.7086665831799095
fd589c_2014-11,0.006803114073310705
60a0fd_2022-10,0.49480837284274204
e7a56d_2021-12,0.45537640881149605
8fabe0_2014-12,0.0018513018818365474
db4cd8_2014-03,0.0021891313437199717
5a0174_2022-08,0.8652579391152596
f461d4_2023-01,0.918962242682275
fd589c_2017-10,0.39276462165015436
db4cd8_2023-05,0.9465721500664107
d59611_2022-06,0.6897781131176604
6838b9_2019-09,0.005975650481032818
894378_2016-02,0.005662395371156299
e7a56d_2016-04,0.008187547814349513
34889b_2019-06,0.4201280400877527
14fe3a_2021-07,0.9330433201637861
6224d0_2019-05,0.17014648085797474
34889b_2018-05,0.03112991511971723
987bc1_2018-02,0.010059315177883825
c5816f_2017-07,0.14154171438213822
6c1954_2022-02,0.04761713800921034
e361b7_2016-03,0.0021140321328017883
5a0174_2014-09,0.004756790042340741
14fe3a_2019-01,0.8239050711400944
9af74c_2022-08,0.8858992471118771
1698cf_2020-01,0.8722091067529727
77b3b9_2015-01,0.003969711494866175
894378_2019-08,0.6508462234958879
19fa84_2015-08,0.0048699890497525865
18defd_2018-05,0.04219528788265919
c48018_2025-03,0.8477769490726358
4718d7_2022-03,0.97211053033648
8005b9_2019-02,0.08909201025695983
8005b9_2021-08,0.9512630094250811
0874ee_2022-02,0.0718739508392111
19fa84_2020-12,0.7134553575374455
c48018_2024-12,0.9171633984082781
8fabe0_2024-04,0.9287623173040999
175155_2019-11,0.9297792229844081
fc77d0_2018-04,0.006595557992049586
77b3b9_2022-04,0.9591687580071668
e7a56d_2017-04,0.10299150320521584
e7a56d_2022-11,0.6430072922071391
18defd_2024-12,0.9958543855417599
f461d4_2024-11,0.9009594670318669
259a19_2021-11,0.9765436893021211
d59611_2015-01,0.0022351476366184804
14fe3a_2024-01,0.9922500309147239
4fb2d3_2019-12,0.7043706118714548
1698cf_2018-05,0.04420636230239146
77b3b9_2019-09,0.46805538936879404
894378_2017-06,0.13611310905824986
e361b7_2017-10,0.15428939728272834
e361b7_2025-08,0.8045528905984276
e7a56d_2019-06,0.43038132959744047
c48018_2015-01,0.00933056114251062
b416b1_2024-07,0.9560682693341357
259a19_2023-04,0.9772092113149496
db4cd8_2017-08,0.2167595545220749
d59611_2024-08,0.9302023377410036
948a11_2023-12,0.16887127950686642
6f5e2b_2018-03,0.15150028561469553
fd589c_2016-07,0.09304343882329545
e4bc80_2017-06,0.14318261551773043
e4bc80_2017-08,0.1800575365200018
c48018_2023-03,0.0731480524962979
c48018_2025-05,0.9018479332947446
b416b1_2022-08,0.31244524072399354
14fe3a_2021-08,0.9403637131597276
34889b_2023-09,0.8977835335145871
c5816f_2015-03,0.015321174247164704
c48018_2014-11,0.01023778763911416
4718d7_2020-03,0.989281974099961
b416b1_2018-05,0.010009277837647119
bc4c03_2019-04,0.5458595320698103
34889b_2019-11,0.3031640861967354
f4d28d_2024-07,0.037464061987764016
987bc1_2018-05,0.007795511808236206
c5816f_2017-06,0.1764536314731476
8fabe0_2025-02,0.9505479366526592
b416b1_2023-11,0.9716480685368062
4718d7_2022-10,0.7456991319248644
f461d4_2022-08,0.9592990823853031
1822ea_2017-04,0.7169451966899812
894378_2016-05,0.0039015721226672087
8ec563_2017-12,0.5687982107577854
4718d7_2020-01,0.9788547789544394
8fabe0_2019-12,0.950815090251374
9af74c_2015-04,0.016895927605442146
f461d4_2018-10,0.5939824441588232
f461d4_2022-01,0.9817493372043593
9af74c_2023-05,0.9255662386055807
c5816f_2020-02,0.6436843323311933
e7a56d_2022-02,0.7868311082090469
5a0174_2019-06,0.26013419594354453
b416b1_2019-11,0.47771343039399566
1698cf_2025-01,0.9877158138093137
4fb2d3_2018-01,0.09498705317204316
18defd_2019-12,0.7265134369164679
8fabe0_2015-01,0.0018733637592233995
6f5e2b_2025-01,0.9535878349842603
259a19_2018-12,0.24542866379211764
d59611_2024-09,0.791680306445841
14fe3a_2025-06,0.5017765963376709
77b3b9_2021-07,0.8764609214335302
d59611_2022-01,0.9879921049732563
34889b_2018-04,0.007426998520853792
34889b_2024-05,0.9662900616118627
987bc1_2018-12,0.04728273987654253
894378_2015-01,0.008811581570847948
bc4c03_2019-01,0.9038697350225151
a25664_2019-08,0.4106960934979187
e3af0e_2018-05,0.055977370601405674
c48018_2025-07,0.9333003549368706
5a0174_2025-02,0.9039147351393133
5a0174_2023-04,0.922520664082432
c5816f_2016-08,0.12863459018976986
e4bc80_2017-11,0.3425878827379095
e7a56d_2025-03,0.9489242009614698
6f5e2b_2024-12,0.9339673287901639
d59611_2022-04,0.6541524510686557
d59611_2024-11,0.7515711634702638
14fe3a_2025-04,0.8877130630894852
06534f_2018-03,0.8903706893003573
6f5e2b_2015-01,0.0029803950238630403
f461d4_2014-09,0.004655756871237723
bc4c03_2020-03,0.9935830037532333
e7a56d_2023-04,0.31738223010743155
c48018_2014-12,0.009304334066442167
d59611_2021-05,0.9784729150568156
259a19_2014-12,0.0017956207116590125
f4d28d_2024-11,0.011980060258370284
c5816f_2016-04,0.07976209505771577
fd589c_2014-07,0.014508197408060136
e7a56d_2024-05,0.9939061951104358
18defd_2024-05,0.7884784529588964
4718d7_2018-06,0.029306858886370406
b416b1_2023-07,0.9702108460396922
f461d4_2014-03,0.01135801228870933
259a19_2018-05,0.029928418863230343
d59611_2024-12,0.8093019737185686
6f5e2b_2017-06,0.10113287349159111
1822ea_2019-07,0.7677772557217014
fd589c_2021-05,0.9160377673149356
90abb1_2024-09,0.9540575360132887
8005b9_2025-05,0.9859404483503889
db4cd8_2021-11,0.9332931777459669
d59611_2020-01,0.8057372116067631
375f2e_2019-07,0.10460840895454479
c5816f_2014-12,0.010915007983838335
c5816f_2019-07,0.9275908109325451
e7a56d_2022-06,0.2723434013607223
c48018_2024-07,0.8257260739098904
f461d4_2022-03,0.9875888159434698
d59611_2019-05,0.4980914974509625
8005b9_2022-04,0.557205092467127
b08ec1_2019-12,0.37917800850514255
06534f_2018-12,0.6507148483131537
259a19_2023-01,0.8627596807418614
1822ea_2023-06,0.8181762207315013
b08ec1_2023-10,0.9789019092279109
375f2e_2020-02,0.9849417879411774
edda84_2025-04,0.015449830950816352
8ec563_2014-07,0.007341859888444934
fd589c_2014-04,0.01887494162574237
18defd_2024-10,0.9907297794055462
34889b_2024-01,0.9124776060024112
8005b9_2023-08,0.9676894675680926
bf6f0d_2015-09,0.004518550937225294
259a19_2022-06,0.7609596796317247
db4cd8_2023-04,0.9872691495578287
4f2b6b_2024-07,0.04551483591061374
4718d7_2025-06,0.7237148542782339
77e86b_2023-10,0.9103357386029673
7e646c_2024-08,0.0216366854493079
ab32d7_2023-05,0.010351105712857835
74b7d1_2024-03,0.7285455962735284
7e646c_2024-11,0.041683774129387306
5ecf9b_2022-08,0.028691869700526753
6da35b_2023-08,0.02079352234265344
7e646c_2023-12,0.005507082128199979
6f5e2b_2023-12,0.9889590572485382
259a19_2023-11,0.9502779797735779
1698cf_2024-07,0.9748753504361872
6da35b_2023-06,0.005961880153084661
74b7d1_2022-08,0.4030683945437551
0ffc2d_2023-06,0.11806058841342353
7e646c_2022-10,0.00528383494461835
8fabe0_2023-11,0.9230349846503609
0ffc2d_2023-05,0.19133826719810687
1698cf_2023-06,0.8489113418986627
8fabe0_2024-01,0.9916003470605842
11f0e3_2016-02,0.002449775587124677
11f0e3_2018-06,0.23420292565430081
60a0fd_2018-06,0.4593222853954209
0ffc2d_2024-05,0.6292237895105611
6f5e2b_2024-08,0.7837181558686016
11f0e3_2016-05,0.0035735796913776885
9befc8_2018-06,0.11104357666537773
77e86b_2025-03,0.7673425730699848
259a19_2024-03,0.9738479765494773
5ecf9b_2023-05,0.003344647187339219
5a0174_2024-03,0.9953182923733153
9befc8_2017-12,0.06787586670948877
0ffc2d_2020-07,0.004517867716397386
6da35b_2023-12,0.010196127529933884
7e646c_2023-06,0.005612149943771219
9befc8_2018-08,0.304195119745799
11f0e3_2017-10,0.12466456092862095
0f9e86_2015-12,0.004226401387108514
b0ff51_2019-12,0.997518067538889
b59bc0_2022-04,0.9953553812327877
99c11c_2023-10,0.3331343584582027
0874ee_2014-12,0.007837955941079206
8d0588_2019-07,0.8925160127213766
0cecbd_2019-09,0.3215439107731445
439fde_2019-07,0.1345553831545563
8d0588_2020-06,0.9987481149238447
8d0588_2022-12,0.9691512474100653
8d0588_2025-02,0.9902504934275665
b59bc0_2015-04,0.06601232560599972
0cecbd_2018-02,0.009800779983145044
8d0588_2018-08,0.9864964054127588
b59bc0_2020-06,0.9990103774124558
8005b9_2022-02,0.8284173937248037
b0ff51_2019-02,0.9547961021363744
99c11c_2024-08,0.39431023913888313
b59bc0_2023-06,0.9469543405135579
99c11c_2018-01,0.0013532264588680938
b59bc0_2016-06,0.8160981545052719
b59bc0_2020-12,0.9961227127867663
b0ff51_2021-06,0.9925266127451204
8d0588_2024-08,0.9710264781934806
b59bc0_2021-02,0.9952901382036199
0874ee_2014-09,0.00376571004459916
8d0588_2019-03,0.88784062962569
b59bc0_2016-08,0.7239112106314516
b0ff51_2021-01,0.9991757453074189
77e86b_2025-05,0.9701461312459777
b59bc0_2021-05,0.9975531730420949
b0ff51_2019-09,0.8979582604577713
439fde_2019-12,0.632033699786924
74b7d1_2019-04,0.35135614837017665
8005b9_2019-11,0.5171015756270041
b59bc0_2018-06,0.8264753739981827
b0ff51_2018-12,0.9451694584968776
439fde_2014-12,0.012146038417074987
439fde_2020-12,0.9807210935653935
8d0588_2017-02,0.45270807969140997
b0ff51_2018-04,0.5409861224893885
8d0588_2023-01,0.9830893174537353
8d0588_2021-05,0.9984000131977063
b0ff51_2015-02,0.022551939197015765
8d0588_2024-05,0.9941941201816634
b0ff51_2017-05,0.5825712855423341
b0ff51_2024-10,0.9911433827420308
b0ff51_2024-06,0.9992927043195928
83894c_2018-04,0.012770475347956998
b59bc0_2014-10,0.019035300534070126
b0ff51_2023-05,0.9951427405762999
8d0588_2014-12,0.018771171569434107
8d0588_2020-10,0.9842247318886235
34889b_2020-02,0.41267542410287844
99c11c_2019-10,0.013119688187529942
b644ac_2024-03,0.028699928951958227
34889b_2022-11,0.45997957524590455
8005b9_2020-03,0.9672535974063182
dc4b5e_2022-09,0.07264650168622766
b416b1_2020-02,0.8742229514780848
87cfea_2017-02,0.0013065123584184207
a25664_2018-02,0.00915464577774219
d59611_2023-02,0.8229117443332435
987bc1_2024-09,0.9403601609178113
e60b65_2024-02,0.9436159400732307
175155_2020-12,0.9545865347819263
175155_2021-02,0.9596660142359824
5a0174_2021-05,0.9928182000665824
a25664_2015-03,0.0031228299298883405
fc77d0_2020-08,0.6921442519730955
175155_2019-10,0.2875886467530822
6224d0_2020-09,0.9322213626267115
fb737b_2022-10,0.13356545254538996
8fabe0_2021-07,0.9846008378965796
259a19_2022-01,0.9793665421104916
259a19_2022-05,0.9482067735353436
a42d13_2021-07,0.9904130156511125
5a0174_2023-08,0.9342552586780413
8fabe0_2022-09,0.9265088432624206
532867_2024-07,0.011091000243495746
e60b65_2017-04,0.26850287939149925
e60b65_2018-06,0.01685445556755564
a42d13_2019-07,0.9046568640659665
a42d13_2023-01,0.9910585931078034
a42d13_2024-09,0.667784828779146
987bc1_2019-03,0.29062105892309137
175155_2020-09,0.8155685207774687
175155_2023-09,0.804075601639463
259a19_2019-09,0.7251636807878679
8b98f3_2025-03,0.2778771427662753
175155_2023-05,0.8130480741921873
6838b9_2024-03,0.985674688039713
4718d7_2023-08,0.9760637255106823
8b98f3_2024-06,0.20298341123178135
f25ffe_2023-10,0.025425811086985987
0874ee_2019-08,0.27257387804383043
6224d0_2022-06,0.8159217989866815
6224d0_2024-11,0.9940137732665908
175155_2025-06,0.9143239460025431
a42d13_2018-02,0.05675430671871607
a42d13_2022-12,0.9911762816806234
34889b_2014-05,0.004306450585092599
1698cf_2021-09,0.9550263291225948
1698cf_2023-05,0.9463503921058294
4718d7_2017-04,0.054162987094878774
4f2b6b_2023-09,0.0027531179429325413
175155_2022-04,0.7943477675320271
a42d13_2024-12,0.990035120595079
7199cf_2024-01,0.03239299058361787
fb737b_2022-02,0.030577018335228173
c3a69f_2017-09,0.058877810531548294
0874ee_2018-10,0.576309682587033
1698cf_2024-06,0.906450548591373
f461d4_2019-12,0.9329367246800773
6838b9_2023-04,0.9477407832842177
9b46ed_2021-08,0.7603349480537126
8b98f3_2025-06,0.22420987018378088
987bc1_2018-03,0.08731766710154845
77e86b_2024-09,0.8305393350416559
175155_2020-08,0.6039470248901282
a42d13_2019-05,0.9552247075045031
f25ffe_2025-08,0.20355476983039672
4fb2d3_2022-09,0.32073561282515933
4fb2d3_2024-10,0.9005227050370044
6224d0_2025-03,0.9811887794311935
a25664_2024-06,0.9654166460986748
f25ffe_2024-06,0.005001924473239178
0874ee_2018-02,0.010131999449356348
175155_2019-04,0.25856696129204165
a42d13_2019-11,0.877280291998794
532867_2025-08,0.008333094575331977
ab32d7_2025-06,0.20743690157212863
0ffc2d_2021-02,0.022155497261093136
0874ee_2017-04,0.17813462393050528
6224d0_2024-10,0.929407594163071
1822ea_2022-01,0.9928879873222407
92dcdd_2024-10,0.9396550934439396
8fabe0_2020-02,0.8704591339300369
a25664_2022-11,0.9561567911047152
b644ac_2024-12,0.008870988180308561
6f5e2b_2022-08,0.854873055896291
92dcdd_2024-06,0.78051081797278
0874ee_2021-11,0.34437403146666035
1b9e65_2024-09,0.7408839712395888
fc77d0_2025-08,0.8616917275702598
a42d13_2019-10,0.8495889113659394
cd0e60_2023-02,0.015670004258974277
439fde_2019-02,0.05815747710569697
db5006_2024-11,0.8885434973168944
a42d13_2021-06,0.9874840470578489
9af74c_2014-09,0.014475595938331141
4fb2d3_2014-07,0.018117504036058003
db4cd8_2025-07,0.8976134832134401
94f933_2024-03,0.0013258920971104943
175155_2022-05,0.794864617023928
175155_2022-09,0.3200075768892722
14fe3a_2017-02,0.14673761765940177
987bc1_2023-09,0.8553025425093573
4718d7_2023-04,0.8922597561824629
8fabe0_2022-05,0.9888374777999547
175155_2023-01,0.9862104118943824
e60b65_2023-05,0.4967109904074937
259a19_2018-01,0.31059879074169044
a25664_2021-03,0.9745074327756186
ab32d7_2025-02,0.0766928339775037
29849f_2023-08,0.9841152294559729
f461d4_2023-05,0.9473562201375496
5ecf9b_2022-09,0.01555663674416428
0874ee_2018-11,0.4858952646128138
0e8d73_2023-10,0.0038691854556869676
a42d13_2023-06,0.3912874136614065
a42d13_2024-10,0.8442493541717788
4718d7_2022-05,0.967990697476904
8fabe0_2020-09,0.97599413453365
8b98f3_2025-02,0.07157012200968442
0ffc2d_2023-02,0.014932666821337384
fc77d0_2024-12,0.9925255891303318
1698cf_2021-08,0.9644254363524587
5a0174_2023-09,0.9165157012764817
77e86b_2024-10,0.9922586893764106
ab32d7_2024-07,0.15055609992100166
6838b9_2023-05,0.7982886892768386
e60b65_2024-08,0.6587847259249849
8fabe0_2021-01,0.9681636816961641
6f5e2b_2024-07,0.8563048186310426
a25664_2016-08,0.002708401921251289
c48018_2023-12,0.4940249675487048
8b98f3_2025-04,0.20459674027750147
532867_2025-06,0.008384648031229342
77b3b9_2022-11,0.8825863027481847
bf6f0d_2019-02,0.07661351000086615
6f5e2b_2016-03,0.019146860971533418
b416b1_2019-04,0.33034847445082344
b08ec1_2019-01,0.3566930445933701
375f2e_2025-08,0.910758216785034
948a11_2024-10,0.43532634720359137
b08ec1_2014-10,0.006961972820194172
bf6f0d_2018-02,0.019027269582766564
948a11_2023-09,0.0029734714175709324
948a11_2024-11,0.7737926036812716
9befc8_2024-01,0.8278213901555604
1b9e65_2023-12,0.5486626788248462
1822ea_2022-06,0.8856292478803184
77b3b9_2025-03,0.9914953168836511
bf6f0d_2018-03,0.10751433412130218
5a0174_2021-08,0.9448199018838361
e7a56d_2021-10,0.9341995358493159
8005b9_2024-02,0.9695537862364861
77b3b9_2022-05,0.6586747419454039
bf6f0d_2019-03,0.29825050979692586
9befc8_2024-09,0.7000274847372345
6224d0_2014-07,0.010478095379708322
4f2b6b_2023-11,0.005054798784984039
bf6f0d_2024-03,0.8035449888823503
6838b9_2024-07,0.6131110130175228
90abb1_2019-09,0.29631552017283136
375f2e_2021-09,0.8194097438234169
948a11_2022-04,0.000978203822382325
77b3b9_2021-05,0.9236653779459171
375f2e_2022-03,0.9972078705529924
bf6f0d_2023-03,0.9315158453273263
731908_2022-05,0.5051203786419745
1822ea_2024-07,0.9501108011501095
fb737b_2021-11,0.10866455627574732
e60b65_2016-08,0.09902625232561676
1822ea_2021-04,0.9962343066794672
e60b65_2016-06,0.1619781177442683
1996b0_2025-03,0.44066905372669074
4ee2d2_2024-09,0.0027589104407273546
bf6f0d_2019-01,0.4271911434184917
1822ea_2023-02,0.8026793021789596
e60b65_2016-12,0.15123279078819096
1822ea_2017-06,0.3168463843253612
6f5e2b_2016-04,0.043967337212130975
c48018_2015-04,0.027325006735595653
90abb1_2022-05,0.8217069503930795
29849f_2025-07,0.9552174931089787
531356_2025-06,0.9195564043225682
987bc1_2016-03,0.0015954402649194098
545d15_2019-11,0.0025466876557835973
7a007d_2024-09,0.6602660570499133
e83244_2020-06,0.9585987325864397
db5006_2020-12,0.9020859318150368
db5006_2021-10,0.9415206037339617
b73bc7_2018-01,0.8025446983978004
531356_2023-07,0.9740111004029997
e83244_2021-12,0.9738092822888235
29849f_2023-01,0.46465654642668514
e2314a_2018-09,0.08738250069506007
e2314a_2019-04,0.430299675848114
0cecbd_2019-01,0.0222772267812487
7a007d_2018-06,0.04839599694021581
c580aa_2024-01,0.9976001116204564
b1de95_2025-08,0.9960717339153705
f4604d_2023-02,0.41279720508056095
531356_2022-12,0.3207351554094496
531356_2024-05,0.9138149936367791
1b9e65_2021-12,0.9174602313837251
e83244_2023-03,0.8484969158996192
e3af0e_2014-09,0.01002140898198424
7a007d_2018-01,0.2070943623815955
3db670_2024-04,0.9955130559333304
f4604d_2024-08,0.9748784891169356
531356_2020-03,0.9856656245701138
60a0fd_2015-04,0.008406606614758214
1b9e65_2017-11,0.16507007751702027
829a72_2015-04,0.0026600257171201977
0cecbd_2018-06,0.20716563762474355
b1de95_2025-02,0.9927957827847036
f4604d_2024-02,0.9116681604825084
0cecbd_2020-10,0.9862692203807573
0cecbd_2023-07,0.8225392648073212
1b9e65_2018-08,0.18447495708113
06534f_2024-03,0.9966954544902042
0cecbd_2023-09,0.30871786124513
0cecbd_2024-04,0.6476741188334391
b73bc7_2024-10,0.9966534468896341
545d15_2018-10,0.007369334232523803
531356_2018-04,0.010199816800172224
e83244_2016-01,0.0016982172298472171
e83244_2016-02,0.0015744931367931074
db5006_2022-03,0.6854962361624543
3a13b3_2023-07,0.9971467229996559
1b9e65_2021-06,0.9522477251321888
1b9e65_2023-02,0.36809819284452844
af81b0_2019-04,0.36604977100943586
e2314a_2023-05,0.9242069427725514
b1de95_2025-05,0.9571320966744797
e3af0e_2014-11,0.002911427896078227
98a151_2015-04,0.006547572863939288
3a13b3_2024-12,0.99860682005611
f4604d_2023-05,0.41941141803247933
1b9e65_2023-08,0.9837555713484241
7a007d_2024-11,0.4401528290722075
e83244_2022-09,0.9836629563486062
3db670_2023-09,0.9958219744854536
3a13b3_2018-02,0.03924261610132936
e83244_2020-10,0.9767382412347315
06534f_2023-08,0.9903387061022793
e2314a_2015-06,0.0027407710261422953
b1de95_2020-03,0.9914453483272506
db5006_2019-11,0.47321848219054075
175155_2024-09,0.904643588366105
987bc1_2021-04,0.9906486867622728
545d15_2019-09,0.0020877491916298997
e83244_2015-07,0.0069195311151597555
e83244_2018-01,0.1368847365189499
c580aa_2025-02,0.9828331709675261
3db670_2023-06,0.9918869637128296
f4604d_2023-07,0.8360122513893972
0cecbd_2022-07,0.6931843536788295
0cecbd_2024-10,0.9889180813661903
7bf5c9_2019-01,0.19199085718472733
c580aa_2023-06,0.9923808471720369
db5006_2023-10,0.9905601035894047
b73bc7_2023-08,0.9957171716052546
1b9e65_2015-01,0.01658942426373097
1b9e65_2019-08,0.49623113858812
e2314a_2015-03,0.0011042853918486458
e83244_2017-10,0.16760774983645568
3db670_2018-05,0.3422390850469973
db5006_2021-04,0.6049189991731273
b73bc7_2025-08,0.9928982553415995
f4604d_2018-12,0.0867720234512502
531356_2019-04,0.21167280965375637
0cecbd_2025-03,0.9905936735209211
db5006_2025-03,0.7956548071826574
29849f_2019-04,0.19148903192122643
e83244_2017-04,0.039966412097687164
e83244_2022-08,0.9721173157509561
e3af0e_2018-03,0.21376512175186124
c580aa_2020-03,0.9912708946267753
29849f_2024-02,0.8633973683072825
e2314a_2018-06,0.0482267379286481
7bf5c9_2019-11,0.38706611407957875
db5006_2019-06,0.43241620314630913
b73bc7_2020-02,0.9621133798881991
e2314a_2024-08,0.8710199508108033
e2314a_2024-12,0.9486243531474922
0cecbd_2019-06,0.2532092806339772
0cecbd_2022-04,0.7977207927929982
0cecbd_2024-03,0.9575877359102295
f1543b_2017-10,0.09060959116540417
e83244_2015-11,0.0053568881868669115
e83244_2017-01,0.02427699633967057
e83244_2019-04,0.7791626115028201
06534f_2024-01,0.9738130053314374
06534f_2025-05,0.9624254508201026
b73bc7_2015-09,0.0009845619451843055
db5006_2023-12,0.8128353168137693
29849f_2024-04,0.8378277983528318
f4604d_2019-01,0.085296886358205
f4604d_2023-01,0.4910508480317008
e83244_2019-01,0.04067151768819419
7a007d_2019-03,0.11889209167839442
db5006_2015-07,0.0008534285085999851
3a13b3_2025-01,0.9985678368411274
0cecbd_2025-01,0.9738346631804679
7bf5c9_2019-12,0.17148622051325824
3a13b3_2018-05,0.03550217150586688
1b9e65_2024-04,0.7758742790575206
e2314a_2017-03,0.026591861419653657
0cecbd_2024-07,0.8903376246927761
7a007d_2018-04,0.02893339790135746
e2314a_2016-11,0.07979458929471075
e2314a_2022-03,0.9874477078584961
531356_2015-11,0.0018289307192834302
b73bc7_2019-12,0.9905073658987841
7e646c_2024-07,0.008225530873769366
022433_2021-08,0.0016705667586809194
f4604d_2018-04,0.01632552162607843
c5816f_2017-12,0.3808676939847164
780a0b_2018-08,0.0825563316234998
022433_2021-02,0.01963093106087827
c580aa_2019-04,0.9680727921709649
29849f_2019-06,0.22519851327107626
af81b0_2019-05,0.4593343717101824
af81b0_2023-03,0.4988657092937412
c580aa_2018-02,0.6300079613749341
531356_2018-03,0.033811143014584426
829a72_2019-06,0.3377762588271658
7e646c_2024-10,0.034605244290651434
94f933_2025-04,0.06864593355303192
29849f_2018-06,0.05018580135231077
b73bc7_2020-01,0.9399433407457128
022433_2024-06,0.12462337158882131
3db670_2018-04,0.16412362488281684
29849f_2018-11,0.7237957983548762
98a151_2024-12,0.8328039500720887
bf6f0d_2019-06,0.24053358092413143
c48018_2015-11,0.002694932022725813
34889b_2023-02,0.25161244425781143
b07578_2025-08,0.09425911277626826
1bdb97_2025-08,0.08176511335186723
6224d0_2024-12,0.9766667013920582
e60b65_2025-07,0.9022995513030682
531356_2021-11,0.9808100393037316
375f2e_2022-11,0.9622080221960252
b416b1_2015-04,0.01242879589116433
531356_2020-08,0.968351711831773
1822ea_2016-10,0.014585372301083172
bc4c03_2017-01,0.22995977547391536
af81b0_2014-08,0.00269301303819649
7199cf_2023-09,0.026459090399929074
bf6f0d_2014-05,0.008250563609570096
bf6f0d_2015-01,0.0027893445161103723
439fde_2015-04,0.0091183412623829
b07578_2025-02,0.04561898180627155
6f5e2b_2018-07,0.34491128233349694
531356_2017-10,0.09901192630349574
af81b0_2014-04,0.002998534133265299
4fb2d3_2014-11,0.0062332612789770606
7199cf_2025-06,0.2529430199897626
e83244_2022-12,0.9743595215647938
8005b9_2017-04,0.6718118848959138
bf6f0d_2021-12,0.8995056126678972
f4604d_2021-02,0.9515427993084379
531356_2020-11,0.9809946391657101
1b9e65_2016-05,0.003627136153133841
1822ea_2018-01,0.14480669629717435
948a11_2022-03,0.0017817946509946845
948a11_2023-04,0.001088790865672926
b416b1_2017-11,0.08342514553949695
5a0174_2020-10,0.9654941305999075
f4604d_2021-06,0.9654487050560487
a97df3_2025-07,0.8586076651022204
b1de95_2025-04,0.9513493196648634
375f2e_2024-07,0.9952840443559919
77b3b9_2025-08,0.941141073900349
531356_2021-03,0.9572508181898781
e2314a_2022-10,0.9816168013921369
1822ea_2020-01,0.9796162097449277
f4604d_2021-03,0.9564089364341236
1b9e65_2016-03,0.004094284552890789
99c11c_2017-09,0.0011252940375848246
29849f_2017-09,0.44401403838428505
b73bc7_2022-12,0.9955055227224183
bf6f0d_2014-09,0.012842686461966438
bf6f0d_2024-10,0.8663834383317688
f4604d_2020-04,0.9701669698317508
f4604d_2022-02,0.978074492057536
1b9e65_2016-01,0.006890034011677925
06534f_2024-04,0.9104022648128867
8005b9_2017-10,0.37263148893196724
bf6f0d_2018-08,0.26037670797144774
bf6f0d_2020-09,0.8848254138268541
dc4b5e_2024-07,0.8317645895182662
bf6f0d_2022-10,0.40628983554208375
f4604d_2016-07,0.0022838545849966723
375f2e_2024-04,0.8690915820447733
1822ea_2017-02,0.4996713338218266
bf6f0d_2022-02,0.994705887134092
e60b65_2023-08,0.5190213014287132
29849f_2021-02,0.9807856202569601
29849f_2016-07,0.009660328758645892
b07578_2025-03,0.035199463364979255
293190_2020-03,0.8664538320900923
293190_2020-11,0.18220867114590758
b08ec1_2014-09,0.00883875740162887
4fb2d3_2016-12,0.0739586672387818
db4cd8_2024-08,0.8098951664871975
92dcdd_2023-02,0.8226287116418696
2ab8ad_2019-09,0.05145922446189299
c5df88_2025-03,0.9750980422486998
dc4b5e_2019-07,0.008443086355617548
293190_2015-08,0.0015816140066336596
2ab8ad_2018-11,0.5411828859353214
e3af0e_2023-06,0.9625018915318098
9b46ed_2015-06,0.0010784347725650515
293190_2015-06,0.003478222132117531
293190_2019-09,0.09769226625110744
e2e0ce_2016-11,0.11855578584349649
e2e0ce_2020-07,0.3732062809182782
92dcdd_2022-11,0.7513349507475913
9b46ed_2017-08,0.27000685156093895
a42d13_2024-07,0.6314417294769604
c5df88_2024-06,0.9685870302190617
cd0e60_2022-01,0.4530092262430622
bc4c03_2014-10,0.01555886331355335
98a151_2019-02,0.3303026049712894
60a0fd_2020-03,0.9621657516396914
c5df88_2026-05,0.9778178713362462
c5df88_2019-09,0.07030758970277198
6838b9_2022-01,0.49942241873632104
2ab8ad_2020-11,0.8487592395638455
9b46ed_2017-01,0.16282302423057277
9b46ed_2018-10,0.38347591750452326
2ab8ad_2025-03,0.9885535746531504
c5df88_2020-09,0.9150777958947046
90abb1_2015-01,0.0036426734866984753
b07578_2025-01,0.062410414243384636
987bc1_2018-01,0.032451429902160885
c5df88_2025-10,0.9801713460717653
b08ec1_2016-12,0.08522683448565137
1bdb97_2023-12,0.2971899459248097
4718d7_2020-06,0.9820518465338312
829a72_2022-11,0.4093692729174366
60a0fd_2021-08,0.9940882388285974
9b46ed_2020-02,0.7500987059925085
74fb1f_2017-05,0.15266511741035185
375f2e_2018-07,0.11631564897573408
5a0174_2020-11,0.9571489516230501
f1543b_2014-04,0.012474114187131544
90abb1_2023-09,0.9318400364671436
9b46ed_2016-04,0.002166476025268676
3db670_2019-05,0.8723310829022716
06534f_2019-08,0.8169980474904361
0e8d73_2024-10,0.0037223782735771017
c5df88_2020-12,0.45306927377905837
c580aa_2014-04,0.010222681146664588
b73bc7_2014-06,0.005570319983060138
db4cd8_2025-01,0.9380198981039556
c5df88_2025-07,0.9797548592267507
88a9a6_2017-06,0.06306898563081612
e2e0ce_2019-07,0.17901255924201648
9b46ed_2021-01,0.9564849047033351
2ab8ad_2020-10,0.38786731848120326
6838b9_2022-03,0.48780243436484516
98a151_2024-02,0.7542649391575714
293190_2025-06,0.9894013687915229
88a9a6_2020-03,0.3580339340886581
cd0e60_2020-11,0.005320018578531772
1996b0_2023-05,0.0033379996566448764
11f0e3_2015-03,0.0011833820692802178
dc4b5e_2022-06,0.29539456351987237
1996b0_2024-05,0.004613750007443568
8b98f3_2024-10,0.2841462478698378
dc4b5e_2019-12,0.011642980738899163
60a0fd_2021-03,0.9220465107409389
1996b0_2023-01,0.004866352171260623
e361b7_2015-10,0.004123376573155086
f500c5_2022-01,0.5254043594134901
1822ea_2022-03,0.9975329534652045
f1543b_2020-03,0.15454231611251074
b1de95_2014-09,0.046685677299259355
e2314a_2020-06,0.9539627245200112
fc77d0_2014-05,0.0038615439257997965
b73bc7_2019-02,0.6824716822964377
fb34b4_2023-05,0.007774898549582906
b1de95_2019-09,0.958865135063851
6224d0_2015-01,0.0055464032866980525
e7a56d_2021-08,0.9443643316752359
92dcdd_2021-10,0.17018056896450562
06534f_2016-05,0.005050731455050357
b73bc7_2023-10,0.9969476458225048
9af74c_2015-12,0.014619836481905334
0f9e86_2014-09,0.00344125496290001
fb34b4_2025-03,0.3608529009103345
175155_2021-05,0.9909708910331818
6838b9_2025-06,0.7140014169427445
7bf5c9_2021-05,0.8899266406433941
9af74c_2016-02,0.0036218374735552533
3db670_2023-08,0.990052116990985
f1543b_2019-08,0.2014837338580698
06534f_2015-07,0.0017365553149150037
06534f_2016-01,0.002259028714074203
f1543b_2023-12,0.5260939049416995
f1543b_2020-10,0.31219239510797847
c580aa_2023-01,0.9960515958805678
74fb1f_2015-10,0.0033559991130257616
8005b9_2020-11,0.9928238209419482
375f2e_2015-02,0.005155889163070047
fb737b_2025-07,0.7863654203836861
bc4c03_2016-01,0.0037729249429484845
4718d7_2015-12,0.001328353859711945
c580aa_2024-09,0.9924356373402988
f1543b_2021-09,0.9828825729207441
8005b9_2017-05,0.7782395895929063
bc4c03_2015-08,0.0028678657969365166
7a007d_2023-01,0.9645561539217092
b1de95_2015-07,0.003014035062294151
987bc1_2022-11,0.9883683510454395
987bc1_2016-05,0.006722489397643556
b644ac_2024-07,0.009071717647162442
7a007d_2016-03,0.003969530143293059
b08ec1_2015-09,0.002705083560714687
fb737b_2024-09,0.2660804689586083
7a007d_2021-10,0.9520844732821985
f1543b_2022-06,0.9504702361290304
b73bc7_2017-08,0.43555879891208193
4ee2d2_2025-08,0.00443899110162505
7a007d_2017-10,0.19309861162055006
7a007d_2020-10,0.7677599080505285
77b3b9_2023-11,0.9979583892837507
bc4c03_2015-01,0.017191721238240646
9af74c_2017-03,0.2435020704223293
bc4c03_2014-11,0.004649088403811908
7a007d_2020-09,0.524229464144644
0e8d73_2023-08,0.0023517621545988358
74b7d1_2016-11,0.07096274998141229
c580aa_2017-08,0.8346816568104178
7a007d_2017-05,0.19353728196389558
74b7d1_2017-12,0.02571618855111348
18defd_2017-11,0.08627014719893912
c0f884_2025-06,0.03511794698557795
4718d7_2020-09,0.9709391393189355
7a007d_2022-01,0.9636953636635327
7a007d_2021-08,0.8950732016315376
375f2e_2015-05,0.006363871481911328
a42d13_2016-05,0.09785639319762596
dc4b5e_2024-04,0.7712857555580437
bf6f0d_2015-07,0.0038843348444415216
7a007d_2023-04,0.9657339292570739
b59bc0_2017-11,0.781793558162097
b59bc0_2018-11,0.9949965114897313
375f2e_2021-03,0.9836817727187879
8d0588_2017-11,0.9348722804420542
a25664_2019-09,0.23679940296018387
3db670_2025-06,0.9901172453021303
06534f_2022-12,0.9964810491011376
b0ff51_2015-08,0.012749367712560555
5a0174_2017-07,0.40169487243505
bf6f0d_2021-02,0.9780236865602359
8e41cf_2020-07,0.9745216764815465
bf6f0d_2021-01,0.820508727106617
edda84_2025-01,0.008273951675110773
e7a56d_2021-03,0.9236275007340137
bf6f0d_2020-12,0.8347203644644728
3a13b3_2018-11,0.9789580958535175
bf6f0d_2020-04,0.981475346138391
c3a69f_2017-04,0.02939003185421754
3a13b3_2023-06,0.9940453593545664
1822ea_2022-11,0.9870484593149391
af81b0_2023-02,0.30247727902089294
a25664_2018-08,0.16732835924312656
af81b0_2025-07,0.9413547979193494
af81b0_2015-08,0.001051593965080694
fc77d0_2020-05,0.9810037449942246
fc77d0_2015-12,0.0014859557043476882
bc4c03_2018-10,0.6570294372248013
92dcdd_2021-06,0.21769440173016255
8fabe0_2017-05,0.3319977048213873
fb737b_2024-01,0.7018990905408804
90abb1_2022-02,0.9937799890154932
dc4b5e_2023-10,0.6081948611348303
fc77d0_2021-03,0.9341432745545497
4ee2d2_2023-12,0.042872905782980864
af81b0_2017-04,0.14086960100221133
4ee2d2_2023-11,0.007552502691510255
c3a69f_2017-05,0.05050011773514781
fc77d0_2020-04,0.9379143674108067
6224d0_2018-01,0.044607706805866794
fb34b4_2022-05,0.02888443072408681
a25664_2017-03,0.1134067823026464
259a19_2022-02,0.9943827976052858
0cecbd_2016-01,0.0051404271815240115
f461d4_2021-02,0.9129318316458493
4718d7_2017-07,0.02649239548449208
e3af0e_2017-05,0.02390078499923228
987bc1_2017-08,0.19986551585369292
4fb2d3_2017-04,0.17846797746978268
1698cf_2017-12,0.05856135703711837
fc77d0_2017-03,0.5145547762958033
6c1954_2021-01,0.11878910910227669
b08ec1_2018-07,0.3294119199188285
db5006_2016-12,0.11612663749340786
d59611_2020-07,0.9862661505938568
8fabe0_2016-01,0.0015441238904743049
375f2e_2017-07,0.17264986449377903
af81b0_2024-01,0.9275040395742963
fb737b_2025-09,0.9620435259240914
510fbf_2025-07,0.7492401191311066
b416b1_2015-11,0.00747887459521325
af81b0_2016-02,0.0006488347130539938
b416b1_2015-10,0.0056326604801171425
af81b0_2015-07,0.001387538942662461
429b22_2025-08,0.006707693361909129
b08ec1_2017-06,0.15211714940655147
bc4c03_2017-08,0.032934719800787424
19fa84_2015-09,0.005493591307314765
4fb2d3_2018-09,0.11043999722560448
cd0e60_2024-04,0.9123375397495368
3db670_2016-03,0.002661611322474767
2ab8ad_2017-07,0.06875385519519969
c3a69f_2017-03,0.06540080550659808
cd0e60_2024-11,0.8605578108904008
7aa803_2015-11,0.0014309972429880006
cd0e60_2023-06,0.19601511958105358
cd0e60_2025-04,0.9130966356402934
cd0e60_2025-01,0.9211575335093317
c5816f_2020-04,0.9894784026439221
e2e0ce_2018-07,0.4730673555627869
8005b9_2016-02,0.012844577564465056
34889b_2021-04,0.9553513465158444
74b7d1_2015-07,0.003222612366564382
4718d7_2015-06,0.004899084653705049
34889b_2021-05,0.9659674181550775
7bf5c9_2017-11,0.021810962161741925
8005b9_2016-03,0.014682757579348508
6224d0_2017-03,0.01788121479482586
7bf5c9_2017-09,0.07323061391269693
375f2e_2016-07,0.0037821806154420406
8005b9_2016-08,0.043687313361846336
6838b9_2020-11,0.1095110625104447
293190_2015-05,0.013958129558384196
a42d13_2017-03,0.32790414134110535
19fa84_2015-10,0.0011415200941706338
fc77d0_2016-09,0.3106678084780601
1996b0_2022-10,0.016955232130072665
bf6f0d_2016-07,0.09802787364798426
6838b9_2021-05,0.31131367398766097
dc4b5e_2020-01,0.003272035250241983
0e8d73_2023-03,0.020047460247672292
175155_2015-06,0.015702618195573448
60a0fd_2017-12,0.3667853297405127
b416b1_2015-06,0.003457610801103325
0874ee_2017-01,0.38101059474066046
34889b_2017-11,0.16847055432426708
b08ec1_2020-07,0.9594086392098045
b416b1_2016-12,0.09192633189877025
b08ec1_2020-09,0.9665984115883838
b08ec1_2016-06,0.07421328337354957
9b46ed_2016-09,0.005362253965331088
a25664_2015-09,0.007335857133214305
c5df88_2018-07,0.22669692144357212
b08ec1_2020-08,0.9620218064624299
34889b_2020-05,0.9754597238020717
2ab8ad_2017-11,0.2388889173870277
b08ec1_2017-11,0.16223624810941475
dc4b5e_2020-07,0.012173529314326803
34889b_2020-10,0.927136519198029
2ab8ad_2017-08,0.10028120765479223
34889b_2017-03,0.33741880262316415
a25664_2015-12,0.0015233654071841148
af81b0_2017-11,0.19369703906457142
3a13b3_2020-08,0.9876862483281665
3db670_2020-12,0.9960097879834666
b73bc7_2021-07,0.9906250830332437
259a19_2016-10,0.21988679619750415
3db670_2016-07,0.004824107152494977
3db670_2022-10,0.9962702250937451
3db670_2020-11,0.9933318773946413
3a13b3_2020-06,0.9898897290052386
b1de95_2018-09,0.9637699615125797
b1de95_2020-10,0.9969776768584429
74b7d1_2016-02,0.0009233235667906117
0cecbd_2016-07,0.0017470387861651705
3db670_2022-03,0.9930028822733757
fc77d0_2016-02,0.006987719210462961
1698cf_2018-11,0.2835663884436117
a97df3_2021-03,0.22606154050066607
a97df3_2020-12,0.011629533436115499
894378_2017-09,0.28280039644966853
4718d7_2016-09,0.1632332910021825
99c11c_2018-09,0.027646341239982455
99c11c_2019-03,0.059724575002578155
b73bc7_2017-10,0.8163587161208783
99c11c_2018-07,0.09535389215605018
e7a56d_2016-01,0.007383614414136771
8ec563_2020-04,0.9396037866294161
8ec563_2020-07,0.9196914354893176
0cecbd_2018-07,0.29528689822121884
1698cf_2017-09,0.09154919929545462
829a72_2020-06,0.9636955887883176
e3af0e_2015-11,0.005802829146660318
e4bc80_2018-08,0.6915972840011103
db4cd8_2016-04,0.045093981139993175
b1de95_2021-02,0.9894172267147434
b1de95_2021-05,0.9898803895784654
98a151_2015-05,0.0027170788511706127
b73bc7_2022-09,0.9971628514569558
b73bc7_2022-07,0.9945999977684452
0874ee_2017-12,0.1300932206440254
c580aa_2022-04,0.9930054667524665
9f1aa0_2018-09,0.4211875834616282
bf6f0d_2016-01,0.003092767873790833
af81b0_2022-04,0.9785417336780976
af81b0_2020-10,0.9349163388943729
af81b0_2022-02,0.9722130900735364
af81b0_2021-02,0.9605117123317778
c580aa_2018-10,0.9407233319864114
e7a56d_2014-12,0.012298029161323885
b1de95_2017-10,0.5350879314744234
e7a56d_2020-07,0.9143073708210708
18defd_2015-11,0.02513355119993318
e7a56d_2020-04,0.9626847257720325
259a19_2016-06,0.32113617268450284
18defd_2022-01,0.5619637042957497
e7a56d_2017-10,0.2147017117811851
c48018_2020-07,0.9410156476684614
c48018_2021-05,0.6648205913135629
e7a56d_2021-02,0.9282303699032748
c580aa_2017-11,0.8166576013487377
1822ea_2016-03,0.005654793858729278
c48018_2020-05,0.9605667374325466
db4cd8_2016-06,0.2636823669787013
18defd_2022-02,0.6273887888194422
18defd_2018-07,0.44928641300528616
175155_2017-09,0.3499375523188011
18defd_2015-10,0.001117167516214388
18defd_2022-06,0.6045026042047638
18defd_2020-04,0.9502205430238523
1822ea_2015-12,0.0020257145973767736
259a19_2017-12,0.21469881513868516
c580aa_2015-10,0.001397666453812642
5a0174_2016-02,0.002968320730186015
f461d4_2016-01,0.0035426155227973846
8fabe0_2017-07,0.3363801377919482
4718d7_2021-02,0.9399843588180924
e3af0e_2016-05,0.043686167983624534
8fabe0_2015-06,0.006696789730700952
8ec563_2017-08,0.29229517525582493
8fabe0_2018-07,0.8199475695565474
5a0174_2021-11,0.9733948343410935
4718d7_2017-05,0.10210034009447332
b59bc0_2016-03,0.12217989830372604
1698cf_2020-12,0.9023721911525617
829a72_2020-12,0.9689075121156734
5a0174_2016-09,0.19361613635587185
829a72_2015-05,0.0010084082440143067
60a0fd_2016-02,0.001999646743061574
60a0fd_2020-05,0.9573283722142459
8fabe0_2018-08,0.5783850246663538
90abb1_2016-06,0.30831651594590703
60a0fd_2016-03,0.0023427395816544754
4718d7_2020-05,0.9865344998567951
5a0174_2025-09,0.8691932591753462
b59bc0_2016-02,0.00443156783828804
e4bc80_2016-09,0.03559305692237068
14fe3a_2020-10,0.9373749747827621
14fe3a_2020-06,0.9437111352758107
e4bc80_2016-12,0.03328914061314442
14fe3a_2021-03,0.9645886842956826
9befc8_2021-02,0.44846897632339516
34889b_2016-01,0.01432344324377681
11f0e3_2015-02,0.0011038011731676087
e3af0e_2018-09,0.7376353655190536
e3af0e_2020-09,0.9843132176224245
60a0fd_2020-08,0.9740060735231392
74b7d1_2016-10,0.033327599887797585
77b3b9_2016-08,0.1916273915098524
e3af0e_2017-09,0.5303025711532376
fc77d0_2015-09,0.0019919389604927795
e3af0e_2020-05,0.9713186145830346
bc4c03_2017-12,0.0446479820656064
375f2e_2016-10,0.0017344281542840691
fc77d0_2018-07,0.538488266542859
b73bc7_2017-01,0.44955642677258806
9af74c_2016-11,0.2789100881888369
9af74c_2020-09,0.9917873141937552
77b3b9_2015-07,0.002561231303947395
77b3b9_2015-08,0.0024163256888862926
b73bc7_2016-12,0.4053060277079903
1822ea_2018-08,0.0843790224707698
b73bc7_2020-05,0.7817848262476405
1822ea_2018-07,0.24652079940916727
375f2e_2016-11,0.001875184382650462
b73bc7_2021-03,0.989413221075995
bc4c03_2018-11,0.8448137538203471
439fde_2021-09,0.9896379344078621
439fde_2020-06,0.930270733050289
439fde_2022-09,0.9778984908091225
439fde_2021-06,0.9763402586622602
439fde_2020-04,0.9545171063575552
439fde_2016-12,0.14798550701572058
439fde_2020-11,0.9901998416554462
87cfea_2016-12,0.0020571623998082663
c3a69f_2016-07,0.04516400989362211
c3a69f_2016-08,0.04563018355916266
c3a69f_2016-10,0.07767027156358672
8005b9_2018-08,0.2020106324571476
29849f_2021-07,0.9669163755819927
6838b9_2021-04,0.28869390217423246
7a007d_2016-08,0.022151930921243287
7a007d_2016-10,0.41255300702029984
77b3b9_2017-01,0.09582335065799939
7a007d_2016-11,0.3431267539316568
7aa803_2016-04,0.0010065088301431607
29849f_2020-04,0.9715840581518448
f4604d_2015-11,0.004307494718296116
88a9a6_2017-11,0.06374730045153008
a42d13_2016-12,0.395705545026888
a42d13_2016-09,0.28683699250014977
c580aa_2020-08,0.9927621823633437
e2e0ce_2017-05,0.18060451287469365
a42d13_2016-07,0.27462372075860164
439fde_2017-09,0.11944249045796125
1bdb97_2025-09,0.40690986346682007
7bf5c9_2016-02,0.0004798092396951769
77e86b_2021-04,0.9054365248693641
87cfea_2016-08,0.0014046747310528592
77e86b_2020-08,0.9139352358625578
77e86b_2021-03,0.9124902106435944
af81b0_2025-09,0.9659953964540142
77e86b_2021-07,0.8693568736595652
83894c_2023-05,0.9567922413861558
83894c_2024-01,0.975186244255572
987bc1_2016-11,0.5863575123753253
6224d0_2016-06,0.04470572272099776
06534f_2017-10,0.8418688713655255
b416b1_2015-09,0.00328693528945399
375f2e_2018-09,0.08789667733926472
375f2e_2018-08,0.10673686917945181
175155_2017-05,0.05961163086224165
e60b65_2022-09,0.961613328017393
e60b65_2021-02,0.9577627215412358
e60b65_2019-12,0.8411028238540784
e60b65_2021-12,0.9638121709524252
e60b65_2019-02,0.8299328970304359
e60b65_2022-07,0.9627841424883777
e60b65_2019-03,0.8378538799775181
e60b65_2021-05,0.9598870176758869
8005b9_2020-06,0.9752347935334049
e60b65_2019-04,0.8669723586455294
9f1aa0_2017-09,0.2750547225263736
14fe3a_2015-07,0.0077140406246498485
9f1aa0_2020-04,0.8543135210156133
a42d13_2016-02,0.003697003710562942
f500c5_2015-06,0.025010765989771193
9f1aa0_2017-07,0.2509469055389534
bf6f0d_2016-11,0.1509901985856309
9f1aa0_2017-12,0.30875161900426723
9b46ed_2018-09,0.06337989836514149
f500c5_2016-10,0.1553952488982209
4fb2d3_2017-12,0.1214635024849251
a25664_2017-09,0.3604312338822866
14fe3a_2016-06,0.2597596797423717
db4cd8_2016-09,0.0765834580476819
14fe3a_2016-07,0.2651059884771577
d59611_2017-12,0.10104936972278594
f1543b_2015-07,0.006083906381972327
293190_2016-07,0.18359668503155044
f1543b_2018-07,0.5834532774294129
f1543b_2016-12,0.024635672018585752
e7a56d_2015-05,0.0029735759510616747
f1543b_2018-11,0.6153036564324065
60a0fd_2017-11,0.3364869639058637
7bf5c9_2016-08,0.06392501836638562
7bf5c9_2025-07,0.9765830644635229
7bf5c9_2026-02,0.9614426772141074
77e86b_2015-09,0.003635613812440869
175155_2015-05,0.022572628895418514
3a13b3_2017-09,0.04387953753992199
b0ff51_2018-08,0.8904463061943727
b0ff51_2025-09,0.9902550549925979
8d0588_2021-12,0.9988786565979032
b0ff51_2016-03,0.012181652335644444
b08ec1_2015-10,0.0011127713621019576
b08ec1_2015-12,0.0007113084672870641
f500c5_2016-03,0.057564230045738
545d15_2024-04,0.975742619318233
545d15_2023-08,0.909038563694091
545d15_2025-01,0.9817159894983106
c580aa_2018-09,0.9789691048956879
60b690_2025-05,0.044544641668328826
545d15_2023-11,0.9388719258106782
7a007d_2018-08,0.32256802269549606
545d15_2024-01,0.9321875006355489
74b7d1_2021-03,0.8605762684248968
74b7d1_2020-07,0.8553069541877896
74b7d1_2020-08,0.7579165442572672
74b7d1_2021-01,0.8801367271656964
c5816f_2016-11,0.14788444443742071
531356_2017-12,0.25355548208877404
06534f_2017-12,0.9485762203926025
c5816f_2020-10,0.9441807044691749
b1de95_2022-03,0.9957763406103562
3a13b3_2016-03,0.017706079311027214
c580aa_2017-03,0.8905645888785724
06534f_2022-04,0.9965784713125949
06534f_2020-04,0.9940943257068315
c580aa_2017-01,0.5266428795420016
6224d0_2016-03,0.0020477547071183744
a25664_2017-12,0.2014400777755356
a97df3_2019-02,0.041359101124883696
1996b0_2025-01,0.21610563519531445
db4cd8_2018-08,0.7807078064545196
