id,corrosion_risk
74b7d1_2020-01,0.6124754453701822
1b9e65_2022-06,0.5503571428571429
77e86b_2023-01,0.31107040838748157
74b7d1_2020-02,0.4741656464827197
8b98f3_2023-11,0.10020955720318599
c3a69f_2025-03,0.7667293625914317
77e86b_2022-01,0.21346789840279756
1996b0_2022-11,0.014814814814814814
439fde_2024-12,0.5690688158236463
74b7d1_2025-03,0.6383985064238865
77e86b_2018-04,0.04017713365539453
77e86b_2019-05,0.20651349122186877
439fde_2025-05,0.6875626959247649
74b7d1_2018-04,0.0
439fde_2024-03,0.53781328320802
74b7d1_2019-03,0.5970907406786407
c3a69f_2025-05,0.945
77e86b_2024-06,0.6251600985221675
77e86b_2020-01,0.47168597168597176
439fde_2019-05,0.2740958364129096
98a151_2019-06,0.6829516358463728
8bd3ce_2015-06,0.008695652173913044
6c1954_2022-06,0.15168631662249074
0f9e86_2024-09,0.8961656586656588
0874ee_2021-12,0.3742257065427797
987bc1_2020-02,0.7008960292580981
4718d7_2018-02,0.11884057971014492
5a0174_2018-12,0.3192257065427797
175155_2023-03,0.7161341244961935
e2e0ce_2025-07,0.6843673778486371
9b46ed_2021-05,0.8652050109350246
b26809_2019-09,0.5531369683497861
e3af0e_2022-11,0.6365886699507389
780a0b_2024-12,0.6316638579206637
8bd3ce_2024-02,0.7739079921196738
8e41cf_2017-04,0.0523524902654595
293190_2017-07,0.2957625030795762
293190_2018-01,0.2843602869383921
293190_2024-07,0.7467100209221297
c5df88_2016-12,0.060052910052910045
74fb1f_2014-10,0.023510466988727857
74fb1f_2017-02,0.2630352303523035
9b46ed_2015-01,0.03148148148148148
dc4b5e_2022-11,0.07483667227111376
bfbeef_2018-04,0.2308130081300813
d86999_2022-08,0.7217076167076166
780a0b_2020-10,0.9401066780422006
8bd3ce_2022-01,0.517725125813344
4fb2d3_2021-11,0.9745448179271708
6224d0_2023-03,0.704705553067622
fb737b_2019-10,0.03148148148148148
e60b65_2014-11,0.0
e60b65_2023-11,0.9314393939393939
9b3bd5_2025-04,0.0
293190_2018-12,0.20081300813008132
e2e0ce_2018-11,0.3163083875529694
2ab8ad_2019-04,0.2301875901875902
c5df88_2023-09,0.374949494949495
7aa803_2016-02,0.014814814814814814
77c35f_2024-05,0.02857142857142857
77c35f_2024-06,0.060144927536231886
60a0fd_2024-10,0.86254095004095
d86999_2016-04,0.04523809523809523
d86999_2017-12,0.23867353664699548
d86999_2025-05,0.7440994924615614
b08ec1_2024-12,0.86254095004095
e2e0ce_2015-04,0.10393374741200827
e2e0ce_2019-06,0.23831300813008133
e2e0ce_2025-02,1.0
c5df88_2016-09,0.16571984042821794
74fb1f_2024-06,0.7425626959247648
88a9a6_2019-05,0.21113046844754163
829a72_2025-01,0.7876996464564523
d86999_2018-05,0.20794206265044018
fc9334_2019-11,0.30409583641290955
dbb709_2025-04,0.2360770756128489
9cf1af_2024-07,0.2023671497584541
e427f8_2023-08,0.05736210006026069
60a0fd_2023-07,0.7898974486542545
302d40_2023-07,0.0719047619047619
8e41cf_2019-03,0.22187872039954942
b26809_2020-07,0.6829516358463728
8fabe0_2019-02,0.7793677152297842
e2e0ce_2018-02,0.16762460233297988
7aa803_2023-05,0.687918591556868
bfbeef_2021-08,0.4152272727272727
98a151_2025-02,0.6251600985221675
e3af0e_2022-09,0.6251600985221675
8bd3ce_2021-08,0.5374463108972238
8e41cf_2014-12,0.0
8e41cf_2021-11,0.3690958364129096
8e41cf_2022-02,0.5827394636015326
8e41cf_2024-08,0.6650368663412778
8fb6f0_2017-01,0.11186126572551021
6224d0_2023-02,0.704705553067622
8fabe0_2019-08,0.7934281542893817
bc4c03_2024-01,0.8127165654262608
532867_2024-06,0.0
74fb1f_2018-08,0.20905408076274296
780a0b_2024-08,0.6235289372857431
731908_2024-07,0.6389105339105339
98a151_2025-04,0.6698383405261776
829a72_2025-04,0.7469101727722418
b26809_2018-04,0.09017713365539451
6f5e2b_2019-01,0.6082894736842106
175155_2022-11,0.84754095004095
6838b9_2024-01,0.9802489177489176
a25664_2023-09,0.7726996464564523
293190_2021-02,0.6250193050193051
e2e0ce_2017-06,0.2776316509044231
7aa803_2025-05,0.9489368285207507
0f9e86_2024-01,0.706326020082826
bfbeef_2021-10,0.301024905058176
bfbeef_2024-10,0.5500292849212831
fa8553_2023-06,0.2790958364129096
dbb709_2023-10,0.02857142857142857
e427f8_2023-05,0.040773656709707305
b26809_2015-10,0.04017713365539453
8e41cf_2019-10,0.3877969894504661
b26809_2014-08,0.008695652173913044
b26809_2025-02,0.7406117343685403
fc77d0_2022-01,0.924479686979687
6224d0_2021-06,0.9333651286599253
8fabe0_2020-01,0.8647294655148278
a25664_2024-01,1.0
293190_2022-01,0.6250193050193051
293190_2023-03,0.6254323308270677
98a151_2019-10,0.7793677152297842
fc9334_2017-09,0.2417674370820822
60a0fd_2022-04,0.9094009527833057
d86999_2017-10,0.20287278328523223
d86999_2021-07,0.7432419577899797
b26809_2018-08,0.22837897239892038
987bc1_2019-10,0.4222727526358356
6f5e2b_2018-01,0.24909583641290958
db4cd8_2019-07,0.6943449233434832
e2e0ce_2016-01,0.014814814814814814
c5df88_2014-08,0.10047619047619047
c5df88_2022-10,0.759643147295457
74fb1f_2019-02,0.20888888888888885
77c35f_2024-08,0.21281065521015513
d86999_2015-10,0.04523809523809523
d86999_2018-12,0.2957625030795762
d86999_2024-07,0.862278138140207
8bd3ce_2025-05,0.9745448179271708
293190_2019-04,0.282417243651503
9b46ed_2023-01,0.35326565306089724
8fb6f0_2025-07,0.5530527468095526
780a0b_2019-06,0.46007936507936503
a97df3_2023-12,0.46035714285714285
e3af0e_2024-10,0.6381972179676382
dbb709_2022-09,0.06666666666666667
9af74c_2021-07,0.7264173633594107
175155_2022-03,0.8301902260522951
e2e0ce_2023-12,0.8016187974808666
88a9a6_2023-09,0.5830116959064328
9b46ed_2022-08,0.8114556273176963
9b46ed_2023-08,0.38994949494949493
bfbeef_2017-12,0.2725740972824748
98a151_2024-03,0.5843893844121322
77c35f_2022-11,0.11884057971014492
fc9334_2016-07,0.023510466988727857
fc9334_2019-03,0.2957625030795762
e3af0e_2021-08,0.9802489177489176
e3af0e_2023-11,0.7876996464564523
d86999_2016-05,0.16106280193236716
d86999_2019-10,0.7793677152297842
b26809_2015-05,0.001889448041760066
b26809_2018-09,0.27904101580392415
b08ec1_2019-07,0.46450348432055755
987bc1_2021-11,0.9097727272727273
1698cf_2019-04,0.7084201762979552
bc4c03_2018-04,0.05217391304347826
2ab8ad_2025-02,0.8565246851499136
74fb1f_2015-06,0.014814814814814814
7aa803_2021-02,0.7793757859752651
9b46ed_2022-07,0.7622248580869272
98a151_2022-05,0.8208144548495632
fc9334_2015-09,0.008695652173913044
dbb709_2023-03,0.036059458267832176
e427f8_2025-05,0.2666244183143712
e3af0e_2023-04,0.711265664160401
d86999_2017-07,0.20215604672098886
d86999_2024-01,0.7793677152297842
0f9e86_2022-07,0.606386080142886
987bc1_2023-03,0.8417717192717193
259a19_2018-04,0.023510466988727857
e2e0ce_2023-09,0.6622849181469871
7aa803_2023-12,0.7622248580869272
7aa803_2024-01,0.815174672432714
dbb709_2025-05,0.2957625030795762
302d40_2023-05,0.014814814814814814
d86999_2014-12,0.02857142857142857
b26809_2015-03,0.0
b26809_2025-01,0.79254095004095
b08ec1_2025-01,0.86254095004095
987bc1_2023-08,0.7161341244961935
4718d7_2022-11,0.8114556273176963
259a19_2020-03,0.927973165464356
7aa803_2023-01,0.3797619457499608
77c35f_2025-01,0.2277971351142083
60a0fd_2023-12,0.749107974970044
fc9334_2020-02,0.4802272727272728
fc9334_2022-07,0.5422222222222223
8e41cf_2019-01,0.13871635610766045
8e41cf_2021-01,0.648806715063521
14fe3a_2018-06,0.05393374741200828
b08ec1_2023-06,0.7520403057971117
b08ec1_2025-02,0.8396909214353434
6224d0_2024-03,0.8286534295154985
e60b65_2014-10,0.008695652173913044
e2e0ce_2025-01,0.9394744126559752
2ab8ad_2017-01,0.2368736141906874
7aa803_2022-03,0.47792822178710176
88a9a6_2024-07,0.8114556273176963
dc4b5e_2023-01,0.2957625030795762
e3af0e_2021-03,0.8337616546237235
d86999_2021-01,0.7848222606843297
fc9334_2020-06,0.8264556273176963
fc9334_2021-10,0.6875626959247649
b26809_2022-02,0.5207445141065831
293190_2014-08,0.023510466988727857
e2e0ce_2020-12,0.7279733817301877
fc9334_2021-02,0.7234688772256831
dbb709_2023-04,0.014814814814814814
fc9334_2016-04,0.008695652173913044
8bd3ce_2018-04,0.023510466988727857
0874ee_2020-07,0.7622248580869272
fc77d0_2021-11,0.9480080213903743
e60b65_2014-09,0.008695652173913044
2ab8ad_2015-02,0.014814814814814814
3db670_2014-11,0.023510466988727857
9b46ed_2025-07,0.5655966064586754
77c35f_2025-02,0.13990485044381268
829a72_2024-02,0.5555555555555556
fc9334_2019-04,0.2790958364129096
fc9334_2015-01,0.0
b26809_2023-12,0.9788081575406492
0874ee_2021-10,0.7793677152297842
d59611_2019-02,0.2740958364129096
987bc1_2024-02,0.9981976073635661
e2e0ce_2019-02,0.18446380178087496
88a9a6_2021-01,0.9458333333333332
9b46ed_2022-05,0.296040280857354
8fabe0_2019-05,0.7907962866583557
a97df3_2025-04,0.7793677152297842
bfbeef_2021-03,0.4240367965367966
d86999_2015-01,0.04523809523809523
77c35f_2024-11,0.2740958364129096
fc9334_2021-05,0.5128818257765626
8bd3ce_2021-11,0.3568736141906874
b26809_2019-03,0.4802272727272728
b26809_2022-06,0.6216696773263851
b26809_2023-02,0.7793677152297842
b73bc7_2014-08,0.023510466988727857
e2e0ce_2021-05,0.7880172413793103
2ab8ad_2016-12,0.06456869962976841
c5df88_2021-02,0.5750422178353499
c5df88_2022-03,0.5752334148716607
e427f8_2023-11,0.03148148148148148
302d40_2024-06,0.20794206265044018
d86999_2014-10,0.04523809523809523
d86999_2019-03,0.4721630027191727
d86999_2019-12,0.79254095004095
8bd3ce_2017-12,0.03148148148148148
8bd3ce_2019-03,0.17095793566631318
8bd3ce_2021-03,0.7520403057971117
8bd3ce_2023-07,0.6794277752898443
fc77d0_2024-06,0.8376794035414725
c5df88_2017-11,0.28209523039688345
88a9a6_2025-06,0.8151383526383527
9cf1af_2024-08,0.3422612211206026
bfbeef_2016-07,0.023365661360215388
d86999_2015-02,0.014814814814814814
98a151_2023-09,0.8344470986029542
9f1aa0_2023-02,0.6936549887898407
fc9334_2016-03,0.008695652173913044
8fb6f0_2022-12,0.38552725300451574
8fb6f0_2023-11,0.648806715063521
8bd3ce_2017-05,0.11372306104013422
0874ee_2021-06,0.4623207154840879
5a0174_2019-04,0.7217076167076166
175155_2024-12,0.9863095238095237
e2e0ce_2023-05,0.8811656586656588
74fb1f_2019-09,0.24136856368563686
7aa803_2024-06,0.7728787878787878
74fb1f_2023-09,0.5625771405908411
9befc8_2022-10,0.30409583641290955
e427f8_2022-11,0.02857142857142857
e427f8_2024-06,0.3943736141906874
d86999_2023-05,0.8187616546237237
8e41cf_2018-05,0.08040281833152382
fc77d0_2024-01,1.0
6224d0_2022-11,0.9097727272727273
4ee2d2_2024-03,0.060052910052910045
259a19_2019-02,0.7793677152297842
6838b9_2018-03,0.014814814814814814
e2e0ce_2017-04,0.23113046844754162
e2e0ce_2022-12,0.704705553067622
2ab8ad_2024-01,0.7793677152297842
a97df3_2025-02,0.7793677152297842
fc9334_2015-02,0.0
302d40_2022-03,0.014814814814814814
302d40_2024-08,0.234271911663216
d86999_2015-06,0.014814814814814814
b26809_2017-12,0.09550724637681159
fc9334_2018-06,0.04017713365539453
fc9334_2024-10,1.0
a25664_2023-02,0.665949572206378
a42d13_2024-03,0.898363460863461
2ab8ad_2022-07,0.7257167034486273
7aa803_2018-01,0.2694638017808749
7aa803_2018-10,0.20305133298365763
fc9334_2018-04,0.04017713365539453
829a72_2023-11,0.5846428571428571
9cf1af_2022-11,0.04523809523809523
60a0fd_2023-02,0.6187149401654424
fc9334_2024-03,0.8187616546237237
8bd3ce_2023-03,0.79254095004095
d59611_2019-09,0.4970238095238095
90abb1_2025-08,0.8679954954954955
b08ec1_2024-02,0.845460152204574
db4cd8_2018-12,0.3585277194874313
2ab8ad_2019-06,0.20113046844754162
9b46ed_2018-01,0.24792102664207571
9b46ed_2025-02,0.7793677152297842
9f1aa0_2020-11,0.3695034843205575
510fbf_2023-07,0.06562782294489612
19fa84_2018-12,0.1596715035711557
e361b7_2019-09,0.49416666666666675
e361b7_2019-10,0.6912604318741964
bc4c03_2019-07,0.5799551201669302
9f1aa0_2015-03,0.023510466988727857
894378_2025-05,0.8225202429149798
c5816f_2023-03,0.7112508321129012
8ec563_2022-06,0.4709782608695653
513080_2022-09,0.10429126899964651
731908_2016-04,0.008695652173913044
bfbeef_2021-04,0.3820923520923521
f4604d_2022-10,0.7709278263225632
513080_2022-12,0.023510466988727857
9f1aa0_2018-01,0.30740888514674747
bfbeef_2020-06,0.7321824050771419
c5816f_2019-06,0.6593050193050193
c5816f_2023-12,0.793468877225683
9f1aa0_2023-11,0.7406117343685403
bfbeef_2020-02,0.33522727272727276
c5816f_2018-01,0.30409583641290955
fd589c_2021-08,0.867253845453164
1b9e65_2015-09,0.014814814814814814
fa8553_2022-06,0.060052910052910045
fa8553_2023-10,0.30946380178087496
bfbeef_2016-04,0.04017713365539453
0f9e86_2015-07,0.0
894378_2022-06,0.6262402340483683
8ec563_2021-12,0.5877895855211531
e361b7_2023-10,0.9617445211405112
e4bc80_2022-12,0.6809495722063781
e4bc80_2025-06,0.7876996464564523
9af74c_2023-12,0.898363460863461
513080_2023-06,0.060052910052910045
fa8553_2024-03,0.24636856368563684
fa8553_2024-05,0.273422361983156
6c1954_2024-08,0.8455724380772933
fa8553_2025-03,0.2730352303523035
510fbf_2022-01,0.04017713365539453
8ec563_2024-02,0.7772262647262648
fd589c_2022-09,0.5025000000000001
e4bc80_2019-12,0.6421621621621622
513080_2023-12,0.18908572744530408
bfbeef_2020-08,0.7736241289316281
780a0b_2019-04,0.7234688772256831
894378_2021-10,0.665949572206378
fd589c_2019-07,0.8228841987462678
bfbeef_2019-03,0.3690958364129096
c5816f_2025-03,0.8237849691797059
19fa84_2019-03,0.18636856368563687
e361b7_2019-11,0.6593050193050193
510fbf_2023-02,0.05393374741200828
bfbeef_2020-03,0.7230714659685623
19fa84_2021-07,0.7406117343685403
fd589c_2024-01,0.7112508321129012
c48018_2015-10,0.014814814814814814
19fa84_2022-06,0.5606672541273902
fd589c_2014-09,0.014814814814814814
fd589c_2022-03,0.4498825047615826
fa8553_2022-02,0.037267080745341616
fa8553_2022-05,0.07938443670150988
c5816f_2024-09,0.7898974486542545
8ec563_2025-08,0.8180157384104753
11f0e3_2015-04,0.0
bfbeef_2015-05,0.023510466988727857
c5816f_2019-02,0.4068939393939394
8ec563_2017-02,0.27154552704468193
fd589c_2024-05,0.8237849691797059
e361b7_2019-06,0.6593050193050193
e4bc80_2019-11,0.6421621621621622
e4bc80_2025-02,0.7874974514553406
9f1aa0_2022-04,0.4083130081300813
fa8553_2022-11,0.023510466988727857
bfbeef_2024-11,0.5503936770512954
fd589c_2022-11,0.6809495722063781
e4bc80_2024-11,0.7726996464564523
9f1aa0_2022-05,0.7406117343685403
9f1aa0_2023-03,0.6826794035414725
bfbeef_2017-08,0.47702380952380957
29849f_2022-10,0.6930712830038819
c5816f_2019-11,0.6593050193050193
8ec563_2025-07,0.7829954954954955
9f1aa0_2022-10,0.7234688772256831
11f0e3_2022-06,0.40621104766835325
780a0b_2015-03,0.0
894378_2022-12,0.5996428571428571
c5816f_2025-05,0.8282894736842106
e4bc80_2021-10,0.5675
bc4c03_2019-08,0.5091524024174303
bc4c03_2020-02,0.7816772961603855
fd589c_2021-12,0.5675000000000001
e361b7_2023-09,0.7876996464564523
e4bc80_2022-11,0.5346428571428572
513080_2024-08,0.23984682455520207
731908_2015-01,0.0
bfbeef_2016-06,0.023510466988727857
8ec563_2018-01,0.3422222222222222
90abb1_2024-11,0.8261284313313053
894378_2022-10,0.7688470284861872
fd589c_2018-03,0.30409583641290955
9f1aa0_2021-10,0.34422570654277973
9f1aa0_2022-02,0.36041658748673827
8fb6f0_2015-06,0.025362318840579712
e361b7_2019-07,0.7000944929892298
510fbf_2023-06,0.04017713365539453
894378_2022-09,0.47750000000000004
8ec563_2022-03,0.4625
6c1954_2024-04,0.8253719730659952
fd589c_2018-05,0.6316638579206637
e361b7_2020-01,0.864022177072127
e4bc80_2023-08,0.7280575548019768
9f1aa0_2019-08,0.3578368176538908
510fbf_2024-01,0.17760524499654934
bfbeef_2017-10,0.35842775581906017
8fb6f0_2015-11,0.0
e4bc80_2025-04,0.7148222606843297
e361b7_2024-06,0.8009349405740995
83894c_2025-07,0.6470454545454546
11f0e3_2018-07,0.20224157955865274
f1543b_2014-10,0.014814814814814814
8fb6f0_2017-09,0.11828016541133138
9befc8_2020-07,0.6998222606843297
7bf5c9_2024-09,0.8520454545454544
731908_2018-01,0.039875296290306596
11f0e3_2022-10,0.3366161616161616
f1543b_2019-04,0.3103174603174603
780a0b_2018-05,0.12956284461730677
9befc8_2025-06,0.665949572206378
7bf5c9_2024-01,0.7406117343685403
f1543b_2021-07,0.9066083016259908
f500c5_2020-06,0.4877513393180221
83894c_2019-08,0.17126796597904592
83894c_2020-06,0.21113046844754163
87cfea_2023-07,0.3018939393939394
99c11c_2022-06,0.5496093436023834
731908_2019-09,0.5338696027754761
11f0e3_2021-06,0.3695034843205575
0f9e86_2017-10,0.20794206265044018
f500c5_2024-05,0.4893737501350429
11f0e3_2020-12,0.5658688387635756
9befc8_2021-07,0.4199658643484188
9befc8_2022-03,0.5911466165413535
f500c5_2025-04,0.7793677152297842
9befc8_2024-06,0.6197194134762193
f500c5_2021-06,0.7406117343685403
f500c5_2024-10,0.39703521251309354
83894c_2018-10,0.13705639437346756
731908_2020-01,0.5210167464114833
7bf5c9_2024-02,0.5025000000000001
99c11c_2021-03,0.6890923425366953
731908_2017-08,0.2139106512277244
11f0e3_2021-03,0.5658688387635756
8fb6f0_2023-09,0.8529954954954955
9befc8_2019-01,0.11538302277432713
7bf5c9_2015-02,0.0
7bf5c9_2022-10,0.5261466165413534
f1543b_2024-10,0.8187616546237237
439fde_2019-11,0.4741656464827197
83894c_2024-07,0.906439393939394
780a0b_2016-08,0.1637230610401342
9befc8_2018-03,0.24890824622531937
f500c5_2025-07,0.7999563561872141
87cfea_2025-02,0.3995034843205575
731908_2016-03,0.008695652173913044
780a0b_2017-02,0.06562782294489612
780a0b_2023-02,0.38392394781338146
7bf5c9_2019-06,0.3966215522103441
f500c5_2018-01,0.04017713365539453
c3a69f_2019-12,0.5352574494760927
9f1aa0_2024-01,0.723468877225683
8fb6f0_2017-04,0.16762460233297988
f1543b_2018-05,0.18286631270044257
f500c5_2022-04,0.9197698102291518
f500c5_2024-06,0.47943743615372203
83894c_2019-04,0.14927861659568978
83894c_2021-08,0.5595647595647597
87cfea_2020-03,0.3453441590335199
731908_2022-07,0.6006009768491326
8bd3ce_2019-08,0.525079365079365
7bf5c9_2014-06,0.023510466988727857
c580aa_2015-03,0.05217391304347826
f500c5_2021-09,0.74508200094407
731908_2016-10,0.09892261024242398
731908_2022-03,0.3943736141906874
780a0b_2017-07,0.16108466029861976
0f9e86_2019-06,0.5378873712494403
7a007d_2025-08,0.7784688772256831
11f0e3_2021-07,0.37535714285714283
8e41cf_2020-09,0.7369378976690842
731908_2016-12,0.07046957156443909
9f1aa0_2019-09,0.3995034843205575
780a0b_2021-09,0.2707625030795763
0f9e86_2022-10,0.34561248264293426
f500c5_2023-12,0.31270396741234496
f500c5_2025-06,0.7368022105590163
92dcdd_2023-09,0.5911466165413535
83894c_2018-06,0.05393374741200828
87cfea_2019-04,0.043478260869565216
0f9e86_2025-02,0.648806715063521
9befc8_2025-04,0.7537079983940138
780a0b_2017-08,0.16284550946575244
9befc8_2019-03,0.2611304684475416
f1543b_2024-02,0.4083130081300813
439fde_2023-04,0.5207445141065831
87cfea_2024-04,0.9237433372327393
731908_2021-05,0.5210167464114833
11f0e3_2019-05,0.5172866196124822
780a0b_2022-07,0.46007936507936503
780a0b_2025-04,0.6166228070175439
f1543b_2017-06,0.060052910052910045
f1543b_2020-08,0.5904954954954954
f500c5_2021-02,0.7943677152297843
83894c_2025-03,0.8701159759780449
11f0e3_2020-01,0.5954066762687453
f1543b_2023-03,0.5111466165413534
f500c5_2019-05,0.2957625030795762
b1de95_2015-02,0.04866749686145001
83894c_2019-09,0.08705639437346754
83894c_2021-09,0.4973150959352785
87cfea_2021-09,0.5911466165413535
11f0e3_2018-04,0.22850546112658562
780a0b_2016-12,0.04338624338624338
0f9e86_2020-02,0.5378873712494403
0f9e86_2021-04,0.5503571428571429
9befc8_2020-05,0.7859733520578426
c580aa_2014-09,0.05217391304347826
4f2b6b_2024-09,0.04017713365539453
731908_2023-09,0.45447456964488014
8fb6f0_2017-11,0.04017713365539453
f1543b_2024-01,0.3911701509872242
4f2b6b_2024-05,0.0
87cfea_2025-08,0.704705553067622
9f1aa0_2017-02,0.2947415795586527
780a0b_2022-09,0.46007936507936503
7bf5c9_2020-01,0.3093706340790116
e361b7_2015-05,0.060052910052910045
e7a56d_2023-08,0.9904761904761905
e7a56d_2023-10,0.7465121834729592
c48018_2024-06,0.6707335907335907
db4cd8_2014-04,0.0
14fe3a_2018-08,0.5082006544574603
375f2e_2021-07,0.86254095004095
bc4c03_2015-03,0.060052910052910045
c5816f_2015-07,0.03086751106763682
19fa84_2024-08,0.8312510325281224
fd589c_2017-12,0.47174603174603175
829a72_2021-09,0.6250193050193051
e4bc80_2024-06,0.6941848663240251
c48018_2025-01,0.8666988925782804
edda84_2025-07,0.1405430917610418
c48018_2018-02,0.10271777003484321
6f5e2b_2019-05,0.7368022105590163
6f5e2b_2021-11,0.934479439552879
b416b1_2021-12,0.3690958364129096
987bc1_2019-01,0.39257952560346004
a42d13_2015-02,0.0
8ec563_2014-09,0.023510466988727857
8ec563_2016-05,0.04017713365539453
6c1954_2025-06,0.8087849691797061
19fa84_2017-03,0.19571984042821794
e361b7_2015-01,0.037267080745341616
4718d7_2024-11,0.9019348894348894
d59611_2024-04,0.7793677152297842
14fe3a_2018-07,0.40485436936908864
8005b9_2022-01,0.5616109605830941
1698cf_2022-03,0.8961656586656588
1822ea_2023-07,0.7406117343685403
14fe3a_2022-10,0.789127130324345
e361b7_2017-11,0.3095716072130684
d59611_2018-01,0.21113046844754163
0874ee_2019-07,0.4496687446659913
77b3b9_2023-02,0.7365744258915565
8ec563_2015-07,0.014814814814814814
6c1954_2024-01,0.7406117343685403
19fa84_2019-02,0.17794206265044016
e7a56d_2019-03,0.3460167464114833
e7a56d_2025-01,0.8667177328371748
c48018_2025-04,0.8286534295154985
5a0174_2014-11,0.016666666666666666
b416b1_2018-01,0.3690958364129096
b416b1_2020-01,0.723468877225683
db4cd8_2022-11,0.8030157384104755
34889b_2022-05,0.648806715063521
375f2e_2019-06,0.2657625030795763
6f5e2b_2014-12,0.0
6f5e2b_2024-04,0.9658333333333333
19fa84_2015-01,0.023510466988727857
e361b7_2020-12,0.5830116959064328
e4bc80_2016-06,0.174271911663216
e7a56d_2015-02,0.0
18defd_2015-02,0.023510466988727857
d59611_2024-02,0.9230080213903744
1822ea_2024-02,0.862278138140207
9af74c_2019-03,0.7793677152297842
1698cf_2018-03,0.3742257065427797
19fa84_2025-02,0.8237849691797059
18defd_2014-08,0.05393374741200828
6f5e2b_2025-02,0.86254095004095
90abb1_2024-07,0.9019348894348894
8005b9_2025-06,0.9086140819964349
0874ee_2019-12,0.47702380952380957
f461d4_2015-03,0.008695652173913044
e7a56d_2022-03,0.7784688772256831
18defd_2024-04,0.6593050193050193
14fe3a_2022-12,0.8622262647262648
1698cf_2014-11,0.03148148148148148
f461d4_2019-02,0.5211847060459309
f461d4_2021-11,0.9688400420359162
e7a56d_2022-10,0.6080172413793103
18defd_2014-07,0.014814814814814814
18defd_2020-03,0.7731959407905864
18defd_2025-03,0.8237849691797059
c48018_2018-01,0.23924076394914148
c48018_2019-05,0.2993736141906874
4718d7_2014-05,0.0
8005b9_2023-09,0.9019348894348894
5a0174_2023-02,0.8096838071838072
894378_2016-07,0.04017713365539453
b416b1_2025-06,0.8929954954954955
f461d4_2021-10,0.9004351431553429
06534f_2019-12,0.9745448179271708
db4cd8_2022-07,0.8605063180063179
e4bc80_2015-01,0.023510466988727857
18defd_2019-11,0.648806715063521
d59611_2025-02,0.8246838071838072
1822ea_2024-10,0.9658333333333333
8005b9_2025-08,0.9552999903165219
db4cd8_2023-01,0.8640777465777466
375f2e_2024-02,0.898363460863461
6c1954_2023-12,0.7793677152297842
19fa84_2016-06,0.03148148148148148
19fa84_2020-01,0.7556117343685402
fd589c_2015-01,0.023510466988727857
e7a56d_2019-09,0.45601674641148326
e7a56d_2019-11,0.7406117343685403
c48018_2023-11,0.5600759414025137
4718d7_2024-10,0.9299349120777032
b416b1_2019-12,0.5549561403508771
6838b9_2025-02,0.86254095004095
db4cd8_2023-06,0.8030157384104755
8fabe0_2024-02,0.9097727272727273
a25664_2019-11,0.9040034965034967
375f2e_2020-03,0.9495448179271708
894378_2015-10,0.0
e361b7_2015-07,0.014814814814814814
e7a56d_2020-02,0.6421621621621622
18defd_2024-06,0.6707335907335907
4718d7_2019-12,0.8589695214695215
5a0174_2019-03,0.8159601318222007
b416b1_2023-08,0.8703787878787879
bc4c03_2023-10,0.9462307896131426
259a19_2015-02,0.026693914213585763
db4cd8_2024-03,0.9863095238095237
14fe3a_2025-02,0.7943677152297843
1822ea_2021-12,0.9540686274509804
894378_2024-08,0.7556117343685402
c5816f_2022-05,0.45664634146341465
18defd_2019-10,0.4323701298701299
c48018_2018-05,0.10081300813008132
b416b1_2023-06,0.88754095004095
d59611_2021-10,0.9097727272727273
d59611_2021-12,0.906439393939394
8005b9_2023-01,0.704705553067622
9af74c_2024-07,0.8376794035414725
5a0174_2024-01,0.9804290435758937
6c1954_2019-07,0.04017713365539453
fd589c_2015-07,0.03148148148148148
4718d7_2018-04,0.02857142857142857
259a19_2019-08,0.7406117343685403
8005b9_2019-12,0.704705553067622
06534f_2018-04,0.5261466165413534
bf6f0d_2025-04,0.9639393939393941
94f933_2023-06,0.0
c5816f_2015-08,0.04017713365539453
c5816f_2016-02,0.03148148148148148
fd589c_2016-06,0.2368736141906874
f461d4_2014-10,0.0
db4cd8_2020-03,0.9302489177489177
8005b9_2025-03,0.9347727272727273
fd589c_2016-05,0.2425740972824748
e4bc80_2016-05,0.018966740297188783
18defd_2025-05,0.8286534295154985
c48018_2014-07,0.04017713365539453
b416b1_2019-10,0.6254276522310793
db4cd8_2014-07,0.008695652173913044
1698cf_2022-12,0.8640777465777466
e7a56d_2024-10,0.8509146976591195
259a19_2014-06,0.008695652173913044
db4cd8_2022-05,0.8096838071838072
6224d0_2018-05,0.05217391304347826
6838b9_2019-07,0.03148148148148148
14fe3a_2023-09,0.7061687356693233
e361b7_2015-04,0.08871635610766045
e361b7_2015-08,0.014814814814814814
d59611_2023-09,0.735021645021645
34889b_2022-03,0.5839799878525936
5a0174_2022-12,0.9019348894348894
e361b7_2017-06,0.309831320125007
b416b1_2021-09,0.7303775363182564
8005b9_2021-10,0.8417717192717193
5a0174_2015-03,0.0
c48018_2017-06,0.25354028085735403
8fabe0_2015-03,0.025362318840579712
db4cd8_2018-04,0.06481481481481481
db4cd8_2025-08,0.767109557109557
34889b_2022-07,0.6701355438923497
4718d7_2023-03,0.8490777465777466
8fabe0_2015-04,0.04017713365539453
4fb2d3_2019-04,0.43202380952380953
e60b65_2015-08,0.025362318840579712
19fa84_2014-12,0.07938443670150988
e361b7_2014-11,0.0
e7a56d_2018-07,0.3261020479943604
db4cd8_2024-06,0.6376011297077616
8005b9_2015-02,0.03148148148148148
f461d4_2023-07,0.9019348894348894
90abb1_2019-07,0.5111466165413534
34889b_2014-09,0.0
8005b9_2024-04,0.860764986450193
c5816f_2018-10,0.7406117343685403
c48018_2024-10,0.7433387442008133
db4cd8_2017-10,0.3596772327815742
6f5e2b_2014-07,0.008695652173913044
db4cd8_2019-02,0.23366585105715543
b08ec1_2019-04,0.3995034843205575
9af74c_2018-02,0.09884057971014493
4fb2d3_2019-06,0.39721970803259354
8fabe0_2025-08,0.9361467651739804
0ffc2d_2024-09,0.648806715063521
0ffc2d_2019-02,0.014814814814814814
0ffc2d_2022-06,0.0
6da35b_2023-01,0.014814814814814814
7e646c_2024-12,0.20794206265044018
6da35b_2024-07,0.023510466988727857
0ffc2d_2022-10,0.023510466988727857
4718d7_2024-07,0.8529954954954955
f1543b_2015-09,0.06562782294489612
0ffc2d_2025-03,0.8668073593073593
0ffc2d_2020-12,0.023510466988727857
0ffc2d_2022-03,0.023510466988727857
74b7d1_2019-01,0.4970238095238095
8b98f3_2022-10,0.025362318840579712
8b98f3_2022-01,0.11571984042821795
0874ee_2014-05,0.0
5a0174_2024-06,0.7603859637808832
5a0174_2024-09,0.9613095238095237
4718d7_2024-03,0.9717557892522046
0f9e86_2017-03,0.13085577896142686
9befc8_2016-03,0.023510466988727857
829a72_2019-10,0.7406117343685403
7e646c_2025-08,0.10938443670150985
11f0e3_2015-12,0.0
7e646c_2023-11,0.0
9befc8_2017-07,0.21446380178087496
0ffc2d_2023-08,0.2657625030795763
0ffc2d_2023-10,0.30409583641290955
0ffc2d_2024-06,0.6004555643385648
f1543b_2015-11,0.05348413665014229
0ffc2d_2023-04,0.17013916415589997
0ffc2d_2024-04,0.7234688772256831
a97df3_2024-11,0.9302489177489177
0ffc2d_2020-01,0.014814814814814814
0f9e86_2015-09,0.01675142234668803
94f933_2023-07,0.0
7e646c_2022-11,0.0
6f5e2b_2024-05,0.9097727272727273
0ffc2d_2019-03,0.014658311927076655
b0ff51_2019-05,0.9056270690094219
b0ff51_2024-08,0.9904761904761905
b0ff51_2025-05,0.927174688057041
b59bc0_2019-05,0.8640777465777466
b0ff51_2020-09,0.892987012987013
8bd3ce_2021-12,0.4330012819840244
b59bc0_2014-04,0.09550724637681159
8d0588_2019-09,0.9408645185044142
b59bc0_2019-07,0.8719155844155845
b59bc0_2024-08,0.9904761904761905
0cecbd_2018-03,0.21446380178087496
0cecbd_2020-03,0.8417717192717193
0cecbd_2019-02,0.24136888155734532
74b7d1_2018-06,0.04017713365539453
8d0588_2022-03,0.9904761904761905
b0ff51_2024-11,0.927174688057041
8d0588_2020-07,1.0
b0ff51_2024-03,0.9219536347571211
b0ff51_2020-03,1.0
0cecbd_2021-01,0.8322248580869271
c3a69f_2023-07,0.4002272727272727
99c11c_2018-02,0.0
b0ff51_2021-07,0.8640777465777466
8d0588_2020-01,0.9095745576241777
b59bc0_2023-03,1.0
b59bc0_2025-06,0.9666666666666668
b0ff51_2018-05,0.5245334401100611
8d0588_2019-08,0.8605063180063179
8d0588_2025-07,0.9582352941176471
c3a69f_2022-09,0.8917307692307693
83894c_2018-03,0.04523809523809523
8d0588_2023-10,0.9081701631701632
b59bc0_2018-05,0.6376152186890978
b59bc0_2023-05,0.9904761904761905
b644ac_2025-05,0.10605110336817654
439fde_2023-05,0.5282847432328358
8d0588_2014-04,0.04523809523809523
8d0588_2023-03,0.945
8d0588_2025-05,0.9904761904761905
b59bc0_2021-06,0.9097727272727273
b0ff51_2018-03,0.7182078844004133
b0ff51_2018-06,0.8149521308141997
b59bc0_2019-10,0.8482213370859272
b0ff51_2019-06,0.8719155844155845
b0ff51_2019-07,0.7755581914202603
b0ff51_2022-03,1.0
b416b1_2023-02,0.6080172413793103
8d0588_2014-07,0.06814754168789453
8d0588_2024-06,0.9371214628616036
b0ff51_2023-08,1.0
8d0588_2021-01,1.0
b0ff51_2022-02,1.0
1bdb97_2024-11,0.24636856368563684
e361b7_2015-12,0.06393374741200827
d59611_2022-08,0.84754095004095
83894c_2018-01,0.0
a25664_2020-08,0.7303801627541994
c3a69f_2022-08,0.8870576919362734
b416b1_2025-10,0.944674688057041
a97df3_2019-06,0.014814814814814814
77e86b_2024-04,0.6251600985221675
87cfea_2021-10,0.4441656464827196
99c11c_2020-11,0.2877069475240207
dc4b5e_2020-02,0.0
a97df3_2019-10,0.0
731908_2018-12,0.27005195525898273
a97df3_2019-09,0.0
87cfea_2017-03,0.0
c48018_2015-12,0.014814814814814814
ab32d7_2024-06,0.2628114823472431
8b98f3_2025-08,0.19571984042821794
4fb2d3_2022-08,0.648806715063521
f25ffe_2024-09,0.0
259a19_2020-11,0.8898902618240261
987bc1_2023-07,0.8246838071838072
6224d0_2021-03,0.9151701835525365
4718d7_2021-05,0.9347727272727273
4ee2d2_2025-03,0.0
6f5e2b_2025-05,0.9019348894348894
259a19_2021-05,0.9802489177489176
5ecf9b_2025-05,0.2611304684475416
987bc1_2023-01,0.9504715467440841
a42d13_2024-05,0.7793677152297842
6224d0_2025-02,0.9401701835525366
94f933_2024-07,0.023510466988727857
92dcdd_2020-08,0.239794367625188
a42d13_2021-09,0.9269348894348894
4fb2d3_2022-05,0.7793677152297842
4fb2d3_2024-05,0.7898974486542545
6224d0_2019-01,0.7943677152297843
259a19_2023-05,0.8265669240669242
439fde_2018-06,0.07025103787595181
77e86b_2025-01,0.7406117343685403
175155_2023-08,0.86254095004095
b08ec1_2017-02,0.18379572118702553
8fabe0_2023-05,0.906439393939394
6838b9_2020-01,0.1436104323304935
022433_2025-05,0.5954066762687453
fc77d0_2020-02,0.7793677152297842
175155_2020-10,0.9314393939393939
175155_2022-08,0.6686374200607375
a42d13_2025-09,0.8966187974808666
f25ffe_2024-11,0.025362318840579712
4718d7_2023-06,0.9507352941176471
259a19_2020-06,0.913373448741616
18defd_2024-03,0.5738733775476106
439fde_2019-08,0.3447900719709635
5ecf9b_2022-07,0.023510466988727857
fc77d0_2018-03,0.21113046844754163
987bc1_2019-05,0.2897253050764782
fc77d0_2020-11,0.819293465155534
fc77d0_2025-06,0.8052352278766787
265164_2024-01,0.11005291005291004
6838b9_2021-12,0.2657625030795763
7e646c_2023-08,0.0
94f933_2025-02,0.05714285714285714
a42d13_2019-03,0.898363460863461
fb737b_2023-02,0.15987012987012986
8fabe0_2022-12,0.8961656586656588
a25664_2021-10,0.9097727272727273
ab32d7_2023-04,0.07938443670150988
ab32d7_2024-12,0.11562782294489612
4fb2d3_2018-05,0.04017713365539453
f25ffe_2024-12,0.025905696669303417
1698cf_2022-08,0.9401701835525366
c3a69f_2021-03,0.8815143190143191
92dcdd_2024-01,0.9552489177489176
f461d4_2023-10,0.9745448179271708
6224d0_2014-10,0.0
4ee2d2_2025-05,0.0
a42d13_2019-01,0.8301923971324235
a42d13_2022-07,0.9269348894348894
a42d13_2023-09,0.6239688803979834
fb34b4_2025-08,0.25362473779247735
fb737b_2025-06,0.665949572206378
4ee2d2_2024-07,0.014814814814814814
8fabe0_2020-08,0.9019348894348894
259a19_2022-07,0.648806715063521
b08ec1_2015-02,0.016666666666666666
fb737b_2019-12,0.03148148148148148
e60b65_2023-07,0.6080172413793103
5a0174_2025-08,0.9613095238095237
f461d4_2021-07,0.9556285265329709
c3a69f_2019-01,0.2624291697462429
987bc1_2025-04,0.7818632327788922
e60b65_2023-10,0.7406117343685403
fc77d0_2021-05,0.9480080213903743
92dcdd_2025-08,0.7038067150635208
259a19_2022-04,0.8142978232177495
c48018_2019-06,0.2743736141906874
8b98f3_2024-03,0.2249399922570654
5ecf9b_2024-01,0.023510466988727857
987bc1_2022-05,0.8605063180063179
c3a69f_2018-12,0.27104028085735404
0ffc2d_2022-11,0.023510466988727857
92dcdd_2023-12,0.8724999999999999
987bc1_2020-12,0.7406117343685403
fb737b_2025-01,0.8237849691797059
a42d13_2019-06,0.8811656586656588
a42d13_2023-04,0.644997191253997
6224d0_2020-08,0.665949572206378
1bdb97_2021-12,0.05714285714285714
4718d7_2024-05,0.9064118396848986
c48018_2020-02,0.6975495334116024
0874ee_2019-01,0.2740958364129096
4fb2d3_2022-01,0.9097727272727273
a42d13_2022-02,0.9019348894348894
6f5e2b_2022-05,0.8508495667116357
259a19_2023-09,0.8529954954954955
5ecf9b_2024-10,0.20794206265044018
6838b9_2021-08,0.12095793566631319
fc77d0_2024-10,0.8434306267345384
1698cf_2019-10,0.7406117343685403
a25664_2024-07,0.8589695214695215
ab32d7_2024-02,0.05081300813008131
8b98f3_2022-07,0.04017713365539453
74b7d1_2019-10,0.3159792255929199
a42d13_2022-06,0.9269348894348894
f25ffe_2023-12,0.11160570508396594
5a0174_2019-07,0.5636904761904762
6f5e2b_2022-06,0.7665739088970991
f461d4_2022-05,0.9097727272727273
259a19_2021-10,0.9347727272727273
a25664_2019-04,0.2740958364129096
a25664_2025-02,0.9904761904761905
a42d13_2017-05,0.317864008427316
b08ec1_2015-03,0.016666666666666666
4fb2d3_2023-05,0.7161341244961935
92dcdd_2024-07,0.817224858086927
6224d0_2020-11,0.9552489177489176
5a0174_2017-08,0.46765696779202753
175155_2024-11,1.0
f461d4_2023-04,0.9079954954954955
f461d4_2024-03,0.9904761904761905
90abb1_2023-12,1.0
fb34b4_2022-08,0.04338624338624338
6224d0_2025-07,0.803443374793722
0e8d73_2024-01,0.1039337474120083
34889b_2018-03,0.09523809523809523
fb34b4_2024-01,0.11571984042821795
92dcdd_2019-01,0.0
bf6f0d_2024-05,0.8565996121159231
424c1b_2025-03,0.023510466988727857
a25664_2023-10,0.7406117343685403
c48018_2017-04,0.14292287005432483
92dcdd_2024-08,0.8279376504704123
fb34b4_2023-09,0.008695652173913044
7199cf_2025-04,0.04523809523809523
bf6f0d_2022-05,0.665949572206378
b08ec1_2022-11,0.5271155187111852
bf6f0d_2023-10,0.7578629233509697
bf6f0d_2024-01,0.9347727272727273
e60b65_2016-10,0.3843939393939394
1822ea_2025-06,0.8286534295154985
987bc1_2017-06,0.21439493714722296
9befc8_2024-07,0.7234688772256831
fa8553_2022-01,0.023510466988727857
90abb1_2019-08,0.7793677152297842
948a11_2022-11,0.0
bf6f0d_2017-09,0.15224157955865275
a42d13_2015-03,0.0
9af74c_2019-11,0.9366565646067532
18defd_2016-05,0.10700106063759555
0f9e86_2023-07,0.38451785287247525
90abb1_2022-07,0.8096838071838072
987bc1_2022-10,0.9552489177489176
bf6f0d_2023-04,0.8228841987462678
1822ea_2020-12,0.9745448179271708
1822ea_2023-11,0.9019348894348894
bc4c03_2025-06,0.86254095004095
90abb1_2019-11,0.8679954954954955
1822ea_2020-07,0.9062012987012988
175155_2014-09,0.03148148148148148
11f0e3_2023-05,0.374949494949495
11f0e3_2025-03,0.7406117343685403
6224d0_2014-08,0.008695652173913044
bf6f0d_2018-12,0.4931467731642917
bf6f0d_2025-03,0.9314393939393939
e60b65_2016-07,0.23354028085735404
4ee2d2_2024-06,0.0
18defd_2017-06,0.23166162704092078
9f1aa0_2020-06,0.7329559557183203
948a11_2022-09,0.0
b08ec1_2023-02,0.5027394636015325
b1de95_2019-12,0.9458333333333332
db5006_2015-02,0.0
3a13b3_2024-11,1.0
e83244_2017-02,0.09005291005291004
e83244_2019-05,0.7234688772256831
e83244_2023-04,0.8811656586656588
06534f_2024-07,0.9840686274509803
b1de95_2023-12,0.9958333333333332
f4604d_2019-09,0.23289877987487434
1b9e65_2023-09,0.9347727272727273
e2314a_2017-09,0.2042912689996465
60a0fd_2017-06,0.1923865070948846
0cecbd_2018-05,0.18216333930855064
29849f_2025-08,0.926677489177489
4fb2d3_2017-10,0.2740958364129096
545d15_2019-05,0.023510466988727857
7a007d_2024-12,0.5825410509031199
531356_2015-04,0.05393374741200828
0cecbd_2025-07,0.7734563856263591
db5006_2023-11,0.8937653759383679
db5006_2025-05,0.7406117343685403
f4604d_2020-01,0.8646095571095571
0cecbd_2021-03,0.6524106910669938
0cecbd_2024-08,0.7520403057971117
3a13b3_2025-02,0.9859774295915849
b73bc7_2024-11,0.9942865243728957
531356_2025-03,0.8503071818479985
1b9e65_2021-09,0.9269348894348894
f500c5_2015-08,0.06884057971014493
0cecbd_2022-03,0.8273887032507723
b1de95_2024-11,0.9613095238095237
3a13b3_2024-09,1.0
e83244_2017-12,0.5378873712494403
c580aa_2024-03,1.0
db5006_2017-05,0.20651349122186877
db5006_2020-03,0.7406117343685403
545d15_2020-09,0.014814814814814814
e83244_2014-12,0.03148148148148148
531356_2015-12,0.014814814814814814
a25664_2020-11,0.6555998091838353
e2314a_2018-05,0.1781566831266764
e2314a_2019-10,0.8114556273176963
e83244_2015-05,0.023510466988727857
29849f_2023-03,0.9844155844155844
db5006_2016-02,0.014814814814814814
6224d0_2021-05,0.9512920690686565
e2314a_2021-08,0.9684842118665647
e83244_2018-02,0.12429126899964651
db5006_2014-12,0.03148148148148148
e3af0e_2015-02,0.03148148148148148
c580aa_2023-07,1.0
c580aa_2024-11,0.9882352941176471
b1de95_2024-03,1.0
db5006_2018-06,0.04017713365539453
db5006_2019-07,0.7217076167076166
545d15_2020-02,0.0
e83244_2023-01,0.7793677152297842
829a72_2014-12,0.03148148148148148
29849f_2020-11,0.9552489177489176
b73bc7_2019-11,0.9302489177489177
545d15_2019-01,0.0
f4604d_2015-03,0.0
e83244_2022-01,0.9214723167177731
db5006_2020-05,0.817224858086927
7a007d_2024-07,0.6998222606843297
e2314a_2014-12,0.0
98a151_2014-07,0.028297508945556583
531356_2018-06,0.2740958364129096
e2314a_2023-11,0.9552489177489176
06534f_2018-05,0.43202380952380953
98a151_2014-12,0.023510466988727857
db5006_2020-04,0.7726996464564523
1b9e65_2021-08,0.857224858086927
e83244_2023-06,0.7520403057971117
175155_2021-03,0.9151701835525365
545d15_2020-10,0.11516771630664954
e2314a_2019-01,0.39964285714285713
e83244_2017-11,0.5184358038224544
e83244_2023-11,0.7907962866583557
829a72_2018-01,0.22581300813008132
0cecbd_2023-06,0.585429143649596
1b9e65_2021-04,0.6383526383526383
7a007d_2025-04,0.5725
60a0fd_2017-04,0.24136856368563686
a25664_2021-01,0.723468877225683
06534f_2023-05,0.9708333333333332
f4604d_2016-11,0.143299294759146
60a0fd_2017-02,0.15314947881376922
1b9e65_2020-09,0.817224858086927
1b9e65_2024-10,0.8162166908298529
531356_2023-05,0.6333526383526384
e2314a_2022-05,0.9114319756205995
e3af0e_2018-01,0.23946380178087495
1b9e65_2020-08,0.8114556273176963
e2314a_2020-01,0.9552489177489176
06534f_2019-06,0.7000944929892298
0cecbd_2022-06,0.6082894736842106
022433_2023-05,0.17580888095075353
531356_2017-04,0.15224157955865275
510fbf_2021-12,0.023510466988727857
af81b0_2018-06,0.16355278487630026
0874ee_2017-03,0.30629940519577864
022433_2022-04,0.014814814814814814
022433_2024-01,0.1971444043858968
f4604d_2019-06,0.23192439315100666
022433_2022-05,0.0
cd0e60_2025-08,0.5956789085736455
d86999_2020-09,0.7726996464564523
022433_2023-09,0.4802272727272728
375f2e_2015-12,0.023510466988727857
894378_2020-06,0.9224840733166852
f4604d_2017-06,0.2330352303523035
c5816f_2017-10,0.374949494949495
f4604d_2018-03,0.050949654937590794
af81b0_2018-01,0.3599494949494949
b73bc7_2019-01,0.8905921664542354
b1de95_2019-05,0.7793677152297842
022433_2024-08,0.25437658122529
fa8553_2021-09,0.023510466988727857
531356_2025-04,0.8453944643866629
829a72_2024-11,0.8083439442682296
022433_2022-02,0.0
e361b7_2020-08,0.9401701835525366
b73bc7_2018-02,0.38522727272727275
7a007d_2019-08,0.8228841987462678
29849f_2018-12,0.36589237320944634
531356_2017-02,0.21459916142305696
87cfea_2022-10,0.8470756829377519
29849f_2020-12,0.9484016295831136
531356_2017-05,0.24531746031746032
3a13b3_2020-03,0.9958333333333332
b08ec1_2019-02,0.22796536796536798
375f2e_2018-03,0.15224157955865275
f4604d_2020-06,0.8030157384104755
34889b_2017-02,0.18763893962483563
987bc1_2025-06,0.7367934651555341
e7a56d_2023-01,0.599683908045977
90abb1_2024-05,0.9745448179271708
bf6f0d_2022-03,0.905184554094142
bc4c03_2023-11,0.9787114845938376
fb737b_2024-03,0.7406117343685403
fb34b4_2024-05,0.2425740972824748
77b3b9_2024-08,0.8199544138993865
bf6f0d_2016-05,0.23794206265044018
b73bc7_2019-03,0.8583188845507144
531356_2018-02,0.10393374741200827
4fb2d3_2023-12,1.0
1822ea_2016-06,0.060052910052910045
e83244_2021-01,0.9552489177489176
a97df3_2022-08,0.08877326689860449
29849f_2018-10,0.665949572206378
1822ea_2016-11,0.2130952380952381
db5006_2015-06,0.014814814814814814
77b3b9_2018-02,0.09550724637681159
83894c_2024-10,0.8961656586656588
1822ea_2016-12,0.5381602283692758
f4604d_2017-07,0.24971965235050705
531356_2016-08,0.0
af81b0_2019-08,0.4703571428571428
a97df3_2024-09,0.7406117343685403
90abb1_2023-04,0.9028679653679653
8005b9_2017-01,0.5352868701957247
987bc1_2023-02,0.8811656586656588
77b3b9_2025-01,0.9863095238095237
e2314a_2019-05,0.6504954954954956
9af74c_2015-01,0.0
bc4c03_2017-02,0.33636856368563683
29849f_2016-02,0.06884057971014493
b73bc7_2017-05,0.4007569099230329
f4d28d_2024-08,0.0738095238095238
e7a56d_2017-12,0.30168648752853744
bf6f0d_2014-06,0.0
bf6f0d_2014-07,0.023510466988727857
77b3b9_2022-09,0.8286534295154985
77b3b9_2024-03,0.9028679653679653
439fde_2015-01,0.025362318840579712
531356_2016-12,0.2570593974998889
34889b_2023-01,0.766296580829956
dc4b5e_2025-08,0.8226794035414725
375f2e_2019-01,0.16557491289198606
9af74c_2020-01,0.9706922228317476
e2314a_2024-01,0.8647910931850655
948a11_2024-09,0.2527464454158029
bf6f0d_2022-12,0.9151701835525365
a97df3_2022-10,0.11693581780538302
424c1b_2024-09,0.0
1bdb97_2022-09,0.0
77b3b9_2020-03,0.9302489177489177
b1de95_2019-07,0.9363095238095237
531356_2020-04,0.8850530370009668
a97df3_2023-06,0.2957625030795762
375f2e_2021-01,0.9613095238095237
74fb1f_2018-04,0.1833333333333333
cd0e60_2020-07,0.023510466988727857
98a151_2021-04,0.8610120045724712
829a72_2020-01,0.7161341244961935
c5df88_2024-01,0.8953787878787878
74fb1f_2020-10,0.8187616546237237
e2e0ce_2020-01,0.572032292032292
2ab8ad_2020-06,0.3901154993574179
531356_2017-03,0.30272727272727273
6838b9_2024-06,0.8114556273176963
a42d13_2017-06,0.27161192081056723
98a151_2022-11,0.6251600985221675
829a72_2022-07,0.7528214694626556
8fabe0_2016-05,0.11571984042821795
293190_2020-08,0.4152272727272727
293190_2025-12,0.9480080213903743
98a151_2024-08,0.9314393939393939
4f2b6b_2022-07,0.014814814814814814
2ab8ad_2020-09,0.45494949494949494
cd0e60_2021-02,0.17429126899964653
2ab8ad_2019-12,0.22042434204183534
88a9a6_2018-07,0.2957625030795762
88a9a6_2025-03,0.9409312977292842
60a0fd_2020-11,0.8761233019853709
77b3b9_2023-10,0.997875235006646
cd0e60_2020-01,0.08827237175063261
e3af0e_2020-11,0.8848540915985135
6838b9_2019-03,0.014814814814814814
88a9a6_2020-08,0.4576136474384939
cd0e60_2019-07,0.05792208879439644
cd0e60_2021-01,0.09550724637681159
c5df88_2026-01,0.9347727272727273
293190_2019-10,0.3448853100971201
e2e0ce_2017-11,0.24965776283987315
c5df88_2026-03,0.9400408567323115
c5df88_2025-01,0.9347727272727273
a25664_2019-01,0.2957625030795762
4fb2d3_2016-11,0.1301635275628772
f25ffe_2024-04,0.0
e3af0e_2021-09,0.9107352941176471
9af74c_2025-08,0.8961656586656588
e2e0ce_2019-12,0.6002899686520375
77b3b9_2018-01,0.30409583641290955
cd0e60_2019-08,0.04017713365539453
7aa803_2015-07,0.0
6224d0_2018-12,0.34631075733051875
9b46ed_2016-01,0.014814814814814814
92dcdd_2022-02,0.09550724637681159
829a72_2021-10,0.8947727272727273
829a72_2022-03,0.8187616546237237
88a9a6_2017-05,0.3516719199537144
92dcdd_2020-12,0.14971592234527567
92dcdd_2023-04,0.723468877225683
cd0e60_2021-11,0.33400049698377765
175155_2018-02,0.014814814814814814
7bf5c9_2022-08,0.5773199149432635
4f2b6b_2023-03,0.023510466988727857
98a151_2020-01,0.8187616546237237
98a151_2021-08,0.9802489177489176
88a9a6_2020-11,0.5968371657083635
3a13b3_2015-06,0.0
60a0fd_2021-11,0.5771621621621621
1996b0_2023-06,0.0
8b98f3_2021-10,0.05053369529057816
1996b0_2023-07,0.0
731908_2015-04,0.0
ab32d7_2022-04,0.04017713365539453
f500c5_2014-06,0.014814814814814814
f500c5_2015-03,0.014814814814814814
60a0fd_2019-09,0.7234688772256831
1996b0_2024-03,0.0
5ecf9b_2022-04,0.023510466988727857
829a72_2017-12,0.37279371506554654
829a72_2017-08,0.1954092963671877
ab32d7_2022-03,0.023510466988727857
dc4b5e_2023-04,0.1039337474120083
a97df3_2020-01,0.0
92dcdd_2025-07,0.7425626959247648
f500c5_2014-09,0.037267080745341616
1996b0_2024-06,0.014814814814814814
f500c5_2014-10,0.037267080745341616
bc4c03_2025-04,0.86254095004095
7a007d_2015-03,0.0
18defd_2017-03,0.26315455646276653
3db670_2014-10,0.13871635610766045
90abb1_2023-08,0.8990329285448346
1698cf_2021-05,0.9684842118665647
9befc8_2015-01,0.0
e2314a_2024-09,1.0
db4cd8_2019-12,0.843566284630179
a42d13_2014-06,0.023510466988727857
948a11_2023-05,0.0
e7a56d_2021-09,0.8316228070175438
7a007d_2019-01,0.20156785243741768
6224d0_2014-09,0.04017713365539453
29849f_2016-12,0.15035187506025258
3db670_2020-02,0.8987260764587042
6224d0_2016-05,0.08871635610766045
1698cf_2020-09,0.8924533684097191
fb737b_2021-09,0.014814814814814814
74b7d1_2019-02,0.36117015098722416
d86999_2020-05,0.8816187974808665
f25ffe_2025-05,0.1897018970189702
74b7d1_2024-04,0.7234688772256831
429b22_2025-05,0.023510466988727857
f500c5_2015-10,0.037267080745341616
545d15_2021-02,0.13983792930661407
92dcdd_2025-04,0.8228841987462678
4718d7_2015-09,0.0
4718d7_2015-08,0.008695652173913044
06534f_2015-08,0.00907504628750384
bc4c03_2015-11,0.04017713365539453
e7a56d_2016-12,0.2753174603174603
f1543b_2020-01,0.6015917079890019
b73bc7_2019-06,0.9458333333333332
db5006_2016-11,0.18636856368563687
b416b1_2015-07,0.014814814814814814
7bf5c9_2021-09,0.7793677152297842
7a007d_2021-09,0.84754095004095
6224d0_2017-10,0.19303523035230355
e7a56d_2016-06,0.14652158690942602
3a13b3_2019-04,0.8644566353187043
7a007d_2022-04,0.8641485488990327
7a007d_2018-03,0.3192257065427797
7a007d_2015-12,0.016666666666666666
0cecbd_2022-11,0.8646095571095571
1bdb97_2023-08,0.13328385177604735
18defd_2017-01,0.23354028085735404
7a007d_2025-09,0.86254095004095
7a007d_2023-06,0.8869348894348894
c3a69f_2021-02,0.8397696556317245
77e86b_2018-10,0.3293736141906874
375f2e_2020-12,0.9262449416114678
7a007d_2020-08,0.5449697378644747
7a007d_2017-09,0.2716161616161616
7a007d_2022-08,0.8869348894348894
c580aa_2019-09,0.9840686274509803
8fabe0_2021-11,0.9230080213903744
a97df3_2024-04,0.7406117343685403
d59611_2020-09,0.86254095004095
fb737b_2023-11,0.5503571428571429
7a007d_2019-12,0.4152272727272727
1bdb97_2023-09,0.18271777003484319
c580aa_2017-07,0.665949572206378
8d0588_2023-06,1.0
d59611_2021-02,0.8532002907002907
b0ff51_2015-07,0.1508130081300813
14fe3a_2017-05,0.3958333333333333
a42d13_2015-10,0.014814814814814814
f461d4_2017-10,0.6080172413793103
b0ff51_2018-09,0.8211123786123787
b59bc0_2017-08,0.08256098943373061
8d0588_2015-07,0.1489082462253194
f461d4_2020-07,0.9019348894348894
8d0588_2016-07,0.5870754147974353
11f0e3_2015-01,0.0
8d0588_2016-08,0.5675
bf6f0d_2019-11,0.7793677152297842
98a151_2020-07,0.9347727272727273
1822ea_2021-02,1.0
b73bc7_2020-07,1.0
db4cd8_2016-05,0.24276405939708826
a25664_2018-01,0.21557491289198608
af81b0_2015-09,0.03202277724956499
175155_2020-11,0.926677489177489
780a0b_2021-11,0.8961656586656588
af81b0_2017-05,0.1917496533123771
af81b0_2023-08,0.46450348432055755
6f5e2b_2017-07,0.17429126899964653
af81b0_2024-06,0.3911701509872242
af81b0_2024-08,0.5563085036255768
fb34b4_2022-06,0.07485487356868414
1822ea_2021-03,0.9987628884317825
dc4b5e_2022-02,0.21446380178087496
293190_2016-02,0.09429126899964653
9f1aa0_2017-05,0.24531746031746032
60a0fd_2018-11,0.665949572206378
77b3b9_2016-05,0.05393374741200828
fb34b4_2022-04,0.014814814814814814
987bc1_2017-10,0.24802951210504473
0cecbd_2015-12,0.014814814814814814
9befc8_2021-12,0.7907962866583557
94f933_2023-03,0.12785004516711834
b1de95_2018-05,0.5394799498746867
b1de95_2018-04,0.6115760843415757
e3af0e_2015-09,0.014814814814814814
0f9e86_2023-11,0.9397727272727273
987bc1_2017-09,0.2397018970189702
bc4c03_2018-07,0.23946380178087495
bc4c03_2018-09,0.47260217639461305
bc4c03_2018-08,0.2740958364129096
cd0e60_2020-04,0.0
b08ec1_2021-09,0.84754095004095
b1de95_2022-12,0.9708333333333332
34889b_2016-12,0.3621256840663968
6c1954_2020-06,0.11693581780538302
e361b7_2017-09,0.3099494949494949
0ffc2d_2020-06,0.014814814814814814
3a13b3_2019-10,0.9840686274509803
e60b65_2019-08,0.7784688772256831
175155_2017-01,0.1923865070948846
175155_2017-02,0.17429126899964653
14fe3a_2016-05,0.06788623843323854
8005b9_2020-12,0.8890686274509804
e60b65_2022-06,0.9347727272727273
a25664_2020-06,0.9347727272727273
3db670_2018-12,0.8382661591282282
b416b1_2016-10,0.060052910052910045
4fb2d3_2021-01,0.8007805383597322
6f5e2b_2020-06,0.9318939539538761
e60b65_2022-01,0.9347727272727273
3a13b3_2015-12,0.014814814814814814
a25664_2015-08,0.04017713365539453
e60b65_2020-06,0.863474025974026
fc77d0_2017-07,0.2753174603174603
e60b65_2021-03,0.9552489177489176
9befc8_2020-06,0.7726996464564523
1698cf_2017-06,0.31219849073385586
9b46ed_2015-09,0.014814814814814814
d59611_2017-03,0.22390185635354198
14fe3a_2015-05,0.04017713365539453
14fe3a_2015-06,0.023510466988727857
9f1aa0_2016-03,0.16137094187427686
db4cd8_2016-08,0.2725740972824748
db4cd8_2016-11,0.17429126899964653
d59611_2020-08,0.8929954954954955
f500c5_2016-01,0.06884057971014493
d59611_2020-11,0.8180157384104753
1822ea_2017-09,0.45494949494949494
8bd3ce_2020-05,0.8680473689094379
db4cd8_2015-09,0.0
1822ea_2015-09,0.014814814814814814
375f2e_2020-11,0.9230080213903744
f500c5_2017-08,0.11918840221721409
f500c5_2017-12,0.05393374741200828
77b3b9_2015-09,0.0
18defd_2017-12,0.2624291697462429
1b9e65_2016-07,0.04017713365539453
c48018_2018-10,0.694190845047709
a25664_2017-10,0.3516612585039652
5a0174_2015-11,0.014814814814814814
8fabe0_2017-08,0.45494949494949494
3a13b3_2022-03,0.9904761904761905
6f5e2b_2017-01,0.3289734962840467
3db670_2020-05,0.9897727272727274
6f5e2b_2016-08,0.27272727272727276
b73bc7_2016-07,0.21636856368563687
b1de95_2021-09,0.9458333333333332
b73bc7_2021-06,0.9647727272727273
d59611_2017-07,0.3255555555555555
7aa803_2015-09,0.0
2ab8ad_2015-05,0.06884057971014493
9b46ed_2024-03,0.9463095238095237
f1543b_2016-08,0.1488908739534902
9b46ed_2024-04,0.9802489177489176
e7a56d_2021-06,0.8286534295154985
7bf5c9_2025-06,0.9507352941176471
7bf5c9_2025-10,0.8783192852261645
e3af0e_2017-07,0.30161616161616156
829a72_2017-11,0.30409583641290955
b73bc7_2018-11,0.9302489177489177
18defd_2018-09,0.41501518022699024
7bf5c9_2017-03,0.17796536796536797
8d0588_2021-11,1.0
2ab8ad_2015-12,0.014814814814814814
b08ec1_2016-04,0.0
545d15_2021-10,0.18687361419068735
545d15_2024-05,0.9140686274509804
9b3bd5_2024-12,0.05550417909015628
545d15_2024-12,0.9480080213903743
545d15_2025-03,0.9684842118665647
545d15_2025-09,0.9480080213903743
74b7d1_2020-09,0.7791245421503057
74b7d1_2021-05,0.7793677152297842
74b7d1_2021-10,0.8114556273176963
74b7d1_2021-02,0.8176855466435328
b73bc7_2021-11,1.0
3db670_2022-08,0.9904761904761905
b1de95_2022-04,1.0
06534f_2021-05,1.0
c5816f_2020-05,0.9802489177489176
c580aa_2016-04,0.2308130081300813
b1de95_2020-04,0.9958333333333332
3a13b3_2021-01,0.9958333333333332
c5816f_2017-03,0.6042077175697865
c580aa_2022-12,1.0
b1de95_2017-11,0.6403773857721227
b1de95_2020-08,0.9840686274509803
b73bc7_2020-04,0.9958333333333332
8005b9_2017-09,0.3690958364129096
3a13b3_2021-11,0.9882352941176471
06534f_2020-05,0.9958333333333332
c5816f_2020-12,0.8604438412409549
06534f_2021-06,1.0
06534f_2016-04,0.0
c580aa_2020-06,1.0
b1de95_2015-06,0.014814814814814814
b1de95_2022-05,0.9863095238095237
c580aa_2015-05,0.014814814814814814
c5816f_2020-11,0.8966843279244445
06534f_2014-10,0.0720496894409938
3a13b3_2016-02,0.03176715098823503
06534f_2021-04,0.9958333333333332
dc4b5e_2019-02,0.14429126899964653
e3af0e_2017-10,0.236984126984127
a97df3_2019-04,0.12204968944099379
f500c5_2017-03,0.23354028085735404
531356_2018-11,0.37535714285714283
293190_2017-03,0.2630352303523035
c48018_2020-04,0.926677489177489
6f5e2b_2015-10,0.0
18defd_2021-12,0.5757445141065831
e7a56d_2018-08,0.5348294918508149
18defd_2020-08,0.7613260200828259
c48018_2020-08,0.817224858086927
c48018_2022-01,0.6458743842364532
259a19_2016-08,0.3366666666666666
1822ea_2015-06,0.023510466988727857
1822ea_2016-02,0.023510466988727857
175155_2018-08,0.34422570654277973
18defd_2020-09,0.7137662386637502
c580aa_2018-11,0.9097727272727273
c48018_2022-06,0.6375410509031199
e7a56d_2020-09,0.7784688772256831
18defd_2023-01,0.6375410509031199
e7a56d_2018-09,0.49737012987012985
c48018_2017-12,0.24702389440210518
e7a56d_2017-03,0.25222222222222224
c48018_2022-02,0.6458743842364532
c48018_2021-06,0.6401051534672224
0874ee_2016-05,0.2790958364129096
0874ee_2015-07,0.060052910052910045
c48018_2017-01,0.26657774305216786
a97df3_2020-02,0.04017713365539453
780a0b_2020-07,0.8341305341679511
b59bc0_2015-12,0.023510466988727857
b59bc0_2016-01,0.0
7aa803_2017-11,0.3690958364129096
60a0fd_2017-03,0.21113046844754163
9af74c_2015-06,0.026325251118505522
259a19_2020-05,0.857272062504489
1698cf_2017-03,0.16367186423056299
6f5e2b_2021-02,0.8667307692307693
4718d7_2017-08,0.197479674796748
77e86b_2017-08,0.2425740972824748
60a0fd_2016-01,0.014814814814814814
4718d7_2018-08,0.7793677152297842
375f2e_2017-01,0.17747967479674798
259a19_2018-07,0.4152272727272727
829a72_2020-08,0.793468877225683
f461d4_2015-07,0.014814814814814814
829a72_2016-12,0.10400533022803422
60a0fd_2017-05,0.19890824622531939
175155_2016-03,0.008695652173913044
f461d4_2017-03,0.34828282828282825
5a0174_2015-12,0.0
e3af0e_2015-08,0.014814814814814814
5a0174_2016-01,0.0
e3af0e_2015-06,0.0
1698cf_2018-07,0.4152272727272727
4718d7_2018-07,0.7013954360187542
1698cf_2016-07,0.04017713365539453
5a0174_2017-03,0.18283954081892878
6f5e2b_2015-05,0.014814814814814814
1698cf_2020-06,0.9312012987012988
829a72_2016-11,0.09429126899964653
db5006_2017-11,0.24636856368563684
e361b7_2016-08,0.11571984042821795
e361b7_2016-07,0.08705639437346754
e361b7_2016-09,0.11571984042821795
e60b65_2017-12,0.11571984042821795
8ec563_2016-02,0.008695652173913044
1bdb97_2024-01,0.45494949494949494
f461d4_2017-11,0.3330677019197127
3a13b3_2015-09,0.0
8ec563_2015-12,0.023510466988727857
34889b_2015-10,0.023510466988727857
34889b_2015-12,0.04017713365539453
b416b1_2017-07,0.20744898057610742
34889b_2016-03,0.1916066589237321
77e86b_2015-12,0.014814814814814814
e3af0e_2020-04,0.919674688057041
98a151_2018-07,0.7622248580869272
b1de95_2016-11,0.20460872931710683
98a151_2018-08,0.7627429812460844
439fde_2016-04,0.037267080745341616
90abb1_2015-07,0.014814814814814814
c580aa_2023-02,0.9958333333333332
1822ea_2017-03,0.35055555555555556
987bc1_2018-07,0.27994949494949495
9af74c_2020-10,0.9802489177489176
9af74c_2016-12,0.3690958364129096
3a13b3_2021-03,0.9745448179271708
1822ea_2018-09,0.22557799178785615
b1de95_2022-10,0.8114556273176963
c3a69f_2015-06,0.014814814814814814
439fde_2021-02,0.9684842118665647
c3a69f_2023-01,0.926677489177489
e60b65_2018-08,0.665949572206378
439fde_2016-09,0.11762460233297985
c3a69f_2021-01,0.8908549783549782
c3a69f_2022-12,0.9005830510749793
99c11c_2016-04,0.08148148148148147
34889b_2017-10,0.37728669539084125
77b3b9_2020-04,0.9302489177489177
29849f_2021-09,0.9007762441585971
c3a69f_2015-12,0.0
7a007d_2016-09,0.32994949494949494
77b3b9_2017-12,0.374949494949495
e60b65_2015-07,0.060052910052910045
8005b9_2018-09,0.24608550325996678
90abb1_2017-09,0.15224157955865275
29849f_2021-05,0.9052807486631016
7a007d_2016-07,0.08705639437346754
bc4c03_2015-09,0.04017713365539453
06534f_2020-09,1.0
439fde_2017-12,0.24909583641290958
259a19_2016-03,0.008695652173913044
c580aa_2021-06,1.0
c580aa_2021-04,0.9958333333333332
c580aa_2022-08,1.0
74fb1f_2018-10,0.2740958364129096
439fde_2017-11,0.24909583641290958
259a19_2015-11,0.014814814814814814
77e86b_2016-11,0.15035187506025258
87cfea_2016-06,0.0
77e86b_2020-05,0.7598781436349495
77e86b_2021-05,0.7598781436349495
77e86b_2021-01,0.78053748429429
74b7d1_2017-03,0.1798468245552021
0cecbd_2018-08,0.3268650610391033
83894c_2023-04,0.7793677152297842
77b3b9_2017-11,0.4159114132292466
987bc1_2016-08,0.07637751952602992
987bc1_2016-12,0.606386080142886
87cfea_2018-05,0.2042912689996465
439fde_2018-10,0.3148853100971201
87cfea_2018-08,0.21651349122186875
f461d4_2017-09,0.6319566236350868
fb737b_2020-04,0.05393374741200828
6838b9_2020-06,0.24909583641290958
af81b0_2016-01,0.0
af81b0_2015-06,0.0
175155_2018-11,0.31565478140496783
3db670_2015-11,0.0033903561630703586
2ab8ad_2018-08,0.3816161616161616
cd0e60_2025-03,0.7491583503104906
cd0e60_2025-06,0.7484495722063781
fb34b4_2024-12,0.5908743842364532
74fb1f_2016-01,0.023510466988727857
c3a69f_2017-10,0.2725740972824748
fc77d0_2016-06,0.34285714285714286
4fb2d3_2015-08,0.023510466988727857
439fde_2016-02,0.023510466988727857
19fa84_2017-12,0.1275556005432133
fc77d0_2016-12,0.43489085556999774
77b3b9_2015-12,0.0
19fa84_2017-10,0.2113952481393059
fc77d0_2016-08,0.3693939393939394
439fde_2015-12,0.014814814814814814
1996b0_2022-08,0.05393374741200828
4718d7_2016-06,0.2502069475240207
4718d7_2016-07,0.2740958364129096
db4cd8_2016-01,0.014814814814814814
8005b9_2015-09,0.0
a25664_2015-11,0.0
34889b_2025-09,0.8228841987462678
9af74c_2016-03,0.09429126899964653
a25664_2016-02,0.014814814814814814
34889b_2017-08,0.4212133597900606
34889b_2020-08,0.923363460863461
b08ec1_2021-05,0.8322248580869271
b08ec1_2020-11,0.8379191013014543
a97df3_2021-08,0.24446380178087496
99c11c_2019-06,0.21257409728247484
259a19_2016-09,0.25101378881363234
e4bc80_2016-04,0.060052910052910045
99c11c_2025-05,0.8114556273176963
3a13b3_2022-09,0.9787114845938376
fc77d0_2016-01,0.0
99c11c_2025-02,0.8114556273176963
3db670_2017-12,0.5432894736842105
87cfea_2018-11,0.22292721442096503
9f1aa0_2016-11,0.5615339877907937
f461d4_2018-09,0.648806715063521
9f1aa0_2016-12,0.5269019531587589
fb737b_2024-02,0.7406117343685403
0cecbd_2020-04,0.906439393939394
af81b0_2022-06,0.8947727272727273
af81b0_2022-07,0.8520454545454544
bf6f0d_2016-02,0.023510466988727857
af81b0_2022-11,0.8553787878787877
af81b0_2022-09,0.8520454545454544
4718d7_2020-10,0.898363460863461
8fabe0_2014-10,0.0
6f5e2b_2023-10,0.9097727272727273
259a19_2014-07,0.008695652173913044
259a19_2024-01,0.9863095238095237
6838b9_2024-12,0.8264556273176963
db4cd8_2019-03,0.48807805331102416
1698cf_2022-06,0.8096838071838072
90abb1_2017-04,0.2351534952033158
34889b_2019-10,0.513544418803698
34889b_2023-03,0.6273104551193689
14fe3a_2022-01,0.8961656586656588
8005b9_2018-04,0.14439613526570047
375f2e_2021-11,0.9684842118665647
92dcdd_2019-12,0.0
af81b0_2024-04,0.47283681765389085
7a007d_2024-01,0.32104028085735403
29849f_2023-09,0.7406117343685403
b1de95_2019-01,0.7622248580869272
022433_2025-03,0.4012797444588866
f4604d_2021-11,0.9097727272727273
e2314a_2019-11,0.7793677152297842
e2314a_2020-02,0.9097727272727273
fb737b_2023-01,0.3690958364129096
e60b65_2017-01,0.23924076394914148
77b3b9_2018-04,0.24136856368563686
265164_2025-02,0.008695652173913044
9af74c_2024-10,0.9019348894348894
987bc1_2017-11,0.19303523035230355
9befc8_2015-11,0.0
780a0b_2015-08,0.025362318840579712
780a0b_2025-07,0.665949572206378
0f9e86_2019-10,0.6125495334116025
0f9e86_2019-11,0.5839362303227261
b416b1_2023-05,0.9613095238095237
bc4c03_2018-05,0.05217391304347826
bc4c03_2021-08,0.8228841987462678
bc4c03_2022-07,0.817224858086927
259a19_2021-12,0.9540686274509804
6838b9_2024-08,0.6980374842942901
90abb1_2024-03,0.9613095238095237
34889b_2014-06,0.0
34889b_2014-07,0.014814814814814814
14fe3a_2024-08,0.9269348894348894
14fe3a_2025-07,0.767109557109557
4fb2d3_2024-02,0.9269348894348894
e83244_2016-12,0.19303523035230352
6224d0_2021-10,0.817224858086927
e60b65_2017-02,0.14429126899964653
e60b65_2022-03,0.9347727272727273
6838b9_2018-01,0.06351046698872787
a25664_2015-07,0.04017713365539453
4fb2d3_2025-03,0.9019348894348894
731908_2019-08,0.38994949494949493
d86999_2015-05,0.03148148148148148
a97df3_2023-09,0.40535714285714286
780a0b_2016-11,0.06562782294489612
0f9e86_2017-12,0.19556212803145587
4718d7_2014-06,0.0
fb737b_2022-08,0.2098468245552021
6f5e2b_2023-08,0.898363460863461
b416b1_2021-02,0.864424066924067
b416b1_2025-04,0.9008333333333333
a25664_2022-01,0.924479686979687
d59611_2014-08,0.008695652173913044
34889b_2014-04,0.0
34889b_2024-06,0.8920454545454545
b08ec1_2023-08,1.0
9af74c_2022-10,0.8096838071838072
987bc1_2022-04,0.704705553067622
4fb2d3_2024-12,0.9401701835525366
545d15_2019-12,0.0
545d15_2020-03,0.0
06534f_2024-12,0.9552489177489176
022433_2024-05,0.23425408216912702
e2314a_2022-02,0.9028679653679653
e83244_2017-05,0.1808130081300813
6224d0_2018-03,0.2611304684475416
6224d0_2021-01,0.8382661591282282
e60b65_2018-03,0.127479674796748
e60b65_2018-07,0.6240335894999994
e60b65_2021-01,0.933545695413021
731908_2023-06,0.3917514150060725
11f0e3_2024-11,0.7234688772256831
d86999_2018-10,0.36076250307957625
d86999_2021-04,0.7622248580869272
b26809_2023-03,0.6545103884404767
780a0b_2020-11,0.86254095004095
8bd3ce_2022-11,0.6008926071505738
0f9e86_2017-09,0.2725740972824748
a97df3_2024-02,0.554889434889435
7199cf_2023-08,0.04338624338624338
34889b_2023-04,0.665949572206378
14fe3a_2014-12,0.025362318840579712
14fe3a_2024-07,0.735021645021645
b08ec1_2023-07,0.7406117343685403
b08ec1_2024-11,0.7520403057971117
06534f_2025-07,0.9882352941176471
f4604d_2019-11,0.4815561015561016
e83244_2016-07,0.008695652173913044
f4d28d_2025-07,0.0
92dcdd_2023-06,0.6082894736842105
8e41cf_2023-12,0.7622248580869272
b26809_2022-10,0.46007936507936503
fc9334_2025-04,0.8264556273176963
780a0b_2023-12,0.8572848569341056
8fb6f0_2023-12,0.8096838071838072
b26809_2022-12,0.6808177463291782
dc4b5e_2024-02,0.7406117343685403
6c1954_2023-09,0.6079537032072326
fc9334_2016-01,0.0
8e41cf_2015-06,0.008695652173913044
b26809_2019-04,0.3661932782417915
b26809_2019-08,0.40709235209235206
780a0b_2018-07,0.21057731789439105
fc9334_2016-05,0.0
bfbeef_2024-06,0.6480421837511067
fc9334_2021-03,0.7367934651555341
e7a56d_2022-09,0.4873169163664535
e7a56d_2023-11,0.8180157384104753
0874ee_2018-05,0.05393374741200828
fc9334_2015-10,0.0
8bd3ce_2019-12,0.5911466165413535
8e41cf_2017-05,0.09831620909866501
c48018_2014-10,0.03148148148148148
8fb6f0_2018-11,0.2957625030795762
8e41cf_2017-06,0.17701854172691925
7199cf_2025-07,0.21150793600789414
9f1aa0_2017-03,0.23687234006246718
948a11_2024-06,0.2425740972824748
6c1954_2025-01,0.84754095004095
bf6f0d_2016-12,0.1593844367015099
9f1aa0_2014-07,0.014814814814814814
7aa803_2015-10,0.0
513080_2023-08,0.24636856368563684
bc4c03_2015-02,0.023510466988727857
db4cd8_2016-12,0.15651349122186875
1822ea_2021-06,1.0
9f1aa0_2017-11,0.37016308787489793
9f1aa0_2023-07,0.6820046808102191
510fbf_2022-02,0.04017713365539453
bfbeef_2016-10,0.03148148148148148
0f9e86_2018-08,0.17429126899964653
0cecbd_2023-01,0.8254264504575056
0cecbd_2022-12,0.819293465155534
0cecbd_2020-01,0.7031357285351063
0cecbd_2018-04,0.11014492753623188
0cecbd_2021-04,0.4853571428571429
829a72_2015-03,0.03148148148148148
e3af0e_2017-02,0.1577913594943186
829a72_2015-01,0.014814814814814814
bf6f0d_2017-11,0.2957625030795762
a97df3_2020-03,0.023510466988727857
1bdb97_2024-08,0.1422944896115628
74fb1f_2023-04,0.7687538821908373
74fb1f_2025-03,0.6593050193050193
c5df88_2023-04,0.8097541294584248
60a0fd_2022-07,0.7793677152297842
bf6f0d_2024-06,0.7726996464564523
e2e0ce_2020-08,0.4693860872066701
c5df88_2019-06,0.23613046844754165
7aa803_2015-12,0.06884057971014493
9b46ed_2017-06,0.2471264009544319
60a0fd_2025-04,0.7148222606843297
94f933_2023-08,0.0
18defd_2018-10,0.6082894736842106
18defd_2024-07,0.9802489177489176
1b9e65_2021-01,0.7234688772256831
b1de95_2023-10,1.0
1822ea_2017-11,0.4885606060606061
0ffc2d_2025-08,0.8114556273176963
db4cd8_2018-01,0.20414634146341465
0ffc2d_2022-01,0.14032335230995444
7bf5c9_2021-03,0.48878110304082456
022433_2022-11,0.11521293247558113
1b9e65_2023-06,0.7406117343685403
1b9e65_2025-05,0.6504954954954956
0ffc2d_2024-02,0.6080172413793103
c5816f_2024-05,0.7904615588439118
e4bc80_2022-03,0.3909782608695652
c3a69f_2023-11,0.27136856368563683
8ec563_2025-04,0.7520901687193169
894378_2021-05,0.8757762441585971
19fa84_2021-09,0.533888888888889
19fa84_2024-11,0.86254095004095
3db670_2021-11,1.0
894378_2022-04,0.5638288288288289
894378_2025-07,0.9504761904761905
8ec563_2024-09,0.86254095004095
fd589c_2025-03,0.8236240155925341
3a13b3_2024-03,0.8417717192717193
14fe3a_2017-03,0.10081300813008132
14fe3a_2021-06,0.8975
14fe3a_2017-01,0.2450868775165409
c5df88_2019-12,0.2685590696624384
f1543b_2016-02,0.0
88a9a6_2023-10,0.7269566353187044
f1543b_2018-04,0.09217391304347826
f1543b_2025-07,0.8286534295154985
94f933_2024-05,0.0
0874ee_2014-04,0.014814814814814814
77e86b_2019-08,0.23180544990474647
8005b9_2019-03,0.3293736141906874
3a13b3_2023-04,0.9958333333333332
e83244_2023-10,0.9495448179271708
c5df88_2018-04,0.13871635610766045
74b7d1_2018-02,0.03148148148148148
7e646c_2024-02,0.03148148148148148
74b7d1_2019-09,0.7196593534161593
7bf5c9_2026-01,0.8816187974808665
6da35b_2024-01,0.03148148148148148
b0ff51_2016-02,0.11014492753623188
b0ff51_2017-09,0.6920949879570569
8d0588_2022-06,0.9097727272727273
b59bc0_2018-01,0.8211123786123787
77e86b_2018-09,0.3268939393939394
8fabe0_2024-11,0.9552489177489176
c580aa_2017-09,0.7726996464564523
439fde_2025-08,0.6875626959247649
74b7d1_2020-03,0.8553540712161402
74b7d1_2021-09,0.7792031416898626
fd589c_2025-02,0.7899340568982802
3a13b3_2024-10,1.0
fd589c_2019-12,0.9802489177489176
e361b7_2016-01,0.11538302277432713
fd589c_2021-06,0.8246838071838072
fd589c_2023-02,0.5950146628549918
3db670_2024-05,1.0
3db670_2025-05,0.9840686274509803
8ec563_2019-07,0.8273887032507723
5a0174_2018-02,0.2725740972824748
987bc1_2017-03,0.374949494949495
06534f_2018-08,0.7431300338955177
259a19_2016-05,0.060052910052910045
8ec563_2015-09,0.023510466988727857
f461d4_2017-04,0.36189393939393943
e7a56d_2020-11,0.7784688772256831
c48018_2021-04,0.7205365463986154
c48018_2022-09,0.6458743842364532
8fabe0_2021-06,0.9863095238095237
6f5e2b_2017-03,0.30294206265044016
f461d4_2017-08,0.45494949494949494
99c11c_2022-03,0.4741656464827197
90abb1_2016-04,0.09429126899964653
60a0fd_2016-09,0.09429126899964653
d86999_2023-11,0.7388504738504738
c48018_2016-08,0.316984126984127
375f2e_2015-06,0.014814814814814814
bc4c03_2017-11,0.1986881764703431
f500c5_2015-11,0.04017713365539453
99c11c_2024-11,0.4853571428571429
83894c_2021-10,0.38829848229986486
83894c_2021-12,0.44240135490064975
34889b_2015-09,0.04017713365539453
1b9e65_2015-12,0.0
4718d7_2017-03,0.12095793566631319
948a11_2023-01,0.023510466988727857
259a19_2016-04,0.025362318840579712
c580aa_2022-11,1.0
b1de95_2021-07,1.0
b73bc7_2022-05,0.9958333333333332
83894c_2023-08,0.8187616546237237
83894c_2024-02,0.8299474168712511
b08ec1_2021-06,0.9269348894348894
b416b1_2016-06,0.04017713365539453
0cecbd_2015-07,0.014814814814814814
cd0e60_2024-06,0.7406117343685403
175155_2016-06,0.060052910052910045
894378_2018-10,0.3540313173047067
0e8d73_2023-01,0.09229448961156278
74fb1f_2018-09,0.17414634146341465
b08ec1_2018-09,0.6197194134762193
3db670_2017-07,0.38994949494949493
87cfea_2017-11,0.014814814814814814
83894c_2017-12,0.014814814814814814
af81b0_2020-12,0.8680473689094379
fd589c_2020-12,0.8665262188076165
f1543b_2015-10,0.06562782294489612
b0ff51_2016-09,0.7406117343685403
83894c_2017-02,0.0
a42d13_2022-10,0.9269348894348894
a42d13_2021-01,0.889390680672933
6f5e2b_2016-01,0.07195126640827194
0cecbd_2021-10,0.8944696882720222
0cecbd_2021-08,0.9302489177489177
8005b9_2017-12,0.5362562100130158
293190_2024-11,0.9480080213903743
c5df88_2024-10,0.9347727272727273
83894c_2017-05,0.014814814814814814
8d0588_2016-12,0.6132658805514347
b59bc0_2015-06,0.13234086821333646
a25664_2025-09,0.9347727272727273
6c1954_2021-06,0.2957625030795762
bc4c03_2019-06,0.30409583641290955
259a19_2014-11,0.016666666666666666
6838b9_2019-04,0.014814814814814814
1822ea_2023-05,0.7793677152297842
14fe3a_2014-10,0.016666666666666666
14fe3a_2025-05,0.7406117343685403
8005b9_2019-09,0.5855365463986154
8005b9_2022-06,0.6316638579206637
375f2e_2022-06,0.6080172413793103
06534f_2024-10,0.9302489177489177
e2314a_2024-10,1.0
4ee2d2_2024-04,0.0
175155_2016-08,0.023510466988727857
a25664_2017-04,0.25724157955865273
375f2e_2024-12,0.7943677152297843
987bc1_2018-06,0.02824195304825066
4fb2d3_2019-07,0.40285453082724515
e427f8_2023-02,0.014814814814814814
fc9334_2025-02,0.7793677152297842
9cf1af_2024-05,0.2957625030795762
6224d0_2014-06,0.0
4718d7_2014-07,0.0
0e8d73_2023-11,0.0
6f5e2b_2017-02,0.23984682455520207
bc4c03_2025-03,0.9787114845938376
a42d13_2023-08,0.6131478875535534
d59611_2018-06,0.16666666666666666
8005b9_2020-07,0.9347727272727273
fc77d0_2022-02,0.8925942300942301
fc77d0_2025-03,0.9904761904761905
4fb2d3_2024-04,0.9019348894348894
af81b0_2024-12,0.8577047952047951
545d15_2020-08,0.0
c580aa_2014-12,0.05217391304347826
f4604d_2024-12,0.8758549783549782
e83244_2019-06,0.5656944537600711
4fb2d3_2017-07,0.2740958364129096
11f0e3_2015-05,0.0
11f0e3_2015-06,0.0
8fb6f0_2016-02,0.025362318840579712
8fb6f0_2024-02,0.7406117343685403
dbb709_2022-04,0.014814814814814814
4718d7_2019-10,0.8758333333333332
1996b0_2024-10,0.19152945527314663
5a0174_2022-10,0.8925942300942301
b416b1_2022-01,0.6619799498746868
259a19_2020-01,0.906439393939394
d59611_2022-07,0.8925942300942301
14fe3a_2020-02,0.6200564909860986
b08ec1_2025-04,0.8993526337366138
29849f_2015-03,0.014814814814814814
f4604d_2019-03,0.2277971351142083
6838b9_2023-06,0.7234688772256831
375f2e_2023-05,0.7793677152297842
fc9334_2022-06,0.7425626959247648
6224d0_2015-02,0.025362318840579712
4718d7_2019-06,0.5261466165413534
b416b1_2025-03,0.9673923864821632
175155_2019-01,0.5089235016801072
db4cd8_2014-08,0.014814814814814814
f25ffe_2023-11,0.12382792730618816
8005b9_2014-11,0.02857142857142857
9af74c_2022-11,0.9097727272727273
987bc1_2019-11,0.665949572206378
531356_2014-12,0.023510466988727857
e83244_2025-06,0.9302489177489177
fc77d0_2021-07,0.9726508785332315
375f2e_2019-12,0.7793677152297842
11f0e3_2023-03,0.648806715063521
fc9334_2023-06,0.5658688387635756
fb737b_2023-05,0.08544552393221472
e60b65_2014-03,0.016666666666666666
8fabe0_2023-12,1.0
8fabe0_2018-05,0.1577294685990338
1822ea_2022-12,0.9470393032341967
8005b9_2023-02,0.6875626959247649
bf6f0d_2018-06,0.07536231884057971
bf6f0d_2019-05,0.3695034843205575
7a007d_2024-03,0.2790958364129096
022433_2024-09,0.18936656586066392
3a13b3_2017-06,0.1699076350571334
3a13b3_2019-01,0.8701159759780449
531356_2024-06,0.8553787878787877
e2314a_2016-02,0.0
6838b9_2020-07,0.38522727272727275
0ffc2d_2023-07,0.30111751615000276
f4d28d_2024-12,0.017908795401223997
4fb2d3_2020-01,0.8703787878787879
4fb2d3_2020-12,0.8417717192717193
e427f8_2025-01,0.22863715751988392
9befc8_2016-08,0.014814814814814814
9f1aa0_2020-12,0.3192257065427797
780a0b_2015-02,0.014814814814814814
0f9e86_2023-08,0.49385257275201333
af81b0_2023-06,0.3995034843205575
0ffc2d_2025-07,0.8114556273176963
6f5e2b_2023-06,0.84754095004095
db4cd8_2014-09,0.002652699335651369
db4cd8_2024-11,0.9069018521472796
d59611_2024-05,0.7793677152297842
8005b9_2023-11,0.906439393939394
b08ec1_2015-04,0.04017713365539453
dbb709_2025-01,0.23699918439048875
29849f_2016-08,0.05393374741200828
06534f_2019-10,0.8346947305567995
3a13b3_2018-04,0.5363731928101265
e2314a_2021-12,0.8761233019853709
e2314a_2023-07,0.8246838071838072
e83244_2021-09,0.9684842118665647
a42d13_2018-05,0.17794206265044016
375f2e_2020-06,0.906439393939394
302d40_2024-11,0.39459676885265915
780a0b_2021-03,0.817224858086927
0f9e86_2019-03,0.3422222222222222
7199cf_2024-02,0.06562782294489612
4718d7_2023-12,1.0
e60b65_2024-11,0.8304118504024661
5a0174_2014-08,0.014814814814814814
1822ea_2020-09,0.9780080213903742
1822ea_2024-03,0.933235294117647
14fe3a_2018-03,0.2330352303523035
d59611_2021-04,0.8929954954954955
af81b0_2023-01,0.6875626959247649
29849f_2017-04,0.2513795930971424
3a13b3_2017-02,0.23354028085735404
3a13b3_2024-02,0.8273887032507723
e2314a_2016-08,0.008695652173913044
e83244_2015-03,0.008695652173913044
532867_2025-04,0.008695652173913044
987bc1_2025-08,0.7038067150635208
8e41cf_2024-09,0.8640777465777466
11f0e3_2016-06,0.023510466988727857
a97df3_2024-08,0.7234688772256831
9befc8_2017-06,0.2725740972824748
8fb6f0_2021-12,0.30409583641290955
6224d0_2023-05,0.6629951328866066
6224d0_2023-09,0.6572480106100796
532867_2024-12,0.04017713365539453
8005b9_2020-05,0.9302489177489177
af81b0_2025-01,0.7726996464564523
29849f_2018-02,0.17794206265044016
c580aa_2025-05,1.0
531356_2025-02,0.8553787878787877
e2314a_2016-07,0.0
e2314a_2016-12,0.04896115627822945
e2314a_2018-10,0.20111127798125686
e83244_2021-05,0.9863095238095237
e60b65_2022-08,0.9347727272727273
4ee2d2_2024-02,0.04017713365539453
424c1b_2025-02,0.02857142857142857
4fb2d3_2015-01,0.0
8bd3ce_2025-06,0.9019348894348894
4718d7_2019-09,0.8114556273176963
bc4c03_2022-06,0.6451145509044932
259a19_2019-04,0.7793677152297842
259a19_2020-09,0.9138035863597411
259a19_2023-10,0.9840686274509803
6838b9_2021-10,0.27136856368563683
f25ffe_2024-02,0.09017713365539451
d59611_2014-12,0.0
90abb1_2014-06,0.04017713365539453
34889b_2024-08,0.9401701835525366
fc77d0_2019-08,0.5025000000000001
7a007d_2018-11,0.3695034843205575
06534f_2019-04,0.7793677152297842
531356_2020-09,0.906439393939394
531356_2023-04,0.5450193050193051
90abb1_2025-01,1.0
4fb2d3_2020-08,0.6474480701454346
11f0e3_2016-09,0.20794206265044018
11f0e3_2022-05,0.6166228070175439
bfbeef_2024-02,0.7234688772256831
0f9e86_2019-02,0.33636856368563683
90abb1_2023-11,0.8925942300942301
1822ea_2022-08,0.9019348894348894
b08ec1_2020-03,0.906439393939394
b08ec1_2021-08,0.9269348894348894
4fb2d3_2019-05,0.39702380952380956
06534f_2020-03,1.0
3a13b3_2024-01,0.8337067216212073
b73bc7_2015-03,0.05714285714285714
531356_2020-01,0.706326020082826
531356_2024-12,0.9844155844155844
e2314a_2016-05,0.0
e2314a_2021-10,0.9684842118665647
6224d0_2017-04,0.07842676450154677
e60b65_2024-06,0.704705553067622
a25664_2022-03,0.8794566353187043
a42d13_2014-03,0.016666666666666666
1822ea_2025-04,0.9568803323185154
375f2e_2020-09,0.9097727272727273
9af74c_2023-06,0.8114556273176963
987bc1_2015-03,0.03148148148148148
11f0e3_2021-05,0.3408923732094464
11f0e3_2021-11,0.40535714285714286
d86999_2017-05,0.26769702715562504
b26809_2024-10,0.7793677152297842
dbb709_2022-12,0.014814814814814814
fb737b_2021-12,0.27509442248572685
6f5e2b_2025-03,0.9290686274509804
259a19_2024-04,0.9019348894348894
b416b1_2020-03,0.9062012987012988
77b3b9_2023-05,0.8096838071838072
90abb1_2022-08,0.8811656586656588
34889b_2022-12,0.750021645021645
8005b9_2023-05,1.0
265164_2023-08,0.008695652173913044
9af74c_2022-12,0.9097727272727273
9af74c_2024-05,0.9019348894348894
7a007d_2019-05,0.3294674991011135
06534f_2020-02,0.8953787878787878
3a13b3_2017-03,0.2947061892756957
b73bc7_2014-10,0.1542912689996465
531356_2023-08,0.700810259115483
e60b65_2022-11,0.9515617752142923
e60b65_2025-01,0.9863095238095237
6838b9_2023-03,0.9302489177489177
a42d13_2015-01,0.0
4fb2d3_2020-02,0.7283586872395357
11f0e3_2019-10,0.5765561015561016
e427f8_2022-10,0.02857142857142857
e427f8_2024-02,0.2023671497584541
9befc8_2020-11,0.8114556273176963
780a0b_2014-09,0.008695652173913044
8fb6f0_2024-10,0.6316638579206637
dbb709_2025-03,0.5156111271123992
29849f_2025-04,0.8114556273176963
0e8d73_2023-12,0.0
1996b0_2025-04,0.38994949494949493
b416b1_2021-03,0.9155828104320658
b416b1_2022-04,0.5783305245873305
a42d13_2023-11,0.8679954954954955
db4cd8_2023-09,0.7353525242824469
1698cf_2023-07,0.8811656586656588
34889b_2024-04,0.9861070930804369
8005b9_2022-11,0.47974294792209005
987bc1_2024-05,0.8322248580869271
545d15_2020-05,0.014814814814814814
06534f_2022-10,1.0
f4604d_2024-10,0.849175026655789
e2314a_2020-08,0.8701159759780449
6224d0_2021-12,0.9019348894348894
6224d0_2022-07,0.665949572206378
fb737b_2021-07,0.014814814814814814
a25664_2021-09,0.8567717192717194
a42d13_2025-04,0.9278679653679653
90abb1_2024-12,0.906439393939394
0ffc2d_2019-04,0.0008023448746340598
fc77d0_2022-08,0.648806715063521
f4d28d_2025-06,0.04017713365539453
b26809_2025-08,0.648806715063521
e60b65_2024-09,0.7224320851054606
f461d4_2019-04,0.7793677152297842
1698cf_2023-12,1.0
d59611_2023-06,0.8096838071838072
90abb1_2014-09,0.008695652173913044
1822ea_2021-05,1.0
b08ec1_2019-10,0.8400626959247649
92dcdd_2023-10,0.7234688772256831
c580aa_2024-06,0.9735822212251379
b1de95_2014-11,0.12762460233297984
06534f_2023-02,0.9613095238095237
3a13b3_2018-12,0.7793677152297842
e2314a_2023-06,0.7380448727856997
a25664_2020-10,0.7225168229528035
265164_2024-05,0.008695652173913044
4fb2d3_2015-04,0.08956903479370945
d86999_2016-02,0.02857142857142857
e427f8_2024-07,0.2790958364129096
dc4b5e_2025-06,0.8114556273176963
f4604d_2016-06,0.014814814814814814
175155_2018-12,0.2707625030795763
90abb1_2021-07,0.7418544638094764
b08ec1_2023-12,0.8198653847028998
92dcdd_2020-02,0.0
29849f_2019-05,0.27994949494949495
f4604d_2018-05,0.06411716630369295
e2314a_2022-07,0.8925942300942301
e83244_2022-02,0.8149263098236519
e60b65_2021-11,0.9552489177489176
77b3b9_2019-11,0.9019348894348894
987bc1_2020-11,0.7451162388730448
4fb2d3_2021-08,0.9151701835525365
731908_2025-05,0.8246838071838072
bfbeef_2022-07,0.42422561776359496
9befc8_2019-12,0.3263166165854785
8fb6f0_2018-01,0.04017713365539453
5a0174_2023-12,0.9401701835525366
259a19_2018-02,0.10340672505529784
6838b9_2023-09,0.7555567893135952
90abb1_2014-08,0.008695652173913044
bf6f0d_2018-05,0.05217391304347826
302d40_2025-08,0.27352092352092355
f4604d_2018-06,0.04338624338624338
e2314a_2017-07,0.23794206265044018
e2314a_2019-08,0.8722619047619048
6224d0_2022-09,0.42856060606060603
a25664_2020-07,0.9097727272727273
a25664_2022-05,0.8811656586656588
90abb1_2021-12,0.9158333333333333
90abb1_2023-02,0.8605063180063179
fc77d0_2017-08,0.2630352303523035
987bc1_2023-06,0.7479243110236082
8fb6f0_2015-07,0.025362318840579712
b416b1_2014-11,0.0
f461d4_2020-10,0.8679954954954955
bc4c03_2023-04,0.7793677152297842
6838b9_2023-10,0.7726996464564523
db4cd8_2022-02,0.896769854592732
77b3b9_2014-12,0.060052910052910045
1822ea_2021-07,0.9434842118665647
375f2e_2023-04,0.7793677152297842
9af74c_2014-06,0.008695652173913044
bf6f0d_2019-07,0.6082894736842105
af81b0_2016-05,0.08110472650695863
3db670_2018-06,0.3948572047594263
e60b65_2022-04,0.9347727272727273
6f5e2b_2022-07,0.7622248580869272
a25664_2021-08,0.8984878518214128
a25664_2025-07,0.8593416746144946
a42d13_2024-01,0.9904761904761905
f25ffe_2024-08,0.0
9af74c_2021-10,0.9097727272727273
b26809_2023-10,0.748022905117947
9befc8_2024-08,0.5615339877907937
8bd3ce_2023-02,0.8096838071838072
0f9e86_2019-05,0.7109124113976153
531356_2024-01,0.8248396010094226
4718d7_2025-07,0.9019348894348894
fb737b_2025-03,0.6251600985221675
5a0174_2022-09,0.717878787878788
5a0174_2022-11,0.8265669240669242
b416b1_2025-02,0.9552489177489176
f461d4_2014-07,0.04017713365539453
6838b9_2023-01,0.9019348894348894
6838b9_2023-08,0.9669066778479921
1698cf_2025-06,0.7094660557228616
d59611_2024-01,0.9572267326550083
34889b_2015-01,0.05202898550724637
34889b_2020-03,0.898363460863461
34889b_2022-06,0.648806715063521
8005b9_2019-04,0.26296095555682114
8005b9_2022-10,0.5465907921531966
8005b9_2024-11,0.8703787878787879
375f2e_2022-07,0.6082894736842105
92dcdd_2025-01,0.9863095238095237
06534f_2020-01,0.86254095004095
b73bc7_2014-12,0.06393374741200827
5a0174_2023-10,0.9745448179271708
bc4c03_2014-12,0.06562782294489612
fc77d0_2015-08,0.014814814814814814
987bc1_2024-01,1.0
731908_2019-01,0.3151449986484101
11f0e3_2017-06,0.2249223206724583
9befc8_2016-06,0.023510466988727857
fc9334_2023-03,0.7234688772256831
8fb6f0_2021-02,0.3508998582434863
dbb709_2022-10,0.014814814814814814
0f9e86_2021-11,0.7445509485719017
8fabe0_2023-08,0.9019348894348894
0e8d73_2025-02,0.11562782294489612
f461d4_2014-06,0.0
1698cf_2015-03,0.025362318840579712
14fe3a_2025-03,0.9079954954954955
8005b9_2024-12,0.9401701835525366
545d15_2020-07,0.0
c580aa_2014-08,0.037267080745341616
022433_2024-04,0.12429126899964651
b73bc7_2025-07,0.9613095238095237
e83244_2019-12,0.8716187974808666
e83244_2021-10,0.9706439615610141
e60b65_2018-10,0.6044799498746867
e60b65_2023-04,0.6316638579206637
4ee2d2_2024-10,0.016666666666666666
175155_2016-09,0.14429126899964653
f461d4_2024-07,0.84754095004095
a42d13_2025-01,0.9904761904761905
1698cf_2024-01,0.9904761904761905
fc77d0_2025-04,0.8547238104504611
4fb2d3_2018-10,0.5911466165413535
d86999_2016-01,0.0
b26809_2024-05,0.8961656586656588
b26809_2024-11,0.8811656586656588
a97df3_2023-11,0.4734260605715527
9befc8_2023-09,0.5658688387635756
0f9e86_2023-10,0.8529954954954955
9cf1af_2024-06,0.30484682455520207
8e41cf_2022-11,0.7196593534161593
7199cf_2024-05,0.025362318840579712
6224d0_2023-12,0.9904761904761905
fb737b_2020-02,0.0
8fabe0_2015-02,0.04017713365539453
6838b9_2023-12,0.9347727272727273
b08ec1_2021-12,0.46450348432055755
265164_2024-10,0.016666666666666666
4fb2d3_2025-04,0.8286534295154985
af81b0_2024-03,0.6114479916850959
06534f_2019-11,0.7962508321129012
531356_2023-11,0.7772041509609567
e2314a_2015-12,0.0
e83244_2016-06,0.0
e83244_2017-08,0.23794206265044018
77b3b9_2017-04,0.22571984042821797
e427f8_2024-08,0.2957625030795762
9cf1af_2025-08,0.2725740972824748
f25ffe_2024-05,0.023289486121852127
8fabe0_2024-05,0.9552489177489176
db4cd8_2018-02,0.06684380032206119
db4cd8_2025-02,0.8640777465777466
1698cf_2020-03,0.8959708849251292
77b3b9_2025-02,0.9019348894348894
d59611_2017-02,0.12095793566631319
d59611_2024-06,0.7234688772256831
8005b9_2023-12,0.898363460863461
b08ec1_2014-11,0.03648128595873744
545d15_2019-03,0.008695652173913044
06534f_2016-12,0.19676424314570512
f4604d_2024-09,0.8872835497835497
531356_2019-05,0.26664634146341465
531356_2019-10,0.5600193050193051
6224d0_2021-04,0.9019348894348894
e60b65_2025-04,0.8322248580869271
375f2e_2025-07,0.8286534295154985
9af74c_2018-04,0.06884057971014493
11f0e3_2017-07,0.3423654694950927
e427f8_2025-07,0.3860402808573541
9befc8_2017-01,0.06562782294489612
dbb709_2024-05,0.23984682455520207
8bd3ce_2023-10,0.6837531721152411
0f9e86_2025-07,0.7406117343685403
5a0174_2023-03,0.9019348894348894
175155_2015-04,0.08060041407867494
d59611_2021-06,0.9347727272727273
8005b9_2019-05,0.5458101993840784
92dcdd_2019-05,0.0
af81b0_2014-11,0.023510466988727857
29849f_2023-10,0.898363460863461
06534f_2023-03,0.9958333333333332
db5006_2023-06,0.7406117343685403
e60b65_2020-11,0.9552489177489176
a25664_2022-10,0.906439393939394
77b3b9_2020-01,0.665949572206378
77b3b9_2020-02,0.8811656586656588
92dcdd_2023-08,0.7622248580869272
731908_2021-03,0.47011785586631955
d86999_2022-01,0.6553787878787878
780a0b_2021-05,0.6109105236832268
a25664_2024-02,0.9897727272727274
0e8d73_2024-07,0.014814814814814814
e60b65_2025-03,0.9314393939393939
0874ee_2021-09,0.36392981678602476
8fabe0_2022-07,0.717878787878788
1698cf_2022-07,0.9193368502192032
d59611_2018-03,0.21179622615661525
d59611_2021-09,0.9311015561015562
34889b_2014-08,0.0
3db670_2019-03,0.7793677152297842
3db670_2020-01,0.9097727272727273
06534f_2024-06,0.8322248580869271
b73bc7_2024-08,0.9647727272727273
e83244_2019-03,0.49737012987012985
6224d0_2022-05,0.9552489177489176
4718d7_2024-02,0.9019348894348894
f4d28d_2025-03,0.12095793566631319
9befc8_2014-11,0.0
9befc8_2023-04,0.47174603174603175
780a0b_2025-08,0.5594748938475338
fc9334_2025-01,0.8114556273176963
6224d0_2023-04,0.648806715063521
fb737b_2021-01,0.025362318840579712
b416b1_2020-09,0.9097727272727273
f461d4_2025-07,0.9314393939393939
f461d4_2025-09,0.86254095004095
6838b9_2024-09,0.665949572206378
8005b9_2019-10,0.5108743842364533
7a007d_2019-02,0.33684399963112865
7a007d_2019-04,0.24576250307957626
3a13b3_2017-05,0.28388872695545303
e2314a_2021-03,0.9097727272727273
fb737b_2023-09,0.18271777003484319
1822ea_2024-08,0.8567717192717194
4fb2d3_2019-09,0.6485104563747767
4fb2d3_2024-01,1.0
731908_2025-02,0.648806715063521
d86999_2020-02,0.7755581914202603
9befc8_2018-11,0.16538302277432712
9f1aa0_2019-07,0.36617015098722416
0f9e86_2018-01,0.19414634146341464
0f9e86_2021-05,0.5586904761904762
0f9e86_2021-09,0.3325040643675835
8fabe0_2022-11,0.8490777465777466
6f5e2b_2014-09,0.0
a42d13_2024-06,0.7732328559194533
a42d13_2024-04,0.7793677152297842
77b3b9_2022-06,0.6826794035414726
d59611_2023-07,0.84754095004095
90abb1_2019-05,0.7234688772256831
b08ec1_2024-03,0.922990181910697
375f2e_2024-10,1.0
375f2e_2025-05,0.9019348894348894
92dcdd_2020-03,0.014814814814814814
af81b0_2014-10,0.0
545d15_2019-10,0.0
29849f_2023-12,0.6916480158622555
b1de95_2017-02,0.27729674201058374
b73bc7_2025-06,0.8228841987462678
e83244_2018-09,0.0927177700348432
8fabe0_2023-01,0.9230080213903744
90abb1_2023-07,0.8096838071838072
375f2e_2019-02,0.06884057971014493
9af74c_2018-05,0.05869565217391304
11f0e3_2024-04,0.6330630401294122
d86999_2017-11,0.24571075415132695
9befc8_2024-03,0.665949572206378
780a0b_2016-10,0.06562782294489612
b416b1_2024-10,0.8670454545454545
f461d4_2025-04,0.9269348894348894
bc4c03_2023-05,0.7406117343685403
db4cd8_2023-08,0.9269348894348894
b416b1_2020-04,0.936727503878792
90abb1_2022-09,0.8352688246753732
1822ea_2023-03,0.9546124959146137
8005b9_2022-12,0.79254095004095
8005b9_2024-06,0.9621518288113249
375f2e_2022-09,0.6571090924801373
2167be_2025-08,0.04017713365539453
545d15_2018-11,0.0
c580aa_2023-09,0.819293465155534
06534f_2024-02,0.9893614789692855
b73bc7_2020-03,0.9958333333333332
b73bc7_2024-09,0.9708333333333332
e2314a_2018-08,0.3903426790677242
e2314a_2022-09,0.9903882104343665
8fabe0_2024-09,0.9347727272727273
bc4c03_2023-02,0.7603816504145955
259a19_2022-10,0.8869348894348894
a25664_2015-05,0.0738095238095238
375f2e_2020-01,0.8640777465777466
375f2e_2022-02,0.9745448179271708
9af74c_2022-03,1.0
92dcdd_2022-04,0.13871635610766045
b26809_2022-09,0.5468494286957183
b26809_2024-03,0.7934049079282375
a97df3_2025-01,0.7406117343685403
780a0b_2016-06,0.0
dbb709_2023-09,0.04523809523809523
3a13b3_2019-02,0.8159601318222007
9befc8_2017-11,0.23354028085735404
8fb6f0_2016-03,0.08705639437346754
8fb6f0_2025-04,0.625192877575367
780a0b_2022-10,0.5381596035543403
b26809_2020-04,0.9434842118665647
e7a56d_2022-12,0.6572032130652821
731908_2023-05,0.648806715063521
bfbeef_2019-01,0.1423865070948846
d86999_2019-09,0.648806715063521
b26809_2014-09,0.008695652173913044
edda84_2025-06,0.08148148148148147
780a0b_2024-11,0.5748673211241269
8bd3ce_2017-02,0.06562782294489612
18defd_2024-08,0.7084278263225632
fc9334_2017-06,0.17747967479674798
8e41cf_2015-02,0.0
b26809_2021-07,0.45494949494949494
c48018_2024-01,0.63495791069579
8fb6f0_2017-07,0.21057731789439105
bfbeef_2017-03,0.2098468245552021
b26809_2017-04,0.04017713365539453
b26809_2018-06,0.13681159420289854
b26809_2018-12,0.36189393939393943
18defd_2018-04,0.09562275357669127
dc4b5e_2023-07,0.2740958364129096
b26809_2015-01,0.0
e7a56d_2014-11,0.19903381642512077
780a0b_2021-06,0.4025609536319396
bfbeef_2024-08,0.723468877225683
8e41cf_2019-08,0.4718939393939395
8e41cf_2020-11,0.7793677152297842
731908_2022-01,0.5210167464114833
0874ee_2019-10,0.4070675692813762
780a0b_2019-03,0.3366161616161616
bfbeef_2020-07,0.6593050193050193
8bd3ce_2016-11,0.0
b26809_2016-01,0.0
18defd_2023-03,0.27454637160533923
c48018_2020-01,0.6560822510822512
dc4b5e_2022-10,0.05393374741200828
b26809_2023-04,0.6636649156055447
e7a56d_2024-08,0.88754095004095
8bd3ce_2018-10,0.058007040030082245
8bd3ce_2020-07,0.7726996464564523
8e41cf_2014-11,0.014814814814814814
77e86b_2024-12,0.7520403057971117
8bd3ce_2017-10,0.060052910052910045
8e41cf_2015-11,0.0
b26809_2017-03,0.08671957671957672
c48018_2023-06,0.38884448545909245
fc9334_2024-07,0.7008960292580981
8bd3ce_2020-08,0.7000944929892298
a97df3_2023-03,0.11958716626960882
bfbeef_2017-07,0.49416666666666675
8bd3ce_2015-11,0.0
8e41cf_2016-12,0.023510466988727857
b26809_2014-11,0.0
b26809_2019-12,0.648806715063521
c48018_2024-04,0.6593050193050193
bfbeef_2020-09,0.6179516358463728
bfbeef_2020-12,0.4950274204092205
8bd3ce_2019-09,0.3099494949494949
9befc8_2023-10,0.6801590328346383
8bd3ce_2017-11,0.09523809523809523
8e41cf_2017-09,0.22433393165100482
18defd_2023-07,0.39256241735895026
8bd3ce_2015-12,0.0
731908_2015-10,0.0
bfbeef_2025-08,0.7501173249331433
780a0b_2021-08,0.3599494949494949
8bd3ce_2015-05,0.008695652173913044
8bd3ce_2023-01,0.7234688772256831
731908_2025-03,0.7622248580869272
b26809_2014-05,0.0
18defd_2018-06,0.06160570508396594
b26809_2015-06,0.004926252399133793
8e41cf_2015-10,0.0
bfbeef_2019-05,0.30409583641290955
fc9334_2014-11,0.0
fc9334_2016-02,0.008695652173913044
8e41cf_2016-04,0.008695652173913044
8e41cf_2018-12,0.04017713365539453
780a0b_2018-03,0.15172932123243052
8fb6f0_2017-03,0.15451671183378501
fc9334_2017-07,0.1422944896115628
bfbeef_2025-03,0.723468877225683
fc9334_2014-12,0.0
8bd3ce_2020-09,0.4323701298701299
9befc8_2023-07,0.3099494949494949
11f0e3_2023-09,0.410713530986195
b26809_2018-07,0.19571984042821794
8fb6f0_2022-11,0.33614629822369035
b26809_2014-10,0.0
b26809_2018-11,0.30409583641290955
8e41cf_2018-08,0.16871635610766045
8e41cf_2019-05,0.3537820684817216
fc9334_2015-07,0.0
bfbeef_2018-08,0.2790958364129096
bfbeef_2019-09,0.5076184480289072
fc9334_2019-10,0.3760167464114833
9af74c_2014-07,0.029192097658127764
77b3b9_2014-06,0.0
948a11_2025-05,0.30409583641290955
f500c5_2015-05,0.014814814814814814
bf6f0d_2017-01,0.1593844367015099
bf6f0d_2021-09,0.5568830078149241
b644ac_2024-10,0.04017713365539453
b644ac_2025-07,0.11276478099410969
bc4c03_2018-02,0.22747967479674797
b644ac_2025-04,0.04896115627822945
4718d7_2014-08,0.014814814814814814
bc4c03_2014-07,0.04338624338624338
6c1954_2020-02,0.0
77c35f_2025-04,0.22555555555555556
9f1aa0_2018-04,0.18079365079365078
9af74c_2017-06,0.1423865070948846
6c1954_2022-10,0.20904197278653713
fa8553_2021-11,0.04338624338624338
f1543b_2017-04,0.11571984042821795
f500c5_2024-03,0.3695034843205575
429b22_2025-07,0.014814814814814814
fa8553_2023-01,0.1423865070948846
14fe3a_2018-12,0.24909583641290958
fb34b4_2023-08,0.017992209142784335
edda84_2025-05,0.03148148148148148
f500c5_2021-07,0.8187616546237237
77c35f_2023-10,0.043478260869565216
513080_2025-05,0.2957625030795762
b644ac_2024-08,0.07938443670150988
8fabe0_2020-10,0.906439393939394
db4cd8_2020-07,0.88754095004095
1822ea_2018-06,0.05217391304347826
bc4c03_2019-12,0.906439393939394
9f1aa0_2024-09,0.7234688772256831
bf6f0d_2025-01,0.88754095004095
6c1954_2022-09,0.23366585105715543
bf6f0d_2014-10,0.008695652173913044
6c1954_2022-03,0.23924076394914148
9f1aa0_2022-01,0.32836878456109214
bf6f0d_2023-07,0.6980374842942901
948a11_2023-08,0.008695652173913044
f500c5_2021-10,0.706326020082826
510fbf_2025-01,0.2592351451262667
14fe3a_2016-08,0.29032670045419007
259a19_2025-03,0.9540686274509804
1822ea_2018-05,0.1349185863643231
fb34b4_2024-10,0.20651349122186877
fc77d0_2014-09,0.016666666666666666
9f1aa0_2021-04,0.36117015098722416
f1543b_2017-02,0.09053217340892086
531356_2015-10,0.0
510fbf_2022-05,0.11538302277432713
d59611_2017-01,0.1593844367015099
6c1954_2025-03,0.8434791252776266
fb34b4_2024-06,0.2160787735698305
948a11_2023-06,0.0
9f1aa0_2022-09,0.7234688772256831
6c1954_2025-08,0.8417717192717193
fb34b4_2024-08,0.20651349122186877
fa8553_2023-07,0.30161616161616156
510fbf_2023-01,0.014814814814814814
d59611_2019-10,0.5503571428571429
bf6f0d_2016-06,0.2893939393939394
f500c5_2018-04,0.09026915113871635
9f1aa0_2020-10,0.2740958364129096
db4cd8_2021-10,0.9019348894348894
f461d4_2021-09,0.9019348894348894
9f1aa0_2017-08,0.282421167212185
9f1aa0_2018-08,0.6157053515098132
1698cf_2015-07,0.04017713365539453
6f5e2b_2014-11,0.016666666666666666
9f1aa0_2014-05,0.014814814814814814
9f1aa0_2014-10,0.023510466988727857
fa8553_2022-03,0.037267080745341616
259a19_2019-10,0.6649385593464483
f500c5_2020-08,0.5675000000000001
6c1954_2025-04,0.7784688772256831
9f1aa0_2023-01,0.7556117343685402
1698cf_2016-09,0.06435145012044233
4718d7_2016-11,0.1923865070948846
b07578_2024-07,0.19429126899964652
b644ac_2025-02,0.05017713365539452
6838b9_2021-06,0.31271169491018835
7bf5c9_2020-03,0.42388888888888887
f1543b_2022-03,0.762224858086927
9f1aa0_2014-08,0.023510466988727857
fa8553_2024-04,0.24636856368563684
f500c5_2015-12,0.1783034351820285
bf6f0d_2025-06,0.7038067150635208
fa8553_2025-06,0.44661616161616163
b07578_2024-08,0.12429126899964651
259a19_2024-08,0.8869348894348894
9f1aa0_2014-06,0.014814814814814814
302d40_2022-10,0.060144927536231886
5a0174_2018-01,0.014814814814814814
9f1aa0_2020-05,0.7406117343685403
510fbf_2024-06,0.19693756619989042
d59611_2017-04,0.1897018970189702
1698cf_2016-08,0.04017713365539453
731908_2016-06,0.008695652173913044
bfbeef_2023-04,0.9552489177489176
11f0e3_2018-05,0.2599374521893467
780a0b_2019-02,0.30409583641290955
1822ea_2015-07,0.027305620685246234
e361b7_2015-11,0.014814814814814814
11f0e3_2016-04,0.008695652173913044
bfbeef_2018-02,0.2725740972824748
0cecbd_2023-11,0.7406117343685403
9befc8_2016-04,0.008695652173913044
1822ea_2022-02,0.9688599154647551
9befc8_2017-04,0.23794206265044018
0cecbd_2019-11,0.5675
9befc8_2017-08,0.2657625030795763
db4cd8_2015-08,0.0
bfbeef_2016-12,0.2098468245552021
0cecbd_2023-08,0.7406117343685403
9f1aa0_2023-05,0.7520403057971117
0cecbd_2020-02,0.7406117343685403
bfbeef_2015-08,0.04017713365539453
bfbeef_2017-01,0.1793844367015099
0f9e86_2017-07,0.21113046844754163
9befc8_2019-04,0.3344638017808749
375f2e_2020-04,0.9437755871579402
780a0b_2018-11,0.2707625030795763
fc77d0_2023-03,0.7161341244961935
3db670_2019-02,0.7319353675963239
3a13b3_2015-04,0.14835509567216884
987bc1_2021-12,0.9097727272727273
e3af0e_2014-05,0.127479674796748
829a72_2018-02,0.09026915113871635
8fb6f0_2020-01,0.7943677152297843
e3af0e_2014-07,0.06160570508396594
e3af0e_2016-11,0.17794206265044016
e3af0e_2017-04,0.22315449674277482
98a151_2014-08,0.018794181404685473
60a0fd_2014-10,0.02298759161006485
a97df3_2024-12,0.9863095238095237
e3af0e_2014-06,0.08338624338624338
60a0fd_2015-01,0.03148148148148148
dbb709_2022-02,0.02857142857142857
dc4b5e_2019-06,0.014814814814814814
6c1954_2024-07,0.7828165003956997
a97df3_2022-11,0.07536231884057971
19fa84_2024-04,0.7556117343685402
1bdb97_2023-06,0.03148148148148148
cd0e60_2022-10,0.05393374741200828
e2e0ce_2023-11,0.6622849181469871
74fb1f_2025-02,0.6593050193050193
e3af0e_2025-07,0.636923048984573
f500c5_2016-05,0.16656536693753102
e2e0ce_2019-04,0.2624291697462429
74fb1f_2022-08,0.3728030399107586
74fb1f_2024-01,0.926677489177489
74fb1f_2024-04,0.8283387442008132
88a9a6_2023-12,0.7066605056994252
98a151_2025-07,0.9480080213903743
e3af0e_2024-11,0.6882465678093753
948a11_2025-06,0.2303518750602526
293190_2021-12,0.27510023511340365
74fb1f_2021-01,0.7838722197342888
74fb1f_2022-10,0.8169101727722416
60a0fd_2025-06,0.7486210140526908
f500c5_2017-11,0.1423865070948846
90abb1_2015-09,0.023510466988727857
94f933_2025-07,0.16168318011627264
f500c5_2014-04,0.014814814814814814
cd0e60_2022-09,0.06884057971014493
e2e0ce_2014-11,0.0
2ab8ad_2020-08,0.4957389686337055
88a9a6_2023-07,0.5180116959064327
88a9a6_2024-01,0.7793677152297842
f500c5_2023-02,0.3093706340790116
f500c5_2023-03,0.4166463414634146
92dcdd_2018-06,0.037267080745341616
60a0fd_2021-01,0.7998222606843297
e3af0e_2025-03,0.6793671330166896
e2e0ce_2014-12,0.023510466988727857
e2e0ce_2021-06,0.7622248580869272
e2e0ce_2021-11,0.8114556273176963
c5df88_2021-08,0.7217076167076166
9b46ed_2019-08,0.20234644582470668
829a72_2023-03,0.3913685636856369
293190_2021-08,0.6382359307359307
74fb1f_2019-01,0.2707625030795763
f500c5_2019-04,0.20651349122186877
f500c5_2020-10,0.41814833800533735
f461d4_2021-06,0.9684842118665647
293190_2015-01,0.04017713365539453
e2e0ce_2022-06,0.7390097482817045
c5df88_2020-03,0.554889434889435
c5df88_2021-07,0.3830568456150096
88a9a6_2022-03,0.40318770393554837
9b46ed_2021-02,0.7406117343685403
829a72_2022-01,0.8362508321129012
7bf5c9_2023-12,0.37909182283606335
f500c5_2019-10,0.4802272727272728
88a9a6_2024-04,0.704705553067622
e7a56d_2024-02,0.8322248580869271
9b46ed_2020-09,0.8566187974808666
9b46ed_2025-01,0.9408333333333333
60a0fd_2023-06,0.9597727272727272
293190_2024-01,0.7793677152297842
c48018_2024-05,0.6998222606843297
7aa803_2014-11,0.03148148148148148
9b46ed_2024-08,0.923363460863461
e3af0e_2022-12,0.6365886699507389
f500c5_2025-05,0.7743482167352018
e2e0ce_2015-02,0.014814814814814814
e2e0ce_2022-09,0.6622849181469871
74fb1f_2022-01,0.7646728074652127
88a9a6_2022-08,0.6128217657165026
9b46ed_2021-11,0.7793677152297842
e3af0e_2024-06,0.6386222409059406
1bdb97_2024-10,0.17012156730182976
bf6f0d_2022-09,0.5908743842364532
6224d0_2019-04,0.4152272727272727
293190_2020-01,0.48083495366529005
c5df88_2018-06,0.06884057971014493
74fb1f_2025-06,0.6413236185153863
7aa803_2021-10,0.7793677152297842
88a9a6_2020-09,0.4802272727272728
88a9a6_2021-11,0.6335224073072225
9b46ed_2017-12,0.30409583641290955
829a72_2023-12,0.6251600985221675
7bf5c9_2021-11,0.9302489177489177
f500c5_2023-05,0.6021504300690307
6f5e2b_2020-10,0.8151383526383527
a25664_2025-05,0.9269348894348894
e2e0ce_2021-12,0.8553540712161402
c5df88_2021-06,0.29933041893884804
7aa803_2022-02,0.2793629368999463
88a9a6_2019-03,0.17595703748568284
9b46ed_2023-09,0.4156612035571586
829a72_2019-04,0.46450348432055755
829a72_2023-04,0.5675000000000001
e3af0e_2024-09,0.7097847758875889
88a9a6_2022-02,0.6421621621621622
98a151_2023-04,0.9094009527833057
2ab8ad_2023-12,0.7470161109670073
74fb1f_2022-09,0.3058480314362574
7aa803_2019-05,0.2277971351142083
9b46ed_2021-03,0.6829516358463728
db5006_2020-08,0.8680473689094379
7bf5c9_2014-09,0.014814814814814814
bf6f0d_2022-06,0.5742542325380013
2ab8ad_2019-01,0.364376280133892
2ab8ad_2021-12,0.9269238552358026
7aa803_2022-08,0.5210167464114833
e3af0e_2019-02,0.3911701509872242
1bdb97_2025-07,0.0738095238095238
829a72_2024-12,0.793468877225683
60a0fd_2024-07,0.6401600985221675
cd0e60_2022-07,0.0955584828630435
175155_2021-06,0.9844155844155844
e2e0ce_2024-03,0.7622248580869272
2ab8ad_2021-08,0.8929954954954955
74fb1f_2024-03,0.909479686979687
90abb1_2015-08,0.0221342854781171
88a9a6_2018-01,0.19571984042821794
e3af0e_2023-02,0.6773781436349495
293190_2021-10,0.2694638017808749
2ab8ad_2024-07,0.7367934651555341
c5df88_2020-01,0.35417673019524204
9b46ed_2022-04,0.7354954954954955
1bdb97_2022-11,0.060052910052910045
b416b1_2025-07,0.8996033570715083
2ab8ad_2021-09,0.719650608012677
88a9a6_2021-09,0.7269566353187044
98a151_2022-09,0.6251600985221675
f500c5_2022-11,0.5771621621621621
175155_2017-10,0.32442351687415155
2ab8ad_2014-12,0.04151130085553278
7aa803_2019-02,0.2098468245552021
88a9a6_2014-11,0.023510466988727857
88a9a6_2014-12,0.024730613208390477
829a72_2019-05,0.4166463414634146
1698cf_2019-05,0.7633435169268422
db5006_2025-09,0.9097727272727273
1b9e65_2022-04,0.7234688772256831
4fb2d3_2023-01,0.9597727272727272
db5006_2021-05,0.8947727272727273
1b9e65_2019-02,0.1798468245552021
1b9e65_2023-11,0.6251600985221675
175155_2017-07,0.2609609006915351
022433_2021-12,0.0
c48018_2015-03,0.014814814814814814
90abb1_2017-08,0.2790958364129096
a42d13_2014-10,0.008695652173913044
db5006_2020-07,0.7943127701748391
b07578_2025-07,0.11372306104013422
db5006_2015-12,0.014814814814814814
022433_2021-11,0.0
022433_2022-01,0.0
259a19_2020-07,0.5994799498746868
db5006_2022-04,0.6826794035414726
db5006_2023-07,0.7406117343685403
db5006_2024-06,0.7406117343685403
db5006_2023-04,0.5929761904761905
1b9e65_2019-12,0.6421621621621622
e7a56d_2024-12,0.8397683182634491
0ffc2d_2025-05,0.8453865726670747
db5006_2021-01,0.817224858086927
db5006_2021-06,0.9062012987012988
1b9e65_2022-10,0.817224858086927
e7a56d_2019-08,0.24136856368563686
4fb2d3_2020-09,0.8417717192717193
1698cf_2020-04,0.8888277996515578
7bf5c9_2023-01,0.40535714285714286
f461d4_2015-12,0.0
1b9e65_2014-11,0.10202898550724637
29849f_2022-12,0.6998222606843297
6f5e2b_2022-09,0.8169101727722416
f461d4_2015-09,0.0
a25664_2017-08,0.34888888888888886
db5006_2022-07,0.5503571428571429
5a0174_2015-10,0.0009966952495375936
db5006_2019-09,0.527394846414871
1b9e65_2015-03,0.0
1b9e65_2017-08,0.26888888888888884
3db670_2015-07,0.0
b08ec1_2018-01,0.24310109239796646
8fabe0_2020-11,0.9060604856267898
0ffc2d_2021-12,0.22747967479674797
f461d4_2018-02,0.21636856368563687
022433_2022-06,0.014814814814814814
1bdb97_2023-02,0.04017713365539453
bc4c03_2017-04,0.2205064575905844
db5006_2020-11,0.8680473689094379
175155_2017-08,0.23347463295708573
259a19_2025-01,0.9485304646199462
1b9e65_2015-02,0.014814814814814814
3db670_2023-11,0.8999328257948948
1bdb97_2022-03,0.0
4718d7_2017-06,0.16005988315233605
fc77d0_2014-10,0.0
1bdb97_2021-09,0.023510466988727857
18defd_2019-07,0.30532977490746804
db5006_2015-04,0.0
db5006_2023-01,0.7406117343685403
f4604d_2019-05,0.23803523035230353
1b9e65_2018-02,0.09843294669260494
0ffc2d_2021-09,0.023510466988727857
18defd_2019-06,0.5911466165413535
5a0174_2024-11,0.9347727272727273
c48018_2019-02,0.24842775581906018
439fde_2014-10,0.025362318840579712
894378_2023-01,0.5789285714285715
fd589c_2021-07,0.648806715063521
c580aa_2023-03,0.9958333333333332
429b22_2025-02,0.0
c5816f_2022-08,0.7556117343685402
8ec563_2024-10,0.8176805451356346
19fa84_2023-10,0.7148222606843297
439fde_2024-09,0.33223604251996486
c3a69f_2014-07,0.014814814814814814
8ec563_2021-10,0.5675
3db670_2023-03,0.9958333333333332
c3a69f_2014-08,0.0
1698cf_2022-02,0.8586548361548362
894378_2023-06,0.7688470284861872
c5816f_2022-01,0.6960127368748058
fd589c_2023-04,0.7163044722749979
6838b9_2024-04,0.8283387442008132
e4bc80_2020-12,0.7069313054297229
3db670_2017-04,0.723468877225683
b73bc7_2024-07,1.0
439fde_2018-04,0.06884057971014493
19fa84_2022-01,0.4793256178132209
e361b7_2021-02,0.43107962830110685
7bf5c9_2022-02,0.7520403057971117
c3a69f_2018-04,0.11014492753623188
fd589c_2021-09,0.5422222222222223
b73bc7_2018-06,0.8328432487053178
7bf5c9_2023-09,0.6830858246089966
429b22_2025-04,0.0
c5816f_2023-02,0.6365886699507389
19fa84_2024-02,0.8567717192717194
8ec563_2022-05,0.40592474535785117
894378_2023-05,0.7688470284861872
022433_2024-03,0.4954667363288053
fd589c_2020-03,0.8050821399847056
e4bc80_2023-11,0.7772262647262648
c3a69f_2022-03,0.819293465155534
c580aa_2024-07,1.0
439fde_2023-06,0.4802272727272728
e4bc80_2022-01,0.44104187320406113
c3a69f_2021-10,0.8586874045494735
894378_2021-12,0.4538354037267081
8ec563_2021-01,0.6875626959247649
19fa84_2023-05,0.7688470284861872
e4bc80_2023-01,0.6638067150635208
c5816f_2021-04,0.8566187974808666
8ec563_2023-03,0.6809495722063781
8ec563_2023-11,0.77765842508352
19fa84_2023-07,0.7688470284861872
022433_2024-12,0.24446380178087496
439fde_2018-02,0.09679089026915114
e7a56d_2015-09,0.0
8ec563_2024-03,0.7767185898722897
19fa84_2023-02,0.3888888888888889
b1de95_2024-02,0.9958333333333332
894378_2024-07,0.7148222606843297
e361b7_2022-05,0.5591666666666668
c3a69f_2015-03,0.016666666666666666
894378_2023-10,0.7859278263225632
8ec563_2020-02,0.5746621757631295
fd589c_2019-03,0.4703571428571428
c5816f_2021-06,0.8041231453071814
f1543b_2015-03,0.014814814814814814
6f5e2b_2016-12,0.3395725161017555
894378_2020-03,0.8264556273176963
19fa84_2020-10,0.817224858086927
f1543b_2015-02,0.0
f1543b_2018-01,0.15035187506025258
3db670_2021-10,1.0
3a13b3_2019-11,0.9958333333333332
fd589c_2023-05,0.7148222606843297
e361b7_2021-04,0.9480080213903743
e361b7_2024-05,0.8487849691797059
c580aa_2014-11,0.05217391304347826
439fde_2023-10,0.31022727272727274
894378_2022-02,0.3738354037267081
894378_2023-09,0.6401600985221675
8ec563_2021-04,0.9019348894348894
8ec563_2023-08,0.6450620593064813
8ec563_2024-11,0.8202135406082774
e4bc80_2020-02,0.7406117343685403
259a19_2015-08,0.0
74b7d1_2022-05,0.2972103732300574
d59611_2015-11,0.023510466988727857
4fb2d3_2016-02,0.0
74b7d1_2014-12,0.008695652173913044
14fe3a_2017-06,0.3272222222222222
74b7d1_2022-02,0.27136856368563683
74b7d1_2024-02,0.7676794035414727
77e86b_2024-01,0.7406117343685403
74b7d1_2015-01,0.008695652173913044
bf6f0d_2024-04,0.8417717192717193
259a19_2015-07,0.007146519387280508
18defd_2015-09,0.023510466988727857
74b7d1_2022-04,0.5156789085736454
db4cd8_2015-11,0.0
cd0e60_2020-08,0.060052910052910045
7a007d_2015-10,0.03148148148148148
d59611_2016-09,0.26888888888888884
db4cd8_2017-03,0.07762460233297985
77e86b_2023-03,0.17794206265044016
db4cd8_2015-10,0.0
7a007d_2015-11,0.03148148148148148
98a151_2015-11,0.014814814814814814
cd0e60_2020-02,0.0
88a9a6_2019-09,0.23900993377617752
f1543b_2025-03,0.7520403057971117
f1543b_2022-12,0.6153603499028898
88a9a6_2022-05,0.7622248580869272
f1543b_2022-10,0.8232661591282282
f1543b_2024-11,0.7793677152297842
f1543b_2023-01,0.6082894736842106
293190_2022-06,0.4703571428571428
74fb1f_2023-01,0.7302897272076116
7aa803_2019-03,0.25494540639988816
2ab8ad_2019-10,0.27882470403651405
c5df88_2020-04,0.5210167464114833
f1543b_2020-04,0.4632894736842106
9b46ed_2020-10,0.8811656586656588
f1543b_2014-08,0.03148148148148148
7aa803_2025-04,0.7234688772256831
c5df88_2017-02,0.23946380178087495
c5df88_2022-01,0.706326020082826
88a9a6_2024-02,0.7622248580869272
f1543b_2016-03,0.016666666666666666
7aa803_2018-06,0.05393374741200828
9b46ed_2024-01,0.9802489177489176
74fb1f_2020-09,0.8248222606843297
f1543b_2021-06,0.7907962866583557
f1543b_2022-04,0.8605063180063179
7aa803_2014-08,0.0
9b46ed_2024-02,0.9802489177489176
f1543b_2022-09,0.8869348894348894
74fb1f_2014-11,0.023510466988727857
f1543b_2020-12,0.48469808068248066
7aa803_2019-08,0.2297018970189702
c5df88_2020-02,0.554889434889435
7aa803_2023-02,0.47168597168597176
293190_2017-06,0.2862190439831431
f1543b_2018-03,0.15687361419068738
2ab8ad_2020-07,0.8016187974808666
74fb1f_2019-12,0.2947415795586527
f1543b_2017-11,0.11762460233297985
88a9a6_2020-01,0.3694037417208149
9b46ed_2020-11,0.8904546706509182
74b7d1_2018-01,0.134271911663216
8005b9_2014-12,0.03148148148148148
b416b1_2018-08,0.38754026718794865
77e86b_2022-06,0.15746031746031744
94f933_2023-12,0.0
74b7d1_2018-03,0.014814814814814814
2ed4f9_2025-05,0.0
77e86b_2019-03,0.2657625030795763
94f933_2024-10,0.023510466988727857
bf6f0d_2023-01,0.9658333333333333
3db670_2023-01,0.9958333333333332
9f1aa0_2015-09,0.04338624338624338
e83244_2020-04,0.9158333333333333
2ab8ad_2018-04,0.2205293225646637
e7a56d_2017-07,0.17429126899964653
e7a56d_2021-04,0.817224858086927
e7a56d_2015-06,0.01084047600126278
d86999_2024-09,0.7896729846729846
829a72_2019-01,0.343924135400863
77e86b_2022-09,0.11755563024230789
6da35b_2023-03,0.014814814814814814
98a151_2019-01,0.34980816205185106
829a72_2021-11,0.7353893180699151
6da35b_2024-06,0.014814814814814814
6da35b_2024-12,0.20794206265044018
74b7d1_2025-04,0.689254321379545
77e86b_2022-03,0.18318015788853542
7e646c_2024-03,0.0
829a72_2017-09,0.2265716789337473
829a72_2024-08,0.9073514233146165
98a151_2018-05,0.26931980772203706
829a72_2021-12,0.8508495667116357
74b7d1_2014-10,0.04017713365539453
7e646c_2025-06,0.10938443670150985
7e646c_2023-01,0.0
7e646c_2023-05,0.0
ab32d7_2022-10,0.025362318840579712
e3af0e_2023-07,0.8180157384104753
7bf5c9_2016-11,0.09217391304347826
98a151_2021-07,0.9347727272727273
b1de95_2018-03,0.5604323308270677
cd0e60_2021-05,0.2098468245552021
74b7d1_2022-09,0.2277971351142083
98a151_2021-09,0.9597727272727272
e3af0e_2020-06,0.9011233019853708
0874ee_2018-06,0.05393374741200828
4f2b6b_2023-12,0.016666666666666666
74b7d1_2019-08,0.7234688772256831
829a72_2018-05,0.22081300813008128
6da35b_2022-12,0.0002229224976408515
829a72_2024-01,0.6251600985221675
e3af0e_2017-12,0.276984126984127
98a151_2017-08,0.37867467328533555
98a151_2020-12,0.9019348894348894
6da35b_2024-09,0.17429126899964653
77e86b_2019-11,0.5099966952215835
6da35b_2022-11,0.0
60a0fd_2021-06,0.9314393939393939
77e86b_2022-07,0.15093857832988267
6da35b_2022-09,0.04523809523809523
e3af0e_2019-08,0.5675000000000001
cd0e60_2022-03,0.2630352303523035
60a0fd_2023-04,0.7943677152297843
77e86b_2021-12,0.3078820025903801
74b7d1_2023-11,0.909479686979687
77e86b_2015-08,0.0
0cecbd_2015-10,0.0
c5df88_2015-11,0.0
c580aa_2019-12,0.9897727272727274
b59bc0_2025-02,0.9203454767061222
b0ff51_2020-10,0.9571746880570411
b59bc0_2014-08,0.04017713365539453
b59bc0_2020-02,1.0
8d0588_2017-08,0.7793677152297842
b59bc0_2018-03,0.8039695214695215
77e86b_2018-12,0.2993736141906874
8d0588_2025-04,0.9157639307658512
b59bc0_2020-08,1.0
b59bc0_2024-10,0.9904761904761905
b0ff51_2025-08,1.0
b0ff51_2021-03,1.0
b59bc0_2020-04,0.9882352941176471
8d0588_2019-05,0.7676794035414725
b59bc0_2014-05,0.014814814814814814
b59bc0_2015-03,0.043478260869565216
b0ff51_2014-12,0.09550724637681159
b0ff51_2017-11,0.7793677152297842
0cecbd_2018-10,0.2618736141906874
b59bc0_2022-10,0.9476508785332316
8d0588_2017-09,0.6533390070958129
b0ff51_2018-02,0.505292958004768
b59bc0_2022-05,0.9006701631701631
b59bc0_2025-01,0.9904761904761905
b0ff51_2022-06,0.9404761904761905
b0ff51_2023-04,0.933235294117647
8d0588_2023-09,0.8096838071838072
b59bc0_2015-07,0.1489082462253194
b59bc0_2025-07,0.9597727272727272
b0ff51_2023-11,0.924479686979687
b0ff51_2024-07,0.9823766511461829
b59bc0_2014-09,0.060144927536231886
b59bc0_2017-03,0.6875626959247649
8d0588_2021-08,1.0
b59bc0_2015-02,0.03261441962768219
b59bc0_2023-11,0.9219953665559057
b59bc0_2024-09,0.9904761904761905
8d0588_2019-02,0.8529978354978354
b0ff51_2017-07,0.7848222606843297
b59bc0_2019-03,0.7667293625914315
b59bc0_2021-12,1.0
b59bc0_2022-11,0.9536463536463536
b0ff51_2015-03,0.05531015858539936
8d0588_2024-02,0.8703787878787879
b0ff51_2023-09,0.8175216450216449
8d0588_2024-04,0.9722216015115539
b59bc0_2024-11,0.9464276108812871
8005b9_2018-12,0.17379572118702552
7a007d_2017-08,0.38994949494949493
259a19_2024-12,0.9188686242219154
f461d4_2015-04,0.04017713365539453
14fe3a_2017-07,0.3575286790790928
b416b1_2024-12,1.0
5a0174_2017-05,0.49737012987012985
545d15_2022-04,0.2593939393939394
545d15_2021-07,0.18687361419068735
74b7d1_2022-11,0.2993736141906874
ab32d7_2022-06,0.025362318840579712
439fde_2025-03,0.7622248580869272
ab32d7_2025-03,0.2725740972824748
5ecf9b_2025-01,0.2139106512277244
9b3bd5_2025-05,0.0
545d15_2024-11,0.9684842118665647
c580aa_2019-10,0.9745448179271708
545d15_2022-01,0.23467471247377447
c580aa_2018-08,0.8963613972234661
8b98f3_2022-03,0.07853511036764453
545d15_2025-06,0.9684842118665647
545d15_2022-10,0.46007936507936503
8b98f3_2024-12,0.2098468245552021
545d15_2022-08,0.3656870728854966
8b98f3_2022-05,0.016666666666666666
545d15_2024-03,0.9140686274509804
545d15_2025-02,0.9762761178305205
545d15_2022-05,0.2716161616161616
545d15_2023-09,0.86254095004095
ab32d7_2024-09,0.19571984042821794
5ecf9b_2024-12,0.11372306104013422
74b7d1_2015-02,0.0
74b7d1_2021-07,0.7702525721617265
5ecf9b_2024-05,0.21081300813008128
ab32d7_2025-05,0.2630352303523035
8b98f3_2023-07,0.04017713365539453
5ecf9b_2023-01,0.06562782294489612
e361b7_2019-05,0.7127314564343592
5ecf9b_2024-06,0.16330484288328423
74b7d1_2024-06,0.79254095004095
5ecf9b_2025-07,0.1923865070948846
8b98f3_2024-08,0.19762460233297985
74b7d1_2020-06,0.770062695924765
1698cf_2016-05,0.025362318840579712
948a11_2024-04,0.24909583641290958
fb34b4_2025-02,0.512263273125342
fb737b_2021-03,0.0
fc77d0_2017-04,0.3777578669477446
90abb1_2016-02,0.0738095238095238
894378_2016-06,0.14760131080629404
8ec563_2017-04,0.2772222222222222
b73bc7_2015-06,0.008695652173913044
06534f_2022-05,0.9863095238095237
fd589c_2016-03,0.36064553745658084
06534f_2017-03,0.704132243420525
3db670_2023-07,1.0
e4bc80_2018-04,0.1637230610401342
8ec563_2017-01,0.33198412698412694
e4bc80_2021-05,0.9361927203006142
894378_2017-02,0.2694638017808749
b73bc7_2014-03,0.023510466988727857
fd589c_2015-02,0.04017713365539453
8ec563_2015-03,0.023510466988727857
8ec563_2022-04,0.37348357091604234
c580aa_2020-05,0.9897727272727274
3db670_2020-08,0.9840686274509803
e361b7_2018-01,0.22390824622531938
8ec563_2016-12,0.32613046844754157
06534f_2021-02,0.9958333333333332
8ec563_2018-10,0.7234688772256831
3a13b3_2023-08,1.0
894378_2015-02,0.014814814814814814
8ec563_2016-09,0.2790958364129096
c580aa_2016-12,0.4152272727272727
e4bc80_2019-02,0.24376402702412786
3db670_2024-11,0.9958333333333332
3db670_2021-04,0.9097727272727273
b1de95_2024-04,1.0
e361b7_2014-07,0.04523809523809523
e361b7_2014-09,0.023510466988727857
3a13b3_2016-07,0.1948975047142504
b73bc7_2016-01,0.023510466988727857
e4bc80_2022-05,0.5141666666666667
e4bc80_2022-10,0.5846428571428571
c5816f_2022-11,0.5025000000000001
19fa84_2015-02,0.008695652173913044
3a13b3_2025-07,1.0
06534f_2015-04,0.08871635610766045
894378_2020-02,0.650971685971686
894378_2023-12,0.7743091136573366
b73bc7_2021-10,1.0
e361b7_2020-05,0.9612529000986759
3a13b3_2016-04,0.04017713365539453
06534f_2017-07,0.817224858086927
fd589c_2016-04,0.40966341618671576
e361b7_2018-09,0.665949572206378
c580aa_2024-02,0.9958333333333332
8ec563_2016-10,0.3264247499887626
06534f_2021-03,0.9958333333333332
e361b7_2014-10,0.0023869858102051065
c5816f_2017-04,0.5966440244344855
3db670_2016-06,0.0
c580aa_2016-11,0.4152272727272727
3db670_2015-06,0.014814814814814814
fd589c_2019-06,0.5943050193050194
c5816f_2015-01,0.023510466988727857
c5816f_2019-05,0.6593050193050193
3db670_2015-05,0.04017713365539453
19fa84_2022-10,0.6374183905144768
f4604d_2022-05,0.8853252292426621
c5816f_2014-03,0.0
90abb1_2016-01,0.0738095238095238
3a13b3_2024-08,0.9882352941176471
e4bc80_2020-11,0.6641883116883116
e4bc80_2024-05,0.9904761904761905
06534f_2017-06,0.7303108225623574
4f2b6b_2025-03,0.23414634146341462
8fabe0_2021-05,0.9802489177489176
19fa84_2019-12,0.7123636845995189
19fa84_2019-11,0.8180157384104753
6224d0_2015-12,0.0
439fde_2024-11,0.3099494949494949
db5006_2017-08,0.3188888888888889
c3a69f_2021-09,0.8586874045494735
e3af0e_2023-01,0.7993435735243641
259a19_2018-11,0.7793677152297842
7aa803_2017-02,0.023510466988727857
9b46ed_2019-12,0.4448252500370601
9b46ed_2015-10,0.014814814814814814
92dcdd_2018-09,0.014492054267403274
0874ee_2017-06,0.32828282828282823
8fabe0_2020-06,0.9269348894348894
1698cf_2025-02,0.9151701835525365
db4cd8_2018-09,0.648806715063521
88a9a6_2018-04,0.06884057971014493
b1de95_2016-10,0.1923865070948846
b416b1_2021-01,0.7622248580869272
f4604d_2022-09,0.8758333333333332
293190_2016-12,0.20460872931710683
b1de95_2016-06,0.0
88a9a6_2020-06,0.8658495667116357
b08ec1_2017-07,0.1352786393968039
b1de95_2016-09,0.1455072463768116
e2e0ce_2015-05,0.014814814814814814
74fb1f_2016-05,0.014814814814814814
8fabe0_2016-03,0.04017713365539453
293190_2018-04,0.20687361419068737
1698cf_2017-11,0.18107759020725525
fc77d0_2021-02,0.8151383526383527
b1de95_2017-09,0.5675
b1de95_2017-07,0.525079365079365
c48018_2021-07,0.6427336980877849
0874ee_2015-08,0.060052910052910045
18defd_2021-11,0.5757445141065831
c48018_2017-08,0.19646628668341562
18defd_2017-07,0.21015302003621245
1822ea_2016-04,0.025884435917798848
7aa803_2020-11,0.8248222606843297
c48018_2017-11,0.1423865070948846
c48018_2021-09,0.6458743842364532
fc77d0_2017-05,0.4240723019670388
fc77d0_2020-06,0.9019348894348894
c48018_2022-10,0.6375410509031199
531356_2022-04,0.8567717192717194
293190_2018-05,0.2740958364129096
c48018_2017-10,0.1651423673215207
6f5e2b_2015-11,0.0
6f5e2b_2021-04,0.8968159179533253
c48018_2016-05,0.13644166219241735
1bdb97_2025-03,0.19571984042821794
29849f_2017-08,0.38994949494949493
8fabe0_2017-11,0.24909583641290958
439fde_2019-10,0.3293736141906874
74b7d1_2017-06,0.11562782294489612
c3a69f_2014-09,0.008695652173913044
0874ee_2015-10,0.060052910052910045
439fde_2019-06,0.2993736141906874
87cfea_2019-12,0.3141241327451311
e4bc80_2015-10,0.0
83894c_2022-04,0.6658087787035156
7aa803_2017-12,0.30409583641290955
60a0fd_2015-10,0.05217391304347826
e3af0e_2016-08,0.13322435520915324
4718d7_2021-03,0.9019348894348894
175155_2016-01,0.008695652173913044
f4604d_2015-06,0.0
4718d7_2017-09,0.19890824622531939
f461d4_2021-04,0.9347727272727273
829a72_2020-11,0.8331579340200029
60a0fd_2017-01,0.17224157955865274
e3af0e_2016-01,0.014814814814814814
829a72_2021-03,0.8191040862263268
90abb1_2016-07,0.40709235209235206
829a72_2021-06,0.8307220365841056
98a151_2016-09,0.20911421716858508
5a0174_2015-07,0.014814814814814814
83894c_2020-09,0.18446380178087496
83894c_2025-08,0.6354109037824826
1698cf_2021-03,0.9347727272727273
f461d4_2016-04,0.16762460233297988
87cfea_2022-03,0.7793677152297842
99c11c_2023-09,0.38994949494949493
829a72_2016-09,0.09429126899964653
87cfea_2020-09,0.2982359780111413
60a0fd_2015-08,0.02857142857142857
5a0174_2022-02,0.9507352941176471
259a19_2018-08,0.45601674641148326
83894c_2020-08,0.23946380178087495
83894c_2021-01,0.6008087787035156
829a72_2020-07,0.793468877225683
4718d7_2017-10,0.19890824622531939
87cfea_2022-09,0.45601674641148326
98a151_2016-08,0.16594454990062862
6f5e2b_2015-06,0.0
87cfea_2022-08,0.49477272727272725
90abb1_2016-03,0.07938443670150988
5a0174_2017-01,0.23321984042821797
7aa803_2017-10,0.2957625030795762
98a151_2016-04,0.11571984042821795
4718d7_2021-04,0.9347727272727273
8fabe0_2016-06,0.19890824622531939
8fabe0_2018-11,0.7907962866583557
6f5e2b_2020-05,0.9097727272727273
829a72_2020-10,0.8286534295154985
d86999_2022-11,0.6641883116883116
9cf1af_2023-02,0.014814814814814814
3a13b3_2015-10,0.004871847415711872
14fe3a_2020-08,0.86254095004095
8ec563_2018-11,0.5675
dbb709_2022-03,0.02857142857142857
d86999_2023-01,0.7848222606843297
d86999_2023-10,0.8703540712161402
db5006_2018-09,0.2657625030795763
14fe3a_2021-01,0.8679954954954955
0cecbd_2020-11,0.9097727272727273
d86999_2023-04,0.7865777465777466
77c35f_2023-06,0.06481481481481481
e4bc80_2015-06,0.014814814814814814
531356_2021-02,0.9347727272727273
dbb709_2021-12,0.02209675708985965
439fde_2020-03,0.4802272727272728
8fabe0_2015-10,0.014814814814814814
34889b_2016-02,0.15999435347261434
34889b_2015-11,0.04640581489368899
fc77d0_2015-10,0.0
e3af0e_2020-07,0.9070072674999116
829a72_2017-05,0.23946380178087495
b1de95_2016-12,0.20794206265044018
829a72_2018-10,0.7217076167076166
77b3b9_2016-09,0.215
11f0e3_2020-05,0.7147673156293847
c48018_2016-07,0.24604128287429994
e2314a_2020-05,0.9434842118665647
b73bc7_2021-01,0.8307220365841056
9af74c_2020-06,0.9904761904761905
375f2e_2016-12,0.03940458411485758
d86999_2022-10,0.7782444132444132
375f2e_2017-09,0.19890824622531939
1822ea_2025-09,0.9046026739443022
375f2e_2017-11,0.22747967479674797
9af74c_2016-08,0.374949494949495
b1de95_2022-08,0.9882352941176471
bc4c03_2015-05,0.023510466988727857
9af74c_2020-07,0.9904761904761905
1822ea_2016-05,0.025362318840579712
bc4c03_2017-09,0.18081300813008133
77b3b9_2017-08,0.1508130081300813
375f2e_2016-04,0.023510466988727857
987bc1_2018-09,0.14855611070801739
d86999_2022-05,0.7622248580869272
d86999_2022-06,0.7673962675619338
2167be_2025-09,0.06884057971014493
99c11c_2016-09,0.0
83894c_2024-08,0.648806715063521
7bf5c9_2015-11,0.014814814814814814
c3a69f_2020-09,0.7451162388730448
e60b65_2018-09,0.6621400483968543
87cfea_2023-01,0.3022959428195703
99c11c_2017-12,0.0
99c11c_2021-01,0.27104028085735404
99c11c_2019-08,0.22766726498433817
83894c_2020-03,0.3316161616161616
99c11c_2020-02,0.08896115627822945
99c11c_2023-08,0.5942421954286722
439fde_2021-05,0.9052807486631016
8005b9_2020-01,0.7651976144881788
87cfea_2019-05,0.11884057971014492
c3a69f_2020-08,0.7406117343685403
87cfea_2019-09,0.31270396741234496
77e86b_2017-10,0.3816161616161616
c3a69f_2021-05,0.8075202429149797
83894c_2025-04,0.6829516358463728
99c11c_2023-12,0.8419458128078817
439fde_2022-03,0.9350179048535135
83894c_2018-08,0.11372306104013422
439fde_2023-01,0.8947727272727273
439fde_2021-01,0.9552489177489176
83894c_2024-12,0.40535714285714286
c3a69f_2016-06,0.05393374741200828
99c11c_2020-01,0.2516161616161616
99c11c_2016-07,0.0
99c11c_2016-12,0.014814814814814814
83894c_2025-02,0.7045647595647596
c3a69f_2018-08,0.24545136294782727
99c11c_2016-08,0.0
99c11c_2023-11,0.33522727272727276
87cfea_2023-04,0.2993736141906874
439fde_2021-04,0.8953787878787878
83894c_2018-09,0.08705639437346754
87cfea_2016-04,0.0
d59611_2018-07,0.706326020082826
8005b9_2018-10,0.27156368977951895
0cecbd_2017-05,0.3028745616787523
c3a69f_2016-01,0.0
e60b65_2015-05,0.04017713365539453
e2e0ce_2017-07,0.28494949494949495
f4604d_2017-10,0.2325289164317919
bf6f0d_2015-03,0.0
29849f_2020-06,0.8018800877566784
77b3b9_2020-06,0.665949572206378
b1de95_2023-06,0.9364926739926741
f500c5_2018-10,0.6452915863554096
06534f_2022-01,0.9840686274509803
b1de95_2023-02,0.9840686274509803
06534f_2021-09,0.9840686274509803
c5df88_2017-04,0.09429126899964653
b73bc7_2022-08,0.9904761904761905
bf6f0d_2021-03,0.7917065698153065
c580aa_2020-12,0.9958333333333332
b73bc7_2022-10,1.0
c580aa_2021-02,0.9958333333333332
b73bc7_2022-04,0.9958333333333332
88a9a6_2018-10,0.2740958364129096
948a11_2023-11,0.10081300813008132
6224d0_2015-07,0.060052910052910045
fb34b4_2023-11,0.07938443670150988
c580aa_2022-10,1.0
f500c5_2018-07,0.24520760211466452
8d0588_2016-02,0.025362318840579712
77e86b_2021-02,0.7484495722063781
77e86b_2021-09,0.7484495722063781
99c11c_2017-04,0.0
77e86b_2016-09,0.11571984042821795
74b7d1_2015-08,0.0
77e86b_2016-12,0.21827332559039875
77e86b_2020-06,0.7076600985221676
77e86b_2016-03,0.0
99c11c_2022-08,0.8791635950256639
83894c_2023-07,0.8187616546237237
8fabe0_2021-02,0.9904761904761905
83894c_2023-06,0.7795109204165073
83894c_2022-11,0.8361765820386511
83894c_2017-06,0.014814814814814814
87cfea_2018-07,0.1972636645319353
6224d0_2018-11,0.8640777465777466
99c11c_2018-06,0.014814814814814814
af81b0_2017-03,0.1825291111818155
513080_2025-10,0.3760167464114833
77b3b9_2025-09,0.898363460863461
6838b9_2020-04,0.21636856368563687
fb737b_2020-05,0.09429126899964653
af81b0_2016-08,0.07938443670150988
7aa803_2018-08,0.2730710568507441
cd0e60_2023-07,0.2957625030795762
2ab8ad_2018-09,0.2035819212370274
c5df88_2015-07,0.014814814814814814
cd0e60_2025-05,0.7484495722063781
3db670_2016-01,0.0
829a72_2016-01,0.0
cd0e60_2024-03,0.7406117343685403
4718d7_2015-05,0.014814814814814814
c3a69f_2017-12,0.24636856368563684
c3a69f_2017-11,0.23984682455520207
829a72_2015-09,0.037267080745341616
19fa84_2017-07,0.21050918543841607
439fde_2016-01,0.014814814814814814
88a9a6_2017-07,0.2630952380952381
439fde_2016-03,0.05393374741200828
77b3b9_2016-02,0.014814814814814814
1698cf_2015-05,0.023510466988727857
d86999_2024-03,0.8187616546237237
4718d7_2016-08,0.1865755644643451
0874ee_2016-09,0.24636856368563684
88a9a6_2018-09,0.34422570654277973
dc4b5e_2021-02,0.46464285714285714
dc4b5e_2021-08,0.7555567893135952
34889b_2017-09,0.2962249136121907
dc4b5e_2020-09,0.12938443670150987
9b46ed_2016-10,0.043478260869565216
7aa803_2016-12,0.06884057971014493
a97df3_2021-10,0.5488288288288289
dc4b5e_2021-10,0.6533390070958129
e2e0ce_2017-03,0.2259732248580205
34889b_2020-07,0.9269348894348894
c5df88_2018-09,0.30805003358451166
9af74c_2016-04,0.10729066377681311
9b46ed_2017-07,0.30409583641290955
34889b_2016-04,0.22433393165100482
a97df3_2020-04,0.014814814814814814
3db670_2021-07,0.794471325811762
74b7d1_2016-03,0.0
99c11c_2025-09,0.819293465155534
b73bc7_2017-11,0.7793677152297842
a97df3_2020-06,0.014814814814814814
e4bc80_2016-02,0.07938443670150988
3db670_2022-01,0.9958333333333332
e4bc80_2016-03,0.04896115627822945
3a13b3_2018-07,0.7391959562204937
1b9e65_2017-05,0.45044298982954534
375f2e_2015-08,0.014814814814814814
1b9e65_2024-07,0.9552489177489176
74b7d1_2015-09,0.008695652173913044
0874ee_2017-11,0.24890824622531937
0874ee_2020-04,0.9097727272727273
7aa803_2016-01,0.014814814814814814
af81b0_2021-09,0.8632518649701757
af81b0_2021-11,0.8947727272727273
bf6f0d_2016-04,0.19571984042821794
af81b0_2022-03,0.8608333333333332
fb34b4_2022-12,0.04017713365539453
fb34b4_2023-01,0.04017713365539453
4fb2d3_2016-06,0.06562782294489612
fc77d0_2015-11,0.0
9f1aa0_2015-08,0.023510466988727857
4fb2d3_2016-07,0.13704836951357194
fb34b4_2022-02,0.03148148148148148
db5006_2016-06,0.014814814814814814
0cecbd_2016-02,0.023510466988727857
db5006_2016-07,0.014814814814814814
1b9e65_2015-11,0.0
5a0174_2022-03,0.9863095238095237
6f5e2b_2022-02,0.9788504977370598
0cecbd_2016-03,0.018332980181574254
92dcdd_2018-07,0.05393374741200828
92dcdd_2025-09,0.8679954954954955
fd589c_2015-09,0.008695652173913044
fd589c_2020-05,0.8836140819964349
439fde_2015-07,0.08148148148148147
fd589c_2020-10,0.86254095004095
fd589c_2015-11,0.008695652173913044
fd589c_2018-08,0.7793677152297842
439fde_2015-09,0.08148148148148147
db4cd8_2020-04,0.9480080213903743
6c1954_2020-10,0.08767734157809952
987bc1_2015-12,0.014814814814814814
987bc1_2016-01,0.014814814814814814
6c1954_2020-08,0.12302828163109984
74fb1f_2016-10,0.17224157955865274
293190_2017-08,0.29092994363710645
293190_2015-10,0.014814814814814814
74fb1f_2016-06,0.014814814814814814
e2e0ce_2015-11,0.0
7aa803_2016-08,0.13003170124092506
88a9a6_2016-09,0.023510466988727857
c5816f_2018-07,0.791947301539255
9f1aa0_2025-09,0.7484495722063781
f1543b_2025-09,0.8520454545454544
19fa84_2016-11,0.04017713365539453
894378_2016-09,0.04017713365539453
19fa84_2016-09,0.014814814814814814
8ec563_2015-05,0.07938443670150988
19fa84_2016-04,0.03148148148148148
e7a56d_2016-03,0.04017713365539453
fd589c_2016-11,0.2406529589629502
8ec563_2015-08,0.04017713365539453
0874ee_2021-02,0.7793677152297842
894378_2016-08,0.014814814814814814
894378_2016-11,0.05393374741200828
bf6f0d_2015-11,0.014814814814814814
b59bc0_2017-07,0.2657625030795763
b59bc0_2016-07,0.44157656929386524
b644ac_2024-04,0.023510466988727857
83894c_2016-11,0.0
83894c_2016-10,0.0
83894c_2016-06,0.0
83894c_2016-07,0.0
83894c_2016-12,0.0
4fb2d3_2025-09,0.9269348894348894
a42d13_2020-10,0.8809048833645784
a42d13_2020-08,0.86254095004095
6838b9_2018-11,0.11014492753623188
a42d13_2020-03,0.8217029990917449
c48018_2016-02,0.0
c48018_2016-03,0.0
a42d13_2021-04,0.8929954954954955
a42d13_2023-02,0.9019348894348894
a25664_2016-11,0.037267080745341616
6f5e2b_2016-02,0.06364028875755953
e60b65_2016-11,0.4749111807732498
1b9e65_2020-11,0.817224858086927
4fb2d3_2017-09,0.2957625030795762
1b9e65_2020-10,0.817224858086927
531356_2015-06,0.0
894378_2020-08,0.88754095004095
c5df88_2015-06,0.014814814814814814
175155_2017-12,0.2230352303523035
d86999_2020-10,0.7841282178850237
375f2e_2016-02,0.023510466988727857
29849f_2016-03,0.043478260869565216
b416b1_2017-09,0.24890824622531937
29849f_2017-11,0.30409583641290955
531356_2021-06,0.8316228070175438
531356_2021-09,0.9097727272727273
29849f_2015-07,0.1478398426877217
1822ea_2017-01,0.553399067155873
531356_2021-08,0.8679954954954955
1b9e65_2015-06,0.04017713365539453
6838b9_2017-11,0.023510466988727857
f4604d_2020-05,0.8217293625914316
b73bc7_2016-02,0.04896115627822945
29849f_2016-10,0.2069299689636377
b73bc7_2016-03,0.18318015788853542
c5df88_2024-09,0.9321634796424991
c5df88_2025-11,0.9097727272727273
293190_2025-09,0.9480080213903743
b08ec1_2016-10,0.17095793566631318
c5df88_2020-06,0.8986548361548362
7aa803_2025-03,0.9684842118665647
c5df88_2023-12,0.9347727272727273
2ab8ad_2016-08,0.0
b73bc7_2017-12,0.5503571428571429
c5df88_2021-10,0.854916407757926
293190_2025-11,0.9480080213903743
b08ec1_2016-09,0.20414634146341465
293190_2015-07,0.0
293190_2018-11,0.26626938376097037
f4604d_2017-01,0.08713064480731851
88a9a6_2016-04,0.023510466988727857
c5df88_2025-08,0.9097727272727273
293190_2025-03,0.9684842118665647
293190_2025-07,0.9480080213903743
c580aa_2014-03,0.08871635610766045
9af74c_2015-11,0.060052910052910045
9af74c_2016-01,0.08705639437346754
7a007d_2017-12,0.5025000000000001
b416b1_2015-08,0.014814814814814814
18defd_2015-05,0.023510466988727857
b08ec1_2015-05,0.13681159420289854
7a007d_2023-09,0.8869348894348894
e7a56d_2016-05,0.037267080745341616
e7a56d_2016-09,0.15953056814002137
7a007d_2015-07,0.04523809523809523
7a007d_2015-05,0.02857142857142857
7a007d_2017-11,0.2103584113331094
7a007d_2022-02,0.8529954954954955
7a007d_2015-08,0.0595120205312515
7a007d_2021-02,0.84754095004095
7a007d_2022-03,0.8529954954954955
7a007d_2022-09,0.8869348894348894
8d0588_2020-05,1.0
8d0588_2018-09,0.949479686979687
b59bc0_2018-09,0.9545298171468731
8d0588_2016-09,0.6082894736842105
e60b65_2025-09,0.8425440716740086
ab32d7_2024-03,0.23984682455520207
439fde_2023-08,0.4802272727272728
c3a69f_2024-03,0.2980352303523035
f4604d_2015-08,0.0
77e86b_2021-11,0.23974157955865275
c3a69f_2023-12,0.2993736141906874
77e86b_2022-02,0.15756838251801855
77e86b_2025-04,0.5675
77e86b_2015-07,0.037267080745341616
74b7d1_2023-10,0.8096838071838072
74b7d1_2015-03,0.0
74b7d1_2024-05,0.8175216450216449
439fde_2025-07,0.6875626959247649
1b9e65_2022-09,0.6704815915421181
439fde_2023-09,0.39189393939393935
c3a69f_2025-08,0.7297135740428695
c3a69f_2025-07,0.8114556273176963
8b98f3_2023-09,0.08705639437346754
77e86b_2019-06,0.23179126899964655
77e86b_2024-07,0.665949572206378
77e86b_2015-01,0.0
c3a69f_2024-04,0.30409583641290955
74b7d1_2022-01,0.3268939393939394
2ed4f9_2025-04,0.0
8b98f3_2023-08,0.05081300813008131
77e86b_2015-04,0.03148148148148148
8b98f3_2024-05,0.27359425272324717
c3a69f_2022-02,0.45462545916358577
c3a69f_2014-11,0.04017713365539453
302d40_2025-01,0.24909583641290958
fc9334_2022-09,0.6235289372857431
8e41cf_2021-10,0.704705553067622
b26809_2023-11,0.6737093206782552
f461d4_2019-05,0.7793677152297842
259a19_2018-06,0.05393374741200828
2ab8ad_2022-11,0.6421621621621622
7aa803_2025-06,0.665949572206378
9b46ed_2021-07,0.8187616546237237
829a72_2025-08,0.754698027358751
bfbeef_2024-12,0.723468877225683
98a151_2019-03,0.29104028085735406
77c35f_2024-03,0.014814814814814814
829a72_2024-06,0.665949572206378
dbb709_2025-02,0.31348120240374067
d86999_2020-03,0.9480080213903743
fc9334_2015-05,0.0
fc9334_2022-10,0.4720923520923521
8e41cf_2018-04,0.1042125005809503
6224d0_2019-03,0.5261466165413534
a25664_2015-01,0.016666666666666666
293190_2021-11,0.5716859716859717
293190_2022-09,0.44240563530037214
e2e0ce_2016-08,0.008695652173913044
e2e0ce_2016-09,0.014814814814814814
e2e0ce_2025-06,0.8114556273176963
74fb1f_2015-07,0.014814814814814814
9b46ed_2019-09,0.22222222222222224
d86999_2017-04,0.20261425051190995
829a72_2023-10,0.7841282178850237
fc9334_2017-04,0.08893423449060754
d86999_2018-02,0.19762460233297985
780a0b_2018-12,0.21636856368563687
fc9334_2016-09,0.0
0874ee_2021-07,0.3800793650793651
fc77d0_2024-11,0.9904761904761905
fb737b_2025-04,0.6251600985221675
c5df88_2022-02,0.27407787634457553
7aa803_2021-01,0.8869688644688646
7aa803_2022-01,0.36189393939393943
7aa803_2025-01,0.83347677704594
88a9a6_2019-01,0.25685425685425683
88a9a6_2024-06,0.7367934651555341
9b46ed_2015-08,0.0
9b46ed_2023-04,0.48001930501930506
60a0fd_2024-08,0.86254095004095
d86999_2022-09,0.770725834267631
d86999_2023-09,0.7962508321129012
4fb2d3_2018-04,0.037267080745341616
74fb1f_2019-05,0.2740958364129096
7aa803_2022-10,0.36589237320944634
8fb6f0_2025-03,0.6316638579206637
fc9334_2019-07,0.2790958364129096
9cf1af_2022-01,0.11693581780538302
fc9334_2016-11,0.06562782294489612
fc9334_2021-09,0.3774176036177731
8fb6f0_2022-07,0.8961656586656588
8bd3ce_2024-06,0.7008960292580981
8e41cf_2023-06,0.5334126984126983
8e41cf_2024-03,0.7622248580869272
e60b65_2015-01,0.0
bc4c03_2021-09,0.7406117343685403
2ab8ad_2023-06,0.6998750961571409
74fb1f_2023-11,0.6875626959247649
88a9a6_2017-02,0.12243612033693971
88a9a6_2019-04,0.17562676892670778
0f9e86_2025-06,0.648806715063521
77c35f_2022-10,0.17760524499654934
b26809_2016-12,0.060052910052910045
b26809_2023-07,0.5908743842364532
bc4c03_2022-03,0.9745448179271708
9b3bd5_2025-06,0.0
293190_2014-11,0.04017713365539453
e2e0ce_2015-07,0.0
2ab8ad_2025-08,0.5503571428571429
c5df88_2014-10,0.0
9b46ed_2018-06,0.17581300813008133
9b46ed_2019-06,0.2036382864498057
829a72_2024-05,0.6809495722063781
60a0fd_2022-12,0.7943677152297843
d86999_2022-03,0.7676794035414727
0ffc2d_2019-08,0.023510466988727857
8e41cf_2015-03,0.0
731908_2016-02,0.0
293190_2024-05,0.8929954954954955
e2e0ce_2022-07,0.7406117343685403
2ab8ad_2022-04,0.6549411376940144
c5df88_2015-01,0.04017713365539453
c5df88_2021-09,0.6470454545454546
c5df88_2022-05,0.7584153342774032
9b46ed_2018-12,0.1871234079929732
8fb6f0_2020-03,0.8322248580869271
dbb709_2024-01,0.13333376089177354
9befc8_2022-06,0.4853571428571429
60a0fd_2021-04,0.7907962866583557
fc9334_2025-08,0.8114556273176963
fc77d0_2022-03,0.7793677152297842
f461d4_2019-08,0.6226130826393613
293190_2017-02,0.2611304684475416
e2e0ce_2024-11,0.9237230426463542
88a9a6_2021-04,0.5335493089914038
88a9a6_2023-01,0.5675
0f9e86_2022-12,0.38994949494949493
8bd3ce_2025-03,0.8605063180063179
11f0e3_2021-12,0.3293736141906874
b26809_2017-02,0.06562782294489612
b26809_2021-05,0.38994949494949493
9af74c_2023-10,0.813085215899485
6224d0_2019-07,0.3759499152149921
175155_2025-01,1.0
293190_2014-09,0.037267080745341616
293190_2019-06,0.2707625030795763
293190_2021-07,0.8187616546237237
74fb1f_2025-05,0.7234688772256831
8e41cf_2024-04,0.7793677152297842
98a151_2022-06,0.7520403057971117
e427f8_2022-03,0.060144927536231886
302d40_2023-03,0.02857142857142857
d86999_2025-02,0.7217076167076166
8bd3ce_2018-03,0.09017713365539451
b26809_2022-07,0.648806715063521
74fb1f_2020-12,0.7622248580869272
74fb1f_2021-12,0.6488654611747082
11f0e3_2023-04,0.45494949494949494
d86999_2019-08,0.9019348894348894
fc9334_2018-11,0.060144927536231886
8e41cf_2024-11,0.8925942300942301
b26809_2021-12,0.4407445141065831
9b46ed_2015-03,0.014814814814814814
9b46ed_2024-11,0.5744776923706743
e2e0ce_2019-01,0.2740958364129096
780a0b_2020-03,0.4982328517200686
77c35f_2023-01,0.04523809523809523
e427f8_2023-04,0.02857142857142857
d86999_2015-07,0.014814814814814814
8bd3ce_2025-08,0.7907962866583557
8bd3ce_2024-03,0.7793677152297842
8e41cf_2022-07,0.6235289372857431
b26809_2014-06,0.025362318840579712
e2e0ce_2024-12,0.9302489177489177
60a0fd_2022-05,0.8640777465777466
8bd3ce_2015-01,0.0
b26809_2022-04,0.5714079127996984
b26809_2022-08,0.45494949494949494
8fabe0_2019-01,0.7406117343685403
e2e0ce_2019-05,0.21303523035230354
74fb1f_2018-06,0.07536231884057971
77c35f_2025-07,0.2683161919921272
829a72_2018-03,0.22914634146341464
dbb709_2024-11,0.3690958364129096
60a0fd_2024-09,0.6572480106100796
d86999_2024-06,0.8301902260522951
8bd3ce_2023-12,0.6616879430510528
8e41cf_2020-02,0.49737012987012985
8e41cf_2022-09,0.42302285578753107
8e41cf_2022-10,0.4878113015742035
b26809_2022-03,0.5718208395850498
14fe3a_2019-04,0.3695034843205575
987bc1_2022-02,0.6621400483968543
e60b65_2018-01,0.0992579815652126
a25664_2017-02,0.12221997786412793
e2e0ce_2023-10,0.6622849181469871
c5df88_2018-03,0.07938443670150988
3db670_2015-01,0.014814814814814814
780a0b_2025-01,0.7417261749706088
0f9e86_2022-04,0.3742257065427797
bfbeef_2023-02,0.7472223731358378
9cf1af_2025-03,0.4399239645506275
d86999_2017-02,0.20460872931710683
d86999_2018-04,0.20460872931710683
d86999_2020-01,0.8640777465777466
780a0b_2019-05,0.3922251692238638
8bd3ce_2017-03,0.11395459622247568
b26809_2024-06,0.7793677152297842
987bc1_2015-01,0.016666666666666666
987bc1_2020-08,0.6082894736842105
a42d13_2018-01,0.2740958364129096
e2e0ce_2016-07,0.023510466988727857
d86999_2023-08,0.8701159759780449
8bd3ce_2020-03,0.5748966109849777
8e41cf_2025-05,0.9230080213903744
34889b_2019-02,0.36117015098722416
fc77d0_2022-12,0.9019348894348894
a25664_2025-08,0.8618773554799046
293190_2020-12,0.5773452569370136
e2e0ce_2023-04,0.7726996464564523
2ab8ad_2022-10,0.8114556273176963
9b46ed_2025-04,0.7793677152297842
11f0e3_2023-07,0.30409583641290955
98a151_2022-07,0.6080172413793103
8bd3ce_2015-09,0.008695652173913044
60a0fd_2022-03,0.9151701835525365
d86999_2018-07,0.34271809397569847
d86999_2023-03,0.7793677152297842
8e41cf_2021-08,0.38994949494949493
fc77d0_2023-04,0.665949572206378
9af74c_2023-07,0.8114556273176963
259a19_2019-05,0.7402323130951537
e2e0ce_2017-08,0.36399447209619956
2ab8ad_2017-03,0.23670234803481974
2ab8ad_2022-01,0.9958333333333332
88a9a6_2020-12,0.7234688772256831
9b46ed_2022-09,0.2740958364129096
9b46ed_2023-11,0.7269566353187044
829a72_2019-07,0.7406117343685403
dbb709_2022-05,0.02857142857142857
e427f8_2023-03,0.014814814814814814
b26809_2016-06,0.11372306104013422
8bd3ce_2020-12,0.7406117343685403
b26809_2015-04,0.008695652173913044
b26809_2020-12,0.30968336869104185
fc77d0_2018-05,0.07715245054619406
987bc1_2024-12,0.8983402178618739
293190_2018-02,0.1161559696342305
e2e0ce_2018-10,0.36356479259639113
7aa803_2018-12,0.2297018970189702
7aa803_2024-11,1.0
829a72_2025-06,0.7494224723979988
8bd3ce_2019-07,0.2957625030795762
e3af0e_2023-09,0.969918392059635
a25664_2024-12,0.9939393939393939
293190_2023-09,0.648806715063521
9b46ed_2023-06,0.41706984957510185
9befc8_2022-05,0.37836475778783357
e3af0e_2025-04,0.6401600985221675
bfbeef_2022-12,0.4407445141065831
fc9334_2017-10,0.06562782294489612
9cf1af_2022-03,0.06884057971014493
e427f8_2022-12,0.02857142857142857
b26809_2015-12,0.0
fc9334_2023-09,0.40988531009712015
8bd3ce_2018-06,0.03148148148148148
8bd3ce_2021-04,0.648806715063521
9af74c_2019-06,0.2687833340565181
1698cf_2019-02,0.2957625030795762
1698cf_2019-09,0.5503571428571429
bc4c03_2023-01,0.8575419094309836
2ab8ad_2020-12,0.8379978354978354
c5df88_2022-08,0.5585365059560081
c5df88_2022-09,0.29081656046471915
11f0e3_2025-08,0.5830116959064328
77c35f_2022-09,0.17761570606492688
d86999_2017-03,0.23236714975845413
d86999_2024-12,0.8337616546237235
fc9334_2015-03,0.0
b26809_2024-07,0.665949572206378
db4cd8_2019-05,0.3809977933327856
293190_2017-05,0.30409583641290955
74fb1f_2021-09,0.5478282828282828
88a9a6_2018-12,0.14026915113871635
9b46ed_2025-03,0.9613095238095237
780a0b_2024-06,0.7046538686150561
9befc8_2023-08,0.6622849181469871
d86999_2019-01,0.79254095004095
dbb709_2022-07,0.02857142857142857
d86999_2019-11,0.7755581914202603
b26809_2022-11,0.6316638579206637
8bd3ce_2024-01,0.706326020082826
b26809_2021-11,0.4096130777922199
265164_2023-10,0.008695652173913044
1698cf_2018-12,0.09217391304347826
e60b65_2024-05,0.7406117343685403
a25664_2021-11,0.9097727272727273
293190_2023-11,0.6875626959247649
88a9a6_2015-01,0.014814814814814814
88a9a6_2016-10,0.04896115627822945
88a9a6_2023-02,0.6421621621621622
9b46ed_2022-11,0.40127431685547077
e2e0ce_2019-09,0.27617142425408286
60a0fd_2025-03,0.7148222606843297
d86999_2016-03,0.03148148148148148
98a151_2021-03,0.8658495667116357
9cf1af_2023-09,0.02857142857142857
9cf1af_2024-04,0.2630352303523035
9cf1af_2025-02,0.43833815186308833
6838b9_2018-12,0.019770264409705023
293190_2018-06,0.2740958364129096
293190_2021-05,0.8508495667116357
c5df88_2021-11,0.7793677152297842
9cf1af_2023-10,0.03148148148148148
265164_2023-09,0.023510466988727857
f461d4_2018-12,0.3435763608825723
293190_2015-02,0.017520936865576237
c5df88_2014-12,0.10867851495868079
c5df88_2016-02,0.0
74fb1f_2023-03,0.6871057964756901
98a151_2020-10,0.9347727272727273
d86999_2025-04,0.8187616546237237
fc9334_2017-05,0.06562782294489612
fc9334_2022-04,0.5727344282132266
fc9334_2025-07,0.8022167507900375
8bd3ce_2017-04,0.09229448961156278
b26809_2019-05,0.38994949494949493
7aa803_2021-04,0.7622248580869272
780a0b_2020-08,0.834107974970044
510fbf_2024-09,0.648806715063521
9befc8_2015-06,0.0
fd589c_2017-03,0.19890824622531939
c5df88_2015-12,0.0
731908_2023-03,0.648806715063521
8fb6f0_2014-03,0.0
c5816f_2019-08,0.8286534295154985
8ec563_2024-08,0.7876996464564523
8ec563_2025-03,0.7930906615009865
e361b7_2022-12,0.6365886699507389
9f1aa0_2014-12,0.023510466988727857
9f1aa0_2021-12,0.3492257065427797
8ec563_2022-11,0.5960714285714286
fa8553_2025-01,0.3403174603174603
bfbeef_2022-01,0.2754659725925142
894378_2019-09,0.4903571428571428
c5816f_2021-01,0.8217293625914316
bc4c03_2024-06,0.8681671805238812
780a0b_2019-11,0.572032292032292
8fb6f0_2023-05,0.49995707003029083
9af74c_2018-06,0.06570939088760305
9af74c_2022-05,0.5920133093193342
513080_2022-06,0.04017713365539453
9f1aa0_2021-09,0.7406117343685403
bfbeef_2015-10,0.014814814814814814
8fb6f0_2020-12,0.7793677152297842
c5816f_2022-09,0.41786126264926615
c5816f_2023-05,0.7148222606843297
8ec563_2021-09,0.3816161616161616
fd589c_2020-02,0.5763095238095238
bc4c03_2024-07,0.8716187974808666
513080_2023-01,0.023510466988727857
fa8553_2023-05,0.0738095238095238
fa8553_2025-05,0.24636856368563684
510fbf_2022-12,0.04017713365539453
bfbeef_2023-11,0.7234688772256831
8ec563_2022-12,0.6809495722063781
19fa84_2020-02,0.3995034843205575
fd589c_2019-01,0.36189393939393943
e361b7_2022-01,0.9097727272727273
c5816f_2021-05,0.8806154907716266
fd589c_2018-01,0.30409583641290955
bc4c03_2025-05,0.8679954954954955
9f1aa0_2024-12,0.5375410509031199
8fb6f0_2015-05,0.0
c5816f_2022-03,0.48593373534854123
c5816f_2025-02,0.7898974486542545
19fa84_2020-03,0.7793677152297842
513080_2022-05,0.04017713365539453
780a0b_2016-01,0.0
c5816f_2024-11,0.7407096110232293
8ec563_2014-12,0.023510466988727857
9af74c_2018-12,0.6082894736842105
9af74c_2019-01,0.5911466165413535
731908_2015-07,0.025362318840579712
894378_2019-01,0.23354028085735404
19fa84_2019-09,0.8322248580869271
e4bc80_2018-05,0.19466137192623653
e4bc80_2023-10,0.8180157384104753
894378_2023-07,0.7280575548019768
894378_2024-12,0.8202135406082774
c5816f_2024-08,0.7925640391919991
731908_2014-10,0.008695652173913044
bfbeef_2021-01,0.6997262647262648
894378_2018-03,0.2330352303523035
c5816f_2025-07,0.7829954954954955
fd589c_2021-10,0.704705553067622
e361b7_2021-12,0.6676383526383527
e4bc80_2021-08,0.6992687081634286
e4bc80_2021-12,0.49869047619047613
9f1aa0_2024-06,0.6999782131754422
c5816f_2022-07,0.4791666666666667
8ec563_2019-06,0.5943050193050194
fd589c_2023-08,0.88754095004095
510fbf_2022-10,0.24909583641290958
8fb6f0_2014-09,0.008695652173913044
c5816f_2021-03,0.9097727272727273
6c1954_2024-11,0.7916421120368489
e361b7_2023-11,0.8237849691797059
513080_2023-03,0.04017713365539453
fa8553_2023-08,0.2790958364129096
11f0e3_2015-08,0.025362318840579712
8ec563_2024-06,0.7148222606843297
19fa84_2022-05,0.7112508321129012
e361b7_2022-08,0.5960714285714286
77b3b9_2025-07,0.9863095238095237
9f1aa0_2022-11,0.9787114845938376
731908_2020-03,0.7555567893135952
894378_2024-11,0.8173913046039317
8ec563_2023-01,0.5960714285714286
e4bc80_2022-02,0.4237597628131934
9af74c_2024-03,1.0
bfbeef_2016-03,0.04017713365539453
8fb6f0_2016-01,0.0
894378_2021-11,0.5624608670750864
894378_2024-03,0.7148222606843297
894378_2024-10,0.8221707358905643
c5816f_2024-04,0.7148222606843297
19fa84_2020-11,0.7793677152297842
19fa84_2023-01,0.6080172413793103
9f1aa0_2018-02,0.2624291697462429
fa8553_2022-04,0.060052910052910045
510fbf_2022-07,0.060052910052910045
531356_2021-12,0.9302489177489177
c5816f_2020-03,0.8246838071838072
8ec563_2024-01,0.7893225606122176
19fa84_2025-05,0.8390888703659602
fd589c_2024-02,0.7148222606843297
e4bc80_2022-04,0.4709782608695653
9f1aa0_2020-09,0.2624291697462429
fa8553_2022-08,0.06562782294489612
894378_2024-04,0.7148222606843297
c5816f_2018-05,0.2790958364129096
19fa84_2015-03,0.008695652173913044
e361b7_2022-06,0.7148222606843297
e4bc80_2024-12,0.7520403057971117
e4bc80_2025-05,0.8180157384104753
e361b7_2020-02,0.8703787878787879
77b3b9_2024-11,1.0
513080_2024-06,0.2753432525855089
e4bc80_2021-07,0.7793677152297842
9af74c_2024-01,0.8532002907002907
9f1aa0_2024-03,0.6950361071279232
731908_2015-08,0.025362318840579712
894378_2021-03,0.9401701835525366
8ec563_2024-04,0.7451383526383527
e361b7_2025-05,0.840548036739515
9f1aa0_2020-01,0.40161536869675907
9f1aa0_2022-03,0.3492257065427797
731908_2014-08,0.008695652173913044
19fa84_2024-03,0.728959967015287
e4bc80_2019-03,0.2742934880730593
e4bc80_2019-04,0.3745034843205575
6c1954_2019-09,0.0
510fbf_2024-12,0.20072919061126263
e4bc80_2020-10,0.9269348894348894
bc4c03_2019-02,0.30409583641290955
9af74c_2025-04,0.9019348894348894
9f1aa0_2015-05,0.21745752918813097
bfbeef_2025-01,0.723468877225683
8fb6f0_2020-02,0.7115230644178012
894378_2019-03,0.24289031950619236
83894c_2019-10,0.1508130081300813
87cfea_2022-04,0.7793677152297842
9befc8_2024-10,0.9552489177489176
4f2b6b_2024-11,0.15202898550724636
77e86b_2022-12,0.25087851826982266
99c11c_2024-02,0.7494453154681895
8fb6f0_2024-05,0.665949572206378
0f9e86_2016-08,0.02857142857142857
9befc8_2017-05,0.1808130081300813
f500c5_2019-02,0.1897018970189702
83894c_2022-08,0.5261466165413534
9befc8_2019-06,0.4002272727272727
f1543b_2024-08,0.8925942300942301
f500c5_2025-01,0.4029348503579965
11f0e3_2016-12,0.19291424885028735
780a0b_2021-10,0.41219245480616734
0f9e86_2021-12,0.4802272727272728
0f9e86_2025-03,0.7234688772256831
7bf5c9_2018-12,0.17490118577075098
87cfea_2024-02,0.6124754453701822
7bf5c9_2021-04,0.7388504738504738
3db670_2018-02,0.3599494949494949
99c11c_2021-11,0.450019305019305
99c11c_2024-03,0.40535714285714286
0f9e86_2018-10,0.27136856368563683
9befc8_2020-04,0.8553787878787877
f1543b_2023-02,0.3742257065427797
c3a69f_2023-05,0.6533390070958129
0f9e86_2016-12,0.0627177700348432
0f9e86_2017-01,0.0627177700348432
7bf5c9_2022-09,0.6616470517008002
f1543b_2018-02,0.06160570508396594
87cfea_2023-03,0.3925907116310423
87cfea_2024-11,0.40988943488943497
11f0e3_2018-11,0.21333333333333332
780a0b_2023-11,0.8339739467006089
731908_2024-05,0.9375
9befc8_2022-11,0.48990290716779084
9befc8_2025-01,0.7114159585462636
f1543b_2024-03,0.6141234701489401
83894c_2024-09,0.8187616546237237
731908_2024-02,0.6316638579206637
99c11c_2019-07,0.1923865070948846
8fb6f0_2025-06,0.5378740302458664
0f9e86_2022-05,0.8589695214695215
87cfea_2023-08,0.4260167464114833
731908_2018-09,0.19429126899964652
731908_2020-09,0.8114556273176963
11f0e3_2020-08,0.8036102769531336
11f0e3_2021-09,0.27959888103531133
780a0b_2015-09,0.025362318840579712
780a0b_2019-01,0.24834634501993316
8fb6f0_2017-10,0.04017713365539453
7bf5c9_2021-08,0.8002592896784838
f500c5_2020-12,0.4822295578604009
f500c5_2024-11,0.4703571428571428
c3a69f_2019-11,0.40535714285714286
8fb6f0_2021-09,0.906439393939394
9befc8_2025-02,0.7406117343685403
f500c5_2022-09,0.838028063890133
c3a69f_2023-02,0.900432067932068
87cfea_2023-05,0.37070244301951616
780a0b_2018-10,0.19597930207228517
8fb6f0_2019-04,0.4802272727272728
7bf5c9_2021-10,0.6908110271374296
4f2b6b_2024-06,0.05017713365539452
9befc8_2018-07,0.270622555877425
f1543b_2023-08,0.7368022105590163
f500c5_2018-02,0.05393374741200828
f500c5_2020-05,0.4913150739234924
f500c5_2025-08,0.817091792477056
6838b9_2019-06,0.014814814814814814
87cfea_2019-01,0.023510466988727857
731908_2017-07,0.13705639437346756
731908_2017-11,0.04017713365539453
731908_2018-06,0.11571984042821795
731908_2024-11,0.7793677152297842
780a0b_2025-06,0.5637493512920563
8fb6f0_2015-02,0.0
8fb6f0_2020-11,0.7217076167076166
7bf5c9_2021-07,0.817224858086927
f1543b_2021-04,0.5400573087670242
b1de95_2019-04,0.6658087787035156
8e41cf_2019-12,0.7196593534161593
780a0b_2017-10,0.04017713365539453
8fb6f0_2018-12,0.2971959695196383
0f9e86_2021-01,0.6080172413793103
0f9e86_2023-04,0.5204842259581837
9befc8_2016-09,0.023510466988727857
9befc8_2016-11,0.09429126899964653
9befc8_2017-02,0.10605110336817654
8fb6f0_2016-10,0.11204409267205247
f500c5_2020-11,0.4875
f500c5_2023-06,0.4741656464827197
87cfea_2020-12,0.2993736141906874
731908_2023-07,0.40709235209235206
11f0e3_2020-03,0.8202135406082774
8fb6f0_2019-02,0.4802272727272728
8fb6f0_2022-10,0.4002272727272727
8fb6f0_2017-08,0.11372306104013422
0f9e86_2017-11,0.2617372010655114
3db670_2019-06,0.9495448179271708
731908_2023-10,0.780137766929638
0f9e86_2020-12,0.7406117343685403
f1543b_2024-05,0.7406117343685403
f1543b_2025-05,0.9904761904761905
1b9e65_2025-02,0.565385333207175
87cfea_2020-11,0.296040280857354
87cfea_2024-07,0.2993736141906874
8e41cf_2020-08,0.7555567893135952
780a0b_2017-11,0.05393374741200828
780a0b_2022-06,0.5846428571428571
7bf5c9_2019-03,0.3408923732094464
83894c_2022-10,0.7622248580869272
8fb6f0_2023-06,0.7406117343685403
7bf5c9_2024-06,0.7726996464564523
f1543b_2024-06,0.7406117343685403
fd589c_2018-07,0.7793677152297842
e7a56d_2018-04,0.07789092396842656
e7a56d_2024-06,0.8322248580869271
4718d7_2025-02,0.8999044862779393
f461d4_2024-10,0.9552489177489176
d59611_2019-12,0.7406117343685403
14fe3a_2018-01,0.21636856368563687
1698cf_2016-03,0.03148148148148148
8fabe0_2019-04,0.7793677152297842
b416b1_2015-03,0.0
b08ec1_2025-06,0.9019348894348894
34889b_2023-10,0.8250354840181167
894378_2015-08,0.0
894378_2015-11,0.0
8fabe0_2024-06,0.8228841987462678
d59611_2023-10,0.5655966064586754
d59611_2025-05,0.8532002907002907
34889b_2022-02,0.6316638579206637
14fe3a_2019-03,0.6082894736842105
c5816f_2017-02,0.45494949494949494
60a0fd_2019-04,0.3911701509872242
18defd_2023-04,0.2641789207648598
5a0174_2020-03,0.8703787878787879
14fe3a_2024-11,0.8029559167790007
fc77d0_2025-07,0.8194241108046473
77b3b9_2015-03,0.014814814814814814
14fe3a_2022-11,0.8540853592387456
c48018_2019-03,0.2891996217589931
894378_2015-06,0.03148148148148148
894378_2015-12,0.0
e60b65_2015-09,0.04017713365539453
e361b7_2022-04,0.49416666666666675
c48018_2025-06,0.8532002907002907
b416b1_2019-01,0.18249137336093857
b416b1_2023-10,0.8953787878787878
db4cd8_2020-08,0.8679954954954955
b08ec1_2022-07,0.6274784565280197
fc77d0_2025-02,0.9480080213903743
bf6f0d_2023-08,0.9269348894348894
4718d7_2014-09,0.008695652173913044
19fa84_2017-08,0.2323374422480545
8fabe0_2022-03,0.8508495667116357
6224d0_2018-06,0.07523724694010067
894378_2015-04,0.06884057971014493
e60b65_2015-10,0.060052910052910045
e4bc80_2020-08,0.858303233363249
18defd_2018-12,0.2657625030795763
5a0174_2014-07,0.0
0874ee_2019-11,0.7780537645054424
34889b_2023-11,0.8237849691797059
b08ec1_2024-07,0.8067041713433302
db4cd8_2022-01,0.9324510051178793
b08ec1_2024-05,0.9771979253504883
90abb1_2020-03,0.9745448179271708
e4bc80_2015-03,0.008695652173913044
14fe3a_2024-12,0.9684842118665647
db4cd8_2024-10,0.9085907712961644
19fa84_2015-06,0.04017713365539453
e4bc80_2017-12,0.34932302191694853
e7a56d_2018-02,0.11352217022098594
e7a56d_2018-03,0.22581300813008132
8fabe0_2024-10,0.9552489177489176
77b3b9_2023-04,0.8096838071838072
bf6f0d_2022-07,0.6621400483968543
fc77d0_2019-09,0.6333526383526384
c5816f_2015-04,0.08871635610766045
c5816f_2015-11,0.014814814814814814
c48018_2019-04,0.5503571428571429
4718d7_2021-01,0.7793677152297842
db4cd8_2024-12,0.9904761904761905
175155_2015-03,0.016666666666666666
14fe3a_2023-06,0.8589695214695215
b416b1_2017-01,0.21336394872471143
f461d4_2014-04,0.0
6838b9_2024-11,0.9480080213903743
db4cd8_2014-05,0.0
14fe3a_2021-11,0.8532002907002907
259a19_2022-08,0.7622248580869272
0ffc2d_2019-11,0.01674622030857975
c5816f_2020-09,0.8839695214695216
19fa84_2025-03,0.8316228070175438
e4bc80_2014-11,0.008695652173913044
259a19_2015-03,0.0
8005b9_2025-07,0.9633135716869624
06534f_2019-03,0.7583653924158773
5a0174_2024-10,0.9552489177489176
1822ea_2015-04,0.09429126899964653
e7a56d_2015-04,0.014814814814814814
4718d7_2018-03,0.30409583641290955
f461d4_2022-04,0.8718816795965122
d59611_2014-07,0.008695652173913044
0874ee_2020-09,0.36189393939393943
175155_2019-09,0.3995034843205575
e4bc80_2017-07,0.2657625030795763
e7a56d_2018-05,0.21086321312957815
18defd_2015-03,0.014814814814814814
18defd_2023-06,0.3335983475386078
d59611_2019-11,0.7406117343685403
d59611_2023-12,0.9552489177489176
14fe3a_2022-03,0.7801929728753842
8005b9_2015-01,0.03148148148148148
06534f_2018-02,0.5675
5a0174_2020-12,0.9019348894348894
6838b9_2019-05,0.014814814814814814
375f2e_2019-08,0.6704198387819078
18defd_2025-02,0.7878787878787878
b416b1_2024-02,0.9684842118665647
db4cd8_2024-05,0.8096838071838072
8005b9_2023-04,0.8187616546237237
bf6f0d_2025-05,0.9844155844155844
894378_2016-04,0.0
c48018_2019-10,0.6515777465777466
d59611_2022-10,0.8096838071838072
14fe3a_2022-02,0.8322248580869271
9af74c_2019-02,0.30409583641290955
77b3b9_2025-04,0.8589695214695215
e7a56d_2021-01,0.8302339418246623
18defd_2018-01,0.13372019697676646
18defd_2020-02,0.507032292032292
5a0174_2018-03,0.3267884516280796
8fabe0_2018-06,0.20966540033732892
6838b9_2018-05,0.0
90abb1_2020-02,1.0
14fe3a_2019-11,0.6251600985221675
e7a56d_2025-04,0.8757762441585971
4718d7_2019-11,0.772635039493075
8fabe0_2020-03,0.9347727272727273
34889b_2021-11,0.8417717192717193
14fe3a_2014-09,0.008695652173913044
14fe3a_2018-02,0.023510466988727857
8005b9_2024-09,0.9408333333333333
a25664_2018-06,0.060144927536231886
1822ea_2022-09,0.8432785730141381
19fa84_2018-10,0.3800793650793651
e7a56d_2025-08,0.9127863804853751
18defd_2019-09,0.32916666666666666
f461d4_2014-08,0.023510466988727857
14fe3a_2024-03,0.9097727272727273
8005b9_2022-05,0.7406117343685403
8fabe0_2014-09,0.008695652173913044
fc77d0_2019-10,0.6998222606843297
2167be_2025-07,0.060052910052910045
c5816f_2018-09,0.7556117343685402
c48018_2023-05,0.39022727272727276
f461d4_2022-07,0.9018356503851468
bc4c03_2023-09,0.8551171106595191
8005b9_2025-04,0.9269348894348894
77b3b9_2022-10,0.9302489177489177
fb737b_2022-03,0.17594528326235642
db4cd8_2022-09,0.864424066924067
90abb1_2018-04,0.06884057971014493
90abb1_2025-06,0.8286534295154985
fd589c_2014-12,0.023510466988727857
c48018_2014-08,0.04017713365539453
5a0174_2024-12,0.9347727272727273
db4cd8_2018-03,0.30409583641290955
375f2e_2024-06,0.7943677152297843
e60b65_2014-12,0.0
e4bc80_2014-09,0.023510466988727857
18defd_2023-10,0.5516859716859718
5a0174_2019-12,0.7406117343685403
f461d4_2018-05,0.17915804002760521
d59611_2025-04,0.8640777465777466
8005b9_2021-07,0.9552489177489176
6224d0_2017-02,0.07762460233297985
f461d4_2023-02,0.704705553067622
34889b_2024-09,0.8953787878787878
894378_2021-08,0.9019348894348894
18defd_2018-03,0.06562782294489612
8005b9_2023-03,0.7943127701748391
375f2e_2024-08,0.8961656586656588
8fabe0_2014-05,0.016666666666666666
1698cf_2022-09,0.9019348894348894
fd589c_2016-10,0.28262016538575535
e361b7_2021-05,0.9049197335902746
4718d7_2015-01,0.0
14fe3a_2014-11,0.016666666666666666
375f2e_2023-06,0.648806715063521
0ffc2d_2019-12,0.0
5ecf9b_2023-06,0.0
7e646c_2023-02,0.023510466988727857
5a0174_2024-05,0.9552489177489176
6f5e2b_2025-06,0.8022281120345516
ab32d7_2022-12,0.025362318840579712
8fabe0_2023-06,0.7476457564976401
9befc8_2017-03,0.12429126899964651
0ffc2d_2020-02,0.023510466988727857
1698cf_2024-08,0.9904761904761905
0f9e86_2018-06,0.33757409728247484
11f0e3_2016-03,0.0
7e646c_2023-03,0.0
0ffc2d_2024-11,0.8479796221881598
6da35b_2024-11,0.19571984042821794
5ecf9b_2023-09,0.04017713365539453
9befc8_2016-02,0.014814814814814814
ab32d7_2022-11,0.008695652173913044
8b98f3_2023-02,0.06562782294489612
74b7d1_2019-11,0.6250193050193051
7e646c_2024-09,0.1189380650012535
9befc8_2018-01,0.15565326937113652
0ffc2d_2024-03,0.817224858086927
259a19_2023-07,0.9250773715114814
1698cf_2024-02,1.0
259a19_2025-07,0.9019348894348894
0ffc2d_2024-07,0.6082894736842105
5ecf9b_2023-02,0.060052910052910045
cd0e60_2023-03,0.36626675499403005
0ffc2d_2024-10,0.9152489177489176
8b98f3_2022-04,0.016666666666666666
1698cf_2023-11,0.9019348894348894
0874ee_2015-03,0.025362318840579712
77e86b_2023-07,0.45174603174603173
8fabe0_2025-04,0.9019348894348894
7e646c_2025-05,0.09229448961156278
8fabe0_2024-08,0.864424066924067
0f9e86_2015-10,0.0
0ffc2d_2023-09,0.30409583641290955
259a19_2023-06,0.898363460863461
6da35b_2022-10,0.0
0f9e86_2016-03,0.0
6da35b_2023-05,0.014814814814814814
74b7d1_2018-12,0.22633210363723738
8fabe0_2024-03,0.9552489177489176
439fde_2019-09,0.35109251801114116
8d0588_2024-03,0.9904761904761905
b59bc0_2014-12,0.09550724637681159
b0ff51_2021-02,0.8640777465777466
8d0588_2019-12,0.8719155844155845
87cfea_2025-04,0.33841064343777594
b59bc0_2019-12,0.9172387906211436
b59bc0_2021-04,1.0
b59bc0_2023-12,0.9594155844155845
b59bc0_2025-03,0.9639393939393941
b0ff51_2014-08,0.060144927536231886
b0ff51_2020-11,0.8965584415584417
c3a69f_2023-04,0.5356652616804508
b59bc0_2016-09,0.5165332001088458
b0ff51_2025-01,1.0
c3a69f_2018-03,0.06884057971014493
8d0588_2018-01,0.7368022105590163
b59bc0_2020-10,0.9537114845938376
b0ff51_2014-11,0.05393374741200828
b0ff51_2020-12,1.0
b59bc0_2023-04,0.945
b59bc0_2024-05,0.9797212061618128
b0ff51_2023-03,0.8685822510822512
b0ff51_2018-10,0.9097727272727273
8d0588_2018-10,0.9556861671346386
b59bc0_2022-01,0.9904761904761905
b0ff51_2017-06,0.7793677152297842
439fde_2023-07,0.2905781700423745
c3a69f_2018-01,0.05393374741200828
77e86b_2025-08,0.7633023803762802
8d0588_2022-07,0.8961656586656588
b59bc0_2017-02,0.2753174603174603
b59bc0_2018-12,0.8885822510822511
b0ff51_2021-04,0.924479686979687
b59bc0_2024-03,0.9844155844155844
b0ff51_2025-07,1.0
0cecbd_2018-01,0.11959105065479406
8d0588_2018-12,0.8923917748917749
b59bc0_2022-07,0.9904761904761905
c3a69f_2019-04,0.2816463414634146
83894c_2018-02,0.0
8d0588_2014-09,0.060144927536231886
8d0588_2014-10,0.060144927536231886
8d0588_2025-08,1.0
b59bc0_2019-09,0.7970454545454546
8d0588_2021-06,0.8640777465777466
b59bc0_2020-07,1.0
0874ee_2015-01,0.05291005291005291
b59bc0_2016-12,0.648806715063521
b0ff51_2019-11,0.8379761904761904
439fde_2018-03,0.060144927536231886
8d0588_2023-08,0.8211123786123787
b59bc0_2024-04,0.9904761904761905
b59bc0_2025-04,0.97
b0ff51_2019-03,0.7847012006276408
0874ee_2020-11,0.8925942300942301
b0ff51_2020-06,1.0
8d0588_2022-10,0.8692298941202455
b59bc0_2022-02,0.9040034965034967
b0ff51_2023-02,0.9006701631701631
8d0588_2014-08,0.06145199083564703
8d0588_2018-06,0.6763711995503418
8d0588_2019-06,0.8260306319624341
b59bc0_2020-03,0.9344155844155845
b0ff51_2019-08,0.8490777465777466
8d0588_2014-11,0.04639208847108095
8d0588_2021-10,1.0
a97df3_2019-05,0.037267080745341616
dc4b5e_2023-02,0.09026915113871635
a97df3_2022-06,0.09786624184234087
b416b1_2024-04,1.0
99c11c_2019-12,0.08705639437346754
b416b1_2021-05,0.9480080213903743
99c11c_2023-05,0.2614082462253194
7aa803_2015-04,0.04523809523809523
83894c_2020-01,0.10605110336817654
8005b9_2021-09,0.9347727272727273
7199cf_2025-08,0.18516494953069965
db4cd8_2015-04,0.060052910052910045
dc4b5e_2019-11,0.008936450416638216
99c11c_2022-10,0.41482525003706006
db4cd8_2021-04,0.8679954954954955
99c11c_2018-03,0.0
fc77d0_2018-06,0.1481278919383669
fc77d0_2023-05,0.7907962866583557
175155_2025-08,0.817224858086927
34889b_2015-03,0.016666666666666666
1698cf_2024-05,0.9882352941176471
8fabe0_2023-07,0.9019348894348894
259a19_2025-06,0.9658333333333333
532867_2023-12,0.03148148148148148
e60b65_2018-05,0.037267080745341616
265164_2024-03,0.023510466988727857
987bc1_2017-02,0.2630352303523035
74b7d1_2024-07,0.7854332007274311
94f933_2024-02,0.0
987bc1_2025-05,0.8114556273176963
92dcdd_2022-03,0.1897018970189702
5a0174_2019-09,0.6829516358463728
532867_2024-09,0.04017713365539453
ab32d7_2025-01,0.2725740972824748
a42d13_2018-10,0.7793677152297842
1698cf_2023-03,0.9019348894348894
e60b65_2017-03,0.2743939393939394
5a0174_2022-01,0.9125
8fabe0_2025-06,0.8087849691797061
6f5e2b_2023-05,0.9019348894348894
a25664_2016-07,0.014814814814814814
f25ffe_2024-07,0.008695652173913044
175155_2018-04,0.1312627018719976
7199cf_2024-03,0.09229448961156278
6f5e2b_2020-11,0.8703787878787879
74b7d1_2024-11,0.8016187974808666
1822ea_2019-04,0.3293736141906874
ab32d7_2025-04,0.24185387880010079
fb737b_2023-04,0.12429126899964651
e60b65_2023-12,0.9904761904761905
259a19_2021-07,0.9844155844155844
259a19_2025-05,0.9329954954954955
f461d4_2021-12,0.9434023249089478
175155_2025-04,0.8286534295154985
5ecf9b_2025-08,0.14924859603494306
92dcdd_2019-06,0.0
fb737b_2022-07,0.19571984042821794
8fabe0_2023-02,0.6875626959247649
987bc1_2024-06,0.86254095004095
4fb2d3_2023-11,1.0
f25ffe_2025-03,0.025362318840579712
92dcdd_2023-01,0.8679954954954955
a42d13_2022-11,0.9269348894348894
fc77d0_2021-09,0.9019348894348894
9af74c_2024-04,1.0
4718d7_2022-04,0.935154751692223
4718d7_2022-12,0.9151701835525365
fb737b_2022-09,0.2098468245552021
8fabe0_2020-12,0.8667307692307693
7199cf_2024-06,0.04017713365539453
fc77d0_2020-03,0.9062012987012988
e60b65_2024-12,0.9401701835525366
a42d13_2023-05,0.6316638579206637
6224d0_2018-02,0.05217391304347826
6f5e2b_2020-01,0.8337616546237235
532867_2025-07,0.060052910052910045
8b98f3_2023-05,0.023510466988727857
6838b9_2023-07,0.7406117343685403
6da35b_2023-10,0.0
265164_2024-06,0.0
4ee2d2_2025-01,0.04523809523809523
ab32d7_2023-02,0.09598640347266299
5ecf9b_2024-08,0.23984682455520207
6838b9_2021-09,0.2716161616161616
a42d13_2018-11,0.7907962866583557
8b98f3_2025-01,0.22571984042821797
0874ee_2018-04,0.04017713365539453
987bc1_2020-09,0.8114556273176963
92dcdd_2020-07,0.11571984042821795
987bc1_2021-07,0.9275242787941451
439fde_2017-06,0.2668736141906874
0874ee_2019-05,0.2657625030795763
a42d13_2020-02,0.8211123786123787
a42d13_2021-08,0.9269348894348894
8fabe0_2021-10,0.9540686274509804
4f2b6b_2022-08,0.014814814814814814
022433_2025-04,0.4826794035414726
4fb2d3_2021-10,0.8228841987462678
4fb2d3_2024-06,0.8264556273176963
a42d13_2025-08,0.8114556273176963
6f5e2b_2022-03,0.9347727272727273
5ecf9b_2024-04,0.29441936747942765
8fabe0_2019-07,0.7622248580869272
f461d4_2022-02,0.9462075838873577
ab32d7_2024-10,0.23984682455520207
987bc1_2022-09,0.5954733817301876
6f5e2b_2021-07,0.9389393939393941
6f5e2b_2022-11,0.8114556273176963
5ecf9b_2023-07,0.016666666666666666
5ecf9b_2024-02,0.023510466988727857
92dcdd_2022-07,0.3790580702784642
1b9e65_2022-08,0.7406117343685403
e60b65_2014-06,0.0
a25664_2016-05,0.014814814814814814
90abb1_2021-10,0.9863095238095237
1698cf_2019-06,0.3293736141906874
5ecf9b_2024-11,0.1808130081300813
0874ee_2014-08,0.008695652173913044
a25664_2016-12,0.13146433953708786
375f2e_2025-02,0.9498868029020351
c48018_2014-05,0.023510466988727857
90abb1_2022-06,0.6080172413793103
375f2e_2022-04,0.7670845058534186
bf6f0d_2018-01,0.22563439145010705
1822ea_2023-04,0.8246288621288622
92dcdd_2024-12,0.8295600732856817
77b3b9_2024-04,0.8114556273176963
6224d0_2021-07,0.9639393939393941
e60b65_2016-05,0.1583454626589144
4f2b6b_2024-12,0.05814814814814815
0f9e86_2024-03,0.7584153342774032
34889b_2014-10,0.0
987bc1_2017-05,0.266984126984127
b416b1_2018-03,0.36021754646913934
bc4c03_2025-01,0.9726508785332315
375f2e_2023-11,0.9863095238095237
375f2e_2023-03,0.9537114845938376
bf6f0d_2022-04,0.648806715063521
11f0e3_2022-12,0.45494949494949494
90abb1_2018-05,0.05217391304347826
77b3b9_2022-12,0.8616095242548406
fb34b4_2024-09,0.23924076394914148
90abb1_2018-01,0.20067878061892874
1822ea_2024-12,0.9958333333333332
fc77d0_2014-12,0.0
fc77d0_2020-12,0.8343669150849099
948a11_2025-03,0.6044799498746867
bf6f0d_2020-07,0.704705553067622
1822ea_2021-10,0.9745448179271708
375f2e_2021-06,0.982174688057041
9befc8_2024-04,0.648806715063521
fc77d0_2024-07,0.8237934102424921
4f2b6b_2022-11,0.08658836515083221
bf6f0d_2019-04,0.48378877122627484
90abb1_2023-10,0.9278679653679653
375f2e_2015-03,0.0
375f2e_2020-07,0.9780080213903742
6f5e2b_2022-12,0.8925942300942301
34889b_2024-02,0.9844155844155844
b416b1_2017-04,0.4954667363288053
b416b1_2018-12,0.21712340799297322
34889b_2014-03,0.0
375f2e_2021-04,0.9840686274509803
948a11_2022-12,0.0
bf6f0d_2024-08,0.864424066924067
375f2e_2024-03,1.0
259a19_2021-09,0.9269348894348894
e60b65_2016-09,0.21035187506025257
77b3b9_2024-09,0.8228841987462678
fb737b_2021-04,0.0
1822ea_2018-02,0.0821254163898804
1822ea_2025-03,0.9552489177489176
375f2e_2022-10,0.648806715063521
e60b65_2023-06,0.5503571428571429
1822ea_2024-11,0.9019348894348894
375f2e_2022-01,0.8961656586656588
375f2e_2025-03,0.9613095238095237
531356_2025-01,0.9022861852407417
29849f_2015-02,0.023510466988727857
e83244_2022-07,0.8869348894348894
829a72_2014-08,0.10081300813008132
829a72_2016-04,0.014814814814814814
db5006_2016-03,0.014814814814814814
e83244_2016-05,0.014814814814814814
e83244_2018-06,0.30686000799409124
db5006_2019-01,0.3995034843205575
545d15_2020-06,0.0
f4604d_2021-01,0.9095448179271708
f4604d_2023-04,0.44662574383015546
1b9e65_2019-06,0.2958145358206435
1b9e65_2023-04,0.4389152222520143
987bc1_2025-03,0.9760787739241094
531356_2024-07,0.8539258705113433
0cecbd_2014-12,0.014814814814814814
f4604d_2025-01,0.8758549783549782
531356_2022-03,0.8612762237762238
e2314a_2016-09,0.023510466988727857
e2314a_2020-12,0.8780976325491341
e83244_2020-01,0.888228129603202
b1de95_2020-02,0.9302489177489177
98a151_2014-05,0.03148148148148148
98a151_2014-06,0.03148148148148148
3a13b3_2023-10,1.0
e2314a_2015-02,0.0
e2314a_2023-02,0.9094092787421129
e2314a_2024-07,0.906439393939394
7a007d_2019-09,0.3318939393939394
db5006_2022-12,0.820539966810028
b73bc7_2025-02,0.8646095571095571
f4604d_2022-12,0.6998222606843297
531356_2019-02,0.2614082462253194
e2314a_2023-10,0.9303698970980199
e2314a_2024-05,0.7793677152297842
e83244_2018-07,0.21651349122186875
e83244_2020-03,0.9200792710897165
0cecbd_2025-06,0.7331864546512038
531356_2025-05,0.8462762237762238
e2314a_2022-12,0.8211123786123787
e2314a_2025-03,0.9097727272727273
e83244_2019-07,0.862278138140207
e83244_2024-09,1.0
0cecbd_2021-06,0.7793677152297842
3a13b3_2023-05,0.9958333333333332
f4604d_2021-07,0.8667307692307693
1b9e65_2021-05,0.8843953778477399
7a007d_2024-05,0.5908743842364532
531356_2015-02,0.023510466988727857
e2314a_2018-03,0.13063960516640372
e83244_2020-02,0.8187616546237237
e83244_2022-11,0.9552489177489176
829a72_2014-10,0.04017713365539453
f4604d_2023-08,0.7406117343685403
6224d0_2025-08,0.8286534295154985
987bc1_2021-03,0.86254095004095
e2314a_2017-10,0.13227697634762653
29849f_2024-11,0.8520454545454544
987bc1_2020-05,0.8794566353187043
29849f_2024-03,0.8226794035414725
db5006_2018-11,0.2740958364129096
1b9e65_2018-03,0.08050086446825613
545d15_2020-11,0.16779504057653782
e2314a_2023-09,0.7465175046041064
e3af0e_2014-10,0.04017713365539453
60a0fd_2022-02,0.4703571428571428
f4604d_2024-05,0.8520454545454544
06534f_2025-02,0.9074439171758966
29849f_2024-09,0.8631593406593406
e83244_2021-11,0.9495448179271708
e83244_2023-12,0.7907962866583557
e83244_2024-03,0.898363460863461
98a151_2014-11,0.014814814814814814
b1de95_2024-06,1.0
db5006_2024-12,0.898363460863461
f4604d_2022-06,0.6826794035414726
531356_2022-01,0.952174688057041
531356_2025-07,0.8946571781330871
f1543b_2017-08,0.30333333333333334
e83244_2017-07,0.30484682455520207
829a72_2015-08,0.014814814814814814
0cecbd_2016-05,0.0
29849f_2020-02,0.4802272727272728
3db670_2018-01,0.6254323308270677
db5006_2021-11,0.8286534295154985
1b9e65_2019-10,0.6421621621621622
e2314a_2018-07,0.21651349122186875
06534f_2025-08,0.975
6224d0_2024-06,0.8264556273176963
e2314a_2019-07,0.8228841987462678
29849f_2018-05,0.09964308680184972
e3af0e_2015-04,0.014814814814814814
60a0fd_2018-04,0.2740958364129096
db5006_2016-05,0.0
db5006_2018-02,0.04017713365539453
db5006_2023-05,0.8553787878787877
1b9e65_2024-06,0.9745448179271708
e2314a_2024-04,0.7793677152297842
e83244_2016-04,0.0
88a9a6_2015-12,0.014814814814814814
e3af0e_2014-04,0.11014492753623188
0cecbd_2023-04,0.7406117343685403
e2314a_2021-04,0.9246830060398004
e83244_2019-09,0.648806715063521
98a151_2018-04,0.3448853100971201
c580aa_2023-08,1.0
f4604d_2023-09,0.7406117343685403
531356_2016-10,0.13888653647570565
531356_2019-07,0.4104791357179147
29849f_2025-06,0.8499382944414405
db5006_2019-02,0.1798468245552021
e2314a_2017-11,0.18051269749475654
60a0fd_2014-09,0.04017713365539453
29849f_2019-02,0.30409583641290955
e83244_2015-09,0.0
e83244_2019-02,0.18936046011340785
06534f_2024-05,1.0
98a151_2014-10,0.03148148148148148
f4604d_2022-01,0.9302489177489177
6da35b_2024-04,0.014814814814814814
7a007d_2017-06,0.24674504287323112
175155_2018-10,0.32664384112842065
af81b0_2019-02,0.32356060606060605
022433_2021-10,0.014814814814814814
022433_2024-02,0.17429126899964653
7e646c_2025-04,0.19571984042821794
022433_2023-07,0.2662775866702968
531356_2019-06,0.3293736141906874
7a007d_2018-10,0.4553571428571429
731908_2017-12,0.03148148148148148
022433_2024-07,0.21649496023402554
7a007d_2024-10,0.6080172413793103
d86999_2020-08,0.7726996464564523
f500c5_2019-12,0.2790958364129096
c580aa_2019-06,0.9249328257948948
c5816f_2017-11,0.40350228942147226
531356_2024-11,1.0
6da35b_2025-07,0.1958128891307609
531356_2024-10,0.9882352941176471
98a151_2022-08,0.6365886699507389
022433_2021-09,0.0
af81b0_2014-12,0.05393374741200828
fa8553_2021-10,0.023510466988727857
022433_2021-07,0.014814814814814814
f4604d_2019-07,0.3293736141906874
531356_2025-08,0.8581356728316104
c580aa_2019-05,0.9613095238095237
7a007d_2015-02,0.0
e83244_2021-02,0.9684842118665647
dc4b5e_2023-08,0.3742257065427797
fb34b4_2024-07,0.2098468245552021
af81b0_2014-05,0.0
83894c_2017-04,0.014814814814814814
531356_2016-07,0.04017713365539453
1822ea_2024-06,0.9097727272727273
77b3b9_2014-11,0.023510466988727857
f4604d_2025-03,0.9744961409042437
dc4b5e_2024-06,0.7755258564521385
dc4b5e_2024-08,0.817224858086927
1bdb97_2024-05,0.07938443670150988
4ee2d2_2024-05,0.0
424c1b_2025-08,0.0
1698cf_2017-02,0.06884057971014493
1822ea_2019-08,0.706326020082826
29849f_2017-12,0.3099494949494949
531356_2016-05,0.03148148148148148
424c1b_2024-12,0.0
b1de95_2019-08,0.9302489177489177
424c1b_2025-05,0.023510466988727857
90abb1_2019-06,0.3995034843205575
f4d28d_2025-05,0.04017713365539453
6224d0_2020-12,0.928560905448067
4ee2d2_2025-07,0.008695652173913044
f4604d_2017-08,0.2753174603174603
bf6f0d_2022-01,0.9573454801610604
b08ec1_2022-12,0.5435289372857431
265164_2024-07,0.0
948a11_2022-05,0.0
4fb2d3_2017-02,0.09429126899964653
1bdb97_2025-06,0.06884057971014493
90abb1_2021-11,0.9904761904761905
af81b0_2017-02,0.1474790848628663
dc4b5e_2024-05,0.7793677152297842
db5006_2021-07,0.8589695214695215
9af74c_2020-03,0.9726508785332315
424c1b_2025-01,0.0
29849f_2018-09,0.4012797444588866
1822ea_2016-07,0.04896115627822945
1bdb97_2023-11,0.46007936507936503
fb737b_2021-05,0.023510466988727857
531356_2020-10,0.9279743821820379
8005b9_2018-02,0.02857142857142857
531356_2016-06,0.02857142857142857
531356_2019-08,0.7217076167076166
db5006_2018-07,0.3001842777225769
74b7d1_2023-03,0.7622248580869272
531356_2017-01,0.1340998513310931
bc4c03_2015-04,0.06562782294489612
af81b0_2019-06,0.5689846322734625
f4604d_2017-05,0.2740958364129096
dc4b5e_2023-05,0.2707625030795763
b73bc7_2019-07,0.9840686274509803
531356_2016-03,0.03148148148148148
b08ec1_2023-01,0.6342293625914316
429b22_2025-03,0.0
1822ea_2019-03,0.648806715063521
6838b9_2023-11,0.9213095238095237
293190_2020-09,0.8508495667116357
7aa803_2020-04,0.5032227682227682
88a9a6_2020-07,0.6930172413793103
bc4c03_2025-02,0.9097727272727273
9af74c_2015-02,0.0
e7a56d_2017-08,0.19303523035230355
3db670_2019-01,0.9302489177489177
9b46ed_2019-07,0.505292958004768
9b46ed_2020-04,0.48249165708060193
375f2e_2016-05,0.023510466988727857
9b46ed_2018-11,0.34422570654277973
e2e0ce_2020-04,0.503322899740591
c5df88_2017-12,0.2297018970189702
c5df88_2026-02,0.9097727272727273
4fb2d3_2016-10,0.12095793566631319
9b46ed_2018-07,0.34422570654277973
0ffc2d_2021-07,0.05217391304347826
1bdb97_2021-10,0.0720496894409938
1bdb97_2024-04,0.2708019211470299
e3af0e_2018-08,0.648806715063521
14fe3a_2018-10,0.6212316196611989
829a72_2024-09,0.9597727272727272
90abb1_2018-02,0.02857142857142857
9b46ed_2017-03,0.22097357583478408
18defd_2023-02,0.6458743842364532
2ab8ad_2025-04,0.9097727272727273
c5df88_2024-11,0.9347727272727273
0ffc2d_2021-03,0.1423865070948846
6838b9_2020-08,0.20460872931710683
9b46ed_2020-07,0.38883505223127923
7aa803_2020-02,0.6287812817165729
7aa803_2020-10,0.3153985860385512
8fabe0_2023-04,0.8096838071838072
a42d13_2014-08,0.008695652173913044
2ab8ad_2020-01,0.4002272727272727
88a9a6_2016-05,0.023510466988727857
1822ea_2017-07,0.45494949494949494
6838b9_2020-12,0.2368736141906874
db4cd8_2023-10,0.9347727272727273
af81b0_2019-10,0.7406117343685403
293190_2020-05,0.8667826426447117
cd0e60_2020-12,0.09060781096676473
6838b9_2022-09,0.5503571428571429
259a19_2022-09,0.898363460863461
c5df88_2020-07,0.8934467434909795
88a9a6_2019-12,0.4399747198678764
5a0174_2022-06,0.8961656586656588
0cecbd_2020-09,0.9684842118665647
9b46ed_2020-05,0.3099494949494949
4fb2d3_2024-09,0.7784688772256831
f500c5_2022-02,0.6026581950926326
2ab8ad_2018-06,0.1739082462253194
c5df88_2024-03,0.9124929740892765
7aa803_2020-03,0.507032292032292
88a9a6_2021-02,0.8909934318555008
f1543b_2019-01,0.24247251111883616
88a9a6_2019-10,0.24136856368563686
8fabe0_2021-08,0.9269348894348894
60a0fd_2022-06,0.7793677152297842
c5df88_2025-02,0.9338315840142515
74fb1f_2020-08,0.6977268546632429
d59611_2024-07,0.767109557109557
0e8d73_2023-05,0.014814814814814814
6838b9_2019-02,0.0
88a9a6_2016-06,0.014814814814814814
a25664_2022-04,0.6082894736842105
6838b9_2019-11,0.15049459397285483
f461d4_2019-07,0.762224858086927
9b46ed_2019-05,0.21067977915804
e2e0ce_2020-06,0.5381596035543403
e2e0ce_2020-10,0.4152272727272727
74fb1f_2020-02,0.6062615949717235
3a13b3_2025-05,1.0
e2e0ce_2020-09,0.40709235209235206
74fb1f_2020-11,0.6002899686520375
0e8d73_2024-03,0.0
7a007d_2018-05,0.2214436288349332
829a72_2019-12,0.7907962866583557
1996b0_2023-03,0.014814814814814814
1996b0_2023-11,0.0
60a0fd_2019-08,0.6080172413793103
f500c5_2014-12,0.014814814814814814
731908_2018-03,0.06160570508396594
1996b0_2024-09,0.17658961209509388
1996b0_2024-07,0.05017713365539452
e3af0e_2018-10,0.6082894736842105
1996b0_2023-04,0.014814814814814814
f1543b_2020-07,0.5604323308270677
f1543b_2015-04,0.03148148148148148
e2314a_2020-04,0.9821296411263208
29849f_2017-01,0.17095793566631318
fb34b4_2023-06,0.014814814814814814
f1543b_2019-10,0.7907962866583557
429b22_2025-06,0.0033274522643700565
c580aa_2023-10,0.9708333333333332
948a11_2022-06,0.0
fb737b_2021-08,0.014814814814814814
fb737b_2021-10,0.2098468245552021
f500c5_2020-02,0.6190612735013761
9af74c_2015-10,0.04017713365539453
e83244_2020-05,0.8869226986671206
4f2b6b_2025-06,0.09229448961156278
e83244_2020-07,0.8893585961030179
c580aa_2015-01,0.05217391304347826
e2314a_2022-04,0.8725518734139424
d59611_2020-10,0.86254095004095
11f0e3_2014-12,0.03148148148148148
92dcdd_2024-02,0.9097727272727273
11f0e3_2020-06,0.6829516358463728
f1543b_2019-07,0.3711404502918539
29849f_2025-09,0.9521465805209293
7bf5c9_2019-10,0.3408923732094464
545d15_2021-04,0.14571984042821795
6224d0_2020-03,0.9552489177489176
9af74c_2018-11,0.6875626959247649
e7a56d_2015-08,0.0
259a19_2017-04,0.18081300813008133
8005b9_2017-06,0.4930854947266017
06534f_2015-09,0.0009189813909783818
3db670_2024-10,1.0
c48018_2017-03,0.12095793566631319
4718d7_2015-11,0.0
3a13b3_2023-11,0.9302489177489177
4718d7_2016-03,0.11571984042821795
4718d7_2016-01,0.014814814814814814
6f5e2b_2017-04,0.24446380178087496
98a151_2016-06,0.19272441031129622
7a007d_2021-12,0.8869348894348894
a97df3_2019-07,0.0
8fabe0_2021-04,0.9097727272727273
7a007d_2015-09,0.03148148148148148
1822ea_2018-10,0.27136856368563683
7a007d_2020-05,0.6556168493736552
90abb1_2021-05,0.9628731539505268
77b3b9_2015-04,0.04017713365539453
1bdb97_2024-06,0.12045813016739833
bf6f0d_2015-06,0.0565605899030712
8005b9_2017-08,0.30528984732372555
b08ec1_2016-05,0.08148148148148147
7a007d_2021-07,0.8303980928980929
bf6f0d_2019-10,0.7793677152297842
7a007d_2015-06,0.04725329202392074
829a72_2016-05,0.0
375f2e_2018-10,0.2740958364129096
18defd_2016-12,0.203540280857354
b08ec1_2017-04,0.39200636963545576
77b3b9_2022-01,0.9097727272727273
7199cf_2023-07,0.023510466988727857
7a007d_2020-12,0.8303980928980929
1822ea_2024-09,0.9904761904761905
bf6f0d_2015-08,0.04372432695258856
d59611_2016-01,0.014814814814814814
1bdb97_2023-07,0.12523809523809523
7a007d_2020-11,0.8303980928980929
3db670_2022-07,1.0
b73bc7_2025-03,0.9335688725759234
7a007d_2023-10,0.8869348894348894
e7a56d_2021-07,0.7978849705346509
bf6f0d_2020-11,0.7940044886010924
4718d7_2018-09,0.665949572206378
bf6f0d_2017-06,0.2618736141906874
a42d13_2017-08,0.229077899649603
b0ff51_2020-05,1.0
fb737b_2020-03,0.014814814814814814
b0ff51_2020-07,1.0
af81b0_2024-02,0.5466833394680866
77b3b9_2016-06,0.14429126899964653
34889b_2021-07,0.9269348894348894
b73bc7_2023-06,1.0
af81b0_2023-12,0.7793677152297842
af81b0_2025-05,0.7406117343685403
8005b9_2021-03,0.9347727272727273
293190_2016-04,0.10605110336817654
a97df3_2023-04,0.4962920220407868
a97df3_2022-01,0.18318015788853542
9befc8_2020-10,0.8553787878787877
375f2e_2021-05,0.9882352941176471
948a11_2022-01,0.016666666666666666
fc77d0_2021-04,0.8839695214695216
4fb2d3_2020-04,0.9347727272727273
375f2e_2021-02,0.9811602950772468
af81b0_2025-06,0.665949572206378
439fde_2021-07,0.9052807486631016
829a72_2022-05,0.8301902260522951
fb34b4_2022-07,0.05467688950566838
259a19_2025-09,0.8286534295154985
439fde_2016-07,0.04017713365539453
f461d4_2020-06,0.908284390868419
92dcdd_2018-08,0.023510466988727857
439fde_2016-06,0.02860505637856648
f500c5_2019-07,0.24446380178087496
b1de95_2018-06,0.6254323308270677
6f5e2b_2021-05,0.9541945740234901
2ab8ad_2015-09,0.014814814814814814
e60b65_2017-10,0.2641543751419855
fd589c_2015-10,0.008695652173913044
1bdb97_2024-02,0.38994949494949493
77e86b_2016-04,0.0
6838b9_2021-03,0.07762460233297985
fd589c_2015-12,0.008695652173913044
8fabe0_2015-12,0.0
a42d13_2018-08,0.6082894736842105
5a0174_2016-05,0.009810077670904166
db4cd8_2017-07,0.29666666666666663
d59611_2020-04,0.960370398524088
6c1954_2020-04,0.14014492753623187
6c1954_2020-11,0.09550724637681159
8005b9_2020-08,0.9411072448791247
b73bc7_2017-02,0.30161616161616156
b73bc7_2024-12,1.0
d59611_2017-05,0.3757006209583094
cd0e60_2019-10,0.12892345277499367
a42d13_2018-09,0.6251600985221675
fc77d0_2017-06,0.20914634146341463
34889b_2016-09,0.3771700883555945
db4cd8_2017-06,0.266984126984127
fb737b_2020-11,0.03148148148148148
b416b1_2016-07,0.0738095238095238
9af74c_2018-09,0.606386080142886
af81b0_2015-05,0.0
af81b0_2020-06,0.5111466165413534
fb737b_2020-06,0.03901814048532529
1822ea_2020-05,0.9552489177489176
f461d4_2017-06,0.3816161616161616
77b3b9_2018-07,0.2740958364129096
a25664_2018-10,0.3613881290099645
cd0e60_2025-02,0.7484495722063781
c5df88_2017-03,0.2521507739675466
3db670_2016-02,0.014814814814814814
cd0e60_2023-10,0.5503571428571429
c3a69f_2016-12,0.07845851276099669
cd0e60_2024-01,0.6826794035414726
cd0e60_2024-05,0.7373454894430355
cd0e60_2024-07,0.7406117343685403
2ab8ad_2018-07,0.38994949494949493
fb34b4_2025-01,0.5655966064586754
cd0e60_2024-12,0.7484495722063781
8005b9_2016-09,0.1489082462253194
bf6f0d_2017-05,0.46828282828282825
375f2e_2016-06,0.04338624338624338
7bf5c9_2017-10,0.17342947710253676
74b7d1_2017-05,0.17794206265044016
34889b_2020-12,0.8262500072457012
8005b9_2016-05,0.12299127683798461
77b3b9_2016-01,0.0
19fa84_2017-11,0.147086616941907
8ec563_2014-06,0.1201829143079765
6224d0_2017-08,0.09429126899964653
c5816f_2018-11,0.7416884514305713
8fabe0_2015-07,0.014814814814814814
c5816f_2015-06,0.04017713365539453
77b3b9_2015-10,0.008695652173913044
19fa84_2018-07,0.46007936507936503
175155_2015-07,0.025362318840579712
db4cd8_2015-12,0.0
e3af0e_2017-06,0.09429126899964653
fd589c_2018-11,0.8567717192717194
e3af0e_2017-08,0.2747822801338714
8005b9_2015-10,0.008695652173913044
f1543b_2016-01,0.008695652173913044
a25664_2016-03,0.0
a97df3_2022-03,0.44559523809523804
b08ec1_2018-11,0.606386080142886
b08ec1_2020-06,0.8869348894348894
dc4b5e_2020-12,0.18318015788853542
b08ec1_2021-03,0.8267155568597276
dc4b5e_2020-10,0.1542912689996465
dc4b5e_2021-05,0.7457431525311726
88a9a6_2020-05,0.8490777465777466
9b46ed_2017-09,0.30409583641290955
c5df88_2018-08,0.2740958364129096
34889b_2018-09,0.7520403057971117
8005b9_2017-03,0.5655966064586754
dc4b5e_2020-06,0.10615671322876011
2ab8ad_2017-12,0.30409583641290955
b1de95_2018-01,0.6575202429149798
0cecbd_2016-09,0.0
b73bc7_2020-09,1.0
3db670_2022-06,0.9131033988030357
a97df3_2021-05,0.2790958364129096
b1de95_2021-08,0.9958333333333332
0cecbd_2017-01,0.18977632530970234
3db670_2020-04,0.9958333333333332
b73bc7_2021-05,0.8513580032038213
b1de95_2021-10,0.9972858716112076
c580aa_2021-10,0.9840686274509803
3db670_2017-03,0.6458118350001752
3db670_2021-01,0.9552489177489176
175155_2015-10,0.040543497450556146
1822ea_2015-11,0.0
3a13b3_2020-10,1.0
3a13b3_2020-11,1.0
3db670_2020-09,1.0
3db670_2022-09,1.0
3db670_2016-09,0.0681255077290426
531356_2015-09,0.0
c580aa_2021-09,0.9613095238095237
3a13b3_2018-08,0.7350067482390751
06534f_2018-11,0.9305402930402931
a42d13_2015-08,0.1508130081300813
8ec563_2020-08,0.817224858086927
92dcdd_2020-05,0.0
d59611_2015-09,0.008695652173913044
6224d0_2018-07,0.28938081308979813
9f1aa0_2017-01,0.5006205954733428
0874ee_2020-05,0.906439393939394
3a13b3_2023-02,0.9956032148918764
b1de95_2022-07,0.9745448179271708
b73bc7_2022-02,0.9958333333333332
c580aa_2021-08,0.9787114845938376
98a151_2015-07,0.014814814814814814
b1de95_2023-09,0.9958333333333332
c580aa_2022-01,0.9867668454508569
b73bc7_2022-01,0.9901296659499487
98a151_2016-03,0.19423595404883456
af81b0_2021-03,0.8885259371770531
af81b0_2022-12,0.6875626959247649
af81b0_2021-05,0.8300599462678303
af81b0_2020-09,0.8566187974808666
af81b0_2020-08,0.8226794035414725
8fabe0_2016-04,0.09429126899964653
e60b65_2021-06,0.9552489177489176
e60b65_2020-03,0.8589695214695215
0f9e86_2014-10,0.014814814814814814
8005b9_2021-01,0.9536389460256276
3a13b3_2015-11,0.014814814814814814
1996b0_2024-11,0.2667571748980285
6224d0_2015-06,0.04017713365539453
e60b65_2019-09,0.7784688772256831
1996b0_2024-12,0.2725740972824748
3a13b3_2017-08,0.22586245986176126
e60b65_2021-08,0.9347727272727273
9af74c_2018-08,0.5994799498746868
d59611_2020-12,0.8180157384104753
db4cd8_2021-03,0.8589695214695215
db4cd8_2020-10,0.8237849691797059
6224d0_2018-09,0.5655966064586754
510fbf_2023-09,0.06884057971014493
14fe3a_2025-09,0.8349240821674101
5a0174_2016-12,0.17095793566631318
1822ea_2015-08,0.023510466988727857
60a0fd_2017-07,0.29466673748830574
e3af0e_2017-01,0.1703179875221637
90abb1_2016-11,0.41928971299844253
c3a69f_2015-09,0.014814814814814814
90abb1_2015-10,0.023510466988727857
b416b1_2020-08,0.8758333333333332
6224d0_2017-09,0.1940558353416168
6f5e2b_2016-06,0.2856859010790109
db4cd8_2016-10,0.20741538807507492
d59611_2017-11,0.2193015491664081
bf6f0d_2025-09,0.8589695214695215
14fe3a_2016-04,0.008695652173913044
4fb2d3_2016-01,0.0
14fe3a_2016-10,0.2464532800113229
4fb2d3_2015-12,0.0
db4cd8_2018-11,0.7196593534161593
293190_2016-08,0.20794206265044018
f1543b_2016-04,0.09445762488350398
9b46ed_2024-05,0.9597727272727272
8fb6f0_2020-06,0.7792717192717193
f1543b_2018-08,0.45692541071664045
f1543b_2018-10,0.5025000000000001
7bf5c9_2016-07,0.20020694752402068
7bf5c9_2025-08,0.8966187974808666
9af74c_2020-04,1.0
b0ff51_2018-07,0.7639582507390854
b08ec1_2015-11,0.0
77b3b9_2015-05,0.014814814814814814
4718d7_2017-11,0.16087369340290653
545d15_2023-05,0.8264556273176963
7a007d_2018-09,0.6254323308270677
545d15_2021-12,0.25354028085735403
545d15_2025-08,0.9480080213903743
545d15_2023-03,0.8264556273176963
74b7d1_2021-08,0.7793677152297842
74b7d1_2020-10,0.7793677152297842
74b7d1_2020-05,0.7993052898463086
74b7d1_2021-04,0.7838722197342888
74b7d1_2018-10,0.2425740972824748
8fabe0_2017-09,0.3268939393939394
74b7d1_2018-07,0.22433393165100482
c5816f_2017-01,0.3099494949494949
3a13b3_2021-07,0.9787114845938376
3db670_2018-08,0.9040034965034967
3a13b3_2021-09,0.9787114845938376
c580aa_2016-07,0.38994949494949493
3a13b3_2017-01,0.06886925153766914
c5816f_2016-10,0.3852643770822093
c580aa_2017-10,0.7726996464564523
c580aa_2015-12,0.014814814814814814
3a13b3_2016-12,0.04017713365539453
b73bc7_2023-02,0.9958333333333332
b1de95_2015-12,0.014814814814814814
c5816f_2020-06,0.9647727272727273
90abb1_2015-11,0.060052910052910045
dc4b5e_2019-03,0.16303476820711207
18defd_2016-02,0.037267080745341616
b1de95_2016-08,6.810143392479469e-06
18defd_2015-12,0.023510466988727857
18defd_2022-10,0.6375410509031199
d59611_2015-07,0.023510466988727857
18defd_2021-08,0.6079212454212455
b1de95_2018-11,0.7793677152297842
18defd_2022-11,0.6375410509031199
c48018_2022-05,0.6375410509031199
0874ee_2018-09,0.6042077175697865
c48018_2016-11,0.2716161616161616
18defd_2021-04,0.6401051534672224
c48018_2021-02,0.7205365463986154
18defd_2021-06,0.6401051534672224
c48018_2016-09,0.27699359054688755
c48018_2020-09,0.7613260200828259
259a19_2016-07,0.32272727272727275
0874ee_2015-05,0.11571984042821795
5a0174_2018-08,0.4853571428571429
0874ee_2018-07,0.4152272727272727
18defd_2022-03,0.6375410509031199
8fabe0_2015-05,0.014814814814814814
e7a56d_2020-10,0.7784688772256831
18defd_2020-05,0.8217293625914316
18defd_2016-04,0.12064191022968992
18defd_2022-07,0.6375410509031199
18defd_2022-08,0.6375410509031199
c48018_2022-03,0.6375410509031199
829a72_2018-11,0.7622248580869272
8fabe0_2017-12,0.24909583641290958
6f5e2b_2025-09,0.8677153563106247
e3af0e_2016-03,0.1375845410628019
5a0174_2015-06,0.014814814814814814
f461d4_2016-10,0.2944142214591467
8fabe0_2016-07,0.19890824622531939
8fabe0_2017-01,0.1542912689996465
8fabe0_2021-12,0.9230080213903744
8ec563_2017-10,0.24446380178087496
60a0fd_2016-11,0.1200370948533758
829a72_2016-07,0.04017713365539453
829a72_2017-01,0.09464126481870658
90abb1_2016-05,0.11571984042821795
1698cf_2020-05,0.9347727272727273
f461d4_2016-03,0.16571984042821794
1698cf_2021-04,0.9347727272727273
5a0174_2016-07,0.2707625030795763
60a0fd_2015-12,0.014814814814814814
829a72_2020-09,0.8264556273176963
98a151_2016-01,0.023510466988727857
60a0fd_2016-10,0.11532524739629721
14fe3a_2017-12,0.36707636591440024
8fabe0_2016-11,0.18318015788853542
5a0174_2021-06,0.9863095238095237
e2e0ce_2017-09,0.32828282828282823
f461d4_2016-11,0.29104028085735406
f461d4_2016-06,0.3099494949494949
1698cf_2021-01,0.7943677152297843
f461d4_2015-05,0.023510466988727857
e3af0e_2016-09,0.15948161557268878
90abb1_2016-08,0.4720923520923521
6f5e2b_2021-06,0.9863095238095237
6f5e2b_2020-04,0.9552489177489176
1bdb97_2021-11,0.037267080745341616
14fe3a_2020-12,0.8679954954954955
e361b7_2016-11,0.11762460233297985
14fe3a_2020-11,0.8703787878787879
e60b65_2017-11,0.17388490178430296
e361b7_2016-06,0.11372306104013422
e361b7_2016-12,0.11762460233297985
9af74c_2017-07,0.20224157955865274
b73bc7_2021-04,0.7793677152297842
1822ea_2018-11,0.2684896498649241
9af74c_2020-11,0.9802489177489176
bc4c03_2016-04,0.04017713365539453
b73bc7_2020-06,0.7520403057971117
424c1b_2024-04,0.09550724637681159
9af74c_2016-10,0.3709210979508695
1822ea_2017-05,0.4720923520923521
bc4c03_2015-06,0.014814814814814814
77b3b9_2017-09,0.14787925167462132
987bc1_2018-11,0.26154726391853994
b73bc7_2018-10,0.9097727272727273
439fde_2022-01,0.9347727272727273
c3a69f_2018-10,0.3745034843205575
439fde_2022-02,0.949333911089119
439fde_2021-12,0.9480080213903743
439fde_2016-11,0.19890824622531939
99c11c_2016-10,0.0
c3a69f_2016-11,0.06884057971014493
bfbeef_2020-05,0.817188281321647
439fde_2021-11,0.9480080213903743
87cfea_2017-01,0.0
439fde_2022-10,0.8947727272727273
c3a69f_2017-07,0.12785004516711834
87cfea_2016-05,0.0
77b3b9_2020-05,0.9028679653679653
375f2e_2017-12,0.12139735656317022
29849f_2021-11,0.944674688057041
7a007d_2017-01,0.42856060606060603
d59611_2018-08,0.7234688772256831
8005b9_2018-11,0.3459210891207348
8005b9_2018-07,0.2740958364129096
29849f_2020-05,0.8322248580869271
c3a69f_2018-11,0.4676994633280901
a42d13_2017-01,0.5827394636015326
c580aa_2022-09,1.0
06534f_2021-12,0.9840686274509803
b73bc7_2024-01,0.984941464147294
88a9a6_2017-09,0.19776328741966598
259a19_2016-02,0.008695652173913044
259a19_2015-12,0.0
a42d13_2016-06,0.3359317939218324
948a11_2021-12,0.05393374741200828
f500c5_2018-11,0.648806715063521
259a19_2016-01,0.0
8d0588_2015-09,0.03197629196616654
77e86b_2017-03,0.21057731789439105
99c11c_2020-05,0.3816161616161616
83894c_2023-09,0.8187616546237237
90abb1_2018-09,0.3931484728732674
259a19_2021-03,0.9882608788993114
83894c_2023-11,0.8232661591282282
83894c_2023-03,0.7793677152297842
83894c_2023-12,0.8232661591282282
83894c_2022-12,0.7838722197342888
b416b1_2016-01,0.023510466988727857
4718d7_2023-10,1.0
e60b65_2024-01,0.9863095238095237
0874ee_2020-08,0.4323701298701299
b416b1_2022-06,0.6251600985221675
a25664_2023-12,0.88754095004095
db4cd8_2021-09,0.8679954954954955
8005b9_2024-01,0.913593575686035
fc77d0_2019-01,0.7368022105590163
9af74c_2019-09,0.5939498239962429
b1de95_2019-02,0.6829516358463728
531356_2024-09,0.8553787878787877
e83244_2021-06,0.9863095238095237
6838b9_2018-08,0.014814814814814814
a42d13_2015-04,0.023510466988727857
0ffc2d_2021-06,0.17429126899964653
9af74c_2024-06,0.9019348894348894
731908_2015-12,0.0
bfbeef_2021-05,0.49737012987012985
8fb6f0_2025-08,0.648806715063521
0f9e86_2022-08,0.5296565819750373
8fabe0_2018-03,0.3293736141906874
b416b1_2022-11,0.5027394636015325
db4cd8_2018-06,0.14026915113871635
b416b1_2020-06,0.926677489177489
f461d4_2015-01,0.016666666666666666
d59611_2021-07,0.923363460863461
1822ea_2023-08,0.7406117343685403
14fe3a_2023-07,0.9269348894348894
14fe3a_2023-10,0.6042077175697865
4fb2d3_2022-12,0.665949572206378
06534f_2023-06,0.926677489177489
06534f_2023-07,0.9708333333333332
e83244_2025-01,0.9197727272727272
7199cf_2025-03,0.023510466988727857
e60b65_2019-11,0.8520454545454544
77b3b9_2019-12,0.9097727272727273
fc77d0_2015-06,0.04017713365539453
987bc1_2021-10,0.898363460863461
bfbeef_2022-08,0.46021616592325393
d86999_2017-06,0.20794206265044018
8fb6f0_2016-04,0.08705639437346754
5a0174_2023-11,0.9904761904761905
8fabe0_2023-03,0.9019348894348894
6838b9_2019-10,0.04523809523809523
77b3b9_2018-11,0.8016187974808664
375f2e_2022-05,0.7793677152297842
af81b0_2018-03,0.25854028085735403
29849f_2017-06,0.25354028085735403
b1de95_2023-05,0.9458333333333332
022433_2025-07,0.706326020082826
6224d0_2016-11,0.19100374593552089
fb737b_2025-02,0.6365886699507389
e60b65_2023-01,0.9347727272727273
e60b65_2025-02,0.8322248580869271
bc4c03_2022-08,0.6578687463294443
a25664_2020-09,0.8417717192717193
90abb1_2019-02,0.48001518022699025
375f2e_2018-12,0.2618736141906874
9af74c_2021-11,0.8970987345987347
bfbeef_2024-01,0.7406117343685403
b26809_2023-06,0.6316638579206637
9befc8_2022-04,0.2740958364129096
fc9334_2025-05,0.898363460863461
8fb6f0_2019-01,0.4463724777637725
dbb709_2022-11,0.02857142857142857
0f9e86_2020-03,0.7613260200828259
0f9e86_2020-09,0.6082894736842105
0f9e86_2022-02,0.4392257065427797
9cf1af_2023-04,0.014814814814814814
92dcdd_2018-12,0.0
9befc8_2021-01,0.6474279940833145
4718d7_2015-03,0.008695652173913044
fb737b_2022-11,0.3475682777210256
1698cf_2024-04,0.9834195750646485
77b3b9_2019-05,0.5161116796078905
77b3b9_2022-07,0.665949572206378
34889b_2017-04,0.2725740972824748
14fe3a_2019-06,0.380443092528596
14fe3a_2024-06,0.6811048128575504
8005b9_2018-01,0.3768858050649472
fc77d0_2015-01,0.0
92dcdd_2022-05,0.20681810350832602
29849f_2015-01,0.023510466988727857
29849f_2023-11,0.8030157384104755
06534f_2023-09,0.8305172413793104
3a13b3_2015-03,0.07938443670150988
e2314a_2023-01,0.9028679653679653
e83244_2016-11,0.04523809523809523
bc4c03_2018-12,0.2980573442606898
1698cf_2023-04,0.8811656586656588
77b3b9_2025-06,0.9904761904761905
4fb2d3_2018-08,0.45494949494949494
92dcdd_2019-03,0.0
8e41cf_2023-08,0.5830116959064328
8e41cf_2024-12,0.8228841987462678
d86999_2016-12,0.2346555239500659
9befc8_2018-05,0.20581300813008135
0f9e86_2018-09,0.3216587867330726
7199cf_2024-10,0.06562782294489612
7199cf_2025-02,0.008695652173913044
fb737b_2020-01,0.04523809523809523
175155_2023-10,0.8679954954954955
34889b_2019-12,0.5998823207443897
987bc1_2025-01,1.0
af81b0_2018-05,0.16571984042821794
3db670_2019-09,0.9840686274509803
b73bc7_2025-04,0.8496095571095571
e83244_2015-02,0.023510466988727857
e83244_2018-12,0.4718939393939395
e83244_2022-03,0.9645269505000998
6224d0_2020-07,0.9140686274509804
4718d7_2023-07,0.9019348894348894
fb737b_2022-05,0.1423865070948846
6f5e2b_2024-11,0.9347727272727273
a25664_2018-03,0.2657625030795763
a42d13_2015-05,0.04017713365539453
424c1b_2025-07,0.008695652173913044
90abb1_2025-07,0.8322248580869271
265164_2024-11,0.04017713365539453
987bc1_2014-11,0.07726708074534161
987bc1_2025-07,0.7784688772256831
8e41cf_2022-05,0.5263860801428859
731908_2023-08,0.4720923520923521
11f0e3_2015-09,0.025362318840579712
d86999_2018-06,0.23794206265044018
d86999_2019-02,0.30409583641290955
9befc8_2016-05,0.008695652173913044
780a0b_2016-05,0.0
0f9e86_2019-08,0.5207445141065831
0f9e86_2019-12,0.4280552065341835
9cf1af_2022-10,0.014814814814814814
0e8d73_2024-04,0.0
5a0174_2023-05,0.8925942300942301
bc4c03_2023-06,0.8114556273176963
259a19_2024-02,1.0
db4cd8_2014-10,0.008695652173913044
14fe3a_2025-08,0.8591828595285875
8005b9_2018-06,0.060144927536231886
b08ec1_2022-05,0.5546785235245608
fc77d0_2020-09,0.7234688772256831
9af74c_2023-01,0.8925942300942301
f1543b_2020-02,0.7589010653057809
c580aa_2014-10,0.09871635610766046
e83244_2020-11,0.9434842118665647
6f5e2b_2023-01,0.8566187974808666
175155_2020-03,0.9064572861567738
175155_2024-08,0.855713618603452
532867_2024-03,0.07536231884057971
90abb1_2015-02,0.014814814814814814
9af74c_2019-07,0.40787219508511896
987bc1_2019-02,0.37663394973698655
4fb2d3_2021-05,0.9314393939393939
8e41cf_2022-06,0.4858688387635756
11f0e3_2020-07,0.7555567893135952
6224d0_2015-03,0.008695652173913044
0e8d73_2024-11,0.014814814814814814
f461d4_2014-12,0.0
6838b9_2023-02,0.7793677152297842
a25664_2023-04,0.648806715063521
b08ec1_2018-04,0.0
92dcdd_2019-07,0.0
af81b0_2023-05,0.3995034843205575
af81b0_2023-11,0.6516082489103701
af81b0_2024-11,0.7527498731881503
29849f_2019-07,0.3204177965911162
3a13b3_2017-07,0.17414634146341465
f4604d_2023-10,0.7784688772256831
90abb1_2025-05,0.898363460863461
92dcdd_2022-08,0.24909583641290958
11f0e3_2025-07,0.648806715063521
b26809_2024-09,0.704705553067622
9befc8_2015-10,0.008695652173913044
9befc8_2020-02,0.3287820359063263
780a0b_2017-06,0.11372306104013422
780a0b_2024-09,0.7793677152297842
fc9334_2024-01,0.74508200094407
9cf1af_2023-08,0.04523809523809523
6f5e2b_2018-06,0.09017713365539451
6f5e2b_2020-12,0.9286645038049859
db4cd8_2019-11,0.6585598003571965
90abb1_2024-06,0.8286534295154985
1822ea_2021-08,0.9097727272727273
3a13b3_2019-05,0.8553540712161402
e2314a_2025-06,0.7907962866583557
e83244_2016-08,0.008695652173913044
6224d0_2021-08,0.913939393939394
987bc1_2017-04,0.2694638017808749
4fb2d3_2018-02,0.060144927536231886
4fb2d3_2022-07,0.7667793842620283
8e41cf_2022-08,0.6621400483968543
731908_2016-08,0.19303523035230352
9f1aa0_2022-12,0.6316638579206637
fc9334_2022-02,0.553399067155873
fc9334_2022-11,0.49356060606060603
8fabe0_2019-03,0.8217293625914316
b416b1_2021-06,0.9684842118665647
a25664_2024-05,0.9904761904761905
db4cd8_2025-05,0.7406117343685403
d59611_2019-04,0.4524900279662661
34889b_2018-02,0.054814814814814816
1822ea_2024-04,0.8114556273176963
14fe3a_2014-07,0.008695652173913044
14fe3a_2018-05,0.07789623907986953
b08ec1_2018-05,0.03148148148148148
af81b0_2019-09,0.6176513588391752
545d15_2021-05,0.30409583641290955
b1de95_2014-10,0.05217391304347826
f4604d_2018-01,0.15651349122186875
531356_2014-10,0.014814814814814814
e2314a_2015-07,0.0
e83244_2024-12,0.9408333333333333
0e8d73_2025-01,0.2723671497584541
1996b0_2025-08,0.17747967479674798
e60b65_2020-07,0.8595810307224433
175155_2023-06,0.8114556273176963
a25664_2020-03,0.9097727272727273
a25664_2021-07,0.9597727272727272
77b3b9_2019-08,0.7793677152297842
4fb2d3_2021-06,0.9552352308621437
8e41cf_2025-03,0.8246838071838072
bfbeef_2021-07,0.40709235209235206
780a0b_2021-04,0.6500284815866891
780a0b_2025-02,0.648806715063521
987bc1_2020-04,0.834107974970044
6224d0_2019-10,0.4153081656865549
4718d7_2022-01,0.8818175451998982
0e8d73_2024-08,0.0011695206448405623
0e8d73_2024-09,0.0
8fabe0_2022-06,0.8925942300942301
a42d13_2017-07,0.2720680693395915
259a19_2021-08,0.9480080213903743
90abb1_2022-01,0.9158333333333333
3db670_2019-08,0.9213613972234661
b73bc7_2018-04,0.2540732188716744
531356_2019-03,0.26474157955865274
e2314a_2023-12,0.7406117343685403
e83244_2024-06,0.9408333333333333
fb737b_2020-07,0.023510466988727857
a42d13_2025-06,0.8322248580869271
90abb1_2015-03,0.0
1822ea_2019-02,0.2694638017808749
fc77d0_2021-06,0.9401701835525366
4fb2d3_2019-02,0.2957625030795762
302d40_2024-01,0.014814814814814814
11f0e3_2021-02,0.2740958364129096
e427f8_2024-12,0.2587636750098595
9befc8_2015-05,0.0
9befc8_2015-07,0.0
9befc8_2019-05,0.6038698797319488
780a0b_2017-12,0.07222924563970053
8fb6f0_2014-10,0.008695652173913044
c580aa_2014-07,0.037267080745341616
5a0174_2024-08,0.9347727272727273
a42d13_2023-10,0.7406117343685403
db4cd8_2021-05,0.9269348894348894
f461d4_2023-06,0.898363460863461
77b3b9_2021-08,0.665949572206378
90abb1_2023-05,0.9028679653679653
1822ea_2015-01,0.008695652173913044
1822ea_2024-05,0.8811656586656588
14fe3a_2023-05,0.9684842118665647
375f2e_2021-08,0.8925942300942301
29849f_2023-02,0.6998222606843297
531356_2024-08,0.8872835497835497
e2314a_2018-04,0.09562782294489611
e2314a_2020-07,0.8551336925538079
e83244_2025-02,0.9887219408429487
11f0e3_2016-08,0.05217391304347826
11f0e3_2019-07,0.4885606060606061
11f0e3_2024-03,0.648806715063521
9befc8_2019-07,0.6096029239895794
8fb6f0_2024-07,0.606386080142886
0f9e86_2022-11,0.3099494949494949
0f9e86_2023-02,0.45494949494949494
0f9e86_2023-05,0.6235335774558574
0f9e86_2024-06,0.762224858086927
fc77d0_2014-04,0.016666666666666666
bc4c03_2024-03,0.817224858086927
532867_2024-02,0.05291005291005291
db4cd8_2023-12,0.9975581609402357
77b3b9_2021-12,0.9019348894348894
14fe3a_2017-04,0.1897018970189702
b08ec1_2022-01,0.5381596035543403
9af74c_2023-04,0.8274352182737303
545d15_2019-02,0.0
e2314a_2021-07,0.953441522920533
e60b65_2019-10,0.7784688772256831
e60b65_2023-02,0.9347727272727273
a25664_2023-01,0.9097727272727273
4fb2d3_2023-08,0.8114556273176963
92dcdd_2022-06,0.3071226512633956
302d40_2022-04,0.06884057971014493
731908_2025-01,0.7234688772256831
d86999_2019-04,0.38065969584918014
e427f8_2022-04,0.11014492753623188
e427f8_2024-05,0.2630352303523035
9befc8_2016-01,0.0
9befc8_2015-12,0.0
8fb6f0_2016-09,0.11372306104013422
a25664_2019-12,0.8096838071838072
77b3b9_2021-10,0.9540733535071866
34889b_2022-09,0.5546839080459771
92dcdd_2024-09,0.7491396699130294
29849f_2022-04,0.735021645021645
a42d13_2014-04,0.016666666666666666
987bc1_2020-01,0.8961656586656588
987bc1_2023-12,0.9904761904761905
4fb2d3_2021-07,0.9639393939393941
302d40_2024-03,0.1576437569493256
9befc8_2019-11,0.554889434889435
780a0b_2014-10,0.014814814814814814
8fb6f0_2016-11,0.06562782294489612
8fb6f0_2019-10,0.648806715063521
8bd3ce_2024-09,0.8187616546237237
0e8d73_2025-06,0.11705639437346756
f461d4_2016-05,0.16571984042821794
db4cd8_2014-12,0.0
90abb1_2022-10,0.8096838071838072
8005b9_2022-03,0.9062012987012988
b08ec1_2024-09,0.8237849691797059
fc77d0_2022-10,0.5503571428571429
375f2e_2023-10,0.9958333333333332
987bc1_2024-11,0.9158549783549782
7a007d_2024-08,0.6998222606843297
6838b9_2020-03,0.2773123817186655
1822ea_2025-07,0.8716187974808666
4fb2d3_2018-12,0.3742257065427797
8e41cf_2023-09,0.5758106566476672
11f0e3_2015-07,0.0
bfbeef_2023-03,0.7622248580869272
bfbeef_2023-06,0.7841282178850237
dc4b5e_2022-12,0.07536231884057971
9befc8_2019-10,0.4802272727272728
dbb709_2024-06,0.2725740972824748
8bd3ce_2022-04,0.5655966064586754
0f9e86_2020-10,0.7740950288998736
5a0174_2020-02,0.8758333333333332
5a0174_2025-03,0.8649882471162249
6f5e2b_2019-06,0.5261466165413534
175155_2025-03,0.9269348894348894
6838b9_2018-04,0.0
90abb1_2024-08,0.8252933541240935
34889b_2021-09,0.9269348894348894
14fe3a_2019-09,0.6080172413793103
fc77d0_2015-04,0.04017713365539453
fc77d0_2019-07,0.4853571428571429
4fb2d3_2023-06,0.7367934651555341
af81b0_2017-07,0.20636856368563686
af81b0_2025-02,0.8703787878787879
af81b0_2025-03,0.8532002907002907
545d15_2019-08,0.012946504711563478
29849f_2016-09,0.037267080745341616
3a13b3_2024-04,0.8853285611447881
e2314a_2015-01,0.0
e2314a_2018-12,0.11565015373298619
424c1b_2024-07,0.014814814814814814
77b3b9_2021-04,0.863474025974026
1822ea_2019-10,0.7793677152297842
8e41cf_2025-06,0.8961656586656588
d86999_2018-09,0.2725740972824748
e427f8_2025-06,0.2725740972824748
9befc8_2017-09,0.2098468245552021
9befc8_2018-09,0.24517666262625074
9befc8_2020-09,0.6829516358463728
fc77d0_2015-07,0.03376143058758507
4718d7_2024-06,0.7793677152297842
e60b65_2025-06,0.8148974486542546
5a0174_2021-09,0.9269348894348894
b416b1_2018-04,0.23946380178087495
b416b1_2022-07,0.665949572206378
b416b1_2024-03,0.8953787878787878
259a19_2019-03,0.7291014482987197
7a007d_2025-06,0.6998222606843297
06534f_2024-11,0.9358959937486546
022433_2024-10,0.2503174603174603
e60b65_2019-01,0.7234688772256831
e60b65_2021-10,0.9347727272727273
175155_2017-03,0.17429126899964653
a25664_2017-05,0.4999177764371073
1822ea_2023-01,0.9158333333333333
265164_2025-05,0.17927861659568978
375f2e_2018-05,0.05217391304347826
987bc1_2015-07,0.12992701676085935
987bc1_2017-12,0.17095793566631318
8e41cf_2024-05,0.665949572206378
302d40_2023-06,0.03148148148148148
302d40_2023-10,0.05041464537501185
302d40_2024-05,0.30506321143078474
e427f8_2023-12,0.18439613526570048
5a0174_2018-05,0.2137900746596399
6f5e2b_2018-12,0.4332512063901107
bc4c03_2024-05,0.834107974970044
90abb1_2021-06,0.8970987345987347
fc77d0_2015-03,0.0030264592945404762
9af74c_2020-02,0.9825340828771022
9af74c_2022-04,0.7234688772256831
e2314a_2015-10,0.0
e2314a_2025-05,0.9613095238095237
6224d0_2024-04,0.817224858086927
4718d7_2023-01,0.8961656586656588
f25ffe_2025-02,0.025362318840579712
1822ea_2019-05,0.27417969650082286
92dcdd_2023-11,0.84754095004095
e427f8_2023-01,0.014814814814814814
9f1aa0_2025-02,0.6826794035414725
780a0b_2022-02,0.44101674641148325
0f9e86_2021-06,0.4392257065427797
0f9e86_2025-04,0.7784688772256831
f461d4_2024-01,1.0
8fb6f0_2015-09,0.025362318840579712
dbb709_2025-06,0.18106280193236715
4718d7_2023-02,0.704705553067622
6f5e2b_2023-02,0.704705553067622
175155_2023-07,0.8167723468483115
f461d4_2022-06,0.783992673992674
1698cf_2024-03,1.0
77b3b9_2024-01,0.8925942300942301
4fb2d3_2019-10,0.6826794035414725
92dcdd_2019-10,0.0
2167be_2025-06,0.008695652173913044
3a13b3_2023-12,1.0
531356_2018-05,0.11965840559357041
e83244_2015-08,0.0
0874ee_2021-08,0.3099494949494949
987bc1_2015-02,0.04017713365539453
4fb2d3_2014-09,0.025362318840579712
d86999_2019-07,0.6316638579206637
9f1aa0_2018-12,0.24909583641290958
8fb6f0_2017-12,0.04017713365539453
4718d7_2023-09,0.9904761904761905
4718d7_2024-04,0.8925942300942301
5a0174_2021-12,0.9408333333333333
6f5e2b_2019-09,0.7793677152297842
14fe3a_2019-05,0.7512300116026417
b08ec1_2025-05,0.8716187974808666
3db670_2023-05,0.9958333333333332
531356_2015-01,0.023510466988727857
531356_2024-03,0.9613095238095237
e83244_2016-10,0.023510466988727857
175155_2024-02,0.9277162852232508
90abb1_2022-11,0.9097727272727273
302d40_2022-12,0.014814814814814814
e427f8_2025-04,0.2098468245552021
dc4b5e_2025-05,0.8586548361548362
9befc8_2020-12,0.7366944357645446
9f1aa0_2025-04,0.6602352864920923
8fb6f0_2020-04,0.8322248580869271
3db670_2015-03,0.023510466988727857
f25ffe_2024-03,0.04017713365539453
77c35f_2025-06,0.2077294685990338
fb737b_2025-08,0.665949572206378
e60b65_2024-10,0.7406117343685403
bc4c03_2021-12,0.9863095238095237
90abb1_2014-10,0.008695652173913044
90abb1_2014-11,0.023510466988727857
34889b_2019-07,0.906439393939394
34889b_2025-01,0.9844155844155844
1822ea_2022-07,0.8119665758299875
b07578_2025-06,0.11154853876773227
545d15_2020-01,0.0
f4604d_2015-04,0.04017713365539453
f4604d_2018-10,0.20224157955865274
f4604d_2023-12,0.8370989974937342
175155_2020-02,0.9097727272727273
175155_2021-11,0.9863095238095237
77b3b9_2014-10,0.014814814814814814
d59611_2024-03,0.9552489177489176
fc9334_2024-04,0.7793677152297842
8fb6f0_2019-12,0.648806715063521
8bd3ce_2025-04,0.9059214975172155
6224d0_2024-08,0.817224858086927
4718d7_2025-03,0.9787114845938376
b416b1_2020-11,0.8622262647262648
f461d4_2019-09,0.7793677152297842
259a19_2015-01,0.016666666666666666
a25664_2023-07,0.7520403057971117
f25ffe_2024-10,0.025362318840579712
d59611_2015-04,0.060052910052910045
af81b0_2023-09,0.46450348432055755
29849f_2019-01,0.3099494949494949
29849f_2022-06,0.8030157384104755
f4604d_2019-12,0.5789246083186892
e83244_2017-06,0.23794206265044018
4ee2d2_2024-08,0.0
4ee2d2_2025-04,0.0
bc4c03_2022-12,0.9347727272727273
a42d13_2018-04,0.04017713365539453
11f0e3_2025-04,0.7234688772256831
8fb6f0_2019-07,0.7321824050771419
8fb6f0_2022-01,0.4020740401114898
8bd3ce_2024-07,0.7088915247535936
fb737b_2022-04,0.15451671183378501
e60b65_2023-09,0.633765664160401
f461d4_2018-04,0.0631003975138698
bc4c03_2024-08,0.8566187974808666
77b3b9_2021-11,0.9347727272727273
34889b_2018-01,0.2368736141906874
8005b9_2024-07,0.9042821272427821
375f2e_2023-02,0.8490777465777466
92dcdd_2022-09,0.43972875310853016
af81b0_2015-03,0.008695652173913044
3a13b3_2018-01,0.3500793650793651
e2314a_2021-05,0.9829960446672509
e83244_2019-10,0.8566187974808666
e83244_2024-01,0.9091419376825961
fc77d0_2020-01,0.9021853240995924
d86999_2015-11,0.022327066283518084
b26809_2025-07,0.6670558460793536
0f9e86_2021-03,0.5971477411533506
7a007d_2019-06,0.32551446776176524
7199cf_2023-12,0.11005291005291004
0e8d73_2023-09,0.0
1996b0_2025-02,0.3989599180046861
db4cd8_2024-09,0.704705553067622
d59611_2019-08,0.648806715063521
d59611_2022-05,0.8961656586656588
34889b_2023-06,0.9904761904761905
b08ec1_2018-06,0.04017713365539453
29849f_2018-01,0.3099494949494949
29849f_2018-04,0.07938443670150988
29849f_2019-03,0.2330352303523035
e2314a_2017-06,0.38994949494949493
e2314a_2018-02,0.11105484047494736
e83244_2015-12,0.0
6f5e2b_2023-09,0.923363460863461
175155_2017-06,0.20224157955865274
6838b9_2022-10,0.7793677152297842
a25664_2022-07,0.5069259426365184
11f0e3_2014-10,0.11014492753623188
11f0e3_2022-03,0.38506384054078746
b26809_2024-12,0.7622248580869272
dbb709_2025-07,0.21712340799297322
0f9e86_2024-11,0.7234688772256831
fb737b_2025-05,0.6251600985221675
8fabe0_2014-08,0.0
6f5e2b_2024-06,0.9073716442550133
b416b1_2023-04,0.9019348894348894
259a19_2015-04,0.04017713365539453
a25664_2019-07,0.3742257065427797
6838b9_2022-06,0.5111466165413534
d59611_2018-05,0.11014492753623188
14fe3a_2023-02,0.9009270770834362
29849f_2023-05,0.6080172413793103
29849f_2024-08,0.8690041577479105
3a13b3_2014-10,0.12095793566631319
3a13b3_2019-06,0.8849328257948947
531356_2019-09,0.4026834130781499
531356_2024-04,0.8417717192717193
e83244_2022-06,0.8970987345987347
e83244_2023-07,0.8211123786123787
175155_2023-11,1.0
77b3b9_2019-04,0.4002272727272727
1822ea_2018-03,0.3572222222222222
1822ea_2020-06,0.9552489177489176
0ffc2d_2022-09,0.016666666666666666
987bc1_2024-08,0.86254095004095
780a0b_2015-01,0.0
780a0b_2016-04,0.025362318840579712
dbb709_2022-08,0.014814814814814814
dbb709_2024-12,0.3477514250237089
e427f8_2024-03,0.21075086851886765
8e41cf_2018-02,0.060052910052910045
14fe3a_2023-03,0.9257352941176471
fc9334_2019-01,0.11955603606492002
8bd3ce_2024-04,0.7793677152297842
731908_2024-08,0.6235289372857431
fc9334_2016-12,0.050009199827460785
8fb6f0_2024-08,0.606386080142886
8e41cf_2018-10,0.04017713365539453
8e41cf_2020-12,0.648806715063521
8e41cf_2015-07,0.008695652173913044
b26809_2014-07,0.008695652173913044
780a0b_2023-08,0.30409583641290955
8fb6f0_2022-04,0.4958333333333334
8bd3ce_2016-01,0.0
8bd3ce_2018-08,0.09026915113871635
8e41cf_2015-12,0.0
e7a56d_2019-10,0.6266876483689876
74b7d1_2014-11,0.008695652173913044
8fb6f0_2022-06,0.619718045112782
8bd3ce_2024-05,0.7440994924615614
c48018_2019-01,0.25242303596913224
bfbeef_2020-10,0.6829516358463728
8bd3ce_2018-07,0.06160570508396594
b26809_2017-08,0.060052910052910045
8bd3ce_2021-10,0.5660893568132574
fc9334_2020-09,0.9280626160617477
9befc8_2023-02,0.6105664815940565
e7a56d_2025-07,0.8264556273176963
b26809_2023-01,0.7622248580869272
b26809_2017-05,0.21166797840270254
b26809_2016-09,0.19493999225706543
bfbeef_2018-01,0.2725740972824748
731908_2014-09,0.008695652173913044
731908_2015-03,0.016666666666666666
b26809_2018-03,0.17095793566631318
b26809_2018-10,0.7234688772256831
b26809_2021-09,0.665949572206378
9f1aa0_2015-04,0.17224157955865274
731908_2015-09,0.04523809523809523
731908_2022-12,0.4268939393939394
8bd3ce_2016-02,0.008695652173913044
8fb6f0_2019-03,0.5057034632034633
731908_2020-12,0.7793677152297842
fc9334_2018-05,0.04017713365539453
b26809_2017-10,0.04017713365539453
731908_2022-04,0.374949494949495
bfbeef_2024-04,0.7823563977511346
74b7d1_2025-01,0.8196428571428571
fc9334_2021-01,0.8532002907002907
8e41cf_2020-10,0.7555567893135952
e7a56d_2025-05,0.9904761904761905
bfbeef_2019-08,0.5503571428571429
fc9334_2017-02,0.08705639437346754
8bd3ce_2018-02,0.14282263630089717
8e41cf_2021-07,0.3086516577869146
8e41cf_2024-06,0.665949572206378
b26809_2014-12,0.0
fc9334_2018-08,0.06884057971014493
731908_2022-11,0.5760236639734144
bfbeef_2019-07,0.46007936507936503
bfbeef_2022-02,0.3819802756171507
fc9334_2018-03,0.08671957671957672
8bd3ce_2021-06,0.570286662776572
731908_2023-11,0.8114556273176963
780a0b_2023-04,0.4450793650793651
fc9334_2017-08,0.27504208754208753
8bd3ce_2020-02,0.6826794035414726
8e41cf_2018-06,0.20833573833573835
e7a56d_2024-07,0.8322248580869271
0874ee_2014-11,0.016666666666666666
731908_2021-02,0.5995574310220231
8e41cf_2017-01,0.10605110336817654
731908_2022-09,0.9552489177489176
dc4b5e_2023-03,0.09550724637681159
fc9334_2017-12,0.06286809572129289
8bd3ce_2019-11,0.3225159227132198
b26809_2017-06,0.04017713365539453
0874ee_2014-10,0.0
a97df3_2022-05,0.08576396471016642
a97df3_2025-06,0.7234688772256831
731908_2021-01,0.7217076167076166
4718d7_2018-05,0.1161559696342305
9f1aa0_2016-07,0.2148498500281558
9f1aa0_2019-12,0.3913685636856369
b08ec1_2019-03,0.2657625030795763
4718d7_2021-09,0.8417717192717193
5a0174_2014-10,0.0
fa8553_2021-08,0.06393374741200827
fa8553_2021-12,0.023510466988727857
513080_2025-04,0.20414634146341465
14fe3a_2024-02,0.9745448179271708
fb34b4_2023-07,0.0
bf6f0d_2019-08,0.3107518793568448
fa8553_2024-07,0.3113685636856368
513080_2021-12,0.09429126899964653
dbb709_2023-05,0.014814814814814814
d59611_2025-07,0.8869348894348894
6f5e2b_2014-06,0.0
77b3b9_2018-05,0.037267080745341616
948a11_2023-07,0.0
7bf5c9_2020-10,0.4853571428571429
d59611_2020-03,0.9684842118665647
175155_2018-07,0.2716161616161616
9f1aa0_2023-04,0.6080172413793103
a25664_2019-06,0.37749594440411877
9f1aa0_2014-04,0.014814814814814814
fa8553_2023-11,0.23956315710045195
5a0174_2016-11,0.18651349122186875
f500c5_2017-07,0.21803523035230352
6c1954_2023-06,0.22701854172691927
510fbf_2024-02,0.14429126899964653
d59611_2021-01,0.750021645021645
5a0174_2021-10,0.9019348894348894
6f5e2b_2015-02,0.0
f500c5_2018-03,0.22701854172691927
6c1954_2019-08,0.04017713365539453
9f1aa0_2014-09,0.023510466988727857
d59611_2018-10,0.6082894736842105
375f2e_2022-12,0.9958333333333332
9f1aa0_2016-01,0.014814814814814814
513080_2024-02,0.20460872931710683
14fe3a_2015-04,0.09523809523809523
b644ac_2024-11,0.023510466988727857
77b3b9_2019-03,0.6383441230424889
77b3b9_2022-02,0.9302489177489177
4718d7_2019-05,0.6350944929892299
9f1aa0_2018-11,0.648806715063521
9f1aa0_2019-03,0.3192257065427797
fa8553_2022-07,0.0738095238095238
d86999_2025-03,0.8187616546237237
d86999_2025-06,0.6299025974025975
948a11_2025-07,0.23651349122186877
175155_2021-08,0.9356060606060606
fa8553_2023-02,0.04017713365539453
d86999_2021-10,0.655378787878788
d86999_2025-07,0.6299025974025975
6f5e2b_2020-07,0.9019348894348894
6c1954_2024-12,0.7726996464564523
375f2e_2020-10,0.9863095238095237
77b3b9_2021-09,0.853885450409065
bf6f0d_2025-07,0.923363460863461
bc4c03_2016-08,0.21280874453256038
7bf5c9_2020-08,0.7000944929892298
9f1aa0_2017-04,0.2097018970189702
302d40_2022-11,0.060144927536231886
d59611_2015-02,0.016666666666666666
f500c5_2019-03,0.24576250307957626
e427f8_2022-07,0.04523809523809523
513080_2024-09,0.24240806425550204
f500c5_2015-04,0.04017713365539453
4718d7_2018-01,0.15991921152404381
a42d13_2014-11,0.0
92dcdd_2021-07,0.21522859692923105
948a11_2024-08,0.2425740972824748
8fabe0_2021-09,0.9019348894348894
8fabe0_2025-07,0.84754095004095
9f1aa0_2021-08,0.3742257065427797
510fbf_2023-08,0.1837316359702013
510fbf_2025-08,0.5381596035543403
a42d13_2016-04,0.20460872931710683
7a007d_2014-12,0.014814814814814814
f500c5_2024-04,0.5432894736842105
513080_2022-03,0.06884057971014493
7bf5c9_2015-09,0.014814814814814814
948a11_2024-07,0.2978518750602526
510fbf_2022-09,0.10047619047619047
510fbf_2023-05,0.04017713365539453
d59611_2019-07,0.7584153342774032
1698cf_2021-10,0.906439393939394
d59611_2023-03,0.910023000305079
e60b65_2015-03,0.0
f500c5_2024-02,0.36117015098722416
9f1aa0_2021-11,0.36589237320944634
510fbf_2022-11,0.04017713365539453
11f0e3_2019-01,0.2630352303523035
bfbeef_2015-03,0.04017713365539453
0cecbd_2019-12,0.7234688772256831
bc4c03_2020-04,0.9745448179271708
bfbeef_2016-08,0.023510466988727857
0cecbd_2024-06,0.9802489177489176
8fb6f0_2019-05,0.4152272727272727
0f9e86_2018-05,0.2630352303523035
11f0e3_2017-05,0.19303523035230352
af81b0_2018-10,0.4152272727272727
0cecbd_2023-12,0.7943677152297843
11f0e3_2019-03,0.3616463414634147
0f9e86_2016-05,0.0
0cecbd_2018-12,0.18354028085735402
0cecbd_2019-05,0.7234688772256831
b73bc7_2019-09,0.9613095238095237
175155_2024-04,0.9269348894348894
11f0e3_2014-09,0.06684380032206119
4fb2d3_2024-07,0.8228841987462678
6224d0_2021-11,0.9441376709138136
987bc1_2018-04,0.02857142857142857
98a151_2015-03,0.03148148148148148
dc4b5e_2019-08,0.014814814814814814
e3af0e_2015-01,0.014814814814814814
60a0fd_2014-12,0.014814814814814814
60a0fd_2019-11,0.5025000000000001
894378_2025-06,0.7991631204402103
e3af0e_2018-02,0.08871635610766045
98a151_2014-09,0.03148148148148148
60a0fd_2015-02,0.03148148148148148
a97df3_2021-11,0.37416666666666665
60a0fd_2018-01,0.22581300813008132
60a0fd_2014-07,0.04017713365539453
60a0fd_2014-08,0.04017713365539453
7a007d_2025-01,0.6092935718798266
98a151_2015-02,0.014814814814814814
375f2e_2019-10,0.5111466165413534
7bf5c9_2023-05,0.7355921431708844
1bdb97_2023-10,0.19014492753623186
88a9a6_2024-08,0.7367934651555341
829a72_2024-10,0.7911309225689063
f500c5_2017-05,0.24136856368563686
c5df88_2022-06,0.5997191853132979
98a151_2019-12,0.9000182752771287
4f2b6b_2023-05,0.023510466988727857
e2e0ce_2020-05,0.5769155844155843
2ab8ad_2017-02,0.24909583641290958
2ab8ad_2020-03,0.5698840542182596
c5df88_2023-07,0.4703571428571428
7aa803_2020-12,0.770062695924765
f500c5_2014-11,0.02857142857142857
1698cf_2021-07,0.976338001904459
e2e0ce_2024-04,0.7367934651555341
74fb1f_2023-12,0.7793677152297842
f500c5_2022-10,0.6754761904761905
293190_2014-06,0.17429126899964653
2ab8ad_2025-01,0.8361765820386511
7aa803_2020-01,0.4365561015561016
e3af0e_2021-04,0.9151701835525365
e3af0e_2025-02,0.6365886699507389
7bf5c9_2017-02,0.1808014287582247
bf6f0d_2018-04,0.21803523035230352
2ab8ad_2020-05,0.39884620421446826
7aa803_2021-03,0.7484495722063781
34889b_2017-06,0.32590729864161433
34889b_2017-07,0.4734126984126984
2ab8ad_2022-12,0.6998222606843297
2ab8ad_2023-10,0.6046248196248196
c5df88_2021-01,0.6695005482919207
74fb1f_2023-08,0.5830116959064328
e3af0e_2025-06,0.6365886699507389
f500c5_2016-02,0.04017713365539453
f500c5_2019-09,0.296671191197106
18defd_2015-01,0.03148148148148148
e2e0ce_2022-08,0.7943127701748391
2ab8ad_2023-08,0.6235289372857431
7aa803_2021-05,0.9044240669240668
c580aa_2018-04,0.5915119993987715
f500c5_2018-06,0.11014492753623188
2ab8ad_2022-08,0.6235289372857431
74fb1f_2020-07,0.5261773869708064
9b46ed_2022-06,0.2440958364129096
d86999_2024-04,0.8187616546237237
7a007d_2016-05,0.054814814814814816
1bdb97_2022-08,0.0
c5df88_2015-02,0.060052910052910045
f1543b_2019-06,0.45525946655884664
b08ec1_2014-06,0.0
293190_2021-09,0.5469566353187043
e2e0ce_2018-12,0.20651349122186877
74fb1f_2021-07,0.8397673156293847
f1543b_2021-05,0.7406117343685403
f500c5_2017-02,0.054285732806968204
f500c5_2021-04,0.8187616546237237
b08ec1_2014-05,0.0
6f5e2b_2020-08,0.9019348894348894
293190_2022-07,0.3099494949494949
18defd_2023-12,0.5620857205478069
2ab8ad_2024-02,0.7622248580869272
74fb1f_2015-02,0.014814814814814814
88a9a6_2024-05,0.7761874045494735
c3a69f_2022-06,0.7622248580869272
9b46ed_2021-06,0.5023433796534378
9b46ed_2022-12,0.33522727272727276
829a72_2022-10,0.4853571428571429
e3af0e_2022-04,0.8773130406953937
c580aa_2018-05,0.6641883116883116
fb34b4_2025-07,0.24164543915123357
1698cf_2020-08,0.9250187489862416
c3a69f_2022-07,0.8490777465777466
c5df88_2021-05,0.8322262693217294
7aa803_2025-02,0.9958333333333332
9b46ed_2021-12,0.7279229512488963
98a151_2023-10,0.6744458128078817
f500c5_2017-09,0.19240148954303687
f500c5_2024-01,0.336678795218367
cd0e60_2022-06,0.11948768064978617
cd0e60_2022-08,0.07109893593862918
7aa803_2015-01,0.023510466988727857
98a151_2021-10,0.9802489177489176
94f933_2025-08,0.20460872931710683
293190_2021-06,0.8362508321129012
c5df88_2014-11,0.023510466988727857
98a151_2019-07,0.7793677152297842
829a72_2019-09,0.7406117343685403
7bf5c9_2024-08,0.8520454545454544
34889b_2022-10,0.5688067150635209
8fabe0_2025-05,0.8322248580869271
293190_2020-10,0.8187616546237237
e2e0ce_2020-11,0.7896044883867904
88a9a6_2024-11,0.8869348894348894
f500c5_2019-11,0.2657625030795763
fb34b4_2023-10,0.008695652173913044
5a0174_2020-08,0.9356060606060606
7aa803_2022-05,0.3293736141906874
9b46ed_2022-01,0.3923085458636982
98a151_2019-11,0.7907962866583557
98a151_2023-08,0.6251600985221675
7bf5c9_2019-04,0.332559039876113
74fb1f_2015-01,0.05393374741200828
293190_2021-04,0.38522727272727275
2ab8ad_2024-05,0.787615975978045
7aa803_2020-07,0.6875626959247649
829a72_2022-08,0.5982269822366316
60a0fd_2025-08,0.7898974486542545
db5006_2021-03,0.7784688772256831
74fb1f_2023-06,0.5913659110157382
60a0fd_2024-06,0.6365886699507389
b08ec1_2022-10,0.5280172413793103
e2e0ce_2024-05,0.7172849181469869
829a72_2025-05,0.8009349405740995
a97df3_2025-08,0.9250315400885573
f500c5_2022-08,0.8232661591282282
293190_2024-04,0.817224858086927
7bf5c9_2019-05,0.32678905546987147
74fb1f_2024-08,0.8065034965034965
60a0fd_2023-05,0.9269348894348894
0ffc2d_2021-11,0.023510466988727857
022433_2023-10,0.266984126984127
1b9e65_2015-04,0.037267080745341616
8fabe0_2023-09,0.9904761904761905
e7a56d_2019-12,0.7234688772256831
db5006_2017-06,0.19890824622531939
1b9e65_2024-02,0.6826794035414726
0ffc2d_2023-03,0.1923865070948846
259a19_2017-06,0.25982072106298376
c48018_2019-09,0.3760167464114833
db5006_2020-02,0.6829516358463728
db5006_2022-01,0.8159601318222007
1b9e65_2018-01,0.1508130081300813
29849f_2023-06,0.8532002907002907
b07578_2024-06,0.1923865070948846
db5006_2022-06,0.7244089245758338
c48018_2014-06,0.05393374741200828
1bdb97_2025-02,0.1978692285844259
1b9e65_2022-12,0.6667605708637342
fc77d0_2014-07,0.0
1bdb97_2023-04,0.06160570508396594
18defd_2025-04,0.8295005635165744
1b9e65_2024-11,0.515225816970417
db5006_2024-07,0.7761352983429519
fc77d0_2018-12,0.24909583641290958
f4604d_2022-04,0.7366421120368489
531356_2022-08,0.6826794035414725
0ffc2d_2022-04,0.0
bc4c03_2018-01,0.17747967479674798
f4604d_2022-07,0.6998222606843297
1b9e65_2017-04,0.23354028085735404
6224d0_2018-10,0.7793677152297842
db5006_2024-03,0.7406117343685403
f4604d_2017-04,0.24909583641290958
1b9e65_2019-03,0.20526637642417925
34889b_2018-12,0.36589237320944634
f461d4_2015-08,0.00025164276548521997
e7a56d_2022-01,0.7234688772256831
5a0174_2017-11,0.23984682455520207
c48018_2019-12,0.7622248580869272
db5006_2021-02,0.817224858086927
29849f_2022-09,0.6826794035414725
6838b9_2019-01,0.03148148148148148
1b9e65_2022-11,0.6998222606843297
1b9e65_2023-03,0.3174952856797839
92dcdd_2021-09,0.17095793566631318
022433_2023-01,0.13681159420289854
531356_2018-01,0.2277971351142083
1b9e65_2024-08,0.8169101727722416
f461d4_2015-10,0.0
022433_2023-02,0.09523809523809523
db5006_2014-11,0.04523809523809523
db5006_2019-10,0.6829516358463728
db5006_2025-08,0.833445024336547
e7a56d_2024-01,1.0
0ffc2d_2020-08,0.014814814814814814
1b9e65_2019-09,0.47250000000000003
175155_2021-09,0.9389393939393941
7bf5c9_2021-06,0.8761233019853709
db5006_2022-09,0.9097727272727273
29849f_2018-03,0.21557491289198608
b59bc0_2015-09,0.04896115627822945
db5006_2019-08,0.6829516358463728
022433_2022-09,0.014814814814814814
3db670_2019-10,0.9840686274509803
c48018_2024-02,0.5600193050193051
1b9e65_2020-06,0.817224858086927
db5006_2020-01,0.7234688772256831
022433_2023-03,0.11571984042821795
f4604d_2021-10,0.9062012987012988
1b9e65_2018-04,0.0848255815054709
c3a69f_2021-11,0.7234688772256831
fd589c_2019-09,0.5025000000000001
c5816f_2024-07,0.7928603829651527
c3a69f_2025-04,0.7622248580869272
e361b7_2021-03,0.9019348894348894
6c1954_2025-02,0.9516774891774891
e361b7_2023-06,0.7688470284861872
3db670_2016-04,0.0
259a19_2020-12,0.906439393939394
19fa84_2022-12,0.6327791461412151
e4bc80_2019-08,0.5187033195437373
8ec563_2023-12,0.8237849691797059
8ec563_2024-07,0.7469101727722418
19fa84_2022-07,0.6230172413793104
fd589c_2019-08,0.5025000000000001
b73bc7_2016-05,0.1819114375543977
c5816f_2023-07,0.7555281159544174
19fa84_2023-11,0.724631115529123
fd589c_2020-01,0.7876996464564523
e361b7_2023-08,0.9825079970722941
e361b7_2025-01,0.8237849691797059
e4bc80_2022-06,0.5025925541450154
e4bc80_2024-03,0.7433387442008133
7bf5c9_2020-07,0.5025000000000001
3db670_2021-09,0.9590686274509803
894378_2020-11,0.8114556273176963
c5816f_2023-09,0.7148222606843297
c5816f_2024-10,0.749107974970044
6c1954_2023-02,0.2303518750602526
b73bc7_2019-05,0.9083839907715282
60b690_2025-06,0.04017713365539453
c5816f_2023-11,0.767432376483886
8ec563_2023-06,0.6401600985221675
fd589c_2024-08,0.7148222606843297
7bf5c9_2024-11,0.7272027529649806
3db670_2021-08,0.9840686274509803
894378_2022-11,0.6743050193050193
e361b7_2024-10,0.86254095004095
19fa84_2021-12,0.5422222222222223
c580aa_2024-05,1.0
439fde_2024-08,0.33522727272727276
c5816f_2025-04,0.7829954954954955
8ec563_2020-11,0.7647002846037553
8ec563_2025-01,0.7526794035414726
fd589c_2022-12,0.5621851443289463
f1543b_2014-11,0.014814814814814814
c3a69f_2024-10,0.4643435966518581
894378_2023-04,0.6286410074000409
8ec563_2019-03,0.4853571428571429
19fa84_2023-09,0.7556117343685402
fd589c_2023-11,0.7526794035414726
e4bc80_2019-09,0.5675
b73bc7_2025-05,0.9302291679306919
c3a69f_2020-02,0.38488943488943494
c3a69f_2024-11,0.46525922624598504
894378_2023-03,0.6953889063171937
8ec563_2022-02,0.45664634146341465
e361b7_2025-02,0.7779369707774585
3db670_2025-02,0.8364912673533362
3a13b3_2020-05,0.9897727272727274
c5816f_2021-12,0.6421621621621622
fd589c_2021-11,0.42855762594893027
c3a69f_2024-12,0.6250193050193051
1bdb97_2024-12,0.24636856368563684
894378_2023-08,0.6533953926398146
19fa84_2022-08,0.6230172413793104
19fa84_2024-10,0.8670454545454545
7a007d_2025-02,0.5420238095238096
8ec563_2023-09,0.7991631204402103
c3a69f_2023-10,0.35390942173975437
894378_2019-05,0.3982130761818314
e4bc80_2023-04,0.6194458128078818
e4bc80_2024-04,0.8180157384104753
8fabe0_2022-01,0.8961656586656588
894378_2024-02,0.7148222606843297
e361b7_2020-03,0.834293465155534
c3a69f_2018-02,0.127479674796748
e4bc80_2023-02,0.5536507936507936
8ec563_2022-10,0.5768324235027622
b1de95_2020-11,0.9958333333333332
894378_2024-06,0.7666038562445658
fd589c_2022-06,0.40343497602289125
fd589c_2024-06,0.7148222606843297
e361b7_2024-09,0.7876996464564523
e4bc80_2023-06,0.7280575548019768
14fe3a_2015-11,0.022964804828261496
bf6f0d_2016-08,0.2425740972824748
db5006_2015-08,0.014814814814814814
98a151_2015-12,0.014814814814814814
bf6f0d_2023-12,0.9904761904761905
db4cd8_2015-05,0.014814814814814814
db4cd8_2020-01,0.9097727272727273
14fe3a_2017-09,0.2940475308728824
14fe3a_2017-10,0.29811167300018143
cd0e60_2019-09,0.023510466988727857
d59611_2017-08,0.3188888888888889
259a19_2015-06,0.0
4f2b6b_2025-01,0.08671957671957672
bf6f0d_2016-09,0.2425740972824748
cd0e60_2020-10,0.06884057971014493
cd0e60_2022-05,0.1923865070948846
f1543b_2025-06,0.8228841987462678
022433_2021-05,0.014814814814814814
293190_2019-01,0.3293736141906874
7aa803_2017-04,0.16500552526840978
f1543b_2024-07,0.8114556273176963
022433_2021-06,0.014814814814814814
7aa803_2019-09,0.2740958364129096
7bf5c9_2024-12,0.7288297030168234
f1543b_2014-07,0.03148148148148148
f1543b_2024-12,0.8337616546237235
2ab8ad_2021-02,0.9840686274509803
f1543b_2017-12,0.11762460233297985
f1543b_2022-05,0.8151383526383527
dc4b5e_2019-05,0.05393374741200828
e2e0ce_2022-11,0.9347727272727273
2ab8ad_2024-09,0.9044240669240668
022433_2020-12,0.04017713365539453
293190_2016-09,0.05393374741200828
74fb1f_2021-08,0.8626794035414725
9b46ed_2023-07,0.8508495667116357
f1543b_2014-05,0.04017713365539453
293190_2019-08,0.3148853100971201
c5df88_2022-11,0.4718939393939395
f1543b_2022-08,0.7622248580869272
7bf5c9_2022-12,0.665949572206378
7aa803_2020-06,0.37243338987722263
7aa803_2023-07,0.525079365079365
9b46ed_2023-12,0.9863095238095237
293190_2016-06,0.17794206265044016
f1543b_2014-09,0.05147519085280302
e2e0ce_2020-02,0.6655365463986154
74fb1f_2020-04,0.3006366104854284
2ab8ad_2019-08,0.19304657158447017
74fb1f_2017-06,0.30409583641290955
74fb1f_2018-05,0.16274551804520043
f1543b_2016-05,0.12365256406629348
f1543b_2024-04,0.7406117343685403
f500c5_2014-03,0.01804534410618533
a42d13_2017-11,0.26888888888888884
6224d0_2017-06,0.17095793566631318
77e86b_2025-02,0.7406117343685403
94f933_2024-06,0.023510466988727857
c3a69f_2023-08,0.554889434889435
94f933_2024-09,0.008695652173913044
18defd_2024-11,0.86254095004095
94f933_2024-01,0.0065091609161832
948a11_2025-04,0.4802272727272728
948a11_2024-12,0.7406117343685403
7aa803_2018-04,0.17065462044426705
f1543b_2018-09,0.696284969179706
c5df88_2018-05,0.19537230652565346
29849f_2017-02,0.17701854172691925
c580aa_2023-11,1.0
293190_2019-12,0.30409583641290955
e7a56d_2014-10,0.09017713365539451
829a72_2022-04,0.8187616546237237
74b7d1_2023-05,0.8187616546237237
829a72_2017-10,0.2330352303523035
e3af0e_2023-08,0.9639393939393941
cd0e60_2021-12,0.3943736141906874
74b7d1_2022-06,0.4304954954954955
2ed4f9_2025-07,0.04523809523809523
60a0fd_2024-05,0.7148222606843297
cd0e60_2023-05,0.1907631538339164
7bf5c9_2015-05,0.0
7bf5c9_2018-10,0.39249999999999996
b1de95_2017-06,0.35659689981392617
e3af0e_2021-02,0.8337616546237235
7bf5c9_2026-03,0.7406117343685403
60a0fd_2021-05,0.4622222222222222
e3af0e_2025-08,0.7433387442008133
0874ee_2017-02,0.5253571428571429
98a151_2017-09,0.45494949494949494
c48018_2015-07,0.012714605406626472
6da35b_2024-02,0.0
98a151_2022-02,0.4875
6da35b_2024-10,0.12095793566631319
7e646c_2023-10,0.0
6da35b_2025-05,0.1308130081300813
98a151_2023-11,0.7876996464564523
77e86b_2022-05,0.15651349122186875
e3af0e_2018-12,0.46007936507936503
6da35b_2025-01,0.20794206265044018
5ecf9b_2022-10,0.025362318840579712
829a72_2017-04,0.2694638017808749
829a72_2017-07,0.27015476053232573
829a72_2022-02,0.8248222606843297
6da35b_2023-04,0.014814814814814814
60a0fd_2021-09,0.8670454545454545
7e646c_2024-01,0.0
98a151_2016-11,0.26271169008659423
60a0fd_2023-03,0.8246838071838072
e3af0e_2021-11,0.8367293625914316
6da35b_2024-08,0.04017713365539453
7e646c_2023-09,0.0
b644ac_2024-02,0.04017713365539453
7bf5c9_2025-12,0.8816187974808665
7bf5c9_2025-01,0.6960127368748058
7bf5c9_2025-02,0.723468877225683
77e86b_2025-06,0.8758333333333332
e3af0e_2022-02,0.5688115310909321
98a151_2020-03,0.8736874045494736
6da35b_2024-03,0.014814814814814814
98a151_2018-06,0.24136856368563686
829a72_2022-06,0.8301902260522951
e3af0e_2019-10,0.7406117343685403
e3af0e_2021-05,0.5675000000000001
19fa84_2015-12,0.025362318840579712
6da35b_2023-02,0.014814814814814814
7bf5c9_2016-09,0.1489082462253194
19fa84_2016-01,0.025362318840579712
7bf5c9_2022-06,0.814555923054856
c5df88_2019-11,0.27136856368563683
6224d0_2020-04,0.9863095238095237
6224d0_2020-06,0.9829505327800179
2ab8ad_2015-08,0.008695652173913044
8d0588_2024-09,0.9561015561015562
b0ff51_2015-04,0.20414634146341465
b0ff51_2022-12,0.9594155844155845
b0ff51_2023-12,0.9377149810973341
8d0588_2017-10,0.7234688772256831
b59bc0_2017-04,0.30333896453104703
2ab8ad_2016-01,0.014814814814814814
8d0588_2014-06,0.04523809523809523
b59bc0_2014-06,0.06884057971014493
b59bc0_2019-01,0.8923917748917749
b59bc0_2020-01,0.9844155844155844
b0ff51_2016-04,0.09429126899964653
b0ff51_2025-04,0.927174688057041
8d0588_2024-10,0.9904761904761905
b59bc0_2014-07,0.060144927536231886
8d0588_2017-03,0.20234644582470668
8d0588_2015-03,0.02857142857142857
8d0588_2022-09,0.9040034965034967
b0ff51_2020-08,1.0
b59bc0_2023-02,1.0
b0ff51_2014-10,0.09550724637681159
b0ff51_2024-01,0.9647533809895161
8d0588_2021-04,0.9537114845938376
f1543b_2017-03,0.09429126899964653
77e86b_2019-10,0.26785187506025265
b0ff51_2021-11,1.0
8d0588_2022-11,0.8832993966817495
b59bc0_2014-03,0.060144927536231886
b59bc0_2022-12,0.9279584165751003
b0ff51_2021-05,1.0
b59bc0_2015-01,0.04107979089385426
b0ff51_2024-09,0.9504227959758698
b59bc0_2019-08,0.9040034965034967
b59bc0_2019-11,0.8734832879132053
8d0588_2017-05,0.6079992804085294
8d0588_2021-09,1.0
b0ff51_2017-03,0.5081060606060606
b59bc0_2018-04,0.5570134542456505
b59bc0_2025-05,0.9904761904761905
b0ff51_2022-05,0.9040034965034967
b0ff51_2025-06,0.913939393939394
829a72_2015-10,0.037267080745341616
98a151_2015-09,0.014814814814814814
b08ec1_2016-03,0.0
b416b1_2017-02,0.266984126984127
77e86b_2018-08,0.33522727272727276
545d15_2023-01,0.6254323308270677
ab32d7_2024-08,0.21081300813008128
6224d0_2015-09,0.008695652173913044
74b7d1_2021-12,0.5954066762687453
c580aa_2020-01,0.9897727272727274
ab32d7_2023-08,0.04017713365539453
9b3bd5_2025-01,0.04017713365539453
545d15_2025-11,0.8096838071838072
545d15_2022-07,0.3958315582285754
ab32d7_2022-07,0.04017713365539453
5ecf9b_2024-07,0.15047624754510378
c580aa_2017-02,0.6421621621621622
ab32d7_2023-09,0.04017713365539453
545d15_2024-07,0.9387121684744946
545d15_2024-10,0.9480080213903743
545d15_2025-10,0.9481719039096331
ab32d7_2023-06,0.060052910052910045
8b98f3_2022-12,0.016666666666666666
545d15_2022-12,0.5025000000000001
545d15_2023-06,0.8724999999999999
4f2b6b_2023-01,0.014814814814814814
0cecbd_2021-11,0.9302489177489177
7a007d_2018-07,0.5025000000000001
4718d7_2020-11,0.8905921664542354
74b7d1_2020-04,0.8076817435438125
8b98f3_2022-11,0.025362318840579712
74b7d1_2020-11,0.8242831497854033
5ecf9b_2025-06,0.18011339497205076
ab32d7_2023-10,0.0738095238095238
5ecf9b_2024-03,0.19709227827035639
8b98f3_2022-09,0.025362318840579712
8b98f3_2023-10,0.12269310615796018
ab32d7_2023-03,0.07938443670150988
77e86b_2015-02,0.0
259a19_2017-05,0.38994949494949493
948a11_2024-03,0.4985212865377696
1698cf_2021-02,0.8699824973094813
6f5e2b_2014-10,0.0
e361b7_2015-03,0.025362318840579712
b73bc7_2017-04,0.5911466165413535
b73bc7_2023-05,1.0
fd589c_2015-06,0.04017713365539453
894378_2021-06,0.7406117343685403
8ec563_2016-07,0.2425740972824748
e4bc80_2021-06,0.7793677152297842
894378_2018-05,0.23924076394914148
19fa84_2017-06,0.2189082462253194
c580aa_2016-02,0.023510466988727857
3db670_2022-02,0.9958333333333332
3db670_2018-11,0.9487545194004763
19fa84_2017-02,0.19571984042821794
19fa84_2022-02,0.3679817451901227
06534f_2022-06,0.9840686274509803
e361b7_2019-02,0.4006113956457075
3a13b3_2023-09,1.0
8ec563_2019-05,0.6803535899357849
06534f_2017-11,0.8228841987462678
fd589c_2016-02,0.15653679653679653
e361b7_2018-03,0.23803523035230353
e361b7_2019-01,0.4932227682227682
e4bc80_2019-01,0.3480459370076252
19fa84_2015-04,0.0738095238095238
3a13b3_2023-03,0.9976826490731419
e361b7_2018-10,0.7670838221299767
1bdb97_2024-03,0.2330352303523035
3a13b3_2022-07,0.9408333333333333
b73bc7_2015-07,0.023510466988727857
b73bc7_2020-10,1.0
e361b7_2019-12,0.7406117343685403
c5816f_2024-02,0.7112508321129012
8ec563_2018-12,0.30268903762943866
8ec563_2020-01,0.8254616039517144
c5816f_2018-03,0.36076250307957625
fd589c_2014-06,0.04523809523809523
894378_2021-07,0.7907962866583557
74b7d1_2019-05,0.31270396741234496
3a13b3_2024-06,0.9958333333333332
19fa84_2016-05,0.03148148148148148
3a13b3_2025-03,1.0
c580aa_2025-01,1.0
3db670_2024-12,1.0
b1de95_2021-04,0.9958333333333332
b1de95_2022-06,0.9958333333333332
e361b7_2016-02,0.014814814814814814
0874ee_2014-06,0.0
b73bc7_2023-07,1.0
3db670_2018-07,0.9097727272727273
fd589c_2016-01,0.014814814814814814
e4bc80_2019-06,0.5521621621621622
894378_2019-07,0.7907962866583557
3db670_2015-08,0.014814814814814814
3db670_2025-09,0.8646095571095571
894378_2025-03,0.8282894736842106
3db670_2015-09,0.0
b1de95_2022-11,0.9882352941176471
3a13b3_2016-08,0.13681159420289854
3db670_2018-09,0.9006701631701631
e361b7_2020-04,0.9897727272727274
06534f_2014-12,0.06884057971014493
8ec563_2019-04,0.5600193050193051
c580aa_2016-06,0.38994949494949493
19fa84_2019-05,0.38746295252375
3a13b3_2021-02,0.9958333333333332
3a13b3_2024-07,0.9958333333333332
c580aa_2025-06,1.0
06534f_2021-07,1.0
e361b7_2017-05,0.36076250307957625
e4bc80_2018-01,0.23113046844754162
894378_2018-01,0.23113046844754162
894378_2019-02,0.185385015309595
06534f_2022-09,1.0
0e8d73_2025-09,0.2790958364129096
19fa84_2019-10,0.7876996464564523
d59611_2022-02,0.9943655675589422
4f2b6b_2024-02,0.014814814814814814
c3a69f_2015-04,0.03148148148148148
c3a69f_2018-05,0.16796536796536796
a25664_2017-11,0.2630352303523035
74b7d1_2018-11,0.2743736141906874
98a151_2018-09,0.7583265569766289
2ab8ad_2019-07,0.19724157955865274
98a151_2023-01,0.6385289372857431
98a151_2017-04,0.23109507658668446
60a0fd_2022-09,0.7520403057971117
a42d13_2014-07,0.0
06534f_2018-07,0.7943677152297843
77e86b_2017-04,0.21057731789439105
06534f_2018-09,0.653415466955005
0874ee_2022-01,0.5050207256998679
0874ee_2020-01,0.5025000000000001
259a19_2016-11,0.20224157955865274
b1de95_2016-05,0.014814814814814814
74fb1f_2017-12,0.20460872931710683
293190_2018-09,0.2821683574213777
8ec563_2015-10,0.04896115627822945
293190_2017-01,0.24446380178087496
293190_2017-04,0.2630352303523035
e2e0ce_2015-06,0.023510466988727857
7aa803_2017-07,0.30409583641290955
b1de95_2016-07,0.0
2ab8ad_2017-06,0.2630352303523035
c580aa_2016-03,0.08827237175063261
6f5e2b_2017-10,0.23394793193762978
e7a56d_2015-01,0.016666666666666666
e7a56d_2017-05,0.20974288164902583
c48018_2020-10,0.7613260200828259
e7a56d_2018-10,0.5345124919139862
0874ee_2020-10,0.3816161616161616
987bc1_2020-06,0.8716187974808666
0874ee_2017-07,0.3561209937426611
c48018_2016-10,0.23259641160973157
c48018_2023-02,0.7205365463986154
b1de95_2018-10,0.7793677152297842
e7a56d_2018-11,0.7234688772256831
7aa803_2018-03,0.11884057971014492
175155_2020-06,0.906439393939394
18defd_2022-05,0.6375410509031199
c48018_2022-11,0.6375410509031199
18defd_2020-11,0.7613260200828259
18defd_2021-05,0.6079212454212455
18defd_2021-07,0.5995879120879122
987bc1_2021-02,0.8246838071838072
18defd_2016-08,0.1423865070948846
c48018_2016-04,0.014814814814814814
c48018_2022-04,0.6458743842364532
5a0174_2017-06,0.4720923520923521
4718d7_2015-04,0.04017713365539453
c48018_2020-12,0.7205365463986154
bc4c03_2017-07,0.15999097510554575
e7a56d_2020-06,0.8331579340200029
259a19_2018-09,0.6044799498746867
d59611_2016-08,0.3572222222222222
c48018_2021-11,0.6458743842364532
1822ea_2016-01,0.008695652173913044
a25664_2021-02,0.8302043152788366
c48018_2021-08,0.6401051534672224
d59611_2015-08,0.0
1698cf_2018-10,0.3414973617853557
c3a69f_2019-10,0.2725740972824748
c3a69f_2019-05,0.21909583641290958
c3a69f_2019-08,0.2764966143237893
c580aa_2015-09,0.0
439fde_2017-02,0.1923865070948846
4718d7_2021-06,0.952174688057041
87cfea_2022-06,0.7676794035414727
83894c_2022-02,0.3740357763528495
34889b_2016-05,0.23318015788853544
83894c_2019-07,0.1923865070948846
5a0174_2015-05,0.014814814814814814
e3af0e_2014-03,0.060052910052910045
83894c_2020-12,0.2657625030795763
e3af0e_2015-07,0.0
5a0174_2020-06,0.8689285714285715
87cfea_2024-01,0.48001930501930506
99c11c_2022-01,0.7406117343685403
90abb1_2016-10,0.46828282828282825
77b3b9_2017-05,0.17571984042821792
6f5e2b_2017-05,0.35055555555555556
99c11c_2022-04,0.45067890857364545
83894c_2020-11,0.2624291697462429
99c11c_2023-07,0.5911466165413535
98a151_2016-02,0.037267080745341616
829a72_2021-07,0.819293465155534
e3af0e_2016-04,0.12573268921095007
6f5e2b_2017-09,0.29029488309190327
f461d4_2021-05,0.9658333333333333
99c11c_2020-03,0.18260065277686371
60a0fd_2015-07,0.014814814814814814
175155_2016-02,0.008695652173913044
8fabe0_2018-10,0.7406117343685403
8fabe0_2025-09,0.9262307166119126
83894c_2024-11,0.8490777465777466
6f5e2b_2018-09,0.6082894736842105
db4cd8_2017-11,0.3527348152853579
8fabe0_2020-05,0.86254095004095
f461d4_2016-12,0.21636856368563687
829a72_2021-05,0.8014533484570334
175155_2016-04,0.008695652173913044
1698cf_2025-09,0.9019348894348894
5a0174_2016-03,0.0
8fabe0_2016-10,0.1542912689996465
8fabe0_2017-03,0.21222222222222223
259a19_2017-01,0.20794206265044018
fd589c_2017-04,0.2322415795586527
e3af0e_2017-11,0.23613046844754165
829a72_2015-07,0.0
f461d4_2020-04,0.9684842118665647
d59611_2016-04,0.12938443670150987
87cfea_2019-07,0.15249137336093857
175155_2015-12,0.008695652173913044
e7a56d_2016-02,0.04017713365539453
14fe3a_2020-04,0.8941635950256639
e427f8_2022-06,0.18106280193236715
d86999_2024-05,0.7782444132444132
29849f_2022-03,0.9241054708765081
8ec563_2018-09,0.6168158305751457
77c35f_2022-07,0.08148148148148147
e427f8_2022-02,0.030604847339664572
f461d4_2017-12,0.28970189701897014
88a9a6_2015-10,0.014814814814814814
14fe3a_2021-02,0.8703787878787879
e4bc80_2016-10,0.08227561333521259
1bdb97_2025-01,0.22325466753754758
e4bc80_2016-07,0.12305827031098363
e4bc80_2017-01,0.14429126899964653
d86999_2024-11,0.8337616546237235
d86999_2023-02,0.7810127368748058
14fe3a_2020-09,0.86254095004095
8ec563_2016-04,0.04017713365539453
894378_2017-12,0.2322415795586527
e4bc80_2017-02,0.19461817485368904
8ec563_2016-01,0.008695652173913044
14fe3a_2020-07,0.86254095004095
c3a69f_2019-03,0.2123899267667373
c3a69f_2020-03,0.5503571428571429
439fde_2018-12,0.23055555555555554
bf6f0d_2017-04,0.04017713365539453
0f9e86_2020-06,0.7784688772256831
60a0fd_2018-08,0.5911466165413535
98a151_2020-08,0.9347727272727273
829a72_2018-08,0.30409583641290955
439fde_2016-05,0.0
77e86b_2018-07,0.3247979372065313
9af74c_2021-01,0.9904761904761905
375f2e_2016-09,0.014814814814814814
bc4c03_2015-07,0.014814814814814814
bc4c03_2017-03,0.2694638017808749
77b3b9_2015-06,0.014814814814814814
90abb1_2015-05,0.014814814814814814
9af74c_2017-08,0.2189082462253194
92dcdd_2020-06,0.060052910052910045
3a13b3_2021-12,0.9787114845938376
77b3b9_2016-03,0.023510466988727857
c3a69f_2021-12,0.7986341244961934
439fde_2022-12,0.8959777229411182
439fde_2022-04,0.9540686274509804
87cfea_2021-07,0.4057180942269626
87cfea_2023-10,0.48001930501930506
99c11c_2024-05,0.33522727272727276
83894c_2019-02,0.10505605959790158
87cfea_2023-12,0.48001930501930506
439fde_2024-01,0.9397727272727273
87cfea_2017-07,0.03148148148148148
87cfea_2023-06,0.3018939393939394
87cfea_2025-07,0.6240185042093822
c3a69f_2020-12,0.8700857475857475
439fde_2017-04,0.16762460233297988
99c11c_2023-04,0.2633130081300813
c3a69f_2015-05,0.014814814814814814
87cfea_2022-11,0.4441656464827196
87cfea_2023-11,0.4792966775168689
99c11c_2021-09,0.40093750548335694
99c11c_2022-11,0.3740357763528495
c3a69f_2015-07,0.04017713365539453
c3a69f_2020-05,0.7484495722063781
83894c_2019-12,0.0930616226609651
87cfea_2024-10,0.5014756856407361
87cfea_2025-05,0.7848222606843297
83894c_2022-01,0.4741656464827197
87cfea_2023-09,0.3318939393939394
99c11c_2019-11,0.08705639437346754
87cfea_2022-02,0.7872055530676221
83894c_2018-07,0.08705639437346754
439fde_2017-01,0.20081300813008132
99c11c_2021-10,0.6250193050193051
99c11c_2017-02,0.0019949068576387086
439fde_2016-10,0.19429126899964652
83894c_2021-05,0.7963702158485454
87cfea_2021-04,0.5851664768563953
439fde_2020-10,0.8698581011351909
83894c_2021-06,0.758302466799272
99c11c_2023-06,0.30579269872748904
34889b_2015-06,0.06160570508396594
a25664_2017-06,0.3661585350709905
34889b_2018-11,0.7406117343685403
34889b_2015-05,0.07606697116085356
7199cf_2023-06,0.1404052176964999
34889b_2017-05,0.44661616161616163
87cfea_2020-01,0.12987012987012986
29849f_2021-10,0.9062307896131425
f4604d_2017-11,0.20472018592833216
29849f_2021-03,0.9480080213903743
d59611_2018-09,0.6428586957228613
29849f_2020-07,0.793468877225683
29849f_2021-06,0.9518243147470106
29849f_2021-08,0.9007762441585971
7aa803_2016-03,0.023510466988727857
7aa803_2017-09,0.2330352303523035
f4604d_2018-07,0.14571984042821795
bf6f0d_2014-11,0.0
531356_2020-12,0.9408549783549782
77b3b9_2016-12,0.21446380178087496
29849f_2015-05,0.08871635610766045
06534f_2020-10,1.0
3a13b3_2022-06,0.8305172413793104
a42d13_2016-10,0.3448701298701299
3a13b3_2022-05,0.9958333333333332
c580aa_2021-01,0.9958333333333332
88a9a6_2018-11,0.3567463312191116
0cecbd_2015-11,0.008695652173913044
948a11_2025-01,0.648806715063521
06534f_2020-08,0.9958333333333332
a42d13_2016-08,0.34776007274897625
c580aa_2021-05,0.9708333333333332
8d0588_2015-12,0.008695652173913044
87cfea_2016-10,0.014814814814814814
af81b0_2018-08,0.735619307572369
87cfea_2016-07,0.0
fc2511_2025-06,0.16785782939121735
74b7d1_2016-07,0.0
77e86b_2016-10,0.11762460233297985
77e86b_2016-08,0.11728321421901984
88a9a6_2015-11,0.014814814814814814
87cfea_2018-04,0.2042912689996465
bf6f0d_2020-06,0.86254095004095
6224d0_2016-07,0.1423865070948846
5a0174_2021-04,0.9904761904761905
90abb1_2018-08,0.30409583641290955
5a0174_2021-03,0.9904761904761905
87cfea_2018-10,0.24511532593478255
87cfea_2018-03,0.04017713365539453
af81b0_2020-07,0.7793677152297842
af81b0_2016-04,0.09429126899964653
4fb2d3_2016-05,0.008695652173913044
af81b0_2016-06,0.09429126899964653
bc4c03_2020-06,0.7893267651888343
af81b0_2020-04,0.6006465963178604
b416b1_2016-04,0.04017713365539453
fb34b4_2022-10,0.023510466988727857
af81b0_2016-09,0.06454699674304966
77b3b9_2018-08,0.30409583641290955
e2e0ce_2017-12,0.38396611333198083
cd0e60_2024-02,0.7234688772256831
7aa803_2016-06,0.04017713365539453
cd0e60_2025-07,0.7484495722063781
6c1954_2019-05,0.03296269190715956
8005b9_2015-12,0.023510466988727857
34889b_2021-06,0.88754095004095
c5df88_2015-08,0.05714285714285714
f4604d_2015-09,0.0
fc77d0_2016-11,0.4096130777922199
c5df88_2017-09,0.22222222222222224
fc77d0_2016-10,0.30945489990575664
fc77d0_2017-01,0.4096130777922199
fd589c_2018-10,0.7218721021197263
0874ee_2016-12,0.5063654433618132
1698cf_2016-04,0.04017713365539453
293190_2017-10,0.2668736141906874
c5df88_2017-07,0.22031746031746033
9b46ed_2025-09,0.719650608012677
9b46ed_2017-11,0.3030672706424578
34889b_2017-12,0.5431743802476046
b08ec1_2016-07,0.17220253172591535
b08ec1_2017-10,0.1423865070948846
7aa803_2018-11,0.23738845401184744
dc4b5e_2021-04,0.685426919183725
b08ec1_2021-01,0.8076030093474312
0cecbd_2016-08,0.0
99c11c_2018-12,0.16303523035230355
99c11c_2025-06,0.8114556273176963
fc77d0_2016-04,0.1327177700348432
b1de95_2017-03,0.46768341307814987
fc77d0_2016-03,0.11562782294489612
99c11c_2019-05,0.21257409728247484
99c11c_2025-03,0.8133250098957892
a97df3_2020-10,0.04017713365539453
87cfea_2017-10,0.01591344906636003
99c11c_2018-08,0.16014492753623186
894378_2017-10,0.3786645807641027
74b7d1_2016-04,0.0
b1de95_2017-12,0.8106128186843364
dc4b5e_2020-04,0.023510466988727857
99c11c_2025-04,0.8114556273176963
0cecbd_2016-11,0.037267080745341616
3a13b3_2018-09,0.7388504738504738
829a72_2018-09,0.315847741933699
8ec563_2020-06,0.8589695214695215
b0ff51_2015-12,0.1423865070948846
829a72_2015-11,0.014814814814814814
af81b0_2022-05,0.8947727272727273
af81b0_2021-08,0.8529954954954955
af81b0_2021-01,0.8566187974808666
af81b0_2022-01,0.8947727272727273
60a0fd_2015-09,0.037267080745341616
fc77d0_2017-09,0.09934505406962606
b1de95_2015-08,0.008113707480463292
4fb2d3_2016-04,0.008695652173913044
c5df88_2015-09,0.008695652173913044
94f933_2023-02,0.23924076394914148
19fa84_2020-07,0.8237849691797059
19fa84_2020-09,0.8464330467411886
fd589c_2020-07,0.86254095004095
fd589c_2020-04,0.9523949004855418
6c1954_2020-12,0.09026915113871635
b416b1_2018-11,0.30409583641290955
6c1954_2020-09,0.08681159420289855
c5df88_2016-06,0.014814814814814814
74fb1f_2018-07,0.21636856368563687
74fb1f_2017-08,0.26608953645972167
74fb1f_2015-05,0.014814814814814814
c5df88_2016-07,0.014814814814814814
7aa803_2016-09,0.18088692042439533
74fb1f_2015-11,0.008695652173913044
9b46ed_2015-07,0.0
e2e0ce_2015-12,0.0
c5df88_2016-03,0.0
83894c_2020-05,0.21446380178087496
87cfea_2020-04,0.4853571428571429
c5816f_2016-07,0.23924076394914148
e4bc80_2020-05,0.9068392807119974
db4cd8_2017-09,0.40713340299547196
90abb1_2018-11,0.5054660003501323
fd589c_2016-09,0.28168516361344875
8ec563_2015-06,0.04017713365539453
1698cf_2015-11,0.03148148148148148
894378_2016-03,0.016666666666666666
e4bc80_2017-03,0.42877024445946327
b0ff51_2016-10,0.7793677152297842
83894c_2016-09,0.0
a42d13_2022-08,0.9269348894348894
a42d13_2021-11,0.9269348894348894
a42d13_2022-09,0.9269348894348894
a25664_2017-01,0.127479674796748
a42d13_2021-10,0.9269348894348894
439fde_2017-07,0.2393939393939394
a25664_2016-06,0.014814814814814814
a42d13_2019-02,0.8925942300942301
77e86b_2017-01,0.16562782294489614
a42d13_2021-05,0.8929954954954955
a42d13_2019-04,0.8970987345987347
1b9e65_2018-07,0.24731689010174995
db5006_2016-04,0.014814814814814814
f4604d_2016-09,0.0
175155_2020-05,0.8724999999999999
f4604d_2016-12,0.0738095238095238
531356_2015-05,0.014814814814814814
375f2e_2016-01,0.023510466988727857
7a007d_2017-07,0.2368736141906874
c5df88_2015-05,0.023510466988727857
894378_2020-09,0.88754095004095
e361b7_2020-06,0.919674688057041
b73bc7_2016-04,0.1485459822422581
1822ea_2016-08,0.0627177700348432
1b9e65_2015-05,0.04017713365539453
bf6f0d_2018-09,0.648806715063521
531356_2021-04,0.86254095004095
db5006_2021-09,0.86254095004095
f4604d_2021-04,0.8589695214695215
1b9e65_2016-04,0.046790890269151134
531356_2021-05,0.86254095004095
29849f_2015-08,0.05217391304347826
29849f_2018-08,0.3641012135298223
29849f_2016-04,0.02857142857142857
6f5e2b_2018-08,0.41501518022699024
293190_2024-08,0.9684842118665647
88a9a6_2016-03,0.023510466988727857
14fe3a_2018-11,0.6316638579206637
293190_2024-12,0.9401701835525366
2ab8ad_2016-10,0.02857142857142857
c5df88_2026-04,0.9259086495301159
c5df88_2024-04,0.9313303836108018
c5df88_2025-09,0.9097727272727273
c5df88_2025-05,0.9347727272727273
293190_2025-10,0.9480080213903743
c5df88_2020-08,0.8508495667116357
293190_2025-08,0.9480080213903743
c5df88_2025-06,0.9118487854093225
9b46ed_2016-11,0.06884057971014493
9b46ed_2016-03,0.014814814814814814
293190_2025-02,0.9480080213903743
f4604d_2020-07,0.7308693032041045
1996b0_2023-12,0.0
e3af0e_2018-07,0.5946807914948715
f4604d_2020-08,0.8030157384104755
1996b0_2022-12,0.014814814814814814
1996b0_2023-08,0.008695652173913044
f4604d_2020-10,0.7709278263225632
1996b0_2024-02,0.003772223033766379
1996b0_2024-08,0.1542912689996465
f4604d_2020-11,0.7709278263225632
e361b7_2015-09,0.0
e83244_2025-09,0.9552489177489176
d86999_2020-04,0.9197727272727272
06534f_2015-12,0.014814814814814814
4718d7_2016-02,0.023510466988727857
4718d7_2016-04,0.14731456604274637
4718d7_2015-10,0.014814814814814814
7a007d_2021-03,0.8303980928980929
90abb1_2020-05,0.906439393939394
7a007d_2022-05,0.8869348894348894
74b7d1_2017-01,0.08148148148148147
7a007d_2020-01,0.5422222222222223
7a007d_2022-07,0.8869348894348894
b08ec1_2015-08,0.04017713365539453
d59611_2016-03,0.0738095238095238
7a007d_2020-06,0.7058247047963144
7a007d_2022-10,0.8869348894348894
e7a56d_2016-08,0.13359155780765777
e7a56d_2016-07,0.12462654074243107
7a007d_2023-07,0.8869348894348894
bf6f0d_2018-07,0.45601674641148326
b59bc0_2015-05,0.1489082462253194
bf6f0d_2020-05,0.8322248580869271
b0ff51_2015-05,0.18687361419068735
8d0588_2016-10,0.610097127323899
0cecbd_2017-11,0.46828282828282825
b0ff51_2015-09,0.09026915113871635
e60b65_2018-04,0.014814814814814814
b416b1_2018-02,0.13547923141017543
f461d4_2022-09,0.648806715063521
bc4c03_2024-04,0.8680473689094379
db4cd8_2023-02,0.7793677152297842
d59611_2021-08,0.9269348894348894
d59611_2023-04,0.8490777465777466
d59611_2025-03,1.0
987bc1_2022-03,0.8961656586656588
92dcdd_2020-01,0.0
92dcdd_2023-03,0.7793677152297842
3db670_2025-01,0.9613095238095237
06534f_2016-11,0.17747967479674798
3a13b3_2014-07,0.023510466988727857
e2314a_2019-09,0.834107974970044
e2314a_2023-04,0.8734083380360339
1b9e65_2024-03,0.6421621621621622
fb737b_2024-11,0.6251600985221675
e60b65_2020-12,0.9336466546362117
e60b65_2022-12,0.9347727272727273
a25664_2025-01,1.0
77b3b9_2023-07,0.9958333333333332
90abb1_2019-10,0.8670567730041714
fc77d0_2018-01,0.04523809523809523
375f2e_2024-01,0.9334837435295364
987bc1_2022-07,0.6701355438923497
11f0e3_2018-12,0.2651318509505895
11f0e3_2021-01,0.6082894736842106
fc9334_2022-08,0.4720923520923521
8bd3ce_2024-08,0.6852066084456225
8bd3ce_2025-02,0.7793677152297842
0f9e86_2021-07,0.32733715423186627
9cf1af_2024-10,0.5378873712494403
4718d7_2014-11,0.016666666666666666
5a0174_2015-01,0.016666666666666666
4ee2d2_2025-02,0.0
b416b1_2022-12,0.6296212774644916
b416b1_2024-05,0.9097727272727273
175155_2024-06,0.8286534295154985
db4cd8_2024-04,0.7793677152297842
db4cd8_2018-05,0.11014492753623188
14fe3a_2018-04,0.037267080745341616
8005b9_2022-08,0.5732016469843411
b08ec1_2014-08,0.0
b08ec1_2023-05,0.7368022105590163
9af74c_2022-01,0.8301383526383527
29849f_2019-12,0.35949321797142414
06534f_2025-03,0.9327380952380953
6224d0_2015-05,0.03148148148148148
0874ee_2020-03,0.9019348894348894
175155_2018-05,0.048272175090860826
6838b9_2021-07,0.21996622852118647
532867_2023-10,0.014814814814814814
f25ffe_2023-07,0.0
987bc1_2015-06,0.023510466988727857
731908_2017-03,0.19429126899964652
8fb6f0_2024-11,0.6316638579206637
fb737b_2019-11,0.1423865070948846
6838b9_2022-04,0.296040280857354
1698cf_2019-07,0.7213311594072076
34889b_2019-03,0.40535714285714286
14fe3a_2015-03,0.016666666666666666
b08ec1_2019-09,0.40151115177526664
92dcdd_2019-04,0.0
af81b0_2020-02,0.7793677152297842
f4604d_2025-08,0.6826794035414726
e2314a_2016-03,0.0
e83244_2019-08,0.8169101727722416
f25ffe_2025-01,0.08705639437346754
0ffc2d_2022-08,0.014814814814814814
e427f8_2024-10,0.5007911367981961
e427f8_2025-03,0.3943736141906874
9befc8_2025-05,0.665949572206378
4718d7_2025-05,0.9540686274509804
5a0174_2019-10,0.6421621621621622
5a0174_2023-07,0.9019348894348894
b416b1_2019-05,0.3995034843205575
f461d4_2014-05,0.0
f461d4_2017-02,0.20712978352214906
b416b1_2020-05,0.9302489177489177
34889b_2014-11,0.016666666666666666
34889b_2021-10,0.8811656586656588
14fe3a_2021-12,0.8532002907002907
b08ec1_2014-07,0.014814814814814814
375f2e_2023-08,0.8532002907002907
987bc1_2019-06,0.3742257065427797
b73bc7_2014-09,0.07762460233297985
531356_2018-07,0.35073896863370546
e2314a_2020-03,0.9684842118665647
e83244_2025-08,0.9347727272727273
6224d0_2016-10,0.20460872931710683
77b3b9_2019-07,0.5911466165413535
90abb1_2025-02,0.9269348894348894
9af74c_2021-04,0.9976817104919391
11f0e3_2021-04,0.34422570654277973
11f0e3_2024-01,0.6001141085670987
bfbeef_2023-10,0.7406117343685403
77c35f_2025-08,0.18106280193236715
fa8553_2024-10,0.5340778474399164
11f0e3_2017-03,0.08938443670150988
fb737b_2024-10,0.5422222222222223
6f5e2b_2024-02,1.0
259a19_2019-06,0.5503571428571429
259a19_2025-04,0.9019348894348894
d59611_2023-11,0.8567717192717194
90abb1_2018-06,0.05217391304347826
14fe3a_2025-01,0.9347727272727273
8005b9_2019-07,0.46886005394584795
fc77d0_2018-02,0.03148148148148148
3a13b3_2016-01,0.04017713365539453
06534f_2024-09,0.8703787878787879
e83244_2024-08,0.870650106784294
e60b65_2018-11,0.7406117343685403
6838b9_2025-08,0.699636401040726
532867_2023-11,0.03148148148148148
77b3b9_2014-09,0.008695652173913044
375f2e_2024-11,0.9094009527833057
302d40_2023-08,0.02857142857142857
11f0e3_2024-06,0.5207445141065831
a97df3_2023-05,0.2740958364129096
780a0b_2015-04,0.0
0f9e86_2019-01,0.27136856368563683
9cf1af_2022-07,0.08681159420289855
6f5e2b_2015-04,0.04017713365539453
b416b1_2016-08,0.023510466988727857
175155_2024-07,0.8286534295154985
34889b_2025-05,0.7007309155634973
8005b9_2019-08,0.46450348432055755
8005b9_2021-02,0.9193368502192032
375f2e_2019-09,0.505292958004768
9af74c_2014-05,0.0
4fb2d3_2024-08,0.8286534295154985
af81b0_2019-01,0.5077795707118116
29849f_2024-06,0.9312012987012988
06534f_2016-10,0.1797842614533935
e2314a_2015-08,0.0
e2314a_2017-01,0.04896115627822945
e2314a_2017-08,0.2042912689996465
6224d0_2015-04,0.05393374741200828
6838b9_2022-08,0.5261466165413534
987bc1_2014-12,0.016666666666666666
11f0e3_2017-01,0.10762460233297985
dc4b5e_2024-11,0.8211123786123787
780a0b_2017-01,0.06562782294489612
fc9334_2023-04,0.7793677152297842
a25664_2022-12,0.8961656586656588
a25664_2019-03,0.5432894736842105
34889b_2019-04,0.4913085036255769
14fe3a_2022-05,0.906439393939394
8005b9_2021-04,0.9408333333333333
8005b9_2025-02,0.9347727272727273
b08ec1_2021-07,0.9401701835525366
b08ec1_2025-07,1.0
375f2e_2015-04,0.060052910052910045
3db670_2017-05,0.6082894736842106
f4604d_2023-03,0.5308323131493864
e2314a_2017-05,0.19571984042821794
bc4c03_2019-11,0.86254095004095
a25664_2018-04,0.07536231884057971
4fb2d3_2014-08,0.008695652173913044
92dcdd_2024-04,0.7793677152297842
11f0e3_2023-08,0.374949494949495
9befc8_2014-12,0.0
9befc8_2021-06,0.3566161616161616
9befc8_2024-05,0.648806715063521
8fb6f0_2021-11,0.505292958004768
0f9e86_2016-06,0.023510466988727857
0f9e86_2023-12,0.6316638579206637
8fabe0_2022-04,0.8187616546237237
bc4c03_2022-04,0.665949572206378
1698cf_2018-06,0.04523809523809523
1698cf_2023-10,0.8211123786123787
1698cf_2025-07,0.9269348894348894
34889b_2019-08,0.7234688772256831
34889b_2024-10,0.88754095004095
fc77d0_2021-12,0.7793677152297842
9af74c_2019-10,0.8703540712161402
e2314a_2022-08,0.8417717192717193
e83244_2024-05,1.0
bc4c03_2024-10,1.0
fc77d0_2019-03,0.6082894736842105
9af74c_2025-05,1.0
513080_2025-08,0.3442010446369542
11f0e3_2017-08,0.21636856368563687
780a0b_2016-09,0.06562782294489612
dbb709_2023-06,0.014814814814814814
0f9e86_2020-08,0.7726996464564523
0f9e86_2016-01,0.0
fb737b_2023-06,0.12215217561120664
d59611_2024-10,0.8417717192717193
987bc1_2019-04,0.2740958364129096
b1de95_2015-04,0.11402797807560687
06534f_2025-04,0.8947727272727273
b73bc7_2023-09,0.9613095238095237
6224d0_2023-06,0.5503571428571429
e60b65_2014-08,0.008695652173913044
e60b65_2021-07,0.9347727272727273
5a0174_2022-07,0.7992875443398019
1822ea_2014-12,0.014814814814814814
9af74c_2018-07,0.3448853100971201
302d40_2024-02,0.11100773105028325
11f0e3_2022-09,0.6082894736842105
e427f8_2023-09,0.014814814814814814
9cf1af_2023-07,0.04523809523809523
f4604d_2014-12,0.023510466988727857
4718d7_2019-01,0.7842303588516604
f461d4_2014-11,0.016666666666666666
f461d4_2025-06,0.861971630907582
db4cd8_2021-06,0.9269348894348894
d59611_2014-05,0.0
90abb1_2021-09,0.8605063180063179
375f2e_2023-07,0.8096838071838072
987bc1_2023-04,0.7406117343685403
af81b0_2015-04,0.014814814814814814
af81b0_2018-12,0.4057174453406038
f4604d_2023-06,0.7406117343685403
e2314a_2015-11,0.0
e2314a_2017-12,0.10047619047619047
e2314a_2022-01,0.9552489177489176
e83244_2017-03,0.11743705442289883
e83244_2021-04,0.9684842118665647
4718d7_2022-08,0.704705553067622
4718d7_2022-09,0.898363460863461
1698cf_2020-02,0.7793677152297842
11f0e3_2018-01,0.12095793566631319
9befc8_2023-11,0.40161616161616165
8bd3ce_2025-01,0.8605063180063179
0f9e86_2018-02,0.19571984042821794
9cf1af_2025-01,0.46450348432055755
4718d7_2014-12,0.0
8fabe0_2019-10,0.8532002907002907
b416b1_2016-09,0.023510466988727857
f461d4_2025-05,0.9019348894348894
259a19_2025-08,0.9002628615226639
a25664_2025-03,0.9904761904761905
a42d13_2017-04,0.24626981458834693
db4cd8_2024-02,0.9863095238095237
b08ec1_2020-02,0.5998823207443897
9af74c_2019-05,0.472445922357487
9af74c_2024-02,0.9097727272727273
06534f_2018-06,0.6613817198420217
e2314a_2022-06,0.9048478607376331
e83244_2015-10,0.0
e83244_2023-05,0.9011644987717944
e60b65_2019-05,0.7793677152297842
a25664_2021-04,0.906439393939394
f25ffe_2023-08,0.023510466988727857
fc77d0_2015-05,0.03148148148148148
4fb2d3_2019-01,0.5221635828427249
4fb2d3_2022-11,0.9378712422046999
8e41cf_2022-03,0.5655966064586754
11f0e3_2019-09,0.49737012987012985
dc4b5e_2023-06,0.2740958364129096
9f1aa0_2019-06,0.332559039876113
780a0b_2017-05,0.11372306104013422
dbb709_2024-07,0.26699918439048875
b416b1_2021-08,0.9480080213903743
175155_2024-10,0.8953787878787878
bc4c03_2023-03,0.8169101727722416
6838b9_2019-08,0.03148148148148148
6838b9_2024-10,0.9347727272727273
1698cf_2017-05,0.21636856368563687
d59611_2017-06,0.33388888888888885
b08ec1_2021-11,0.63424067905807
4fb2d3_2022-06,0.8153601948365511
29849f_2019-09,0.27059523809523806
29849f_2025-01,0.8553787878787877
06534f_2025-06,0.9302489177489177
e60b65_2020-04,0.8589695214695215
0874ee_2020-02,0.5508180785899592
a25664_2023-05,0.723468877225683
fc77d0_2021-10,0.9019348894348894
265164_2025-04,0.008695652173913044
987bc1_2024-03,0.9684842118665647
4fb2d3_2020-11,0.8718596807252496
11f0e3_2020-11,0.7406117343685403
731908_2019-03,0.2982878125838394
94f933_2023-04,0.028570729265600302
532867_2024-04,0.016666666666666666
4f2b6b_2023-08,0.0
1698cf_2015-04,0.0738095238095238
1698cf_2024-10,0.9217125407875404
d59611_2015-03,0.0
14fe3a_2022-09,0.8589695214695215
fc77d0_2023-08,0.8240790860896554
7a007d_2018-02,0.21257409728247484
f4604d_2020-03,0.8361765820386511
e83244_2022-05,0.7848222606843297
6224d0_2020-01,0.7793677152297842
0e8d73_2023-07,0.0
6838b9_2021-11,0.2959330808006983
92dcdd_2022-01,0.24909583641290958
bfbeef_2022-03,0.35649501047430865
77b3b9_2015-02,0.0
4718d7_2014-04,0.0
b416b1_2021-04,0.9269348894348894
a25664_2019-02,0.09026915113871635
a25664_2020-02,0.665949572206378
db4cd8_2022-04,0.7793677152297842
d59611_2022-11,0.735021645021645
90abb1_2024-02,0.9347727272727273
14fe3a_2023-12,0.9863095238095237
af81b0_2023-10,0.7838722197342888
29849f_2025-05,0.8114556273176963
4ee2d2_2024-01,0.03148148148148148
175155_2015-01,0.016666666666666666
175155_2018-01,0.1904880348282461
175155_2023-04,0.7406117343685403
a25664_2024-10,0.8210073692871603
0ffc2d_2019-05,0.0764940281446576
0ffc2d_2019-10,0.023510466988727857
fc77d0_2022-06,0.7755581914202603
8e41cf_2024-01,0.706326020082826
731908_2015-05,0.025362318840579712
dc4b5e_2025-02,0.7452571276167685
9befc8_2015-09,0.008695652173913044
780a0b_2014-11,0.0
780a0b_2024-10,0.648806715063521
8fb6f0_2025-05,0.5827394636015326
dbb709_2024-09,0.30409583641290955
8bd3ce_2022-12,0.8096838071838072
9cf1af_2022-04,0.06884057971014493
d86999_2015-08,0.0
4718d7_2025-08,0.8529954954954955
0e8d73_2025-03,0.2425740972824748
b416b1_2017-05,0.37003158121303137
b416b1_2020-10,0.8229180128831054
f461d4_2019-11,0.5420238095238096
a42d13_2014-05,0.0
db4cd8_2022-08,0.8114556273176963
1698cf_2023-02,0.8417717192717193
92dcdd_2021-08,0.11571984042821795
af81b0_2023-07,0.4706344421369154
29849f_2014-11,0.008695652173913044
06534f_2024-08,0.9302489177489177
4fb2d3_2025-08,0.7943412190454673
8e41cf_2023-11,0.7793677152297842
731908_2019-07,0.3099494949494949
11f0e3_2015-10,0.0
bfbeef_2021-02,0.6298104513369688
bfbeef_2021-11,0.27884993409776654
780a0b_2023-09,0.4855966064586754
8fb6f0_2014-11,0.0
0f9e86_2016-09,0.20636856368563686
6224d0_2022-10,0.5911466165413535
5a0174_2023-01,0.9094009527833057
b416b1_2018-06,0.09026915113871635
a25664_2021-12,0.8983918939702523
a25664_2024-09,0.8287714675202856
6f5e2b_2020-03,0.9097727272727273
1698cf_2019-01,0.6081137208397702
77b3b9_2018-12,0.5458101993840784
d59611_2014-06,0.008695652173913044
af81b0_2023-04,0.44101674641148325
545d15_2021-01,0.09429126899964653
7a007d_2019-07,0.6641883116883116
c580aa_2025-03,0.9958333333333332
3a13b3_2014-08,0.12493999225706545
e2314a_2021-06,0.9495448179271708
e2314a_2021-09,0.9552489177489176
e83244_2019-11,0.8680473689094379
6224d0_2019-12,0.5636904761904762
e60b65_2020-01,0.84754095004095
bc4c03_2024-09,0.8228841987462678
265164_2023-05,0.0
4fb2d3_2014-12,0.0
dc4b5e_2025-04,0.8820747252996111
fc9334_2022-12,0.5615339877907937
9f1aa0_2025-08,0.7291441717311484
5a0174_2022-05,0.9044676178025929
8fabe0_2017-06,0.3303174603174603
34889b_2023-07,0.7898974486542545
8005b9_2021-06,0.9443368502192031
8005b9_2023-06,0.9863095238095237
29849f_2022-11,0.6743460702081393
531356_2023-09,0.7406117343685403
e83244_2018-08,0.18645752981412586
6224d0_2018-04,0.016451668774694665
e60b65_2023-03,0.9552489177489176
9af74c_2014-10,0.008695652173913044
302d40_2025-03,0.3943736141906874
e427f8_2024-09,0.27136856368563683
9befc8_2016-10,0.0
9befc8_2023-12,0.6044799498746867
9f1aa0_2025-03,0.723468877225683
8fb6f0_2014-05,0.008695652173913044
fc77d0_2023-12,0.9597727272727272
4718d7_2015-02,0.08703887910659498
fb737b_2021-06,0.023510466988727857
e60b65_2015-04,0.04017713365539453
8fabe0_2017-02,0.12762460233297984
bc4c03_2022-10,0.832334112651583
6838b9_2022-05,0.7584153342774032
db4cd8_2021-08,0.9269348894348894
db4cd8_2023-11,0.8589695214695215
14fe3a_2023-04,0.9408333333333333
fc77d0_2023-07,0.7726996464564523
987bc1_2023-05,0.7406117343685403
af81b0_2017-06,0.1508130081300813
b73bc7_2016-11,0.2957625030795762
531356_2019-11,0.8236915073101241
531356_2023-03,0.6998222606843297
e2314a_2021-11,0.8761233019853709
175155_2019-02,0.44029295800476803
1822ea_2019-09,0.6089593606992418
4fb2d3_2021-02,0.86254095004095
92dcdd_2025-06,0.665949572206378
302d40_2022-06,0.04523809523809523
731908_2024-12,0.648806715063521
dc4b5e_2024-12,0.7406117343685403
780a0b_2018-01,0.04017713365539453
8fb6f0_2016-08,0.1897018970189702
e83244_2016-09,0.023510466988727857
9befc8_2018-02,0.17095793566631318
fb737b_2020-08,0.014814814814814814
8fabe0_2018-01,0.0815734989648033
6f5e2b_2022-01,0.9294543038825195
175155_2025-05,0.8716187974808666
90abb1_2021-08,0.7234688772256831
14fe3a_2015-02,0.016666666666666666
14fe3a_2019-02,0.24909583641290958
8005b9_2020-02,0.723468877225683
4fb2d3_2022-03,0.8114556273176963
c580aa_2014-06,0.023510466988727857
f4604d_2018-11,0.3099494949494949
f4604d_2025-07,0.9552489177489176
175155_2017-04,0.17429126899964653
a42d13_2024-02,0.898363460863461
77b3b9_2023-09,0.898363460863461
0ffc2d_2022-07,0.0
fc77d0_2025-09,0.9314393939393939
375f2e_2025-06,0.84754095004095
9af74c_2025-02,0.9429268936435434
d86999_2019-05,0.79254095004095
dc4b5e_2024-10,0.7793677152297842
0f9e86_2015-05,0.0
0f9e86_2018-04,0.24172741611665768
0e8d73_2025-07,0.19762460233297985
8fabe0_2014-03,0.0
6f5e2b_2024-09,0.7793677152297842
6f5e2b_2025-04,0.9019348894348894
175155_2024-03,0.9269348894348894
6838b9_2022-11,0.8264556273176963
532867_2025-02,0.04017713365539453
db4cd8_2019-01,0.505292958004768
14fe3a_2021-09,0.8586548361548362
14fe3a_2024-04,0.7406117343685403
8005b9_2021-12,0.4392257065427797
9af74c_2025-06,0.9099662626699135
29849f_2025-03,0.821665987818931
e60b65_2014-04,0.016666666666666666
175155_2025-02,0.9269348894348894
0ffc2d_2021-10,0.04017713365539453
fc77d0_2024-04,0.9401701835525366
302d40_2023-01,0.014814814814814814
bfbeef_2022-05,0.5207445141065831
d86999_2014-11,0.03148148148148148
d86999_2016-09,0.16106280193236716
9befc8_2018-04,0.2277971351142083
9befc8_2021-09,0.5911466165413535
780a0b_2015-05,0.016666666666666666
780a0b_2021-02,0.6174328257948949
0f9e86_2015-03,0.0
0f9e86_2016-02,0.0
0f9e86_2020-07,0.817224858086927
7199cf_2024-11,0.04896115627822945
4718d7_2014-03,0.0
5a0174_2023-06,0.9079954954954955
8fabe0_2025-03,0.9812241704323824
6f5e2b_2023-04,0.9019348894348894
f461d4_2024-08,0.898363460863461
bc4c03_2021-06,0.8169101727722416
259a19_2022-12,0.8640777465777466
77b3b9_2014-08,0.008695652173913044
375f2e_2022-08,0.648806715063521
9af74c_2023-11,0.864424066924067
06534f_2023-10,0.9613095238095237
022433_2024-11,0.24308703319431402
e83244_2018-11,0.09229448961156278
e83244_2021-07,0.9347727272727273
6224d0_2021-02,0.9658333333333333
e60b65_2020-09,0.8668073593073593
a25664_2015-04,0.10061535229807732
1698cf_2024-09,0.9019348894348894
77b3b9_2024-05,0.8925942300942301
987bc1_2023-10,0.8679954954954955
8e41cf_2022-01,0.4855966064586754
302d40_2025-06,0.3943736141906874
11f0e3_2019-12,0.5378873712494403
780a0b_2016-07,0.008695652173913044
0f9e86_2014-11,0.0
0f9e86_2019-04,0.4239933630406278
780a0b_2023-06,0.3742257065427797
0f9e86_2024-10,0.648806715063521
7199cf_2024-04,0.008695652173913044
5a0174_2019-05,0.6658087787035156
a42d13_2023-12,0.9904761904761905
1698cf_2014-12,0.016666666666666666
8005b9_2023-10,0.9269348894348894
29849f_2025-02,0.817224858086927
b1de95_2020-01,0.924479686979687
e60b65_2019-06,0.7793677152297842
f25ffe_2023-06,0.016666666666666666
265164_2025-01,0.06723322949533081
f4d28d_2025-04,0.04017713365539453
11f0e3_2016-10,0.11745676713610713
11f0e3_2017-02,0.14414634146341462
11f0e3_2022-04,0.5908743842364532
11f0e3_2022-07,0.46007936507936503
0f9e86_2016-11,0.07762460233297985
0f9e86_2018-11,0.23794206265044018
6f5e2b_2021-08,0.8532002907002907
6f5e2b_2024-01,0.9958333333333332
db4cd8_2025-06,0.6213505747126437
d59611_2018-12,0.5911466165413535
34889b_2020-01,0.6251600985221675
9af74c_2021-12,0.9172387906211436
3a13b3_2020-01,0.9552489177489176
e60b65_2020-02,0.8589695214695215
e60b65_2020-08,0.8581610936251842
259a19_2023-03,0.9019348894348894
a42d13_2024-11,0.9097727272727273
fc77d0_2021-08,0.864424066924067
265164_2024-02,0.037267080745341616
11f0e3_2022-08,0.45494949494949494
dc4b5e_2022-01,0.18977608050270212
9befc8_2020-01,0.39189393939393935
8fb6f0_2018-10,0.3066726944193114
0f9e86_2021-08,0.6998222606843297
8fabe0_2014-04,0.0
8fabe0_2022-10,0.8605063180063179
b416b1_2025-05,0.9347727272727273
db4cd8_2020-09,0.86254095004095
77b3b9_2017-06,0.17376349262047264
fc77d0_2023-02,0.704705553067622
29849f_2019-10,0.2993736141906874
06534f_2019-05,0.7793677152297842
b73bc7_2016-09,0.2834508783944294
a25664_2022-06,0.8187616546237237
a42d13_2018-03,0.30409583641290955
a42d13_2025-07,0.8276666895871279
90abb1_2022-12,0.9097727272727273
1822ea_2025-08,0.8114556273176963
375f2e_2023-12,0.9257352941176471
9af74c_2018-03,0.30997083424797023
8e41cf_2024-07,0.648806715063521
d86999_2016-11,0.2023671497584541
a97df3_2025-03,0.8141883116883116
6224d0_2025-05,0.8716187974808666
c48018_2020-03,0.8566187974808666
0874ee_2019-04,0.24576250307957626
8fb6f0_2018-03,0.0738095238095238
8e41cf_2021-03,0.5107333286065721
b26809_2017-07,0.060052910052910045
a97df3_2023-07,0.2957625030795762
731908_2018-10,0.2740958364129096
bfbeef_2017-11,0.24742771461510576
8bd3ce_2016-10,0.0
b26809_2015-02,0.0
e7a56d_2023-05,0.6998222606843297
11f0e3_2021-10,0.8667965818525495
fc9334_2020-07,0.7234688772256831
8fb6f0_2023-10,0.6045052908280009
8e41cf_2016-01,0.0
731908_2021-09,0.29187361419068736
b26809_2021-08,0.30409583641290955
dc4b5e_2022-05,0.14429126899964653
780a0b_2022-11,0.3742257065427797
fc9334_2021-08,0.7367934651555341
8e41cf_2015-09,0.025362318840579712
8e41cf_2019-07,0.2858738788360059
b26809_2016-05,0.06562782294489612
c48018_2023-10,0.46035714285714285
780a0b_2024-04,0.7915755073264833
8e41cf_2018-09,0.08671957671957672
8fb6f0_2019-09,0.8589695214695215
dc4b5e_2024-09,0.7406117343685403
fc9334_2020-03,0.4802272727272728
8fb6f0_2015-01,0.0
a97df3_2024-03,0.7234688772256831
77c35f_2025-05,0.19903381642512077
bfbeef_2017-06,0.25507948635192973
fc9334_2018-02,0.16538302277432712
fc9334_2020-11,0.8114556273176963
0f9e86_2024-07,0.6622849181469871
11f0e3_2021-08,0.2723567129767749
e7a56d_2014-08,0.12345920705161735
e7a56d_2023-07,0.742248392667934
dc4b5e_2022-04,0.18431323473235373
b26809_2015-08,0.008695652173913044
8bd3ce_2016-03,0.0
8bd3ce_2016-04,0.0
8bd3ce_2017-07,0.09914862713783004
8bd3ce_2021-01,0.665949572206378
8e41cf_2017-07,0.17747967479674798
731908_2023-12,0.5019268052275183
c48018_2014-09,0.03148148148148148
e7a56d_2023-02,0.4703571428571429
8bd3ce_2015-02,0.0
bfbeef_2021-12,0.27088553286253536
b26809_2016-07,0.06562782294489612
8fb6f0_2024-01,0.7234688772256831
9f1aa0_2015-02,0.023510466988727857
780a0b_2023-01,0.5783305245873305
731908_2016-05,0.0
b26809_2020-01,0.7752886345805621
b26809_2021-10,0.6170530106985469
8fb6f0_2016-06,0.1637230610401342
fc9334_2018-07,0.22392675797456252
c48018_2024-03,0.5771621621621622
dc4b5e_2022-08,0.11181489917487264
77e86b_2024-02,0.7692506968583962
8e41cf_2016-11,0.060052910052910045
18defd_2025-01,0.88754095004095
e7a56d_2025-02,0.7974735118584177
780a0b_2015-11,0.0
bfbeef_2018-05,0.2655673716020143
8e41cf_2017-10,0.04017713365539453
8fb6f0_2022-03,0.5375410509031199
8bd3ce_2014-12,0.023510466988727857
8e41cf_2016-08,0.0
731908_2020-10,0.7793677152297842
74b7d1_2023-12,0.8773917748917748
dc4b5e_2023-09,0.4834874776836603
8e41cf_2015-05,0.008695652173913044
8e41cf_2016-05,0.0
fc9334_2019-08,0.30704060073316397
8bd3ce_2015-03,0.0009539133802578727
c48018_2018-03,0.10140693328469226
c48018_2023-08,0.3770830390231675
e7a56d_2019-01,0.5400318722632684
a97df3_2023-08,0.4703571428571428
8e41cf_2016-06,0.008695652173913044
8e41cf_2016-09,0.02075598684936089
b26809_2021-06,0.5060996423460157
18defd_2025-06,0.7969753354695353
bfbeef_2019-11,0.2920903958410732
fc9334_2021-04,0.6235289372857431
c48018_2024-08,0.6593050193050193
e7a56d_2022-08,0.5908743842364532
731908_2018-04,0.06884057971014493
11f0e3_2024-02,0.648806715063521
780a0b_2024-01,0.723468877225683
fc9334_2021-11,0.46828282828282825
8fb6f0_2023-01,0.4674111807732498
8e41cf_2019-02,0.18651349122186875
fc9334_2018-09,0.04017713365539453
8bd3ce_2016-09,0.008695652173913044
8bd3ce_2021-05,0.5378873712494403
9befc8_2025-07,0.704705553067622
731908_2022-02,0.6267400372736032
bfbeef_2019-06,0.5911466165413535
bfbeef_2025-07,0.704705553067622
9cf1af_2023-03,0.02857142857142857
513080_2023-02,0.037267080745341616
1698cf_2015-06,0.014814814814814814
4718d7_2023-11,0.9745448179271708
db4cd8_2020-12,0.8589695214695215
f461d4_2019-06,0.706326020082826
77c35f_2023-12,0.03696412254583337
6c1954_2021-08,0.13681159420289854
948a11_2022-08,0.0
9f1aa0_2020-02,0.3830352303523035
fa8553_2024-06,0.23896932034370658
d59611_2019-03,0.33522727272727276
1698cf_2019-12,0.7793677152297842
bc4c03_2017-06,0.20719910302520264
7bf5c9_2014-12,0.0
f500c5_2024-07,0.5503571428571429
b644ac_2024-05,0.060052910052910045
9f1aa0_2016-09,0.3293736141906874
fb34b4_2025-05,0.22014492753623188
4718d7_2024-08,0.8869348894348894
bc4c03_2020-01,0.8761233019853709
7bf5c9_2018-05,0.12430645465546937
9f1aa0_2018-03,0.2707625030795763
510fbf_2024-04,0.2425740972824748
1698cf_2017-01,0.13762161080705831
b644ac_2025-03,0.023510466988727857
9f1aa0_2017-10,0.3344594488159798
9af74c_2019-04,0.7793677152297842
7a007d_2014-10,0.0434015129217538
fa8553_2024-01,0.5263417764102857
77c35f_2024-12,0.3293736141906874
fa8553_2024-09,0.23794206265044018
513080_2022-08,0.08671957671957672
513080_2024-11,0.24262704191766274
d86999_2021-09,0.6299025974025975
74fb1f_2018-02,0.07810244305637369
7bf5c9_2018-04,0.15035187506025258
77c35f_2023-08,0.043478260869565216
513080_2024-04,0.20896877794761165
a42d13_2015-11,0.023510466988727857
375f2e_2021-12,0.9434842118665647
77b3b9_2018-09,0.39997857376463186
9f1aa0_2024-08,0.7384793822769133
f1543b_2021-11,0.7346543621394055
8fabe0_2017-04,0.1897018970189702
259a19_2024-06,0.7907962866583557
f500c5_2023-08,0.6524406758079794
fa8553_2024-11,0.23895286523507003
7bf5c9_2014-08,0.0
6c1954_2022-07,0.23924076394914148
9f1aa0_2018-10,0.5934522850314524
b07578_2024-11,0.06562782294489612
8fabe0_2014-11,0.0
6c1954_2025-05,0.8132894736842105
9f1aa0_2020-07,0.6658087787035156
9f1aa0_2021-01,0.3192257065427797
9f1aa0_2024-04,0.6826794035414725
a42d13_2016-03,0.17794206265044016
b644ac_2025-08,0.12095793566631319
5a0174_2025-04,0.8679954954954955
a25664_2022-02,0.8114556273176963
948a11_2024-05,0.33798174519012275
f1543b_2017-05,0.21557491289198608
510fbf_2023-11,0.023510466988727857
14fe3a_2022-04,0.8811656586656588
4718d7_2016-05,0.21113046844754163
90abb1_2022-03,0.9787114845938376
77c35f_2023-09,0.02857142857142857
9f1aa0_2023-09,0.7406117343685403
9cf1af_2025-06,0.6316638579206637
510fbf_2025-06,0.7793677152297842
f461d4_2019-01,0.7998222606843297
9f1aa0_2014-03,0.0
9f1aa0_2023-06,0.6676383526383527
fa8553_2022-10,0.060052910052910045
4f2b6b_2024-08,0.20794206265044018
77c35f_2024-09,0.2740958364129096
fa8553_2024-08,0.30551268483807037
fa8553_2025-04,0.45494949494949494
fa8553_2025-08,0.3077388276535147
510fbf_2024-03,0.3293736141906874
d59611_2016-11,0.2098468245552021
90abb1_2020-01,0.9097727272727273
1822ea_2021-01,0.9956851310709423
948a11_2025-08,0.2236477251291796
77c35f_2024-07,0.1913273335799587
9f1aa0_2023-08,0.7406117343685403
94f933_2023-05,0.0
f500c5_2014-08,0.01491924986032978
9f1aa0_2014-11,0.023510466988727857
bf6f0d_2022-11,0.696265664160401
4718d7_2016-10,0.24890824622531937
e60b65_2017-08,0.18503575596757338
f500c5_2020-03,0.6826794035414726
6c1954_2023-01,0.2728517826940157
bf6f0d_2024-02,0.84754095004095
6f5e2b_2015-03,0.0
db4cd8_2015-03,0.0
0cecbd_2022-02,0.8703787878787879
9befc8_2019-02,0.1923865070948846
0cecbd_2025-04,0.7784688772256831
731908_2014-07,0.060052910052910045
0cecbd_2021-12,0.8577047952047951
11f0e3_2019-02,0.33636856368563683
375f2e_2017-05,0.3422014391431013
bfbeef_2015-07,0.023510466988727857
bfbeef_2015-09,0.060052910052910045
11f0e3_2019-11,0.8462762237762238
0cecbd_2022-09,0.9410226743436116
0cecbd_2019-10,0.6213976552112174
0cecbd_2022-05,0.6177690236040965
bc4c03_2020-05,0.9684842118665647
0cecbd_2023-05,0.7784688772256831
0cecbd_2015-01,0.0
bfbeef_2014-12,0.0
bfbeef_2015-02,0.014814814814814814
bfbeef_2018-03,0.22429126899964652
731908_2018-08,0.19835509567216886
3a13b3_2019-03,0.8586874045494735
06534f_2017-05,0.5375410509031199
6224d0_2024-07,0.8228841987462678
987bc1_2020-03,0.8658495667116357
6c1954_2024-02,0.8109838061630554
fc9334_2020-05,0.8059510256278186
6224d0_2025-04,0.9016644795886446
e3af0e_2015-03,0.04017713365539453
98a151_2018-03,0.33509036636259276
829a72_2018-04,0.2618736141906874
829a72_2014-11,0.025193828425418875
98a151_2014-04,0.014814814814814814
19fa84_2025-04,0.8258535762483131
dc4b5e_2019-09,0.0
19fa84_2024-07,0.7991631204402103
19fa84_2025-06,0.7904323308270678
e3af0e_2016-12,0.21446380178087496
98a151_2018-02,0.21833333333333335
a97df3_2023-02,0.08440224892938672
302d40_2023-02,0.014814814814814814
894378_2025-08,0.8281274957077155
98a151_2014-03,0.03148148148148148
98a151_2017-02,0.15217679439698478
829a72_2023-09,0.6344106734973287
90abb1_2016-12,0.374949494949495
e3af0e_2014-08,0.05291005291005291
60a0fd_2014-11,0.03148148148148148
19fa84_2025-01,0.8353056500849693
7bf5c9_2020-09,0.7793677152297842
f500c5_2020-09,0.6826794035414725
293190_2022-11,0.5301512556146095
2ab8ad_2024-03,0.7836914535665789
9b46ed_2018-08,0.3163055086490007
88a9a6_2015-04,0.14931477952293126
2ab8ad_2021-06,0.7622248580869272
2ab8ad_2022-09,0.6082894736842105
2ab8ad_2023-04,0.8114556273176963
2ab8ad_2024-04,0.7793677152297842
c5df88_2015-03,0.04017713365539453
c5df88_2019-03,0.18225789530595224
7aa803_2024-05,0.7783333333333333
9b46ed_2020-03,0.706326020082826
98a151_2021-02,0.8658495667116357
829a72_2024-07,0.7406117343685403
c5df88_2023-08,0.5655966064586754
98a151_2019-08,0.6082894736842105
7bf5c9_2022-01,0.8246838071838072
e2e0ce_2019-10,0.27994949494949495
2ab8ad_2021-10,0.7792893069383531
829a72_2019-02,0.2657625030795763
7bf5c9_2021-02,0.7077135406082775
f500c5_2016-09,0.06884057971014493
bf6f0d_2021-05,0.9401701835525366
db5006_2015-09,0.014814814814814814
293190_2024-02,0.7482383032692272
e2e0ce_2021-04,0.6791333666333668
88a9a6_2022-09,0.39207198901248763
88a9a6_2024-09,0.7422480106100796
9b46ed_2023-05,0.3099494949494949
98a151_2022-12,0.6809495722063781
60a0fd_2021-10,0.9314393939393939
293190_2021-01,0.6649653865118752
e2e0ce_2023-06,0.7793677152297842
c5df88_2019-10,0.23946380178087495
74fb1f_2019-04,0.2563685636856369
98a151_2024-06,0.665949572206378
7a007d_2017-02,0.27994949494949495
f500c5_2024-09,0.7368022105590163
1bdb97_2022-07,0.0022083836177618503
bf6f0d_2015-04,0.0738095238095238
293190_2022-04,0.3634088975757509
e2e0ce_2021-07,0.8626794035414725
8005b9_2024-08,1.0
1bdb97_2023-05,0.014814814814814814
18defd_2018-02,0.1423865070948846
2ab8ad_2015-01,0.08394566448623013
74fb1f_2025-01,0.8255990312667368
7aa803_2024-09,0.8237012987012987
98a151_2025-08,0.7898974486542545
2ab8ad_2022-03,0.8252105592129354
2ab8ad_2023-07,0.7406117343685403
2ab8ad_2024-06,0.7894155844155845
db5006_2018-12,0.26182425347142546
e2e0ce_2016-02,0.023510466988727857
9b46ed_2023-02,0.6166859716859718
dc4b5e_2020-03,0.0
f500c5_2023-09,0.6433740242572339
f500c5_2025-03,0.6080172413793103
4f2b6b_2023-06,0.0
2ab8ad_2021-07,0.8187616546237237
74fb1f_2019-08,0.23613046844754165
60a0fd_2019-06,0.4722505015518587
60a0fd_2020-02,0.3913685636856369
e3af0e_2022-01,0.9172387906211436
e3af0e_2024-04,0.6365886699507389
f500c5_2023-01,0.3192257065427797
18defd_2023-05,0.29691099868191906
88a9a6_2021-03,0.8819458128078818
293190_2015-03,0.04017713365539453
7aa803_2019-04,0.20938798327717761
98a151_2024-05,0.6735686198254256
e3af0e_2020-03,0.9058640869465184
f500c5_2021-11,0.40535714285714286
293190_2021-03,0.6008087787035156
e2e0ce_2025-04,0.8187616546237237
2ab8ad_2017-04,0.24636856368563684
88a9a6_2015-02,0.014814814814814814
9b46ed_2017-04,0.24636856368563684
98a151_2023-07,0.665949572206378
e3af0e_2019-09,0.5675
d86999_2024-10,0.7896729846729846
1bdb97_2024-07,0.1422944896115628
e2e0ce_2023-08,0.7115156873777563
74fb1f_2023-07,0.7234688772256831
7aa803_2022-06,0.3205266192775528
88a9a6_2023-08,0.6207136103520428
f500c5_2023-10,0.37384163261703807
18defd_2014-04,0.0
e2e0ce_2021-02,0.8725518734139424
88a9a6_2023-05,0.4772222222222222
9b46ed_2024-07,0.5675
293190_2020-02,0.731306715063521
18defd_2023-11,0.5859716859716861
2ab8ad_2018-01,0.3349095231572427
2ab8ad_2025-07,0.5503571428571429
74fb1f_2019-10,0.24136856368563686
7a007d_2015-04,0.0
bf6f0d_2020-10,0.8557827167741252
e2e0ce_2015-01,0.03148148148148148
2ab8ad_2023-11,0.6375715288223881
829a72_2020-02,0.3913685636856369
c580aa_2018-03,0.8658495667116357
4f2b6b_2022-09,0.011837124440126854
c5df88_2020-10,0.8187616546237237
74fb1f_2022-07,0.4307389686337054
f500c5_2017-04,0.2189082462253194
bf6f0d_2021-07,0.5908743842364532
cd0e60_2021-07,0.17429126899964653
293190_2022-03,0.48001930501930506
293190_2023-08,0.7425626959247648
18defd_2017-04,0.18687361419068735
e2e0ce_2022-04,0.6603909401133625
2ab8ad_2022-05,0.6875626959247649
60a0fd_2019-01,0.4824257624905023
2ab8ad_2019-05,0.2297018970189702
c5df88_2023-10,0.945
7aa803_2023-08,0.525079365079365
98a151_2021-12,0.8118752439229612
98a151_2022-04,0.7869867628488318
7aa803_2022-07,0.3087302736634012
88a9a6_2023-04,0.7406117343685403
e3af0e_2022-06,0.8961656586656588
9b46ed_2020-01,0.5858087787035156
60a0fd_2023-10,0.9269348894348894
f500c5_2021-05,0.6865092924233791
e2e0ce_2019-11,0.2740958364129096
e2e0ce_2024-06,0.8113921716424217
c5df88_2019-02,0.2009385783298827
74fb1f_2025-07,0.5422222222222223
7aa803_2014-12,0.09017713365539451
98a151_2025-05,0.7556117343685402
60a0fd_2022-08,0.5846428571428571
f461d4_2020-11,0.8832993966817495
db5006_2018-03,0.16571984042821794
db5006_2022-02,0.3071027026918549
a25664_2018-07,0.3690958364129096
0ffc2d_2025-04,0.8119928937361675
db5006_2023-02,0.7141385402263987
1b9e65_2021-03,0.8363490090813827
1b9e65_2022-03,0.501412826689682
cd0e60_2022-11,0.025362318840579712
5a0174_2017-02,0.1325924317759057
5a0174_2020-07,0.8667307692307693
1b9e65_2022-05,0.8114556273176963
1b9e65_2017-02,0.16747967479674797
0ffc2d_2025-02,0.8620498602235822
1b9e65_2017-06,0.2894297768227062
4fb2d3_2018-07,0.38994949494949493
7bf5c9_2014-07,0.04017713365539453
db5006_2025-01,0.7793677152297842
1b9e65_2024-05,0.6725726527724627
db5006_2015-01,0.02411457424927676
db5006_2021-12,0.8309323510765324
1b9e65_2015-07,0.014814814814814814
3db670_2023-12,0.9840686274509803
f461d4_2015-11,0.0
b73bc7_2019-04,0.8791635950256639
1b9e65_2017-12,0.20460057095753373
1b9e65_2024-12,0.6080172413793103
1bdb97_2022-04,0.0
f461d4_2020-02,0.7907962866583557
90abb1_2017-03,0.31233420326490924
29849f_2021-01,0.9549282878329265
db5006_2025-07,0.7793677152297842
18defd_2019-02,0.21135204054943454
1b9e65_2014-12,0.014814814814814814
1b9e65_2020-07,0.5771621621621622
fc77d0_2014-06,0.0
a42d13_2014-12,0.0
db5006_2025-04,0.7406117343685403
022433_2022-07,0.014814814814814814
022433_2022-08,0.014814814814814814
1b9e65_2018-12,0.22518600349812581
1b9e65_2020-02,0.6250193050193051
1b9e65_2023-05,0.6421621621621622
1b9e65_2018-05,0.12785004516711834
1b9e65_2021-11,0.8703787878787879
18defd_2019-08,0.3315027124217725
b59bc0_2015-10,0.06562782294489612
77b3b9_2017-02,0.2630352303523035
e7a56d_2019-05,0.34529312587913935
0ffc2d_2021-08,0.05393374741200828
4fb2d3_2020-10,0.9008333333333333
db5006_2022-05,0.7234688772256831
18defd_2019-05,0.3695034843205575
7bf5c9_2023-04,0.4853571428571429
1b9e65_2018-06,0.060052910052910045
14fe3a_2014-06,0.023510466988727857
1698cf_2018-01,0.24576250307957626
022433_2022-10,0.04017713365539453
5a0174_2015-09,0.014814814814814814
3db670_2023-10,1.0
b1de95_2020-05,0.9958333333333332
90abb1_2017-12,0.22548635829463742
f4604d_2021-09,0.9097727272727273
1b9e65_2021-02,0.5025000000000001
a42d13_2023-07,0.648806715063521
db5006_2016-10,0.03148148148148148
f4604d_2015-02,0.014814814814814814
c580aa_2023-12,0.9840686274509803
90abb1_2017-11,0.1689082462253194
0ffc2d_2022-02,0.014814814814814814
0ffc2d_2025-06,0.817224858086927
1b9e65_2019-04,0.2740958364129096
1b9e65_2022-07,0.4240449504205631
8ec563_2021-11,0.6998222606843297
77e86b_2024-08,0.665949572206378
c3a69f_2020-01,0.4272835545858156
c5816f_2022-06,0.6407746416367106
8ec563_2021-02,0.39385790198578574
6c1954_2025-07,0.7726996464564523
e361b7_2018-12,0.3218702602255093
b1de95_2021-01,0.9948656149782756
fd589c_2025-04,0.7829954954954955
e4bc80_2025-01,0.8180157384104753
3db670_2023-02,0.9958333333333332
b73bc7_2021-08,0.9780080213903742
c3a69f_2022-04,0.6875626959247649
c5816f_2025-01,0.8237849691797059
e361b7_2023-07,0.7806117343685403
439fde_2019-03,0.2707625030795763
e361b7_2019-03,0.6788698797319487
e361b7_2024-02,0.793468877225683
3a13b3_2021-04,0.9958333333333332
c5816f_2019-04,0.6593050193050193
8ec563_2025-05,0.8237849691797059
e361b7_2024-12,0.8237849691797059
439fde_2024-06,0.3712609877659377
c3a69f_2023-09,0.4192503458598528
894378_2020-12,0.9269348894348894
c5816f_2024-12,0.7898974486542545
e361b7_2021-09,0.5675
b1de95_2024-01,1.0
c5816f_2023-04,0.7520403057971117
4718d7_2021-10,0.944674688057041
c5816f_2022-04,0.48916666666666664
19fa84_2024-09,0.9904761904761905
e4bc80_2024-08,0.6809495722063781
3a13b3_2019-12,0.9958333333333332
b73bc7_2024-06,0.9430322733238599
439fde_2024-05,0.4970238095238095
c3a69f_2023-03,0.5268166159250413
74b7d1_2024-10,0.7622248580869272
8ec563_2019-12,0.49416666666666675
e4bc80_2025-08,0.7520403057971117
4718d7_2020-07,0.898363460863461
19fa84_2023-03,0.6098448561447338
f4604d_2017-02,0.19890824622531939
3db670_2023-04,0.9958333333333332
b1de95_2021-11,0.9882352941176471
e4bc80_2024-02,0.8567717192717194
022433_2025-02,0.3421314209254436
c3a69f_2021-06,0.806608785059846
fd589c_2023-12,0.7569589088628266
894378_2021-09,0.5503571428571429
e361b7_2023-02,0.5310714285714286
e4bc80_2020-01,0.8703787878787879
b1de95_2020-09,0.9708333333333332
022433_2023-12,0.21177317989170338
8ec563_2023-07,0.7148222606843297
439fde_2024-07,0.3436643814099421
e4bc80_2023-07,0.7489592058066464
19fa84_2019-08,0.4853571428571429
6f5e2b_2021-01,0.9040034965034967
fd589c_2018-12,0.4152272727272727
e4bc80_2024-07,0.777717487018852
3db670_2021-12,0.9958333333333332
8ec563_2021-03,0.9217022994653906
6f5e2b_2016-11,0.33675363225642324
e4bc80_2015-09,0.014814814814814814
c5816f_2023-08,0.7280575548019768
fd589c_2025-08,0.7948554576905531
e361b7_2022-10,0.5846428571428571
e361b7_2025-06,0.754702767836286
e4bc80_2023-09,0.6401600985221675
1698cf_2021-06,0.9476508785332316
fd589c_2023-06,0.80416301183295
74b7d1_2023-01,0.2993736141906874
4fb2d3_2016-03,0.0026531986325580488
d59611_2016-05,0.17095793566631318
74b7d1_2025-02,0.7737073545218554
14fe3a_2017-11,0.2957625030795762
bf6f0d_2023-09,0.7784688772256831
cd0e60_2020-09,0.05393374741200828
d59611_2022-03,0.9863095238095237
bf6f0d_2019-12,0.9019348894348894
d59611_2020-02,0.9780080213903742
77e86b_2023-04,0.23321984042821797
77e86b_2023-06,0.21636856368563687
db4cd8_2017-04,0.1108130081300813
14fe3a_2017-08,0.4374603174603175
db4cd8_2018-10,0.6042077175697865
74b7d1_2022-03,0.74508200094407
77e86b_2014-10,0.014814814814814814
77e86b_2023-02,0.20636856368563686
259a19_2017-09,0.266984126984127
cd0e60_2021-10,0.4802272727272728
74b7d1_2025-05,0.7970454545454546
cd0e60_2019-06,0.10047619047619047
88a9a6_2021-12,0.8725653928549928
2ab8ad_2023-09,0.8869348894348894
f1543b_2021-01,0.6082894736842106
74fb1f_2023-10,0.8122727272727273
f1543b_2022-07,0.8597740104555969
9b46ed_2020-12,0.9097727272727273
f1543b_2019-03,0.2572532781228434
293190_2019-05,0.30409583641290955
88a9a6_2025-05,0.6593050193050193
74fb1f_2014-09,0.037267080745341616
74fb1f_2021-10,0.7269566353187044
293190_2019-11,0.3326630878748979
f1543b_2015-08,0.014814814814814814
7aa803_2019-06,0.18446380178087496
2ab8ad_2015-04,0.17095793566631318
f1543b_2023-04,0.5908743842364532
88a9a6_2025-02,0.977326496153497
f1543b_2014-06,0.04017713365539453
f1543b_2021-03,0.7943677152297843
293190_2020-06,0.8337616546237235
f1543b_2017-07,0.3516161616161616
293190_2023-02,0.6080172413793103
c5df88_2019-01,0.2740958364129096
9b46ed_2024-09,0.648806715063521
022433_2023-04,0.09429126899964653
88a9a6_2024-03,0.7667293625914317
74fb1f_2020-03,0.41314251928459056
293190_2016-05,0.060052910052910045
022433_2021-01,0.07536231884057971
88a9a6_2020-02,0.46903577635284954
7bf5c9_2016-05,0.09217391304347826
fb34b4_2024-11,0.5503571428571429
5a0174_2021-01,0.9230080213903744
439fde_2014-09,0.0738095238095238
b08ec1_2022-02,0.48001518022699025
74b7d1_2018-05,0.0
92dcdd_2021-04,0.2545177673121007
77e86b_2019-01,0.2993736141906874
bf6f0d_2023-02,0.7943677152297843
94f933_2024-08,0.014814814814814814
b416b1_2018-10,0.27136856368563683
e7a56d_2015-07,0.0
77c35f_2024-04,0.11884057971014492
e7a56d_2021-05,0.817224858086927
18defd_2017-05,0.2391508930043514
18defd_2016-03,0.023510466988727857
d86999_2024-08,0.8761233019853709
b1de95_2025-07,0.9882352941176471
2ab8ad_2018-05,0.24136856368563686
60a0fd_2019-12,0.7907962866583557
98a151_2020-02,0.8374348448611595
77e86b_2017-06,0.22433393165100482
7bf5c9_2019-07,0.8264556273176963
98a151_2018-01,0.27136856368563683
60a0fd_2020-01,0.7907962866583557
19fa84_2016-02,0.016666666666666666
e3af0e_2020-10,0.944674688057041
e3af0e_2019-12,0.9302489177489177
2ed4f9_2025-06,0.0
6da35b_2025-04,0.20794206265044018
60a0fd_2021-07,0.5846428571428571
6da35b_2023-07,0.014814814814814814
98a151_2021-05,0.7406117343685403
60a0fd_2019-02,0.3293736141906874
60a0fd_2020-07,0.8703787878787879
74b7d1_2023-02,0.4040357763528496
7bf5c9_2025-09,0.8716187974808666
74b7d1_2017-02,0.18544504276211593
98a151_2016-12,0.35338570038273104
0ffc2d_2024-12,0.9404761904761905
7bf5c9_2016-10,0.13018378584360835
77e86b_2022-10,0.1161559696342305
7bf5c9_2016-12,0.09217391304347826
60a0fd_2024-01,0.6369486222258745
60a0fd_2020-09,0.8737361165282023
829a72_2024-03,0.5422222222222223
e3af0e_2022-03,0.8474459320394201
6da35b_2025-02,0.21636856368563687
77e86b_2018-06,0.04078816629049036
7e646c_2024-05,0.0
7bf5c9_2018-11,0.41029295800476806
98a151_2022-03,0.8790848608292828
60a0fd_2017-09,0.22346487866745748
e3af0e_2023-12,0.6373260804159335
0cecbd_2015-09,0.0
e7a56d_2020-03,0.8240613763831204
3a13b3_2017-12,0.3742257065427797
7bf5c9_2015-07,0.03148148148148148
948a11_2023-03,0.0
b59bc0_2023-07,0.8961656586656588
b59bc0_2021-10,1.0
8d0588_2017-04,0.37016308787489793
8d0588_2024-12,0.9452560944075972
b59bc0_2020-05,1.0
2ab8ad_2016-02,0.014814814814814814
b59bc0_2020-09,0.9286463536463536
8d0588_2021-03,1.0
8d0588_2022-08,0.9097727272727273
b59bc0_2024-01,0.9434842118665647
b59bc0_2017-12,0.7926480197645057
8d0588_2020-03,1.0
b59bc0_2019-06,0.8851508785332316
b59bc0_2022-08,0.9097727272727273
b59bc0_2024-02,0.9191685966914701
b0ff51_2017-08,0.6920949879570569
0cecbd_2017-08,0.27973175640093323
8d0588_2015-01,0.09550724637681159
8d0588_2021-07,0.9106060606060605
b59bc0_2017-06,0.6749831234301572
8d0588_2014-03,0.014814814814814814
8d0588_2016-05,0.24713374337082752
b0ff51_2024-02,0.927174688057041
8d0588_2022-02,1.0
b0ff51_2018-01,0.505292958004768
8d0588_2023-11,0.8805451707623766
b59bc0_2015-08,0.14871635610766046
b0ff51_2016-07,0.48745784401175285
f1543b_2016-09,0.19429126899964652
b0ff51_2019-01,0.8719155844155845
8d0588_2024-07,0.9356060606060606
8d0588_2024-11,0.97
8d0588_2025-01,1.0
b0ff51_2022-11,0.949479686979687
b0ff51_2023-06,0.9003323253323254
8d0588_2020-09,1.0
b59bc0_2018-02,0.5050207256998679
b0ff51_2015-01,0.09776295289623889
77e86b_2017-02,0.18544504276211593
b59bc0_2019-04,0.8003787878787879
b0ff51_2019-04,0.6763711995503418
b0ff51_2021-09,1.0
4f2b6b_2022-12,0.10393374741200827
b416b1_2015-01,0.0
8fabe0_2025-01,0.9904761904761905
259a19_2025-02,0.8567717192717194
6838b9_2021-01,0.2368736141906874
f500c5_2016-04,0.1327177700348432
545d15_2024-02,0.894627620154368
545d15_2025-05,0.956477016496686
5ecf9b_2022-06,0.04017713365539453
5ecf9b_2023-11,0.008695652173913044
545d15_2022-03,0.2593939393939394
8b98f3_2023-03,0.13860566978031091
8b98f3_2022-06,0.025362318840579712
545d15_2023-07,0.86254095004095
ab32d7_2025-08,0.19762460233297985
5ecf9b_2022-05,0.04017713365539453
74b7d1_2017-08,0.1416066589237321
ab32d7_2024-05,0.2725740972824748
8b98f3_2024-02,0.2045177911388428
74b7d1_2018-09,0.2425740972824748
74b7d1_2020-12,0.7793677152297842
7e646c_2022-09,0.03148148148148148
ab32d7_2023-01,0.10081300813008132
ab32d7_2024-04,0.31161616161616157
74b7d1_2021-06,0.7838722197342888
5ecf9b_2022-03,0.04017713365539453
74b7d1_2015-04,0.04017713365539453
8b98f3_2023-04,0.060052910052910045
8b98f3_2024-11,0.20794206265044018
8b98f3_2023-01,0.025362318840579712
ab32d7_2023-12,0.10318417517390018
ab32d7_2022-09,0.008695652173913044
74b7d1_2021-11,0.8114556273176963
6224d0_2015-08,0.025362318840579712
8b98f3_2023-12,0.23794206265044018
0874ee_2015-09,0.05907163419108228
987bc1_2017-01,0.5362562100130158
1698cf_2015-01,0.023510466988727857
f461d4_2025-02,0.8703787878787879
7bf5c9_2022-05,0.8286534295154985
6838b9_2024-02,0.9863095238095237
fd589c_2018-06,0.2967538858755984
fd589c_2021-04,0.8626452000855671
8ec563_2016-06,0.22701854172691927
3a13b3_2016-11,0.06160570508396594
fd589c_2022-07,0.4089285714285714
e4bc80_2018-10,0.7234688772256831
c5816f_2018-12,0.47702380952380957
19fa84_2021-05,0.9151701835525365
06534f_2022-03,0.9958333333333332
c580aa_2016-01,0.014814814814814814
894378_2015-03,0.0
894378_2018-04,0.12681196692696334
c580aa_2024-12,1.0
e361b7_2019-04,0.6960127368748058
e361b7_2018-06,0.3742257065427797
b73bc7_2015-08,0.0
531356_2018-09,0.5786284404219487
c580aa_2016-09,0.30997232047827106
894378_2018-02,0.11571984042821795
8ec563_2019-10,0.5025000000000001
3db670_2024-03,1.0
e4bc80_2021-03,0.9507352941176471
c5816f_2016-09,0.30161616161616156
06534f_2017-01,0.2753174603174603
b1de95_2023-11,0.9891157213088579
fd589c_2017-01,0.3690958364129096
e361b7_2014-12,0.008695652173913044
c5816f_2019-01,0.5477153292250682
c580aa_2016-10,0.4152272727272727
b1de95_2024-12,1.0
8ec563_2018-06,0.48817700277297166
3a13b3_2021-06,1.0
e4bc80_2017-05,0.21967155400729738
894378_2019-06,0.4166463414634146
c5816f_2014-04,0.04017713365539453
3a13b3_2025-06,0.9590686274509803
e361b7_2017-08,0.2611304684475416
c5816f_2024-06,0.8412942132884613
06534f_2015-03,0.06091006268807988
b1de95_2024-05,1.0
e4bc80_2014-07,0.03148148148148148
3a13b3_2021-10,0.9781216453500174
3db670_2024-07,1.0
fd589c_2014-05,0.0
fd589c_2024-03,0.7148222606843297
c580aa_2020-04,0.9984829016849831
b73bc7_2024-03,1.0
06534f_2021-01,0.9958333333333332
3db670_2024-01,0.9958333333333332
b1de95_2020-06,0.9958333333333332
e4bc80_2015-02,0.008695652173913044
e4bc80_2018-02,0.08295947534328847
e4bc80_2019-05,0.4033202051011638
c5816f_2020-08,0.9802489177489176
8ec563_2020-03,0.86254095004095
b73bc7_2023-03,0.9958333333333332
c5816f_2014-07,0.04523809523809523
19fa84_2019-07,0.7520403057971117
06534f_2016-03,0.0
b1de95_2015-11,0.014814814814814814
fd589c_2014-10,0.008695652173913044
894378_2018-06,0.24576250307957626
c5816f_2019-10,0.8171025902228249
8ec563_2014-10,0.023510466988727857
90abb1_2015-12,0.04017713365539453
19fa84_2022-04,0.38512460233297985
8ec563_2015-04,0.07677836035471726
3a13b3_2016-10,0.10081300813008132
06534f_2022-08,1.0
fd589c_2019-02,0.33860445263046857
c580aa_2015-06,0.014814814814814814
c580aa_2023-05,1.0
1b9e65_2017-09,0.17824016563146997
c48018_2017-02,0.2212115050899497
6224d0_2016-01,0.0
6224d0_2015-10,0.014814814814814814
6224d0_2016-02,0.0
f461d4_2018-06,0.18333166548673352
0874ee_2021-01,0.665949572206378
98a151_2020-06,0.9124177516921744
a97df3_2019-03,0.1416066589237321
18defd_2016-01,0.08985659155641387
b08ec1_2017-08,0.16133159076946338
6f5e2b_2017-11,0.18687361419068735
c48018_2016-06,0.1923865070948846
c48018_2017-09,0.14429126899964653
c48018_2022-07,0.6375410509031199
18defd_2022-09,0.6386737265403614
c48018_2018-11,0.6826794035414726
c5df88_2017-06,0.2440979626712731
b1de95_2017-08,0.6259821135677536
1698cf_2017-07,0.26166666666666666
18defd_2017-09,0.20794206265044018
18defd_2021-09,0.6458743842364532
c48018_2021-12,0.6458743842364532
18defd_2016-06,0.1508130081300813
18defd_2022-04,0.6458743842364532
c48018_2018-07,0.4308923732094464
1b9e65_2018-10,0.30978992658095383
18defd_2020-10,0.6754845230056264
1822ea_2015-05,0.0738095238095238
90abb1_2017-07,0.2668736141906874
0874ee_2015-06,0.08154910568580183
18defd_2015-07,0.0
18defd_2020-12,0.6154275201570242
c48018_2021-01,0.7205365463986154
d59611_2016-06,0.29439692156712505
c48018_2020-06,0.8250626959247649
293190_2018-03,0.21303523035230354
3db670_2017-08,0.4323701298701299
e7a56d_2015-10,0.008787374482969361
f4604d_2018-09,0.1274970674350857
c3a69f_2014-06,0.023510466988727857
c3a69f_2025-06,0.8454606663530593
c48018_2016-12,0.27994949494949495
b73bc7_2022-11,1.0
5a0174_2018-11,0.6250193050193051
99c11c_2020-12,0.40535714285714286
8fabe0_2016-12,0.17095793566631318
60a0fd_2015-11,0.014814814814814814
9af74c_2015-08,0.023510466988727857
1698cf_2020-07,0.923363460863461
99c11c_2024-06,0.46007936507936503
99c11c_2022-07,0.8016187974808666
5a0174_2015-08,0.014814814814814814
259a19_2021-06,0.9904761904761905
9af74c_2015-09,0.008695652173913044
db4cd8_2017-12,0.32973260857546494
83894c_2020-10,0.2297018970189702
99c11c_2020-08,0.6658087787035156
60a0fd_2015-06,0.0
1698cf_2018-08,0.4802272727272728
14fe3a_2015-09,0.04896115627822945
5a0174_2020-04,0.9302489177489177
bc4c03_2016-06,0.18687361419068735
8fabe0_2017-10,0.27977360375610366
f461d4_2015-06,0.014814814814814814
829a72_2021-02,0.8307220365841056
1bdb97_2022-02,0.014814814814814814
829a72_2016-06,0.0
175155_2015-11,0.025362318840579712
7e646c_2025-03,0.06684380032206119
829a72_2015-06,0.0
259a19_2015-05,0.014814814814814814
259a19_2020-04,0.8668073593073593
2ab8ad_2018-10,0.4392257065427797
1698cf_2017-08,0.2630352303523035
5a0174_2016-08,0.22914634146341464
f461d4_2020-12,0.8778448512272041
f461d4_2021-01,0.8301383526383527
f461d4_2021-03,0.9043257559739744
83894c_2022-07,0.5911466165413535
e4bc80_2016-08,0.10938443670150985
14fe3a_2020-05,0.8736874045494736
fd589c_2017-08,0.2630352303523035
e427f8_2022-05,0.1455072463768116
531356_2022-06,0.8670454545454545
29849f_2017-07,0.27706065193416035
14fe3a_2021-04,0.8703787878787879
dbb709_2022-06,0.02857142857142857
29849f_2020-10,0.9097727272727273
302d40_2022-07,0.014814814814814814
e427f8_2021-12,0.016666666666666666
e361b7_2017-01,0.11762460233297985
f4604d_2017-12,0.2985385840155569
8ec563_2016-03,0.04017713365539453
9cf1af_2022-05,0.09550724637681159
e361b7_2016-05,0.16014492753623186
8ec563_2015-11,0.023510466988727857
894378_2017-08,0.29244559391270086
e4bc80_2015-05,0.023510466988727857
1698cf_2015-10,0.016666666666666666
db5006_2017-12,0.20460872931710683
0874ee_2016-11,0.2098468245552021
8005b9_2020-09,0.927174688057041
fb34b4_2023-12,0.09523809523809523
c3a69f_2019-02,0.27073897462691304
829a72_2017-03,0.3701002770932399
0874ee_2020-06,0.9097727272727273
c3a69f_2019-06,0.21303523035230354
829a72_2020-04,0.9151701835525365
e2314a_2020-10,0.9302489177489177
731908_2020-05,0.817224858086927
731908_2020-04,0.816719549531703
60a0fd_2020-06,0.9097727272727273
98a151_2018-10,0.7793677152297842
11f0e3_2020-04,0.7726996464564523
77e86b_2015-11,0.014814814814814814
9af74c_2021-02,1.0
bc4c03_2017-10,0.20581300813008135
b73bc7_2021-12,1.0
9af74c_2020-12,0.9904761904761905
bc4c03_2016-02,0.006078768904291832
987bc1_2018-10,0.2740958364129096
18defd_2015-08,0.023510466988727857
1822ea_2020-04,0.9495448179271708
9af74c_2017-04,0.3630352303523035
9af74c_2020-08,0.9904761904761905
1822ea_2019-01,0.3422222222222222
1822ea_2018-12,0.2694638017808749
375f2e_2016-08,0.014814814814814814
375f2e_2015-07,0.014814814814814814
3a13b3_2022-01,0.9613095238095237
bc4c03_2016-07,0.18687361419068735
439fde_2017-03,0.23260793300388705
c3a69f_2020-06,0.7076600985221676
87cfea_2021-08,0.2993736141906874
87cfea_2025-01,0.40535714285714286
99c11c_2021-04,0.5474754453701822
83894c_2019-03,0.10081300813008132
87cfea_2021-05,0.6683742833742834
99c11c_2024-09,0.4853571428571429
87cfea_2019-08,0.24842775581906018
83894c_2025-05,0.6470454545454546
439fde_2016-08,0.04017713365539453
83894c_2019-05,0.14927861659568978
87cfea_2021-11,0.4741656464827197
c3a69f_2018-09,0.24909583641290958
439fde_2021-03,0.9684842118665647
87cfea_2018-01,0.060144927536231886
99c11c_2024-10,0.7682939820751978
bf6f0d_2017-12,0.30409583641290955
439fde_2020-09,0.8520989974937343
87cfea_2024-08,0.2802272727272727
99c11c_2023-03,0.296040280857354
99c11c_2024-07,0.4684922497303268
87cfea_2021-01,0.3695034843205575
87cfea_2018-12,0.08871635610766045
83894c_2018-05,0.04017713365539453
99c11c_2020-07,0.5025000000000001
87cfea_2017-06,0.0
87cfea_2021-12,0.5391656464827197
a25664_2018-11,0.3210697598645753
99c11c_2021-05,0.7872055530676221
92dcdd_2021-05,0.27283346029435296
4fb2d3_2018-11,0.7008960292580981
34889b_2015-07,0.04017713365539453
531356_2022-05,0.8631233667293762
9b46ed_2020-06,0.8811656586656588
29849f_2022-01,0.9401701835525366
c3a69f_2016-02,0.0
90abb1_2017-05,0.15414634146341463
c3a69f_2015-10,0.0
29849f_2020-09,0.84754095004095
bc4c03_2015-10,0.023510466988727857
c3a69f_2016-04,0.0
fb34b4_2023-04,0.016666666666666666
b416b1_2017-08,0.29187361419068736
06534f_2022-02,0.9958333333333332
c580aa_2021-07,0.9882352941176471
b73bc7_2018-07,0.9458333333333332
b1de95_2023-01,0.9708333333333332
b73bc7_2020-12,1.0
c580aa_2022-05,0.9958333333333332
06534f_2020-11,1.0
3a13b3_2022-04,0.9924230306581769
3a13b3_2023-01,0.9840686274509803
06534f_2022-07,1.0
3db670_2017-01,0.525079365079365
b1de95_2018-08,0.8667826426447117
06534f_2023-01,0.9840686274509803
c580aa_2020-07,0.8309141522673038
3db670_2016-10,0.40709235209235206
8d0588_2015-11,0.016666666666666666
83894c_2018-11,0.1637230610401342
77e86b_2020-07,0.6998222606843297
77e86b_2020-10,0.78053748429429
77e86b_2016-07,0.03148148148148148
87cfea_2024-05,0.7872055530676221
74b7d1_2016-08,0.0
77e86b_2018-11,0.48002629453919576
77e86b_2020-09,0.78053748429429
87cfea_2019-02,0.05393374741200828
87cfea_2019-03,0.08657832828046878
dc4b5e_2020-05,0.06562782294489612
8005b9_2017-07,0.3366161616161616
5a0174_2021-02,1.0
99c11c_2018-05,0.014814814814814814
90abb1_2018-10,0.5458101993840784
987bc1_2016-07,0.10081300813008132
99c11c_2020-04,0.3516161616161616
87cfea_2018-09,0.24300167604460077
83894c_2024-05,0.853582251082251
259a19_2021-02,0.9654761904761905
83894c_2024-04,0.853582251082251
439fde_2018-07,0.4108755160012084
83894c_2024-06,0.8947727272727273
987bc1_2016-06,0.10171578371183221
af81b0_2015-10,0.023510466988727857
af81b0_2016-03,0.014814814814814814
6838b9_2020-05,0.2657625030795763
af81b0_2016-12,0.08871635610766045
af81b0_2015-11,0.014814814814814814
af81b0_2016-07,0.09429126899964653
4fb2d3_2015-05,0.014814814814814814
af81b0_2016-10,0.09429126899964653
0874ee_2017-09,0.2611304684475416
a25664_2018-09,0.2740958364129096
3db670_2015-12,0.0
88a9a6_2015-05,0.014814814814814814
7aa803_2018-07,0.2755288236342516
19fa84_2021-04,0.9802489177489176
74b7d1_2015-05,0.06884057971014493
2ab8ad_2018-03,0.08148148148148147
cd0e60_2024-09,0.7406117343685403
3db670_2015-10,0.0
34889b_2020-11,0.8567717192717194
4718d7_2015-07,0.008695652173913044
8005b9_2016-01,0.060052910052910045
8005b9_2016-10,0.19790964711954
f500c5_2015-09,0.06884057971014493
b416b1_2017-03,0.5495895433463491
894378_2018-11,0.2740958364129096
19fa84_2017-09,0.1489082462253194
19fa84_2018-08,0.3800793650793651
4fb2d3_2015-06,0.037267080745341616
19fa84_2017-04,0.19571984042821794
894378_2015-05,0.03148148148148148
77e86b_2017-12,0.132108179728407
fd589c_2015-08,0.023510466988727857
19fa84_2018-09,0.3742257065427797
e4bc80_2015-07,0.04017713365539453
0874ee_2016-08,0.24636856368563684
74fb1f_2015-08,0.014814814814814814
db4cd8_2016-03,0.11773042950283952
1996b0_2022-09,0.08820673434794388
db4cd8_2016-02,0.023510466988727857
0874ee_2016-06,0.25222222222222224
5a0174_2017-09,0.3105553524853453
b08ec1_2018-10,0.5655966064586754
0cecbd_2017-10,0.292073110740362
34889b_2018-10,0.665949572206378
b08ec1_2017-12,0.4688888888888889
e2e0ce_2018-08,0.30161616161616156
2ab8ad_2017-10,0.36076250307957625
b08ec1_2017-09,0.12095793566631319
34889b_2020-06,0.9255687889912178
dc4b5e_2021-06,0.7943127701748391
9b46ed_2016-06,0.014814814814814814
dc4b5e_2021-01,0.1923671497584541
9b46ed_2015-12,0.014814814814814814
f461d4_2018-07,0.7793677152297842
9b46ed_2015-11,0.014814814814814814
b08ec1_2021-02,0.719705553067622
b08ec1_2021-04,0.8264556273176963
8005b9_2015-06,0.008695652173913044
9af74c_2017-05,0.2980352303523035
3db670_2017-11,0.6254323308270677
af81b0_2017-12,0.3705555555555555
3a13b3_2020-07,0.9302489177489177
a97df3_2020-08,0.014814814814814814
a97df3_2020-07,0.014814814814814814
b73bc7_2017-09,0.719650608012677
1698cf_2015-09,0.04017713365539453
0cecbd_2016-12,0.12932127917206487
3db670_2022-05,0.9745448179271708
b73bc7_2020-08,0.9780080213903742
3db670_2017-09,0.6062989154386249
99c11c_2025-08,0.8217293625914316
3db670_2022-04,0.9788093485062804
a97df3_2021-06,0.24446380178087496
a97df3_2020-09,0.023510466988727857
99c11c_2019-04,0.2022465658277286
99c11c_2022-09,0.8097117278675088
3a13b3_2022-08,0.9840686274509803
1822ea_2015-10,0.014814814814814814
9f1aa0_2016-10,0.4885715257309492
0cecbd_2020-05,0.906439393939394
375f2e_2015-11,0.023510466988727857
e4bc80_2021-04,0.9269348894348894
8ec563_2020-09,0.8445901269069651
98a151_2015-06,0.08871635610766045
0874ee_2017-10,0.24446380178087496
bf6f0d_2015-12,0.014814814814814814
af81b0_2022-10,0.8520454545454544
bf6f0d_2016-03,0.04017713365539453
c5df88_2018-11,0.3448853100971201
74fb1f_2016-12,0.2657625030795763
2ab8ad_2016-07,0.0
e2e0ce_2016-10,0.0
88a9a6_2016-12,0.20460872931710683
293190_2017-12,0.2604505802352908
88a9a6_2015-08,0.0
e2e0ce_2016-06,0.0
9f1aa0_2015-07,0.07956350937353095
c5df88_2016-01,0.007565451400222975
9f1aa0_2016-06,0.4165688920477014
7bf5c9_2015-08,0.023510466988727857
87cfea_2020-05,0.4447345470810807
1698cf_2015-12,0.03148148148148148
fd589c_2017-09,0.30685284445870364
fd589c_2018-09,0.7406117343685403
894378_2016-12,0.05393374741200828
c5816f_2016-03,0.19429126899964652
19fa84_2016-08,0.014814814814814814
e4bc80_2018-11,0.7406117343685403
c5816f_2017-08,0.2790958364129096
6f5e2b_2017-12,0.18035187506025258
c5816f_2015-10,0.03148148148148148
19fa84_2016-07,0.02162594227298811
19fa84_2015-07,0.03148148148148148
b59bc0_2016-10,0.5565272760918571
b0ff51_2016-12,0.7793677152297842
34889b_2025-03,0.9891599160953713
87cfea_2017-09,0.0
83894c_2016-05,0.04017713365539453
a42d13_2020-01,0.810663914927518
a42d13_2018-12,0.7823675396452712
a42d13_2021-12,0.9269348894348894
a42d13_2020-05,0.8246838071838072
a42d13_2020-04,0.8238846086823578
a42d13_2022-01,0.9269348894348894
a42d13_2019-12,0.8211123786123787
a42d13_2023-03,0.931720531138924
6f5e2b_2015-12,0.04017713365539453
f1543b_2017-09,0.315
829a72_2016-02,0.023510466988727857
531356_2015-07,0.0
1b9e65_2020-05,0.817224858086927
d86999_2020-07,0.7726996464564523
c5816f_2017-09,0.3293736141906874
894378_2020-07,0.9216331926856911
375f2e_2016-03,0.023510466988727857
29849f_2017-10,0.418578505207841
531356_2016-01,0.014814814814814814
77e86b_2015-05,0.06884057971014493
83894c_2017-03,0.0
8005b9_2017-11,0.5211553525501803
8005b9_2016-11,0.33392585206899683
8005b9_2016-12,0.5741691118450705
bc4c03_2016-11,0.2847619047619047
29849f_2018-07,0.4855966064586754
f4604d_2025-06,0.9213095238095237
293190_2025-05,0.944674688057041
88a9a6_2018-08,0.30409583641290955
4fb2d3_2016-08,0.14389316544394462
c5df88_2024-08,0.9347727272727273
293190_2024-10,0.944674688057041
c5df88_2024-05,0.895441927880875
7aa803_2021-08,0.859008216393822
293190_2026-02,0.9347727272727273
4fb2d3_2016-09,0.14593289441032423
7aa803_2015-06,0.0
c5df88_2024-12,0.9347727272727273
7aa803_2021-09,0.8821973773232343
88a9a6_2016-07,0.0
293190_2025-01,0.944674688057041
74fb1f_2024-11,0.9540686274509804
c5df88_2020-05,0.4510407032236593
9b46ed_2021-10,0.8151952097945122
1996b0_2024-04,0.014814814814814814
f4604d_2020-12,0.7709278263225632
06534f_2014-08,0.023510466988727857
06534f_2016-06,0.023510466988727857
f4604d_2016-10,0.023510466988727857
18defd_2018-11,0.7922309697928469
06534f_2016-07,0.05393374741200828
375f2e_2018-11,0.2740958364129096
7a007d_2023-08,0.8869348894348894
7a007d_2021-05,0.8303980928980929
7a007d_2021-06,0.8371625734005169
60a0fd_2015-05,0.05205514873462134
7a007d_2023-03,0.8869348894348894
18defd_2016-10,0.2368736141906874
7a007d_2023-02,0.8869348894348894
7a007d_2019-11,0.5432894736842105
9af74c_2025-09,0.9658333333333333
b08ec1_2015-06,0.10552906768099075
e7a56d_2016-10,0.18817476435555497
4718d7_2017-01,0.10149032461150993
b59bc0_2018-10,0.9844155844155844
b59bc0_2017-10,0.7793677152297842
b59bc0_2018-08,0.9491448719568109
0cecbd_2017-12,0.45994949494949494
b59bc0_2017-09,0.7793677152297842
8d0588_2018-11,1.0
b1de95_2015-10,0.014814814814814814
94f933_2023-01,0.06562782294489612
1b9e65_2025-04,0.8228841987462678
0cecbd_2016-04,0.025362318840579712
a25664_2020-04,0.9006701631701631
fd589c_2020-09,0.86254095004095
0ffc2d_2018-11,0.032496449289873997
d59611_2020-06,0.9609337158986474
34889b_2016-07,0.36245510679132986
34889b_2016-08,0.3782828282828283
bf6f0d_2017-03,0.10762460233297985
db5006_2017-01,0.2516161616161616
0ffc2d_2020-05,0.014814814814814814
6c1954_2021-03,0.18871635610766047
34889b_2016-10,0.33714285714285713
6c1954_2021-05,0.28180714454365563
8fabe0_2015-11,0.014814814814814814
0ffc2d_2020-04,0.042437710373983396
8fabe0_2016-02,0.0
db4cd8_2020-05,0.9480080213903743
34889b_2016-11,0.39875901875901876
b08ec1_2018-08,0.5292139607979303
5ecf9b_2023-12,0.012387036925305291
77e86b_2018-03,0.06160570508396594
74b7d1_2019-06,0.33798174519012275
439fde_2023-11,0.2878306505946665
439fde_2024-04,0.8417717192717193
1b9e65_2023-01,0.5908743842364532
db5006_2023-03,0.8340297492086977
74b7d1_2022-10,0.44101674641148325
db5006_2024-10,0.9408333333333333
ab32d7_2023-11,0.008695652173913044
77e86b_2019-02,0.2877069475240207
c3a69f_2024-05,0.5786768449336508
439fde_2025-01,0.7622248580869272
77e86b_2014-11,0.023510466988727857
439fde_2020-01,0.6006479291179194
c3a69f_2024-01,0.3293736141906874
77e86b_2020-03,0.6826794035414726
77e86b_2018-05,0.025362318840579712
94f933_2025-05,0.20651349122186877
c3a69f_2025-02,0.7793677152297842
829a72_2023-02,0.6082894736842105
6224d0_2023-10,0.7784688772256831
293190_2023-01,0.648806715063521
293190_2023-12,0.73004095004095
2ab8ad_2016-06,0.0
88a9a6_2022-12,0.6421621621621622
9b46ed_2025-05,0.7793677152297842
fc9334_2022-01,0.6651133030875143
8bd3ce_2015-07,0.0
fc9334_2017-01,0.09229448961156278
8e41cf_2018-01,0.0738095238095238
8e41cf_2019-11,0.33522727272727276
b26809_2020-08,0.6875626959247649
fc77d0_2019-06,0.4853571428571429
6224d0_2019-11,0.5503571428571429
a25664_2018-12,0.0929921705651576
c5df88_2023-05,0.7847023321356639
7aa803_2021-11,0.7105289280837226
7aa803_2024-10,0.8237012987012987
98a151_2023-05,0.8890777465777466
98a151_2025-03,0.6809495722063781
60a0fd_2023-09,0.7784688772256831
8bd3ce_2020-06,0.8376794035414725
4fb2d3_2020-03,0.9745448179271708
e60b65_2024-03,0.9019348894348894
74fb1f_2016-03,0.014814814814814814
60a0fd_2025-01,0.7112508321129012
9cf1af_2022-12,0.014814814814814814
d86999_2023-07,0.8736874045494736
d86999_2023-12,0.66409589777301
175155_2014-10,0.016666666666666666
293190_2022-08,0.6622849181469871
2ab8ad_2019-02,0.22178369930448305
2ab8ad_2019-03,0.2624291697462429
c5df88_2022-07,0.3943736141906874
74fb1f_2018-12,0.15901311249137334
7aa803_2024-08,0.8372727272727273
9b46ed_2018-02,0.14026915113871635
11f0e3_2025-06,0.6235289372857431
98a151_2023-12,0.5846428571428571
9befc8_2023-05,0.7962508321129012
302d40_2024-12,0.3860402808573541
e3af0e_2023-05,0.8180157384104753
6c1954_2022-11,0.21544504276211596
8bd3ce_2022-07,0.6036171015322375
b26809_2020-10,0.5963781873702312
a25664_2014-12,0.03148148148148148
e2e0ce_2021-10,0.6622849181469871
74fb1f_2014-12,0.13060041407867495
74fb1f_2021-02,0.7234688772256831
8fb6f0_2023-03,0.648806715063521
731908_2021-12,0.2657625030795763
829a72_2023-07,0.5593650793650793
fc9334_2015-04,0.0
60a0fd_2018-05,0.09679089026915114
d86999_2016-07,0.02857142857142857
d86999_2022-12,0.6779761904761905
6c1954_2023-10,0.665949572206378
b26809_2017-01,0.0738095238095238
4fb2d3_2022-02,0.9324012834080422
1698cf_2018-02,0.06470126607403975
4718d7_2020-08,0.7622248580869272
6f5e2b_2018-02,0.17398093145478905
e2e0ce_2021-08,0.7590445474066164
c5df88_2019-08,0.25882147909763065
88a9a6_2019-02,0.15843654440443483
780a0b_2020-02,0.49356060606060603
a97df3_2024-01,0.39022727272727276
bfbeef_2019-02,0.12095793566631319
b26809_2018-05,0.08060041407867494
77c35f_2024-10,0.33522727272727276
829a72_2022-09,0.5675
60a0fd_2018-12,0.32828282828282823
e3af0e_2021-07,0.9597727272727272
fc9334_2023-01,0.648806715063521
fc9334_2024-09,1.0
987bc1_2021-06,0.9639393939393941
6224d0_2023-01,0.9019348894348894
88a9a6_2022-07,0.4152272727272727
302d40_2023-04,0.014814814814814814
d86999_2016-06,0.11746031746031745
fc9334_2015-12,0.0
8bd3ce_2017-08,0.08499533244411898
8e41cf_2018-03,0.12168842900550218
5a0174_2020-01,0.8114556273176963
e2e0ce_2018-09,0.29381192577117554
74fb1f_2015-03,0.014814814814814814
74fb1f_2019-07,0.2740958364129096
e3af0e_2024-12,0.6401600985221675
98a151_2021-06,0.9482153999686238
9cf1af_2022-09,0.014814814814814814
b26809_2016-11,0.06562782294489612
9befc8_2024-11,0.7234688772256831
b08ec1_2018-03,0.0
2ab8ad_2018-02,0.17794206265044016
c5df88_2021-04,0.41861422769618073
7aa803_2016-10,0.17095793566631318
7aa803_2017-06,0.19619402459846752
88a9a6_2022-01,0.5678054036297955
0f9e86_2024-08,0.9302489177489177
98a151_2025-06,0.7452656803425792
60a0fd_2024-04,0.6809495722063781
e3af0e_2024-01,0.6401600985221675
8bd3ce_2019-01,0.047930113646912575
b26809_2015-09,0.014255126658110065
e2e0ce_2024-10,0.8297619047619047
c5df88_2022-12,0.4725855000900182
74fb1f_2025-04,0.6826794035414726
0f9e86_2025-01,0.7234688772256831
fc9334_2015-08,0.008695652173913044
dbb709_2023-08,0.043478260869565216
60a0fd_2025-05,0.7148222606843297
d86999_2016-08,0.03148148148148148
98a151_2019-09,0.8114556273176963
dbb709_2024-04,0.16207492859249456
e3af0e_2019-07,0.7406117343685403
b26809_2023-08,0.525079365079365
b08ec1_2018-12,0.1698690623474099
4fb2d3_2015-03,0.0
e2e0ce_2023-01,0.7406117343685403
74fb1f_2022-04,0.5294170391899913
7aa803_2016-07,0.060052910052910045
8fb6f0_2021-03,0.6875626959247649
11f0e3_2023-01,0.6875626959247649
11f0e3_2023-11,0.4157389686337055
dbb709_2024-02,0.23113046844754162
8e41cf_2016-10,0.0
e3af0e_2019-05,0.4875
8e41cf_2017-08,0.06562782294489612
8e41cf_2023-01,0.706326020082826
fc77d0_2023-11,0.9086140819964349
c5df88_2018-01,0.07938443670150988
74fb1f_2024-05,0.8286534295154985
74fb1f_2024-09,0.8065034965034965
88a9a6_2015-07,0.0
302d40_2022-05,0.09005448712859968
e3af0e_2021-01,0.8376794035414725
b26809_2016-02,0.008695652173913044
8e41cf_2021-12,0.39986561819852495
6838b9_2018-06,0.014814814814814814
74fb1f_2019-06,0.23803523035230353
98a151_2025-01,0.7406117343685403
0f9e86_2024-04,0.7735581958991731
829a72_2019-03,0.3695034843205575
d86999_2017-09,0.18219715670734798
6c1954_2023-07,0.3492257065427797
b26809_2019-06,0.30303229880139565
8bd3ce_2024-12,0.7848222606843297
8e41cf_2016-07,0.0
b26809_2021-02,0.4197613697427622
b08ec1_2024-08,0.8322248580869271
9af74c_2022-02,0.9062012987012988
6f5e2b_2019-10,0.7793677152297842
c5df88_2018-10,0.30409583641290955
74fb1f_2017-01,0.2957625030795762
9b46ed_2015-02,0.014814814814814814
780a0b_2024-05,0.9480080213903743
8fb6f0_2020-07,0.8114556273176963
77c35f_2023-03,0.02857142857142857
d86999_2021-06,0.5875
8bd3ce_2017-09,0.1511833785004517
b26809_2017-09,0.04017713365539453
b26809_2021-03,0.3800793650793651
bc4c03_2021-07,0.898363460863461
259a19_2018-03,0.2682828282828283
532867_2024-10,0.07343752174603753
e2e0ce_2019-08,0.2740958364129096
e2e0ce_2023-03,0.8114556273176963
c5df88_2017-08,0.26291496985886226
c5df88_2023-01,0.5420238095238096
7aa803_2015-02,0.014814814814814814
7aa803_2021-07,0.9079954954954955
9b46ed_2022-03,0.5956789085736455
175155_2020-01,0.8961656586656588
60a0fd_2020-12,0.8716187974808666
fc2511_2025-07,0.09017713365539451
b26809_2025-04,0.7793677152297842
34889b_2025-07,0.7726996464564523
fc77d0_2022-11,0.9019348894348894
e2e0ce_2021-03,0.8566187974808666
74fb1f_2022-02,0.4488087405880784
74fb1f_2024-07,0.7425626959247648
bfbeef_2016-02,0.014814814814814814
bfbeef_2023-05,0.7726996464564523
98a151_2024-10,0.6980374842942901
e3af0e_2020-01,0.7907962866583557
d86999_2021-02,0.7623606577415715
d86999_2022-07,0.7848222606843297
6c1954_2022-01,0.20812969504852755
8e41cf_2025-02,0.7726996464564523
175155_2022-10,0.6316638579206637
a25664_2024-11,0.9311126024096545
293190_2015-04,0.08871635610766045
293190_2016-10,0.023510466988727857
293190_2017-09,0.24909583641290958
e2e0ce_2025-08,0.6794277752898443
74fb1f_2022-05,0.6658087787035156
7aa803_2019-01,0.3943736141906874
302d40_2025-05,0.5050207256998679
6c1954_2021-09,0.14282263630089717
db4cd8_2022-12,0.8961656586656588
8bd3ce_2016-07,0.0
265164_2023-11,0.10239935587761675
175155_2024-01,0.9480080213903743
c5df88_2016-08,0.14429126899964653
88a9a6_2023-06,0.5830116959064328
77c35f_2023-04,0.014814814814814814
fc9334_2018-10,0.08060041407867494
8bd3ce_2016-12,0.04017713365539453
60a0fd_2022-01,0.5503571428571429
302d40_2024-10,0.4096130777922199
e3af0e_2023-10,0.9251547691066456
bc4c03_2025-08,0.8274979485511194
3a13b3_2014-11,0.14276246944805562
e2e0ce_2024-09,0.7819566353187042
c5df88_2018-12,0.19107968055127955
74fb1f_2016-04,0.014814814814814814
74fb1f_2024-10,0.8065034965034965
88a9a6_2017-01,0.20076755183929587
780a0b_2024-07,0.6622849181469871
d86999_2017-08,0.36076250307957625
fc9334_2021-06,0.5381596035543403
fc9334_2021-12,0.4957389686337055
fc9334_2023-07,0.4300875199785401
8bd3ce_2023-11,0.6704198387819078
34889b_2019-01,0.7907962866583557
34889b_2024-03,0.9585050263942992
18defd_2014-06,0.014814814814814814
e2e0ce_2023-07,0.7419426963176339
74fb1f_2017-11,0.1923865070948846
98a151_2023-02,0.6544093943509217
e3af0e_2020-02,0.41798959192666774
d86999_2022-02,0.7829170694494383
fc9334_2024-02,0.7793677152297842
8bd3ce_2022-02,0.3690958364129096
fc77d0_2015-02,0.0
6224d0_2023-11,0.9832204452977515
293190_2024-06,0.8680473689094379
e2e0ce_2016-05,0.011936900454074344
e2e0ce_2018-06,0.20254544883801526
2ab8ad_2021-11,0.7308368486838169
7aa803_2018-09,0.16960972009351621
7aa803_2023-06,0.5020251091350116
88a9a6_2021-10,0.37515306941907933
9b46ed_2025-08,0.5655966064586754
77c35f_2023-11,0.043478260869565216
8bd3ce_2015-08,0.008695652173913044
8e41cf_2017-12,0.12390349007013135
6c1954_2023-03,0.19835509567216886
8e41cf_2023-07,0.45494949494949494
d59611_2019-01,0.5858087787035156
b08ec1_2020-01,0.6251600985221675
265164_2025-03,0.0
88a9a6_2024-10,0.8065034965034965
98a151_2024-07,0.7857065281754533
77c35f_2023-02,0.014814814814814814
8bd3ce_2015-04,0.0
8bd3ce_2024-10,0.7676794035414725
b08ec1_2025-08,1.0
4718d7_2019-02,0.49648906619793565
375f2e_2015-10,0.014814814814814814
2ab8ad_2023-02,0.7439417321928775
bfbeef_2015-12,0.023510466988727857
60a0fd_2024-03,0.6809495722063781
302d40_2022-09,0.014814814814814814
d86999_2022-04,0.8169101727722416
8e41cf_2017-03,0.06562782294489612
175155_2018-06,0.04017713365539453
9b3bd5_2025-07,0.014814814814814814
74fb1f_2024-02,0.9152489177489176
9f1aa0_2020-08,0.34422570654277973
510fbf_2025-04,0.11571984042821795
731908_2015-06,0.025362318840579712
bfbeef_2017-09,0.46035714285714285
894378_2022-05,0.6329444827637009
6c1954_2020-01,0.04017713365539453
19fa84_2021-03,0.9019348894348894
19fa84_2021-11,0.5425
9f1aa0_2016-05,0.23204562530119643
bfbeef_2016-05,0.04017713365539453
8ec563_2021-08,0.683043180539058
fd589c_2023-09,0.7829954954954955
e361b7_2018-05,0.19429126899964652
e4bc80_2024-09,0.7943677152297843
bfbeef_2017-04,0.19762460233297985
29849f_2022-08,0.7668696290775054
8ec563_2024-05,0.7772262647262648
fd589c_2014-08,0.014814814814814814
fd589c_2019-10,0.5846428571428571
e361b7_2021-11,0.47750000000000004
9af74c_2024-11,0.9097727272727273
9f1aa0_2015-01,0.023510466988727857
fa8553_2023-03,0.10397261228079135
8ec563_2025-02,0.86254095004095
19fa84_2022-03,0.6857746416367106
513080_2024-05,0.568581476574235
9f1aa0_2019-02,0.24576250307957626
fa8553_2022-09,0.10605110336817654
bfbeef_2017-05,0.24576250307957626
19fa84_2018-05,0.1959277528045325
e361b7_2014-08,0.016666666666666666
e361b7_2015-02,0.04017713365539453
9af74c_2024-08,0.8335589270122687
513080_2023-10,0.19762460233297985
510fbf_2024-10,0.21446380178087496
bfbeef_2019-10,0.45601674641148326
8fb6f0_2019-11,0.7260145201367658
894378_2022-07,0.47750000000000004
c5816f_2019-12,0.8275486014285036
19fa84_2018-06,0.23924076394914148
e361b7_2024-04,0.8237849691797059
e4bc80_2024-10,0.7094660557228616
e4bc80_2025-07,0.7469101727722418
513080_2022-01,0.1423865070948846
8ec563_2018-02,0.21446380178087496
8ec563_2023-02,0.6396798186185341
e361b7_2021-01,0.719650608012677
e4bc80_2014-10,0.0
894378_2021-04,0.9747688695257726
894378_2024-01,0.7433387442008133
8ec563_2022-09,0.6013459344933011
9f1aa0_2019-11,0.9269348894348894
9f1aa0_2021-05,0.3818279363554424
9f1aa0_2023-12,0.6080172413793103
510fbf_2024-08,0.6126465080882084
bfbeef_2023-01,0.5259892923809315
c5816f_2014-08,0.014814814814814814
19fa84_2022-09,0.5278946957099845
19fa84_2025-07,0.8282894736842106
e361b7_2024-01,0.8237849691797059
bfbeef_2025-09,0.8890034965034965
780a0b_2014-08,0.02857142857142857
e4bc80_2022-07,0.5418157693050671
513080_2023-05,0.06562782294489612
510fbf_2023-03,0.17346796019383479
c5816f_2025-08,0.7526794035414726
19fa84_2022-11,0.6365886699507389
e361b7_2020-10,0.8727253107640207
9f1aa0_2021-06,0.40535714285714286
fa8553_2022-12,0.037267080745341616
bfbeef_2024-05,0.7368022105590163
8ec563_2019-11,0.5846428571428571
6c1954_2022-05,0.19246367151441096
513080_2024-03,0.33522727272727276
894378_2022-03,0.4141666666666667
8ec563_2019-09,0.49869047619047613
19fa84_2021-01,0.4860746426159489
19fa84_2021-02,0.5422222222222223
9f1aa0_2021-02,0.36589237320944634
9f1aa0_2023-10,0.736860898697352
780a0b_2015-12,0.0
9befc8_2015-08,0.008695652173913044
c5816f_2019-09,0.5591666666666667
8ec563_2019-01,0.4068939393939394
fd589c_2017-02,0.3690958364129096
6c1954_2019-12,0.023510466988727857
19fa84_2018-03,0.1729365608323357
e4bc80_2023-05,0.7280575548019768
bfbeef_2018-09,0.2596258194714985
bfbeef_2023-09,0.8211035258679166
894378_2023-11,0.7469101727722418
9f1aa0_2025-06,0.7406117343685403
bfbeef_2025-06,0.7286680415667495
c5816f_2018-02,0.19429126899964652
8ec563_2014-11,0.023510466988727857
19fa84_2018-04,0.0738095238095238
19fa84_2023-04,0.5280172413793103
e361b7_2025-04,0.8237849691797059
e361b7_2025-07,0.7829954954954955
9f1aa0_2024-10,0.6826794035414726
894378_2025-01,0.8237849691797059
fd589c_2018-04,0.20794206265044018
fd589c_2021-02,0.3860402808573541
894378_2025-04,0.7876996464564523
8ec563_2022-07,0.47750000000000004
8ec563_2023-04,0.8109278263225633
fd589c_2017-06,0.30409583641290955
e361b7_2018-07,0.5585935889043298
e4bc80_2022-08,0.5238038138883813
9f1aa0_2022-06,0.7054514066538455
8fb6f0_2014-07,0.0
8fb6f0_2018-09,0.3911701509872242
731908_2021-10,0.6875626959247649
731908_2024-10,0.648806715063521
780a0b_2020-12,0.8114556273176963
9befc8_2015-04,0.0
c5816f_2014-09,0.016317601087961896
c5816f_2021-07,0.7234688772256831
6c1954_2022-04,0.3293736141906874
19fa84_2019-01,0.20651349122186877
bfbeef_2022-11,0.5207445141065831
c5816f_2022-12,0.7148222606843297
e4bc80_2018-06,0.2725740972824748
513080_2023-04,0.06562782294489612
9f1aa0_2021-03,0.4875
9f1aa0_2025-05,0.7520403057971117
731908_2019-10,0.4096623866846561
780a0b_2015-10,0.008695652173913044
0f9e86_2022-06,0.5658688387635756
531356_2022-07,0.5908743842364532
894378_2018-12,0.16571984042821794
c5816f_2023-06,0.7148222606843297
19fa84_2021-10,0.6251600985221675
11f0e3_2024-08,0.9802489177489176
b26809_2019-10,0.6082894736842105
780a0b_2025-05,0.6316638579206637
7bf5c9_2019-02,0.3037957211870256
7bf5c9_2022-07,0.597788913534461
f500c5_2021-01,0.4816463414634146
265164_2025-07,0.2576672649843381
439fde_2023-03,0.8947727272727273
83894c_2022-06,0.30370476872514296
87cfea_2021-03,0.7793677152297842
99c11c_2021-02,0.27104028085735404
11f0e3_2017-11,0.26493486085976703
780a0b_2015-07,0.025362318840579712
8fb6f0_2016-05,0.10081300813008132
f1543b_2021-02,0.5221635828427249
1b9e65_2025-06,0.6593050193050193
780a0b_2022-08,0.5658688387635756
8fb6f0_2023-08,0.5422222222222223
0f9e86_2023-01,0.5604965646694458
7bf5c9_2020-06,0.5025000000000001
3a13b3_2015-01,0.06360253731092042
11f0e3_2022-02,0.30409583641290955
780a0b_2019-07,0.5675
8fb6f0_2021-07,0.2740958364129096
8fb6f0_2025-01,0.573938622843192
0f9e86_2022-03,0.4703571428571428
f1543b_2014-12,0.0
f1543b_2020-09,0.6082894736842106
f500c5_2022-07,0.7793677152297842
9befc8_2019-08,0.6826794035414726
7bf5c9_2018-06,0.1620496894409938
87cfea_2024-06,0.5066859716859717
7bf5c9_2023-02,0.35225339800736416
bc4c03_2019-10,0.7793677152297842
780a0b_2017-09,0.1770120733011577
8fb6f0_2014-04,0.025362318840579712
8bd3ce_2019-10,0.33300375997456244
0f9e86_2023-06,0.45494949494949494
f1543b_2022-11,0.7793677152297842
f500c5_2020-07,0.5675000000000001
4f2b6b_2024-03,0.014814814814814814
11f0e3_2016-11,0.12095793566631319
11f0e3_2024-10,0.7793677152297842
f500c5_2019-06,0.4252415865570409
c3a69f_2020-10,0.778765664160401
780a0b_2019-10,0.4853571428571429
780a0b_2021-01,0.7793677152297842
0f9e86_2017-04,0.09429126899964653
c580aa_2014-05,0.014814814814814814
4f2b6b_2024-10,0.20959984759415567
83894c_2021-07,0.4441656464827196
11f0e3_2023-10,0.536921486164193
8fb6f0_2021-01,0.6078081463979214
0f9e86_2019-09,0.7555567893135952
0f9e86_2025-05,0.7406117343685403
9befc8_2025-08,0.9019348894348894
f1543b_2023-05,0.6504954954954956
0f9e86_2024-12,0.7406117343685403
87cfea_2020-06,0.6082894736842106
99c11c_2024-04,0.4461466165413534
731908_2020-07,0.7898974486542545
11f0e3_2020-09,0.7687553153108942
0f9e86_2023-09,0.5362562100130158
9befc8_2021-08,0.36143655850220646
9befc8_2022-12,0.3817818818975887
0874ee_2018-03,0.20794206265044018
7bf5c9_2018-01,0.07938443670150988
7bf5c9_2023-06,0.6826794035414726
f500c5_2018-12,0.19273467821262233
87cfea_2019-10,0.17168842900550219
87cfea_2025-03,0.7793677152297842
780a0b_2019-08,0.49737012987012985
11f0e3_2018-09,0.23794206265044018
8bd3ce_2020-10,0.7558072657059819
9befc8_2023-01,0.7406117343685403
7bf5c9_2024-10,0.8096838071838072
f1543b_2025-01,0.7943677152297843
f500c5_2023-04,0.5820454545454545
83894c_2020-07,0.1725354605015096
87cfea_2019-06,0.06884057971014493
9befc8_2017-10,0.32570048309178745
4f2b6b_2024-04,0.0
11f0e3_2019-06,0.6655365463986154
fc9334_2020-08,0.8614912673533363
731908_2020-02,0.4802272727272728
9befc8_2018-10,0.23794206265044018
b73bc7_2015-02,0.04338624338624338
11f0e3_2017-04,0.10429126899964651
11f0e3_2019-08,0.4802272727272728
11f0e3_2025-01,0.8963095238095237
0f9e86_2020-11,0.7000944929892298
0f9e86_2021-10,0.8704100965561125
f500c5_2020-04,0.375224292615597
c3a69f_2022-11,0.9209082584082584
8fb6f0_2018-08,0.295755939025538
9befc8_2016-12,0.04896115627822945
f1543b_2023-10,0.723468877225683
3a13b3_2015-02,0.06562782294489612
83894c_2022-03,0.8003787878787879
731908_2022-06,0.665949572206378
731908_2025-04,0.6980103285527368
8fb6f0_2021-04,0.6082894736842105
8fb6f0_2021-10,0.3742257065427797
8fb6f0_2024-12,0.7406117343685403
0f9e86_2016-10,0.12095793566631319
4f2b6b_2025-08,0.1423865070948846
87cfea_2022-05,0.3250111097760412
8e41cf_2020-01,0.4152272727272727
9befc8_2020-08,0.7555567893135952
87cfea_2021-02,0.6008087787035156
780a0b_2025-03,0.8417717192717193
8fb6f0_2023-04,0.5229323985987199
9befc8_2024-12,0.7234688772256831
f1543b_2025-08,0.8520454545454544
87cfea_2020-08,0.5858087787035156
87cfea_2020-10,0.296040280857354
731908_2019-12,0.5381596035543403
731908_2021-04,0.3800793650793651
9befc8_2019-09,0.5783740569515189
87cfea_2020-02,0.3158923732094464
731908_2017-09,0.11812025013569864
780a0b_2020-09,0.9377390977761879
0f9e86_2022-01,0.644997191253997
7a007d_2025-07,0.7784688772256831
b1de95_2019-03,0.7584153342774032
1b9e65_2025-01,0.5591666666666667
6c1954_2019-11,0.06324841521638865
e4bc80_2021-11,0.5261466165413534
4718d7_2020-02,0.7793677152297842
b416b1_2019-06,0.3995034843205575
db4cd8_2015-01,0.016666666666666666
d59611_2025-08,0.9269348894348894
b08ec1_2024-04,0.9212307896131426
c5816f_2016-05,0.23924076394914148
f461d4_2024-04,0.9654761904761905
259a19_2024-10,0.9536188449052083
db4cd8_2024-07,0.898363460863461
db4cd8_2025-03,0.9019348894348894
1698cf_2018-09,0.33522727272727276
db4cd8_2022-06,0.6826794035414726
c5816f_2016-06,0.23924076394914148
c5816f_2020-01,0.9408549783549782
6c1954_2024-05,0.8084927365723364
c48018_2025-08,0.8532002907002907
b416b1_2023-03,0.704705553067622
06534f_2018-01,0.8114556273176963
175155_2015-02,0.025362318840579712
f461d4_2015-02,0.008695652173913044
f461d4_2022-10,0.8925942300942301
90abb1_2018-03,0.2694638017808749
90abb1_2018-12,0.5119012556212068
c5816f_2014-11,0.023510466988727857
8fabe0_2024-12,0.9904761904761905
d59611_2018-02,0.043478260869565216
6838b9_2020-02,0.09550724637681159
c5816f_2016-01,0.014814814814814814
e4bc80_2014-08,0.014814814814814814
e7a56d_2025-06,0.9019348894348894
4718d7_2023-05,0.9230080213903744
259a19_2014-09,0.0
34889b_2022-08,0.6080172413793103
8005b9_2023-07,0.9269348894348894
77b3b9_2021-06,0.8114556273176963
db4cd8_2022-03,0.8923917748917749
9af74c_2019-08,0.6658087787035156
6c1954_2019-06,0.1508130081300813
19fa84_2015-05,0.06884057971014493
19fa84_2025-08,0.8836140819964349
e7a56d_2024-11,0.8757762441585971
a42d13_2025-03,0.8961656586656588
14fe3a_2022-06,0.665949572206378
fb737b_2021-02,0.016666666666666666
175155_2014-11,0.016666666666666666
b08ec1_2019-05,0.3742257065427797
894378_2017-11,0.3099494949494949
fd589c_2023-07,0.9844155844155844
e361b7_2015-06,0.03148148148148148
e4bc80_2020-04,0.9097727272727273
e7a56d_2015-03,0.0
e7a56d_2019-07,0.4461466165413534
e7a56d_2023-06,0.6998222606843297
259a19_2019-01,0.7793677152297842
db4cd8_2024-01,1.0
34889b_2024-12,0.8923964470371173
bf6f0d_2025-08,0.680894627151433
fc77d0_2019-05,0.48009525880134996
e4bc80_2015-08,0.04017713365539453
e7a56d_2022-04,0.8087849691797061
c48018_2019-11,0.6639414161978643
259a19_2023-08,0.9269348894348894
0ffc2d_2019-09,0.023510466988727857
4fb2d3_2017-11,0.17469358361290765
c5816f_2018-08,0.7907962866583557
19fa84_2024-06,0.7991631204402103
e4bc80_2015-04,0.08871635610766045
e7a56d_2018-06,0.09706344041741503
6f5e2b_2024-10,0.9552489177489176
1822ea_2018-04,0.09884057971014493
0ffc2d_2018-12,0.03148148148148148
4718d7_2025-01,0.9958333333333332
b416b1_2022-10,0.512263273125342
259a19_2024-07,0.9540686274509804
d59611_2014-03,0.03148148148148148
b08ec1_2022-09,0.648806715063521
77b3b9_2022-08,0.7406117343685403
259a19_2017-07,0.24555555555555558
8ec563_2015-01,0.023510466988727857
14fe3a_2020-01,0.7907962866583557
b08ec1_2022-04,0.6875626959247649
259a19_2018-10,0.7406117343685403
0ffc2d_2019-01,0.0
4fb2d3_2018-06,0.07055064635162946
1698cf_2022-11,0.84754095004095
bf6f0d_2015-10,0.014814814814814814
5a0174_2019-11,0.6998222606843297
6f5e2b_2019-12,0.8567717192717194
db4cd8_2021-07,0.9299047111247972
90abb1_2025-03,0.9269348894348894
8005b9_2024-10,0.9269348894348894
375f2e_2019-03,0.30409583641290955
894378_2016-01,0.0
e7a56d_2019-02,0.33202222688757554
e7a56d_2024-09,0.857224858086927
5a0174_2025-01,0.9597727272727272
d59611_2021-11,0.7367934651555341
8005b9_2022-09,0.5050207256998679
1698cf_2025-03,0.9019348894348894
6f5e2b_2023-03,0.9019348894348894
1822ea_2024-01,0.9863095238095237
8ec563_2014-08,0.023510466988727857
fd589c_2015-05,0.04017713365539453
c48018_2024-09,0.6998222606843297
424c1b_2025-04,0.023510466988727857
4fb2d3_2019-08,0.6138416365009245
e361b7_2017-02,0.22914634146341464
60a0fd_2019-05,0.4816463414634146
c48018_2019-08,0.3335560561349644
b416b1_2022-05,0.7234688772256831
b416b1_2022-09,0.5908743842364532
259a19_2014-08,0.023510466988727857
8005b9_2022-07,0.5812956990809941
77b3b9_2019-01,0.644997191253997
6c1954_2019-10,0.05217391304347826
19fa84_2024-05,0.7991631204402103
e4bc80_2014-06,0.0
18defd_2014-09,0.014814814814814814
18defd_2023-08,0.42369047619047623
4718d7_2021-11,0.898363460863461
8fabe0_2014-06,0.0
6f5e2b_2014-08,0.0
b416b1_2015-02,0.0
b416b1_2023-09,0.8920454545454545
db4cd8_2015-02,0.016666666666666666
d59611_2018-04,0.23613046844754165
b08ec1_2023-11,0.8251751330083789
175155_2019-07,0.40535714285714286
6c1954_2021-07,0.29754501715288806
19fa84_2017-01,0.18651349122186875
c48018_2018-06,0.17794206265044016
14fe3a_2015-01,0.016666666666666666
1822ea_2023-10,0.7885277838840851
fc77d0_2019-02,0.2657625030795763
c48018_2018-04,0.06562782294489612
5a0174_2019-02,0.2964404520908571
5a0174_2018-04,0.07991648741639798
a25664_2019-10,0.3995034843205575
a25664_2020-01,0.8640777465777466
b416b1_2025-08,1.0
8005b9_2019-01,0.17698412698412697
424c1b_2024-10,0.023510466988727857
0874ee_2021-03,0.7406117343685403
375f2e_2024-05,1.0
6c1954_2023-11,0.648806715063521
fd589c_2014-03,0.0
e4bc80_2014-12,0.0
e4bc80_2017-10,0.2790958364129096
e7a56d_2018-01,0.33024461259592597
e7a56d_2022-05,0.39189393939393935
18defd_2025-08,0.769093127807059
c48018_2023-09,0.46553539664198046
b08ec1_2019-06,0.3995034843205575
259a19_2022-11,0.898363460863461
d59611_2023-08,0.8869348894348894
9af74c_2014-12,0.023510466988727857
8ec563_2021-06,0.6829516358463728
fd589c_2017-05,0.30409583641290955
e7a56d_2022-07,0.6826794035414726
6f5e2b_2018-04,0.023510466988727857
14fe3a_2020-03,0.9434842118665647
bf6f0d_2022-08,0.6131285283694401
0874ee_2019-06,0.3995034843205575
f461d4_2018-01,0.2720834175082566
8ec563_2017-11,0.3918783767393203
18defd_2017-02,0.3370034843205575
1698cf_2019-11,0.7406117343685403
1698cf_2024-12,0.8567717192717194
bf6f0d_2023-06,0.6251600985221675
6f5e2b_2022-10,0.6873964677060609
a25664_2018-05,0.05393374741200828
db4cd8_2019-10,0.38383033653072773
9af74c_2018-01,0.22081300813008128
1698cf_2015-02,0.0
c5816f_2015-12,0.014814814814814814
b416b1_2024-01,0.8908549783549782
14fe3a_2024-10,0.8096838071838072
db4cd8_2023-03,0.9658333333333333
8b98f3_2022-08,0.04017713365539453
7e646c_2025-07,0.17429126899964653
0f9e86_2016-04,0.0
0ffc2d_2022-05,0.04017713365539453
0ffc2d_2024-01,0.4144884662134657
74b7d1_2023-04,0.2707625030795763
4718d7_2024-01,0.9958333333333332
77e86b_2018-01,0.06160570508396594
ab32d7_2023-07,0.04017713365539453
f461d4_2023-09,0.9405231760847638
11f0e3_2018-02,0.17700588611836876
6f5e2b_2025-07,0.8869348894348894
5ecf9b_2022-11,0.025362318840579712
cd0e60_2023-04,0.32828282828282823
6f5e2b_2023-07,0.9019348894348894
0f9e86_2018-03,0.2189082462253194
0ffc2d_2024-08,0.648806715063521
0f9e86_2017-08,0.20651349122186877
99c11c_2024-01,0.8326918760684059
7e646c_2024-04,0.014814814814814814
5a0174_2025-07,0.9745448179271708
94f933_2023-10,0.0
0ffc2d_2021-01,0.023510466988727857
f461d4_2024-06,0.7406117343685403
5ecf9b_2023-04,0.023510466988727857
4718d7_2024-09,0.7406117343685403
6f5e2b_2024-03,1.0
0f9e86_2018-12,0.23946380178087495
0ffc2d_2020-11,0.023510466988727857
0874ee_2015-04,0.11571984042821795
11f0e3_2015-11,0.0
0f9e86_2017-06,0.38117380187073313
6da35b_2023-09,0.0
74b7d1_2024-08,0.8291333666333667
8b98f3_2023-06,0.025362318840579712
ab32d7_2022-08,0.023510466988727857
9befc8_2018-12,0.21557491289198608
11f0e3_2017-12,0.24446380178087496
6da35b_2025-08,0.17672086504315412
1698cf_2023-08,0.9416666666666668
1698cf_2025-08,0.8589695214695215
f461d4_2024-09,0.84754095004095
dc4b5e_2025-03,0.8577047952047951
8d0588_2023-04,0.8622262647262648
b59bc0_2021-01,1.0
b0ff51_2022-07,0.8961656586656588
439fde_2022-06,0.8916513851549288
8d0588_2017-07,0.6759343017968831
8d0588_2020-08,0.9883838947173871
8d0588_2023-07,0.8532002907002907
8d0588_2024-01,0.9323421431812807
0cecbd_2021-02,0.7793677152297842
439fde_2015-02,0.023510466988727857
87cfea_2018-02,0.014814814814814814
0874ee_2019-02,0.24576250307957626
8d0588_2023-05,1.0
99c11c_2022-05,0.8016187974808666
8d0588_2022-04,0.9404761904761905
b0ff51_2019-10,0.8658853435965599
b0ff51_2022-09,0.8096838071838072
99c11c_2017-05,0.0
b0ff51_2016-05,0.15035187506025258
b416b1_2014-12,0.0
8005b9_2015-03,0.0
8d0588_2015-05,0.18224157955865272
8d0588_2018-02,0.5227970387738168
b59bc0_2021-03,0.968939393939394
b59bc0_2022-06,0.9048368298368299
99c11c_2018-04,0.0
8d0588_2020-12,1.0
0cecbd_2019-07,0.47686273701405596
b0ff51_2024-04,0.9904761904761905
8d0588_2015-04,0.2189082462253194
8d0588_2019-04,0.8147081600686986
b59bc0_2023-09,0.9582352941176471
439fde_2022-07,0.8975
8d0588_2014-05,0.02857142857142857
8d0588_2023-02,0.8685822510822512
c3a69f_2023-06,0.7622248580869272
b416b1_2019-02,0.24136856368563686
8d0588_2025-03,0.97
b0ff51_2017-01,0.7793677152297842
b0ff51_2018-11,0.9437755871579402
0cecbd_2023-03,0.6179516358463728
74b7d1_2017-04,0.16303523035230355
b416b1_2019-09,0.9019348894348894
b416b1_2022-03,0.41546673632880526
b59bc0_2017-05,0.48153398779079365
0cecbd_2024-09,0.7556117343685402
34889b_2025-04,0.9787114845938376
8d0588_2018-07,0.9537114845938376
8d0588_2020-11,0.9628759925175807
b59bc0_2016-05,0.24403622254859308
b0ff51_2021-08,1.0
b0ff51_2022-10,0.9476508785332316
c3a69f_2020-11,0.8313297667245034
8d0588_2019-01,0.8923917748917749
77e86b_2014-08,0.04017713365539453
b0ff51_2016-11,0.7907962866583557
0874ee_2021-05,0.8529954954954955
b0ff51_2021-10,1.0
87cfea_2017-12,0.014814814814814814
99c11c_2017-06,0.0
74b7d1_2019-07,0.27018324873695965
fc77d0_2022-04,0.7793677152297842
87cfea_2017-08,0.014814814814814814
fc77d0_2019-12,0.9592920961990157
83894c_2016-08,0.0
87cfea_2017-05,0.0
87cfea_2017-04,0.0
b416b1_2025-09,1.0
14fe3a_2022-08,0.8096838071838072
8b98f3_2024-07,0.1808130081300813
fc77d0_2023-09,0.7784688772256831
a42d13_2022-03,0.9315039081043492
9af74c_2016-05,0.3099494949494949
7199cf_2024-09,0.06562782294489612
fb737b_2023-12,0.5564744860183293
f461d4_2020-08,0.9019348894348894
a25664_2023-06,0.7406117343685403
fc77d0_2022-07,0.723468877225683
fc77d0_2024-09,0.7784688772256831
1822ea_2023-12,0.9230080213903744
77b3b9_2025-05,0.8679954954954955
8b98f3_2024-09,0.2098468245552021
4fb2d3_2023-04,0.665949572206378
6224d0_2022-08,0.5293500797448166
fc77d0_2024-08,0.8286534295154985
265164_2023-07,0.0
6f5e2b_2022-04,0.898363460863461
6224d0_2025-06,0.8286534295154985
a42d13_2022-04,0.9269348894348894
9af74c_2025-07,0.9151701835525365
987bc1_2019-09,0.4009657098727546
175155_2024-05,0.88754095004095
a42d13_2020-12,0.8907227633576813
4fb2d3_2017-05,0.2753174603174603
1698cf_2025-05,0.8228841987462678
6f5e2b_2023-11,0.9863095238095237
a25664_2023-08,0.7406117343685403
987bc1_2022-08,0.648806715063521
fc77d0_2023-10,1.0
92dcdd_2021-12,0.08148148148148147
1698cf_2023-01,0.8961656586656588
f461d4_2019-03,0.7825760741094845
6838b9_2017-12,0.07536231884057971
90abb1_2023-03,1.0
7199cf_2024-07,0.06562782294489612
7199cf_2025-01,0.15828716166003895
259a19_2014-10,0.016666666666666666
92dcdd_2022-10,0.46450348432055755
ab32d7_2024-11,0.2066495829638038
022433_2025-01,0.23817176029415324
829a72_2015-12,0.0
987bc1_2021-01,0.8096838071838072
987bc1_2021-08,0.9019348894348894
175155_2022-07,0.6875626959247649
259a19_2021-01,0.9028679653679653
1bdb97_2022-01,0.0
c3a69f_2015-01,0.025362318840579712
c0f884_2025-08,0.04523809523809523
1698cf_2020-11,0.7872055530676221
259a19_2019-07,0.7793677152297842
8b98f3_2024-04,0.16705639437346756
5ecf9b_2025-02,0.21544504276211596
0874ee_2015-02,0.04869565217391304
14fe3a_2023-01,0.9094009527833057
1b9e65_2024-01,0.6251600985221675
fc77d0_2022-09,0.4991230151577012
4fb2d3_2025-02,0.944674688057041
7199cf_2023-11,0.0
6224d0_2019-09,0.4853571428571429
c3a69f_2021-07,0.8567717192717194
0e8d73_2024-06,0.008695652173913044
532867_2024-05,0.016666666666666666
439fde_2019-04,0.2651875901875902
6f5e2b_2020-09,0.898363460863461
5ecf9b_2025-03,0.2957625030795762
0874ee_2019-09,0.3742257065427797
6838b9_2018-10,0.014814814814814814
9af74c_2023-02,0.704705553067622
4fb2d3_2019-11,0.9434842118665647
1698cf_2021-12,0.9290686274509804
259a19_2020-10,0.8529954954954955
8b98f3_2025-07,0.20794206265044018
fc77d0_2017-02,0.44280835462986223
6838b9_2018-02,0.04680814192975077
a42d13_2020-09,0.86254095004095
b08ec1_2015-01,0.016666666666666666
fb737b_2024-05,0.4534126984126984
6f5e2b_2019-03,0.7406117343685403
e60b65_2025-05,0.8376794035414725
fc77d0_2023-01,0.9290686274509804
265164_2023-12,0.025362318840579712
fb737b_2024-12,0.5412955323819169
f461d4_2022-12,0.9019348894348894
4fb2d3_2022-10,0.648806715063521
a42d13_2021-03,0.8895897818850692
fb737b_2022-01,0.3666161616161616
a25664_2016-09,0.014814814814814814
ab32d7_2024-01,0.05081300813008131
bc4c03_2022-01,0.906439393939394
532867_2024-08,0.008695652173913044
987bc1_2021-09,0.9019348894348894
34889b_2014-12,0.016666666666666666
987bc1_2021-05,0.9558613837812417
6224d0_2021-09,0.9347727272727273
5a0174_2025-06,0.9904761904761905
0874ee_2017-05,0.45494949494949494
4fb2d3_2025-05,0.8415288722249258
6224d0_2023-07,0.665949572206378
0e8d73_2025-08,0.19571984042821794
34889b_2015-02,0.016666666666666666
265164_2025-06,0.1811833785004517
6224d0_2020-10,0.9684842118665647
f461d4_2023-08,0.906439393939394
a25664_2016-10,0.014814814814814814
fc77d0_2022-05,0.762224858086927
6838b9_2025-03,0.9269348894348894
532867_2025-05,0.0
4718d7_2022-07,0.644997191253997
92dcdd_2024-03,0.919674688057041
0874ee_2018-12,0.2687788623638905
6838b9_2024-05,0.7503845208891664
987bc1_2015-04,0.04017713365539453
4fb2d3_2025-07,0.7898974486542545
6224d0_2024-05,0.8286534295154985
6224d0_2025-01,1.0
4718d7_2022-06,0.7907962866583557
8fabe0_2014-07,0.0
948a11_2022-10,0.0
1822ea_2021-09,0.9958333333333332
bf6f0d_2017-08,0.1689082462253194
0e8d73_2024-12,0.0
bf6f0d_2025-02,0.793468877225683
1822ea_2022-05,0.7406117343685403
92dcdd_2019-02,0.0
e7a56d_2014-06,0.05393374741200828
b08ec1_2022-03,0.704705553067622
77b3b9_2023-12,0.9958333333333332
6838b9_2025-07,0.8475091391424755
6838b9_2025-05,0.7841282178850237
8005b9_2021-11,0.696265664160401
f4d28d_2025-08,0.016666666666666666
375f2e_2018-04,0.07907607044160543
bf6f0d_2023-05,0.9401701835525366
4f2b6b_2023-04,0.023510466988727857
731908_2020-11,0.7793677152297842
9befc8_2023-06,0.3800793650793651
1822ea_2021-11,0.9745448179271708
b08ec1_2023-04,0.648806715063521
424c1b_2024-11,0.0
77b3b9_2023-03,0.8869348894348894
b416b1_2023-12,0.9040902724726253
b416b1_2024-06,0.9480080213903743
a25664_2023-11,0.8228841987462678
4f2b6b_2024-01,0.014814814814814814
fb34b4_2023-03,0.14762460233297986
9befc8_2023-03,0.5911466165413535
77b3b9_2023-06,0.8265669240669242
bc4c03_2014-06,0.008695652173913044
4fb2d3_2014-10,0.008695652173913044
948a11_2023-02,0.023510466988727857
a25664_2020-12,0.7520403057971117
90abb1_2024-01,0.9898866535745559
90abb1_2015-04,0.04017713365539453
90abb1_2024-04,0.817224858086927
77b3b9_2024-06,0.864424066924067
b08ec1_2023-03,0.559777725363571
1822ea_2020-08,0.9302489177489177
9af74c_2023-03,0.9408333333333333
77b3b9_2024-10,0.9019348894348894
34889b_2015-04,0.09523809523809523
948a11_2024-02,0.6421621621621622
c48018_2017-05,0.2330352303523035
92dcdd_2024-11,0.8322248580869271
6224d0_2014-11,0.0
948a11_2022-02,0.0
531356_2023-01,0.6758309147260128
e2314a_2015-05,0.0
e2314a_2015-09,0.0
60a0fd_2015-03,0.03148148148148148
7a007d_2025-03,0.5420238095238096
e2314a_2017-04,0.09349789641551644
e2314a_2025-07,0.9597727272727272
0cecbd_2021-05,0.8472262647262647
0cecbd_2024-11,0.9780080213903742
531356_2015-08,0.0
06534f_2019-07,0.736669451420314
0cecbd_2017-02,0.21104862638437633
0cecbd_2025-08,0.8104601938804594
3db670_2024-09,1.0
b1de95_2023-07,0.9882352941176471
b1de95_2025-01,1.0
db5006_2016-08,0.0
db5006_2024-08,0.8096838071838072
531356_2019-12,0.625845701364048
e83244_2024-07,0.8961656586656588
b1de95_2023-03,0.9708333333333332
b1de95_2025-06,0.975
1b9e65_2019-05,0.258089859700904
e83244_2025-05,0.9363095238095237
b1de95_2025-03,0.9958333333333332
1b9e65_2022-01,0.8015518750351125
e2314a_2016-06,0.0
e2314a_2023-03,0.8114556273176963
e83244_2022-10,0.9542252330042789
0cecbd_2022-08,0.8961656586656588
0cecbd_2023-02,0.6829516358463728
e83244_2024-11,0.9745448179271708
06534f_2017-04,0.7082418936245791
0cecbd_2024-12,0.817224858086927
f4604d_2019-04,0.2128115357362211
e83244_2015-01,0.04017713365539453
0cecbd_2025-02,0.7208087787035156
b73bc7_2015-01,0.07938443670150988
1b9e65_2025-07,0.6421621621621622
531356_2023-10,0.6998222606843297
e2314a_2014-11,0.023510466988727857
e2314a_2019-02,0.7234688772256831
e83244_2024-10,1.0
531356_2020-02,0.5956789085736455
531356_2020-06,0.8553787878787877
db5006_2020-06,0.817224858086927
175155_2020-04,0.8664777395182839
e2314a_2015-04,0.0
e83244_2023-09,0.7793677152297842
0cecbd_2017-04,0.2936507936507936
29849f_2024-12,0.8553787878787877
f4604d_2023-11,0.8344297633960508
987bc1_2016-04,0.025362318840579712
531356_2018-12,0.2968939393939394
e2314a_2021-01,0.8794566353187043
60a0fd_2014-06,0.0
3db670_2024-08,0.9745448179271708
db5006_2024-01,0.8529954954954955
29849f_2024-01,0.7613260200828259
e2314a_2019-12,0.8758333333333332
e2314a_2025-08,0.8273887032507723
e83244_2023-02,0.648806715063521
e83244_2024-04,0.9363095238095237
06534f_2019-01,0.7793677152297842
0cecbd_2021-07,0.9097727272727273
1b9e65_2019-07,0.5503571428571429
1b9e65_2021-07,0.8630447447411103
f4604d_2016-08,0.0
e83244_2015-04,0.0
0cecbd_2023-10,0.84754095004095
b1de95_2019-11,0.924479686979687
db5006_2019-04,0.2526295178265261
b73bc7_2018-05,0.37535714285714283
1b9e65_2017-10,0.3566161616161616
1b9e65_2022-02,0.7736293722009383
e2314a_2016-04,0.0
0cecbd_2015-03,0.014814814814814814
0cecbd_2025-05,0.7841282178850237
1b9e65_2018-09,0.24909583641290958
1b9e65_2019-01,0.21591756358540568
1b9e65_2020-12,0.817224858086927
f4604d_2019-10,0.5600193050193051
db5006_2018-04,0.03581952904203102
db5006_2025-06,0.774620678780343
0cecbd_2015-06,0.014814814814814814
e83244_2018-05,0.22571984042821797
531356_2022-11,0.6633904303368033
545d15_2019-07,0.014814814814814814
e2314a_2025-01,0.8894566353187043
e2314a_2025-04,0.8914393939393939
e83244_2016-03,0.0
f4604d_2021-08,0.8246838071838072
e83244_2024-02,0.906439393939394
06534f_2023-12,1.0
29849f_2022-07,0.7793677152297842
db5006_2017-02,0.24576250307957626
531356_2024-02,0.8496095571095571
545d15_2018-12,0.0
531356_2023-06,0.6754812804570512
e2314a_2019-03,0.6296633060822602
e83244_2018-03,0.17429126899964653
e3af0e_2018-04,0.07935037974743979
0cecbd_2015-05,0.023510466988727857
e83244_2025-03,0.9840686274509803
3db670_2019-11,0.9613095238095237
b1de95_2019-10,0.9209082584082584
db5006_2022-08,0.7793677152297842
f4604d_2024-01,0.8758549783549782
f4604d_2024-07,0.968939393939394
531356_2023-12,0.7901942355889725
e2314a_2024-03,0.898363460863461
60a0fd_2018-02,0.1212237443992115
29849f_2020-01,0.5441565861531794
f4604d_2024-06,0.968939393939394
175155_2021-04,0.9475998089677933
7a007d_2024-06,0.5675
29849f_2017-03,0.17701854172691925
06534f_2019-02,0.7234688772256831
829a72_2016-03,0.023510466988727857
0cecbd_2019-04,0.297280690955042
b73bc7_2018-03,0.6254323308270677
c580aa_2018-06,0.6217281265067769
3a13b3_2019-09,0.9708333333333332
175155_2017-11,0.24370968610324564
022433_2021-03,0.02857142857142857
af81b0_2020-03,0.6829516358463728
b1de95_2018-12,0.6250193050193051
8fb6f0_2018-05,0.18849584541101244
6da35b_2025-03,0.20532541899823462
29849f_2014-12,0.023510466988727857
29849f_2017-05,0.2303518750602526
af81b0_2020-01,0.8233437439856651
c580aa_2019-11,0.9708333333333332
7a007d_2014-09,0.11871635610766045
98a151_2015-10,0.014814814814814814
e361b7_2020-07,0.9334350597285326
8fb6f0_2018-02,0.10047619047619047
c580aa_2019-03,0.8884828317592053
f4604d_2018-02,0.14429126899964653
f1543b_2019-11,0.5911466165413535
894378_2020-05,0.9230080213903744
e3af0e_2019-03,0.3911701509872242
7bf5c9_2023-10,0.667441531319997
7bf5c9_2023-11,0.44576069614136904
3db670_2019-04,0.7793677152297842
6da35b_2023-11,0.0
db5006_2015-10,0.014814814814814814
022433_2022-12,0.15843663655565693
175155_2018-09,0.2707625030795763
f4604d_2014-11,0.023510466988727857
af81b0_2015-01,0.023510466988727857
d86999_2020-06,0.817224858086927
7a007d_2015-01,0.0
c580aa_2018-12,0.8250626959247649
1b9e65_2017-07,0.38994949494949493
f4604d_2025-02,1.0
af81b0_2015-02,0.023510466988727857
c580aa_2015-07,0.0
b1de95_2019-06,0.8337616546237235
022433_2020-11,0.023510466988727857
545d15_2021-06,0.2144035637552379
f4604d_2025-05,0.9347727272727273
db5006_2020-10,0.8680473689094379
b08ec1_2021-10,0.8566187974808666
f4d28d_2024-10,0.06562782294489612
77e86b_2015-06,0.05079572377231985
375f2e_2019-05,0.30409583641290955
c580aa_2019-08,0.9840686274509803
b1de95_2023-04,0.9458333333333332
e60b65_2014-07,0.04017713365539453
b73bc7_2024-04,0.9302489177489177
531356_2021-10,0.8758188299511438
99c11c_2017-10,0.0
29849f_2015-04,0.05714285714285714
e2314a_2022-11,0.9302489177489177
83894c_2025-06,0.8925942300942301
90abb1_2023-06,0.7227494136586937
bf6f0d_2015-02,0.008695652173913044
af81b0_2014-07,0.0
a97df3_2025-05,0.8096838071838072
90abb1_2023-01,0.9347727272727273
b416b1_2017-10,0.3881847362268448
531356_2017-07,0.24815061237485952
531356_2019-01,0.30223335253964434
439fde_2015-03,0.024743672829381454
77e86b_2015-10,0.0
1b9e65_2015-08,0.0
8005b9_2020-10,0.9019348894348894
bf6f0d_2018-10,0.5111466165413534
532867_2024-01,0.1459647396874388
e83244_2020-12,0.9780080213903742
1822ea_2016-09,0.06640262308412945
375f2e_2020-08,0.9684842118665647
77b3b9_2024-02,0.855220485376252
bf6f0d_2021-08,0.47251170120942304
bf6f0d_2024-12,0.9269348894348894
af81b0_2019-03,0.4798321045755811
987bc1_2022-06,0.8211123786123787
6838b9_2025-01,0.9495055892738777
c580aa_2019-07,0.9865275892968508
f4604d_2025-04,0.9684842118665647
dc4b5e_2022-07,0.06699535419766525
531356_2020-07,0.851534225614647
c3a69f_2017-02,0.05217391304347826
a97df3_2022-07,0.08060041407867494
fb737b_2022-12,0.1747769621682665
4ee2d2_2025-06,0.008695652173913044
29849f_2016-11,0.23780668855184514
3db670_2025-03,0.9840686274509803
f4d28d_2024-09,0.04017713365539453
3a13b3_2018-06,0.38189393939393945
f4604d_2016-05,0.0
f4604d_2021-05,0.8603830813163571
af81b0_2019-07,0.3742257065427797
a97df3_2022-09,0.16573895136622457
bf6f0d_2017-02,0.05217391304347826
99c11c_2017-08,0.0
f4604d_2022-03,0.8211123786123787
e2314a_2020-11,0.9369861313738426
a97df3_2024-10,0.7406117343685403
9af74c_2014-11,0.023510466988727857
bf6f0d_2021-06,0.8666346603229185
af81b0_2019-12,0.7406117343685403
b416b1_2021-11,0.8096838071838072
f4604d_2015-05,0.04017713365539453
bf6f0d_2021-10,0.5908743842364532
bf6f0d_2024-07,0.7406117343685403
1b9e65_2016-06,0.04017713365539453
8b98f3_2021-11,0.03148148148148148
c580aa_2024-08,1.0
1bdb97_2024-09,0.09229448961156278
bc4c03_2016-10,0.2134375096343093
bf6f0d_2019-09,0.3337318815357196
b73bc7_2019-10,0.9851662872658652
531356_2021-07,0.7406117343685403
e83244_2021-03,0.9684842118665647
1bdb97_2022-05,0.008695652173913044
1bdb97_2022-10,0.0
7199cf_2023-10,0.008695652173913044
b644ac_2024-06,0.060052910052910045
88a9a6_2018-03,0.03148148148148148
4fb2d3_2017-01,0.12095793566631319
1bdb97_2022-12,0.0
60a0fd_2023-01,0.6638067150635208
88a9a6_2020-10,0.5401465621751209
1bdb97_2021-08,0.05714285714285714
db4cd8_2017-02,0.10047619047619047
293190_2026-04,0.9062012987012988
88a9a6_2018-05,0.14298801581852366
b08ec1_2017-01,0.17095793566631318
a25664_2022-09,0.4802272727272728
9b46ed_2016-05,0.014814814814814814
f461d4_2020-03,0.9698755154265741
293190_2019-07,0.4537711610882342
98a151_2024-04,0.7161341244961935
9b46ed_2018-05,0.09026915113871635
293190_2020-07,0.36189393939393943
74fb1f_2019-11,0.22914634146341464
88a9a6_2017-04,0.2630352303523035
4fb2d3_2020-07,0.9278679653679653
829a72_2018-07,0.4546090985853214
9b46ed_2016-12,0.24356526705206205
293190_2024-09,0.9684842118665647
e2e0ce_2017-10,0.2846856816079594
cd0e60_2019-12,0.04017713365539453
e3af0e_2021-12,0.633765664160401
9b46ed_2019-10,0.43516308787489794
f500c5_2021-12,0.6254409633189187
e7a56d_2017-06,0.18651349122186875
b1de95_2024-09,0.9840686274509803
4f2b6b_2023-02,0.014814814814814814
f500c5_2018-05,0.07536231884057971
9b46ed_2015-05,0.014814814814814814
1bdb97_2023-03,0.04017713365539453
293190_2020-04,0.6875626959247649
c5df88_2023-11,0.9302489177489177
a25664_2025-04,0.9347727272727273
60a0fd_2020-10,0.8758333333333332
1bdb97_2023-01,0.0
cd0e60_2021-03,0.05393374741200828
e3af0e_2021-10,0.9802489177489176
2ab8ad_2019-11,0.27668707485382227
74fb1f_2020-06,0.6319921703963091
88a9a6_2019-11,0.28998985979851455
b644ac_2024-09,0.060052910052910045
f1543b_2019-09,0.4853571428571429
9b46ed_2016-02,0.014814814814814814
3a13b3_2015-07,0.0
3a13b3_2015-08,0.0
92dcdd_2024-05,0.7688257895575216
9b46ed_2019-11,0.40988531009712015
2ab8ad_2016-09,0.014814814814814814
fc77d0_2019-11,0.8724999999999999
6838b9_2022-02,0.2740958364129096
74fb1f_2020-05,0.8490777465777466
b08ec1_2016-08,0.20081300813008132
cd0e60_2020-05,0.04017713365539453
88a9a6_2020-04,0.4268939393939394
293190_2016-11,0.20794206265044018
e2e0ce_2016-12,0.16388097390180206
c5df88_2020-11,0.8553540712161402
74fb1f_2024-12,0.9314393939393939
92dcdd_2019-08,0.0
92dcdd_2025-03,0.9019348894348894
829a72_2020-03,0.9151701835525365
9b46ed_2018-04,0.17224157955865274
9b46ed_2024-06,0.9802489177489176
293190_2015-09,0.014814814814814814
c5df88_2025-04,0.9336484345263498
7aa803_2018-05,0.12342042439480835
e3af0e_2022-05,0.8961656586656588
7199cf_2024-08,0.04338624338624338
f500c5_2014-05,0.07536231884057971
f500c5_2014-07,0.014814814814814814
a97df3_2019-08,0.014814814814814814
f500c5_2015-01,0.014814814814814814
f500c5_2022-12,0.3408923732094464
f500c5_2015-02,0.0
5ecf9b_2024-09,0.2991945261922329
1996b0_2023-10,0.0
a97df3_2019-11,0.014814814814814814
829a72_2019-11,0.5838570386665064
7bf5c9_2021-12,0.7234688772256831
cd0e60_2021-09,0.33522727272727276
06534f_2014-11,0.0720496894409938
7bf5c9_2017-06,0.06884057971014493
e2314a_2020-09,0.906439393939394
b07578_2024-09,0.12429126899964651
b1de95_2017-04,0.30409583641290955
06534f_2016-09,0.21557491289198608
92dcdd_2023-05,0.7793677152297842
fb737b_2020-09,0.023510466988727857
fc77d0_2014-08,0.0
b1de95_2017-05,0.38522727272727275
3db670_2025-07,0.986170354973072
b73bc7_2014-07,0.053040909702515494
cd0e60_2021-06,0.18318015788853542
e83244_2022-04,0.925585792591795
3db670_2019-07,0.9958333333333332
7bf5c9_2016-04,0.03148148148148148
fb737b_2020-10,0.014814814814814814
4f2b6b_2025-05,0.10605110336817654
6838b9_2025-04,0.8211123786123787
731908_2016-07,0.08705639437346754
e2314a_2024-02,0.9863095238095237
7a007d_2017-04,0.1282126702967618
c580aa_2025-04,0.926677489177489
a25664_2021-05,0.9230080213903744
0e8d73_2025-05,0.127479674796748
e3af0e_2015-10,0.037267080745341616
f1543b_2022-01,0.48001518022699025
88a9a6_2015-09,0.0
06534f_2015-11,0.014814814814814814
bc4c03_2015-12,0.03148148148148148
06534f_2015-10,0.014814814814814814
af81b0_2018-11,0.49869047619047613
e7a56d_2017-01,0.26888888888888884
6838b9_2020-10,0.4002272727272727
5ecf9b_2025-09,0.4215211904230656
bc4c03_2018-03,0.2537374815817869
60a0fd_2016-05,0.04523809523809523
f500c5_2017-06,0.20224157955865274
c580aa_2018-01,0.8228841987462678
d59611_2016-02,0.014814814814814814
18defd_2015-06,0.0
74b7d1_2017-11,0.0634496837384539
7a007d_2020-02,0.6556168493736552
c580aa_2017-06,0.6998222606843297
92dcdd_2021-02,0.2772222222222222
259a19_2022-03,0.9097727272727273
edda84_2025-02,0.17957986508643456
1996b0_2025-07,0.3347619047619047
18defd_2016-11,0.203540280857354
7a007d_2021-04,0.8421189123484563
7a007d_2023-11,0.8869348894348894
db4cd8_2021-01,0.8600128544771277
1996b0_2025-06,0.20113046844754162
d59611_2015-12,0.0
e7a56d_2016-11,0.24890824622531937
9af74c_2017-10,0.2630352303523035
4718d7_2016-12,0.12095793566631319
5a0174_2024-02,0.9904761904761905
18defd_2016-09,0.18378589830898848
780a0b_2018-02,0.06884057971014493
5a0174_2022-04,0.9269348894348894
8fabe0_2022-02,0.8961656586656588
98a151_2016-05,0.08535752612529632
7a007d_2020-07,0.6556168493736552
3db670_2016-05,0.0
f461d4_2025-08,0.9263969928754434
90abb1_2020-04,0.906439393939394
8d0588_2020-04,1.0
b0ff51_2022-01,1.0
6f5e2b_2018-10,0.5911466165413535
a42d13_2015-09,0.04017713365539453
bf6f0d_2017-07,0.16557491289198606
b0ff51_2017-10,0.7797352925932529
8d0588_2016-11,0.648806715063521
b0ff51_2015-06,0.18687361419068735
8d0588_2016-06,0.5675
8d0588_2017-01,0.6082894736842105
a97df3_2022-04,0.2230352303523035
9af74c_2018-10,0.6080172413793103
74fb1f_2015-09,0.05217391304347826
4fb2d3_2017-08,0.1508130081300813
fb34b4_2022-11,0.04017713365539453
14fe3a_2015-10,0.008695652173913044
293190_2016-03,0.10605110336817654
77e86b_2017-11,0.22701854172691927
a97df3_2023-01,0.19571984042821794
2ab8ad_2015-07,0.014814814814814814
b1de95_2015-09,0.014814814814814814
a97df3_2021-12,0.20794206265044018
293190_2016-01,0.05393374741200828
293190_2015-12,0.023510466988727857
9af74c_2020-05,1.0
259a19_2021-04,0.9863095238095237
4fb2d3_2020-05,0.8886856254549803
fb34b4_2022-03,0.04017713365539453
77b3b9_2016-07,0.1887093262775383
77b3b9_2017-07,0.1278020285969148
1822ea_2020-10,1.0
af81b0_2024-05,0.4966873923665346
f500c5_2019-08,0.2235832034584412
1bdb97_2021-07,0.04017713365539453
3a13b3_2019-08,0.9840686274509803
bf6f0d_2021-04,0.9019348894348894
fd589c_2020-08,0.86254095004095
19fa84_2020-06,0.8703787878787879
19fa84_2020-04,0.8981796316699727
92dcdd_2020-04,0.0
c3a69f_2016-05,0.0
19fa84_2020-05,0.8670454545454545
e4bc80_2018-09,0.4772222222222222
19fa84_2020-08,0.8237849691797059
2ab8ad_2015-11,0.014814814814814814
439fde_2015-08,0.07143089862268436
0ffc2d_2021-05,0.2042912689996465
3db670_2022-11,1.0
bf6f0d_2016-10,0.14762460233297986
9f1aa0_2015-10,0.014814814814814814
987bc1_2015-11,0.03148148148148148
34889b_2016-06,0.3326567850939276
3db670_2025-04,0.9363095238095237
c3a69f_2017-06,0.13106280193236713
0ffc2d_2025-09,0.8367293625914316
4fb2d3_2017-06,0.27658503572336324
987bc1_2015-10,0.03148148148148148
3db670_2022-12,0.9958333333333332
6c1954_2020-07,0.15367096972105884
a25664_2015-06,0.04017713365539453
6838b9_2018-09,0.014814814814814814
4fb2d3_2017-03,0.1897018970189702
b416b1_2016-11,0.25642827730260626
e60b65_2020-10,0.8972619047619048
fc77d0_2016-05,0.2368736141906874
11f0e3_2014-11,0.03148148148148148
987bc1_2015-08,0.07546058302058582
e60b65_2021-04,0.9530608385287858
6224d0_2022-04,0.9097727272727273
e60b65_2021-09,0.9347727272727273
e60b65_2022-05,0.9347727272727273
4fb2d3_2021-03,0.88754095004095
e60b65_2022-02,0.9347727272727273
b73bc7_2016-08,0.27994949494949495
9befc8_2015-02,0.0
175155_2016-05,0.008695652173913044
175155_2016-11,0.14651787375542868
06534f_2020-07,0.9802489177489176
0f9e86_2014-12,0.0
0f9e86_2015-01,0.0
6224d0_2016-12,0.17095793566631318
3a13b3_2017-04,0.19240735828102462
175155_2016-12,0.1944654736018573
6224d0_2017-12,0.18318015788853542
a42d13_2015-12,0.023510466988727857
a42d13_2016-01,0.023510466988727857
6224d0_2018-08,0.4734126984126984
f500c5_2015-07,0.08871635610766045
1698cf_2016-12,0.1422944896115628
d59611_2021-03,0.8589695214695215
1698cf_2016-11,0.15786961818036255
db4cd8_2017-01,0.16827332559039876
6f5e2b_2021-03,0.8679954954954955
8d0588_2015-08,0.023510466988727857
bc4c03_2016-09,0.14429126899964653
14fe3a_2015-08,0.029093393695094883
4718d7_2018-11,0.7368022105590163
a25664_2016-04,0.014814814814814814
db4cd8_2021-02,0.8567717192717194
af81b0_2018-09,0.6439285963778324
3a13b3_2016-05,0.06160570508396594
90abb1_2017-01,0.45494949494949494
90abb1_2025-09,0.8687136195894454
bf6f0d_2017-10,0.2800697768234995
7a007d_2016-04,0.03905298229087624
c580aa_2017-04,0.648806715063521
f500c5_2017-10,0.14571984042821795
77b3b9_2017-03,0.23414634146341462
a42d13_2017-10,0.4002272727272727
1b9e65_2016-12,0.175770017810297
1b9e65_2016-08,0.023510466988727857
1b9e65_2016-11,0.22724157955865273
1b9e65_2016-09,0.04017713365539453
bc4c03_2016-05,0.14429126899964653
3db670_2021-02,0.9896295800083728
b1de95_2023-08,1.0
3db670_2020-07,0.9434842118665647
b73bc7_2016-06,0.1680898653605461
6f5e2b_2016-09,0.4203174603174603
259a19_2015-09,0.0
8005b9_2015-11,0.014125974729419438
77b3b9_2016-11,0.19762460233297985
14fe3a_2016-02,0.001227956407856143
bf6f0d_2018-11,0.5662304427035868
14fe3a_2016-01,0.0
14fe3a_2016-03,0.001699043514097347
7a007d_2017-03,0.19607103922566232
f1543b_2016-10,0.10966134276746989
dc4b5e_2019-04,0.014814814814814814
f1543b_2017-01,0.05393374741200828
8e41cf_2020-05,0.817224858086927
74fb1f_2017-07,0.16497327870280934
6224d0_2017-07,0.014814814814814814
b416b1_2018-07,0.26803523035230353
b416b1_2018-09,0.3000112966797776
b73bc7_2024-05,0.9958333333333332
19fa84_2015-11,0.023510466988727857
7bf5c9_2018-09,0.4225
7bf5c9_2018-08,0.4279383236939137
98a151_2017-07,0.2772222222222222
829a72_2017-06,0.23113046844754162
b1de95_2018-02,0.42674603174603176
c48018_2015-06,0.010066711353905645
60a0fd_2017-10,0.19571984042821794
60a0fd_2018-10,0.6080055265668396
98a151_2020-09,0.9314393939393939
60a0fd_2017-08,0.29645620912445636
98a151_2017-01,0.2694638017808749
7bf5c9_2025-11,0.8930473689094379
7bf5c9_2017-01,0.09285322780038537
98a151_2017-11,0.43428246906296175
3a13b3_2017-11,0.2657625030795763
b08ec1_2016-02,0.0
545d15_2023-10,0.86254095004095
545d15_2021-11,0.24517366430671844
545d15_2025-07,0.9480080213903743
545d15_2022-11,0.5675000000000001
545d15_2023-04,0.8264556273176963
545d15_2021-09,0.17796855890083824
545d15_2023-02,0.7522163413285968
c580aa_2017-05,0.648806715063521
545d15_2022-06,0.40674603174603174
545d15_2024-08,0.9215433573492977
92dcdd_2018-11,0.04523809523809523
9b3bd5_2025-02,0.03383252612281734
77e86b_2016-06,0.0
7bf5c9_2016-01,0.0
a42d13_2017-12,0.3022222222222222
7bf5c9_2016-06,0.15035187506025258
7bf5c9_2017-12,0.10081300813008132
7bf5c9_2017-07,0.3511767150379233
3a13b3_2015-05,0.025362318840579712
531356_2018-08,0.6045470468521448
c5816f_2016-12,0.3099494949494949
3a13b3_2021-08,0.9654761904761905
c580aa_2017-12,0.7406117343685403
8ec563_2016-11,0.31981287818232046
06534f_2017-08,0.817224858086927
f4604d_2017-03,0.3150581281280152
3db670_2021-03,0.9958333333333332
b73bc7_2015-05,0.01546305967964837
c5816f_2020-07,0.9552489177489176
c580aa_2016-08,0.38994949494949493
c580aa_2020-09,1.0
b1de95_2022-02,0.9708333333333332
b1de95_2021-12,1.0
6224d0_2015-11,0.0026554067941094365
db5006_2017-09,0.23113046844754162
6224d0_2016-04,0.014814814814814814
18defd_2017-08,0.19280121058272134
06534f_2018-10,0.8640777465777466
0e8d73_2023-04,0.06884057971014493
af81b0_2016-11,0.08871635610766045
f1543b_2016-07,0.18803523035230355
a42d13_2018-07,0.665949572206378
cd0e60_2023-09,0.4853571428571429
cd0e60_2023-12,0.6826794035414726
cd0e60_2024-08,0.7406117343685403
0cecbd_2015-08,0.014947743149157583
7aa803_2017-05,0.19571984042821794
34889b_2021-03,0.8532002907002907
8005b9_2016-04,0.09454531804496681
0874ee_2017-08,0.24890824622531937
8005b9_2016-07,0.12095793566631319
b08ec1_2017-03,0.3732828282828283
b08ec1_2017-05,0.30123722302862044
74b7d1_2015-06,0.05393374741200828
8fabe0_2015-08,0.006109698794686635
e60b65_2017-09,0.2192980612342136
77e86b_2017-05,0.2121117094287826
fc77d0_2016-07,0.3976274306058203
c5df88_2017-10,0.24890319672038258
4fb2d3_2015-10,0.014814814814814814
4fb2d3_2015-09,0.023510466988727857
4fb2d3_2015-07,0.023510466988727857
0e8d73_2023-02,0.14734609512592617
0874ee_2016-07,0.24636856368563684
dc4b5e_2021-11,0.6533390070958129
34889b_2018-08,0.7635746608053738
dc4b5e_2020-08,0.0627177700348432
a97df3_2022-02,0.44559523809523804
9b46ed_2017-10,0.2957625030795762
b08ec1_2025-09,0.906439393939394
b08ec1_2020-04,0.9062012987012988
a25664_2015-10,0.008695652173913044
b08ec1_2020-05,0.9039203902459428
34889b_2020-09,0.889424066924067
8005b9_2015-05,0.04017713365539453
a97df3_2021-07,0.24446380178087496
74b7d1_2016-05,0.0
a97df3_2021-09,0.23794206265044018
3a13b3_2022-02,0.9745448179271708
af81b0_2017-10,0.3553174603174603
a97df3_2020-05,0.014814814814814814
99c11c_2025-07,0.8135000524093268
a97df3_2021-01,0.04017713365539453
99c11c_2018-10,0.14523809523809522
3a13b3_2022-10,1.0
3db670_2016-08,0.06562782294489612
3db670_2017-10,0.6082894736842105
b73bc7_2017-07,0.2707625030795763
894378_2018-08,0.46450348432055755
f461d4_2018-08,0.7793677152297842
8ec563_2020-05,0.84754095004095
e4bc80_2018-07,0.648806715063521
0cecbd_2020-06,0.8758333333333332
0cecbd_2020-08,0.8707362253780977
60a0fd_2018-09,0.6072002934840439
0cecbd_2020-07,0.86254095004095
e7a56d_2015-12,0.060052910052910045
b0ff51_2015-11,0.05217391304347826
b73bc7_2021-02,0.8273887032507723
c580aa_2022-03,0.9958333333333332
c580aa_2022-06,0.9624268937591764
c580aa_2021-11,0.999970530679219
06534f_2021-10,0.9840686274509803
b73bc7_2020-11,1.0
06534f_2020-12,1.0
b1de95_2022-09,0.7946258053246884
c580aa_2021-03,0.9958333333333332
af81b0_2022-08,0.8520454545454544
af81b0_2021-12,0.8914393939393939
af81b0_2021-06,0.8869348894348894
293190_2018-10,0.30409583641290955
e7a56d_2020-08,0.7784688772256831
5a0174_2018-09,0.4853571428571429
c48018_2022-08,0.6401596391261791
18defd_2020-06,0.8217293625914316
c48018_2020-11,0.7613260200828259
d59611_2016-07,0.3572222222222222
18defd_2021-02,0.7205365463986154
c48018_2021-10,0.6458743842364532
c48018_2023-01,0.6375410509031199
c48018_2018-08,0.45147705059433596
18defd_2021-10,0.6458743842364532
c48018_2022-12,0.6375410509031199
db4cd8_2016-07,0.3153928927682666
18defd_2020-07,0.7784688772256831
18defd_2021-03,0.7205365463986154
1698cf_2017-10,0.21446380178087496
c580aa_2015-11,0.014814814814814814
439fde_2022-08,0.8553787878787877
8fabe0_2020-04,0.9113592394202538
90abb1_2016-09,0.4393650793650794
829a72_2021-04,0.8307220365841056
60a0fd_2016-04,0.03148148148148148
829a72_2016-08,0.0738095238095238
259a19_2017-11,0.24909583641290958
5a0174_2018-10,0.39369047619047615
60a0fd_2016-12,0.12673348161704912
60a0fd_2016-08,0.05393374741200828
8ec563_2017-09,0.24636856368563684
5a0174_2016-06,0.0738095238095238
77e86b_2017-07,0.23924076394914148
e3af0e_2016-02,0.04017713365539453
829a72_2016-10,0.09429126899964653
829a72_2021-01,0.826150380482844
9af74c_2015-07,0.014814814814814814
e3af0e_2016-06,0.1455072463768116
4718d7_2017-12,0.2031888808667952
f461d4_2016-07,0.1455072463768116
e4bc80_2016-11,0.12095793566631319
db5006_2017-10,0.28494949494949495
98a151_2020-04,0.9006701631701631
0f9e86_2020-05,0.761017509584098
c48018_2015-08,0.014814814814814814
98a151_2016-07,0.27136856368563683
0f9e86_2020-04,0.7784688772256831
9af74c_2021-03,1.0
90abb1_2015-06,0.014814814814814814
fc77d0_2018-08,0.5442909881473299
90abb1_2018-07,0.30409583641290955
9af74c_2016-09,0.36982038549252944
9af74c_2017-01,0.3774291697462429
9af74c_2017-09,0.24909583641290958
fc77d0_2018-09,0.5593650793650793
9af74c_2016-07,0.3787118345250876
424c1b_2024-05,0.14014492753623187
77b3b9_2017-10,0.29187361419068736
b73bc7_2018-09,0.9302489177489177
77b3b9_2016-04,0.023510466988727857
bc4c03_2016-03,0.0
439fde_2020-08,0.8395662676683984
439fde_2021-08,0.8836140819964349
7bf5c9_2015-10,0.014814814814814814
6da35b_2025-09,0.45736537668164773
99c11c_2016-06,0.0
c3a69f_2020-04,0.7919660557228616
439fde_2022-11,0.8947727272727273
99c11c_2016-11,0.0
439fde_2023-02,0.9152489177489176
87cfea_2016-03,0.04017713365539453
c3a69f_2016-03,0.0
7a007d_2016-06,0.05915038276654081
f4604d_2017-09,0.21636856368563687
7a007d_2016-12,0.4323701298701299
0cecbd_2017-03,0.2630952380952381
b73bc7_2017-03,0.5503571428571429
74fb1f_2018-11,0.30409583641290955
e3af0e_2015-12,0.04896115627822945
b1de95_2018-07,0.8667826426447117
3db670_2016-11,0.45494949494949494
259a19_2015-10,0.004931183859157773
b73bc7_2023-12,1.0
06534f_2021-11,1.0
1698cf_2016-06,0.025362318840579712
8d0588_2016-01,0.025362318840579712
8d0588_2016-04,0.21057731789439105
a42d13_2017-09,0.3561504928643781
77e86b_2021-06,0.7484495722063781
77e86b_2020-11,0.78053748429429
77e86b_2020-12,0.78053748429429
74b7d1_2016-09,0.0
87cfea_2016-09,0.0
77e86b_2021-10,0.7484495722063781
987bc1_2016-10,0.11762460233297985
439fde_2018-09,0.3148853100971201
987bc1_2016-09,0.11571984042821795
8fabe0_2021-03,0.9863095238095237
83894c_2024-03,0.8326323837000201
513080_2025-09,0.7234688772256831
b416b1_2016-03,0.05685282085745834
b416b1_2016-02,0.023510466988727857
4718d7_2025-04,0.9019348894348894
fb737b_2023-10,0.2957625030795762
f461d4_2022-11,0.898363460863461
f461d4_2023-12,1.0
f461d4_2025-03,0.9787114845938376
d59611_2014-04,0.008695652173913044
90abb1_2022-04,0.7406117343685403
8005b9_2024-05,0.9904761904761905
b08ec1_2018-02,0.025362318840579712
92dcdd_2020-09,0.1270444668507284
29849f_2019-11,0.3000539550447149
e2314a_2024-11,0.9613095238095237
6224d0_2020-02,0.7793677152297842
e60b65_2022-10,0.9347727272727273
f461d4_2024-02,0.879131226696041
a42d13_2017-02,0.374949494949495
4fb2d3_2018-03,0.30409583641290955
92dcdd_2020-10,0.2772222222222222
731908_2019-02,0.36189393939393943
11f0e3_2016-01,0.0
e427f8_2023-10,0.03148148148148148
9befc8_2021-10,0.3293736141906874
780a0b_2014-12,0.0
780a0b_2016-03,0.0
9cf1af_2023-11,0.03148148148148148
9cf1af_2025-07,0.17217391304347826
532867_2024-11,0.06562782294489612
fb737b_2024-06,0.45602085102139245
1698cf_2025-04,0.9019348894348894
77b3b9_2023-01,0.8640777465777466
8005b9_2018-03,0.1860846279332619
fc77d0_2023-06,0.7726996464564523
375f2e_2023-09,0.7793677152297842
af81b0_2024-09,0.7524443698783388
545d15_2019-06,0.08148148148148147
e2314a_2024-06,0.7520403057971117
e83244_2015-06,0.023510466988727857
e60b65_2017-06,0.44785714285714284
a25664_2024-08,0.8536534295154985
1822ea_2025-05,0.817224858086927
731908_2017-04,0.08705639437346754
731908_2021-11,0.30409583641290955
11f0e3_2022-01,0.3980998343222314
a97df3_2024-06,0.7084278263225632
6224d0_2019-02,0.2657625030795763
b416b1_2019-08,0.8337616546237235
bc4c03_2019-03,0.7622248580869272
14fe3a_2023-08,0.923363460863461
375f2e_2019-11,0.6316638579206637
545d15_2020-12,0.19429126899964652
e2314a_2016-01,0.0
c0f884_2025-07,0.023510466988727857
bfbeef_2022-09,0.5219754897864315
b26809_2024-04,0.8211123786123787
dc4b5e_2025-07,0.9958333333333332
780a0b_2021-12,0.44101674641148325
8fb6f0_2014-12,0.0
fb737b_2023-07,0.12506548708759402
175155_2021-10,0.8322248580869271
bc4c03_2023-12,0.9019348894348894
db4cd8_2019-08,0.648806715063521
34889b_2023-12,0.8851709892525799
fc77d0_2024-05,0.9019348894348894
302d40_2025-04,0.24973219701883154
b73bc7_2017-06,0.5911466165413535
987bc1_2022-01,0.8719155844155845
987bc1_2024-04,1.0
780a0b_2022-05,0.46007936507936503
8fb6f0_2016-07,0.08705639437346754
8bd3ce_2023-05,0.665949572206378
8bd3ce_2024-11,1.0
0f9e86_2020-01,0.5007411191047005
9cf1af_2023-12,0.04523809523809523
0ffc2d_2022-12,0.0
6f5e2b_2025-08,0.8225740540699314
175155_2023-02,0.7015520423755011
db4cd8_2019-06,0.3752459875667221
f461d4_2018-03,0.4858688387635756
1698cf_2014-10,0.0
1822ea_2019-06,0.2630352303523035
1822ea_2025-02,0.9097727272727273
fc77d0_2024-03,0.9958333333333332
af81b0_2014-09,0.0
545d15_2020-04,0.01852081219094355
7a007d_2025-05,0.8567717192717194
29849f_2020-03,0.906439393939394
3a13b3_2020-02,0.9958333333333332
b73bc7_2014-11,0.12095793566631319
e83244_2020-08,0.8736874045494736
6224d0_2024-01,0.9904761904761905
fb737b_2020-12,0.025362318840579712
6838b9_2022-07,0.5111466165413534
a42d13_2018-06,0.2297018970189702
375f2e_2018-02,0.04338624338624338
9af74c_2025-01,1.0
987bc1_2023-11,1.0
987bc1_2024-07,0.8613145046439916
92dcdd_2020-11,0.20224157955865274
f24317_2025-08,0.10192217172044962
11f0e3_2024-09,0.9819139253760281
e427f8_2022-08,0.02857142857142857
8fb6f0_2015-03,0.0
8fb6f0_2018-04,0.09550724637681159
8bd3ce_2022-03,0.5655966064586754
8bd3ce_2022-06,0.704705553067622
0f9e86_2015-04,0.0
6224d0_2014-12,0.0
fb737b_2022-06,0.14762460233297986
1698cf_2022-04,0.8566187974808666
34889b_2024-07,0.9007762441585971
9af74c_2022-06,0.7234688772256831
92dcdd_2023-07,0.7234688772256831
c580aa_2015-04,0.09550724637681159
3a13b3_2025-08,0.926677489177489
e2314a_2017-02,0.1422944896115628
e2314a_2019-06,0.7406117343685403
4ee2d2_2024-12,0.0
6838b9_2018-07,0.023510466988727857
a42d13_2024-08,0.8472262647262647
1822ea_2019-12,0.8925942300942301
0ffc2d_2023-12,0.29606181481930893
302d40_2025-02,0.2725740972824748
731908_2019-06,0.30409391283355286
780a0b_2023-07,0.3643384881499205
9befc8_2022-09,0.3099494949494949
7199cf_2024-12,0.06562782294489612
4718d7_2022-02,0.8472262647262647
e60b65_2024-07,0.7520403057971117
175155_2021-12,0.949281646183071
db4cd8_2022-10,0.8096838071838072
db4cd8_2025-04,0.8096838071838072
1698cf_2022-01,0.9172387906211436
34889b_2023-08,0.88754095004095
b08ec1_2024-06,0.8396909214353434
987bc1_2019-07,0.44497324290169227
4fb2d3_2022-04,0.7406117343685403
e83244_2021-08,0.9097727272727273
6224d0_2017-01,0.09429126899964653
e60b65_2018-12,0.665949572206378
f25ffe_2025-06,0.1811833785004517
f25ffe_2025-07,0.20369720261902335
1698cf_2022-10,0.898363460863461
90abb1_2019-03,0.4370128347169027
0ffc2d_2019-06,0.04017713365539453
987bc1_2020-10,0.7838722197342888
fc9334_2023-11,0.6002899686520375
b1de95_2024-07,1.0
1996b0_2025-05,0.21113046844754163
6f5e2b_2018-05,0.16538302277432712
6f5e2b_2019-11,0.7406117343685403
b416b1_2024-08,0.86254095004095
d59611_2025-01,0.9185947493713214
8005b9_2024-03,0.9347727272727273
987bc1_2019-12,0.7406117343685403
545d15_2019-04,0.02030176403618352
7a007d_2024-02,0.2961052505526295
c580aa_2015-02,0.037267080745341616
3db670_2017-02,0.5803330386290109
3db670_2019-12,0.9302489177489177
3db670_2020-03,0.9958333333333332
06534f_2017-02,0.38249999999999995
b73bc7_2023-01,0.9958333333333332
bc4c03_2022-05,0.9347727272727273
77b3b9_2019-10,0.8301902260522951
77b3b9_2024-07,0.82960531269377
0ffc2d_2020-03,0.037267080745341616
987bc1_2019-08,0.36949867073945675
4fb2d3_2024-11,1.0
731908_2017-10,0.04017713365539453
6224d0_2024-02,0.8679954954954955
b416b1_2019-03,0.46450348432055755
532867_2025-03,0.025362318840579712
259a19_2019-12,0.8114556273176963
db4cd8_2021-12,0.8253441171533478
77b3b9_2023-08,0.9000105714336492
d59611_2014-09,0.008695652173913044
d59611_2014-11,0.016666666666666666
34889b_2025-06,0.6945053557080894
14fe3a_2023-11,0.9078407828022591
6224d0_2024-09,0.817224858086927
8fabe0_2023-10,0.9019348894348894
fc77d0_2025-05,0.9269348894348894
375f2e_2025-01,1.0
731908_2018-02,0.04017713365539453
731908_2020-08,0.8170611505709328
9f1aa0_2019-10,0.3614667651681177
fb737b_2024-07,0.6080172413793103
8fabe0_2024-07,0.8589695214695215
6838b9_2019-12,0.1722751322751323
1698cf_2022-05,0.9019348894348894
d59611_2019-06,0.3995034843205575
9af74c_2022-09,0.665949572206378
af81b0_2018-02,0.16686176835622643
f1543b_2019-12,0.35303523035230355
e83244_2017-09,0.1889490869598153
6224d0_2017-05,0.2033333333333333
175155_2019-03,0.7793677152297842
f461d4_2023-03,0.9269348894348894
f25ffe_2025-04,0.025362318840579712
375f2e_2018-06,0.05217391304347826
4fb2d3_2024-03,1.0
780a0b_2021-07,0.4307389686337054
0f9e86_2015-02,0.0
6224d0_2022-12,0.8680473689094379
0e8d73_2024-02,0.0
fb737b_2023-03,0.18224157955865272
b416b1_2022-02,0.735021645021645
b416b1_2024-09,0.86254095004095
b416b1_2024-11,0.8703787878787879
1698cf_2019-08,0.7793677152297842
34889b_2022-04,0.704705553067622
34889b_2025-08,0.6980374842942901
14fe3a_2014-08,0.0
8005b9_2021-05,0.906439393939394
9af74c_2014-08,0.025362318840579712
7a007d_2024-04,0.3628518750602526
e2314a_2014-10,0.008695652173913044
e83244_2025-07,0.9745448179271708
e60b65_2020-05,0.8589695214695215
4ee2d2_2024-11,0.04017713365539453
a25664_2019-05,0.3695034843205575
424c1b_2024-06,0.08447481744370026
90abb1_2019-12,0.898363460863461
0ffc2d_2020-10,0.014814814814814814
987bc1_2020-07,0.8589695214695215
bfbeef_2021-06,0.5025000000000001
dc4b5e_2021-12,0.2119372675417432
dbb709_2024-08,0.17026915113871635
5a0174_2024-04,0.8961656586656588
b416b1_2020-12,0.8255361693367511
b416b1_2021-10,0.8936143461943556
b416b1_2023-01,0.696265664160401
175155_2022-01,0.9434842118665647
b08ec1_2023-09,0.8532002907002907
987bc1_2024-10,0.8937388413268227
175155_2025-07,0.817224858086927
af81b0_2014-06,0.0
06534f_2019-09,0.7793677152297842
f4604d_2024-03,0.8417717192717193
6224d0_2017-11,0.1664275600339868
175155_2018-03,0.24909583641290958
265164_2024-09,0.008695652173913044
375f2e_2018-01,0.09506371972352885
4fb2d3_2021-04,0.889506230785237
731908_2015-02,0.0
510fbf_2025-05,0.3071603200685424
a97df3_2024-07,0.7406117343685403
780a0b_2015-06,0.016666666666666666
780a0b_2018-06,0.11762460233297985
fc9334_2024-06,0.7793677152297842
dbb709_2023-02,0.014814814814814814
dbb709_2024-10,0.4954667363288053
259a19_2023-02,0.735021645021645
a42d13_2025-02,0.90163110344026
77b3b9_2018-06,0.0720496894409938
af81b0_2024-07,0.46450348432055755
7a007d_2023-12,0.817224858086927
3a13b3_2014-12,0.10932163966249742
fc77d0_2014-03,0.016666666666666666
f4d28d_2025-01,0.060052910052910045
4fb2d3_2025-01,1.0
dc4b5e_2022-03,0.21446380178087496
a97df3_2019-12,0.04017713365539453
a97df3_2022-12,0.18681159420289856
fc9334_2025-06,0.9434842118665647
8fb6f0_2015-08,0.025362318840579712
8fb6f0_2019-08,0.6254323308270677
0f9e86_2017-05,0.15000039040987373
f4604d_2019-02,0.17747967479674798
6224d0_2019-08,0.4853571428571429
8fabe0_2019-06,0.5911466165413535
db4cd8_2023-07,0.8839695214695216
8005b9_2025-01,0.9480080213903743
af81b0_2025-04,0.7944021393096625
af81b0_2025-08,0.8961656586656588
545d15_2021-03,0.1423865070948846
b73bc7_2019-08,0.9613095238095237
532867_2025-01,0.08705639437346754
424c1b_2025-06,0.008695652173913044
1822ea_2019-11,0.8586548361548362
265164_2023-06,0.014814814814814814
f4d28d_2025-02,0.11372306104013422
375f2e_2025-04,0.9097727272727273
987bc1_2022-12,0.863323445915617
11f0e3_2025-02,0.7234688772256831
b26809_2025-05,0.7793677152297842
a97df3_2024-05,0.7406117343685403
9befc8_2021-11,0.3742257065427797
0f9e86_2019-07,0.6826794035414726
fc9334_2023-05,0.648806715063521
4718d7_2019-04,0.6179516358463728
4718d7_2021-08,0.8659817917504041
0e8d73_2023-06,0.0
fb737b_2023-08,0.10605110336817654
e60b65_2025-08,0.7784688772256831
8fabe0_2018-04,0.1161559696342305
b416b1_2021-07,0.8622262647262648
1698cf_2023-09,0.9314393939393939
14fe3a_2021-10,0.906439393939394
b08ec1_2024-01,0.7976837748007124
6838b9_2020-09,0.374949494949495
11f0e3_2023-12,0.7793677152297842
0f9e86_2024-02,0.6529926867494926
9cf1af_2025-04,0.2725740972824748
375f2e_2019-04,0.18446380178087496
4718d7_2018-12,0.7713293495602038
0874ee_2019-03,0.2993736141906874
5a0174_2025-05,0.9019348894348894
d59611_2014-10,0.025362318840579712
3db670_2025-08,0.926677489177489
e2314a_2023-08,0.9019348894348894
175155_2019-05,0.44029295800476803
175155_2019-08,0.30522727272727274
a25664_2022-08,0.5877281351050632
77b3b9_2024-12,0.944674688057041
9af74c_2024-12,0.9745448179271708
9af74c_2025-03,0.9540686274509804
4fb2d3_2025-06,0.7898974486542545
92dcdd_2019-09,0.0
92dcdd_2022-12,0.7520403057971117
8e41cf_2025-08,0.7406117343685403
b26809_2025-03,0.8640777465777466
9befc8_2015-03,0.0
0f9e86_2023-03,0.8589695214695215
0e8d73_2024-05,0.0
b416b1_2025-01,0.9726508785332315
f461d4_2019-10,0.4960176712712185
db4cd8_2014-11,0.0
259a19_2023-12,0.9726508785332315
8005b9_2017-02,0.6044799498746867
8005b9_2018-05,0.06884057971014493
375f2e_2024-09,0.9019348894348894
af81b0_2017-08,0.3038888888888889
3db670_2018-03,0.7907962866583557
06534f_2022-11,1.0
06534f_2023-11,0.9028679653679653
b73bc7_2014-04,0.0
b73bc7_2015-04,0.12095793566631319
b73bc7_2018-12,0.7838722197342888
175155_2022-02,0.7014176388502549
bc4c03_2022-11,0.9269348894348894
a25664_2021-06,0.9597727272727272
987bc1_2015-09,0.03148148148148148
302d40_2023-12,0.04523809523809523
d86999_2015-03,0.014814814814814814
d86999_2021-03,0.7844942107778656
dbb709_2023-11,0.04121036994510215
dbb709_2024-03,0.1455072463768116
6f5e2b_2021-09,0.8417717192717193
b416b1_2017-06,0.4551106731510212
4f2b6b_2025-02,0.17632212568051564
77b3b9_2019-06,0.48815786223346685
90abb1_2014-07,0.008695652173913044
90abb1_2014-12,0.023510466988727857
34889b_2021-12,0.4802272727272728
b08ec1_2014-12,0.016666666666666666
b08ec1_2019-11,0.4853571428571429
4fb2d3_2023-07,0.7793677152297842
7a007d_2018-12,0.2003518750602526
29849f_2024-07,0.8159601318222007
29849f_2024-10,0.9647727272727273
06534f_2023-04,0.9708333333333332
3a13b3_2018-03,0.27661616161616165
f4604d_2024-11,0.8370989974937342
e2314a_2016-10,0.21748614503755123
6224d0_2016-09,0.19571984042821794
6224d0_2022-01,0.919674688057041
e60b65_2014-05,0.0
77b3b9_2022-03,0.9840686274509803
fc77d0_2014-11,0.0
302d40_2024-09,0.27125702722483064
dbb709_2025-08,0.21192037293436544
0f9e86_2024-05,0.6875626959247649
29849f_2019-08,0.38522727272727275
4718d7_2019-08,0.7793677152297842
fb737b_2024-04,0.3997460355117249
bc4c03_2024-02,0.7793677152297842
d59611_2025-06,0.6899289025791725
1822ea_2022-10,0.7795150601206663
375f2e_2021-10,0.9530080213903742
af81b0_2018-04,0.29059011100625964
29849f_2023-07,0.6593050193050193
b1de95_2014-12,0.05714285714285714
e83244_2018-04,0.17571984042821792
1822ea_2020-03,0.9537114845938376
0ffc2d_2020-09,0.0
987bc1_2025-02,1.0
92dcdd_2025-05,0.7520403057971117
731908_2017-06,0.31270396741234496
bfbeef_2023-07,0.7709278263225632
b26809_2022-05,0.5786768449336508
dc4b5e_2023-11,0.7406117343685403
9f1aa0_2024-02,0.7234688772256831
dbb709_2023-12,0.10589943174137426
8bd3ce_2023-06,0.525079365079365
6224d0_2022-03,0.8716187974808666
8fabe0_2018-12,0.3742257065427797
bc4c03_2021-10,0.898363460863461
92dcdd_2019-11,0.0
af81b0_2024-10,0.6910709553678467
f4604d_2019-08,0.2993736141906874
e2314a_2025-02,0.8114556273176963
a25664_2020-05,0.9011233019853708
1822ea_2023-09,0.7573122913779843
375f2e_2015-01,0.0
8e41cf_2023-02,0.6316638579206637
11f0e3_2023-02,0.5786768449336508
780a0b_2020-01,0.4323701298701299
8fb6f0_2015-12,0.0
8fb6f0_2024-09,0.5886659257372661
175155_2022-12,0.817224858086927
6838b9_2022-12,0.7943677152297843
db4cd8_2014-06,0.0
1698cf_2021-11,0.9597727272727272
34889b_2023-05,0.7553150882805049
b73bc7_2016-10,0.2618736141906874
f4604d_2015-01,0.023510466988727857
f4604d_2024-04,0.8114556273176963
531356_2015-03,0.019568733150697015
e83244_2020-09,0.9097727272727273
e60b65_2019-07,0.7466963673239647
bc4c03_2025-07,0.8341447100191839
90abb1_2024-10,0.9019348894348894
1822ea_2022-04,0.7793677152297842
fc77d0_2025-01,1.0
265164_2024-08,0.0
8e41cf_2023-10,0.6875626959247649
9befc8_2016-07,0.014814814814814814
8bd3ce_2022-09,0.569567364376354
5a0174_2019-08,0.7329762890474897
8fabe0_2020-07,0.9019348894348894
bc4c03_2014-05,0.04338624338624338
34889b_2019-09,0.648806715063521
e83244_2018-10,0.07562782294489612
6224d0_2014-05,0.022270394238405416
175155_2016-10,0.14278253867856355
731908_2017-01,0.08705639437346754
b26809_2024-01,0.7793677152297842
780a0b_2019-12,0.4152272727272727
8bd3ce_2023-09,0.612903273970395
0f9e86_2015-08,0.0
1822ea_2015-03,0.0
4fb2d3_2023-09,0.7784688772256831
8fabe0_2019-11,0.7664617098264054
b416b1_2020-07,0.9086046914935831
edda84_2025-03,0.13681159420289854
77b3b9_2014-07,0.0
29849f_2023-04,0.5825410509031199
022433_2025-08,0.7196593534161593
e2314a_2018-01,0.21692055326121143
e83244_2023-08,0.7907962866583557
e83244_2025-04,0.9425010483903489
8fabe0_2022-08,0.9019348894348894
f25ffe_2023-05,0.0
77b3b9_2019-02,0.3690958364129096
1822ea_2025-01,1.0
0ffc2d_2023-01,0.040865788840546716
0ffc2d_2023-11,0.3343864721405686
265164_2025-08,0.20927861659568975
9af74c_2024-09,0.8286534295154985
731908_2015-11,0.0
d86999_2021-12,0.6486243836402407
9f1aa0_2021-07,0.3995034843205575
780a0b_2022-12,0.49199119328901453
fb737b_2024-08,0.6080172413793103
b416b1_2019-07,0.3995034843205575
d59611_2023-05,0.906439393939394
af81b0_2019-11,0.7927547905166655
531356_2017-06,0.23888888888888887
175155_2014-12,0.012668830624867294
259a19_2024-09,0.7793677152297842
424c1b_2024-08,0.0
90abb1_2025-04,0.9019348894348894
0ffc2d_2019-07,0.023510466988727857
375f2e_2017-02,0.18081300813008133
8fb6f0_2018-06,0.13089509043206862
0f9e86_2025-08,0.5313962141065343
34889b_2021-08,0.9269348894348894
8005b9_2015-04,0.0929311945331945
b1de95_2024-08,1.0
06534f_2025-01,0.9062012987012988
022433_2025-06,0.5954066762687453
e2314a_2018-11,0.3305001758637109
175155_2019-06,0.3695034843205575
1822ea_2020-02,0.8096838071838072
9af74c_2023-09,0.8589695214695215
4fb2d3_2021-09,0.9019348894348894
302d40_2024-04,0.1455072463768116
731908_2018-11,0.30409583641290955
d86999_2018-08,0.33397605955370907
e427f8_2023-06,0.02857142857142857
dc4b5e_2025-01,0.8096838071838072
9befc8_2021-03,0.5432894736842105
fc9334_2024-05,0.704705553067622
8bd3ce_2019-02,0.12777195861380578
b26809_2025-06,0.704705553067622
c48018_2023-07,0.37179336328273804
bfbeef_2018-07,0.2790958364129096
8fb6f0_2024-06,0.6197194134762193
8bd3ce_2018-01,0.03148148148148148
8fb6f0_2020-08,0.6470454545454546
bfbeef_2025-02,0.7234688772256831
fc9334_2020-04,0.8286534295154985
8e41cf_2021-09,0.2998356297163879
18defd_2014-11,0.09017713365539451
18defd_2019-01,0.36117015098722416
18defd_2024-01,0.6593050193050193
8e41cf_2018-11,0.07200054399040375
8e41cf_2021-05,0.4802272727272728
b26809_2014-04,0.008695652173913044
18defd_2019-03,0.23803523035230353
e7a56d_2021-11,0.8589695214695215
bfbeef_2022-06,0.6080172413793103
b26809_2019-02,0.5378873712494403
fc9334_2018-01,0.05393374741200828
0f9e86_2017-02,0.1724169091622497
8e41cf_2017-02,0.06562782294489612
8e41cf_2023-05,0.6704198387819078
b26809_2020-09,0.8508495667116357
bfbeef_2018-06,0.2604818851868931
74b7d1_2024-12,0.8319348894348895
6c1954_2024-09,0.8151383526383527
fc9334_2019-02,0.22779504084576288
e7a56d_2018-12,0.46035714285714285
e7a56d_2023-03,0.7112508321129012
8fb6f0_2020-09,0.6641883116883116
fc9334_2017-03,0.0790596075538837
fc9334_2024-11,1.0
731908_2022-08,0.5944500546469507
b26809_2021-01,0.5111466165413534
8fb6f0_2022-05,0.8264556273176963
bfbeef_2021-09,0.5073281155103186
8bd3ce_2015-10,0.0
8bd3ce_2021-02,0.665949572206378
bfbeef_2024-03,0.7709278263225632
e7a56d_2024-04,0.88754095004095
8bd3ce_2017-06,0.2139106512277244
dc4b5e_2019-10,0.0
dc4b5e_2024-01,0.7406117343685403
780a0b_2022-03,0.4877690163752434
8bd3ce_2018-11,0.03148148148148148
b26809_2015-07,0.0
8bd3ce_2021-09,0.38939393939393935
e7a56d_2023-09,0.7695953963335231
fc9334_2022-05,0.8087849691797061
18defd_2014-05,0.03786155994369826
8bd3ce_2016-05,0.0
bfbeef_2024-09,0.6322092225346831
6c1954_2023-08,0.43936385964880376
fc9334_2019-09,0.3293736141906874
8bd3ce_2018-05,0.04017713365539453
8e41cf_2016-03,0.008695652173913044
8fb6f0_2024-04,0.665949572206378
8e41cf_2019-06,0.35018029835926734
8e41cf_2020-03,0.49356060606060603
dc4b5e_2023-12,0.7556117343685402
d86999_2015-12,0.08681159420289855
8bd3ce_2018-12,0.04017713365539453
8e41cf_2023-03,0.7234688772256831
e7a56d_2023-12,0.8180157384104753
780a0b_2018-04,0.1423865070948846
b26809_2018-02,0.08060041407867494
6c1954_2023-04,0.2121117094287826
780a0b_2017-04,0.14429126899964653
fc9334_2023-10,0.49501219087425985
8fb6f0_2022-09,0.4869837257644168
8e41cf_2017-11,0.2425740972824748
bfbeef_2025-04,0.7618095182834244
b26809_2017-11,0.0670488486818679
18defd_2023-09,0.47702380952380957
bfbeef_2025-05,0.7793677152297842
c48018_2018-12,0.27509442248572685
a97df3_2023-10,0.47134085770192014
8bd3ce_2020-04,0.9019348894348894
b26809_2018-01,0.08060041407867494
fc9334_2021-07,0.40709235209235206
18defd_2025-07,0.7793677152297842
780a0b_2017-03,0.06562782294489612
731908_2021-07,0.26657028442897257
780a0b_2022-01,0.4540604179699363
18defd_2024-02,0.5700262686322979
c48018_2025-02,0.9019348894348894
780a0b_2023-03,0.5908743842364532
8bd3ce_2020-01,0.4802272727272728
8e41cf_2023-04,0.665949572206378
731908_2016-11,0.08055063165566104
731908_2024-03,0.648806715063521
c48018_2024-11,0.9844155844155844
bfbeef_2020-11,0.5025000000000001
bfbeef_2023-12,0.7234688772256831
8e41cf_2015-04,0.0
8bd3ce_2016-06,0.0
731908_2018-05,0.300704512364387
bfbeef_2018-12,0.2790958364129096
14fe3a_2022-07,0.898363460863461
fc9334_2016-10,0.0
8fb6f0_2022-08,0.6316638579206637
731908_2022-10,0.644997191253997
b26809_2020-06,0.8321143520240909
b26809_2021-04,0.3839720039799744
0874ee_2018-01,0.17429126899964653
b26809_2016-04,0.11372306104013422
731908_2014-11,0.005422700343385477
b26809_2023-09,0.5272163026621854
c48018_2023-04,0.3322222222222222
9f1aa0_2016-02,0.03148148148148148
b07578_2024-12,0.0627177700348432
f461d4_2020-01,0.9097727272727273
90abb1_2017-06,0.19610196215506814
259a19_2024-05,0.9904761904761905
7a007d_2014-11,0.014814814814814814
6f5e2b_2021-12,0.9540686274509804
510fbf_2023-12,0.15468795065887256
f500c5_2022-06,0.7793677152297842
513080_2023-11,0.09429126899964653
bc4c03_2023-08,0.9863095238095237
f500c5_2022-05,0.7907962866583557
6c1954_2022-08,0.17341631255542012
d59611_2016-10,0.21135397304390238
b644ac_2025-06,0.1423865070948846
5a0174_2019-01,0.6383504879330864
db4cd8_2020-11,0.8237849691797059
bc4c03_2023-07,0.7726996464564523
7bf5c9_2015-04,0.014814814814814814
6c1954_2023-05,0.2121117094287826
e60b65_2015-02,0.0
edda84_2025-08,0.10938443670150985
4f2b6b_2022-06,0.014814814814814814
9cf1af_2024-02,0.16106280193236716
34889b_2019-05,0.4574358151476252
14fe3a_2016-09,0.26719361938810715
14fe3a_2019-10,0.4552757949852695
f24317_2025-07,0.11538302277432713
77c35f_2024-01,0.03380126832218801
6f5e2b_2019-08,0.8925942300942301
259a19_2017-03,0.1749775685077034
77b3b9_2018-10,0.6082792545083444
f1543b_2020-11,0.4875
f500c5_2019-01,0.24576250307957626
f461d4_2020-09,0.898363460863461
b07578_2025-04,0.023510466988727857
5a0174_2020-09,0.9097727272727273
6c1954_2021-11,0.15651349122186875
9f1aa0_2016-08,0.21303523035230354
9f1aa0_2025-01,0.6080172413793103
510fbf_2024-07,0.41000944084310936
bf6f0d_2014-08,0.0
510fbf_2025-02,0.20460872931710683
6f5e2b_2020-02,0.691284969179706
259a19_2017-02,0.13515434454231173
259a19_2024-11,0.9347727272727273
db4cd8_2017-05,0.2753174603174603
f4d28d_2024-06,0.05393374741200828
77b3b9_2018-03,0.30409583641290955
948a11_2022-07,0.014814814814814814
6c1954_2024-10,0.84754095004095
9f1aa0_2015-11,0.014814814814814814
9f1aa0_2025-07,0.6826794035414726
fa8553_2023-04,0.04017713365539453
510fbf_2025-03,0.200752906424696
513080_2025-06,0.40161616161616165
d59611_2022-09,0.864424066924067
bc4c03_2014-09,0.06256104790694844
1822ea_2015-02,0.014814814814814814
f461d4_2021-08,0.8417717192717193
d86999_2025-08,0.8187616546237237
1698cf_2016-10,0.16998537431253183
4718d7_2018-10,0.648806715063521
6f5e2b_2019-02,0.8187616546237237
f461d4_2024-05,0.9304088443108606
fb34b4_2025-06,0.17217391304347826
510fbf_2022-03,0.05393374741200828
510fbf_2023-10,0.08871635610766045
513080_2022-11,0.023510466988727857
bc4c03_2014-08,0.05081300813008131
259a19_2019-11,0.7406117343685403
9f1aa0_2018-07,0.6621400483968543
9f1aa0_2024-11,0.6998222606843297
b644ac_2025-01,0.052913020208579575
90abb1_2019-01,0.48001518022699025
fa8553_2021-07,0.014814814814814814
510fbf_2022-04,0.04017713365539453
513080_2025-07,0.7234688772256831
b07578_2024-10,0.06562782294489612
77c35f_2024-02,0.02857142857142857
9f1aa0_2015-12,0.014814814814814814
513080_2025-01,0.24446380178087496
fc77d0_2020-07,0.817224858086927
7bf5c9_2020-11,0.46450348432055755
6c1954_2021-10,0.13106280193236713
9af74c_2015-03,0.0
bf6f0d_2024-09,0.665949572206378
bc4c03_2024-11,0.864424066924067
9f1aa0_2024-05,0.48274550999030674
fa8553_2021-06,0.006362778495986421
fa8553_2023-09,0.24636856368563684
4f2b6b_2022-10,0.07005291005291006
f500c5_2024-08,0.5911466165413535
e427f8_2022-09,0.014814814814814814
510fbf_2022-08,0.08671957671957672
d59611_2025-09,0.7907962866583557
14fe3a_2024-09,0.9613095238095237
4718d7_2021-12,0.906439393939394
7199cf_2025-05,0.04523809523809523
fa8553_2023-12,0.23794206265044018
d59611_2022-12,0.8640777465777466
14fe3a_2019-07,0.4703571428571428
5a0174_2024-07,0.84754095004095
7bf5c9_2020-05,0.5000562802926447
9f1aa0_2022-08,0.6960127368748058
1698cf_2015-08,0.04017713365539453
513080_2022-02,0.056746012233029774
513080_2025-02,0.17429126899964653
d59611_2016-12,0.2006132058147215
5a0174_2016-10,0.18672433650189255
7bf5c9_2014-11,0.0
f1543b_2022-02,0.6875626959247649
375f2e_2017-04,0.16843907577385336
db4cd8_2020-02,0.644997191253997
0cecbd_2024-01,0.7726996464564523
db5006_2015-11,0.014814814814814814
1822ea_2017-08,0.34698412698412695
bfbeef_2016-09,0.023510466988727857
0cecbd_2020-12,0.8731445240314534
11f0e3_2016-07,0.037267080745341616
8fb6f0_2020-05,0.828785039140568
bfbeef_2015-06,0.023510466988727857
0cecbd_2022-01,0.8589695214695215
bfbeef_2015-11,0.014814814814814814
0cecbd_2015-02,0.0
8fb6f0_2023-07,0.6962762237762238
0f9e86_2016-07,0.014814814814814814
780a0b_2020-05,0.8816856418952422
11f0e3_2018-08,0.19303523035230355
0cecbd_2024-02,0.7841282178850237
bfbeef_2016-01,0.023510466988727857
1822ea_2020-11,1.0
375f2e_2017-06,0.3422222222222222
8fb6f0_2018-07,0.24909583641290958
8fb6f0_2019-06,0.6082823954354284
0cecbd_2017-06,0.38994949494949493
731908_2019-05,0.30161616161616156
bfbeef_2015-01,0.014814814814814814
bfbeef_2019-04,0.30409583641290955
11f0e3_2019-04,0.5207445141065831
9f1aa0_2024-07,0.7406117343685403
0cecbd_2022-10,0.7537635791506334
0cecbd_2024-05,0.86254095004095
3db670_2018-10,0.9341307405136497
175155_2022-06,0.7907962866583557
e60b65_2024-04,0.7793677152297842
4f2b6b_2023-10,0.0
4f2b6b_2025-04,0.11140977799811913
4f2b6b_2025-07,0.06562782294489612
e3af0e_2014-12,0.04017713365539453
e3af0e_2017-03,0.19890824622531939
829a72_2015-02,0.0
829a72_2014-09,0.06562782294489612
60a0fd_2018-03,0.27623984274544366
14fe3a_2019-12,0.8255365068593363
98a151_2015-01,0.007141922666366716
c3a69f_2015-08,0.0009499516426431599
4f2b6b_2023-07,0.0
894378_2024-09,0.86254095004095
6c1954_2024-06,0.7406117343685403
bc4c03_2017-05,0.33859664126311173
829a72_2014-07,0.023510466988727857
90abb1_2017-02,0.3099494949494949
7aa803_2019-12,0.29951462246131394
7aa803_2025-07,0.906439393939394
9b46ed_2023-10,0.7016788575409265
60a0fd_2025-02,0.7112508321129012
e3af0e_2020-12,0.8901804447861579
db5006_2019-03,0.2740958364129096
7bf5c9_2023-08,0.6593050193050193
e2e0ce_2018-01,0.3010191881923435
2ab8ad_2021-04,0.7956836740632862
2ab8ad_2024-12,0.9040034965034967
7aa803_2020-09,0.3199813725445084
e3af0e_2024-08,0.7442276140533938
948a11_2023-10,0.008695652173913044
293190_2023-06,0.5830116959064328
e2e0ce_2022-10,0.74796484807915
2ab8ad_2025-06,0.9097727272727273
7aa803_2021-06,0.7622248580869272
7bf5c9_2015-01,0.0
88a9a6_2018-02,0.04017713365539453
7bf5c9_2018-02,0.0937594766831811
c580aa_2020-02,0.9617979085549827
7a007d_2019-10,0.6082894736842105
e2e0ce_2022-03,0.7943127701748391
88a9a6_2021-05,0.8909934318555008
9b46ed_2019-02,0.1375845410628019
7bf5c9_2021-01,0.4656232776698229
94f933_2025-06,0.1923865070948846
e2e0ce_2019-03,0.24356904680849337
88a9a6_2025-07,0.5675
88a9a6_2024-12,0.8758852067472758
e3af0e_2023-03,0.6809495722063781
293190_2014-12,0.09017713365539451
293190_2023-05,0.5830116959064328
e2e0ce_2016-03,0.04017713365539453
e2e0ce_2024-02,0.7622248580869272
9b46ed_2019-04,0.2740958364129096
2ab8ad_2020-04,0.2966463414634146
2ab8ad_2022-06,0.8130103808111692
2ab8ad_2024-10,0.9044240669240668
c5df88_2021-12,0.40535714285714286
74fb1f_2018-01,0.2611304684475416
7aa803_2023-11,0.6875626959247649
e2e0ce_2015-03,0.014814814814814814
88a9a6_2023-03,0.7088358191444832
f500c5_2023-11,0.4816463414634146
bf6f0d_2020-08,0.767109557109557
e2e0ce_2025-03,0.9958333333333332
c5df88_2021-03,0.5600193050193051
74fb1f_2019-03,0.2397018970189702
60a0fd_2019-10,0.7406117343685403
60a0fd_2024-11,0.7913726359656172
7bf5c9_2019-08,0.80004095004095
6f5e2b_2021-10,0.7793677152297842
293190_2024-03,0.776284657627348
88a9a6_2019-06,0.18446380178087496
60a0fd_2022-11,0.6451942355889725
60a0fd_2024-12,0.7880908287865787
db5006_2019-05,0.6658087787035156
293190_2014-07,0.023510466988727857
c5df88_2014-09,0.008695652173913044
7aa803_2019-11,0.22724157955865273
88a9a6_2022-10,0.5025000000000001
98a151_2022-01,0.7681688279409844
7bf5c9_2020-02,0.5508490448067461
fb34b4_2025-04,0.562264133614408
1bdb97_2022-06,0.014814814814814814
5a0174_2021-07,0.9802489177489176
e2e0ce_2021-09,0.7761874045494735
9b46ed_2019-01,0.2137900746596399
9b46ed_2022-02,0.2743736141906874
829a72_2022-12,0.5503571428571429
7bf5c9_2014-10,0.0
1bdb97_2025-05,0.061041870386244326
e2e0ce_2016-04,0.014814814814814814
7aa803_2015-03,0.014814814814814814
e2e0ce_2022-05,0.7622248580869272
2ab8ad_2021-05,0.9507352941176471
c5df88_2018-02,0.13889068575415792
74fb1f_2022-11,0.738008561579986
e2e0ce_2025-05,0.8753053034780536
2ab8ad_2023-01,0.7406117343685403
c5df88_2022-04,0.32104028085735403
7aa803_2021-12,0.36189393939393943
293190_2023-07,0.7234688772256831
88a9a6_2023-11,0.37740563530037213
2ab8ad_2022-02,0.8179689284391625
2ab8ad_2023-03,0.8127196322243877
7aa803_2022-09,0.30409583641290955
98a151_2024-09,0.6821595229009998
829a72_2023-06,0.4688888888888889
db5006_2018-05,0.07115423191171358
7bf5c9_2019-09,0.47438129995989
c580aa_2019-01,0.9141869006626603
293190_2022-05,0.6704198387819078
7aa803_2024-03,0.8586874045494735
2ab8ad_2020-02,0.408614849091228
88a9a6_2025-08,0.5675
9b46ed_2022-10,0.4658323131493864
9b46ed_2024-10,0.648806715063521
98a151_2018-12,0.3214360152194282
e3af0e_2024-07,0.6365886699507389
7bf5c9_2025-04,0.8148738448072095
f500c5_2024-12,0.723468877225683
cd0e60_2021-08,0.17429126899964653
c5df88_2023-02,0.5425000000000001
7aa803_2019-10,0.23946380178087495
88a9a6_2019-08,0.2277971351142083
88a9a6_2025-01,0.8364912673533362
18defd_2024-09,0.7876996464564523
db5006_2017-04,0.16762460233297988
531356_2021-01,0.9345448179271708
b07578_2025-05,0.07938443670150988
e7a56d_2024-03,0.9462307896131426
8fabe0_2018-02,0.14026915113871635
18defd_2020-01,0.6008087787035156
1b9e65_2020-04,0.8953727332488197
e7a56d_2014-09,0.03148148148148148
5a0174_2017-12,0.09550724637681159
e7a56d_2020-01,0.507032292032292
db5006_2025-02,0.7234688772256831
1b9e65_2017-01,0.315
1b9e65_2019-11,0.6421621621621622
1b9e65_2023-10,0.9019348894348894
e7a56d_2019-04,0.37016308787489793
4718d7_2017-02,0.12429126899964651
db5006_2015-05,0.04017713365539453
db5006_2024-09,0.8211123786123787
1b9e65_2016-10,0.09429126899964653
f461d4_2023-11,1.0
1698cf_2024-11,0.9019348894348894
4718d7_2014-10,0.008695652173913044
db5006_2022-10,0.7793677152297842
db5006_2023-08,0.7793677152297842
e7a56d_2020-12,0.7898974486542545
1b9e65_2025-03,0.47660357646427115
cd0e60_2022-12,0.046790890269151134
1b9e65_2023-07,0.6421621621621622
0ffc2d_2025-01,0.8057738844299103
cd0e60_2023-01,0.025362318840579712
db5006_2020-09,0.834107974970044
c48018_2015-02,0.014814814814814814
a42d13_2014-09,0.0
4718d7_2025-09,0.9314393939393939
29849f_2024-05,0.8161894458933595
94f933_2023-09,0.0
18defd_2014-10,0.014814814814814814
db5006_2015-03,0.0
db5006_2022-11,0.7406117343685403
29849f_2014-10,0.023510466988727857
1698cf_2017-04,0.1923865070948846
f1543b_2021-08,0.9480080213903743
db5006_2017-07,0.21603819015083053
db5006_2018-01,0.17794206265044016
db5006_2023-09,0.9114833563899094
db5006_2024-02,0.7234688772256831
db5006_2024-04,0.7793677152297842
db5006_2024-05,0.7754200782136702
8fabe0_2019-09,0.8532002907002907
18defd_2019-04,0.2993736141906874
c48018_2019-07,0.36217819860896705
531356_2022-10,0.676215723737371
1b9e65_2021-10,0.9312012987012988
db5006_2019-12,0.6082894736842105
531356_2014-11,0.0
fc77d0_2021-01,0.8096838071838072
1822ea_2017-10,0.3688888888888889
022433_2023-08,0.3655952380952381
0874ee_2020-12,0.8169101727722416
e4bc80_2023-03,0.6230172413793104
e361b7_2020-09,0.8589695214695215
c3a69f_2022-01,0.7515655838275384
c3a69f_2022-10,0.8650108225108226
c3a69f_2024-07,0.38994949494949493
e361b7_2021-08,0.665949572206378
b1de95_2022-01,1.0
439fde_2025-02,0.7622248580869272
894378_2021-01,0.5503571428571429
19fa84_2024-01,0.8624407687944892
fd589c_2025-06,0.7876996464564523
259a19_2020-08,0.8743563250526577
3a13b3_2020-09,0.9958333333333332
b73bc7_2025-01,1.0
6f5e2b_2016-07,0.2935074054611655
e361b7_2024-11,0.8230529749215659
fd589c_2024-07,0.7148222606843297
e361b7_2022-07,0.5596428571428571
f1543b_2019-02,0.2423464458247067
3db670_2020-10,0.9966274686039227
6f5e2b_2016-10,0.3403174603174603
894378_2020-10,0.8661917562804502
e361b7_2021-07,0.8303503584577605
e361b7_2024-08,0.7556117343685402
8ec563_2023-10,0.9170454545454545
19fa84_2021-08,0.7798407485447015
fd589c_2024-04,0.8802807486631016
e4bc80_2023-12,0.7526794035414726
74b7d1_2025-06,0.5375410509031199
74b7d1_2025-08,0.898363460863461
c5816f_2021-10,0.7793677152297842
e361b7_2025-03,0.8237849691797059
439fde_2023-12,0.46903577635284954
fd589c_2021-03,0.9097727272727273
fd589c_2023-01,0.5538581704210581
fd589c_2025-07,0.7829954954954955
e361b7_2022-03,0.6998222606843297
e2e0ce_2024-01,0.8114556273176963
c5816f_2021-02,0.7793677152297842
19fa84_2023-08,0.7148222606843297
fd589c_2022-05,0.3909782608695652
e361b7_2024-07,0.8953787878787878
e4bc80_2025-03,0.86094325794325
fd589c_2022-08,0.4471747655195154
429b22_2025-01,0.014814814814814814
77e86b_2024-11,0.665949572206378
8ec563_2019-08,0.8114556273176963
60b690_2025-08,0.04017713365539453
8ec563_2023-05,0.8312510325281224
e361b7_2023-03,0.7556117343685402
894378_2022-01,0.4882925793507174
894378_2024-05,0.8817717192717194
0874ee_2021-04,0.8114556273176963
60b690_2025-07,0.12049123091186462
c5816f_2022-02,0.57968288786203
29849f_2016-05,0.02857142857142857
c3a69f_2021-08,0.853582251082251
894378_2023-02,0.5825188162144237
fd589c_2025-05,0.8316228070175438
e361b7_2021-06,0.8264556273176963
7bf5c9_2023-07,0.5771621621621622
7bf5c9_2025-03,0.7406117343685403
3db670_2020-06,0.9958333333333332
fd589c_2022-01,0.3492257065427797
e4bc80_2024-01,0.7440477486924345
e361b7_2021-10,0.6504954954954956
e4bc80_2019-07,0.7556117343685402
f461d4_2024-12,0.9684842118665647
9b3bd5_2025-08,0.014814814814814814
c5816f_2021-08,0.8286534295154985
c5816f_2023-01,0.6396519610962847
e4bc80_2021-01,0.7161341244961935
894378_2019-10,0.5675
fd589c_2019-11,0.5025000000000001
fd589c_2023-10,0.8237849691797059
e361b7_2022-09,0.5846428571428571
f1543b_2015-01,0.0
439fde_2018-01,0.06884057971014493
8ec563_2021-07,0.7127853922120387
19fa84_2024-12,0.8295215784388643
e4bc80_2021-09,0.5503571428571429
d59611_2015-10,0.008695652173913044
cd0e60_2020-06,0.06884057971014493
14fe3a_2016-12,0.2815677911005256
88a9a6_2016-01,0.0
bf6f0d_2020-03,0.9019348894348894
db4cd8_2015-06,0.023510466988727857
d59611_2018-11,0.648806715063521
14fe3a_2018-09,0.648806715063521
bf6f0d_2021-11,0.875566928000751
77e86b_2023-08,0.4697223472655804
77b3b9_2016-10,0.22495657285329132
14fe3a_2016-11,0.2630352303523035
bf6f0d_2020-02,0.9097727272727273
d59611_2017-10,0.2694638017808749
cd0e60_2022-02,0.2790958364129096
77e86b_2023-12,0.6251600985221675
7aa803_2015-08,0.0
bf6f0d_2020-01,0.8991926787085008
74b7d1_2022-12,0.5156789085736454
bf6f0d_2024-11,0.665949572206378
b0ff51_2015-10,0.023510466988727857
74b7d1_2024-01,0.7612599866031781
bf6f0d_2014-12,0.0
bf6f0d_2023-11,0.9939393939393939
259a19_2017-10,0.24446380178087496
d59611_2017-09,0.3855391314908326
14fe3a_2015-12,0.0
cd0e60_2022-04,0.11884057971014492
cd0e60_2020-03,0.014814814814814814
77e86b_2023-11,0.7726996464564523
74b7d1_2025-07,0.665949572206378
cd0e60_2019-11,0.08730716212643085
c5df88_2015-04,0.06684380032206119
c5df88_2019-05,0.23803523035230353
2ab8ad_2015-06,0.03148148148148148
f1543b_2015-06,0.02857142857142857
f1543b_2021-10,0.7622248580869272
c5df88_2019-04,0.18079365079365078
88a9a6_2025-04,0.9097727272727273
88a9a6_2019-07,0.2297018970189702
f1543b_2020-06,0.5025000000000001
293190_2019-02,0.24576250307957626
74fb1f_2020-01,0.46903577635284954
88a9a6_2022-11,0.5025000000000001
f1543b_2020-05,0.5422222222222223
f1543b_2023-11,0.7793677152297842
022433_2022-03,0.014814814814814814
7aa803_2020-08,0.8016187974808666
022433_2023-06,0.20460872931710683
293190_2023-04,0.6829516358463728
e2e0ce_2020-03,0.554889434889435
022433_2021-04,0.03148148148148148
f1543b_2023-06,0.794523618454041
7aa803_2022-11,0.30052595264522775
c580aa_2019-02,0.7784688772256831
f1543b_2015-05,0.02857142857142857
88a9a6_2018-06,0.060052910052910045
c5df88_2019-07,0.3401630878748979
f1543b_2024-09,0.906439393939394
74fb1f_2021-11,0.9213095238095237
7bf5c9_2024-05,0.7422102501090517
c5df88_2023-06,0.3052863921136579
74fb1f_2022-03,0.7622248580869272
7aa803_2024-12,1.0
74fb1f_2017-04,0.07938443670150988
7bf5c9_2022-03,0.9255694083488766
f1543b_2016-11,0.04017713365539453
9b46ed_2021-04,0.7676794035414727
7bf5c9_2015-06,0.014814814814814814
022433_2023-11,0.2612268684897398
9b46ed_2023-03,0.2869696929632472
c3a69f_2014-12,0.016666666666666666
34889b_2022-01,0.6352693084678365
77e86b_2018-02,0.06351046698872787
94f933_2024-04,0.0
18defd_2015-04,0.037267080745341616
77e86b_2023-09,0.8679954954954955
c3a69f_2014-10,0.025362318840579712
92dcdd_2021-01,0.28354028085735405
94f933_2025-03,0.04338624338624338
94f933_2024-11,0.014814814814814814
94f933_2025-01,0.0720496894409938
92dcdd_2021-03,0.09665057193194988
7bf5c9_2017-04,0.17796536796536797
c580aa_2024-10,1.0
e2e0ce_2018-05,0.24909583641290958
c580aa_2025-08,0.9958333333333332
e2e0ce_2018-04,0.19310622701063812
c580aa_2023-04,0.9958333333333332
e7a56d_2017-02,0.3701168022354678
e7a56d_2017-11,0.2661800283344699
98a151_2020-11,0.8716187974808666
60a0fd_2018-07,0.6335881617357065
60a0fd_2023-08,0.8322248580869271
7e646c_2024-06,0.03148148148148148
60a0fd_2021-02,0.8658495667116357
77e86b_2019-04,0.29458708652789795
98a151_2024-01,0.7340345443674667
0874ee_2014-07,0.0
e3af0e_2025-05,0.6401600985221675
7e646c_2022-12,0.014814814814814814
6da35b_2024-05,0.0
77e86b_2022-04,0.13603174603174603
e3af0e_2018-06,0.19890824622531939
7e646c_2025-01,0.2023671497584541
77e86b_2022-08,0.1419771210937657
7bf5c9_2022-11,0.4636737761133244
98a151_2017-12,0.44081274134055304
7e646c_2025-02,0.21636856368563687
74b7d1_2023-06,0.8016187974808666
829a72_2019-08,0.7406117343685403
98a151_2017-10,0.4957389686337055
7e646c_2023-07,0.0
7bf5c9_2018-07,0.44753550543024223
98a151_2021-01,0.9019348894348894
829a72_2017-02,0.2277971351142083
e3af0e_2019-04,0.3911701509872242
e3af0e_2019-06,0.4491666666666667
98a151_2019-04,0.3995034843205575
77e86b_2019-07,0.23179126899964655
74b7d1_2022-07,0.40858685019929053
77e86b_2019-12,0.45617015098722424
74b7d1_2024-09,0.8319348894348895
7e646c_2023-04,0.03148148148148148
e3af0e_2021-06,0.9597727272727272
6da35b_2025-06,0.23794206265044018
cd0e60_2021-04,0.130252463071274
98a151_2019-05,0.5631905477701993
7bf5c9_2025-05,0.9863095238095237
829a72_2023-05,0.5846428571428571
77e86b_2019-09,0.2978518750602526
7bf5c9_2017-08,0.20724308978511824
3a13b3_2017-10,0.13871635610766045
18defd_2018-08,0.5232420711066671
375f2e_2023-01,1.0
6224d0_2020-05,0.9802489177489176
7bf5c9_2017-05,0.1423865070948846
8d0588_2015-02,0.037267080745341616
8d0588_2022-01,1.0
b59bc0_2022-03,1.0
b0ff51_2017-12,0.3780487175500307
b0ff51_2024-12,1.0
b59bc0_2021-08,1.0
b0ff51_2017-02,0.7793677152297842
b0ff51_2016-08,0.6082894736842105
b0ff51_2020-02,0.9040034965034967
0cecbd_2019-08,0.4802272727272728
8d0588_2017-06,0.6102595079688069
b59bc0_2025-08,0.9904761904761905
b59bc0_2023-10,0.9594155844155845
b59bc0_2024-07,0.9904761904761905
b59bc0_2020-11,1.0
b59bc0_2023-08,0.8246838071838072
b0ff51_2014-09,0.060144927536231886
b0ff51_2016-06,0.1508130081300813
b0ff51_2021-12,1.0
8d0588_2018-04,0.6011626134331159
b0ff51_2020-01,0.9476508785332316
b0ff51_2025-02,0.9230080213903744
b59bc0_2018-07,0.911687675070028
b59bc0_2021-09,1.0
8d0588_2023-12,0.9476508785332316
b59bc0_2014-11,0.0719047619047619
8d0588_2025-06,0.97
b0ff51_2014-07,0.09488807003577479
8d0588_2019-11,0.8379761904761904
8d0588_2020-02,0.8818175451998982
b0ff51_2023-01,0.9654761904761905
8d0588_2018-03,0.8301383526383527
8d0588_2019-10,0.8923917748917749
b0ff51_2016-01,0.1423865070948846
b0ff51_2022-08,0.9040034965034967
74b7d1_2023-09,0.554889434889435
b0ff51_2023-07,0.9904761904761905
b0ff51_2023-10,0.9787114845938376
b0ff51_2024-05,0.97
b59bc0_2017-01,0.6875626959247649
b0ff51_2017-04,0.781294396170795
b0ff51_2025-03,0.9844155844155844
b59bc0_2024-12,1.0
b0ff51_2022-04,0.9278086657125743
b59bc0_2019-02,0.8923917748917749
b59bc0_2021-11,1.0
8d0588_2021-02,0.9654761904761905
b59bc0_2022-09,0.8291883116883116
b59bc0_2023-01,0.9263746466499374
8d0588_2018-05,0.6646904713387662
8d0588_2022-05,0.9097727272727273
b59bc0_2021-07,0.9040034965034967
b59bc0_2024-06,0.9389393939393941
0cecbd_2019-03,0.2740958364129096
375f2e_2017-08,0.16094508190210632
4718d7_2024-12,0.9831082071084161
b08ec1_2016-01,0.0
3a13b3_2019-07,0.9829855865526422
5ecf9b_2023-03,0.06562782294489612
545d15_2022-02,0.23844367150489137
545d15_2023-12,0.8670454545454545
5ecf9b_2022-12,0.016666666666666666
5ecf9b_2025-04,0.30409583641290955
545d15_2021-08,0.18354028085735402
545d15_2025-04,0.9684842118665647
c580aa_2018-07,0.8794566353187043
92dcdd_2018-10,0.05182657229898696
545d15_2022-09,0.39663436074655717
545d15_2024-09,0.9140686274509804
ab32d7_2025-07,0.22762460233297985
1b9e65_2015-10,0.03148148148148148
545d15_2024-06,0.9621705040974172
77e86b_2016-05,0.0
74b7d1_2019-12,0.7872055530676221
0ffc2d_2021-04,0.11693581780538302
829a72_2023-01,0.43884494022812587
8b98f3_2021-12,0.04017713365539453
74b7d1_2017-07,0.2030807905978183
ab32d7_2022-05,0.04017713365539453
8b98f3_2022-02,0.12195861537044732
948a11_2025-02,0.648806715063521
b1de95_2015-05,0.014814814814814814
7bf5c9_2015-12,0.0
175155_2020-07,0.88754095004095
fb34b4_2024-02,0.33522727272727276
7bf5c9_2022-04,0.8680473689094379
5a0174_2017-04,0.316984126984127
4718d7_2020-12,0.9132658206174462
06534f_2015-05,0.04017713365539453
e361b7_2014-06,0.0
e361b7_2023-12,0.8237849691797059
3a13b3_2020-04,0.9958333333333332
e361b7_2018-11,0.7709278263225632
c5816f_2018-06,0.33589237320944637
8ec563_2015-02,0.023510466988727857
e4bc80_2017-04,0.17701854172691925
3a13b3_2025-04,1.0
531356_2023-02,0.9097727272727273
e4bc80_2020-09,0.857224858086927
894378_2017-04,0.2189082462253194
894378_2019-04,0.3229916888053213
3a13b3_2016-09,0.08871635610766045
b1de95_2020-07,0.9958333333333332
fd589c_2015-04,0.11571984042821795
894378_2025-02,0.8237849691797059
c5816f_2014-10,0.0
531356_2017-11,0.3816161616161616
06534f_2015-06,0.04017713365539453
c5816f_2022-10,0.5181239654433288
8ec563_2016-08,0.26280893184528353
06534f_2015-01,0.037267080745341616
c5816f_2014-05,0.04017713365539453
3db670_2024-02,1.0
06534f_2021-08,0.9958333333333332
e361b7_2017-07,0.24257050878779748
3a13b3_2016-06,0.09523809523809523
b73bc7_2023-04,1.0
06534f_2014-09,0.1261504081591691
c580aa_2024-04,1.0
c5816f_2018-04,0.21383980473128336
3db670_2024-06,0.9958333333333332
b1de95_2024-10,0.9882352941176471
e4bc80_2018-03,0.24108231461405824
e4bc80_2020-03,0.8322248580869271
8ec563_2018-04,0.23959134614303762
8ec563_2022-01,0.7112508321129012
3a13b3_2024-05,1.0
fd589c_2018-02,0.1423865070948846
8ec563_2019-02,0.4068939393939394
06534f_2020-06,0.9958333333333332
c5816f_2015-02,0.04017713365539453
19fa84_2018-01,0.16085589110649456
3a13b3_2020-12,1.0
b73bc7_2025-09,0.8963095238095237
c5816f_2019-03,0.6250193050193051
06534f_2015-02,0.0720496894409938
c580aa_2016-05,0.24002262744003938
19fa84_2021-06,0.9019348894348894
b73bc7_2021-09,1.0
c580aa_2020-10,1.0
e361b7_2023-01,0.5960714285714286
c5816f_2025-06,0.7829954954954955
8ec563_2022-08,0.5725
06534f_2016-02,0.014814814814814814
c580aa_2025-07,1.0
b1de95_2020-12,0.9991646492284865
1bdb97_2025-04,0.20224157955865274
c3a69f_2018-06,0.09131346121475784
c3a69f_2021-04,0.8240535964204231
db5006_2017-03,0.24952484005667214
439fde_2019-01,0.3147123985853963
5a0174_2018-06,0.1301042132999134
98a151_2017-03,0.127479674796748
5a0174_2014-12,0.0
5a0174_2015-02,0.0
259a19_2016-12,0.21636856368563687
98a151_2015-08,0.0
db4cd8_2018-07,0.7622248580869272
8005b9_2025-09,0.9939393939393939
c5df88_2017-05,0.2605053573129377
4718d7_2020-04,0.9497652261167365
531356_2018-10,0.4853571428571429
8005b9_2020-04,0.9745448179271708
1b9e65_2018-11,0.3390933876279291
18defd_2022-12,0.6375410509031199
439fde_2020-05,0.7905373036111818
14fe3a_2021-05,0.9032379572460734
74fb1f_2018-03,0.2297018970189702
e2e0ce_2018-03,0.08955101445619805
d59611_2015-06,0.04017713365539453
0874ee_2018-08,0.5503571428571429
f4604d_2021-12,0.9302489177489177
18defd_2017-10,0.24576250307957626
531356_2022-02,0.8612762237762238
d59611_2015-05,0.04017713365539453
c48018_2017-07,0.14159514910278442
3db670_2017-06,0.43202380952380953
e7a56d_2017-09,0.18890882288539573
c48018_2018-09,0.5167460317460317
18defd_2021-01,0.6053571428571429
c48018_2021-03,0.7205365463986154
e60b65_2016-04,0.19850241997313353
fc2511_2025-08,0.08690710250366313
e7a56d_2020-05,0.817224858086927
c48018_2015-05,0.04017713365539453
18defd_2016-07,0.16571984042821794
259a19_2017-08,0.26557866645315065
3a13b3_2022-12,1.0
c580aa_2015-08,0.0
c3a69f_2015-02,0.03148148148148148
60a0fd_2020-04,0.7988722197342888
f461d4_2016-09,0.06884057971014493
60a0fd_2016-06,0.13333300997999104
b59bc0_2016-04,0.21257409728247484
6f5e2b_2017-08,0.1618472916232163
83894c_2022-05,0.40520808055205676
b08ec1_2020-10,0.86254095004095
99c11c_2022-02,0.7279733817301877
f461d4_2017-01,0.2330352303523035
e3af0e_2015-05,0.011754990315287712
98a151_2017-06,0.24890824622531937
e361b7_2017-04,0.23113046844754162
4718d7_2021-07,0.952174688057041
f461d4_2016-02,0.025362318840579712
9b46ed_2017-05,0.21113046844754163
60a0fd_2016-07,0.07536231884057971
e3af0e_2016-10,0.17794206265044016
5a0174_2018-07,0.4853571428571429
8fabe0_2016-08,0.1423865070948846
f461d4_2017-05,0.4075078694937762
e3af0e_2016-07,0.11895136806755531
f4604d_2015-07,0.0
99c11c_2020-09,0.2993736141906874
8ec563_2017-07,0.2790958364129096
f461d4_2020-05,0.9097727272727273
98a151_2016-10,0.17794206265044016
829a72_2021-08,0.819293465155534
fb34b4_2024-04,0.24721649312418403
5a0174_2020-05,0.9097727272727273
6f5e2b_2018-11,0.723468877225683
83894c_2021-02,0.7651051642843718
5a0174_2016-04,0.0
8fabe0_2016-09,0.17095793566631318
8ec563_2017-06,0.28243750561534897
9af74c_2015-05,0.04017713365539453
e361b7_2017-12,0.27136856368563683
6f5e2b_2015-09,0.0
f1543b_2015-12,0.023510466988727857
77c35f_2022-08,0.17760524499654934
fd589c_2017-07,0.30409583641290955
6f5e2b_2015-07,0.014814814814814814
19fa84_2018-11,0.3942219519147838
77c35f_2022-12,0.11884057971014492
9cf1af_2022-06,0.17762552305607543
d86999_2024-02,0.4809373121227325
77c35f_2023-05,0.014814814814814814
e361b7_2016-10,0.11762460233297985
77c35f_2023-07,0.11496252833163978
9cf1af_2022-02,0.06884057971014493
6f5e2b_2015-08,0.0
302d40_2022-08,0.014814814814814814
db5006_2018-10,0.2657625030795763
29849f_2016-06,0.06884057971014493
8fabe0_2015-09,0.023510466988727857
948a11_2024-01,0.6421621621621622
439fde_2020-02,0.4748894348894349
c3a69f_2019-09,0.2725740972824748
829a72_2020-05,0.8758333333333332
98a151_2020-05,0.9019348894348894
439fde_2024-02,0.582597318261783
8b98f3_2025-05,0.20794206265044018
e3af0e_2020-08,0.944674688057041
b1de95_2017-01,0.21446380178087496
8b98f3_2024-01,0.21118337850045163
bc4c03_2021-05,0.7622248580869272
fc77d0_2018-10,0.662593083731836
9af74c_2016-06,0.38994949494949493
987bc1_2018-08,0.25854028085735403
375f2e_2017-10,0.2704946552592734
1822ea_2017-12,0.44213340299547194
9af74c_2017-02,0.38260898166522495
9af74c_2017-11,0.34710140956141156
375f2e_2017-03,0.19405702421882737
9af74c_2017-12,0.21081300813008133
439fde_2017-05,0.3984126984126984
99c11c_2023-01,0.2966463414634146
c3a69f_2022-05,0.8593843591709959
87cfea_2024-09,0.2993736141906874
83894c_2021-04,0.771453644564182
c3a69f_2017-08,0.16827332559039876
83894c_2021-03,0.8187616546237237
99c11c_2022-12,0.2966463414634146
439fde_2021-10,0.9597727272727272
c3a69f_2019-07,0.29808696888831226
83894c_2019-11,0.1923865070948846
87cfea_2019-11,0.19869979634637694
99c11c_2023-02,0.2993736141906874
439fde_2020-07,0.7833872352896806
c3a69f_2016-09,0.0637259211026755
99c11c_2021-12,0.44614565522872435
c3a69f_2018-07,0.2657625030795763
83894c_2021-11,0.7491820088278921
87cfea_2024-03,0.9363095238095237
83894c_2018-12,0.04017713365539453
439fde_2017-08,0.2611909495755874
77e86b_2017-09,0.2368736141906874
c3a69f_2020-07,0.6998222606843297
99c11c_2021-07,0.8187616546237237
87cfea_2024-12,0.48001930501930506
439fde_2022-05,0.9314393939393939
99c11c_2016-05,0.04017713365539453
99c11c_2021-08,0.5824241672216075
99c11c_2024-12,0.8361765820386511
e60b65_2017-05,0.46007936507936503
6838b9_2021-02,0.09429126899964653
987bc1_2017-07,0.21220727590705524
34889b_2015-08,0.025362318840579712
83894c_2020-02,0.18340477224958365
29849f_2021-04,0.9480080213903743
fb34b4_2024-03,0.24000781086234207
29849f_2020-08,0.8150734199066088
90abb1_2017-10,0.17724157955865275
7aa803_2016-05,0.037267080745341616
c3a69f_2015-11,0.0
f4604d_2015-10,0.014814814814814814
175155_2021-01,0.8640777465777466
0cecbd_2017-07,0.2858549935795613
29849f_2021-12,0.9401701835525366
9b46ed_2020-08,0.898363460863461
0cecbd_2015-04,0.05393374741200828
e60b65_2015-06,0.04017713365539453
7aa803_2017-08,0.30409583641290955
f4604d_2018-08,0.13716790560488942
29849f_2022-02,0.944674688057041
4fb2d3_2015-11,0.0
bf6f0d_2014-04,0.014814814814814814
9b46ed_2021-09,0.8187616546237237
b1de95_2021-03,0.9958333333333332
b1de95_2021-06,1.0
f500c5_2018-09,0.648806715063521
88a9a6_2017-08,0.205094176019268
b73bc7_2022-03,0.9958333333333332
c580aa_2022-07,1.0
3a13b3_2022-11,1.0
c580aa_2020-11,1.0
c580aa_2022-02,0.9840686274509803
a42d13_2016-11,0.5724519187599
b73bc7_2023-11,1.0
f500c5_2018-08,0.648806715063521
b73bc7_2022-06,0.9863095238095237
c580aa_2025-09,0.9100436482745465
439fde_2017-10,0.24576250307957626
19fa84_2017-05,0.23745695957697638
c580aa_2021-12,0.9943702318607794
3db670_2021-05,0.8273887032507723
88a9a6_2017-10,0.18079411764389447
b73bc7_2018-08,0.9450634987454031
3db670_2016-12,0.4388614837121868
b73bc7_2024-02,0.9958333333333332
8d0588_2015-10,0.04017713365539453
8d0588_2016-03,0.2139106512277244
af81b0_2018-07,0.6829516358463728
74b7d1_2018-08,0.23924076394914148
77e86b_2020-04,0.7953346291727968
74b7d1_2016-01,0.0
83894c_2019-06,0.15704432690168973
74b7d1_2016-06,0.0
7bf5c9_2016-03,0.016666666666666666
2ed4f9_2025-03,0.07017713365539452
0cecbd_2018-09,0.3099494949494949
77e86b_2021-08,0.7393454911861361
439fde_2018-11,0.3448853100971201
6224d0_2016-08,0.14571984042821795
83894c_2023-02,0.7793677152297842
83894c_2023-10,0.8187616546237237
fc77d0_2018-11,0.7793677152297842
e60b65_2017-07,0.44785714285714284
06534f_2017-09,0.6254323308270677
e3af0e_2018-11,0.33250329202838136
e2314a_2021-02,0.8794566353187043
83894c_2023-01,0.7793677152297842
87cfea_2018-06,0.2042912689996465
439fde_2018-08,0.479048938866012
531356_2016-04,0.016666666666666666
b416b1_2016-05,0.05393374741200828
af81b0_2015-12,0.0
375f2e_2020-05,0.9495448179271708
af81b0_2017-01,0.07762460233297985
af81b0_2020-05,0.5111466165413534
b416b1_2015-12,0.037267080745341616
88a9a6_2015-06,0.0
74fb1f_2015-12,0.01968094230224441
cd0e60_2023-08,0.30974302243968194
c3a69f_2017-01,0.03828349602476815
cd0e60_2023-11,0.6560136093535386
cd0e60_2024-10,0.7234688772256831
8005b9_2016-06,0.1423865070948846
c0f884_2025-09,0.05393374741200828
34889b_2021-01,0.8532002907002907
175155_2016-07,0.060052910052910045
34889b_2021-02,0.8532002907002907
531356_2016-11,0.1489082462253194
894378_2017-05,0.23924076394914148
439fde_2015-11,0.023510466988727857
77b3b9_2015-11,0.014814814814814814
894378_2017-07,0.2770962961726503
c5816f_2015-05,0.0738095238095238
bf6f0d_2015-05,0.09026915113871635
98a151_2018-11,0.7622248580869272
b416b1_2015-05,0.014814814814814814
6838b9_2025-09,0.8881913949445783
b416b1_2017-12,0.3610228596519612
0874ee_2016-10,0.2506577928214194
5a0174_2017-10,0.29136284161002896
175155_2015-08,0.11571984042821795
dc4b5e_2021-09,0.6533390070958129
a25664_2016-01,0.014814814814814814
2ab8ad_2016-05,0.014814814814814814
34889b_2018-07,0.7406117343685403
9b46ed_2016-07,0.014814814814814814
2ab8ad_2017-09,0.36076250307957625
7aa803_2016-11,0.17095793566631318
2ab8ad_2016-03,0.014814814814814814
34889b_2020-04,0.9097727272727273
dc4b5e_2021-07,0.7555567893135952
8005b9_2015-08,0.0
2ab8ad_2016-04,0.0
8005b9_2015-07,0.008695652173913044
b08ec1_2020-12,0.8097452664569367
9b46ed_2016-08,0.043478260869565216
dc4b5e_2020-11,0.18318015788853542
293190_2017-11,0.30409583641290955
dc4b5e_2021-03,0.5699752833373524
99c11c_2018-11,0.16943581872843652
99c11c_2019-01,0.15271777003484321
83894c_2017-07,0.014814814814814814
a97df3_2020-11,0.04017713365539453
a97df3_2021-02,0.24576250307957626
83894c_2017-11,0.0
99c11c_2025-01,0.8251927592239496
3a13b3_2018-10,0.862278138140207
af81b0_2017-09,0.3572222222222222
0cecbd_2016-10,0.004851924881850428
99c11c_2019-02,0.1587115020233439
a97df3_2021-04,0.28980633747172035
0cecbd_2016-06,0.0
3a13b3_2021-05,0.9597727272727272
894378_2018-07,0.5205324216063005
e7a56d_2015-11,0.06562782294489612
af81b0_2021-07,0.84754095004095
af81b0_2020-11,0.8720255171684788
af81b0_2021-04,0.864424066924067
af81b0_2021-10,0.8574999999999999
e2e0ce_2015-09,0.0
74fb1f_2016-08,0.11884057971014492
88a9a6_2016-11,0.17095793566631318
c5df88_2016-10,0.16571984042821794
e2e0ce_2015-10,0.0
c5df88_2016-11,0.1732308631063604
9f1aa0_2015-06,0.16506726197272226
e361b7_2018-08,0.6082894736842105
8ec563_2017-05,0.308637614134314
db5006_2016-01,0.014814814814814814
19fa84_2016-10,0.014814814814814814
e4bc80_2020-07,0.8322248580869271
8ec563_2017-03,0.35470563800671717
894378_2017-01,0.19890824622531939
894378_2020-04,0.9234318356979763
894378_2015-07,0.01385401519608955
e4bc80_2020-06,0.8640508880302911
894378_2016-10,0.023510466988727857
e361b7_2016-04,0.03148148148148148
1698cf_2016-02,0.016666666666666666
19fa84_2016-03,0.03144915971252743
fd589c_2016-12,0.27090543485784335
1698cf_2016-01,0.016666666666666666
e361b7_2017-03,0.2949591145755789
894378_2015-09,0.0
fd589c_2017-11,0.5522489352253642
e4bc80_2017-09,0.2890513541544679
c5816f_2015-09,0.04017713365539453
19fa84_2016-12,0.14429126899964653
f461d4_2018-11,0.6316638579206637
fd589c_2016-08,0.260235565128817
8ec563_2018-08,0.6143824679741474
8d0588_2015-06,0.18224157955865272
b59bc0_2016-11,0.7621248080805729
94f933_2025-09,0.2549494949494949
83894c_2017-01,0.0
a42d13_2022-05,0.9269348894348894
a42d13_2019-09,0.7793677152297842
a42d13_2020-11,0.8647456960328851
a42d13_2021-02,0.86254095004095
c48018_2016-01,0.0
a42d13_2020-06,0.8567717192717194
a42d13_2019-08,0.8663348947863468
a42d13_2020-07,0.86254095004095
fb34b4_2022-09,0.023510466988727857
db5006_2016-09,0.0
6224d0_2025-09,0.9269348894348894
531356_2016-09,0.023510466988727857
0cecbd_2017-09,0.22052344611168406
0cecbd_2021-09,0.8963095238095237
7aa803_2017-03,0.19571984042821794
531356_2016-02,0.04017713365539453
bc4c03_2016-12,0.2233218040219665
99c11c_2017-11,0.0
f4604d_2020-02,0.9434842118665647
531356_2020-05,0.8668073593073593
29849f_2016-01,0.07938443670150988
531356_2017-09,0.3274163817238706
db5006_2021-08,0.86254095004095
531356_2017-08,0.2974741393180206
db5006_2018-08,0.2957625030795762
1b9e65_2016-02,0.060052910052910045
c5df88_2024-07,0.9347727272727273
293190_2025-04,0.96512969509378
b08ec1_2016-11,0.18651349122186875
293190_2026-03,0.9552489177489176
74fb1f_2017-03,0.26864472911246484
293190_2026-01,0.9347727272727273
c5df88_2025-12,0.9347727272727273
74fb1f_2016-11,0.2297018970189702
a25664_2017-07,0.276984126984127
2ab8ad_2025-05,0.9019348894348894
7aa803_2015-05,0.014814814814814814
c5df88_2024-02,0.8953787878787878
f4604d_2020-09,0.7709278263225632
1996b0_2023-09,0.0
1996b0_2024-01,0.0
1996b0_2023-02,0.014814814814814814
06534f_2016-08,0.22581300813008132
7a007d_2016-02,0.016666666666666666
7a007d_2021-11,0.8869348894348894
7a007d_2022-06,0.8869348894348894
7a007d_2021-01,0.8303980928980929
7a007d_2022-12,0.8869348894348894
7a007d_2020-04,0.7001420610041299
7a007d_2016-01,0.014814814814814814
7a007d_2023-05,0.8869348894348894
90abb1_2020-06,0.7793677152297842
74b7d1_2016-12,0.06160570508396594
b08ec1_2015-07,0.04017713365539453
7a007d_2020-03,0.7001420610041299
7a007d_2022-11,0.8869348894348894
b0ff51_2020-04,1.0
8d0588_2017-12,0.7943677152297843
fb34b4_2023-02,0.04017713365539453
4fb2d3_2020-06,0.8918073593073593
fd589c_2020-11,0.8670454545454545
439fde_2015-06,0.08148148148148147
439fde_2015-05,0.11422682943150068
fd589c_2020-06,0.8758333333333332
2ab8ad_2015-10,0.014814814814814814
439fde_2015-10,0.08148148148148147
d59611_2020-05,0.9597727272727272
987bc1_2016-02,0.014814814814814814
6c1954_2021-04,0.22066291485577882
34889b_2017-01,0.37791351811510154
db4cd8_2020-06,0.9480080213903743
db4cd8_2015-07,0.0
6c1954_2020-05,0.12026915113871635
6c1954_2021-02,0.11884057971014492
77e86b_2022-11,0.1375845410628019
1b9e65_2020-03,0.817224858086927
5ecf9b_2023-10,0.0
439fde_2024-10,0.36923030574605953
77e86b_2023-05,0.22091020696017427
c3a69f_2024-02,0.3293736141906874
1b9e65_2020-01,0.6826794035414726
5ecf9b_2023-08,0.04017713365539453
2ed4f9_2025-08,0.04523809523809523
94f933_2023-11,0.026293364886042732
c3a69f_2025-01,0.7793677152297842
439fde_2018-05,0.20642292490118574
c3a69f_2024-09,0.38994949494949493
77e86b_2024-03,0.665949572206378
74b7d1_2023-07,0.6749521308141999
74b7d1_2023-08,0.29880306327766076
c3a69f_2024-06,0.2840138836043177
77e86b_2025-07,0.6998222606843297
77e86b_2020-02,0.39702380952380956
439fde_2025-06,0.6875626959247649
77e86b_2015-03,0.0
c3a69f_2024-08,0.45494949494949494
439fde_2014-11,0.036461364469008044
439fde_2025-04,0.6291729391631126
77e86b_2014-09,0.014814814814814814
77e86b_2024-05,0.6251600985221675
77e86b_2014-12,0.008695652173913044
94f933_2024-12,0.013792901044923287
9befc8_2022-07,0.38994949494949493
d86999_2018-03,0.20794206265044018
d86999_2018-11,0.3025688861902982
8bd3ce_2016-08,0.06351046698872787
b26809_2020-05,0.9097727272727273
b08ec1_2024-10,0.793468877225683
4fb2d3_2021-12,0.9019348894348894
a25664_2025-06,0.88754095004095
2ab8ad_2015-03,0.047567614515415954
7aa803_2018-02,0.06884057971014493
88a9a6_2016-08,0.023510466988727857
9b46ed_2019-03,0.18578535249935452
d86999_2016-10,0.19208822724117905
fc9334_2017-11,0.04017713365539453
b08ec1_2025-03,0.8716187974808666
293190_2014-10,0.04017713365539453
293190_2023-10,0.6622849181469871
74fb1f_2025-08,0.5386025382698918
8e41cf_2018-07,0.08671957671957672
fc9334_2019-06,0.2727127025797538
8e41cf_2024-02,0.7571092353227685
9af74c_2021-08,0.7406117343685403
e2e0ce_2021-01,0.9875674478628709
74fb1f_2016-02,0.023510466988727857
74fb1f_2023-02,0.8114556273176963
7aa803_2022-12,0.3745034843205575
7aa803_2025-08,0.8490777465777466
e3af0e_2025-01,0.7556117343685402
e427f8_2025-02,0.20427191166321604
e3af0e_2019-01,0.40283596574090585
d86999_2021-05,0.8187616546237237
fc9334_2015-11,0.0
fc9334_2020-10,0.8461958215124371
8e41cf_2020-06,0.6998222606843297
a25664_2024-04,0.9314393939393939
293190_2019-03,0.24576250307957626
74fb1f_2023-05,0.6178157805862267
7aa803_2023-04,0.48001930501930506
0f9e86_2022-09,0.38994949494949493
bfbeef_2016-11,0.023510466988727857
bfbeef_2022-04,0.5378873712494403
dbb709_2023-07,0.07014492753623189
9cf1af_2025-05,0.4407445141065831
e427f8_2024-04,0.30409583641290955
60a0fd_2025-07,0.7112508321129012
d86999_2019-06,0.775398092898093
d86999_2020-12,0.8134023671290759
6c1954_2021-12,0.17794206265044016
fc9334_2020-01,0.3293736141906874
8bd3ce_2022-05,0.4510272955801867
b08ec1_2019-08,0.40511512480305434
265164_2024-04,0.0
e2e0ce_2015-08,0.0
e2e0ce_2024-07,0.7172849181469869
2ab8ad_2021-03,0.8366953149487832
98a151_2017-05,0.1924268623896705
98a151_2021-11,0.8322248580869271
d86999_2017-01,0.20794206265044018
d86999_2021-11,0.8508495667116357
8e41cf_2024-10,1.0
6f5e2b_2016-05,0.17551425558484107
2ab8ad_2024-08,0.8065034965034965
88a9a6_2022-04,0.4508852295518423
9befc8_2022-08,0.6044799498746867
98a151_2024-11,0.7094660557228616
d86999_2015-04,0.014814814814814814
fc9334_2016-08,0.0
8fb6f0_2015-10,0.003198791815624745
9af74c_2023-08,0.8589695214695215
6224d0_2022-02,0.8699762324676744
175155_2019-12,0.8636108848876166
88a9a6_2017-12,0.14187434973957108
9b46ed_2017-02,0.20794206265044018
829a72_2024-04,0.6001648042699624
e427f8_2025-08,0.3943736141906874
b26809_2020-02,0.7234688772256831
fc9334_2023-08,0.40910987971282964
8e41cf_2015-08,0.008695652173913044
8e41cf_2025-07,0.8670454545454545
4fb2d3_2015-02,0.025362318840579712
bc4c03_2022-02,0.8869348894348894
829a72_2025-07,0.7526794035414726
9befc8_2024-02,0.8417717192717193
8bd3ce_2022-10,0.529022874972958
9cf1af_2024-03,0.16401514995608496
9cf1af_2024-12,0.3293736141906874
fc9334_2020-12,0.7406117343685403
fc9334_2024-08,0.6704198387819078
8bd3ce_2021-07,0.45494949494949494
8e41cf_2025-01,0.8914393939393939
4718d7_2019-07,0.7998222606843297
74fb1f_2021-05,0.8929954954954955
7aa803_2014-09,0.03148148148148148
3db670_2015-02,0.023510466988727857
9b46ed_2018-03,0.12380952380952381
bfbeef_2018-11,0.21668963214650877
98a151_2023-03,0.7188193447506391
8bd3ce_2017-01,0.07161015607359975
8bd3ce_2019-05,0.2725740972824748
8e41cf_2021-02,0.648806715063521
2ab8ad_2024-11,0.7882127989233417
c5df88_2023-03,0.84754095004095
88a9a6_2021-08,0.3207389686337055
60a0fd_2019-07,0.5503571428571429
780a0b_2016-02,0.0
fc9334_2024-12,0.9019348894348894
8fb6f0_2025-02,0.7406117343685403
b26809_2014-03,0.0
b26809_2016-03,0.09229448961156278
b26809_2016-10,0.06562782294489612
fc77d0_2020-10,0.9516774891774891
4718d7_2019-03,0.6829516358463728
bc4c03_2022-09,0.665949572206378
db4cd8_2019-04,0.2993736141906874
74fb1f_2021-03,0.7872055530676221
9b46ed_2014-12,0.03148148148148148
11f0e3_2025-05,0.7406117343685403
bfbeef_2024-07,0.7709278263225632
829a72_2023-08,0.9401701835525366
9cf1af_2023-06,0.03148148148148148
d86999_2014-09,0.03148148148148148
8bd3ce_2019-06,0.28550605738737117
9af74c_2022-07,0.7234688772256831
4fb2d3_2023-10,0.8847441411328143
f25ffe_2023-09,0.03330956632292741
6224d0_2019-06,0.41718915514065014
293190_2022-02,0.2960125014098408
293190_2022-12,0.6342821049621415
e2e0ce_2024-08,0.9337666037012446
74fb1f_2017-09,0.24909583641290958
dc4b5e_2024-03,0.7406117343685403
77c35f_2025-03,0.23113046844754162
8bd3ce_2018-09,0.17217391304347826
9cf1af_2024-11,0.31433911227919165
e427f8_2022-01,0.19429126899964652
e3af0e_2024-05,0.6327791461412151
8bd3ce_2020-11,0.6877341049635527
34889b_2024-11,0.86254095004095
259a19_2020-02,0.648806715063521
a25664_2015-02,0.016666666666666666
e2e0ce_2017-02,0.06562782294489612
2ab8ad_2017-05,0.4012797444588866
c5df88_2016-05,0.02857142857142857
88a9a6_2016-02,0.0
9b46ed_2024-12,0.6829516358463728
11f0e3_2024-07,0.665949572206378
293190_2015-11,0.043478260869565216
9cf1af_2022-08,0.014814814814814814
fc9334_2025-03,0.7406117343685403
8bd3ce_2023-04,0.644997191253997
4fb2d3_2019-03,0.5701688628947876
a42d13_2025-05,0.898363460863461
c5df88_2015-10,0.023510466988727857
74fb1f_2017-10,0.23024062668344353
88a9a6_2022-06,0.4853571428571429
9cf1af_2023-05,0.02857142857142857
98a151_2022-10,0.6773781436349495
829a72_2018-06,0.4034041908078702
e427f8_2024-11,0.44666029406673297
60a0fd_2019-03,0.3192257065427797
e3af0e_2022-08,0.6251600985221675
e3af0e_2024-02,0.6401600985221675
e3af0e_2024-03,0.6113108921729611
d86999_2018-01,0.3690958364129096
8bd3ce_2022-08,0.5690160990118137
8e41cf_2015-01,0.0
34889b_2018-06,0.24909583641290958
6224d0_2023-08,0.6593050193050193
88a9a6_2015-03,0.06684380032206119
302d40_2023-09,0.04523809523809523
302d40_2023-11,0.014814814814814814
829a72_2025-03,0.7556117343685402
302d40_2024-07,0.23984682455520207
d86999_2025-01,0.8415994924615614
d59611_2023-01,0.903263985241401
8fb6f0_2021-08,0.9010206943052592
8e41cf_2025-04,0.8114556273176963
b26809_2022-01,0.6080172413793103
f25ffe_2024-01,0.04417445489584589
1698cf_2019-03,0.7793677152297842
175155_2021-07,0.9844155844155844
2ab8ad_2021-01,0.8853787878787879
7aa803_2023-10,0.704705553067622
e7a56d_2014-07,0.014814814814814814
e427f8_2023-07,0.04523809523809523
829a72_2018-12,0.29828282828282826
8e41cf_2016-02,0.008695652173913044
d86999_2021-08,0.655378787878788
d86999_2023-06,0.833538057165373
b26809_2016-08,0.1196463112119757
fc9334_2019-05,0.30409583641290955
8e41cf_2022-12,0.6144093927494626
731908_2024-06,0.6389105339105339
11f0e3_2024-12,0.6826794035414726
0e8d73_2025-04,0.19429126899964652
bc4c03_2019-09,0.46450348432055755
9b3bd5_2025-03,0.0
9b46ed_2015-04,0.02857142857142857
fc9334_2016-06,0.0
e427f8_2024-01,0.18106280193236715
bfbeef_2020-01,0.30808352967038377
dbb709_2023-01,0.014814814814814814
60a0fd_2021-12,0.7520403057971117
302d40_2025-07,0.6316638579206637
8e41cf_2021-04,0.49737012987012985
b08ec1_2022-06,0.5546839080459771
fc77d0_2024-02,0.9401701835525366
f461d4_2017-07,0.4720923520923521
bc4c03_2018-06,0.05217391304347826
74fb1f_2022-06,0.4307389686337054
7aa803_2014-10,0.014814814814814814
7aa803_2024-04,0.898363460863461
88a9a6_2021-06,0.6432359307359308
9cf1af_2023-01,0.014814814814814814
9cf1af_2024-01,0.18410545507476664
fc9334_2018-12,0.09550724637681159
fc9334_2022-03,0.6089892393281201
b26809_2020-03,0.7234688772256831
b26809_2024-02,0.7864246836951321
1698cf_2020-10,0.8529954954954955
db4cd8_2019-09,0.4152272727272727
375f2e_2015-09,0.0
7aa803_2022-04,0.24909583641290958
7aa803_2024-07,0.7914185225812419
dbb709_2022-01,0.06334790094565595
9cf1af_2024-09,0.30409583641290955
e3af0e_2022-10,0.665949572206378
fc9334_2015-06,0.008695652173913044
b26809_2015-11,0.0
34889b_2025-02,0.9052807486631016
293190_2022-10,0.47315960355434045
2ab8ad_2023-05,0.7425626959247648
74fb1f_2021-04,0.5852489177489177
7aa803_2019-07,0.2277971351142083
60a0fd_2023-11,0.7082193442095674
8e41cf_2022-04,0.447559039876113
265164_2024-12,0.0
4fb2d3_2023-03,0.7101600985221674
780a0b_2024-03,0.7732976690817954
60a0fd_2024-02,0.6776185032929753
9befc8_2021-05,0.5261466165413534
d86999_2015-09,0.014814814814814814
b26809_2019-01,0.33522727272727276
8fb6f0_2014-06,0.025362318840579712
8e41cf_2019-04,0.24909583641290958
9af74c_2021-06,0.9302489177489177
4fb2d3_2023-02,0.665949572206378
bc4c03_2019-05,0.5111466165413534
18defd_2014-12,0.04017713365539453
2ab8ad_2018-12,0.24576250307957626
8fb6f0_2024-03,0.7234688772256831
8bd3ce_2019-04,0.20794206265044018
d86999_2020-11,0.8159316504261952
b26809_2020-11,0.6724358569809508
e60b65_2018-02,0.014814814814814814
6f5e2b_2019-04,0.7978880789836931
a25664_2023-03,0.8265669240669242
74fb1f_2021-06,0.6920949879570569
7aa803_2023-09,0.7367934651555341
7aa803_2024-02,0.7943127701748391
3db670_2014-12,0.014814814814814814
98a151_2023-06,0.719705553067622
e3af0e_2022-07,0.7907962866583557
fc9334_2023-12,0.7671681291467406
8bd3ce_2023-08,0.606386080142886
8e41cf_2021-06,0.38994949494949493
b26809_2023-05,0.648806715063521
b26809_2024-08,0.704705553067622
14fe3a_2019-08,0.7412623711972581
b08ec1_2022-08,0.5546839080459771
6f5e2b_2019-07,0.7793677152297842
175155_2023-12,0.9904761904761905
3a13b3_2014-09,0.10655576451288493
e2e0ce_2023-02,0.7234688772256831
74fb1f_2022-12,0.7401968046980796
829a72_2025-02,0.7520403057971117
bfbeef_2019-12,0.32606058383862885
8bd3ce_2025-07,0.9062012987012988
8e41cf_2020-04,0.8939285714285715
fc77d0_2019-04,0.4853571428571429
a25664_2024-03,1.0
74fb1f_2015-04,0.11693581780538302
7aa803_2023-03,0.5141666666666667
88a9a6_2021-07,0.8337067095687786
3db670_2015-04,0.11871635610766045
9b46ed_2025-06,0.7793677152297842
9f1aa0_2018-06,0.21909583641290958
fd589c_2019-04,0.39375811450044107
513080_2024-01,0.18651349122186875
0f9e86_2015-11,0.0
19fa84_2019-04,0.29104028085735406
513080_2024-07,0.23769051922565382
f4604d_2022-08,0.6826794035414725
6c1954_2020-03,0.05393374741200828
fd589c_2023-03,0.6230172413793104
510fbf_2022-06,0.060052910052910045
fd589c_2022-04,0.6609389253469846
9befc8_2022-01,0.5111466165413534
513080_2022-07,0.06684380032206119
c5816f_2024-01,0.7469101727722418
c5816f_2024-03,0.7469101727722418
6c1954_2022-12,0.19429126899964652
19fa84_2018-02,0.037267080745341616
fd589c_2022-10,0.6080172413793103
fa8553_2025-07,0.2790958364129096
894378_2019-12,0.6593050193050193
780a0b_2024-02,0.7406117343685403
513080_2023-07,0.20794206265044018
513080_2023-09,0.28354028085735405
11f0e3_2020-10,0.6082894736842105
8fb6f0_2021-06,0.283069632912811
e361b7_2024-03,0.7469101727722418
510fbf_2024-05,0.2957625030795762
531356_2022-09,0.6000193050193051
894378_2020-01,0.7979733817301875
e4bc80_2022-09,0.5272619047619047
bc4c03_2021-11,0.9863095238095237
513080_2024-10,0.24463817860475912
9f1aa0_2017-06,0.3005952380952381
fa8553_2024-12,0.3422222222222222
8ec563_2020-12,0.8869348894348894
fd589c_2021-01,0.84754095004095
510fbf_2024-11,0.21446380178087496
731908_2016-01,0.0
8fb6f0_2015-04,0.0
8fb6f0_2017-02,0.1331261511108466
bc4c03_2024-12,0.898363460863461
731908_2014-12,0.0
bfbeef_2018-10,0.2957625030795762
894378_2019-11,0.6421621621621622
8ec563_2025-06,0.793468877225683
fd589c_2024-10,0.7634801785549815
fd589c_2024-11,0.7524191730791921
e361b7_2023-04,0.7148222606843297
29849f_2022-05,0.8428146389721564
8ec563_2018-05,0.5908743842364532
e361b7_2019-08,0.6593050193050193
e361b7_2020-11,0.5432894736842105
e4bc80_2019-10,0.8114556273176963
9f1aa0_2019-04,0.33589237320944637
9f1aa0_2020-03,0.4816463414634146
731908_2019-11,0.5956789085736455
894378_2022-08,0.3915273114343608
fd589c_2024-09,0.7841282178850237
e361b7_2018-04,0.06884057971014493
e4bc80_2018-12,0.2957625030795762
9af74c_2019-12,0.9058429713305436
fa8553_2025-02,0.21446380178087496
bfbeef_2022-10,0.6655365463986154
8ec563_2024-12,0.7783432786007237
19fa84_2019-06,0.3930922385850851
fd589c_2022-02,0.5675000000000001
780a0b_2019-09,0.4152272727272727
f4604d_2022-11,0.6921906279582476
513080_2022-04,0.05393374741200828
513080_2022-10,0.023510466988727857
9f1aa0_2018-05,0.2184949525598147
8ec563_2018-03,0.27136856368563683
e361b7_2022-11,0.555726285866985
e361b7_2023-05,0.8126996464564524
9f1aa0_2022-07,0.7112508321129012
bfbeef_2017-02,0.19429126899964652
fd589c_2019-05,0.4853571428571429
c5816f_2021-11,0.4961927564737422
8ec563_2020-10,0.8529954954954955
8ec563_2021-05,0.8275593909476191
e4bc80_2021-02,0.6254323308270677
9f1aa0_2019-05,0.3192257065427797
bfbeef_2015-04,0.04017713365539453
e361b7_2018-02,0.06884057971014493
9f1aa0_2019-01,0.24909583641290958
e361b7_2022-02,0.6338288288288288
fa8553_2024-02,0.2630352303523035
8fb6f0_2021-05,0.2765452697484424
c5816f_2021-09,0.648806715063521
19fa84_2023-12,0.7469101727722418
510fbf_2023-04,0.04017713365539453
bfbeef_2023-08,0.7709278263225632
894378_2017-03,0.15525842288588496
894378_2021-02,0.7793677152297842
c5816f_2023-10,0.9639393939393941
9af74c_2021-05,0.9302489177489177
513080_2025-03,0.6044799498746867
9f1aa0_2016-04,0.24997572967505172
0f9e86_2015-06,0.008695652173913044
fd589c_2024-12,0.8389125805621704
9af74c_2021-09,0.8265669240669242
fd589c_2025-01,0.8073648514912343
513080_2024-12,0.333841841459359
8fb6f0_2014-08,0.008695652173913044
19fa84_2023-06,0.7148222606843297
731908_2024-09,0.5422222222222223
11f0e3_2018-10,0.15474506709807548
f1543b_2019-05,0.38664634146341464
99c11c_2020-10,0.296040280857354
731908_2018-07,0.21057731789439105
8fb6f0_2023-02,0.5378873712494403
f500c5_2021-03,0.45863040808645705
87cfea_2022-12,0.4741656464827197
731908_2017-05,0.23924076394914148
f1543b_2025-02,0.7348974486542545
f1543b_2023-07,0.6826794035414726
b1de95_2015-01,0.05714285714285714
731908_2016-09,0.23047367645194647
731908_2021-08,0.29772727272727273
731908_2024-01,0.6480043183805811
780a0b_2020-04,0.8286534295154985
780a0b_2022-04,0.5422222222222223
fc9334_2019-12,0.3717961360839731
7bf5c9_2015-03,0.0
7bf5c9_2020-04,0.47201398877064465
83894c_2022-09,0.39114702808333013
87cfea_2022-07,0.5597727272727273
8fb6f0_2017-06,0.21915647106068134
f1543b_2025-04,0.7962508321129012
83894c_2019-01,0.06562782294489612
731908_2025-07,0.606386080142886
90abb1_2019-04,0.47813034672159527
8e41cf_2019-09,0.4002272727272727
8fb6f0_2016-12,0.09229448961156278
8fb6f0_2022-02,0.40988531009712015
e3af0e_2019-11,0.4853571428571429
b1de95_2015-03,0.04338624338624338
b59bc0_2015-11,0.023510466988727857
0f9e86_2021-02,0.5643379158803677
1b9e65_2025-08,0.6858053626368754
731908_2017-02,0.08705639437346754
731908_2023-04,0.6251600985221675
731908_2024-04,0.648806715063521
8fb6f0_2020-10,0.8228841987462678
0f9e86_2018-07,0.2542985785822249
7bf5c9_2024-03,0.6216228070175439
f1543b_2023-09,0.7482307819875877
87cfea_2023-02,0.2993736141906874
731908_2025-08,0.6875626959247649
731908_2023-02,0.6309344171022302
9befc8_2022-02,0.30409583641290955
7bf5c9_2020-12,0.3913685636856369
99c11c_2019-09,0.21529987871370743
11f0e3_2020-02,0.49737012987012985
8fb6f0_2017-05,0.060052910052910045
9befc8_2020-03,0.4802272727272728
7bf5c9_2018-03,0.15035187506025258
7bf5c9_2024-04,0.586985366742204
92dcdd_2021-11,0.19527262420960614
87cfea_2022-01,0.4741656464827197
731908_2025-06,0.6381553656643351
11f0e3_2023-06,0.37772727272727274
b26809_2019-11,0.648806715063521
87cfea_2020-07,0.648806715063521
f1543b_2021-12,0.4703571428571428
f500c5_2021-08,0.762224858086927
87cfea_2021-06,0.4299289480823313
f1543b_2018-06,0.14477696216826652
f500c5_2022-03,0.6829516358463728
f500c5_2025-02,0.4816463414634146
f1543b_2018-12,0.21257409728247484
87cfea_2025-06,0.5911466165413535
11f0e3_2024-05,0.648806715063521
99c11c_2021-06,0.43520749170021505
11f0e3_2022-11,0.5695071742419964
780a0b_2020-06,0.7767076167076168
7bf5c9_2023-03,0.40535714285714286
731908_2021-06,0.31108577350562927
780a0b_2018-09,0.19555555555555554
780a0b_2023-10,0.40988531009712015
f500c5_2020-01,0.22592305135098964
731908_2019-04,0.38994949494949493
11f0e3_2017-09,0.2425740972824748
fc9334_2023-02,0.7234688772256831
9befc8_2021-04,0.5008688387635756
f500c5_2023-07,0.48001930501930506
b26809_2019-07,0.3816161616161616
9befc8_2025-03,0.7406117343685403
b73bc7_2014-05,0.014814814814814814
83894c_2025-01,0.5790133223884748
11f0e3_2018-03,0.11582370695224298
780a0b_2023-05,0.5492050164249966
7bf5c9_2024-07,0.8462983806697348
83894c_2020-04,0.21304505955099023
99c11c_2020-06,0.3767229016541757
731908_2023-01,0.644997191253997
c5816f_2014-06,0.02435054731648397
e361b7_2014-05,0.018583556454005955
f461d4_2025-01,1.0
92dcdd_2025-02,0.9401701835525366
5a0174_2015-04,0.04017713365539453
894378_2018-09,0.3742257065427797
c5816f_2017-05,0.2790958364129096
fd589c_2015-03,0.008695652173913044
14fe3a_2024-05,0.8096838071838072
8005b9_2019-06,0.480449734310033
1698cf_2018-04,0.014814814814814814
8ec563_2018-07,0.648806715063521
fd589c_2014-11,0.023510466988727857
60a0fd_2022-10,0.7406117343685403
e7a56d_2021-12,0.6168267651888342
8fabe0_2014-12,0.0
db4cd8_2014-03,0.0
5a0174_2022-08,0.842501076346128
f461d4_2023-01,0.8961656586656588
fd589c_2017-10,0.5069907948974431
db4cd8_2023-05,0.9097727272727273
d59611_2022-06,0.6459584999853881
6838b9_2019-09,0.014814814814814814
894378_2016-02,0.03148148148148148
e7a56d_2016-04,0.023510466988727857
34889b_2019-06,0.46450348432055755
14fe3a_2021-07,0.86254095004095
6224d0_2019-05,0.4553571428571429
34889b_2018-05,0.20651349122186877
987bc1_2018-02,0.014814814814814814
c5816f_2017-07,0.2598817725086799
6c1954_2022-02,0.1839106512277244
e361b7_2016-03,0.014814814814814814
5a0174_2014-09,0.016666666666666666
14fe3a_2019-01,0.7793677152297842
9af74c_2022-08,0.8811656586656588
1698cf_2020-01,0.7793677152297842
77b3b9_2015-01,0.014814814814814814
894378_2019-08,0.6577940525692074
19fa84_2015-08,0.014814814814814814
18defd_2018-05,0.11160570508396594
c48018_2025-03,0.8385028738044513
4718d7_2022-03,0.9019348894348894
8005b9_2019-02,0.2330352303523035
8005b9_2021-08,0.9097727272727273
0874ee_2022-02,0.2943563609376814
19fa84_2020-12,0.7406117343685403
c48018_2024-12,0.8180157384104753
8fabe0_2024-04,0.9306883696128043
175155_2019-11,0.8319101727722418
fc77d0_2018-04,0.037267080745341616
77b3b9_2022-04,0.8096838071838072
e7a56d_2017-04,0.2169722402300555
e7a56d_2022-11,0.6826794035414725
18defd_2024-12,0.9802489177489176
f461d4_2024-11,0.8703787878787879
259a19_2021-11,0.9760744515172712
d59611_2015-01,0.016666666666666666
14fe3a_2024-01,0.993977616465482
4fb2d3_2019-12,0.7635173187782668
1698cf_2018-05,0.1577294685990338
77b3b9_2019-09,0.5911466165413535
894378_2017-06,0.2303518750602526
e361b7_2017-10,0.24930281489953807
e361b7_2025-08,0.7859278263225632
e7a56d_2019-06,0.37016308787489793
c48018_2015-01,0.03148148148148148
b416b1_2024-07,0.8670454545454545
259a19_2023-04,0.9125
db4cd8_2017-08,0.34698412698412695
d59611_2024-08,0.898363460863461
948a11_2023-12,0.2549494949494949
6f5e2b_2018-03,0.24636856368563684
fd589c_2016-07,0.23354028085735404
e4bc80_2017-06,0.2734772334524032
e4bc80_2017-08,0.2790958364129096
c48018_2023-03,0.24570048309178744
c48018_2025-05,0.8286534295154985
b416b1_2022-08,0.605574646005125
14fe3a_2021-08,0.9269348894348894
34889b_2023-09,0.8406222820561302
c5816f_2015-03,0.008695652173913044
c48018_2014-11,0.03148148148148148
4718d7_2020-03,0.9347727272727273
b416b1_2018-05,0.060144927536231886
bc4c03_2019-04,0.4461466165413534
34889b_2019-11,0.6042077175697865
f4d28d_2024-07,0.0738095238095238
987bc1_2018-05,0.023510466988727857
c5816f_2017-06,0.24909583641290958
8fabe0_2025-02,0.9140686274509804
b416b1_2023-11,0.8908549783549782
4718d7_2022-10,0.6915376779996466
f461d4_2022-08,0.9019348894348894
1822ea_2017-04,0.5615339877907937
894378_2016-05,0.0
8ec563_2017-12,0.4802272727272728
4718d7_2020-01,0.9097727272727273
8fabe0_2019-12,0.8589695214695215
9af74c_2015-04,0.060052910052910045
f461d4_2018-10,0.6607194473391179
f461d4_2022-01,0.9495448179271708
9af74c_2023-05,0.8599517384494625
c5816f_2020-02,0.6593050193050193
e7a56d_2022-02,0.8160520974477364
5a0174_2019-06,0.35315360697377446
b416b1_2019-11,0.6544557802480024
1698cf_2025-01,0.9863095238095237
4fb2d3_2018-01,0.23354028085735404
18defd_2019-12,0.6829516358463728
8fabe0_2015-01,0.016666666666666666
6f5e2b_2025-01,0.9230080213903744
259a19_2018-12,0.36589237320944634
d59611_2024-09,0.704705553067622
14fe3a_2025-06,0.665949572206378
77b3b9_2021-07,0.767109557109557
d59611_2022-01,0.9363095238095237
34889b_2018-04,0.08148148148148147
34889b_2024-05,0.9528854958208746
987bc1_2018-12,0.12042672340646332
894378_2015-01,0.014814814814814814
bc4c03_2019-01,0.7793677152297842
a25664_2019-08,0.3293736141906874
e3af0e_2018-05,0.12424129047849819
c48018_2025-07,0.8622262647262648
5a0174_2025-02,0.8703787878787879
5a0174_2023-04,0.8605063180063179
c5816f_2016-08,0.23963905137809277
e4bc80_2017-11,0.3666161616161616
e7a56d_2025-03,0.8757762441585971
6f5e2b_2024-12,0.9019348894348894
d59611_2022-04,0.648806715063521
d59611_2024-11,0.8096838071838072
14fe3a_2025-04,0.819967919789991
06534f_2018-03,0.7848222606843297
6f5e2b_2015-01,0.0
f461d4_2014-09,0.025362318840579712
bc4c03_2020-03,0.9958333333333332
e7a56d_2023-04,0.5384126984126983
c48018_2014-12,0.03148148148148148
d59611_2021-05,0.9314393939393939
259a19_2014-12,0.0
f4d28d_2024-11,0.060052910052910045
c5816f_2016-04,0.22433393165100482
fd589c_2014-07,0.03148148148148148
e7a56d_2024-05,0.9666666666666668
18defd_2024-05,0.6593050193050193
4718d7_2018-06,0.16014492753623186
b416b1_2023-07,0.8929954954954955
f461d4_2014-03,0.04017713365539453
259a19_2018-05,0.10393374741200827
d59611_2024-12,0.8532002907002907
6f5e2b_2017-06,0.2285827292606694
1822ea_2019-07,0.74508200094407
fd589c_2021-05,0.8567717192717194
90abb1_2024-09,0.9019348894348894
8005b9_2025-05,0.9597727272727272
db4cd8_2021-11,0.8869348894348894
d59611_2020-01,0.7907962866583557
375f2e_2019-07,0.2707625030795763
c5816f_2014-12,0.023510466988727857
c5816f_2019-07,0.8114556273176963
e7a56d_2022-06,0.5372959533638842
c48018_2024-07,0.6593050193050193
f461d4_2022-03,0.9347727272727273
d59611_2019-05,0.3995034843205575
8005b9_2022-04,0.648806715063521
b08ec1_2019-12,0.6168049260381667
06534f_2018-12,0.7622248580869272
259a19_2023-01,0.8925942300942301
1822ea_2023-06,0.7234688772256831
b08ec1_2023-10,0.9531838725015488
375f2e_2020-02,0.9019348894348894
edda84_2025-04,0.04017713365539453
8ec563_2014-07,0.008695652173913044
fd589c_2014-04,0.04017713365539453
18defd_2024-10,0.9802489177489176
34889b_2024-01,0.8322248580869271
8005b9_2023-08,0.9019348894348894
bf6f0d_2015-09,0.037267080745341616
259a19_2022-06,0.7793677152297842
db4cd8_2023-04,0.9158333333333333
4f2b6b_2024-07,0.09229448961156278
4718d7_2025-06,0.6980374842942901
77e86b_2023-10,0.7406117343685403
7e646c_2024-08,0.014814814814814814
ab32d7_2023-05,0.04017713365539453
74b7d1_2024-03,0.8016187974808666
7e646c_2024-11,0.08671957671957672
5ecf9b_2022-08,0.050827168515980604
6da35b_2023-08,0.03148148148148148
7e646c_2023-12,0.0
6f5e2b_2023-12,0.9745448179271708
259a19_2023-11,0.9310208455164574
1698cf_2024-07,0.9019348894348894
6da35b_2023-06,0.0
74b7d1_2022-08,0.4769491458353503
0ffc2d_2023-06,0.2657625030795763
7e646c_2022-10,0.0
8fabe0_2023-11,0.8656830343986792
0ffc2d_2023-05,0.274986428718928
1698cf_2023-06,0.8791917182202507
8fabe0_2024-01,1.0
11f0e3_2016-02,0.0
11f0e3_2018-06,0.37349563295751953
60a0fd_2018-06,0.43422036158768557
0ffc2d_2024-05,0.6066825203997066
6f5e2b_2024-08,0.8114556273176963
11f0e3_2016-05,0.008695652173913044
9befc8_2018-06,0.23946380178087495
77e86b_2025-03,0.6251600985221675
259a19_2024-03,0.9745448179271708
5ecf9b_2023-05,0.0
5a0174_2024-03,1.0
9befc8_2017-12,0.15130620993573143
0ffc2d_2020-07,0.014814814814814814
6da35b_2023-12,0.03148148148148148
7e646c_2023-06,0.0
9befc8_2018-08,0.39691382056602703
11f0e3_2017-10,0.244597337145832
0f9e86_2015-12,0.014814814814814814
b0ff51_2019-12,1.0
b59bc0_2022-04,0.9097727272727273
99c11c_2023-10,0.4853571428571429
0874ee_2014-12,0.016666666666666666
8d0588_2019-07,0.762224858086927
0cecbd_2019-09,0.6316638579206637
439fde_2019-07,0.2993736141906874
8d0588_2020-06,1.0
8d0588_2022-12,0.9331701631701632
8d0588_2025-02,0.9582352941176471
b59bc0_2015-04,0.24890824622531937
0cecbd_2018-02,0.037267080745341616
8d0588_2018-08,0.9537114845938376
b59bc0_2020-06,1.0
8005b9_2022-02,0.8096838071838072
b0ff51_2019-02,0.8379761904761904
99c11c_2024-08,0.4152272727272727
b59bc0_2023-06,0.8586548361548362
99c11c_2018-01,0.0
b59bc0_2016-06,0.4769007902718815
b59bc0_2020-12,0.975
b0ff51_2021-06,0.933235294117647
8d0588_2024-08,0.9327714436673038
b59bc0_2021-02,0.975
0874ee_2014-09,0.0
8d0588_2019-03,0.7661310844280358
b59bc0_2016-08,0.5384126984126983
b0ff51_2021-01,1.0
77e86b_2025-05,0.9008333333333333
b59bc0_2021-05,1.0
b0ff51_2019-09,0.7887314262314262
439fde_2019-12,0.5799551201669302
74b7d1_2019-04,0.33589237320944637
8005b9_2019-11,0.691284969179706
b59bc0_2018-06,0.6763711995503418
b0ff51_2018-12,0.8265669240669242
439fde_2014-12,0.025362318840579712
439fde_2020-12,0.9213095238095237
8d0588_2017-02,0.5381596035543403
b0ff51_2018-04,0.5600469888627552
8d0588_2023-01,0.9214054572878103
8d0588_2021-05,0.9904761904761905
b0ff51_2015-02,0.04563643595712621
8d0588_2024-05,0.945
b0ff51_2017-05,0.4693500797448166
b0ff51_2024-10,0.9787114845938376
b0ff51_2024-06,1.0
83894c_2018-04,0.06884057971014493
b59bc0_2014-10,0.051593554430213774
b0ff51_2023-05,0.9368994104664619
8d0588_2014-12,0.04523809523809523
8d0588_2020-10,0.924479686979687
34889b_2020-02,0.6251600985221675
99c11c_2019-10,0.08896115627822945
b644ac_2024-03,0.04017713365539453
34889b_2022-11,0.5435289372857431
8005b9_2020-03,0.9006701631701631
dc4b5e_2022-09,0.1888914600978289
b416b1_2020-02,0.7406117343685403
87cfea_2017-02,0.0
a25664_2018-02,0.05393374741200828
d59611_2023-02,0.8096838071838072
987bc1_2024-09,0.8670454545454545
e60b65_2024-02,0.8869348894348894
175155_2020-12,0.906439393939394
175155_2021-02,0.8301383526383527
5a0174_2021-05,0.9904761904761905
a25664_2015-03,0.0
fc77d0_2020-08,0.7234688772256831
175155_2019-10,0.40261859480252654
6224d0_2020-09,0.864424066924067
fb737b_2022-10,0.23503941726505345
8fabe0_2021-07,0.944674688057041
259a19_2022-01,0.9595421704896465
259a19_2022-05,0.8517986967014958
a42d13_2021-07,0.9102459886174137
5a0174_2023-08,0.8940100227385408
8fabe0_2022-09,0.8925942300942301
532867_2024-07,0.0
e60b65_2017-04,0.5149196737897553
e60b65_2018-06,0.06884057971014493
a42d13_2019-07,0.8096838071838072
a42d13_2023-01,0.9269348894348894
a42d13_2024-09,0.7406117343685403
987bc1_2019-03,0.43516308787489794
175155_2020-09,0.8417717192717193
175155_2023-09,0.7784688772256831
259a19_2019-09,0.744730240715925
8b98f3_2025-03,0.3224237425676343
175155_2023-05,0.7907962866583557
6838b9_2024-03,0.8847042802367537
4718d7_2023-08,0.9125
8b98f3_2024-06,0.1808130081300813
f25ffe_2023-10,0.1637230610401342
0874ee_2019-08,0.3911701509872242
6224d0_2022-06,0.7669329748619907
6224d0_2024-11,0.9792238757817963
175155_2025-06,0.817224858086927
a42d13_2018-02,0.24909583641290958
a42d13_2022-12,0.9269348894348894
34889b_2014-05,0.0
1698cf_2021-09,0.9019348894348894
1698cf_2023-05,0.9019348894348894
4718d7_2017-04,0.12095793566631319
4f2b6b_2023-09,0.0
175155_2022-04,0.7793677152297842
a42d13_2024-12,0.9475548281994133
7199cf_2024-01,0.1844116792500355
fb737b_2022-02,0.22604731400712458
c3a69f_2017-09,0.21179872394423752
0874ee_2018-10,0.5108743842364533
1698cf_2024-06,0.8961656586656588
f461d4_2019-12,0.86254095004095
6838b9_2023-04,0.8701159759780449
9b46ed_2021-08,0.7676794035414727
8b98f3_2025-06,0.22762460233297985
987bc1_2018-03,0.2097018970189702
77e86b_2024-09,0.665949572206378
175155_2020-08,0.7406117343685403
a42d13_2019-05,0.8811656586656588
f25ffe_2025-08,0.2230352303523035
4fb2d3_2022-09,0.648806715063521
4fb2d3_2024-10,0.793468877225683
6224d0_2025-03,0.9269348894348894
a25664_2024-06,0.8322248580869271
f25ffe_2024-06,0.0
0874ee_2018-02,0.04017713365539453
175155_2019-04,0.2993736141906874
a42d13_2019-11,0.8096838071838072
532867_2025-08,0.025362318840579712
ab32d7_2025-06,0.23984682455520207
0ffc2d_2021-02,0.04338624338624338
0874ee_2017-04,0.28290670370143445
6224d0_2024-10,0.8375005555801234
1822ea_2022-01,0.9745448179271708
92dcdd_2024-10,0.815933902015567
8fabe0_2020-02,0.8532002907002907
a25664_2022-11,0.898363460863461
b644ac_2024-12,0.023510466988727857
6f5e2b_2022-08,0.8246288621288622
92dcdd_2024-06,0.8114556273176963
0874ee_2021-11,0.5911466165413535
1b9e65_2024-09,0.5758333333333334
fc77d0_2025-08,0.8034688772256832
a42d13_2019-10,0.7740064975362054
cd0e60_2023-02,0.06160570508396594
439fde_2019-02,0.2685209235209235
db5006_2024-11,0.8542986190316293
a42d13_2021-06,0.8929954954954955
9af74c_2014-09,0.008695652173913044
4fb2d3_2014-07,0.04017713365539453
db4cd8_2025-07,0.8925942300942301
94f933_2024-03,0.0
175155_2022-05,0.7907962866583557
175155_2022-09,0.648806715063521
14fe3a_2017-02,0.17095793566631318
987bc1_2023-09,0.817224858086927
4718d7_2023-04,0.8151383526383527
8fabe0_2022-05,0.9540686274509804
175155_2023-01,0.9097727272727273
e60b65_2023-05,0.5908743842364532
259a19_2018-01,0.2657735490174418
a25664_2021-03,0.8649304467240804
ab32d7_2025-02,0.20168842900550218
29849f_2023-08,0.9408333333333333
f461d4_2023-05,0.9019348894348894
5ecf9b_2022-09,0.060052910052910045
0874ee_2018-11,0.5994799498746868
0e8d73_2023-10,0.0
a42d13_2023-06,0.5210167464114833
a42d13_2024-10,0.7406117343685403
4718d7_2022-05,0.9019348894348894
8fabe0_2020-09,0.906439393939394
8b98f3_2025-02,0.18569935768554494
0ffc2d_2023-02,0.023510466988727857
fc77d0_2024-12,0.9904761904761905
1698cf_2021-08,0.9019348894348894
5a0174_2023-09,0.898363460863461
77e86b_2024-10,0.952174688057041
ab32d7_2024-07,0.23984682455520207
6838b9_2023-05,0.7406117343685403
e60b65_2024-08,0.665949572206378
8fabe0_2021-01,0.8666559018204785
6f5e2b_2024-07,0.8869348894348894
a25664_2016-08,0.014814814814814814
c48018_2023-12,0.6471621621621622
8b98f3_2025-04,0.2389799397006449
532867_2025-06,0.025362318840579712
77b3b9_2022-11,0.8490777465777466
bf6f0d_2019-02,0.24321385694422143
6f5e2b_2016-03,0.08148148148148147
b416b1_2019-04,0.3911701509872242
b08ec1_2019-01,0.6236251791732274
375f2e_2025-08,0.8114556273176963
948a11_2024-10,0.4371687370600414
b08ec1_2014-10,0.016666666666666666
bf6f0d_2018-02,0.143532347972055
948a11_2023-09,0.008695652173913044
948a11_2024-11,0.6593050193050193
9befc8_2024-01,0.8114556273176963
1b9e65_2023-12,0.6080172413793103
1822ea_2022-06,0.84754095004095
77b3b9_2025-03,0.9613149233244815
bf6f0d_2018-03,0.2613953549571691
5a0174_2021-08,0.9401701835525366
e7a56d_2021-10,0.8202135406082774
8005b9_2024-02,0.9128436256464376
77b3b9_2022-05,0.7234688772256831
bf6f0d_2019-03,0.3293736141906874
9befc8_2024-09,0.6316638579206637
6224d0_2014-07,0.008695652173913044
4f2b6b_2023-11,0.014814814814814814
bf6f0d_2024-03,0.7726996464564523
6838b9_2024-07,0.7726996464564523
90abb1_2019-09,0.40535714285714286
375f2e_2021-09,0.8096838071838072
948a11_2022-04,0.0
77b3b9_2021-05,0.8644161155749973
375f2e_2022-03,1.0
bf6f0d_2023-03,0.9019348894348894
731908_2022-05,0.5579089500420931
1822ea_2024-07,0.86254095004095
fb737b_2021-11,0.19303411982314694
e60b65_2016-08,0.19335547642058382
1822ea_2021-04,1.0
e60b65_2016-06,0.20939393939393938
1996b0_2025-03,0.3099494949494949
4ee2d2_2024-09,0.0
bf6f0d_2019-01,0.46570074137001594
1822ea_2023-02,0.7793677152297842
e60b65_2016-12,0.2730436321560724
1822ea_2017-06,0.37436507936507935
6f5e2b_2016-04,0.17701854172691925
c48018_2015-04,0.11693581780538302
90abb1_2022-05,0.7234688772256831
29849f_2025-07,0.8232488488962367
531356_2025-06,0.8553787878787877
987bc1_2016-03,0.011637117909947366
545d15_2019-11,0.0
7a007d_2024-09,0.684222405553433
e83244_2020-06,0.8759332131076458
db5006_2020-12,0.8286534295154985
db5006_2021-10,0.8454500461467301
b73bc7_2018-01,0.706529597154042
531356_2023-07,0.8611842747788596
e83244_2021-12,0.9230080213903744
29849f_2023-01,0.6826794035414726
e2314a_2018-09,0.1819561231128986
e2314a_2019-04,0.4802272727272728
0cecbd_2019-01,0.15513676324011738
7a007d_2018-06,0.15035187506025258
c580aa_2024-01,1.0
b1de95_2025-08,0.9840686274509803
f4604d_2023-02,0.6587483827655813
531356_2022-12,0.6914889273509964
531356_2024-05,0.8520454545454544
1b9e65_2021-12,0.8383938260828548
e83244_2023-03,0.7793677152297842
e3af0e_2014-09,0.04017713365539453
7a007d_2018-01,0.44722222222222224
3db670_2024-04,1.0
f4604d_2024-08,0.8668073593073593
531356_2020-03,0.9097727272727273
60a0fd_2015-04,0.05393374741200828
1b9e65_2017-11,0.2707625030795763
829a72_2015-04,0.014814814814814814
0cecbd_2018-06,0.2740958364129096
b1de95_2025-02,0.9958333333333332
f4604d_2024-02,0.8553787878787877
0cecbd_2020-10,0.9552489177489176
0cecbd_2023-07,0.7726996464564523
1b9e65_2018-08,0.24576250307957626
06534f_2024-03,1.0
0cecbd_2023-09,0.6421621621621622
0cecbd_2024-04,0.7069836810906741
b73bc7_2024-10,0.9882352941176471
545d15_2018-10,0.0
531356_2018-04,0.0720496894409938
e83244_2016-01,0.0
e83244_2016-02,0.0
db5006_2022-03,0.7793677152297842
3a13b3_2023-07,1.0
1b9e65_2021-06,0.8426790707531795
1b9e65_2023-02,0.5772032130652821
af81b0_2019-04,0.3545438512085327
e2314a_2023-05,0.8228841987462678
b1de95_2025-05,0.9552489177489176
e3af0e_2014-11,0.023510466988727857
98a151_2015-04,0.08389145520005459
3a13b3_2024-12,1.0
f4604d_2023-05,0.6221239520697093
1b9e65_2023-08,0.9552489177489176
7a007d_2024-11,0.6042077175697865
e83244_2022-09,0.9097727272727273
3db670_2023-09,0.9840686274509803
3a13b3_2018-02,0.16571984042821794
e83244_2020-10,0.9302489177489177
06534f_2023-08,0.9577380952380953
e2314a_2015-06,0.0
b1de95_2020-03,0.9958333333333332
db5006_2019-11,0.5354391305389692
175155_2024-09,0.8421522625321952
987bc1_2021-04,0.9314393939393939
545d15_2019-09,0.0
e83244_2015-07,0.04017713365539453
e83244_2018-01,0.2603917049140061
c580aa_2025-02,0.9840686274509803
3db670_2023-06,0.9958333333333332
f4604d_2023-07,0.7406117343685403
0cecbd_2022-07,0.6254323308270677
0cecbd_2024-10,0.9745448179271708
7bf5c9_2019-01,0.3093706340790116
c580aa_2023-06,1.0
db5006_2023-10,0.9863095238095237
b73bc7_2023-08,0.9882352941176471
1b9e65_2015-01,0.05393374741200828
1b9e65_2019-08,0.3892170143366239
e2314a_2015-03,0.0
e83244_2017-10,0.2349170910071098
3db670_2018-05,0.2777489516766377
db5006_2021-04,0.648806715063521
b73bc7_2025-08,0.9840686274509803
f4604d_2018-12,0.20460872931710683
531356_2019-04,0.26474157955865274
0cecbd_2025-03,0.9552489177489176
db5006_2025-03,0.7406117343685403
29849f_2019-04,0.2740958364129096
e83244_2017-04,0.09229448961156278
e83244_2022-08,0.8482757247685399
e3af0e_2018-03,0.28238533704143265
c580aa_2020-03,0.9958333333333332
29849f_2024-02,0.7578050099515543
e2314a_2018-06,0.12429126899964651
7bf5c9_2019-11,0.3995034843205575
db5006_2019-06,0.3758426854108137
b73bc7_2020-02,0.9647727272727273
e2314a_2024-08,0.8532002907002907
e2314a_2024-12,0.9122619047619047
0cecbd_2019-06,0.4761434671425956
0cecbd_2022-04,0.7793677152297842
0cecbd_2024-03,0.8603551609600549
f1543b_2017-10,0.25822398616599435
e83244_2015-11,0.0
e83244_2017-01,0.06378157986496265
e83244_2019-04,0.5639344506403751
06534f_2024-01,0.9302489177489177
06534f_2025-05,0.924479686979687
b73bc7_2015-09,0.0
db5006_2023-12,0.7793677152297842
29849f_2024-04,0.8114556273176963
f4604d_2019-01,0.21052221682738886
f4604d_2023-01,0.6572032130652821
e83244_2019-01,0.17095793566631318
7a007d_2019-03,0.1678546100391774
db5006_2015-07,0.0
3a13b3_2025-01,1.0
0cecbd_2025-01,0.8947727272727273
7bf5c9_2019-12,0.34270396741234493
3a13b3_2018-05,0.20303523035230353
1b9e65_2024-04,0.6080172413793103
e2314a_2017-03,0.14562782294489612
0cecbd_2024-07,0.7876996464564523
7a007d_2018-04,0.14026915113871635
e2314a_2016-11,0.1422944896115628
e2314a_2022-03,0.9613095238095237
531356_2015-11,0.023510466988727857
b73bc7_2019-12,0.9958333333333332
7e646c_2024-07,0.0
022433_2021-08,0.0
f4604d_2018-04,0.023510466988727857
c5816f_2017-12,0.44661616161616163
780a0b_2018-08,0.20687361419068737
022433_2021-02,0.04017713365539453
c580aa_2019-04,0.8794566353187043
29849f_2019-06,0.29104028085735406
af81b0_2019-05,0.36398588871184884
af81b0_2023-03,0.44029295800476803
c580aa_2018-02,0.6216228070175439
531356_2018-03,0.1398468245552021
829a72_2019-06,0.4251944944551015
7e646c_2024-10,0.08393374741200828
94f933_2025-04,0.10375488688759937
29849f_2018-06,0.14429126899964653
b73bc7_2020-01,0.9302489177489177
022433_2024-06,0.19303523035230355
3db670_2018-04,0.2740958364129096
29849f_2018-11,0.6251600985221675
98a151_2024-12,0.6773781436349495
bf6f0d_2019-06,0.3619271328978329
c48018_2015-11,0.014814814814814814
34889b_2023-02,0.5294061302681993
b07578_2025-08,0.12778102298961916
1bdb97_2025-08,0.09024713127392124
6224d0_2024-12,0.944674688057041
e60b65_2025-07,0.7898974486542545
531356_2021-11,0.919674688057041
375f2e_2022-11,0.8961656586656588
b416b1_2015-04,0.06884057971014493
531356_2020-08,0.8950483964341542
1822ea_2016-10,0.12095793566631319
bc4c03_2017-01,0.3627272727272727
af81b0_2014-08,0.0
7199cf_2023-09,0.023510466988727857
bf6f0d_2014-05,0.0
bf6f0d_2015-01,0.0
439fde_2015-04,0.07938443670150988
b07578_2025-02,0.07562782294489612
6f5e2b_2018-07,0.45888619923987684
531356_2017-10,0.22031746031746033
af81b0_2014-04,0.0
4fb2d3_2014-11,0.016666666666666666
7199cf_2025-06,0.19493999225706543
e83244_2022-12,0.9026866120655015
8005b9_2017-04,0.5205601833348937
bf6f0d_2021-12,0.8532002907002907
f4604d_2021-02,0.8577047952047951
531356_2020-11,0.9347727272727273
1b9e65_2016-05,0.052348407044199255
1822ea_2018-01,0.22877743038586154
948a11_2022-03,0.0
948a11_2023-04,0.0
b416b1_2017-11,0.3774291697462429
5a0174_2020-10,0.9062012987012988
f4604d_2021-06,0.8537000482707198
a97df3_2025-07,0.7622248580869272
b1de95_2025-04,0.9363095238095237
375f2e_2024-07,0.9958333333333332
77b3b9_2025-08,0.7907962866583557
531356_2021-03,0.8670454545454545
e2314a_2022-10,0.9302489177489177
1822ea_2020-01,0.906439393939394
f4604d_2021-03,0.8589695214695215
1b9e65_2016-03,0.025362318840579712
99c11c_2017-09,0.0
29849f_2017-09,0.38994949494949493
b73bc7_2022-12,1.0
bf6f0d_2014-09,0.008695652173913044
bf6f0d_2024-10,0.8096838071838072
f4604d_2020-04,0.8203509894395113
f4604d_2022-02,0.913939393939394
1b9e65_2016-01,0.04017713365539453
06534f_2024-04,0.8638777890417909
8005b9_2017-10,0.3690958364129096
bf6f0d_2018-08,0.5370950481765718
bf6f0d_2020-09,0.84754095004095
dc4b5e_2024-07,0.7547409193514137
bf6f0d_2022-10,0.6316638579206637
f4604d_2016-07,0.014814814814814814
375f2e_2024-04,0.8114556273176963
1822ea_2017-02,0.4957389686337055
bf6f0d_2022-02,0.9844155844155844
e60b65_2023-08,0.5675
29849f_2021-02,0.9802489177489176
29849f_2016-07,0.04017713365539453
b07578_2025-03,0.07938443670150988
293190_2020-03,0.731306715063521
293190_2020-11,0.33522727272727276
b08ec1_2014-09,0.025362318840579712
4fb2d3_2016-12,0.12095793566631319
db4cd8_2024-08,0.8114556273176963
92dcdd_2023-02,0.7406117343685403
2ab8ad_2019-09,0.23613046844754165
c5df88_2025-03,0.9323398207900402
dc4b5e_2019-07,0.014814814814814814
293190_2015-08,0.014814814814814814
2ab8ad_2018-11,0.48001518022699025
e3af0e_2023-06,0.924984329512099
9b46ed_2015-06,0.014814814814814814
293190_2015-06,0.014814814814814814
293190_2019-09,0.32577423846846476
e2e0ce_2016-11,0.19890824622531939
e2e0ce_2020-07,0.49737012987012985
92dcdd_2022-11,0.7688159943866467
9b46ed_2017-08,0.30409583641290955
a42d13_2024-07,0.7406117343685403
c5df88_2024-06,0.9075714279705027
cd0e60_2022-01,0.39189393939393935
bc4c03_2014-10,0.06562782294489612
98a151_2019-02,0.2993736141906874
60a0fd_2020-03,0.8705172413793104
c5df88_2026-05,0.9073484494357984
c5df88_2019-09,0.23113046844754162
6838b9_2022-01,0.5008688387635756
2ab8ad_2020-11,0.719650608012677
9b46ed_2017-01,0.21571065053074662
9b46ed_2018-10,0.34422570654277973
2ab8ad_2025-03,0.9230080213903744
c5df88_2020-09,0.8925942300942301
90abb1_2015-01,0.03148148148148148
b07578_2025-01,0.08938443670150988
987bc1_2018-01,0.09590477665590336
c5df88_2025-10,0.9347727272727273
b08ec1_2016-12,0.17095793566631318
1bdb97_2023-12,0.4152272727272727
4718d7_2020-06,0.923363460863461
829a72_2022-11,0.5675000000000001
60a0fd_2021-08,0.9372389021837915
9b46ed_2020-02,0.706326020082826
74fb1f_2017-05,0.2740958364129096
375f2e_2018-07,0.30409583641290955
5a0174_2020-11,0.8591882683203428
f1543b_2014-04,0.03148148148148148
90abb1_2023-09,0.8417717192717193
9b46ed_2016-04,0.014814814814814814
3db670_2019-05,0.7793677152297842
06534f_2019-08,0.7350200886717786
0e8d73_2024-10,0.0
c5df88_2020-12,0.6250193050193051
c580aa_2014-04,0.023510466988727857
b73bc7_2014-06,0.0
db4cd8_2025-01,0.9230080213903744
c5df88_2025-07,0.9097727272727273
88a9a6_2017-06,0.19617565276577426
e2e0ce_2019-07,0.3148853100971201
9b46ed_2021-01,0.9166206651794301
2ab8ad_2020-10,0.5090723019670388
6838b9_2022-03,0.44029295800476803
98a151_2024-02,0.704705553067622
293190_2025-06,0.9684842118665647
88a9a6_2020-03,0.3293736141906874
cd0e60_2020-11,0.03148148148148148
1996b0_2023-05,0.0
11f0e3_2015-03,0.0
dc4b5e_2022-06,0.450546527359054
1996b0_2024-05,0.014814814814814814
8b98f3_2024-10,0.26941828149799674
dc4b5e_2019-12,0.03148148148148148
60a0fd_2021-03,0.8658495667116357
1996b0_2023-01,0.014814814814814814
e361b7_2015-10,0.014814814814814814
f500c5_2022-01,0.5675000000000001
1822ea_2022-03,0.9867410147183924
f1543b_2020-03,0.3742257065427797
b1de95_2014-09,0.16538302277432712
e2314a_2020-06,0.8703540712161402
fc77d0_2014-05,0.0
b73bc7_2019-02,0.7234688772256831
fb34b4_2023-05,0.03148148148148148
b1de95_2019-09,0.834404761904762
6224d0_2015-01,0.0
e7a56d_2021-08,0.824718045112782
92dcdd_2021-10,0.20303523035230353
06534f_2016-05,0.0
b73bc7_2023-10,1.0
9af74c_2015-12,0.06562782294489612
0f9e86_2014-09,0.0
fb34b4_2025-03,0.4855966064586754
175155_2021-05,0.9658333333333333
6838b9_2025-06,0.6980374842942901
7bf5c9_2021-05,0.7793677152297842
9af74c_2016-02,0.014814814814814814
3db670_2023-08,0.9958333333333332
f1543b_2019-08,0.39149420663259094
06534f_2015-07,0.008310190810997284
06534f_2016-01,0.0
f1543b_2023-12,0.5050207256998679
f1543b_2020-10,0.4207300684228302
c580aa_2023-01,1.0
74fb1f_2015-10,0.014814814814814814
8005b9_2020-11,0.9302489177489177
375f2e_2015-02,0.023510466988727857
fb737b_2025-07,0.665949572206378
bc4c03_2016-01,0.03148148148148148
4718d7_2015-12,0.0
c580aa_2024-09,0.9958333333333332
f1543b_2021-09,0.9028679653679653
8005b9_2017-05,0.5655966064586754
bc4c03_2015-08,0.014814814814814814
7a007d_2023-01,0.8869348894348894
b1de95_2015-07,0.0
987bc1_2022-11,0.9863095238095237
987bc1_2016-05,0.016666666666666666
b644ac_2024-07,0.023510466988727857
7a007d_2016-03,0.016666666666666666
b08ec1_2015-09,0.014814814814814814
fb737b_2024-09,0.525079365079365
7a007d_2021-10,0.852990814016872
f1543b_2022-06,0.8569146399298436
b73bc7_2017-08,0.43311191829011264
4ee2d2_2025-08,0.0
7a007d_2017-10,0.3516161616161616
7a007d_2020-10,0.6286565650991172
77b3b9_2023-11,1.0
bc4c03_2015-01,0.060052910052910045
9af74c_2017-03,0.30409583641290955
bc4c03_2014-11,0.023510466988727857
7a007d_2020-09,0.5912562100130158
0e8d73_2023-08,0.0
74b7d1_2016-11,0.04017713365539453
c580aa_2017-08,0.665949572206378
7a007d_2017-05,0.2790958364129096
74b7d1_2017-12,0.18241338584419253
18defd_2017-11,0.2189082462253194
c0f884_2025-06,0.023510466988727857
4718d7_2020-09,0.8947727272727273
7a007d_2022-01,0.8529954954954955
7a007d_2021-08,0.8303980928980929
375f2e_2015-05,0.014814814814814814
a42d13_2016-05,0.1897018970189702
dc4b5e_2024-04,0.7406117343685403
bf6f0d_2015-07,0.04523809523809523
7a007d_2023-04,0.8869348894348894
b59bc0_2017-11,0.7406117343685403
b59bc0_2018-11,1.0
375f2e_2021-03,0.9158333333333333
8d0588_2017-11,0.768355595128032
a25664_2019-09,0.3943736141906874
3db670_2025-06,0.9882352941176471
06534f_2022-12,1.0
b0ff51_2015-08,0.14735854904263626
5a0174_2017-07,0.44661616161616163
bf6f0d_2021-02,0.9019348894348894
8e41cf_2020-07,0.7898974486542545
bf6f0d_2021-01,0.8167315440410029
edda84_2025-01,0.03148148148148148
e7a56d_2021-03,0.8286534295154985
bf6f0d_2020-12,0.8221164282099723
3a13b3_2018-11,0.924479686979687
bf6f0d_2020-04,0.86254095004095
c3a69f_2017-04,0.18318015788853542
3a13b3_2023-06,0.9708333333333332
1822ea_2022-11,0.9347727272727273
af81b0_2023-02,0.3293736141906874
a25664_2018-08,0.30409583641290955
af81b0_2025-07,0.784420091672457
af81b0_2015-08,0.0
fc77d0_2020-05,0.9312012987012988
fc77d0_2015-12,0.0
bc4c03_2018-10,0.6316638579206637
92dcdd_2021-06,0.27105084317330264
8fabe0_2017-05,0.32531746031746034
fb737b_2024-01,0.665949572206378
90abb1_2022-02,0.9363095238095237
dc4b5e_2023-10,0.5600193050193051
fc77d0_2021-03,0.8589695214695215
4ee2d2_2023-12,0.09026915113871635
af81b0_2017-04,0.21803523035230352
4ee2d2_2023-11,0.03148148148148148
c3a69f_2017-05,0.12429126899964651
fc77d0_2020-04,0.8364912673533362
6224d0_2018-01,0.1423865070948846
fb34b4_2022-05,0.08871635610766045
a25664_2017-03,0.205618426406987
259a19_2022-02,1.0
0cecbd_2016-01,0.014814814814814814
f461d4_2021-02,0.86254095004095
4718d7_2017-07,0.16538302277432712
e3af0e_2017-05,0.10081300813008132
987bc1_2017-08,0.24834338715699275
4fb2d3_2017-04,0.1897018970189702
1698cf_2017-12,0.20651349122186877
fc77d0_2017-03,0.46951598151429613
6c1954_2021-01,0.09026915113871635
b08ec1_2018-07,0.40161616161616165
db5006_2016-12,0.17414634146341465
d59611_2020-07,0.88754095004095
8fabe0_2016-01,0.0
375f2e_2017-07,0.2019425814189893
af81b0_2024-01,0.7793677152297842
fb737b_2025-09,0.7556117343685402
510fbf_2025-07,0.7110934983967093
b416b1_2015-11,0.023510466988727857
af81b0_2016-02,0.0
b416b1_2015-10,0.023510466988727857
af81b0_2015-07,0.0
429b22_2025-08,0.023510466988727857
b08ec1_2017-06,0.19407446755413288
bc4c03_2017-08,0.13385457629052694
19fa84_2015-09,0.014814814814814814
4fb2d3_2018-09,0.35333174828235747
cd0e60_2024-04,0.7406117343685403
3db670_2016-03,0.0
2ab8ad_2017-07,0.11571984042821795
c3a69f_2017-03,0.1439832364968478
cd0e60_2024-11,0.7325472087093734
7aa803_2015-11,0.014814814814814814
cd0e60_2023-06,0.2657625030795763
cd0e60_2025-04,0.7484495722063781
cd0e60_2025-01,0.7484495722063781
c5816f_2020-04,0.9897727272727274
e2e0ce_2018-07,0.45494949494949494
8005b9_2016-02,0.04017713365539453
34889b_2021-04,0.8575550886609291
74b7d1_2015-07,0.0
4718d7_2015-06,0.014814814814814814
34889b_2021-05,0.8589695214695215
7bf5c9_2017-11,0.08373094869431306
8005b9_2016-03,0.05393374741200828
6224d0_2017-03,0.10429126899964651
7bf5c9_2017-09,0.16571984042821794
375f2e_2016-07,0.023510466988727857
8005b9_2016-08,0.12674832930042693
6838b9_2020-11,0.2277971351142083
293190_2015-05,0.04017713365539453
a42d13_2017-03,0.27136856368563683
19fa84_2015-10,0.014814814814814814
fc77d0_2016-09,0.3478824335540474
1996b0_2022-10,0.09026915113871635
bf6f0d_2016-07,0.26246707040990247
6838b9_2021-05,0.3724603174603175
dc4b5e_2020-01,0.0
0e8d73_2023-03,0.09429126899964653
175155_2015-06,0.06199796679538407
60a0fd_2017-12,0.2957625030795762
b416b1_2015-06,0.014814814814814814
0874ee_2017-01,0.5614393588187427
34889b_2017-11,0.34174603174603174
b08ec1_2020-07,0.87254095004095
b416b1_2016-12,0.15651349122186875
b08ec1_2020-09,0.889424066924067
b08ec1_2016-06,0.18177870837137788
9b46ed_2016-09,0.043478260869565216
a25664_2015-09,0.023510466988727857
c5df88_2018-07,0.2740958364129096
b08ec1_2020-08,0.8732118837826361
34889b_2020-05,0.9203422927884208
2ab8ad_2017-11,0.2957625030795762
b08ec1_2017-11,0.21082407552589283
dc4b5e_2020-07,0.07938443670150988
34889b_2020-10,0.88754095004095
2ab8ad_2017-08,0.24909583641290958
34889b_2017-03,0.30312130136109683
a25664_2015-12,0.0
af81b0_2017-11,0.4757123818900899
3a13b3_2020-08,0.9840686274509803
3db670_2020-12,1.0
b73bc7_2021-07,0.9882352941176471
259a19_2016-10,0.26667969944060865
3db670_2016-07,0.008695652173913044
3db670_2022-10,1.0
3db670_2020-11,1.0
3a13b3_2020-06,0.9958333333333332
b1de95_2018-09,0.8653381649018945
b1de95_2020-10,0.9958333333333332
74b7d1_2016-02,0.0
0cecbd_2016-07,0.0
3db670_2022-03,0.9958333333333332
fc77d0_2016-02,0.025362318840579712
1698cf_2018-11,0.2874885127014131
a97df3_2021-03,0.2790958364129096
a97df3_2020-12,0.04017713365539453
894378_2017-09,0.3346956905988181
4718d7_2016-09,0.18844433885625028
99c11c_2018-09,0.10393374741200827
99c11c_2019-03,0.1798468245552021
b73bc7_2017-10,0.6719511360204546
99c11c_2018-07,0.2009385783298827
e7a56d_2016-01,0.023510466988727857
8ec563_2020-04,0.84754095004095
8ec563_2020-07,0.84754095004095
0cecbd_2018-07,0.47717647125109375
1698cf_2017-09,0.24636856368563684
829a72_2020-06,0.8670454545454545
e3af0e_2015-11,0.04896115627822945
e4bc80_2018-08,0.648806715063521
db4cd8_2016-04,0.08705639437346754
b1de95_2021-02,0.9958333333333332
b1de95_2021-05,0.975
98a151_2015-05,0.014814814814814814
b73bc7_2022-09,1.0
b73bc7_2022-07,0.9904761904761905
0874ee_2017-12,0.19571984042821794
c580aa_2022-04,0.9919553162293084
9f1aa0_2018-09,0.5911466165413535
bf6f0d_2016-01,0.023510466988727857
af81b0_2022-04,0.8608333333333332
af81b0_2020-10,0.8566187974808666
af81b0_2022-02,0.8553787878787877
af81b0_2021-02,0.898363460863461
c580aa_2018-10,0.8645823418104056
e7a56d_2014-12,0.04017713365539453
b1de95_2017-10,0.5675
e7a56d_2020-07,0.7784688772256831
18defd_2015-11,0.037267080745341616
e7a56d_2020-04,0.8382084946339988
259a19_2016-06,0.2693939393939394
18defd_2022-01,0.542133402995472
e7a56d_2017-10,0.21446380178087496
c48018_2020-07,0.7876390234598002
c48018_2021-05,0.6458743842364532
e7a56d_2021-02,0.8286534295154985
c580aa_2017-11,0.6958418362748485
1822ea_2016-03,0.04017713365539453
c48018_2020-05,0.8758852067472758
db4cd8_2016-06,0.30161616161616156
18defd_2022-02,0.6458743842364532
18defd_2018-07,0.46857225637898725
175155_2017-09,0.2679668328212982
18defd_2015-10,0.0
18defd_2022-06,0.6421585841511852
18defd_2020-04,0.8644566353187043
1822ea_2015-12,0.0
259a19_2017-12,0.3446387332891439
c580aa_2015-10,0.014814814814814814
5a0174_2016-02,0.0
f461d4_2016-01,0.0
8fabe0_2017-07,0.3322222222222222
4718d7_2021-02,0.9097727272727273
e3af0e_2016-05,0.10393374741200827
8fabe0_2015-06,0.014814814814814814
8ec563_2017-08,0.24636856368563684
8fabe0_2018-07,0.7406117343685403
5a0174_2021-11,0.9658333333333333
4718d7_2017-05,0.22931517309596078
b59bc0_2016-03,0.1798468245552021
1698cf_2020-12,0.8022055530676221
829a72_2020-12,0.7943282715037695
5a0174_2016-09,0.22724157955865273
829a72_2015-05,0.0
60a0fd_2016-02,0.014814814814814814
60a0fd_2020-05,0.7876996464564523
8fabe0_2018-08,0.5224358151476252
90abb1_2016-06,0.4032828282828283
60a0fd_2016-03,0.03148148148148148
4718d7_2020-05,0.8972619047619048
5a0174_2025-09,0.8529954954954955
b59bc0_2016-02,0.04017713365539453
e4bc80_2016-09,0.09229448961156278
14fe3a_2020-10,0.86254095004095
14fe3a_2020-06,0.834293465155534
e4bc80_2016-12,0.1312528898158277
14fe3a_2021-03,0.8703787878787879
9befc8_2021-02,0.4853571428571429
34889b_2016-01,0.10767913061956635
11f0e3_2015-02,0.0
e3af0e_2018-09,0.7234688772256831
e3af0e_2020-09,0.9304165019052757
60a0fd_2020-08,0.8703787878787879
74b7d1_2016-10,0.04523809523809523
77b3b9_2016-08,0.20939393939393938
e3af0e_2017-09,0.30355362696075494
fc77d0_2015-09,0.014814814814814814
e3af0e_2020-05,0.8793326453054053
bc4c03_2017-12,0.1858130081300813
375f2e_2016-10,0.014814814814814814
fc77d0_2018-07,0.6082894736842106
b73bc7_2017-01,0.32227233597064836
9af74c_2016-11,0.3690958364129096
9af74c_2020-09,0.9863095238095237
77b3b9_2015-07,0.014814814814814814
77b3b9_2015-08,0.014814814814814814
b73bc7_2016-12,0.3641169556283265
1822ea_2018-08,0.23984479927500627
b73bc7_2020-05,0.7609175501603883
1822ea_2018-07,0.3771695744684566
375f2e_2016-11,0.02857142857142857
b73bc7_2021-03,0.9840686274509803
bc4c03_2018-11,0.7610584098825385
439fde_2021-09,0.9421568959536553
439fde_2020-06,0.763394627151433
439fde_2022-09,0.8947727272727273
439fde_2021-06,0.9086140819964349
439fde_2020-04,0.8452242010862699
439fde_2016-12,0.20081300813008132
439fde_2020-11,0.9158549783549782
87cfea_2016-12,0.0
c3a69f_2016-07,0.04017713365539453
c3a69f_2016-08,0.05393374741200828
c3a69f_2016-10,0.06884057971014493
8005b9_2018-08,0.2740958364129096
29849f_2021-07,0.9016153152162204
6838b9_2021-04,0.40809523809523807
7a007d_2016-08,0.10822227453163398
7a007d_2016-10,0.3724337401815694
77b3b9_2017-01,0.2322415795586527
7a007d_2016-11,0.40709235209235206
7aa803_2016-04,0.01838645286937373
29849f_2020-04,0.8367293625914316
f4604d_2015-11,0.03966708165270457
88a9a6_2017-11,0.18081300813008133
a42d13_2016-12,0.5789299397920088
a42d13_2016-09,0.36334839073969516
c580aa_2020-08,0.9840686274509803
e2e0ce_2017-05,0.27408945923626515
a42d13_2016-07,0.28604492926958053
439fde_2017-09,0.24909583641290958
1bdb97_2025-09,0.31747280023755275
7bf5c9_2016-02,0.0
77e86b_2021-04,0.7484495722063781
87cfea_2016-08,0.0
77e86b_2020-08,0.7435062549640037
77e86b_2021-03,0.7484495722063781
af81b0_2025-09,0.8794566353187043
77e86b_2021-07,0.7484495722063781
83894c_2023-05,0.8187616546237237
83894c_2024-01,0.8232661591282282
987bc1_2016-11,0.46007936507936503
6224d0_2016-06,0.16071094910081526
06534f_2017-10,0.7053517200778608
b416b1_2015-09,0.0
375f2e_2018-09,0.2957625030795762
375f2e_2018-08,0.30409583641290955
175155_2017-05,0.17429126899964653
e60b65_2022-09,0.9347727272727273
e60b65_2021-02,0.9552489177489176
e60b65_2019-12,0.8020338973876964
e60b65_2021-12,0.9347727272727273
e60b65_2019-02,0.7793677152297842
e60b65_2022-07,0.9347727272727273
e60b65_2019-03,0.7793677152297842
e60b65_2021-05,0.9347727272727273
8005b9_2020-06,0.9097727272727273
e60b65_2019-04,0.7793677152297842
9f1aa0_2017-09,0.2992987776250454
14fe3a_2015-07,0.023510466988727857
9f1aa0_2020-04,0.7943677152297843
a42d13_2016-02,0.04017713365539453
f500c5_2015-06,0.08871635610766045
9f1aa0_2017-07,0.2694638017808749
bf6f0d_2016-11,0.20141910307571048
9f1aa0_2017-12,0.2740958364129096
9b46ed_2018-09,0.22820103256775176
f500c5_2016-10,0.12429126899964651
4fb2d3_2017-12,0.2657625030795763
a25664_2017-09,0.27312170925926293
14fe3a_2016-06,0.3322222222222222
db4cd8_2016-09,0.20794206265044018
14fe3a_2016-07,0.288454626603087
d59611_2017-12,0.24417729650509662
f1543b_2015-07,0.014814814814814814
293190_2016-07,0.21303523035230354
f1543b_2018-07,0.5261466165413534
f1543b_2016-12,0.0738095238095238
e7a56d_2015-05,0.0
f1543b_2018-11,0.5604323308270677
60a0fd_2017-11,0.2957625030795762
7bf5c9_2016-08,0.21747967479674796
7bf5c9_2025-07,0.944674688057041
7bf5c9_2026-02,0.923363460863461
77e86b_2015-09,0.0
175155_2015-05,0.15047619047619049
3a13b3_2017-09,0.14429126899964653
b0ff51_2018-08,0.8368517458966067
b0ff51_2025-09,0.9318308305677897
8d0588_2021-12,1.0
b0ff51_2016-03,0.09429126899964653
b08ec1_2015-10,0.0
b08ec1_2015-12,0.0
f500c5_2016-03,0.12523809523809523
545d15_2024-04,0.9684842118665647
545d15_2023-08,0.86254095004095
545d15_2025-01,0.950432007485816
c580aa_2018-09,0.9347727272727273
60b690_2025-05,0.04017713365539453
545d15_2023-11,0.8859764854287041
7a007d_2018-08,0.5432894736842105
545d15_2024-01,0.8670454545454545
74b7d1_2021-03,0.7838722197342888
74b7d1_2020-07,0.7540884518401529
74b7d1_2020-08,0.7259145994859703
74b7d1_2021-01,0.8114556273176963
c5816f_2016-11,0.3099494949494949
531356_2017-12,0.2795905763891362
06534f_2017-12,0.8114556273176963
c5816f_2020-10,0.88754095004095
b1de95_2022-03,0.9958333333333332
3a13b3_2016-03,0.04017713365539453
c580aa_2017-03,0.7406117343685403
06534f_2022-04,1.0
06534f_2020-04,0.9958333333333332
c580aa_2017-01,0.4152272727272727
6224d0_2016-03,0.010089980157546582
a25664_2017-12,0.2696753116484767
a97df3_2019-02,0.14429126899964653
1996b0_2025-01,0.3440958364129096
db4cd8_2018-08,0.72371232664425
