id,corrosion_risk
74b7d1_2020-01,0.5935369612709296
1b9e65_2022-06,0.24561705260168942
77e86b_2023-01,0.2692099558146682
74b7d1_2020-02,0.3164908907072298
8b98f3_2023-11,0.188992824763846
c3a69f_2025-03,0.3242109380394407
77e86b_2022-01,0.27140452422817163
1996b0_2022-11,0.7929149810985864
439fde_2024-12,0.22162633156500516
74b7d1_2025-03,0.2850666318657863
77e86b_2018-04,0.31594459265165564
77e86b_2019-05,0.25417929073479456
439fde_2025-05,0.3929140995532497
74b7d1_2018-04,0.2873216938185177
439fde_2024-03,0.3591401107333353
74b7d1_2019-03,0.6177367551855362
c3a69f_2025-05,0.6576897801574425
77e86b_2024-06,0.26082024397002285
77e86b_2020-01,0.3165530217147836
439fde_2019-05,0.36606821317654925
98a151_2019-06,0.22007534164855586
8bd3ce_2015-06,0.24069417176263772
6c1954_2022-06,0.1997845136008584
0f9e86_2024-09,0.7548043624983067
0874ee_2021-12,0.27341734811951435
987bc1_2020-02,0.17799883625660115
4718d7_2018-02,0.24667116567031028
5a0174_2018-12,0.18410757347483037
175155_2023-03,0.19014412833431987
e2e0ce_2025-07,0.19515844715987116
9b46ed_2021-05,0.8162018129115669
b26809_2019-09,0.18631679870600915
e3af0e_2022-11,0.26672645435434034
780a0b_2024-12,0.17766707382522007
8bd3ce_2024-02,0.22325215402343587
8e41cf_2017-04,0.174479495704939
293190_2017-07,0.7934714940639147
293190_2018-01,0.7237261423096347
293190_2024-07,0.24321044863129107
c5df88_2016-12,0.25532487943268306
74fb1f_2014-10,0.31118659324069375
74fb1f_2017-02,0.6783796995805688
9b46ed_2015-01,0.5229019011863738
dc4b5e_2022-11,0.213894233071716
bfbeef_2018-04,0.2141563248286189
d86999_2022-08,0.693396405684058
780a0b_2020-10,0.6861795816065396
8bd3ce_2022-01,0.19388798156953263
4fb2d3_2021-11,0.7803380114419433
6224d0_2023-03,0.21285291251925492
fb737b_2019-10,0.31256599472598656
e60b65_2014-11,0.1928261509842947
e60b65_2023-11,0.23041148037321674
9b3bd5_2025-04,0.33190037458559685
293190_2018-12,0.3532015001695006
e2e0ce_2018-11,0.735745394124595
2ab8ad_2019-04,0.21680169519296913
c5df88_2023-09,0.5077791581049002
7aa803_2016-02,0.4563507568674896
77c35f_2024-05,0.5823659312402457
77c35f_2024-06,0.5783583552053287
60a0fd_2024-10,0.24768890558734813
d86999_2016-04,0.3409507953982284
d86999_2017-12,0.18533773676213813
d86999_2025-05,0.5565933644334864
b08ec1_2024-12,0.2157506481213841
e2e0ce_2015-04,0.7010842495075004
e2e0ce_2019-06,0.1940014100431406
e2e0ce_2025-02,0.766249521045793
c5df88_2016-09,0.32823990421712174
74fb1f_2024-06,0.24239331931392538
88a9a6_2019-05,0.2599344440965388
829a72_2025-01,0.3227279872475711
d86999_2018-05,0.19085841655268299
fc9334_2019-11,0.1752234798380936
dbb709_2025-04,0.23946453888777466
9cf1af_2024-07,0.2349863894219728
e427f8_2023-08,0.7895130123883819
60a0fd_2023-07,0.18346752244517023
302d40_2023-07,0.6516895069645425
8e41cf_2019-03,0.19398026115453693
b26809_2020-07,0.22470076854740842
8fabe0_2019-02,0.23407156872965248
e2e0ce_2018-02,0.4572937180434883
7aa803_2023-05,0.6479998374385734
bfbeef_2021-08,0.31137316618488825
98a151_2025-02,0.2825162600417027
e3af0e_2022-09,0.22536430242309707
8bd3ce_2021-08,0.22342901786773117
8e41cf_2014-12,0.17702950038158644
8e41cf_2021-11,0.18504446115659595
8e41cf_2022-02,0.33289560191058704
8e41cf_2024-08,0.23621400109835636
8fb6f0_2017-01,0.18218691094376355
6224d0_2023-02,0.19130591290775817
8fabe0_2019-08,0.2104412628264337
bc4c03_2024-01,0.1775954598358295
532867_2024-06,0.19534422001921
74fb1f_2018-08,0.6381612135598127
780a0b_2024-08,0.2319120035583934
731908_2024-07,0.21319526789336796
98a151_2025-04,0.3051765684573137
829a72_2025-04,0.20311773479107345
b26809_2018-04,0.20528570977072763
6f5e2b_2019-01,0.1821821576552773
175155_2022-11,0.20181231909863304
6838b9_2024-01,0.6906161124771026
a25664_2023-09,0.19711214257979878
293190_2021-02,0.3855615374377378
e2e0ce_2017-06,0.7898795757926174
7aa803_2025-05,0.7838882747857836
0f9e86_2024-01,0.223774158666815
bfbeef_2021-10,0.17172880176718347
bfbeef_2024-10,0.17710261432248142
fa8553_2023-06,0.459448026884977
dbb709_2023-10,0.5548112321177078
e427f8_2023-05,0.588234559707477
b26809_2015-10,0.29104411744692094
8e41cf_2019-10,0.17259187388557873
b26809_2014-08,0.44129031331413965
b26809_2025-02,0.3313150067650713
fc77d0_2022-01,0.7949735348449404
6224d0_2021-06,0.24702949206321065
8fabe0_2020-01,0.19575233442725953
a25664_2024-01,0.21651687126122843
293190_2022-01,0.319846290879915
293190_2023-03,0.40244848077683704
98a151_2019-10,0.33562986310288456
fc9334_2017-09,0.5913458691094411
60a0fd_2022-04,0.6876933848269746
d86999_2017-10,0.18107838278384528
d86999_2021-07,0.6403528601811852
b26809_2018-08,0.19389718781871493
987bc1_2019-10,0.17824042951137564
6f5e2b_2018-01,0.31546177230249284
db4cd8_2019-07,0.29394624258467555
e2e0ce_2016-01,0.6289597507293229
c5df88_2014-08,0.42772090272179336
c5df88_2022-10,0.4736478333985582
74fb1f_2019-02,0.40054952101379016
77c35f_2024-08,0.426983544657553
d86999_2015-10,0.3375534062972846
d86999_2018-12,0.18325500398164646
d86999_2024-07,0.7790798756457342
8bd3ce_2025-05,0.49481985497071984
293190_2019-04,0.2863207899645169
9b46ed_2023-01,0.28757713049905653
8fb6f0_2025-07,0.2278254095130344
780a0b_2019-06,0.18218738749558736
a97df3_2023-12,0.18795328838343345
e3af0e_2024-10,0.19520041878100008
dbb709_2022-09,0.7680833148470796
9af74c_2021-07,0.4400133568663137
175155_2022-03,0.19882772661191264
e2e0ce_2023-12,0.2750683937701854
88a9a6_2023-09,0.33580052795479887
9b46ed_2022-08,0.7940830841104984
9b46ed_2023-08,0.4626478154200842
bfbeef_2017-12,0.1872176516238103
98a151_2024-03,0.23270492697023298
77c35f_2022-11,0.7220039103224701
fc9334_2016-07,0.18622085388427165
fc9334_2019-03,0.2072575457717672
e3af0e_2021-08,0.6746981835293895
e3af0e_2023-11,0.19878706852523784
d86999_2016-05,0.6427923818934806
d86999_2019-10,0.20135527602551856
b26809_2015-05,0.22238104489260815
b26809_2018-09,0.3065013977027148
b08ec1_2019-07,0.19530814061979815
987bc1_2021-11,0.48706009975185316
1698cf_2019-04,0.19090236768577987
bc4c03_2018-04,0.17310693789739098
2ab8ad_2025-02,0.2736635419813017
74fb1f_2015-06,0.2848910424181056
7aa803_2021-02,0.4522282799397557
9b46ed_2022-07,0.7344364927660446
98a151_2022-05,0.5410177607354404
fc9334_2015-09,0.22684210616476785
dbb709_2023-03,0.23704355782025227
e427f8_2025-05,0.35570801017703435
e3af0e_2023-04,0.1938519613279439
d86999_2017-07,0.18910879844002934
d86999_2024-01,0.259014371157562
0f9e86_2022-07,0.3686913180852719
987bc1_2023-03,0.25637798213879376
259a19_2018-04,0.17543839714642434
e2e0ce_2023-09,0.6231009381406505
7aa803_2023-12,0.21269632499138685
7aa803_2024-01,0.3259956812177984
dbb709_2025-05,0.4916790090952118
302d40_2023-05,0.4748523029467807
d86999_2014-12,0.3050293654793973
b26809_2015-03,0.1863507675848616
b26809_2025-01,0.1762603355275178
b08ec1_2025-01,0.22885642394275724
987bc1_2023-08,0.20030520595025925
4718d7_2022-11,0.1853567456242573
259a19_2020-03,0.25677171011949457
7aa803_2023-01,0.20523456891996333
77c35f_2025-01,0.2087440046019132
60a0fd_2023-12,0.23220205555161097
fc9334_2020-02,0.2067378288288298
fc9334_2022-07,0.2119562884527732
8e41cf_2019-01,0.18476178215734132
8e41cf_2021-01,0.1932864992504996
14fe3a_2018-06,0.17804362022625017
b08ec1_2023-06,0.240371717994008
b08ec1_2025-02,0.39628333152775763
6224d0_2024-03,0.17903370176525354
e60b65_2014-10,0.2162264627219213
e2e0ce_2025-01,0.43073680956531557
2ab8ad_2017-01,0.46410717365393095
7aa803_2022-03,0.47383467070215407
88a9a6_2024-07,0.22087221372391394
dc4b5e_2023-01,0.5709925317441207
e3af0e_2021-03,0.7692390424510795
d86999_2021-01,0.3658688390216619
fc9334_2020-06,0.599844521481887
fc9334_2021-10,0.5159260557912246
b26809_2022-02,0.17931697054674495
293190_2014-08,0.24201447956604674
e2e0ce_2020-12,0.2155776347375662
fc9334_2021-02,0.1873459954002466
dbb709_2023-04,0.22302349836000018
fc9334_2016-04,0.3129612593832992
8bd3ce_2018-04,0.191375676264739
0874ee_2020-07,0.6856538598569503
fc77d0_2021-11,0.7699516281219643
e60b65_2014-09,0.20622457213508832
2ab8ad_2015-02,0.24261358758522053
3db670_2014-11,0.1901707594721052
9b46ed_2025-07,0.237304019653287
77c35f_2025-02,0.18593143280945085
829a72_2024-02,0.29244925037639546
fc9334_2019-04,0.18440208912102682
fc9334_2015-01,0.2387322319130616
b26809_2023-12,0.7158334616235387
0874ee_2021-10,0.808922947812911
d59611_2019-02,0.18632341334193647
987bc1_2024-02,0.685683498618878
e2e0ce_2019-02,0.4512740767369793
88a9a6_2021-01,0.7301589012885866
9b46ed_2022-05,0.37964100891968866
8fabe0_2019-05,0.454294824949084
a97df3_2025-04,0.3033918128421961
bfbeef_2021-03,0.17934995642121812
d86999_2015-01,0.6071397301898416
77c35f_2024-11,0.6720971701989313
fc9334_2021-05,0.19584527200963456
8bd3ce_2021-11,0.17429749864500504
b26809_2019-03,0.19488219325656728
b26809_2022-06,0.45140591092582794
b26809_2023-02,0.2669160946912267
b73bc7_2014-08,0.3689264141869825
e2e0ce_2021-05,0.7713765955794393
2ab8ad_2016-12,0.35419668309393415
c5df88_2021-02,0.2953033375410192
c5df88_2022-03,0.5217893948506843
e427f8_2023-11,0.19768686974490107
302d40_2024-06,0.2271414164833449
d86999_2014-10,0.7063907822126232
d86999_2019-03,0.1948531169346678
d86999_2019-12,0.18206113084818054
8bd3ce_2017-12,0.17566933684719058
8bd3ce_2019-03,0.1849947931303247
8bd3ce_2021-03,0.31847907179537144
8bd3ce_2023-07,0.30759447653691313
fc77d0_2024-06,0.2118512611572322
c5df88_2017-11,0.78497153631982
88a9a6_2025-06,0.5570751163024115
9cf1af_2024-08,0.39122283676417285
bfbeef_2016-07,0.18643835026502148
d86999_2015-02,0.22901812668535712
98a151_2023-09,0.23942688546196064
9f1aa0_2023-02,0.2427713353538951
fc9334_2016-03,0.19952332830027056
8fb6f0_2022-12,0.21744252107401846
8fb6f0_2023-11,0.17252285997995548
8bd3ce_2017-05,0.1830165464607369
0874ee_2021-06,0.41247999204759667
5a0174_2019-04,0.19918298247282093
175155_2024-12,0.2959884424193355
e2e0ce_2023-05,0.49977061803453865
74fb1f_2019-09,0.24038273245543582
7aa803_2024-06,0.20240488791191996
74fb1f_2023-09,0.4894297258140773
9befc8_2022-10,0.17733712575520338
e427f8_2022-11,0.5275318738609128
e427f8_2024-06,0.6980877097655441
d86999_2023-05,0.42050679426323023
8e41cf_2018-05,0.17797870655810163
fc77d0_2024-01,0.37205565633140686
6224d0_2022-11,0.2637467498426334
4ee2d2_2024-03,0.7660376606582582
259a19_2019-02,0.21981779248365013
6838b9_2018-03,0.5577788764414718
e2e0ce_2017-04,0.4584739186451192
e2e0ce_2022-12,0.26663990791502856
2ab8ad_2024-01,0.40672408739794036
a97df3_2025-02,0.2555675558863039
fc9334_2015-02,0.188298571168569
302d40_2022-03,0.3850113985627616
302d40_2024-08,0.32422723966086714
d86999_2015-06,0.2726488209086708
b26809_2017-12,0.24077273355668805
fc9334_2018-06,0.18137817055351518
fc9334_2024-10,0.814353757440171
a25664_2023-02,0.19702554214968998
a42d13_2024-03,0.39600075325743644
2ab8ad_2022-07,0.23689149833582776
7aa803_2018-01,0.7725858258897619
7aa803_2018-10,0.7971848977353384
fc9334_2018-04,0.18900854421006072
829a72_2023-11,0.19394482889403014
9cf1af_2022-11,0.5272071191742155
60a0fd_2023-02,0.24968133708853743
fc9334_2024-03,0.22731058194401368
8bd3ce_2023-03,0.22591405678527546
d59611_2019-09,0.18961282005511532
90abb1_2025-08,0.678611299367588
b08ec1_2024-02,0.20545128726788486
db4cd8_2018-12,0.20805557094139968
2ab8ad_2019-06,0.2129379193887912
9b46ed_2018-01,0.6042938081512219
9b46ed_2025-02,0.4637859329997841
9f1aa0_2020-11,0.2135487924728595
510fbf_2023-07,0.19319904536096036
19fa84_2018-12,0.21537619915373196
e361b7_2019-09,0.21408177612104057
e361b7_2019-10,0.3698227373754392
bc4c03_2019-07,0.5592470487365502
9f1aa0_2015-03,0.18682374383364161
894378_2025-05,0.3726003258762631
c5816f_2023-03,0.21803979837501825
8ec563_2022-06,0.20416117256249025
513080_2022-09,0.19675827182682937
731908_2016-04,0.2890600239046756
bfbeef_2021-04,0.17173797320096215
f4604d_2022-10,0.7001463649182509
513080_2022-12,0.19107275021647535
9f1aa0_2018-01,0.28979058619375564
bfbeef_2020-06,0.23387656591747383
c5816f_2019-06,0.4916837716256114
c5816f_2023-12,0.2945208039372463
9f1aa0_2023-11,0.24298170775211334
bfbeef_2020-02,0.1768715991462114
c5816f_2018-01,0.6487501787650046
fd589c_2021-08,0.6681376435696464
1b9e65_2015-09,0.47508273679349705
fa8553_2022-06,0.18240171558365387
fa8553_2023-10,0.26780799856212084
bfbeef_2016-04,0.23903544967828255
0f9e86_2015-07,0.18747831676176566
894378_2022-06,0.24020056230106998
8ec563_2021-12,0.47945144582378907
e361b7_2023-10,0.7792346944658164
e4bc80_2022-12,0.21279857962655568
e4bc80_2025-06,0.3535032379506101
9af74c_2023-12,0.23429071409813887
513080_2023-06,0.21689976177281278
fa8553_2024-03,0.20932579169374432
fa8553_2024-05,0.24739184038806208
6c1954_2024-08,0.5122832686450418
fa8553_2025-03,0.19608375911670192
510fbf_2022-01,0.1914395022223913
8ec563_2024-02,0.23195098258041158
fd589c_2022-09,0.5032791848238355
e4bc80_2019-12,0.23353275594470682
513080_2023-12,0.2062666795342709
bfbeef_2020-08,0.3479541476940649
780a0b_2019-04,0.3975436518052532
894378_2021-10,0.23050263893122053
fd589c_2019-07,0.6649776573151687
bfbeef_2019-03,0.20100692251480465
c5816f_2025-03,0.30787729578392725
19fa84_2019-03,0.18379638813791632
e361b7_2019-11,0.18732115544351086
510fbf_2023-02,0.19841256417394879
bfbeef_2020-03,0.19463920215795327
19fa84_2021-07,0.48654063746919524
fd589c_2024-01,0.17641437432835638
c48018_2015-10,0.33682136177934047
19fa84_2022-06,0.35056908179800134
fd589c_2014-09,0.2831701343061263
fd589c_2022-03,0.18029671760802818
fa8553_2022-02,0.18078724070530572
fa8553_2022-05,0.23006798688557512
c5816f_2024-09,0.2338882911180296
8ec563_2025-08,0.46032390245270854
11f0e3_2015-04,0.20676883760928894
bfbeef_2015-05,0.24889054779814127
c5816f_2019-02,0.18843931431813635
8ec563_2017-02,0.8166017306519748
fd589c_2024-05,0.3467759785236795
e361b7_2019-06,0.3309641083570206
e4bc80_2019-11,0.19790897886109454
e4bc80_2025-02,0.2155961389234796
9f1aa0_2022-04,0.20462826901290931
fa8553_2022-11,0.18992027492575803
bfbeef_2024-11,0.17386660367040932
fd589c_2022-11,0.3231284347321715
e4bc80_2024-11,0.20119091561012029
9f1aa0_2022-05,0.19848743108180072
9f1aa0_2023-03,0.19797456636431726
bfbeef_2017-08,0.34375946006337343
29849f_2022-10,0.37067683528985784
c5816f_2019-11,0.20931603827363113
8ec563_2025-07,0.42682928874428566
9f1aa0_2022-10,0.2368174123786219
11f0e3_2022-06,0.17695973669157433
780a0b_2015-03,0.17594909208919313
894378_2022-12,0.1972142843186714
c5816f_2025-05,0.29028856042645407
e4bc80_2021-10,0.2243695010202455
bc4c03_2019-08,0.5845753100964242
bc4c03_2020-02,0.24219653660505208
fd589c_2021-12,0.1895167265678744
e361b7_2023-09,0.25441603679272184
e4bc80_2022-11,0.212219574701148
513080_2024-08,0.2504737881709156
731908_2015-01,0.18235174238909685
bfbeef_2016-06,0.23759312835339957
8ec563_2018-01,0.7337641502973344
90abb1_2024-11,0.17746279501494264
894378_2022-10,0.6545143622879506
fd589c_2018-03,0.5393616981018472
9f1aa0_2021-10,0.19423670955172248
9f1aa0_2022-02,0.18775106904876876
8fb6f0_2015-06,0.3271314364547601
e361b7_2019-07,0.23023834474584964
510fbf_2023-06,0.19273301015902936
894378_2022-09,0.18977862493336803
8ec563_2022-03,0.18387876766542174
6c1954_2024-04,0.5814328719416405
fd589c_2018-05,0.8178471937326297
e361b7_2020-01,0.6599580218234079
e4bc80_2023-08,0.23408620938417907
9f1aa0_2019-08,0.18665451160463092
510fbf_2024-01,0.24550340760704953
bfbeef_2017-10,0.66020944352099
8fb6f0_2015-11,0.17764767996599465
e4bc80_2025-04,0.1981506215830938
e361b7_2024-06,0.24789007471305338
83894c_2025-07,0.42242767321662733
11f0e3_2018-07,0.34441069874013347
f1543b_2014-10,0.26991771928292574
8fb6f0_2017-09,0.2126245796256107
9befc8_2020-07,0.34283776044547537
7bf5c9_2024-09,0.5105116375390151
731908_2018-01,0.1831075829505092
11f0e3_2022-10,0.1816267449741085
f1543b_2019-04,0.23605250112295875
780a0b_2018-05,0.22442853959518022
9befc8_2025-06,0.18278628935314528
7bf5c9_2024-01,0.5514910676380422
f1543b_2021-07,0.3901636265549715
f500c5_2020-06,0.27092927696988034
83894c_2019-08,0.2951200209823416
83894c_2020-06,0.38437348815099553
87cfea_2023-07,0.2783075950217778
99c11c_2022-06,0.38059646758809973
731908_2019-09,0.24863380271861563
11f0e3_2021-06,0.2678289358292227
0f9e86_2017-10,0.5108308230722246
f500c5_2024-05,0.306445478425005
11f0e3_2020-12,0.20797805777018857
9befc8_2021-07,0.21599469412796254
9befc8_2022-03,0.2185583869552506
f500c5_2025-04,0.24872499325836075
9befc8_2024-06,0.18151537023857464
f500c5_2021-06,0.3399036474652097
f500c5_2024-10,0.2671493563933372
83894c_2018-10,0.6965323034298649
731908_2020-01,0.17217007671375922
7bf5c9_2024-02,0.17782891575865095
99c11c_2021-03,0.42833046846470324
731908_2017-08,0.2721383656629251
11f0e3_2021-03,0.18175771198626514
8fb6f0_2023-09,0.5421330918835628
9befc8_2019-01,0.1721668509755115
7bf5c9_2015-02,0.1774301086668085
7bf5c9_2022-10,0.2875931874902286
f1543b_2024-10,0.19627565864718752
439fde_2019-11,0.34749815062472544
83894c_2024-07,0.6989081287294732
780a0b_2016-08,0.19336676920621798
9befc8_2018-03,0.21563208261546682
f500c5_2025-07,0.3349979925324914
87cfea_2025-02,0.18561019829880682
731908_2016-03,0.19157112734991188
780a0b_2017-02,0.17586406424982357
780a0b_2023-02,0.1740545745210032
7bf5c9_2019-06,0.21362037208131351
f500c5_2018-01,0.23513492054282473
c3a69f_2019-12,0.3080972081155522
9f1aa0_2024-01,0.1863854180216974
8fb6f0_2017-04,0.20601693359836074
f1543b_2018-05,0.4602789551670545
f500c5_2022-04,0.3474393753194341
f500c5_2024-06,0.23149635730381446
83894c_2019-04,0.32877031211137653
83894c_2021-08,0.5162073911661968
87cfea_2020-03,0.5397847786800074
731908_2022-07,0.41067800190937354
8bd3ce_2019-08,0.3387960860286017
7bf5c9_2014-06,0.2256947479838721
c580aa_2015-03,0.20893149423632304
f500c5_2021-09,0.18095957199301727
731908_2016-10,0.1754380451874284
731908_2022-03,0.17258945464007763
780a0b_2017-07,0.2171157992632519
0f9e86_2019-06,0.18791240061492248
7a007d_2025-08,0.19645905660485977
11f0e3_2021-07,0.36896609753686693
8e41cf_2020-09,0.22489381175647405
731908_2016-12,0.17856328541480876
9f1aa0_2019-09,0.19991627410347906
780a0b_2021-09,0.17424278700972615
0f9e86_2022-10,0.18302860179974595
f500c5_2023-12,0.19653814360591798
f500c5_2025-06,0.26838270410277765
92dcdd_2023-09,0.1893000128566528
83894c_2018-06,0.3069342595377947
87cfea_2019-04,0.2978850264247518
0f9e86_2025-02,0.1773254032623388
9befc8_2025-04,0.19899133127711674
780a0b_2017-08,0.2237050618848883
9befc8_2019-03,0.1730270800654171
f1543b_2024-02,0.18378222826381826
439fde_2023-04,0.26998684745340074
87cfea_2024-04,0.5786631596432474
731908_2021-05,0.182378467468356
11f0e3_2019-05,0.18325047618640428
780a0b_2022-07,0.26326323477454644
780a0b_2025-04,0.19020478811110375
f1543b_2017-06,0.3317195098360653
f1543b_2020-08,0.25297358839610606
f500c5_2021-02,0.29627935628036217
83894c_2025-03,0.723633550379929
11f0e3_2020-01,0.18064844811196304
f1543b_2023-03,0.18978850210370374
f500c5_2019-05,0.3067470444821961
b1de95_2015-02,0.18340626481516237
83894c_2019-09,0.34847040976156424
83894c_2021-09,0.5625348819520631
87cfea_2021-09,0.5412463912114825
11f0e3_2018-04,0.23486597529337305
780a0b_2016-12,0.17781762178866473
0f9e86_2020-02,0.17717400376982773
0f9e86_2021-04,0.17998981032709307
9befc8_2020-05,0.5032062772678694
c580aa_2014-09,0.32714515599162913
4f2b6b_2024-09,0.2166861908209289
731908_2023-09,0.22861259065003678
8fb6f0_2017-11,0.1740942850698095
f1543b_2024-01,0.17825686613903174
4f2b6b_2024-05,0.1770940725654488
87cfea_2025-08,0.40968809611770957
9f1aa0_2017-02,0.5444187961077411
780a0b_2022-09,0.22109313440905415
7bf5c9_2020-01,0.1952920103526674
e361b7_2015-05,0.17954958797032913
e7a56d_2023-08,0.7795786446450015
e7a56d_2023-10,0.34995230701233815
c48018_2024-06,0.5613931535227187
db4cd8_2014-04,0.17375554870566362
14fe3a_2018-08,0.6492628220150989
375f2e_2021-07,0.7928767439559388
bc4c03_2015-03,0.21012982745817851
c5816f_2015-07,0.49603961178924455
19fa84_2024-08,0.3385670589684854
fd589c_2017-12,0.2683598862467239
829a72_2021-09,0.27952847839972106
e4bc80_2024-06,0.2037477078442845
c48018_2025-01,0.3331744773208423
edda84_2025-07,0.7756384439785207
c48018_2018-02,0.3951102664072675
6f5e2b_2019-05,0.388435013679742
6f5e2b_2021-11,0.38377139705951036
b416b1_2021-12,0.17422552098496163
987bc1_2019-01,0.652585289246321
a42d13_2015-02,0.18898153852139657
8ec563_2014-09,0.25939253663982853
8ec563_2016-05,0.2775147812324635
6c1954_2025-06,0.4464999238323242
19fa84_2017-03,0.2318969956315534
e361b7_2015-01,0.24112856691899087
4718d7_2024-11,0.26083119287970835
d59611_2024-04,0.3947231715937111
14fe3a_2018-07,0.5121587304611193
8005b9_2022-01,0.18137384734440642
1698cf_2022-03,0.21030827587582582
1822ea_2023-07,0.39528373214019363
14fe3a_2022-10,0.3787030125813016
e361b7_2017-11,0.347950241886695
d59611_2018-01,0.4348711821683133
0874ee_2019-07,0.3797160756482916
77b3b9_2023-02,0.1932544669027662
8ec563_2015-07,0.17783422244246339
6c1954_2024-01,0.5222505108613776
19fa84_2019-02,0.21927149017127373
e7a56d_2019-03,0.38021875460151
e7a56d_2025-01,0.3471108612105807
c48018_2025-04,0.3715261551584421
5a0174_2014-11,0.19433683744366845
b416b1_2018-01,0.28699803169393184
b416b1_2020-01,0.1815174943011161
db4cd8_2022-11,0.6200266374274427
34889b_2022-05,0.19238044998918355
375f2e_2019-06,0.5759922630544054
6f5e2b_2014-12,0.21625998022234336
6f5e2b_2024-04,0.4306728361657795
19fa84_2015-01,0.36710064071233756
e361b7_2020-12,0.46091364564490994
e4bc80_2016-06,0.21629695471705418
e7a56d_2015-02,0.3151512930236299
18defd_2015-02,0.2735840827027648
d59611_2024-02,0.5805790099239547
1822ea_2024-02,0.18710382211549959
9af74c_2019-03,0.494237363350322
1698cf_2018-03,0.5065842703048908
19fa84_2025-02,0.5746532925818997
18defd_2014-08,0.26757206838969283
6f5e2b_2025-02,0.31470840580850984
90abb1_2024-07,0.5849821412486128
8005b9_2025-06,0.43069899204336737
0874ee_2019-12,0.21701022103644535
f461d4_2015-03,0.17469344159386385
e7a56d_2022-03,0.4881071638285407
18defd_2024-04,0.47026924307010914
14fe3a_2022-12,0.686730407834909
1698cf_2014-11,0.22911251010136194
f461d4_2019-02,0.1939378327020275
f461d4_2021-11,0.6650285073185576
e7a56d_2022-10,0.3356834440687383
18defd_2014-07,0.22187758468756363
18defd_2020-03,0.40313272407558687
18defd_2025-03,0.248296625284072
c48018_2018-01,0.4344809076701269
c48018_2019-05,0.4391704548167529
4718d7_2014-05,0.18070261642253665
8005b9_2023-09,0.3758945075274348
5a0174_2023-02,0.3648371052983775
894378_2016-07,0.7981961171578253
b416b1_2025-06,0.4572440868015895
f461d4_2021-10,0.540706852840245
06534f_2019-12,0.30526207598028166
db4cd8_2022-07,0.5298878879230161
e4bc80_2015-01,0.353979573830981
18defd_2019-11,0.43981542726149253
d59611_2025-02,0.5300584971267549
1822ea_2024-10,0.41201905204467676
8005b9_2025-08,0.2512598450531849
db4cd8_2023-01,0.3681157767102583
375f2e_2024-02,0.36732339404891284
6c1954_2023-12,0.5632772304946638
19fa84_2016-06,0.1979904277927258
19fa84_2020-01,0.4365430751278943
fd589c_2015-01,0.18758947674554557
e7a56d_2019-09,0.4618888389443473
e7a56d_2019-11,0.6092280760691029
c48018_2023-11,0.4539570904132197
4718d7_2024-10,0.5124677818147841
b416b1_2019-12,0.3123969729415257
6838b9_2025-02,0.37067497127615323
db4cd8_2023-06,0.6487121274172571
8fabe0_2024-02,0.23483457017181766
a25664_2019-11,0.6897456926748035
375f2e_2020-03,0.8119725115471652
894378_2015-10,0.20486063682149463
e361b7_2015-07,0.177419317188851
e7a56d_2020-02,0.2026447765612743
18defd_2024-06,0.46081407379983375
4718d7_2019-12,0.17480811991484618
5a0174_2019-03,0.2222461399091132
b416b1_2023-08,0.43893584208060965
bc4c03_2023-10,0.7406013679806674
259a19_2015-02,0.23251828552869158
db4cd8_2024-03,0.6537317115300476
14fe3a_2025-02,0.6018393003677054
1822ea_2021-12,0.3934576037647788
894378_2024-08,0.36240388797379197
c5816f_2022-05,0.20226372720549168
18defd_2019-10,0.42604887724870527
c48018_2018-05,0.46274955568049786
b416b1_2023-06,0.4806423704412155
d59611_2021-10,0.7576049326832885
d59611_2021-12,0.6902746116872686
8005b9_2023-01,0.18405589677419593
9af74c_2024-07,0.6622746048522707
5a0174_2024-01,0.4940768844153342
6c1954_2019-07,0.630033209754757
fd589c_2015-07,0.5954461724779831
4718d7_2018-04,0.1724488845185898
259a19_2019-08,0.19066640676313237
8005b9_2019-12,0.18329720636076602
06534f_2018-04,0.27698030977195987
bf6f0d_2025-04,0.4097429178991162
94f933_2023-06,0.6511086543468348
c5816f_2015-08,0.22195332677662064
c5816f_2016-02,0.2698959259619803
fd589c_2016-06,0.20200784160162347
f461d4_2014-10,0.17671445237791542
db4cd8_2020-03,0.7682314133708573
8005b9_2025-03,0.23572515389374277
fd589c_2016-05,0.7609491139954635
e4bc80_2016-05,0.4923023776860755
18defd_2025-05,0.5173342540810423
c48018_2014-07,0.3276994614449168
b416b1_2019-10,0.1828934034950584
db4cd8_2014-07,0.19171663077391776
1698cf_2022-12,0.18992062547660477
e7a56d_2024-10,0.5853947402296427
259a19_2014-06,0.1893394322129961
db4cd8_2022-05,0.3902960867245128
6224d0_2018-05,0.18698791478283647
6838b9_2019-07,0.5718009830642657
14fe3a_2023-09,0.35335588506022403
e361b7_2015-04,0.2660798472201522
e361b7_2015-08,0.2491017328892431
d59611_2023-09,0.65579562407307
34889b_2022-03,0.26683587943170367
5a0174_2022-12,0.1812756838583966
e361b7_2017-06,0.7784676847065677
b416b1_2021-09,0.39786591302515545
8005b9_2021-10,0.293033392934738
5a0174_2015-03,0.17136009302677557
c48018_2017-06,0.7283018494086557
8fabe0_2015-03,0.1837865924098066
db4cd8_2018-04,0.17394500961860435
db4cd8_2025-08,0.4251866830006376
34889b_2022-07,0.2934784697752165
4718d7_2023-03,0.21357893037083722
8fabe0_2015-04,0.3726271966992588
4fb2d3_2019-04,0.22529956664889617
e60b65_2015-08,0.22926565698450357
19fa84_2014-12,0.607115981765253
e361b7_2014-11,0.2372256316180314
e7a56d_2018-07,0.3525909176860419
db4cd8_2024-06,0.5238095957913864
8005b9_2015-02,0.17867329150668002
f461d4_2023-07,0.23709996304883782
90abb1_2019-07,0.5966490793194339
34889b_2014-09,0.22919486133486786
8005b9_2024-04,0.21277482083545646
c5816f_2018-10,0.4929220322627593
c48018_2024-10,0.5076880454203825
db4cd8_2017-10,0.7940112136026717
6f5e2b_2014-07,0.24028507205220925
db4cd8_2019-02,0.18051177469975635
b08ec1_2019-04,0.29782359946167064
9af74c_2018-02,0.46472460073223604
4fb2d3_2019-06,0.19888378564289938
8fabe0_2025-08,0.5653752395596106
0ffc2d_2024-09,0.23710870716048166
0ffc2d_2019-02,0.17716616842164218
0ffc2d_2022-06,0.18402210613775064
6da35b_2023-01,0.41360832771611167
7e646c_2024-12,0.33432916606333707
6da35b_2024-07,0.4427728242825316
0ffc2d_2022-10,0.17526304395903614
4718d7_2024-07,0.21923837572319194
f1543b_2015-09,0.2759040214226033
0ffc2d_2025-03,0.21465869608774302
0ffc2d_2020-12,0.17603688637789278
0ffc2d_2022-03,0.17367317313222236
74b7d1_2019-01,0.7948540474820905
8b98f3_2022-10,0.20352123197169175
8b98f3_2022-01,0.7038992304091527
0874ee_2014-05,0.17243560315958165
5a0174_2024-06,0.23615408034984994
5a0174_2024-09,0.3408718386216244
4718d7_2024-03,0.2647148110160273
0f9e86_2017-03,0.26226007857150363
9befc8_2016-03,0.2682556245970137
829a72_2019-10,0.3129860921829195
7e646c_2025-08,0.36631686444067985
11f0e3_2015-12,0.21245105978718176
7e646c_2023-11,0.30759123314082437
9befc8_2017-07,0.4082220656514795
0ffc2d_2023-08,0.22227443262694796
0ffc2d_2023-10,0.18209832007049986
0ffc2d_2024-06,0.27773989160234414
f1543b_2015-11,0.7921037823540379
0ffc2d_2023-04,0.18019680647611203
0ffc2d_2024-04,0.17774504844968084
a97df3_2024-11,0.5976960750026185
0ffc2d_2020-01,0.1779485903402464
0f9e86_2015-09,0.3741592758034421
94f933_2023-07,0.7952344261046133
7e646c_2022-11,0.2850289303426615
6f5e2b_2024-05,0.3969908939045231
0ffc2d_2019-03,0.1779931490088022
b0ff51_2019-05,0.6221617422321444
b0ff51_2024-08,0.6733774968232554
b0ff51_2025-05,0.5723291037529281
b59bc0_2019-05,0.31393261740040984
b0ff51_2020-09,0.2135651315248655
8bd3ce_2021-12,0.18767347972204468
b59bc0_2014-04,0.5144847148884638
8d0588_2019-09,0.2736977527687257
b59bc0_2019-07,0.2630452675147065
b59bc0_2024-08,0.6928357887495069
0cecbd_2018-03,0.19609147556557502
0cecbd_2020-03,0.24863597728787923
0cecbd_2019-02,0.22748953606104294
74b7d1_2018-06,0.42613038443785767
8d0588_2022-03,0.5535037724660014
b0ff51_2024-11,0.28194855110901307
8d0588_2020-07,0.5219177328903851
b0ff51_2024-03,0.29778003507353346
b0ff51_2020-03,0.7645199647700787
0cecbd_2021-01,0.469369873497156
c3a69f_2023-07,0.5231869152903206
99c11c_2018-02,0.3809346944964975
b0ff51_2021-07,0.3116606183290685
8d0588_2020-01,0.3188317069742247
b59bc0_2023-03,0.785824186824516
b59bc0_2025-06,0.4025195480526594
b0ff51_2018-05,0.28162707524156244
8d0588_2019-08,0.1927084884634051
8d0588_2025-07,0.5699471731160143
c3a69f_2022-09,0.5032469514634571
83894c_2018-03,0.34928903424570346
8d0588_2023-10,0.2723102505893726
b59bc0_2018-05,0.2634568487743594
b59bc0_2023-05,0.4038116245918125
b644ac_2025-05,0.8044110301528592
439fde_2023-05,0.3868068401345432
8d0588_2014-04,0.31599531242272827
8d0588_2023-03,0.46784178936996523
8d0588_2025-05,0.5357855875422926
b59bc0_2021-06,0.32983341558203866
b0ff51_2018-03,0.672062616451362
b0ff51_2018-06,0.4337187018136256
b59bc0_2019-10,0.22108665110061665
b0ff51_2019-06,0.23260618736016006
b0ff51_2019-07,0.2734897255569498
b0ff51_2022-03,0.5866362646576915
b416b1_2023-02,0.19553746497902896
8d0588_2014-07,0.23317113267694553
8d0588_2024-06,0.3882507104866324
b0ff51_2023-08,0.5935491236493039
8d0588_2021-01,0.5277095511796279
b0ff51_2022-02,0.7769904265669714
1bdb97_2024-11,0.6345900027700238
e361b7_2015-12,0.741643097445729
d59611_2022-08,0.720298655259761
83894c_2018-01,0.22486884625938597
a25664_2020-08,0.32585248213183804
c3a69f_2022-08,0.45298923413407105
b416b1_2025-10,0.5363070056072022
a97df3_2019-06,0.27763789950282797
77e86b_2024-04,0.27110135179278705
87cfea_2021-10,0.3414911146720484
99c11c_2020-11,0.32856690054201704
dc4b5e_2020-02,0.21870912004752108
a97df3_2019-10,0.1842729591771915
731908_2018-12,0.184675934207959
a97df3_2019-09,0.1819095260106313
87cfea_2017-03,0.7281014334848391
c48018_2015-12,0.7127275754871176
ab32d7_2024-06,0.4832541365773875
8b98f3_2025-08,0.36272199196335214
4fb2d3_2022-08,0.20930113703835868
f25ffe_2024-09,0.20707517072944964
259a19_2020-11,0.4186681842672103
987bc1_2023-07,0.20570288962375338
6224d0_2021-03,0.49674401303821514
4718d7_2021-05,0.45663040248540776
4ee2d2_2025-03,0.17940351292533072
6f5e2b_2025-05,0.20074972669759755
259a19_2021-05,0.284341288731469
5ecf9b_2025-05,0.7098101654870427
987bc1_2023-01,0.2755098161312877
a42d13_2024-05,0.2485054801720704
6224d0_2025-02,0.31993439778232236
94f933_2024-07,0.7079615614447576
92dcdd_2020-08,0.714179942813957
a42d13_2021-09,0.35223147799088766
4fb2d3_2022-05,0.17696683542970457
4fb2d3_2024-05,0.1753312613506401
6224d0_2019-01,0.7614747283711181
259a19_2023-05,0.4676440477694822
439fde_2018-06,0.38718860141643974
77e86b_2025-01,0.24425977805227136
175155_2023-08,0.19871310173316098
b08ec1_2017-02,0.5318296556584062
8fabe0_2023-05,0.4481141846477178
6838b9_2020-01,0.30207658106003626
022433_2025-05,0.3747497770436222
fc77d0_2020-02,0.18999575990225623
175155_2020-10,0.3921774893449418
175155_2022-08,0.1997183531023602
a42d13_2025-09,0.3138379017841039
f25ffe_2024-11,0.19984562311868218
4718d7_2023-06,0.36464301453256415
259a19_2020-06,0.27900166453535197
18defd_2024-03,0.4439029973404368
439fde_2019-08,0.3106311342659995
5ecf9b_2022-07,0.5762054167125893
fc77d0_2018-03,0.32571251242372484
987bc1_2019-05,0.18457662623096716
fc77d0_2020-11,0.2254034122296784
fc77d0_2025-06,0.27714649517233475
265164_2024-01,0.4028035500350815
6838b9_2021-12,0.3931483248125557
7e646c_2023-08,0.38735254407987374
94f933_2025-02,0.30329227365549316
a42d13_2019-03,0.3505335578209742
fb737b_2023-02,0.20455713839458817
8fabe0_2022-12,0.201256081564461
a25664_2021-10,0.5622482344268499
ab32d7_2023-04,0.6724327316142041
ab32d7_2024-12,0.2051027573363938
4fb2d3_2018-05,0.17252595913540975
f25ffe_2024-12,0.20974570416278215
1698cf_2022-08,0.2027113221668458
c3a69f_2021-03,0.8085929267045107
92dcdd_2024-01,0.760692530965975
f461d4_2023-10,0.6055176261140761
6224d0_2014-10,0.22063272194803543
4ee2d2_2025-05,0.18686783777820648
a42d13_2019-01,0.3505335578209742
a42d13_2022-07,0.3505335578209742
a42d13_2023-09,0.1810288464250283
fb34b4_2025-08,0.29499498186461254
fb737b_2025-06,0.4050119607317921
4ee2d2_2024-07,0.20791685244859082
8fabe0_2020-08,0.3108554099654403
259a19_2022-07,0.350332256834976
b08ec1_2015-02,0.1781906039437508
fb737b_2019-12,0.2917137412004344
e60b65_2023-07,0.19682210834273284
5a0174_2025-08,0.42478411671531485
f461d4_2021-07,0.5407339470984518
c3a69f_2019-01,0.22455839519152648
987bc1_2025-04,0.2087345620553065
e60b65_2023-10,0.26857769089366007
fc77d0_2021-05,0.3965738856169844
92dcdd_2025-08,0.40900672575116576
259a19_2022-04,0.1933477436126525
c48018_2019-06,0.2136087278190651
8b98f3_2024-03,0.2949276609087507
5ecf9b_2024-01,0.7171645342746682
987bc1_2022-05,0.26485126397190173
c3a69f_2018-12,0.19730353339338555
0ffc2d_2022-11,0.18262604446621805
92dcdd_2023-12,0.29002942055054437
987bc1_2020-12,0.20445816297767574
fb737b_2025-01,0.6789408216918009
a42d13_2019-06,0.35223147799088766
a42d13_2023-04,0.19143019827738267
6224d0_2020-08,0.25403202113349566
1bdb97_2021-12,0.8041670611072249
4718d7_2024-05,0.321257692188805
c48018_2020-02,0.5823064840570348
0874ee_2019-01,0.20269861156514696
4fb2d3_2022-01,0.3286139930796814
a42d13_2022-02,0.36046630068788066
6f5e2b_2022-05,0.19197929909520234
259a19_2023-09,0.28244155277699917
5ecf9b_2024-10,0.3672812338760351
6838b9_2021-08,0.4204386429172463
fc77d0_2024-10,0.27983200868236413
1698cf_2019-10,0.18562864453742858
a25664_2024-07,0.22030656188773046
ab32d7_2024-02,0.21451796654874053
8b98f3_2022-07,0.635684547077815
74b7d1_2019-10,0.329008140136843
a42d13_2022-06,0.35223147799088766
f25ffe_2023-12,0.3911745374445944
5a0174_2019-07,0.2659149016574743
6f5e2b_2022-06,0.3194466405289488
f461d4_2022-05,0.24479247823024736
259a19_2021-10,0.5759205706160033
a25664_2019-04,0.17980751895146213
a25664_2025-02,0.4423579225483018
a42d13_2017-05,0.24603398590465142
b08ec1_2015-03,0.17130166024673915
4fb2d3_2023-05,0.19345846399885316
92dcdd_2024-07,0.6963760369109786
6224d0_2020-11,0.5394328503133163
5a0174_2017-08,0.32125353229631987
175155_2024-11,0.2879670285285067
f461d4_2023-04,0.43434219602388896
f461d4_2024-03,0.33613945042502696
90abb1_2023-12,0.6110030387260668
fb34b4_2022-08,0.24934051187320216
6224d0_2025-07,0.26785635740578484
0e8d73_2024-01,0.8127239350953728
34889b_2018-03,0.24044477939959313
fb34b4_2024-01,0.6861789770702158
92dcdd_2019-01,0.23698391451411874
bf6f0d_2024-05,0.26129262825712646
424c1b_2025-03,0.54122257877025
a25664_2023-10,0.1772995133814938
c48018_2017-04,0.7674727922506913
92dcdd_2024-08,0.6751095919876893
fb34b4_2023-09,0.19979772120857434
7199cf_2025-04,0.1886055613584366
bf6f0d_2022-05,0.23942207574978108
b08ec1_2022-11,0.18940397193436248
bf6f0d_2023-10,0.21180447939808097
bf6f0d_2024-01,0.26107695084071625
e60b65_2016-10,0.48669488288019985
1822ea_2025-06,0.4874254287651946
987bc1_2017-06,0.648826746408987
9befc8_2024-07,0.5627085071200301
fa8553_2022-01,0.18384851918820205
90abb1_2019-08,0.7278449822497042
948a11_2022-11,0.2291946001204627
bf6f0d_2017-09,0.2669994341265659
a42d13_2015-03,0.17402266421845297
9af74c_2019-11,0.3820142034279769
18defd_2016-05,0.3504008397867786
0f9e86_2023-07,0.1913659413822067
90abb1_2022-07,0.7516102628093209
987bc1_2022-10,0.5410263061618158
bf6f0d_2023-04,0.19040512346077562
1822ea_2020-12,0.49492342146015417
1822ea_2023-11,0.3667923720528921
bc4c03_2025-06,0.5498750077873691
90abb1_2019-11,0.35418561411649285
1822ea_2020-07,0.6985774403703886
175155_2014-09,0.21770261177759806
11f0e3_2023-05,0.19153340209168424
11f0e3_2025-03,0.18108375936054122
6224d0_2014-08,0.22723433621900718
bf6f0d_2018-12,0.31318042653103995
bf6f0d_2025-03,0.2511320394205003
e60b65_2016-07,0.48669488288019985
4ee2d2_2024-06,0.2271494149445193
18defd_2017-06,0.7632587738401595
9f1aa0_2020-06,0.4486920210620968
948a11_2022-09,0.19728968362577454
b08ec1_2023-02,0.20533923618303224
b1de95_2019-12,0.42385394894430695
db5006_2015-02,0.19370079383185895
3a13b3_2024-11,0.6476146392865678
e83244_2017-02,0.1935116214053736
e83244_2019-05,0.3311825806870629
e83244_2023-04,0.31177990390877286
06534f_2024-07,0.6299005666260935
b1de95_2023-12,0.5985179934695275
f4604d_2019-09,0.18670490092960207
1b9e65_2023-09,0.42099777554367945
e2314a_2017-09,0.3416979851681445
60a0fd_2017-06,0.19073049070281506
0cecbd_2018-05,0.17696987057916963
29849f_2025-08,0.4118790626107088
4fb2d3_2017-10,0.2680970085797082
545d15_2019-05,0.21838988304001816
7a007d_2024-12,0.2336932682982953
531356_2015-04,0.2560358958719793
0cecbd_2025-07,0.3086158649276314
db5006_2023-11,0.3348324127577621
db5006_2025-05,0.2505083285367397
f4604d_2020-01,0.5546608339692091
0cecbd_2021-03,0.3354906105848644
0cecbd_2024-08,0.17429681029982222
3a13b3_2025-02,0.617148194865951
b73bc7_2024-11,0.5144413894947667
531356_2025-03,0.21886130113616922
1b9e65_2021-09,0.49491082985579826
f500c5_2015-08,0.17832396808805145
0cecbd_2022-03,0.3655585144607321
b1de95_2024-11,0.46632895252737727
3a13b3_2024-09,0.7087335588732682
e83244_2017-12,0.6625443034199248
c580aa_2024-03,0.8075630804989775
db5006_2017-05,0.3133260983363573
db5006_2020-03,0.5173779095251083
545d15_2020-09,0.363907854973165
e83244_2014-12,0.17610860863136568
531356_2015-12,0.6505168353160526
a25664_2020-11,0.31810944693471777
e2314a_2018-05,0.20889217248362507
e2314a_2019-10,0.24951543336504672
e83244_2015-05,0.27754714675759223
29849f_2023-03,0.8114247999063533
db5006_2016-02,0.5542667833077417
6224d0_2021-05,0.35361731347103464
e2314a_2021-08,0.6974907089383414
e83244_2018-02,0.17462465635941532
db5006_2014-12,0.21844047112978043
e3af0e_2015-02,0.416108210454989
c580aa_2023-07,0.5678337641837949
c580aa_2024-11,0.5914978702038136
b1de95_2024-03,0.8110892448678463
db5006_2018-06,0.2748544581422463
db5006_2019-07,0.6186801341956861
545d15_2020-02,0.18584911666573184
e83244_2023-01,0.1783653280678
829a72_2014-12,0.36589855334357796
29849f_2020-11,0.6919093121760505
b73bc7_2019-11,0.23495963844378323
545d15_2019-01,0.17805873224667493
f4604d_2015-03,0.17916038066109125
e83244_2022-01,0.34027975517680303
db5006_2020-05,0.7484180932587055
7a007d_2024-07,0.19936522094418968
e2314a_2014-12,0.18335733524410763
98a151_2014-07,0.371152316772599
531356_2018-06,0.6070623511727128
e2314a_2023-11,0.44452021678024217
06534f_2018-05,0.24517714668799345
98a151_2014-12,0.40471456039985104
db5006_2020-04,0.5106990917925811
1b9e65_2021-08,0.3096993859043108
e83244_2023-06,0.25511073266721723
175155_2021-03,0.2314655059768845
545d15_2020-10,0.33588565384340996
e2314a_2019-01,0.20137557014331248
e83244_2017-11,0.4753728900995059
e83244_2023-11,0.1868804075728404
829a72_2018-01,0.5870523734128771
0cecbd_2023-06,0.20423955383451026
1b9e65_2021-04,0.31837830462752353
7a007d_2025-04,0.1988788294656937
60a0fd_2017-04,0.6564926525327442
a25664_2021-01,0.2720782561809752
06534f_2023-05,0.7984685916317025
f4604d_2016-11,0.21511722650668585
60a0fd_2017-02,0.7314420854197821
1b9e65_2020-09,0.7093870110024211
1b9e65_2024-10,0.6219686430459002
531356_2023-05,0.33939441227824957
e2314a_2022-05,0.4984672446030146
e3af0e_2018-01,0.6414499817544851
1b9e65_2020-08,0.5543036535803343
e2314a_2020-01,0.510509228356577
06534f_2019-06,0.22079617817105057
0cecbd_2022-06,0.2240945460456722
022433_2023-05,0.40640116098352513
531356_2017-04,0.6601340751673506
510fbf_2021-12,0.21090600203333681
af81b0_2018-06,0.1802765614933391
0874ee_2017-03,0.638322058563795
022433_2022-04,0.662825972677983
022433_2024-01,0.2981492188118854
f4604d_2019-06,0.3256531759000329
022433_2022-05,0.5493542723641338
cd0e60_2025-08,0.5110287279455062
d86999_2020-09,0.7397140556591
022433_2023-09,0.5409873395512788
375f2e_2015-12,0.2760950608833642
894378_2020-06,0.8021784195199286
f4604d_2017-06,0.6259409908825406
c5816f_2017-10,0.7090555146424362
f4604d_2018-03,0.2918667523013997
af81b0_2018-01,0.32208140321338347
b73bc7_2019-01,0.7830850374827486
b1de95_2019-05,0.7031737590386801
022433_2024-08,0.20028749685772823
fa8553_2021-09,0.20719254018821404
531356_2025-04,0.31819826112278676
829a72_2024-11,0.2281695346823783
022433_2022-02,0.4503597649973921
e361b7_2020-08,0.7810555353413413
b73bc7_2018-02,0.3521285624852621
7a007d_2019-08,0.33172114156911536
29849f_2018-12,0.20027416353950792
531356_2017-02,0.5769511808480509
87cfea_2022-10,0.5555538565559767
29849f_2020-12,0.8100803290291358
531356_2017-05,0.7392502332433536
3a13b3_2020-03,0.6732423699554904
b08ec1_2019-02,0.1800523004071728
375f2e_2018-03,0.22270024726581292
f4604d_2020-06,0.7514008119513659
34889b_2017-02,0.2366205898169273
987bc1_2025-06,0.24597293807675524
e7a56d_2023-01,0.19396005699741453
90abb1_2024-05,0.6938173530458028
bf6f0d_2022-03,0.20888357905054108
bc4c03_2023-11,0.4189861859518196
fb737b_2024-03,0.35535880439455364
fb34b4_2024-05,0.2237004061709466
77b3b9_2024-08,0.72743997041378
bf6f0d_2016-05,0.26606030149551224
b73bc7_2019-03,0.44822381964800406
531356_2018-02,0.30335020880217833
4fb2d3_2023-12,0.6703514759915914
1822ea_2016-06,0.5478823726823824
e83244_2021-01,0.6862676665871398
a97df3_2022-08,0.4324514225734082
29849f_2018-10,0.80139062775404
1822ea_2016-11,0.5468401125782096
db5006_2015-06,0.8107042550069956
77b3b9_2018-02,0.21669798830692918
83894c_2024-10,0.7395222537007694
1822ea_2016-12,0.5375157203924955
f4604d_2017-07,0.6892565734322249
531356_2016-08,0.20011421122202688
af81b0_2019-08,0.18523924575586076
a97df3_2024-09,0.2762674842689962
90abb1_2023-04,0.6968323037909055
8005b9_2017-01,0.7048845381690241
987bc1_2023-02,0.20766174233932871
77b3b9_2025-01,0.35267382739703546
e2314a_2019-05,0.24005282400629452
9af74c_2015-01,0.17458517652431857
bc4c03_2017-02,0.7073478634951107
29849f_2016-02,0.770424077108326
b73bc7_2017-05,0.24226061943356028
f4d28d_2024-08,0.796939197926178
e7a56d_2017-12,0.774518669392727
bf6f0d_2014-06,0.21224418546491197
bf6f0d_2014-07,0.2496499197686728
77b3b9_2022-09,0.7351642013267811
77b3b9_2024-03,0.35677494979850105
439fde_2015-01,0.19981493838120098
531356_2016-12,0.6740083394167553
34889b_2023-01,0.21474637489166767
dc4b5e_2025-08,0.44155098539706616
375f2e_2019-01,0.17819488292754562
9af74c_2020-01,0.439272565835926
e2314a_2024-01,0.32963699132089247
948a11_2024-09,0.33679636930909335
bf6f0d_2022-12,0.42707954458355746
a97df3_2022-10,0.3135066679488481
424c1b_2024-09,0.5029341503820591
1bdb97_2022-09,0.24374287687379317
77b3b9_2020-03,0.5862687170788793
b1de95_2019-07,0.4222707783692904
531356_2020-04,0.814388658182286
a97df3_2023-06,0.17905205899317597
375f2e_2021-01,0.44389505619927433
74fb1f_2018-04,0.4748005510129957
cd0e60_2020-07,0.801038304667677
98a151_2021-04,0.745321079727295
829a72_2020-01,0.6628760006681713
c5df88_2024-01,0.7901576569407596
74fb1f_2020-10,0.7302968103936134
e2e0ce_2020-01,0.38389877888433976
2ab8ad_2020-06,0.6254787418017314
531356_2017-03,0.5909391127901106
6838b9_2024-06,0.31461127799808447
a42d13_2017-06,0.5812004098612638
98a151_2022-11,0.24216676986099608
829a72_2022-07,0.30341738535285917
8fabe0_2016-05,0.2818397271992917
293190_2020-08,0.35174130665512304
293190_2025-12,0.7890231312935454
98a151_2024-08,0.4341114805924602
4f2b6b_2022-07,0.7921019010072273
2ab8ad_2020-09,0.23162079115695136
cd0e60_2021-02,0.7839424235637352
2ab8ad_2019-12,0.2214479709411142
88a9a6_2018-07,0.7864729749881934
88a9a6_2025-03,0.5614849334722626
60a0fd_2020-11,0.7507264361631902
77b3b9_2023-10,0.7514961431099042
cd0e60_2020-01,0.5332986701425152
e3af0e_2020-11,0.7700078605004157
6838b9_2019-03,0.17956680016197918
88a9a6_2020-08,0.6707946997671055
cd0e60_2019-07,0.3203600325933932
cd0e60_2021-01,0.8021778246591094
c5df88_2026-01,0.7901576569407596
293190_2019-10,0.2845962239827123
e2e0ce_2017-11,0.6073583154351243
c5df88_2026-03,0.7901576569407596
c5df88_2025-01,0.7901576569407596
a25664_2019-01,0.23832523482285492
4fb2d3_2016-11,0.24812408033444852
f25ffe_2024-04,0.21372793083990765
e3af0e_2021-09,0.7015303866278041
9af74c_2025-08,0.6055139315317403
e2e0ce_2019-12,0.34030690942121516
77b3b9_2018-01,0.424670289363147
cd0e60_2019-08,0.43188899710994866
7aa803_2015-07,0.6531158198854365
6224d0_2018-12,0.20300939501322457
9b46ed_2016-01,0.45858412528908754
92dcdd_2022-02,0.23345312994713757
829a72_2021-10,0.6569148334584144
829a72_2022-03,0.6768313721223501
88a9a6_2017-05,0.7247053382066355
92dcdd_2020-12,0.6185886523356692
92dcdd_2023-04,0.42404650734376287
cd0e60_2021-11,0.7511618635437054
175155_2018-02,0.20717194794314348
7bf5c9_2022-08,0.4962278188388921
4f2b6b_2023-03,0.7050577841617172
98a151_2020-01,0.6258117151244355
98a151_2021-08,0.7017528771074041
88a9a6_2020-11,0.31515735303203085
3a13b3_2015-06,0.41055262145316745
60a0fd_2021-11,0.30399005303977916
1996b0_2023-06,0.6493781260141198
8b98f3_2021-10,0.19776553803416946
1996b0_2023-07,0.6516392483156077
731908_2015-04,0.18846804503654324
ab32d7_2022-04,0.22973407133045548
f500c5_2014-06,0.4261419878114111
f500c5_2015-03,0.17887795606073054
60a0fd_2019-09,0.29467235002760384
1996b0_2024-03,0.6516392483156077
5ecf9b_2022-04,0.2098759229816114
829a72_2017-12,0.6212687380124978
829a72_2017-08,0.6321379400856835
ab32d7_2022-03,0.26032011358559287
dc4b5e_2023-04,0.22428105161897163
a97df3_2020-01,0.5649880998181294
92dcdd_2025-07,0.7169510682098279
f500c5_2014-09,0.3470603375806772
1996b0_2024-06,0.6493781260141198
f500c5_2014-10,0.4220620671706685
bc4c03_2025-04,0.17622642119065188
7a007d_2015-03,0.18223335701058307
18defd_2017-03,0.5142652962752505
3db670_2014-10,0.5316269565347811
90abb1_2023-08,0.7532747680472729
1698cf_2021-05,0.34470111232360123
9befc8_2015-01,0.20638696900988746
e2314a_2024-09,0.8008027369920153
db4cd8_2019-12,0.5181231423889543
a42d13_2014-06,0.19166525334442525
948a11_2023-05,0.18552581837005916
e7a56d_2021-09,0.7565577522883496
7a007d_2019-01,0.30410577022812885
6224d0_2014-09,0.18809346918130157
29849f_2016-12,0.21353149054333023
3db670_2020-02,0.7073867398636049
6224d0_2016-05,0.4918196554771625
1698cf_2020-09,0.22501054464330167
fb737b_2021-09,0.5666249555601921
74b7d1_2019-02,0.2756958879964088
d86999_2020-05,0.6937415130129176
f25ffe_2025-05,0.22870642310774364
74b7d1_2024-04,0.6236396132015767
429b22_2025-05,0.3446653951738539
f500c5_2015-10,0.5525400356857715
545d15_2021-02,0.3773486079289794
92dcdd_2025-04,0.20724783114826667
4718d7_2015-09,0.6327009953870437
4718d7_2015-08,0.5889241870620812
06534f_2015-08,0.6103653083738612
bc4c03_2015-11,0.5631742671754847
e7a56d_2016-12,0.49211463127076815
f1543b_2020-01,0.2850791548646271
b73bc7_2019-06,0.42068898386834874
db5006_2016-11,0.7655752929677284
b416b1_2015-07,0.20217574805069619
7bf5c9_2021-09,0.38993655614069284
7a007d_2021-09,0.718516323464168
6224d0_2017-10,0.3145989427329206
e7a56d_2016-06,0.34770864810059565
3a13b3_2019-04,0.6664793913976137
7a007d_2022-04,0.718516323464168
7a007d_2018-03,0.7430627374817644
7a007d_2015-12,0.2597871995267085
0cecbd_2022-11,0.44181894118483767
1bdb97_2023-08,0.2687468656990358
18defd_2017-01,0.4620234003413303
7a007d_2025-09,0.4078724183960209
7a007d_2023-06,0.718516323464168
c3a69f_2021-02,0.8056410406191485
77e86b_2018-10,0.7149571052524994
375f2e_2020-12,0.6620660741346341
7a007d_2020-08,0.7051593775227432
7a007d_2017-09,0.6058040290398041
7a007d_2022-08,0.7051593775227432
c580aa_2019-09,0.7619867053581787
8fabe0_2021-11,0.42303347602332175
a97df3_2024-04,0.34889938369813234
d59611_2020-09,0.2837076484826432
fb737b_2023-11,0.48159031454236667
7a007d_2019-12,0.7051593775227432
1bdb97_2023-09,0.30017711112225637
c580aa_2017-07,0.27414557528142175
8d0588_2023-06,0.6623419237173644
d59611_2021-02,0.22588505592434283
b0ff51_2015-07,0.6530685620647856
14fe3a_2017-05,0.40102795272373026
a42d13_2015-10,0.2657482782707998
f461d4_2017-10,0.7272870059229752
b0ff51_2018-09,0.4920715775421618
b59bc0_2017-08,0.2132125242223918
8d0588_2015-07,0.6704587204724703
f461d4_2020-07,0.23631968278008914
8d0588_2016-07,0.36733217976772053
11f0e3_2015-01,0.20155090325608233
8d0588_2016-08,0.36733217976772053
bf6f0d_2019-11,0.2357619028691767
98a151_2020-07,0.7099048845917696
1822ea_2021-02,0.6994749051318333
b73bc7_2020-07,0.8030057555837896
db4cd8_2016-05,0.6320005598536242
a25664_2018-01,0.5203287652709585
af81b0_2015-09,0.5162678473996338
175155_2020-11,0.4886592343521112
780a0b_2021-11,0.48001937450753707
af81b0_2017-05,0.2549437950619587
af81b0_2023-08,0.17743373883645389
6f5e2b_2017-07,0.32610375381524587
af81b0_2024-06,0.17804510105514665
af81b0_2024-08,0.184067099357185
fb34b4_2022-06,0.27584650808527544
1822ea_2021-03,0.4064130517762746
dc4b5e_2022-02,0.5229339380663209
293190_2016-02,0.6287753882469155
9f1aa0_2017-05,0.21264034432500295
60a0fd_2018-11,0.5059608624184941
77b3b9_2016-05,0.25361569763661057
fb34b4_2022-04,0.19642925599234862
987bc1_2017-10,0.27870892011403214
0cecbd_2015-12,0.5973688421013564
9befc8_2021-12,0.5543080245806387
94f933_2023-03,0.8091697570167303
b1de95_2018-05,0.5042882877408557
b1de95_2018-04,0.6973089016088853
e3af0e_2015-09,0.7006072709642209
0f9e86_2023-11,0.7337859702509861
987bc1_2017-09,0.3080131996588009
bc4c03_2018-07,0.7669309012973187
bc4c03_2018-09,0.7736354059558893
bc4c03_2018-08,0.7669309012973187
cd0e60_2020-04,0.7360506648528466
b08ec1_2021-09,0.5202342286739909
b1de95_2022-12,0.5585710589097955
34889b_2016-12,0.27964150619651396
6c1954_2020-06,0.7512983223350156
e361b7_2017-09,0.7531200429612244
0ffc2d_2020-06,0.5959244027713866
3a13b3_2019-10,0.7869564963233919
e60b65_2019-08,0.4480085032445623
175155_2017-01,0.3659896094118827
175155_2017-02,0.4633062757044626
14fe3a_2016-05,0.5457188338256054
8005b9_2020-12,0.5561788884044457
e60b65_2022-06,0.4711901359071467
a25664_2020-06,0.2784028853299484
3db670_2018-12,0.29755356852086023
b416b1_2016-10,0.1789193128295001
4fb2d3_2021-01,0.32115167948616524
6f5e2b_2020-06,0.31303965934157907
e60b65_2022-01,0.4480085032445623
3a13b3_2015-12,0.4454468978970487
a25664_2015-08,0.34534605995714734
e60b65_2020-06,0.4711901359071467
fc77d0_2017-07,0.21613373562076857
e60b65_2021-03,0.4480085032445623
9befc8_2020-06,0.35141489998083164
1698cf_2017-06,0.41027202379136385
9b46ed_2015-09,0.6473826066954198
d59611_2017-03,0.22012640143046483
14fe3a_2015-05,0.32514710862145446
14fe3a_2015-06,0.315210077979626
9f1aa0_2016-03,0.20522847827556184
db4cd8_2016-08,0.23015149052132022
db4cd8_2016-11,0.27163077189716855
d59611_2020-08,0.25175848224454617
f500c5_2016-01,0.3149745843095844
d59611_2020-11,0.3997082507339862
1822ea_2017-09,0.6126508485959603
8bd3ce_2020-05,0.6526997260414072
db4cd8_2015-09,0.6459391744654879
1822ea_2015-09,0.6787120006769546
375f2e_2020-11,0.5094148645757178
f500c5_2017-08,0.4691061138274784
f500c5_2017-12,0.29480736206217445
77b3b9_2015-09,0.20383649708867962
18defd_2017-12,0.6880111884612641
1b9e65_2016-07,0.72199991661992
c48018_2018-10,0.27839865311440826
a25664_2017-10,0.2905673388382445
5a0174_2015-11,0.47357938448460163
8fabe0_2017-08,0.19298958168258706
3a13b3_2022-03,0.7267106992895107
6f5e2b_2017-01,0.6141632093451106
3db670_2020-05,0.7934580608259708
6f5e2b_2016-08,0.6141632093451106
b73bc7_2016-07,0.3676784768086942
b1de95_2021-09,0.8050600341654043
b73bc7_2021-06,0.6847106259237437
d59611_2017-07,0.2798922064190112
7aa803_2015-09,0.42184059486659864
2ab8ad_2015-05,0.7948841479033754
9b46ed_2024-03,0.79639140494341
f1543b_2016-08,0.7958300907030808
9b46ed_2024-04,0.7998570596381424
e7a56d_2021-06,0.7742900903450189
7bf5c9_2025-06,0.3017366906481261
7bf5c9_2025-10,0.30206911988148155
e3af0e_2017-07,0.7239170717544701
829a72_2017-11,0.7245150945572562
b73bc7_2018-11,0.5429613151939868
18defd_2018-09,0.5836009696688734
7bf5c9_2017-03,0.3562851998967938
8d0588_2021-11,0.7307586553741687
2ab8ad_2015-12,0.7860687963206814
b08ec1_2016-04,0.2545231873085042
545d15_2021-10,0.3584034567300921
545d15_2024-05,0.3584034567300921
9b3bd5_2024-12,0.7694676229717546
545d15_2024-12,0.3584034567300921
545d15_2025-03,0.3584034567300921
545d15_2025-09,0.3657715615107371
74b7d1_2020-09,0.6957670280248163
74b7d1_2021-05,0.6691173590492385
74b7d1_2021-10,0.6691173590492385
74b7d1_2021-02,0.734244198094238
b73bc7_2021-11,0.7043804445287327
3db670_2022-08,0.7278200730126592
b1de95_2022-04,0.639199086252782
06534f_2021-05,0.6431641235581771
c5816f_2020-05,0.7982079204306363
c580aa_2016-04,0.36413418866571556
b1de95_2020-04,0.46424184047968786
3a13b3_2021-01,0.19672138152454618
c5816f_2017-03,0.7438932901812643
c580aa_2022-12,0.4953501679805138
b1de95_2017-11,0.23980518645255905
b1de95_2020-08,0.4523171422855655
b73bc7_2020-04,0.5546352146023705
8005b9_2017-09,0.291222877207071
3a13b3_2021-11,0.4608588286886123
06534f_2020-05,0.5015701907507324
c5816f_2020-12,0.7206465126029282
06534f_2021-06,0.6456655699772685
06534f_2016-04,0.38295079474590155
c580aa_2020-06,0.5317338982623141
b1de95_2015-06,0.2587575501866345
b1de95_2022-05,0.41965696285218945
c580aa_2015-05,0.31842579935301735
c5816f_2020-11,0.7507005913083035
06534f_2014-10,0.37422938705577674
3a13b3_2016-02,0.3664772457720492
06534f_2021-04,0.7967627721917989
dc4b5e_2019-02,0.8123943314715248
e3af0e_2017-10,0.374297664180422
a97df3_2019-04,0.743597631290142
f500c5_2017-03,0.2573872122473039
531356_2018-11,0.3612421510739837
293190_2017-03,0.7566459118269181
c48018_2020-04,0.20161693954249907
6f5e2b_2015-10,0.271181649711415
18defd_2021-12,0.2118805911143235
e7a56d_2018-08,0.29080511661354913
18defd_2020-08,0.2118805911143235
c48018_2020-08,0.2118805911143235
c48018_2022-01,0.2118805911143235
259a19_2016-08,0.2547750076137505
1822ea_2015-06,0.7343355048607736
1822ea_2016-02,0.8175602991839586
175155_2018-08,0.191178974631894
18defd_2020-09,0.20161693954249907
c580aa_2018-11,0.29368627226211896
c48018_2022-06,0.20161693954249907
e7a56d_2020-09,0.23214062116515657
18defd_2023-01,0.2118805911143235
e7a56d_2018-09,0.29496395870558173
c48018_2017-12,0.7441740976098304
e7a56d_2017-03,0.44360551263826953
c48018_2022-02,0.21970774655576983
c48018_2021-06,0.20161693954249907
0874ee_2016-05,0.653441045232149
0874ee_2015-07,0.5564983020186045
c48018_2017-01,0.7549385690375843
a97df3_2020-02,0.6891248810176798
780a0b_2020-07,0.6473948799607915
b59bc0_2015-12,0.22053661925289583
b59bc0_2016-01,0.22053661925289583
7aa803_2017-11,0.698660173698325
60a0fd_2017-03,0.6304011130543248
9af74c_2015-06,0.5564937402070644
259a19_2020-05,0.28151874701361845
1698cf_2017-03,0.38665550543523175
6f5e2b_2021-02,0.21065941971249819
4718d7_2017-08,0.19219734706261657
77e86b_2017-08,0.6728515137430982
60a0fd_2016-01,0.4079514494577544
4718d7_2018-08,0.2054197468731827
375f2e_2017-01,0.38883536807402047
259a19_2018-07,0.22814503244952666
829a72_2020-08,0.31637136398638377
f461d4_2015-07,0.23629805689341218
829a72_2016-12,0.38486692203498535
60a0fd_2017-05,0.17618364090096575
175155_2016-03,0.7912495603129063
f461d4_2017-03,0.49394302612721797
5a0174_2015-12,0.2248795222121501
e3af0e_2015-08,0.2529911324209589
5a0174_2016-01,0.2248795222121501
e3af0e_2015-06,0.2278417765350659
1698cf_2018-07,0.2179672556058981
4718d7_2018-07,0.2054197468731827
1698cf_2016-07,0.22291842854292584
5a0174_2017-03,0.5202258838140345
6f5e2b_2015-05,0.27804110096244516
1698cf_2020-06,0.27022749736882573
829a72_2016-11,0.4183894059951734
db5006_2017-11,0.7842010991046926
e361b7_2016-08,0.20536965565297177
e361b7_2016-07,0.20536965565297177
e361b7_2016-09,0.19984704484025323
e60b65_2017-12,0.3050126960463909
8ec563_2016-02,0.2563282594694277
1bdb97_2024-01,0.815164479520736
f461d4_2017-11,0.7028848172975348
3a13b3_2015-09,0.8003236160863573
8ec563_2015-12,0.24074945461850494
34889b_2015-10,0.7815898006306934
34889b_2015-12,0.7615000335370868
b416b1_2017-07,0.6337440938192082
34889b_2016-03,0.27422518672951823
77e86b_2015-12,0.4721212463500589
e3af0e_2020-04,0.6610147070563643
98a151_2018-07,0.6124664862269905
b1de95_2016-11,0.7992362914112139
98a151_2018-08,0.720569042505644
439fde_2016-04,0.62862698402701
90abb1_2015-07,0.2560183032847142
c580aa_2023-02,0.6580057550379516
1822ea_2017-03,0.2976969665524982
987bc1_2018-07,0.5614523394827033
9af74c_2020-10,0.651917019870868
9af74c_2016-12,0.2422406111072796
3a13b3_2021-03,0.4536102547777361
1822ea_2018-09,0.4553058395195171
b1de95_2022-10,0.3213613161481349
c3a69f_2015-06,0.6743580942385812
439fde_2021-02,0.800411093377793
c3a69f_2023-01,0.668670937142567
e60b65_2018-08,0.4472228541827169
439fde_2016-09,0.7971068801986789
c3a69f_2021-01,0.7998792484757974
c3a69f_2022-12,0.668670937142567
99c11c_2016-04,0.4880464909950769
34889b_2017-10,0.19731012704076156
77b3b9_2020-04,0.5043357796372046
29849f_2021-09,0.49250756722354155
c3a69f_2015-12,0.39076375511583367
7a007d_2016-09,0.7955736432776367
77b3b9_2017-12,0.7570997802593659
e60b65_2015-07,0.5122882161528286
8005b9_2018-09,0.7939411722900798
90abb1_2017-09,0.19942423417012894
29849f_2021-05,0.488644923327025
7a007d_2016-07,0.7932887984022694
bc4c03_2015-09,0.5485559988077388
06534f_2020-09,0.79814419843277
439fde_2017-12,0.7951210125037439
259a19_2016-03,0.5254803513035096
c580aa_2021-06,0.752308630060588
c580aa_2021-04,0.7948843725217584
c580aa_2022-08,0.7710046077949564
74fb1f_2018-10,0.7928494355197758
439fde_2017-11,0.7968524572261609
259a19_2015-11,0.5721193461904002
77e86b_2016-11,0.6136440628937316
87cfea_2016-06,0.5398676184590193
77e86b_2020-05,0.584453025343928
77e86b_2021-05,0.584453025343928
77e86b_2021-01,0.584453025343928
74b7d1_2017-03,0.6624539688383186
0cecbd_2018-08,0.7028978526478583
83894c_2023-04,0.574870588631238
77b3b9_2017-11,0.5887761077149536
987bc1_2016-08,0.8025934773771422
987bc1_2016-12,0.8025934773771422
87cfea_2018-05,0.505167343155678
439fde_2018-10,0.4182964114208475
87cfea_2018-08,0.505167343155678
f461d4_2017-09,0.5141976905294647
fb737b_2020-04,0.5939194359195319
6838b9_2020-06,0.433056669330213
af81b0_2016-01,0.29684673631963576
af81b0_2015-06,0.18722374385193646
175155_2018-11,0.6451185548537376
3db670_2015-11,0.7671036619853735
2ab8ad_2018-08,0.26561457808540434
cd0e60_2025-03,0.726029442005167
cd0e60_2025-06,0.7357237842276061
fb34b4_2024-12,0.44699449040102934
74fb1f_2016-01,0.7672663689052879
c3a69f_2017-10,0.6141792562654527
fc77d0_2016-06,0.6899325823367424
4fb2d3_2015-08,0.3327858666296898
439fde_2016-02,0.40336003772127116
19fa84_2017-12,0.213430483191055
fc77d0_2016-12,0.6790019306360516
77b3b9_2015-12,0.3311243761842682
19fa84_2017-10,0.20037316997087676
fc77d0_2016-08,0.6790019306360516
439fde_2015-12,0.3373814836720934
1996b0_2022-08,0.619837289949606
4718d7_2016-06,0.7943021034717624
4718d7_2016-07,0.7890641414333581
db4cd8_2016-01,0.3499744402796381
8005b9_2015-09,0.23913769786225375
a25664_2015-11,0.7068933887922053
34889b_2025-09,0.22600787957024493
9af74c_2016-03,0.5896573733491582
a25664_2016-02,0.7350787450408335
34889b_2017-08,0.5928521175575466
34889b_2020-08,0.2048789223541237
b08ec1_2021-05,0.23184947132311567
b08ec1_2020-11,0.3795719842118128
a97df3_2021-08,0.4132463852600011
99c11c_2019-06,0.4854744781864829
259a19_2016-09,0.46165019876329244
e4bc80_2016-04,0.31818398750301397
99c11c_2025-05,0.4407716448759917
3a13b3_2022-09,0.8183551505259936
fc77d0_2016-01,0.7573177758122768
99c11c_2025-02,0.5209688714648488
3db670_2017-12,0.6840157038013861
87cfea_2018-11,0.6210160347089883
9f1aa0_2016-11,0.8116281509136989
f461d4_2018-09,0.22220142209447657
9f1aa0_2016-12,0.8060173972535409
fb737b_2024-02,0.4940399996022168
0cecbd_2020-04,0.2970266243520002
af81b0_2022-06,0.7764289496818468
af81b0_2022-07,0.7695543876334687
bf6f0d_2016-02,0.3031112744118053
af81b0_2022-11,0.7764289496818468
af81b0_2022-09,0.7764289496818468
4718d7_2020-10,0.4644491984609319
8fabe0_2014-10,0.1764601702809304
6f5e2b_2023-10,0.40576561337260414
259a19_2014-07,0.1829593270906491
259a19_2024-01,0.25674383774957
6838b9_2024-12,0.20942785440108264
db4cd8_2019-03,0.1975955373917598
1698cf_2022-06,0.26252166308498637
90abb1_2017-04,0.5356902002584992
34889b_2019-10,0.1732583436423571
34889b_2023-03,0.23942208507585275
14fe3a_2022-01,0.33646496103950596
8005b9_2018-04,0.22229977249771316
375f2e_2021-11,0.7445841165543996
92dcdd_2019-12,0.1806841430506121
af81b0_2024-04,0.21218682949126774
7a007d_2024-01,0.23536761345326446
29849f_2023-09,0.5739432833375988
b1de95_2019-01,0.4756871223829423
022433_2025-03,0.20443845772589198
f4604d_2021-11,0.80619553630714
e2314a_2019-11,0.19078649188683192
e2314a_2020-02,0.26465716250954013
fb737b_2023-01,0.6250515106720995
e60b65_2017-01,0.4694189748401487
77b3b9_2018-04,0.3498083570644203
265164_2025-02,0.40652488934719794
9af74c_2024-10,0.31237767345571565
987bc1_2017-11,0.5143516168964807
9befc8_2015-11,0.17777077787446496
780a0b_2015-08,0.33213296274243403
780a0b_2025-07,0.6382176259397051
0f9e86_2019-10,0.17586858877201608
0f9e86_2019-11,0.17345094287172072
b416b1_2023-05,0.32775719584361623
bc4c03_2018-05,0.17475285590204243
bc4c03_2021-08,0.6774630577248847
bc4c03_2022-07,0.7810794904705166
259a19_2021-12,0.3700828716391037
6838b9_2024-08,0.5721980045753811
90abb1_2024-03,0.6436602405254923
34889b_2014-06,0.19144609132456528
34889b_2014-07,0.23422063864435955
14fe3a_2024-08,0.6346807035811303
14fe3a_2025-07,0.7165005040311851
4fb2d3_2024-02,0.2586479812904018
e83244_2016-12,0.22504263602556618
6224d0_2021-10,0.2663482153077039
e60b65_2017-02,0.4599423021600388
e60b65_2022-03,0.4480085032445623
6838b9_2018-01,0.7223656895133226
a25664_2015-07,0.34534605995714734
4fb2d3_2025-03,0.18238363232901672
731908_2019-08,0.21057244584725524
d86999_2015-05,0.540970682528329
a97df3_2023-09,0.36907543722535463
780a0b_2016-11,0.17271226203158316
0f9e86_2017-12,0.18306409252177738
4718d7_2014-06,0.17451353514131016
fb737b_2022-08,0.6098162141271893
6f5e2b_2023-08,0.2205150677668984
b416b1_2021-02,0.6132600837825481
b416b1_2025-04,0.1803323055714741
a25664_2022-01,0.39590212083629456
d59611_2014-08,0.1833986622106492
34889b_2014-04,0.18739154444943223
34889b_2024-06,0.2831872483014086
b08ec1_2023-08,0.7950569527171943
9af74c_2022-10,0.3004262292839429
987bc1_2022-04,0.17797333620397185
4fb2d3_2024-12,0.21088179146419583
545d15_2019-12,0.21304298764848553
545d15_2020-03,0.21393341127937546
06534f_2024-12,0.42765744052627647
022433_2024-05,0.34550384075098395
e2314a_2022-02,0.21796528327415024
e83244_2017-05,0.2270575332670836
6224d0_2018-03,0.591830339119705
6224d0_2021-01,0.23521108217709213
e60b65_2018-03,0.6036551744072332
e60b65_2018-07,0.5740217322576434
e60b65_2021-01,0.4480085032445623
731908_2023-06,0.17672342795679447
11f0e3_2024-11,0.18297216071477712
d86999_2018-10,0.20978329721496225
d86999_2021-04,0.5186700854820907
b26809_2023-03,0.19587674843508215
780a0b_2020-11,0.37115876968520833
8bd3ce_2022-11,0.18013520580293269
0f9e86_2017-09,0.637995530646341
a97df3_2024-02,0.2797413516302901
7199cf_2023-08,0.4028513164908577
34889b_2023-04,0.24885238047918562
14fe3a_2014-12,0.2972622310315848
14fe3a_2024-07,0.5931336711490003
b08ec1_2023-07,0.19774405581708682
b08ec1_2024-11,0.1826876050792333
06534f_2025-07,0.2512380002466597
f4604d_2019-11,0.20401779941261627
e83244_2016-07,0.3903851070494065
f4d28d_2025-07,0.7404697708455437
92dcdd_2023-06,0.4236431048342203
8e41cf_2023-12,0.21140596551103458
b26809_2022-10,0.19645209527895405
fc9334_2025-04,0.49416782186527286
780a0b_2023-12,0.2642997317263175
8fb6f0_2023-12,0.2977094046265648
b26809_2022-12,0.20440090902521763
dc4b5e_2024-02,0.4240725816961726
6c1954_2023-09,0.3684895166779832
fc9334_2016-01,0.1993430411445921
8e41cf_2015-06,0.2798811958834978
b26809_2019-04,0.20207406317837412
b26809_2019-08,0.2377056912209437
780a0b_2018-07,0.4127999098075037
fc9334_2016-05,0.17588600485889008
bfbeef_2024-06,0.1814599293538229
fc9334_2021-03,0.2664291027686855
e7a56d_2022-09,0.3576245301079218
e7a56d_2023-11,0.5969938233622293
0874ee_2018-05,0.18029511101058415
fc9334_2015-10,0.24222230855066443
8bd3ce_2019-12,0.2217782873052016
8e41cf_2017-05,0.1837233762368279
c48018_2014-10,0.3346096937094939
8fb6f0_2018-11,0.17897022646982455
8e41cf_2017-06,0.20104122126286192
7199cf_2025-07,0.44512701040124164
9f1aa0_2017-03,0.19877120286436684
948a11_2024-06,0.28470867890449975
6c1954_2025-01,0.2729036946102681
bf6f0d_2016-12,0.2329359368789973
9f1aa0_2014-07,0.18323540936274368
7aa803_2015-10,0.25595643273266117
513080_2023-08,0.7840505808103858
bc4c03_2015-02,0.2027241617249787
db4cd8_2016-12,0.21638296550106767
1822ea_2021-06,0.7597213735802066
9f1aa0_2017-11,0.17779007711613456
9f1aa0_2023-07,0.1911504091585231
510fbf_2022-02,0.1847621799996087
bfbeef_2016-10,0.2431507275339778
0f9e86_2018-08,0.2557288379241956
0cecbd_2023-01,0.39312405858932825
0cecbd_2022-12,0.21064143254585735
0cecbd_2020-01,0.18844031309852127
0cecbd_2018-04,0.1786020428946499
0cecbd_2021-04,0.2076465843833452
829a72_2015-03,0.6459584063623567
e3af0e_2017-02,0.7989944843640056
829a72_2015-01,0.6484437006627929
bf6f0d_2017-11,0.7774939512456059
a97df3_2020-03,0.7273355734928352
1bdb97_2024-08,0.3308907287159129
74fb1f_2023-04,0.5476104500691842
74fb1f_2025-03,0.49784670066156267
c5df88_2023-04,0.6836588322947461
60a0fd_2022-07,0.34256620056444415
bf6f0d_2024-06,0.22260008965382627
e2e0ce_2020-08,0.5489820413860897
c5df88_2019-06,0.24635803729247724
7aa803_2015-12,0.7774852352017786
9b46ed_2017-06,0.6385925524092503
60a0fd_2025-04,0.18721811608883582
94f933_2023-08,0.2474326616814689
18defd_2018-10,0.7078635912129617
18defd_2024-07,0.6285486760094918
1b9e65_2021-01,0.6003118186067107
b1de95_2023-10,0.8172634723872978
1822ea_2017-11,0.7003047494042159
0ffc2d_2025-08,0.34436539335045585
db4cd8_2018-01,0.6066767088832569
0ffc2d_2022-01,0.37748783695080956
7bf5c9_2021-03,0.2657729870238299
022433_2022-11,0.3551062665998125
1b9e65_2023-06,0.29786961018842156
1b9e65_2025-05,0.2638923012316617
0ffc2d_2024-02,0.17406168777810596
c5816f_2024-05,0.353066816689666
e4bc80_2022-03,0.18233609150298652
c3a69f_2023-11,0.2368836660861405
8ec563_2025-04,0.1847270248350462
894378_2021-05,0.2261757279594284
19fa84_2021-09,0.3268183497285663
19fa84_2024-11,0.17870767701351647
3db670_2021-11,0.7268914923726075
894378_2022-04,0.20576050786925087
894378_2025-07,0.4984855204530289
8ec563_2024-09,0.5098816132452284
fd589c_2025-03,0.4180894844627603
3a13b3_2024-03,0.47471513407795846
14fe3a_2017-03,0.21317353710446957
14fe3a_2021-06,0.5937136000698133
14fe3a_2017-01,0.37742892185489507
c5df88_2019-12,0.1867123144740876
f1543b_2016-02,0.19745787681558832
88a9a6_2023-10,0.6605884531184255
f1543b_2018-04,0.19165608770420545
f1543b_2025-07,0.22196624858425743
94f933_2024-05,0.5151539128263616
0874ee_2014-04,0.1892131781098853
77e86b_2019-08,0.34909989222905097
8005b9_2019-03,0.1824392150129879
3a13b3_2023-04,0.7167858680164458
e83244_2023-10,0.6350214940711101
c5df88_2018-04,0.5690051685965182
74b7d1_2018-02,0.2521930962973473
7e646c_2024-02,0.38993642712347987
74b7d1_2019-09,0.7503899360263395
7bf5c9_2026-01,0.30206911988148155
6da35b_2024-01,0.3234952359651741
b0ff51_2016-02,0.7782341900727647
b0ff51_2017-09,0.34965454921516237
8d0588_2022-06,0.3080651469089168
b59bc0_2018-01,0.7493239031779435
77e86b_2018-09,0.8048396066504683
8fabe0_2024-11,0.2662927655546819
c580aa_2017-09,0.4474441925635254
439fde_2025-08,0.403231050388245
74b7d1_2020-03,0.7315552307346211
74b7d1_2021-09,0.6957670280248163
fd589c_2025-02,0.21458100854080323
3a13b3_2024-10,0.784490675637655
fd589c_2019-12,0.8129425622595777
e361b7_2016-01,0.6964046774988178
fd589c_2021-06,0.819522143072089
fd589c_2023-02,0.2573078060137287
3db670_2024-05,0.8014255351215521
3db670_2025-05,0.6583259599384047
8ec563_2019-07,0.5091893306879808
5a0174_2018-02,0.23462158686263415
987bc1_2017-03,0.29127668269298723
06534f_2018-08,0.7157251828872558
259a19_2016-05,0.277771843641532
8ec563_2015-09,0.28838107717706374
f461d4_2017-04,0.6799024955406194
e7a56d_2020-11,0.23214062116515657
c48018_2021-04,0.20161693954249907
c48018_2022-09,0.20161693954249907
8fabe0_2021-06,0.303968342679868
6f5e2b_2017-03,0.36467139543707655
f461d4_2017-08,0.285226510500567
99c11c_2022-03,0.4148682988562039
90abb1_2016-04,0.7151563551994425
60a0fd_2016-09,0.31888108507562196
d86999_2023-11,0.30645299983803215
c48018_2016-08,0.652176069130105
375f2e_2015-06,0.2818653544866231
bc4c03_2017-11,0.3455560264775458
f500c5_2015-11,0.763651260241884
99c11c_2024-11,0.29684611062755895
83894c_2021-10,0.30957137370477594
83894c_2021-12,0.18795159761150804
34889b_2015-09,0.3316737196462537
1b9e65_2015-12,0.20697962238890896
4718d7_2017-03,0.34907556340004975
948a11_2023-01,0.5018690599481019
259a19_2016-04,0.5721193461904002
c580aa_2022-11,0.7963587162042426
b1de95_2021-07,0.6494937428131937
b73bc7_2022-05,0.5049337666180279
83894c_2023-08,0.5759298761760097
83894c_2024-02,0.5761698775059001
b08ec1_2021-06,0.3368067863770937
b416b1_2016-06,0.5022539168604221
0cecbd_2015-07,0.19849149601969124
cd0e60_2024-06,0.7357237842276061
175155_2016-06,0.4022740976924367
894378_2018-10,0.257404920104051
0e8d73_2023-01,0.4692228238441619
74fb1f_2018-09,0.5839442196382212
b08ec1_2018-09,0.20552968872942298
3db670_2017-07,0.4613964462394371
87cfea_2017-11,0.6523662570201597
83894c_2017-12,0.42085162063886816
af81b0_2020-12,0.7695543876334687
fd589c_2020-12,0.7751712567573639
f1543b_2015-10,0.28076694568680033
b0ff51_2016-09,0.35090898719193325
83894c_2017-02,0.7234181714825036
a42d13_2022-10,0.3505335578209742
a42d13_2021-01,0.3505335578209742
6f5e2b_2016-01,0.7892089950359061
0cecbd_2021-10,0.325053640941991
0cecbd_2021-08,0.3038997723501615
8005b9_2017-12,0.7363642585198222
293190_2024-11,0.7943742620043299
c5df88_2024-10,0.7901576569407596
83894c_2017-05,0.20491976550104476
8d0588_2016-12,0.36733217976772053
b59bc0_2015-06,0.5004281459160321
a25664_2025-09,0.2426835048912424
6c1954_2021-06,0.7512983223350156
bc4c03_2019-06,0.22892253426252532
259a19_2014-11,0.1879490951634998
6838b9_2019-04,0.21196287002824535
1822ea_2023-05,0.37455529554873135
14fe3a_2014-10,0.17284045743976809
14fe3a_2025-05,0.4169831431823313
8005b9_2019-09,0.2198255286314521
8005b9_2022-06,0.2521521579880228
375f2e_2022-06,0.5759056617612643
06534f_2024-10,0.3541296263208243
e2314a_2024-10,0.7521929552054564
4ee2d2_2024-04,0.3155124831940027
175155_2016-08,0.2434487729156082
a25664_2017-04,0.5350602931946319
375f2e_2024-12,0.20045632133843316
987bc1_2018-06,0.22294633597155897
4fb2d3_2019-07,0.18720445239412148
e427f8_2023-02,0.19601765559401127
fc9334_2025-02,0.4521434854960583
9cf1af_2024-05,0.7894953199587643
6224d0_2014-06,0.17153183243727088
4718d7_2014-07,0.20715973874172605
0e8d73_2023-11,0.21228667878128035
6f5e2b_2017-02,0.688763794114244
bc4c03_2025-03,0.635317003817278
a42d13_2023-08,0.24225517843427516
d59611_2018-06,0.17991960233114548
8005b9_2020-07,0.2517425293416345
fc77d0_2022-02,0.18351799454641324
fc77d0_2025-03,0.32272623708231785
4fb2d3_2024-04,0.29315800355475835
af81b0_2024-12,0.35875802118744055
545d15_2020-08,0.6891815768332982
c580aa_2014-12,0.2680181847844448
f4604d_2024-12,0.30250045747603926
e83244_2019-06,0.2426252409066154
4fb2d3_2017-07,0.3414800191212254
11f0e3_2015-05,0.19913762249409367
11f0e3_2015-06,0.19793668322020294
8fb6f0_2016-02,0.22217387021536705
8fb6f0_2024-02,0.17956074291485644
dbb709_2022-04,0.48677295085765737
4718d7_2019-10,0.24939687080088774
1996b0_2024-10,0.29553911031152563
5a0174_2022-10,0.26805737778858524
b416b1_2022-01,0.39310283716678357
259a19_2020-01,0.7324073733505092
d59611_2022-07,0.6535954365731909
14fe3a_2020-02,0.1738524116185761
b08ec1_2025-04,0.19369936361007817
29849f_2015-03,0.1810209155418613
f4604d_2019-03,0.2822086873683645
6838b9_2023-06,0.2758736974929916
375f2e_2023-05,0.22837055449843868
fc9334_2022-06,0.30495905119223565
6224d0_2015-02,0.19382039616507224
4718d7_2019-06,0.1808146269377387
b416b1_2025-03,0.1956495511162209
175155_2019-01,0.26021261487316627
db4cd8_2014-08,0.18827946455830982
f25ffe_2023-11,0.39576826803903487
8005b9_2014-11,0.30151210746334417
9af74c_2022-11,0.3766396897660247
987bc1_2019-11,0.19833809568630575
531356_2014-12,0.1991058667734072
e83244_2025-06,0.4949721857760627
fc77d0_2021-07,0.5724964221435551
375f2e_2019-12,0.21010229227151336
11f0e3_2023-03,0.21102582362073008
fc9334_2023-06,0.25635462377943946
fb737b_2023-05,0.40323361114730705
e60b65_2014-03,0.18612169630861228
8fabe0_2023-12,0.6844099545198625
8fabe0_2018-05,0.1789067436970437
1822ea_2022-12,0.5208059255664412
8005b9_2023-02,0.18775269653141904
bf6f0d_2018-06,0.1793699718511182
bf6f0d_2019-05,0.19355572571257582
7a007d_2024-03,0.18291244622690067
022433_2024-09,0.20365629175370964
3a13b3_2017-06,0.6153090406221822
3a13b3_2019-01,0.5166082080797029
531356_2024-06,0.4088718785008904
e2314a_2016-02,0.18806446468133714
6838b9_2020-07,0.6231774190442728
0ffc2d_2023-07,0.38008092387473635
f4d28d_2024-12,0.19063252798731625
4fb2d3_2020-01,0.350496121299985
4fb2d3_2020-12,0.2127864264475579
e427f8_2025-01,0.21777632963529575
9befc8_2016-08,0.31942489671939656
9f1aa0_2020-12,0.1856767952379322
780a0b_2015-02,0.18049596226398915
0f9e86_2023-08,0.24078092161926462
af81b0_2023-06,0.18438627902525426
0ffc2d_2025-07,0.6474876302208681
6f5e2b_2023-06,0.3859163767690939
db4cd8_2014-09,0.18439906961342273
db4cd8_2024-11,0.704453302315198
d59611_2024-05,0.5520785628278218
8005b9_2023-11,0.24260186396114292
b08ec1_2015-04,0.38885152190331124
dbb709_2025-01,0.1993292341981429
29849f_2016-08,0.7784236563562292
06534f_2019-10,0.6802413521099603
3a13b3_2018-04,0.7565950620266217
e2314a_2021-12,0.19330298298800125
e2314a_2023-07,0.22367214377537134
e83244_2021-09,0.7017982644853371
a42d13_2018-05,0.18603722430012623
375f2e_2020-06,0.44125745231573976
302d40_2024-11,0.669446165323199
780a0b_2021-03,0.40730310362339417
0f9e86_2019-03,0.17665250518694905
7199cf_2024-02,0.21088770802939605
4718d7_2023-12,0.7914743712531844
e60b65_2024-11,0.26915687623114726
5a0174_2014-08,0.2089873924179423
1822ea_2020-09,0.7950544739615937
1822ea_2024-03,0.69030386692898
14fe3a_2018-03,0.5378285651722352
d59611_2021-04,0.31625407002077555
af81b0_2023-01,0.3047433581262414
29849f_2017-04,0.812337857878914
3a13b3_2017-02,0.7957548117756671
3a13b3_2024-02,0.4677976943275747
e2314a_2016-08,0.2121658265813849
e83244_2015-03,0.18215346043599123
532867_2025-04,0.20430151451195
987bc1_2025-08,0.2010098182950056
8e41cf_2024-09,0.511130853207785
11f0e3_2016-06,0.39076034065328635
a97df3_2024-08,0.37043629900971675
9befc8_2017-06,0.5747646686728891
8fb6f0_2021-12,0.17414946074982246
6224d0_2023-05,0.1920114702530577
6224d0_2023-09,0.17876342140440005
532867_2024-12,0.18160533323361613
8005b9_2020-05,0.3140568076944492
af81b0_2025-01,0.20448676478598013
29849f_2018-02,0.43101324040720473
c580aa_2025-05,0.7244742086749356
531356_2025-02,0.475271125328877
e2314a_2016-07,0.23338715882846647
e2314a_2016-12,0.17287954230159186
e2314a_2018-10,0.18889639767004587
e83244_2021-05,0.8093397816067579
e60b65_2022-08,0.4480085032445623
4ee2d2_2024-02,0.658810584948481
424c1b_2025-02,0.5213632484639052
4fb2d3_2015-01,0.17301656835698281
8bd3ce_2025-06,0.6982965129156314
4718d7_2019-09,0.18786885780085924
bc4c03_2022-06,0.2729870822510061
259a19_2019-04,0.22193632295701438
259a19_2020-09,0.24154006615086762
259a19_2023-10,0.6623088327215838
6838b9_2021-10,0.6613229066082711
f25ffe_2024-02,0.6628527749903951
d59611_2014-12,0.3454337738139589
90abb1_2014-06,0.37881025023915343
34889b_2024-08,0.2838617942705798
fc77d0_2019-08,0.18698408157172647
7a007d_2018-11,0.2273605367529115
06534f_2019-04,0.351841180405974
531356_2020-09,0.7601307489328242
531356_2023-04,0.2208711725577849
90abb1_2025-01,0.36239273032854796
4fb2d3_2020-08,0.24159757470138343
11f0e3_2016-09,0.3137148386413582
11f0e3_2022-05,0.2116874722908943
bfbeef_2024-02,0.18090512924023944
0f9e86_2019-02,0.17752737755246056
90abb1_2023-11,0.1910794527394925
1822ea_2022-08,0.7307394927846544
b08ec1_2020-03,0.43140252067091855
b08ec1_2021-08,0.2382673382607444
4fb2d3_2019-05,0.21357613810850684
06534f_2020-03,0.6840312947258486
3a13b3_2024-01,0.6508275490573194
b73bc7_2015-03,0.19528896047009572
531356_2020-01,0.6477039098509383
531356_2024-12,0.465259802003232
e2314a_2016-05,0.17963138547839022
e2314a_2021-10,0.5744525480318525
6224d0_2017-04,0.4212593635266984
e60b65_2024-06,0.20558234534903708
a25664_2022-03,0.26785406808759554
a42d13_2014-03,0.17281307194361983
1822ea_2025-04,0.3739617907713666
375f2e_2020-09,0.5741241585352803
9af74c_2023-06,0.3105923431728811
987bc1_2015-03,0.17293707877878545
11f0e3_2021-05,0.1722690355580417
11f0e3_2021-11,0.1846575107312852
d86999_2017-05,0.34035095376856794
b26809_2024-10,0.25534269290465017
dbb709_2022-12,0.20247209120491078
fb737b_2021-12,0.6221056106070224
6f5e2b_2025-03,0.5876644151605454
259a19_2024-04,0.20042508834370834
b416b1_2020-03,0.18094189893591747
77b3b9_2023-05,0.2448437171456373
90abb1_2022-08,0.761527089709763
34889b_2022-12,0.21600615497533293
8005b9_2023-05,0.25089133151356613
265164_2023-08,0.2088277187203958
9af74c_2022-12,0.35973481855405065
9af74c_2024-05,0.31346858674138994
7a007d_2019-05,0.1861562665543067
06534f_2020-02,0.3581808580095007
3a13b3_2017-03,0.21644944992938214
b73bc7_2014-10,0.3156266322487132
531356_2023-08,0.2652379198224901
e60b65_2022-11,0.4711901359071467
e60b65_2025-01,0.5629900840625147
6838b9_2023-03,0.20604381922929926
a42d13_2015-01,0.173920741863518
4fb2d3_2020-02,0.18555529043172597
11f0e3_2019-10,0.1796602180718532
e427f8_2022-10,0.6711851980891461
e427f8_2024-02,0.22814161165814967
9befc8_2020-11,0.39009513941551655
780a0b_2014-09,0.18929384823929296
8fb6f0_2024-10,0.19729326769704586
dbb709_2025-03,0.6999010248723385
29849f_2025-04,0.6639886092240064
0e8d73_2023-12,0.19672981160720826
1996b0_2025-04,0.7356944455204897
b416b1_2021-03,0.5039998594917059
b416b1_2022-04,0.18982252818995127
a42d13_2023-11,0.5975751091482764
db4cd8_2023-09,0.5705838276678064
1698cf_2023-07,0.23769943747186711
34889b_2024-04,0.5587477938323324
8005b9_2022-11,0.17866811864440116
987bc1_2024-05,0.17907956790920881
545d15_2020-05,0.7728205322127474
06534f_2022-10,0.769637563977742
f4604d_2024-10,0.4101798025977305
e2314a_2020-08,0.774434758079496
6224d0_2021-12,0.3489468847335756
6224d0_2022-07,0.2104939600737208
fb737b_2021-07,0.6496650046449972
a25664_2021-09,0.5079501199632966
a42d13_2025-04,0.3606232070611518
90abb1_2024-12,0.20550661345465074
0ffc2d_2019-04,0.1898274991216297
fc77d0_2022-08,0.20725951240851487
f4d28d_2025-06,0.6352276968891722
b26809_2025-08,0.19629078609265158
e60b65_2024-09,0.22112634705697407
f461d4_2019-04,0.21580962624408243
1698cf_2023-12,0.5636503897473929
d59611_2023-06,0.30524614989007753
90abb1_2014-09,0.17892104259523056
1822ea_2021-05,0.792493864777703
b08ec1_2019-10,0.4800689293150901
92dcdd_2023-10,0.2097279657886956
c580aa_2024-06,0.4273325915757867
b1de95_2014-11,0.22130603765536477
06534f_2023-02,0.4958196001133072
3a13b3_2018-12,0.2317376081327934
e2314a_2023-06,0.26001692057970605
a25664_2020-10,0.75420151272545
265164_2024-05,0.17798828128720542
4fb2d3_2015-04,0.457658284037174
d86999_2016-02,0.28849005785490756
e427f8_2024-07,0.3527655704632803
dc4b5e_2025-06,0.25036061107337965
f4604d_2016-06,0.7913419784015505
175155_2018-12,0.18850489441659926
90abb1_2021-07,0.5142194497350182
b08ec1_2023-12,0.18451240336189367
92dcdd_2020-02,0.5641149464970947
29849f_2019-05,0.21796024630733513
f4604d_2018-05,0.4471577444881719
e2314a_2022-07,0.21876693778295545
e83244_2022-02,0.19391591307421005
e60b65_2021-11,0.4711901359071467
77b3b9_2019-11,0.31670894761971463
987bc1_2020-11,0.39586274260421034
4fb2d3_2021-08,0.2659753355138217
731908_2025-05,0.697265981477446
bfbeef_2022-07,0.19338109327070221
9befc8_2019-12,0.17323670916094122
8fb6f0_2018-01,0.1897726024545829
5a0174_2023-12,0.19984383959200755
259a19_2018-02,0.2025896093035005
6838b9_2023-09,0.21149415271507194
90abb1_2014-08,0.463503739537196
bf6f0d_2018-05,0.1755493174629141
302d40_2025-08,0.3471863987232525
f4604d_2018-06,0.24943074817343397
e2314a_2017-07,0.5322101056650674
e2314a_2019-08,0.43011059669381585
6224d0_2022-09,0.18474709807787368
a25664_2020-07,0.3923918853635285
a25664_2022-05,0.2572158328771487
90abb1_2021-12,0.38314150513835143
90abb1_2023-02,0.21982736830411964
fc77d0_2017-08,0.3546584684988454
987bc1_2023-06,0.4128343361469211
8fb6f0_2015-07,0.36004822720825225
b416b1_2014-11,0.18087769578269625
f461d4_2020-10,0.40165489229119966
bc4c03_2023-04,0.21243944622242386
6838b9_2023-10,0.20911155079252
db4cd8_2022-02,0.2040177215147457
77b3b9_2014-12,0.2617359246493077
1822ea_2021-07,0.7336236677480058
375f2e_2023-04,0.4907467733372732
9af74c_2014-06,0.1920300681495548
bf6f0d_2019-07,0.4100195494383071
af81b0_2016-05,0.251094684456901
3db670_2018-06,0.25974949901425537
e60b65_2022-04,0.4711901359071467
6f5e2b_2022-07,0.37276808735387357
a25664_2021-08,0.5840126187873279
a25664_2025-07,0.20320057250207477
a42d13_2024-01,0.4506240420512121
f25ffe_2024-08,0.23133223273977185
9af74c_2021-10,0.7641627695497447
b26809_2023-10,0.2381142772482976
9befc8_2024-08,0.18237320435296203
8bd3ce_2023-02,0.3330327441967909
0f9e86_2019-05,0.19841647197814213
531356_2024-01,0.4805687600194215
4718d7_2025-07,0.2476285311051504
fb737b_2025-03,0.2409192551324062
5a0174_2022-09,0.2511039571603273
5a0174_2022-11,0.20389216977499972
b416b1_2025-02,0.2386377690378108
f461d4_2014-07,0.273035550588843
6838b9_2023-01,0.7305502988727344
6838b9_2023-08,0.7096437727338311
1698cf_2025-06,0.2500135876430726
d59611_2024-01,0.7472767035393268
34889b_2015-01,0.20349082302838903
34889b_2020-03,0.1928890245917277
34889b_2022-06,0.20743132581663662
8005b9_2019-04,0.1826373044906703
8005b9_2022-10,0.21218927586885777
8005b9_2024-11,0.1831129021961313
375f2e_2022-07,0.5302670612774865
92dcdd_2025-01,0.45751575172034753
06534f_2020-01,0.5052350458501051
b73bc7_2014-12,0.2418777506647134
5a0174_2023-10,0.7607792613958161
bc4c03_2014-12,0.3242169452242004
fc77d0_2015-08,0.20917352240578113
987bc1_2024-01,0.650873118403747
731908_2019-01,0.19035847538912
11f0e3_2017-06,0.311138151473089
9befc8_2016-06,0.19551059817710165
fc9334_2023-03,0.19439415974471275
8fb6f0_2021-02,0.3073955700101134
dbb709_2022-10,0.6002457510040261
0f9e86_2021-11,0.6076601174541209
8fabe0_2023-08,0.22365932759772936
0e8d73_2025-02,0.5089789719671545
f461d4_2014-06,0.182591174420343
1698cf_2015-03,0.17673169842731848
14fe3a_2025-03,0.2933077970557211
8005b9_2024-12,0.17906771456414555
545d15_2020-07,0.4926087913133859
c580aa_2014-08,0.2785692769386152
022433_2024-04,0.28994087810433367
b73bc7_2025-07,0.5647316320689801
e83244_2019-12,0.4214297937799377
e83244_2021-10,0.7076494527419088
e60b65_2018-10,0.47754076943154933
e60b65_2023-04,0.1757243164550403
4ee2d2_2024-10,0.23311872089074406
175155_2016-09,0.3976178107071937
f461d4_2024-07,0.21168032621441651
a42d13_2025-01,0.7701532058160314
1698cf_2024-01,0.2602082252299727
fc77d0_2025-04,0.2380862000789985
4fb2d3_2018-10,0.5720291586543255
d86999_2016-01,0.17284998816146796
b26809_2024-05,0.676180359340045
b26809_2024-11,0.21986492312750464
a97df3_2023-11,0.21398940239686953
9befc8_2023-09,0.18109166232199395
0f9e86_2023-10,0.5179911988132685
9cf1af_2024-06,0.33240943933296707
8e41cf_2022-11,0.19174449139598218
7199cf_2024-05,0.20293161589709122
6224d0_2023-12,0.4393335472223077
fb737b_2020-02,0.19299634526885417
8fabe0_2015-02,0.24833488268589873
6838b9_2023-12,0.20034558172561737
b08ec1_2021-12,0.18055556270865103
265164_2024-10,0.2735429156672686
4fb2d3_2025-04,0.19658951229992672
af81b0_2024-03,0.1933159864429205
06534f_2019-11,0.21321692266094408
531356_2023-11,0.24760636611832137
e2314a_2015-12,0.17315562708620336
e83244_2016-06,0.17610576967075373
e83244_2017-08,0.23190103028687412
77b3b9_2017-04,0.6807526712313304
e427f8_2024-08,0.36543755523146093
9cf1af_2025-08,0.25535418264978527
f25ffe_2024-05,0.1811354393793439
8fabe0_2024-05,0.4106457318639407
db4cd8_2018-02,0.37559783563222193
db4cd8_2025-02,0.6535813979365093
1698cf_2020-03,0.3648668378506489
77b3b9_2025-02,0.49823899140338057
d59611_2017-02,0.40339290440666975
d59611_2024-06,0.5764293502776194
8005b9_2023-12,0.18513534404025722
b08ec1_2014-11,0.21344507643111318
545d15_2019-03,0.17917958465918207
06534f_2016-12,0.17825535534531284
f4604d_2024-09,0.4204912777331712
531356_2019-05,0.3581770691753322
531356_2019-10,0.24092305675029335
6224d0_2021-04,0.3482782438314067
e60b65_2025-04,0.19385444360674314
375f2e_2025-07,0.7787598786286376
9af74c_2018-04,0.17593637268807932
11f0e3_2017-07,0.7706003321726769
e427f8_2025-07,0.6503122270173279
9befc8_2017-01,0.17360436970768375
dbb709_2024-05,0.48995167448367793
8bd3ce_2023-10,0.18934801707645516
0f9e86_2025-07,0.3926101072735021
5a0174_2023-03,0.33591444205376303
175155_2015-04,0.6548431777532712
d59611_2021-06,0.6351877708684415
8005b9_2019-05,0.25522672699613747
92dcdd_2019-05,0.1919764561086968
af81b0_2014-11,0.2643771866680488
29849f_2023-10,0.7953380824795347
06534f_2023-03,0.800537571278355
db5006_2023-06,0.4919559244168636
e60b65_2020-11,0.4711901359071467
a25664_2022-10,0.44166773113496427
77b3b9_2020-01,0.21402893931868508
77b3b9_2020-02,0.3055982033513861
92dcdd_2023-08,0.6764569015239219
731908_2021-03,0.17960655077393223
d86999_2022-01,0.2430410086416877
780a0b_2021-05,0.18889279559991765
a25664_2024-02,0.39643819172444295
0e8d73_2024-07,0.5234848995394634
e60b65_2025-03,0.1958638213793186
0874ee_2021-09,0.4207568805308073
8fabe0_2022-07,0.2856100998245714
1698cf_2022-07,0.24260659700013903
d59611_2018-03,0.2806782378167414
d59611_2021-09,0.5625298132040741
34889b_2014-08,0.2347818546098721
3db670_2019-03,0.34297331216012
3db670_2020-01,0.7807745316982415
06534f_2024-06,0.26926790969120284
b73bc7_2024-08,0.8025421941618462
e83244_2019-03,0.18437106594566782
6224d0_2022-05,0.38155798081720627
4718d7_2024-02,0.3644945914585067
f4d28d_2025-03,0.7934449308728463
9befc8_2014-11,0.17440986546837536
9befc8_2023-04,0.1851521517170887
780a0b_2025-08,0.20564617294063386
fc9334_2025-01,0.2412242448412741
6224d0_2023-04,0.22376646825783478
fb737b_2021-01,0.6384984199614685
b416b1_2020-09,0.2863421111079225
f461d4_2025-07,0.38218318555955993
f461d4_2025-09,0.4131674304587906
6838b9_2024-09,0.47973960798764664
8005b9_2019-10,0.1941312265180518
7a007d_2019-02,0.4953947857529447
7a007d_2019-04,0.22833538283971233
3a13b3_2017-05,0.668603140622145
e2314a_2021-03,0.41511902922586835
fb737b_2023-09,0.5712664980636976
1822ea_2024-08,0.6559828174749847
4fb2d3_2019-09,0.1834521778322625
4fb2d3_2024-01,0.7332718907857453
731908_2025-02,0.18209632610579535
d86999_2020-02,0.18584854749980445
9befc8_2018-11,0.19772610514778272
9f1aa0_2019-07,0.18984950883522883
0f9e86_2018-01,0.182775214100143
0f9e86_2021-05,0.17371430081003975
0f9e86_2021-09,0.17444993623819335
8fabe0_2022-11,0.24292181526546033
6f5e2b_2014-09,0.20080133081432675
a42d13_2024-06,0.22880843373651535
a42d13_2024-04,0.3421720194607279
77b3b9_2022-06,0.5170152955690009
d59611_2023-07,0.6173543379680528
90abb1_2019-05,0.5331846534419092
b08ec1_2024-03,0.4087567692030576
375f2e_2024-10,0.7669603015155653
375f2e_2025-05,0.5588750060269437
92dcdd_2020-03,0.40789217063187033
af81b0_2014-10,0.17766081771330652
545d15_2019-10,0.2376579383762924
29849f_2023-12,0.291295372754507
b1de95_2017-02,0.7645543046570904
b73bc7_2025-06,0.36640047051587854
e83244_2018-09,0.2048951409224029
8fabe0_2023-01,0.26045076467123335
90abb1_2023-07,0.5203778881921808
375f2e_2019-02,0.1734245962355959
9af74c_2018-05,0.20335870996051586
11f0e3_2024-04,0.18502997929814455
d86999_2017-11,0.3311253684977999
9befc8_2024-03,0.19115688556531862
780a0b_2016-10,0.17593942451749667
b416b1_2024-10,0.3217492511517043
f461d4_2025-04,0.425661559582631
bc4c03_2023-05,0.1719592559687227
db4cd8_2023-08,0.5278854048079415
b416b1_2020-04,0.1969826371287149
90abb1_2022-09,0.5376953900428834
1822ea_2023-03,0.3948133970244531
8005b9_2022-12,0.2805214752952197
8005b9_2024-06,0.39500596845650526
375f2e_2022-09,0.3557564503723572
2167be_2025-08,0.7500680475645298
545d15_2018-11,0.17800232366490168
c580aa_2023-09,0.6599671231007378
06534f_2024-02,0.7847536962355406
b73bc7_2020-03,0.7349733247602714
b73bc7_2024-09,0.8073492694942702
e2314a_2018-08,0.5106315953525569
e2314a_2022-09,0.8144773600059645
8fabe0_2024-09,0.3528567768181544
bc4c03_2023-02,0.17070458071285527
259a19_2022-10,0.2943084581877106
a25664_2015-05,0.34534605995714734
375f2e_2020-01,0.46110924908693035
375f2e_2022-02,0.7983770727701781
9af74c_2022-03,0.8028918770828634
92dcdd_2022-04,0.3106349959820937
b26809_2022-09,0.23238292654765794
b26809_2024-03,0.21768376684746152
a97df3_2025-01,0.21648866296581012
780a0b_2016-06,0.17742888999565215
dbb709_2023-09,0.5333127867740007
3a13b3_2019-02,0.410237938173602
9befc8_2017-11,0.21135850431356543
8fb6f0_2016-03,0.17626372340450724
8fb6f0_2025-04,0.20433394108673722
780a0b_2022-10,0.354913957869477
b26809_2020-04,0.45506339150638997
e7a56d_2022-12,0.24436378251212446
731908_2023-05,0.2366172226764213
bfbeef_2019-01,0.17290853633744901
d86999_2019-09,0.20885263863459286
b26809_2014-09,0.2526521925006914
edda84_2025-06,0.7750556405221151
780a0b_2024-11,0.19183886527004584
8bd3ce_2017-02,0.17958186759311734
18defd_2024-08,0.378237824792142
fc9334_2017-06,0.18000586477193553
8e41cf_2015-02,0.19235352466349942
b26809_2021-07,0.31080025290378244
c48018_2024-01,0.34474535910143017
8fb6f0_2017-07,0.2877997714180161
bfbeef_2017-03,0.19508115167940682
b26809_2017-04,0.17759879575980253
b26809_2018-06,0.21937959455476683
b26809_2018-12,0.2148736738927381
18defd_2018-04,0.2866688039866618
dc4b5e_2023-07,0.3381091056531923
b26809_2015-01,0.17771045359247256
e7a56d_2014-11,0.42295734832128395
780a0b_2021-06,0.1757938136064824
bfbeef_2024-08,0.2580657153109448
8e41cf_2019-08,0.20160047086969507
8e41cf_2020-11,0.23566459741060486
731908_2022-01,0.18972932285771166
0874ee_2019-10,0.19451715460379032
780a0b_2019-03,0.17454014482706218
bfbeef_2020-07,0.2522671468002411
8bd3ce_2016-11,0.17442231970903183
b26809_2016-01,0.21460700328333412
18defd_2023-03,0.29322485830121725
c48018_2020-01,0.38676388635876197
dc4b5e_2022-10,0.2209927407148855
b26809_2023-04,0.19781254654774733
e7a56d_2024-08,0.3753137140517354
8bd3ce_2018-10,0.18257449369524945
8bd3ce_2020-07,0.24303631024229783
8e41cf_2014-11,0.26356493231637007
77e86b_2024-12,0.30055461597995303
8bd3ce_2017-10,0.17966096763284548
8e41cf_2015-11,0.1801483487341045
b26809_2017-03,0.18617486862528637
c48018_2023-06,0.3909209907817029
fc9334_2024-07,0.42053810039490225
8bd3ce_2020-08,0.19168964150857448
a97df3_2023-03,0.23864320825793034
bfbeef_2017-07,0.6263880104802477
8bd3ce_2015-11,0.23283290906415655
8e41cf_2016-12,0.17539489222942523
b26809_2014-11,0.17678264263791377
b26809_2019-12,0.19263726670879672
c48018_2024-04,0.4667999341549544
bfbeef_2020-09,0.2517714352902907
bfbeef_2020-12,0.17373816337200337
8bd3ce_2019-09,0.17844192773299442
9befc8_2023-10,0.41290403980541146
8bd3ce_2017-11,0.1863677132539556
8e41cf_2017-09,0.2768354827578935
18defd_2023-07,0.27637527703277087
8bd3ce_2015-12,0.19432011766971552
731908_2015-10,0.1894727303299784
bfbeef_2025-08,0.43534704411414127
780a0b_2021-08,0.18450346934635561
8bd3ce_2015-05,0.27423283992092296
8bd3ce_2023-01,0.20504847525979067
731908_2025-03,0.22242897601471517
b26809_2014-05,0.23056100164756269
18defd_2018-06,0.32083095987578125
b26809_2015-06,0.24241459463996903
8e41cf_2015-10,0.19462473326526117
bfbeef_2019-05,0.19329558897877056
fc9334_2014-11,0.2076725794924228
fc9334_2016-02,0.19990479439243042
8e41cf_2016-04,0.2447772828208059
8e41cf_2018-12,0.18386738382849296
780a0b_2018-03,0.20365798887762582
8fb6f0_2017-03,0.19500922049316785
fc9334_2017-07,0.19892797217314703
bfbeef_2025-03,0.19674049503215793
fc9334_2014-12,0.17433034850585732
8bd3ce_2020-09,0.1739015912264955
9befc8_2023-07,0.18362564528376815
11f0e3_2023-09,0.23056894166045003
b26809_2018-07,0.1761181634005035
8fb6f0_2022-11,0.1734747254490438
b26809_2014-10,0.19985628739059272
b26809_2018-11,0.1761788038333697
8e41cf_2018-08,0.35262865733546767
8e41cf_2019-05,0.2878740197686197
fc9334_2015-07,0.22899401628451202
bfbeef_2018-08,0.26785572716476336
bfbeef_2019-09,0.1893418322606474
fc9334_2019-10,0.1941178708503705
9af74c_2014-07,0.19029131707123673
77b3b9_2014-06,0.24710946262556965
948a11_2025-05,0.413644571735767
f500c5_2015-05,0.30043097199106333
bf6f0d_2017-01,0.2329359368789973
bf6f0d_2021-09,0.22157210942674946
b644ac_2024-10,0.2537591188758549
b644ac_2025-07,0.7628761623859972
bc4c03_2018-02,0.5760067026234784
b644ac_2025-04,0.22704287404404272
4718d7_2014-08,0.22250904079379205
bc4c03_2014-07,0.5290724223791611
6c1954_2020-02,0.2555135138401646
77c35f_2025-04,0.4420158328166727
9f1aa0_2018-04,0.18882228542322335
9af74c_2017-06,0.6954063574124234
6c1954_2022-10,0.48059905622712257
fa8553_2021-11,0.21778862962583906
f1543b_2017-04,0.5404882761230801
f500c5_2024-03,0.21699718665590528
429b22_2025-07,0.27387897876959244
fa8553_2023-01,0.36389181085053207
14fe3a_2018-12,0.20463412097475125
fb34b4_2023-08,0.2037044715045579
edda84_2025-05,0.31144513708881255
f500c5_2021-07,0.2639663020153517
77c35f_2023-10,0.8035981270756973
513080_2025-05,0.30344154761227515
b644ac_2024-08,0.7960984720378755
8fabe0_2020-10,0.5042884604454232
db4cd8_2020-07,0.23424953247182606
1822ea_2018-06,0.3579394582053328
bc4c03_2019-12,0.6474498740615215
9f1aa0_2024-09,0.28682592286610437
bf6f0d_2025-01,0.3884106741938382
6c1954_2022-09,0.21016987594084552
bf6f0d_2014-10,0.1881001794092591
6c1954_2022-03,0.18582724825196203
9f1aa0_2022-01,0.18383163169085334
bf6f0d_2023-07,0.24502594133070824
948a11_2023-08,0.4143941705901847
f500c5_2021-10,0.18755347776518075
510fbf_2025-01,0.23212240402457648
14fe3a_2016-08,0.2795642062536676
259a19_2025-03,0.5266809425448218
1822ea_2018-05,0.2603992075474021
fb34b4_2024-10,0.30642945123254306
fc77d0_2014-09,0.17921536703724464
9f1aa0_2021-04,0.20742270036760835
f1543b_2017-02,0.3325663048991847
531356_2015-10,0.3691052179182682
510fbf_2022-05,0.36730093870039815
d59611_2017-01,0.23424463114346353
6c1954_2025-03,0.5629395646330372
fb34b4_2024-06,0.391810853370468
948a11_2023-06,0.2924043960807546
9f1aa0_2022-09,0.2389703739124779
6c1954_2025-08,0.3865071909317306
fb34b4_2024-08,0.411139735079204
fa8553_2023-07,0.4444410267803939
510fbf_2023-01,0.18924633204865032
d59611_2019-10,0.2353117403783418
bf6f0d_2016-06,0.3126803752379764
f500c5_2018-04,0.2589822203675366
9f1aa0_2020-10,0.20905904049845292
db4cd8_2021-10,0.7250009463267248
f461d4_2021-09,0.5637865311147325
9f1aa0_2017-08,0.29636153156465295
9f1aa0_2018-08,0.20998421222385732
1698cf_2015-07,0.25666274293411984
6f5e2b_2014-11,0.19463729154114842
9f1aa0_2014-05,0.18478242653976534
9f1aa0_2014-10,0.21498121543496457
fa8553_2022-03,0.18725265055296592
259a19_2019-10,0.18112510511501625
f500c5_2020-08,0.2302666825542956
6c1954_2025-04,0.18350831484964106
9f1aa0_2023-01,0.24286410935392205
1698cf_2016-09,0.1983956078584296
4718d7_2016-11,0.24751846240145237
b07578_2024-07,0.6902444549216679
b644ac_2025-02,0.20275445413459936
6838b9_2021-06,0.7848166348553058
7bf5c9_2020-03,0.35388962331052654
f1543b_2022-03,0.3595725950163382
9f1aa0_2014-08,0.18936971690154128
fa8553_2024-04,0.400586394286856
f500c5_2015-12,0.4548973908510578
bf6f0d_2025-06,0.3185142368995361
fa8553_2025-06,0.30263341150372824
b07578_2024-08,0.6904001730936287
259a19_2024-08,0.2913322667782163
9f1aa0_2014-06,0.19239025755968714
302d40_2022-10,0.7498722702822489
5a0174_2018-01,0.18726284663724468
9f1aa0_2020-05,0.19886672932225644
510fbf_2024-06,0.21126509719675762
d59611_2017-04,0.217954502872038
1698cf_2016-08,0.21194139136296358
731908_2016-06,0.17764891178740413
bfbeef_2023-04,0.6553527753463938
11f0e3_2018-05,0.5559831207930223
780a0b_2019-02,0.18475303798841752
1822ea_2015-07,0.49751190905785875
e361b7_2015-11,0.17865990662135842
11f0e3_2016-04,0.2113326295628784
bfbeef_2018-02,0.19911802571861048
0cecbd_2023-11,0.18090025201030832
9befc8_2016-04,0.240524461441032
1822ea_2022-02,0.5909155564943219
9befc8_2017-04,0.21388638679375496
0cecbd_2019-11,0.19301651792956323
9befc8_2017-08,0.305934085598586
db4cd8_2015-08,0.3422182403918488
bfbeef_2016-12,0.19632476233998178
0cecbd_2023-08,0.26446625563176934
9f1aa0_2023-05,0.3668852483331149
0cecbd_2020-02,0.20226501401355707
bfbeef_2015-08,0.494749551568413
bfbeef_2017-01,0.17673164809410918
0f9e86_2017-07,0.29397398091281285
9befc8_2019-04,0.17478618046453961
375f2e_2020-04,0.735973661304329
780a0b_2018-11,0.186514929648123
fc77d0_2023-03,0.18368708382812377
3db670_2019-02,0.4097765017321141
3a13b3_2015-04,0.7540654847451905
987bc1_2021-12,0.4781509301599748
e3af0e_2014-05,0.4227308716473431
829a72_2018-02,0.4879087777095396
8fb6f0_2020-01,0.25143834227290324
e3af0e_2014-07,0.38066170446670655
e3af0e_2016-11,0.34574345245633253
e3af0e_2017-04,0.6413640573095775
98a151_2014-08,0.36505408930451205
60a0fd_2014-10,0.60067369879869
a97df3_2024-12,0.8115802019341574
e3af0e_2014-06,0.37792036066332163
60a0fd_2015-01,0.6322208029719454
dbb709_2022-02,0.25485352962739005
dc4b5e_2019-06,0.21259184929010275
6c1954_2024-07,0.20595931549321173
a97df3_2022-11,0.1811740629588062
19fa84_2024-04,0.3464377815987303
1bdb97_2023-06,0.48103994418666246
cd0e60_2022-10,0.22499553222963628
e2e0ce_2023-11,0.19590772474691187
74fb1f_2025-02,0.4626718281029552
e3af0e_2025-07,0.17970043930228582
f500c5_2016-05,0.7438094913254402
e2e0ce_2019-04,0.2569252236610713
74fb1f_2022-08,0.4989023642802972
74fb1f_2024-01,0.6253546727700673
74fb1f_2024-04,0.2984664134402299
88a9a6_2023-12,0.24096907064916873
98a151_2025-07,0.5933837842937658
e3af0e_2024-11,0.2933666434052981
948a11_2025-06,0.33871645517382676
293190_2021-12,0.3303367142893953
74fb1f_2021-01,0.4423037280658426
74fb1f_2022-10,0.46943291472135834
60a0fd_2025-06,0.18105337872477084
f500c5_2017-11,0.5384539025410077
90abb1_2015-09,0.29769776108353785
94f933_2025-07,0.3091978131992608
f500c5_2014-04,0.4562099153661451
cd0e60_2022-09,0.6355408114226512
e2e0ce_2014-11,0.2487570059320095
2ab8ad_2020-08,0.6394635060623239
88a9a6_2023-07,0.2930495435114433
88a9a6_2024-01,0.5403616426755189
f500c5_2023-02,0.18261135529563438
f500c5_2023-03,0.19475303179482104
92dcdd_2018-06,0.5802053901498789
60a0fd_2021-01,0.7118269550351153
e3af0e_2025-03,0.27891157944413913
e2e0ce_2014-12,0.4386777657066091
e2e0ce_2021-06,0.4148320006714846
e2e0ce_2021-11,0.5076380372220874
c5df88_2021-08,0.4596617247168668
9b46ed_2019-08,0.2534081444429387
829a72_2023-03,0.3705040137050929
293190_2021-08,0.3799011077664446
74fb1f_2019-01,0.5214603930451133
f500c5_2019-04,0.21444642478712864
f500c5_2020-10,0.2375508596682641
f461d4_2021-06,0.5905137169405235
293190_2015-01,0.32387229761704234
e2e0ce_2022-06,0.22307252986529447
c5df88_2020-03,0.5924005132750986
c5df88_2021-07,0.32180969086658273
88a9a6_2022-03,0.28260589234782624
9b46ed_2021-02,0.656861382198592
829a72_2022-01,0.7208153516565062
7bf5c9_2023-12,0.20342504407181378
f500c5_2019-10,0.3596552565628303
88a9a6_2024-04,0.2841659130790485
e7a56d_2024-02,0.2561849478758467
9b46ed_2020-09,0.7987795211461518
9b46ed_2025-01,0.801169389532372
60a0fd_2023-06,0.5726244367557195
293190_2024-01,0.44570330082423626
c48018_2024-05,0.4157376688738065
7aa803_2014-11,0.3787596515760919
9b46ed_2024-08,0.6793701405851615
e3af0e_2022-12,0.541742955070869
f500c5_2025-05,0.3110122597146332
e2e0ce_2015-02,0.24924362272375317
e2e0ce_2022-09,0.4007624518585377
74fb1f_2022-01,0.5516183377762295
88a9a6_2022-08,0.43794850432525456
9b46ed_2021-11,0.6772616815873712
e3af0e_2024-06,0.2680413985045617
1bdb97_2024-10,0.45961549626869613
bf6f0d_2022-09,0.20471139104490824
6224d0_2019-04,0.1791134821773214
293190_2020-01,0.4163118261725393
c5df88_2018-06,0.35523020656378695
74fb1f_2025-06,0.17564430906922096
7aa803_2021-10,0.7558417749852214
88a9a6_2020-09,0.5651183301109597
88a9a6_2021-11,0.33965922442243834
9b46ed_2017-12,0.6684883950340105
829a72_2023-12,0.2077928654844045
7bf5c9_2021-11,0.7091199320811832
f500c5_2023-05,0.2830518546831911
6f5e2b_2020-10,0.3791141110052477
a25664_2025-05,0.19038117723386633
e2e0ce_2021-12,0.5636828013821059
c5df88_2021-06,0.24770109170684887
7aa803_2022-02,0.21124220075210656
88a9a6_2019-03,0.5842250999836444
9b46ed_2023-09,0.4349492628132663
829a72_2019-04,0.40173140921970607
829a72_2023-04,0.23637741070872043
e3af0e_2024-09,0.2545882944411688
88a9a6_2022-02,0.19252329091636367
98a151_2023-04,0.40175946480583746
2ab8ad_2023-12,0.23789745004394888
74fb1f_2022-09,0.2049199816243207
7aa803_2019-05,0.24946805998823335
9b46ed_2021-03,0.5251274741600499
db5006_2020-08,0.6446196972034173
7bf5c9_2014-09,0.338801386022086
bf6f0d_2022-06,0.19853353529341317
2ab8ad_2019-01,0.5118455145441713
2ab8ad_2021-12,0.6240083514471453
7aa803_2022-08,0.5965883565512837
e3af0e_2019-02,0.30433453764310914
1bdb97_2025-07,0.4688267489961067
829a72_2024-12,0.28141007608590696
60a0fd_2024-07,0.1855127240647637
cd0e60_2022-07,0.671987045411572
175155_2021-06,0.5034282945328235
e2e0ce_2024-03,0.30237504640842217
2ab8ad_2021-08,0.6763567025398747
74fb1f_2024-03,0.5479152660642246
90abb1_2015-08,0.36432325562768786
88a9a6_2018-01,0.6685795166651554
e3af0e_2023-02,0.28553540729063676
293190_2021-10,0.3249567863567014
2ab8ad_2024-07,0.24025116776463507
c5df88_2020-01,0.588377876767689
9b46ed_2022-04,0.4489564010519251
1bdb97_2022-11,0.7046969362615518
b416b1_2025-07,0.405639345835665
2ab8ad_2021-09,0.21325834714596564
88a9a6_2021-09,0.45638951767380337
98a151_2022-09,0.21553511114293517
f500c5_2022-11,0.6097995819394821
175155_2017-10,0.267804319542097
2ab8ad_2014-12,0.6228943703015064
7aa803_2019-02,0.38735749468618313
88a9a6_2014-11,0.3840626519979616
88a9a6_2014-12,0.4352908080594287
829a72_2019-05,0.2712949494828949
1698cf_2019-05,0.5121050183749422
db5006_2025-09,0.5173487913747065
1b9e65_2022-04,0.39427943441249946
4fb2d3_2023-01,0.2971273025902891
db5006_2021-05,0.7704312598191182
1b9e65_2019-02,0.4919151629124432
1b9e65_2023-11,0.23587702307336475
175155_2017-07,0.18960918611456903
022433_2021-12,0.7094636179953717
c48018_2015-03,0.3190428638477747
90abb1_2017-08,0.24666409608094408
a42d13_2014-10,0.17938323686632343
db5006_2020-07,0.6743947848887407
b07578_2025-07,0.7108512449262357
db5006_2015-12,0.6999996102559518
022433_2021-11,0.5449973817727727
022433_2022-01,0.5102419048740667
259a19_2020-07,0.19267157321973888
db5006_2022-04,0.43245536576997506
db5006_2023-07,0.20518452762048067
db5006_2024-06,0.2259658598843391
db5006_2023-04,0.2331007714473745
1b9e65_2019-12,0.31983219175919875
e7a56d_2024-12,0.295466300011031
0ffc2d_2025-05,0.19743367889704028
db5006_2021-01,0.6682614134420498
db5006_2021-06,0.812548731269495
1b9e65_2022-10,0.6560394510792354
e7a56d_2019-08,0.25882879069532133
4fb2d3_2020-09,0.2144923806069504
1698cf_2020-04,0.25783314563848114
7bf5c9_2023-01,0.17763559596221673
f461d4_2015-12,0.22817073805974347
1b9e65_2014-11,0.517266153121828
29849f_2022-12,0.4502384854164373
6f5e2b_2022-09,0.24139345557481065
f461d4_2015-09,0.22113813764163504
a25664_2017-08,0.21003498985116842
db5006_2022-07,0.2716323190749426
5a0174_2015-10,0.2228836202006812
db5006_2019-09,0.32891717685983485
1b9e65_2015-03,0.19815987854179895
1b9e65_2017-08,0.7692518410084455
3db670_2015-07,0.5124434181071428
b08ec1_2018-01,0.39972216810985844
8fabe0_2020-11,0.31181740640496425
0ffc2d_2021-12,0.39484882021504697
f461d4_2018-02,0.2897774211309566
022433_2022-06,0.5307492336032104
1bdb97_2023-02,0.5242793745580769
bc4c03_2017-04,0.6166962391621538
db5006_2020-11,0.6528036750993447
175155_2017-08,0.4503594858419725
259a19_2025-01,0.39363189978310487
1b9e65_2015-02,0.20348263567526562
3db670_2023-11,0.2108162913850095
1bdb97_2022-03,0.5452861191552834
4718d7_2017-06,0.228934347524452
fc77d0_2014-10,0.17225463769059646
1bdb97_2021-09,0.6976438038886457
18defd_2019-07,0.40756115714579966
db5006_2015-04,0.21910898981604793
db5006_2023-01,0.5658581602140395
f4604d_2019-05,0.3097555185535156
1b9e65_2018-02,0.3920001682288964
0ffc2d_2021-09,0.28119404565915357
18defd_2019-06,0.5670223289075926
5a0174_2024-11,0.28679292643053683
c48018_2019-02,0.550885614474234
439fde_2014-10,0.45114969408102557
894378_2023-01,0.19799310140275295
fd589c_2021-07,0.5287128628581585
c580aa_2023-03,0.6474986423959554
429b22_2025-02,0.18069010911222497
c5816f_2022-08,0.5999941364557374
8ec563_2024-10,0.21692383731409884
19fa84_2023-10,0.23093885297161573
439fde_2024-09,0.31284285856291766
c3a69f_2014-07,0.44260305939519434
8ec563_2021-10,0.212755117048896
3db670_2023-03,0.7583988802303511
c3a69f_2014-08,0.3554359528046067
1698cf_2022-02,0.1897803161969513
894378_2023-06,0.4027533986633208
c5816f_2022-01,0.21995601890495936
fd589c_2023-04,0.2758072045502836
6838b9_2024-04,0.18297926184469257
e4bc80_2020-12,0.6243185918087797
3db670_2017-04,0.8162412408658863
b73bc7_2024-07,0.44028634040002473
439fde_2018-04,0.3136100749196816
19fa84_2022-01,0.18152510164342386
e361b7_2021-02,0.2133835646725542
7bf5c9_2022-02,0.27791050106093473
c3a69f_2018-04,0.20365032926603122
fd589c_2021-09,0.3517916837970777
b73bc7_2018-06,0.7267437793156477
7bf5c9_2023-09,0.27070148196100624
429b22_2025-04,0.19406634502927975
c5816f_2023-02,0.18131665967890412
19fa84_2024-02,0.31050860603239566
8ec563_2022-05,0.28067513635948466
894378_2023-05,0.2940343119284899
022433_2024-03,0.38152881502497954
fd589c_2020-03,0.6344261347388924
e4bc80_2023-11,0.2682016444501837
c3a69f_2022-03,0.6937716519314574
c580aa_2024-07,0.4835452537815632
439fde_2023-06,0.29442666675655943
e4bc80_2022-01,0.18439869877427384
c3a69f_2021-10,0.5052837423225809
894378_2021-12,0.1844456336120192
8ec563_2021-01,0.5275388161846347
19fa84_2023-05,0.35046076657224734
e4bc80_2023-01,0.3877647306983069
c5816f_2021-04,0.698039779227474
8ec563_2023-03,0.26234391639772375
8ec563_2023-11,0.30720686614154186
19fa84_2023-07,0.5472286114757461
022433_2024-12,0.37075849905858504
439fde_2018-02,0.38452597548729484
e7a56d_2015-09,0.516568888496747
8ec563_2024-03,0.2079023594379729
19fa84_2023-02,0.18098344103320124
b1de95_2024-02,0.6958212654205715
894378_2024-07,0.3187813899948557
e361b7_2022-05,0.18509255000798813
c3a69f_2015-03,0.3258862770812194
894378_2023-10,0.5055033949385099
8ec563_2020-02,0.20105701857242403
fd589c_2019-03,0.25358817912652204
c5816f_2021-06,0.5380991631335456
f1543b_2015-03,0.2456168975362659
6f5e2b_2016-12,0.6141632093451106
894378_2020-03,0.3968904963493994
19fa84_2020-10,0.761731323625907
f1543b_2015-02,0.1786353552808039
f1543b_2018-01,0.374115973833766
3db670_2021-10,0.8128512484891621
3a13b3_2019-11,0.42286924083507865
fd589c_2023-05,0.4162413766609996
e361b7_2021-04,0.7345252374720664
e361b7_2024-05,0.4560354279244897
c580aa_2014-11,0.22141415954708302
439fde_2023-10,0.24436777271147783
894378_2022-02,0.18988730686429456
894378_2023-09,0.25051637925026055
8ec563_2021-04,0.7812466746781151
8ec563_2023-08,0.30138467400519425
8ec563_2024-11,0.1856988203453306
e4bc80_2020-02,0.7759330988669448
259a19_2015-08,0.2857518172959107
74b7d1_2022-05,0.2780953476257807
d59611_2015-11,0.4647872989948471
4fb2d3_2016-02,0.6385137911659486
74b7d1_2014-12,0.2648126216492131
14fe3a_2017-06,0.5081070445486738
74b7d1_2022-02,0.21047976263609497
74b7d1_2024-02,0.4463686358896181
77e86b_2024-01,0.26500305345587394
74b7d1_2015-01,0.27110849405467796
bf6f0d_2024-04,0.29096040177775545
259a19_2015-07,0.2986264109339748
18defd_2015-09,0.6218119159072438
74b7d1_2022-04,0.6155586526245493
db4cd8_2015-11,0.2513632085582485
cd0e60_2020-08,0.8033132429004166
7a007d_2015-10,0.7095072578570866
d59611_2016-09,0.23134142449693035
db4cd8_2017-03,0.21417866076066852
77e86b_2023-03,0.29621422832422256
db4cd8_2015-10,0.20593836743018218
7a007d_2015-11,0.7339564704001929
98a151_2015-11,0.2291177298367512
cd0e60_2020-02,0.18351043179223545
88a9a6_2019-09,0.24053659688153103
f1543b_2025-03,0.18385642548648437
f1543b_2022-12,0.29434347846832126
88a9a6_2022-05,0.46009309783286956
f1543b_2022-10,0.6324675627381423
f1543b_2024-11,0.1750705531393411
f1543b_2023-01,0.21559911630122602
293190_2022-06,0.24342570875823535
74fb1f_2023-01,0.269418110474375
7aa803_2019-03,0.6073718740753528
2ab8ad_2019-10,0.38121014859225266
c5df88_2020-04,0.5452500557693772
f1543b_2020-04,0.189823685568836
9b46ed_2020-10,0.7824964355334239
f1543b_2014-08,0.6897021400412149
7aa803_2025-04,0.268540970696292
c5df88_2017-02,0.6767893255359223
c5df88_2022-01,0.5334686198993548
88a9a6_2024-02,0.2462161948457648
f1543b_2016-03,0.21378312198094668
7aa803_2018-06,0.3146892262897514
9b46ed_2024-01,0.79639140494341
74fb1f_2020-09,0.76312231593212
f1543b_2021-06,0.26134847578911924
f1543b_2022-04,0.7923816503965737
7aa803_2014-08,0.24393868323488438
9b46ed_2024-02,0.8035889942671168
f1543b_2022-09,0.7380486279316856
74fb1f_2014-11,0.36116257890626047
f1543b_2020-12,0.1982629094239123
7aa803_2019-08,0.2003515489709125
c5df88_2020-02,0.5829491522820751
7aa803_2023-02,0.302626869560356
293190_2017-06,0.7375840128235339
f1543b_2018-03,0.23769159246389493
2ab8ad_2020-07,0.7563180363985443
74fb1f_2019-12,0.48981832669084424
f1543b_2017-11,0.21670592217727677
88a9a6_2020-01,0.37006372215676137
9b46ed_2020-11,0.7933596505670605
74b7d1_2018-01,0.55119106174928
8005b9_2014-12,0.1898595309787961
b416b1_2018-08,0.3609326502838885
77e86b_2022-06,0.28773851109909115
94f933_2023-12,0.5646573732468483
74b7d1_2018-03,0.32355296766779773
2ed4f9_2025-05,0.416264497044782
77e86b_2019-03,0.2869030655076391
94f933_2024-10,0.3981579333712763
bf6f0d_2023-01,0.3308826038764363
3db670_2023-01,0.37189524210536606
9f1aa0_2015-09,0.4110861642471768
e83244_2020-04,0.2757873328103905
2ab8ad_2018-04,0.5137756281293213
e7a56d_2017-07,0.44588749720500476
e7a56d_2021-04,0.651277619530383
e7a56d_2015-06,0.6870627172755932
d86999_2024-09,0.3887799197617805
829a72_2019-01,0.41315891126392745
77e86b_2022-09,0.2994762992336907
6da35b_2023-03,0.4381728877126885
98a151_2019-01,0.3614498460697682
829a72_2021-11,0.5957346905516326
6da35b_2024-06,0.40582646566818636
6da35b_2024-12,0.3101779158554626
74b7d1_2025-04,0.539946676908313
77e86b_2022-03,0.20691305366417284
7e646c_2024-03,0.4414366279592793
829a72_2017-09,0.6443600792878987
829a72_2024-08,0.5373203075454378
98a151_2018-05,0.35831239966448974
829a72_2021-12,0.6868254251076584
74b7d1_2014-10,0.5466592906625374
7e646c_2025-06,0.374561796391261
7e646c_2023-01,0.27850876454849216
7e646c_2023-05,0.5183980242535713
ab32d7_2022-10,0.18538706535537947
e3af0e_2023-07,0.19497538135099363
7bf5c9_2016-11,0.3771269404554597
98a151_2021-07,0.7190474782766852
b1de95_2018-03,0.7645290896834429
cd0e60_2021-05,0.8082310590031427
74b7d1_2022-09,0.3746910250966295
98a151_2021-09,0.7309009463356274
e3af0e_2020-06,0.6210751218654893
0874ee_2018-06,0.2940504772033939
4f2b6b_2023-12,0.676242927873705
74b7d1_2019-08,0.7060826256540607
829a72_2018-05,0.3117684972737823
6da35b_2022-12,0.28804101265943655
829a72_2024-01,0.2889812255328156
e3af0e_2017-12,0.2099678371589992
98a151_2017-08,0.43886296704333416
98a151_2020-12,0.7669953691863863
6da35b_2024-09,0.404213451703823
77e86b_2019-11,0.32230520457686695
6da35b_2022-11,0.28048982392957883
60a0fd_2021-06,0.7252817324159778
77e86b_2022-07,0.3891895868431282
6da35b_2022-09,0.5311106962042028
e3af0e_2019-08,0.3713683546250192
cd0e60_2022-03,0.44787182912453644
60a0fd_2023-04,0.4894582045376213
77e86b_2021-12,0.33141070236907677
74b7d1_2023-11,0.7159301230662907
77e86b_2015-08,0.5789119678371326
0cecbd_2015-10,0.3257472075985445
c5df88_2015-11,0.33560808683971693
c580aa_2019-12,0.647814121510234
b59bc0_2025-02,0.5039356456152625
b0ff51_2020-10,0.4565379662199053
b59bc0_2014-08,0.434678815110643
b59bc0_2020-02,0.7093895263152052
8d0588_2017-08,0.534591615198779
b59bc0_2018-03,0.6973769340506493
77e86b_2018-12,0.2742442977979688
8d0588_2025-04,0.5640976155816648
b59bc0_2020-08,0.4245492855516922
b59bc0_2024-10,0.619366202762166
b0ff51_2025-08,0.4612700742571798
b0ff51_2021-03,0.6569472156620411
b59bc0_2020-04,0.4730615051859268
8d0588_2019-05,0.21834807539398068
b59bc0_2014-05,0.34531217175365614
b59bc0_2015-03,0.3744270367719353
b0ff51_2014-12,0.3823525723323156
b0ff51_2017-11,0.4286331924866496
0cecbd_2018-10,0.26568869482793767
b59bc0_2022-10,0.28037652185032325
8d0588_2017-09,0.2934810805180036
b0ff51_2018-02,0.33906936436591756
b59bc0_2022-05,0.2621628672400533
b59bc0_2025-01,0.359709427741139
b0ff51_2022-06,0.46077305127122337
b0ff51_2023-04,0.39231558632245495
8d0588_2023-09,0.18869988631164625
b59bc0_2015-07,0.7251240573790021
b59bc0_2025-07,0.40042503555744596
b0ff51_2023-11,0.3570040690403153
b0ff51_2024-07,0.506199982525011
b59bc0_2014-09,0.25541532341561013
b59bc0_2017-03,0.5514230438733787
8d0588_2021-08,0.36132274346112336
b59bc0_2015-02,0.2835102726887134
b59bc0_2023-11,0.3246823074021099
b59bc0_2024-09,0.4964575923914108
8d0588_2019-02,0.2689121501491567
b0ff51_2017-07,0.522369527900848
b59bc0_2019-03,0.35593012123421336
b59bc0_2021-12,0.6112463355503064
b59bc0_2022-11,0.3060305361293783
b0ff51_2015-03,0.4473778557490247
8d0588_2024-02,0.3586742997924374
b0ff51_2023-09,0.18983198012258176
8d0588_2024-04,0.596792283235244
b59bc0_2024-11,0.36093072593943987
8005b9_2018-12,0.2240993248545482
7a007d_2017-08,0.4872885159464233
259a19_2024-12,0.19387624845934495
f461d4_2015-04,0.3023124195527924
14fe3a_2017-07,0.22142824994044993
b416b1_2024-12,0.603891786450055
5a0174_2017-05,0.4262299804266118
545d15_2022-04,0.3657715615107371
545d15_2021-07,0.3584034567300921
74b7d1_2022-11,0.3313323553481501
ab32d7_2022-06,0.4882170301856304
439fde_2025-03,0.2941862638559584
ab32d7_2025-03,0.3683219024850626
5ecf9b_2025-01,0.3220183326076759
9b3bd5_2025-05,0.43976507627398026
545d15_2024-11,0.3657715615107371
c580aa_2019-10,0.787148180499841
545d15_2022-01,0.3584034567300921
c580aa_2018-08,0.48961341550725346
8b98f3_2022-03,0.36169729769002085
545d15_2025-06,0.3657715615107371
545d15_2022-10,0.3584034567300921
8b98f3_2024-12,0.32409224690507943
545d15_2022-08,0.3584034567300921
8b98f3_2022-05,0.31517953441796165
545d15_2024-03,0.3584034567300921
545d15_2025-02,0.4850757339342609
545d15_2022-05,0.3584034567300921
545d15_2023-09,0.3657715615107371
ab32d7_2024-09,0.3396762204189712
5ecf9b_2024-12,0.23120026954402592
74b7d1_2015-02,0.29028379343888283
74b7d1_2021-07,0.6691173590492385
5ecf9b_2024-05,0.6247950318927012
ab32d7_2025-05,0.6547227093816479
8b98f3_2023-07,0.7355381465471181
5ecf9b_2023-01,0.480253940157528
e361b7_2019-05,0.372490032636418
5ecf9b_2024-06,0.586861944876061
74b7d1_2024-06,0.6731454776836661
5ecf9b_2025-07,0.7388245986776394
8b98f3_2024-08,0.5176228650119268
74b7d1_2020-06,0.6957670280248163
1698cf_2016-05,0.720130937472541
948a11_2024-04,0.5276250303259593
fb34b4_2025-02,0.806689502974469
fb737b_2021-03,0.3945462126914399
fc77d0_2017-04,0.6321053835855203
90abb1_2016-02,0.7884257861388545
894378_2016-06,0.813360238851511
8ec563_2017-04,0.3397760243122062
b73bc7_2015-06,0.19805326247126387
06534f_2022-05,0.539141650588198
fd589c_2016-03,0.7647747767704387
06534f_2017-03,0.6333606245580604
3db670_2023-07,0.671570645844709
e4bc80_2018-04,0.3288646901479296
8ec563_2017-01,0.8107546794670896
e4bc80_2021-05,0.5426149308406172
894378_2017-02,0.763646645308782
b73bc7_2014-03,0.2218859702165214
fd589c_2015-02,0.2848547081481897
8ec563_2015-03,0.2655924820164142
8ec563_2022-04,0.17748187789718037
c580aa_2020-05,0.567711695797797
3db670_2020-08,0.623347713028476
e361b7_2018-01,0.21352851045393714
8ec563_2016-12,0.8107546794670896
06534f_2021-02,0.6030288414646965
8ec563_2018-10,0.8136682571725615
3a13b3_2023-08,0.3207571752304592
894378_2015-02,0.18256254262519883
8ec563_2016-09,0.8159132176045851
c580aa_2016-12,0.18577937136504596
e4bc80_2019-02,0.18832162575292727
3db670_2024-11,0.3939983751538954
3db670_2021-04,0.6325535606599688
b1de95_2024-04,0.7684329479037838
e361b7_2014-07,0.2628570813469966
e361b7_2014-09,0.240450987197052
3a13b3_2016-07,0.4473072442169407
b73bc7_2016-01,0.24795490257622985
e4bc80_2022-05,0.29895642988562543
e4bc80_2022-10,0.19760969825763805
c5816f_2022-11,0.20547514118883115
19fa84_2015-02,0.3054784001251529
3a13b3_2025-07,0.25256170927455096
06534f_2015-04,0.7191623662290462
894378_2020-02,0.18385985900530338
894378_2023-12,0.19146403932828276
b73bc7_2021-10,0.6043766729613136
e361b7_2020-05,0.7910894784468889
3a13b3_2016-04,0.37545511871724957
06534f_2017-07,0.5514855648431272
fd589c_2016-04,0.7807208564042771
e361b7_2018-09,0.23077218043093173
c580aa_2024-02,0.7646964497457865
8ec563_2016-10,0.8107546794670896
06534f_2021-03,0.6058192771604216
e361b7_2014-10,0.33189155689621525
c5816f_2017-04,0.8003363306588902
3db670_2016-06,0.8012353307846098
c580aa_2016-11,0.19045458508836283
3db670_2015-06,0.23269711092048392
fd589c_2019-06,0.2654297835069444
c5816f_2015-01,0.3396500708086067
c5816f_2019-05,0.4044937477639602
3db670_2015-05,0.341332806790012
19fa84_2022-10,0.2762705715086875
f4604d_2022-05,0.8143836390562308
c5816f_2014-03,0.17793185261842107
90abb1_2016-01,0.746122647690931
3a13b3_2024-08,0.7653811898086659
e4bc80_2020-11,0.5176428706980774
e4bc80_2024-05,0.3785704616981289
06534f_2017-06,0.4992301278052465
4f2b6b_2025-03,0.27259201915824843
8fabe0_2021-05,0.27230486287213695
19fa84_2019-12,0.24657193161477992
19fa84_2019-11,0.2390850892938618
6224d0_2015-12,0.5746088701238439
439fde_2024-11,0.22636108146274303
db5006_2017-08,0.538492665567943
c3a69f_2021-09,0.6479739873941267
e3af0e_2023-01,0.3880205580779236
259a19_2018-11,0.507758209893863
7aa803_2017-02,0.3561511605194447
9b46ed_2019-12,0.3884148977242445
9b46ed_2015-10,0.6599238585180409
92dcdd_2018-09,0.3266888079756976
0874ee_2017-06,0.29057291090944154
8fabe0_2020-06,0.35130008503324583
1698cf_2025-02,0.36968413744229484
db4cd8_2018-09,0.6290416313865714
88a9a6_2018-04,0.38042748951306316
b1de95_2016-10,0.7176501985460303
b416b1_2021-01,0.25812561382309485
f4604d_2022-09,0.7680541091699765
293190_2016-12,0.31737181586981805
b1de95_2016-06,0.7159816821543366
88a9a6_2020-06,0.8147565738367037
b08ec1_2017-07,0.25583555153121146
b1de95_2016-09,0.7159816821543366
e2e0ce_2015-05,0.6621796559937037
74fb1f_2016-05,0.3228898511748227
8fabe0_2016-03,0.21291376781660692
293190_2018-04,0.5694521629805294
1698cf_2017-11,0.6827054151843904
fc77d0_2021-02,0.37677502463988455
b1de95_2017-09,0.3809610235223836
b1de95_2017-07,0.2536202356030356
c48018_2021-07,0.2118805911143235
0874ee_2015-08,0.5564983020186045
18defd_2021-11,0.20161693954249907
c48018_2017-08,0.6234879690902355
18defd_2017-07,0.36125029636971073
1822ea_2016-04,0.8089743447593506
7aa803_2020-11,0.7687580901323627
c48018_2017-11,0.19026701324232045
c48018_2021-09,0.20161693954249907
fc77d0_2017-05,0.4383410822467913
fc77d0_2020-06,0.19990898557476516
c48018_2022-10,0.2118805911143235
531356_2022-04,0.5219839422560786
293190_2018-05,0.7217592363751302
c48018_2017-10,0.19658891383196403
6f5e2b_2015-11,0.50383451861707
6f5e2b_2021-04,0.5476896554980579
c48018_2016-05,0.47976543706016345
1bdb97_2025-03,0.7434828287570232
29849f_2017-08,0.2782642434308707
8fabe0_2017-11,0.5160618568785778
439fde_2019-10,0.25172949652070753
74b7d1_2017-06,0.62646210494802
c3a69f_2014-09,0.3998939312239637
0874ee_2015-10,0.6546408347925395
439fde_2019-06,0.3018708745312056
87cfea_2019-12,0.3297661324108815
e4bc80_2015-10,0.21001841155569165
83894c_2022-04,0.5630003164752201
7aa803_2017-12,0.681853874140723
60a0fd_2015-10,0.6955683395724248
e3af0e_2016-08,0.27807082296495245
4718d7_2021-03,0.2297472465438098
175155_2016-01,0.7912495603129063
f4604d_2015-06,0.5658796150683083
4718d7_2017-09,0.2055405126505921
f461d4_2021-04,0.27006590064178815
829a72_2020-11,0.35316231628253536
60a0fd_2017-01,0.5543681170654315
e3af0e_2016-01,0.2403803845631664
829a72_2021-03,0.31637136398638377
90abb1_2016-07,0.7006012505614463
829a72_2021-06,0.35316231628253536
98a151_2016-09,0.33103432604345057
5a0174_2015-07,0.2456196545688237
83894c_2020-09,0.31568993147779606
83894c_2025-08,0.47883105388805103
1698cf_2021-03,0.27217306343075076
f461d4_2016-04,0.25330091475284566
87cfea_2022-03,0.27436164803001467
99c11c_2023-09,0.24967784127916914
829a72_2016-09,0.4183894059951734
87cfea_2020-09,0.34820081112187273
60a0fd_2015-08,0.4356433593740208
5a0174_2022-02,0.44838821352715275
259a19_2018-08,0.2874309008560253
83894c_2020-08,0.7548924896128822
83894c_2021-01,0.4846592023646247
829a72_2020-07,0.31637136398638377
4718d7_2017-10,0.20893661974184785
87cfea_2022-09,0.26005995956489414
98a151_2016-08,0.3164838343212403
6f5e2b_2015-06,0.5427981328241749
87cfea_2022-08,0.4028485193112788
90abb1_2016-03,0.7006012505614463
5a0174_2017-01,0.5970775023327934
7aa803_2017-10,0.7930950545919678
98a151_2016-04,0.2517045336714383
4718d7_2021-04,0.43686739712987865
8fabe0_2016-06,0.2501940338924323
8fabe0_2018-11,0.45310217206740405
6f5e2b_2020-05,0.2909512515186494
829a72_2020-10,0.31637136398638377
d86999_2022-11,0.39692930993594544
9cf1af_2023-02,0.19946219259949424
3a13b3_2015-10,0.8008359497731418
14fe3a_2020-08,0.7987858907243957
8ec563_2018-11,0.19923397588817035
dbb709_2022-03,0.50582784119439
d86999_2023-01,0.33412023770422167
d86999_2023-10,0.613799772217577
db5006_2018-09,0.8174338619486298
14fe3a_2021-01,0.7987858907243957
0cecbd_2020-11,0.8143288700279487
d86999_2023-04,0.3469736812422804
77c35f_2023-06,0.7152424010328702
e4bc80_2015-06,0.5649732080585048
531356_2021-02,0.7920489357822671
dbb709_2021-12,0.22672279617215207
439fde_2020-03,0.3990240936066647
8fabe0_2015-10,0.20859341111699461
34889b_2016-02,0.7691583201592721
34889b_2015-11,0.7657888878846799
fc77d0_2015-10,0.282499204534775
e3af0e_2020-07,0.6878953949133717
829a72_2017-05,0.6712665915699775
b1de95_2016-12,0.8001818314643196
829a72_2018-10,0.7319162354071985
77b3b9_2016-09,0.48525983554758945
11f0e3_2020-05,0.5959138669777698
c48018_2016-07,0.652176069130105
e2314a_2020-05,0.77897283472013
b73bc7_2021-01,0.2877364890749166
9af74c_2020-06,0.6570200974753185
375f2e_2016-12,0.2214233050755466
d86999_2022-10,0.7104179326832466
375f2e_2017-09,0.4605177459773138
1822ea_2025-09,0.6075141298515743
375f2e_2017-11,0.23340507811107242
9af74c_2016-08,0.2422406111072796
b1de95_2022-08,0.8188047522869116
bc4c03_2015-05,0.36824958771490224
9af74c_2020-07,0.651917019870868
1822ea_2016-05,0.5373884639371564
bc4c03_2017-09,0.42000892229655484
77b3b9_2017-08,0.5088923922342451
375f2e_2016-04,0.44875623066699094
987bc1_2018-09,0.5124670391713748
d86999_2022-05,0.7055619225285438
d86999_2022-06,0.7479848591795524
2167be_2025-09,0.6806646169459152
99c11c_2016-09,0.6760061035958527
83894c_2024-08,0.2605911073233109
7bf5c9_2015-11,0.7564046853898427
c3a69f_2020-09,0.6461868811812282
e60b65_2018-09,0.48980218783584667
87cfea_2023-01,0.19006574087723907
99c11c_2017-12,0.7849732793567267
99c11c_2021-01,0.1942696497095495
99c11c_2019-08,0.739195314620187
83894c_2020-03,0.6792103821466344
99c11c_2020-02,0.21083162852766596
99c11c_2023-08,0.30831110793080585
439fde_2021-05,0.49327953399415836
8005b9_2020-01,0.24517070266329805
87cfea_2019-05,0.3617610772513074
c3a69f_2020-08,0.3394262751029422
87cfea_2019-09,0.6733222974020043
77e86b_2017-10,0.648128696496894
c3a69f_2021-05,0.569606371392968
83894c_2025-04,0.38321336889491925
99c11c_2023-12,0.36307174651890095
439fde_2022-03,0.7350445617582096
83894c_2018-08,0.645435907509734
439fde_2023-01,0.44038638714657286
439fde_2021-01,0.7995295074826335
83894c_2024-12,0.20121698701628077
c3a69f_2016-06,0.778508959378873
99c11c_2020-01,0.7686711824931283
99c11c_2016-07,0.7737520917307444
99c11c_2016-12,0.4808214823754745
83894c_2025-02,0.25237678725455853
c3a69f_2018-08,0.6428353525860457
99c11c_2016-08,0.5860494909122556
99c11c_2023-11,0.31888946824117886
87cfea_2023-04,0.3035655436869088
439fde_2021-04,0.4802915228731733
83894c_2018-09,0.6366233894544928
87cfea_2016-04,0.3974375637067505
d59611_2018-07,0.3076563946156766
8005b9_2018-10,0.7856989391064442
0cecbd_2017-05,0.21922988928650183
c3a69f_2016-01,0.39076375511583367
e60b65_2015-05,0.5122882161528286
e2e0ce_2017-07,0.7855666879943447
f4604d_2017-10,0.2889413869760417
bf6f0d_2015-03,0.1733876274652753
29849f_2020-06,0.3259344841911137
77b3b9_2020-06,0.563079177367148
b1de95_2023-06,0.6357546901916492
f500c5_2018-10,0.7029928437234496
06534f_2022-01,0.5188423027868543
b1de95_2023-02,0.6608618248974305
06534f_2021-09,0.6637599635013692
c5df88_2017-04,0.2779960117255408
b73bc7_2022-08,0.8129278869280935
bf6f0d_2021-03,0.18400784420964497
c580aa_2020-12,0.6059439686415773
b73bc7_2022-10,0.7735469582164358
c580aa_2021-02,0.6633081875954652
b73bc7_2022-04,0.6833681435064627
88a9a6_2018-10,0.7315526034969492
948a11_2023-11,0.5511318417546882
6224d0_2015-07,0.6139692943723534
fb34b4_2023-11,0.6135619317746007
c580aa_2022-10,0.782674592770744
f500c5_2018-07,0.5361009731436333
8d0588_2016-02,0.33428069922062326
77e86b_2021-02,0.6195720087987179
77e86b_2021-09,0.5762813175972651
99c11c_2017-04,0.6738533270364917
77e86b_2016-09,0.6244947533049048
74b7d1_2015-08,0.6861993113302021
77e86b_2016-12,0.46300723846261427
77e86b_2020-06,0.5762813175972651
77e86b_2016-03,0.6258212990427257
99c11c_2022-08,0.6916492405677415
83894c_2023-07,0.5759298761760097
8fabe0_2021-02,0.814968792727426
83894c_2023-06,0.574870588631238
83894c_2022-11,0.574870588631238
83894c_2017-06,0.31097703980199054
87cfea_2018-07,0.505167343155678
6224d0_2018-11,0.7451805633372213
99c11c_2018-06,0.4311300284378528
af81b0_2017-03,0.21196934901481476
513080_2025-10,0.6214340670928594
77b3b9_2025-09,0.4250113187448803
6838b9_2020-04,0.41172521703706744
fb737b_2020-05,0.5049812580796025
af81b0_2016-08,0.2062908528056801
7aa803_2018-08,0.28874818701577787
cd0e60_2023-07,0.726029442005167
2ab8ad_2018-09,0.2565443560111478
c5df88_2015-07,0.7719795605559685
cd0e60_2025-05,0.726029442005167
3db670_2016-01,0.7639690370500668
829a72_2016-01,0.5516101957745884
cd0e60_2024-03,0.726029442005167
4718d7_2015-05,0.26122957267804836
c3a69f_2017-12,0.6141792562654527
c3a69f_2017-11,0.6360326813806781
829a72_2015-09,0.6691676975230786
19fa84_2017-07,0.17649131938257065
439fde_2016-01,0.3373814836720934
88a9a6_2017-07,0.5061425465799523
439fde_2016-03,0.3373814836720934
77b3b9_2016-02,0.3713853884172756
1698cf_2015-05,0.5160669997734888
d86999_2024-03,0.21636509714557667
4718d7_2016-08,0.691390396178251
0874ee_2016-09,0.7285663616402551
88a9a6_2018-09,0.8019402502469737
dc4b5e_2021-02,0.8108758304312473
dc4b5e_2021-08,0.789754306445962
34889b_2017-09,0.18251324770809135
dc4b5e_2020-09,0.8023304407136795
9b46ed_2016-10,0.6735764945928979
7aa803_2016-12,0.3546607150760518
a97df3_2021-10,0.7901153592750403
dc4b5e_2021-10,0.789754306445962
e2e0ce_2017-03,0.4033231835167698
34889b_2020-07,0.2048789223541237
c5df88_2018-09,0.8061211416178142
9af74c_2016-04,0.5901771780677368
9b46ed_2017-07,0.7931146293815958
34889b_2016-04,0.3967647687834198
a97df3_2020-04,0.44776081262350437
3db670_2021-07,0.6968114771009972
74b7d1_2016-03,0.5760262873917423
99c11c_2025-09,0.7053994014971913
b73bc7_2017-11,0.7538857553922872
a97df3_2020-06,0.44776081262350437
e4bc80_2016-02,0.508390500422407
3db670_2022-01,0.6911950786047173
e4bc80_2016-03,0.3181537664007112
3a13b3_2018-07,0.7204304721458767
1b9e65_2017-05,0.8152825122411242
375f2e_2015-08,0.8098247234324665
1b9e65_2024-07,0.8102688517637544
74b7d1_2015-09,0.7580887612427697
0874ee_2017-11,0.8010144931311654
0874ee_2020-04,0.7453512855037301
7aa803_2016-01,0.44394447374597223
af81b0_2021-09,0.7764289496818468
af81b0_2021-11,0.7764289496818468
bf6f0d_2016-04,0.29636517324641887
af81b0_2022-03,0.7695543876334687
fb34b4_2022-12,0.4604992573037962
fb34b4_2023-01,0.5295077149505453
4fb2d3_2016-06,0.6933706569170719
fc77d0_2015-11,0.2475626449432627
9f1aa0_2015-08,0.3336884134322392
4fb2d3_2016-07,0.5482664126273379
fb34b4_2022-02,0.183296937323556
db5006_2016-06,0.6949101470883333
0cecbd_2016-02,0.7096102129680941
db5006_2016-07,0.3453991204512527
1b9e65_2015-11,0.21369084122882986
5a0174_2022-03,0.6470230026921253
6f5e2b_2022-02,0.761639833156276
0cecbd_2016-03,0.6578977733918719
92dcdd_2018-07,0.2501639109404829
92dcdd_2025-09,0.5155400948737145
fd589c_2015-09,0.32492386488908614
fd589c_2020-05,0.7701680464799454
439fde_2015-07,0.5878999855241066
fd589c_2020-10,0.7701680464799454
fd589c_2015-11,0.32492386488908614
fd589c_2018-08,0.19931158789301864
439fde_2015-09,0.6197070574678459
db4cd8_2020-04,0.6826743501751761
6c1954_2020-10,0.7337414048034331
987bc1_2015-12,0.2303368230509928
987bc1_2016-01,0.2303368230509928
6c1954_2020-08,0.7337414048034331
74fb1f_2016-10,0.5211007896716611
293190_2017-08,0.7911416234298996
293190_2015-10,0.21213011205143148
74fb1f_2016-06,0.35623401339982863
e2e0ce_2015-11,0.5358607631639378
7aa803_2016-08,0.26322941225090274
88a9a6_2016-09,0.40549887799945206
c5816f_2018-07,0.2041378923057377
9f1aa0_2025-09,0.658502473392742
f1543b_2025-09,0.19551205063354618
19fa84_2016-11,0.1979904277927258
894378_2016-09,0.21250885377293455
19fa84_2016-09,0.1979904277927258
8ec563_2015-05,0.18049579900795182
19fa84_2016-04,0.22743063489037252
e7a56d_2016-03,0.5907428473830189
fd589c_2016-11,0.20200784160162347
8ec563_2015-08,0.18525970246665177
0874ee_2021-02,0.20810813462808947
894378_2016-08,0.20252551127582713
894378_2016-11,0.21250885377293455
bf6f0d_2015-11,0.2721603567744607
b59bc0_2017-07,0.18916245817030447
b59bc0_2016-07,0.3190186451263637
b644ac_2024-04,0.40516075360635745
83894c_2016-11,0.689343846621805
83894c_2016-10,0.6684214014292433
83894c_2016-06,0.369679791241066
83894c_2016-07,0.3552076526715854
83894c_2016-12,0.7541597641950438
4fb2d3_2025-09,0.35722677506341677
a42d13_2020-10,0.3505335578209742
a42d13_2020-08,0.3505335578209742
6838b9_2018-11,0.3791506242404169
a42d13_2020-03,0.3505335578209742
c48018_2016-02,0.7270267484342495
c48018_2016-03,0.6322469605109793
a42d13_2021-04,0.35223147799088766
a42d13_2023-02,0.36046630068788066
a25664_2016-11,0.731161764342207
6f5e2b_2016-02,0.7957974828222505
e60b65_2016-11,0.49333837232395766
1b9e65_2020-11,0.7093870110024211
4fb2d3_2017-09,0.3102991889050968
1b9e65_2020-10,0.6902126583089778
531356_2015-06,0.23199300624934843
894378_2020-08,0.7888706162862624
c5df88_2015-06,0.7215717867981553
175155_2017-12,0.38905815368768437
d86999_2020-10,0.7267820181720197
375f2e_2016-02,0.6180505514795158
29849f_2016-03,0.7291391982398381
b416b1_2017-09,0.3394899533505766
29849f_2017-11,0.6851381351405832
531356_2021-06,0.46240005970310893
531356_2021-09,0.8057340572723686
29849f_2015-07,0.5920839244545192
1822ea_2017-01,0.5375157203924955
531356_2021-08,0.8158908011389198
1b9e65_2015-06,0.7957491517465728
6838b9_2017-11,0.41354567089931366
f4604d_2020-05,0.807782115176745
b73bc7_2016-02,0.7509235724288883
29849f_2016-10,0.5089765294679434
b73bc7_2016-03,0.7251403163752901
c5df88_2024-09,0.7957741634371459
c5df88_2025-11,0.7957741634371459
293190_2025-09,0.7943742620043299
b08ec1_2016-10,0.2258225748427698
c5df88_2020-06,0.8076768176884686
7aa803_2025-03,0.6874736501305337
c5df88_2023-12,0.7901576569407596
2ab8ad_2016-08,0.346691247974303
b73bc7_2017-12,0.63905397902841
c5df88_2021-10,0.750182350466982
293190_2025-11,0.7943742620043299
b08ec1_2016-09,0.23614736682912882
293190_2015-07,0.7301205098606219
293190_2018-11,0.6205189577690218
f4604d_2017-01,0.25623743991683223
88a9a6_2016-04,0.6956630250611348
c5df88_2025-08,0.7901576569407596
293190_2025-03,0.7890231312935454
293190_2025-07,0.7890231312935454
c580aa_2014-03,0.48651623254522125
9af74c_2015-11,0.737841520238564
9af74c_2016-01,0.7118632455247591
7a007d_2017-12,0.7108485198497927
b416b1_2015-08,0.28081503419608606
18defd_2015-05,0.21031930204733698
b08ec1_2015-05,0.7210344174139821
7a007d_2023-09,0.718516323464168
e7a56d_2016-05,0.3474448530767326
e7a56d_2016-09,0.34770864810059565
7a007d_2015-07,0.38127363446055107
7a007d_2015-05,0.2064797818337447
7a007d_2017-11,0.30102303444605244
7a007d_2022-02,0.7163331478004294
7a007d_2015-08,0.5081695413232235
7a007d_2021-02,0.7163331478004294
7a007d_2022-03,0.7051593775227432
7a007d_2022-09,0.718516323464168
8d0588_2020-05,0.6347228652238945
8d0588_2018-09,0.6610595419644004
b59bc0_2018-09,0.6796255778161371
8d0588_2016-09,0.3917289815044235
e60b65_2025-09,0.4953198766082065
ab32d7_2024-03,0.5795475745497738
439fde_2023-08,0.4453675013772668
c3a69f_2024-03,0.25602448102874586
f4604d_2015-08,0.5442434722866156
77e86b_2021-11,0.24481164874432287
c3a69f_2023-12,0.20437729272887034
77e86b_2022-02,0.22019878583176955
77e86b_2025-04,0.30385706276248353
77e86b_2015-07,0.7280907830065568
74b7d1_2023-10,0.6828883673000653
74b7d1_2015-03,0.26281259276065005
74b7d1_2024-05,0.6761882987281224
439fde_2025-07,0.39258016845937976
1b9e65_2022-09,0.4686560125251929
439fde_2023-09,0.2885024447137984
c3a69f_2025-08,0.3920499470230324
c3a69f_2025-07,0.3676220805725727
8b98f3_2023-09,0.5105909624130653
77e86b_2019-06,0.27749530608662143
77e86b_2024-07,0.3658530484822369
77e86b_2015-01,0.21831824554295337
c3a69f_2024-04,0.3032357143095136
74b7d1_2022-01,0.27127668047292935
2ed4f9_2025-04,0.33869708308601926
8b98f3_2023-08,0.5776035170458854
77e86b_2015-04,0.2633755993475428
8b98f3_2024-05,0.8100244742604742
c3a69f_2022-02,0.2307633642658856
c3a69f_2014-11,0.4084628942794347
302d40_2025-01,0.23374914849718978
fc9334_2022-09,0.2774834336650003
8e41cf_2021-10,0.3723599752902288
b26809_2023-11,0.20371733752521112
f461d4_2019-05,0.4112729114581932
259a19_2018-06,0.18226639688777904
2ab8ad_2022-11,0.21145415114179186
7aa803_2025-06,0.34308197900236537
9b46ed_2021-07,0.7437491771372157
829a72_2025-08,0.1833798420208177
bfbeef_2024-12,0.18871947540723627
98a151_2019-03,0.22818025333703504
77c35f_2024-03,0.1959696317784598
829a72_2024-06,0.24112401786871218
dbb709_2025-02,0.1933771671261591
d86999_2020-03,0.7252864698078129
fc9334_2015-05,0.22421774110969409
fc9334_2022-10,0.2033480153249861
8e41cf_2018-04,0.19519733001051884
6224d0_2019-03,0.17369081189018618
a25664_2015-01,0.17231937284170706
293190_2021-11,0.452463732336148
293190_2022-09,0.3277336658404434
e2e0ce_2016-08,0.27917550146884046
e2e0ce_2016-09,0.5414721061085074
e2e0ce_2025-06,0.17931994664297787
74fb1f_2015-07,0.3009137209466687
9b46ed_2019-09,0.4467992242061049
d86999_2017-04,0.21035025795880807
829a72_2023-10,0.2943687076134647
fc9334_2017-04,0.1803961570829812
d86999_2018-02,0.19680444748573905
780a0b_2018-12,0.21259232298405967
fc9334_2016-09,0.17468546590536355
0874ee_2021-07,0.3793904426395726
fc77d0_2024-11,0.31889378542919533
fb737b_2025-04,0.2822515658717274
c5df88_2022-02,0.2635945384360123
7aa803_2021-01,0.5496425067720435
7aa803_2022-01,0.26747187645253423
7aa803_2025-01,0.36851861775536854
88a9a6_2019-01,0.577232254865007
88a9a6_2024-06,0.2566963451463318
9b46ed_2015-08,0.23648878067395346
9b46ed_2023-04,0.44604543891411297
60a0fd_2024-08,0.2274410702461612
d86999_2022-09,0.5979606800315633
d86999_2023-09,0.4060352904329214
4fb2d3_2018-04,0.17255993908809086
74fb1f_2019-05,0.5037401539762731
7aa803_2022-10,0.22495966048713215
8fb6f0_2025-03,0.17343027275641862
fc9334_2019-07,0.1814854277423505
9cf1af_2022-01,0.6381194310083642
fc9334_2016-11,0.1728769451492002
fc9334_2021-09,0.17980434519317595
8fb6f0_2022-07,0.7073187856973406
8bd3ce_2024-06,0.2143723787142564
8e41cf_2023-06,0.20206753882437073
8e41cf_2024-03,0.2081816139935771
e60b65_2015-01,0.17446756232964128
bc4c03_2021-09,0.2613173755487516
2ab8ad_2023-06,0.2477457095086403
74fb1f_2023-11,0.19055017600731614
88a9a6_2017-02,0.42403201224993436
88a9a6_2019-04,0.24680596834293844
0f9e86_2025-06,0.2320509501302647
77c35f_2022-10,0.5537873648501282
b26809_2016-12,0.17915698782364084
b26809_2023-07,0.17549190179164337
bc4c03_2022-03,0.6833418085472687
9b3bd5_2025-06,0.6261186666505556
293190_2014-11,0.4014009784596085
e2e0ce_2015-07,0.4000045734179351
2ab8ad_2025-08,0.2079175241550013
c5df88_2014-10,0.3363180272716777
9b46ed_2018-06,0.6691495742520497
9b46ed_2019-06,0.6231683454465108
829a72_2024-05,0.19240583968123942
60a0fd_2022-12,0.3783163509558672
d86999_2022-03,0.23997487244782595
0ffc2d_2019-08,0.19810287826570822
8e41cf_2015-03,0.18678008034763233
731908_2016-02,0.1817429915449251
293190_2024-05,0.3970600987885388
e2e0ce_2022-07,0.23314342173069172
2ab8ad_2022-04,0.232970200262801
c5df88_2015-01,0.35150765947116086
c5df88_2021-09,0.2730738278399037
c5df88_2022-05,0.5617389031860738
9b46ed_2018-12,0.557615111428794
8fb6f0_2020-03,0.6351587011329936
dbb709_2024-01,0.19064165278551545
9befc8_2022-06,0.45971333060883257
60a0fd_2021-04,0.7112652070821099
fc9334_2025-08,0.4457058945820786
fc77d0_2022-03,0.18035404546557907
f461d4_2019-08,0.18094140382528273
293190_2017-02,0.7877077326504701
e2e0ce_2024-11,0.20633482632484185
88a9a6_2021-04,0.35661122631990705
88a9a6_2023-01,0.21349885297753515
0f9e86_2022-12,0.19716822429702816
8bd3ce_2025-03,0.24494748326779786
11f0e3_2021-12,0.23089567065311217
b26809_2017-02,0.1872109740043359
b26809_2021-05,0.17498019627009292
9af74c_2023-10,0.4565738606852635
6224d0_2019-07,0.17959957560315898
175155_2025-01,0.6893598936716346
293190_2014-09,0.6270805368868284
293190_2019-06,0.233805755964445
293190_2021-07,0.8157005667108296
74fb1f_2025-05,0.2982925830321817
8e41cf_2024-04,0.19360488578311183
98a151_2022-06,0.32320919817261695
e427f8_2022-03,0.5847637258251089
302d40_2023-03,0.24603376159120796
d86999_2025-02,0.203079922434429
8bd3ce_2018-03,0.23149701679329326
b26809_2022-07,0.45813117959927274
74fb1f_2020-12,0.23405409801955407
74fb1f_2021-12,0.4572021369469879
11f0e3_2023-04,0.18015360882021053
d86999_2019-08,0.5688709121367284
fc9334_2018-11,0.1844088055532815
8e41cf_2024-11,0.3557405636886196
b26809_2021-12,0.24804301344846352
9b46ed_2015-03,0.7229484429622592
9b46ed_2024-11,0.30394034827522043
e2e0ce_2019-01,0.5820908945023424
780a0b_2020-03,0.1849551601859262
77c35f_2023-01,0.5401744075628255
e427f8_2023-04,0.44126114298414676
d86999_2015-07,0.3873489175765976
8bd3ce_2025-08,0.5225923931568647
8bd3ce_2024-03,0.2821898666440493
8e41cf_2022-07,0.3802349355838036
b26809_2014-06,0.42973072402570445
e2e0ce_2024-12,0.28128645496169186
60a0fd_2022-05,0.7134115455494335
8bd3ce_2015-01,0.23416028272527564
b26809_2022-04,0.19953479994697162
b26809_2022-08,0.2192160683940131
8fabe0_2019-01,0.18146840477313578
e2e0ce_2019-05,0.284045786006035
74fb1f_2018-06,0.42076013514122146
77c35f_2025-07,0.5713131796949563
829a72_2018-03,0.7652234231012554
dbb709_2024-11,0.467491856352933
60a0fd_2024-09,0.2127887121569522
d86999_2024-06,0.7266094628788772
8bd3ce_2023-12,0.1798373358434237
8e41cf_2020-02,0.19165087701407368
8e41cf_2022-09,0.17439838020680024
8e41cf_2022-10,0.17575442960263585
b26809_2022-03,0.18873509318225407
14fe3a_2019-04,0.1762664740402796
987bc1_2022-02,0.17341987577323104
e60b65_2018-01,0.6898332171431767
a25664_2017-02,0.6682819485369074
e2e0ce_2023-10,0.26255432644263976
c5df88_2018-03,0.60238354579709
3db670_2015-01,0.19458073337852275
780a0b_2025-01,0.1794089928126541
0f9e86_2022-04,0.17611279951072872
bfbeef_2023-02,0.18824240705249062
9cf1af_2025-03,0.29487347472300407
d86999_2017-02,0.18561534812944777
d86999_2018-04,0.20335523241769288
d86999_2020-01,0.36268693879063085
780a0b_2019-05,0.18153247366943556
8bd3ce_2017-03,0.2153934241667618
b26809_2024-06,0.22236234986339803
987bc1_2015-01,0.17551045844334107
987bc1_2020-08,0.4848838863781575
a42d13_2018-01,0.6812982786647646
e2e0ce_2016-07,0.34604892133507054
d86999_2023-08,0.5052104422541284
8bd3ce_2020-03,0.20648637831880046
8e41cf_2025-05,0.7351069035643849
34889b_2019-02,0.17216488684213158
fc77d0_2022-12,0.28419104360663816
a25664_2025-08,0.2313079494366388
293190_2020-12,0.19928888655147545
e2e0ce_2023-04,0.48739701691991827
2ab8ad_2022-10,0.5177577848984332
9b46ed_2025-04,0.3674682692191811
11f0e3_2023-07,0.17730841248196721
98a151_2022-07,0.20561439546897406
8bd3ce_2015-09,0.27291777908935166
60a0fd_2022-03,0.5848062362534178
d86999_2018-07,0.2214086736054342
d86999_2023-03,0.36170763913067056
8e41cf_2021-08,0.2047094378399555
fc77d0_2023-04,0.304863733659115
9af74c_2023-07,0.4003026157568028
259a19_2019-05,0.272078436323128
e2e0ce_2017-08,0.7950490787826882
2ab8ad_2017-03,0.5061958487670652
2ab8ad_2022-01,0.6516255774911481
88a9a6_2020-12,0.2385829861105036
9b46ed_2022-09,0.425110589024826
9b46ed_2023-11,0.2830986631613571
829a72_2019-07,0.4329987804429341
dbb709_2022-05,0.7727309374102667
e427f8_2023-03,0.33996707993441183
b26809_2016-06,0.1783490052548115
8bd3ce_2020-12,0.25915992246142716
b26809_2015-04,0.19607553929227364
b26809_2020-12,0.18110082558027574
fc77d0_2018-05,0.17849922708775576
987bc1_2024-12,0.20543540551333658
293190_2018-02,0.49670874744901605
e2e0ce_2018-10,0.7299897116461871
7aa803_2018-12,0.47484903573601683
7aa803_2024-11,0.7686121074484552
829a72_2025-06,0.1904867820034597
8bd3ce_2019-07,0.17732516325446587
e3af0e_2023-09,0.6894009525898249
a25664_2024-12,0.2062238521285825
293190_2023-09,0.4600221414408189
9b46ed_2023-06,0.5259898212434797
9befc8_2022-05,0.42423304319700506
e3af0e_2025-04,0.32079179517815415
bfbeef_2022-12,0.17262587155856748
fc9334_2017-10,0.17184637058637703
9cf1af_2022-03,0.5321404995379533
e427f8_2022-12,0.2798778887845602
b26809_2015-12,0.20401738134491634
fc9334_2023-09,0.21828199459574266
8bd3ce_2018-06,0.17502987612654125
8bd3ce_2021-04,0.17320872542283147
9af74c_2019-06,0.2817307223766893
1698cf_2019-02,0.19160169204956617
1698cf_2019-09,0.17698550344830905
bc4c03_2023-01,0.1751456988833974
2ab8ad_2020-12,0.29947016455572373
c5df88_2022-08,0.5074904870700679
c5df88_2022-09,0.37156626681924754
11f0e3_2025-08,0.20170343784257855
77c35f_2022-09,0.6792138084636388
d86999_2017-03,0.19994346806151148
d86999_2024-12,0.47631806867234916
fc9334_2015-03,0.18859786756745142
b26809_2024-07,0.17546978445022868
db4cd8_2019-05,0.24490016904309403
293190_2017-05,0.7749719281950935
74fb1f_2021-09,0.26560710481569605
88a9a6_2018-12,0.3662650945617975
9b46ed_2025-03,0.6636673620883379
780a0b_2024-06,0.3822636396451295
9befc8_2023-08,0.264757415701715
d86999_2019-01,0.41840452882522305
dbb709_2022-07,0.7070374418330906
d86999_2019-11,0.20589813805480536
b26809_2022-11,0.1797174492554941
8bd3ce_2024-01,0.18346501617106137
b26809_2021-11,0.18420968657207448
265164_2023-10,0.19839698063035935
1698cf_2018-12,0.1841621346618762
e60b65_2024-05,0.17876412914119694
a25664_2021-11,0.5841110113181335
293190_2023-11,0.2482558558425354
88a9a6_2015-01,0.22680087472076815
88a9a6_2016-10,0.4141691641949892
88a9a6_2023-02,0.31003725787582653
9b46ed_2022-11,0.5027892667524786
e2e0ce_2019-09,0.2586193479025594
60a0fd_2025-03,0.22954125795044295
d86999_2016-03,0.30288057738436924
98a151_2021-03,0.795859090137933
9cf1af_2023-09,0.26667692485532457
9cf1af_2024-04,0.4668762751027312
9cf1af_2025-02,0.2183452693847502
6838b9_2018-12,0.21876809166925515
293190_2018-06,0.5541610145355046
293190_2021-05,0.502446195150813
c5df88_2021-11,0.4792151390670023
9cf1af_2023-10,0.4909961280097922
265164_2023-09,0.19275066863628004
f461d4_2018-12,0.20047289950622185
293190_2015-02,0.1999007520811227
c5df88_2014-12,0.55388400714105
c5df88_2016-02,0.5093443207845045
74fb1f_2023-03,0.34155571900025883
98a151_2020-10,0.7491432724598438
d86999_2025-04,0.3797992562454121
fc9334_2017-05,0.17311996047403724
fc9334_2022-04,0.20531796818967663
fc9334_2025-07,0.41230529779177677
8bd3ce_2017-04,0.17680099844150457
b26809_2019-05,0.2650718666201916
7aa803_2021-04,0.2745497831437797
780a0b_2020-08,0.1887874517767002
510fbf_2024-09,0.8182180147039928
9befc8_2015-06,0.2264207537693022
fd589c_2017-03,0.2615374392476011
c5df88_2015-12,0.2181433021629883
731908_2023-03,0.19644405284624553
8fb6f0_2014-03,0.18571833363093415
c5816f_2019-08,0.5267470199216009
8ec563_2024-08,0.40794799196690584
8ec563_2025-03,0.22926155857552627
e361b7_2022-12,0.240081094290705
9f1aa0_2014-12,0.20006844369067195
9f1aa0_2021-12,0.19159530923373472
8ec563_2022-11,0.18440578951425798
fa8553_2025-01,0.18836572938208795
bfbeef_2022-01,0.17479206795857335
894378_2019-09,0.2782215880625554
c5816f_2021-01,0.794368310400032
bc4c03_2024-06,0.22408950158016822
780a0b_2019-11,0.17547674245111972
8fb6f0_2023-05,0.24683602299275081
9af74c_2018-06,0.46185479628760995
9af74c_2022-05,0.18910059922707703
513080_2022-06,0.1815561118570394
9f1aa0_2021-09,0.4487920548612495
bfbeef_2015-10,0.23140788541927657
8fb6f0_2020-12,0.23978511044178571
c5816f_2022-09,0.17730928217952385
c5816f_2023-05,0.45928716849278606
8ec563_2021-09,0.2753962203582942
fd589c_2020-02,0.1789566570311889
bc4c03_2024-07,0.35006569633413676
513080_2023-01,0.1827161742876588
fa8553_2023-05,0.2015345486000169
fa8553_2025-05,0.2445866181233637
510fbf_2022-12,0.19611358905615206
bfbeef_2023-11,0.17363266862211835
8ec563_2022-12,0.2829362369879312
19fa84_2020-02,0.17499892154110178
fd589c_2019-01,0.23124443666884287
e361b7_2022-01,0.7450696532211283
c5816f_2021-05,0.6485122358559801
fd589c_2018-01,0.5767464632587918
bc4c03_2025-05,0.3241467707263542
9f1aa0_2024-12,0.1832430203255761
8fb6f0_2015-05,0.1918833209274101
c5816f_2022-03,0.18730848989832474
c5816f_2025-02,0.23190292706002608
19fa84_2020-03,0.6814646870593233
513080_2022-05,0.19587668068153885
780a0b_2016-01,0.2270864948104038
c5816f_2024-11,0.17734410661918443
8ec563_2014-12,0.199013437253879
9af74c_2018-12,0.4722872929020544
9af74c_2019-01,0.22174423595631873
731908_2015-07,0.40185777387768995
894378_2019-01,0.24865710541697736
19fa84_2019-09,0.7786607899626736
e4bc80_2018-05,0.269760599492082
e4bc80_2023-10,0.27604192165874364
894378_2023-07,0.2298292777140941
894378_2024-12,0.18942767014806144
c5816f_2024-08,0.44956258841109137
731908_2014-10,0.20360069854869778
bfbeef_2021-01,0.23641672078636294
894378_2018-03,0.4573976444197251
c5816f_2025-07,0.3730438932729637
fd589c_2021-10,0.40708797871834507
e361b7_2021-12,0.21526179755415414
e4bc80_2021-08,0.33966810355066734
e4bc80_2021-12,0.19976425215269744
9f1aa0_2024-06,0.18300877211760713
c5816f_2022-07,0.3197316366547594
8ec563_2019-06,0.33784991972197503
fd589c_2023-08,0.4544958128744206
510fbf_2022-10,0.8159052933439247
8fb6f0_2014-09,0.196574761301179
c5816f_2021-03,0.8133752931723057
6c1954_2024-11,0.18299513370417886
e361b7_2023-11,0.36681194324013056
513080_2023-03,0.22070606006900154
fa8553_2023-08,0.40536624910908764
11f0e3_2015-08,0.25387042647056235
8ec563_2024-06,0.23910424107103045
19fa84_2022-05,0.2138630093369569
e361b7_2022-08,0.1836932539880208
77b3b9_2025-07,0.7636298656544953
9f1aa0_2022-11,0.7928705940340024
731908_2020-03,0.33461628838927904
894378_2024-11,0.17300022166397117
8ec563_2023-01,0.1832094130169681
e4bc80_2022-02,0.1961770978140352
9af74c_2024-03,0.8228158563349925
bfbeef_2016-03,0.21766783391737965
8fb6f0_2016-01,0.19443158863368967
894378_2021-11,0.25425546853260456
894378_2024-03,0.18132666277651519
894378_2024-10,0.2718367473526756
c5816f_2024-04,0.24731783007310287
19fa84_2020-11,0.7924948900911604
19fa84_2023-01,0.19480957757444486
9f1aa0_2018-02,0.2448100167841103
fa8553_2022-04,0.2037682635442429
510fbf_2022-07,0.18918088876265818
531356_2021-12,0.7822620918497059
c5816f_2020-03,0.5428735599072493
8ec563_2024-01,0.18065457100749205
19fa84_2025-05,0.2535942689061074
fd589c_2024-02,0.1842713566160398
e4bc80_2022-04,0.20184879947975273
9f1aa0_2020-09,0.18249763342906616
fa8553_2022-08,0.22836579015032252
894378_2024-04,0.215740304101731
c5816f_2018-05,0.3626158143967998
19fa84_2015-03,0.29980125364569865
e361b7_2022-06,0.3841291556612099
e4bc80_2024-12,0.17977461854865995
e4bc80_2025-05,0.2207580472777262
e361b7_2020-02,0.5372890766855691
77b3b9_2024-11,0.7476943111754727
513080_2024-06,0.3891887771377678
e4bc80_2021-07,0.5195606380252802
9af74c_2024-01,0.21579505552161526
9f1aa0_2024-03,0.22759785262372403
731908_2015-08,0.41714770079176644
894378_2021-03,0.8056027307431354
8ec563_2024-04,0.327274039879993
e361b7_2025-05,0.4148367737249082
9f1aa0_2020-01,0.20926684499888
9f1aa0_2022-03,0.18360273303333938
731908_2014-08,0.21740585927397715
19fa84_2024-03,0.2915933602514992
e4bc80_2019-03,0.21299750745127052
e4bc80_2019-04,0.3027307382054375
6c1954_2019-09,0.2576666814058363
510fbf_2024-12,0.2024571383091625
e4bc80_2020-10,0.7452314366555391
bc4c03_2019-02,0.1745493440072714
9af74c_2025-04,0.6454738658316315
9f1aa0_2015-05,0.6087015986960562
bfbeef_2025-01,0.17835976951610913
8fb6f0_2020-02,0.18799501935012192
894378_2019-03,0.19358564334431
83894c_2019-10,0.37937681986005256
87cfea_2022-04,0.3496381708542037
9befc8_2024-10,0.7561219119898803
4f2b6b_2024-11,0.33965690427497847
77e86b_2022-12,0.31415246383276835
99c11c_2024-02,0.6144753278928029
8fb6f0_2024-05,0.17714858691403834
0f9e86_2016-08,0.23973194246885687
9befc8_2017-05,0.20754808341198078
f500c5_2019-02,0.19306944721477426
83894c_2022-08,0.3731984195711333
9befc8_2019-06,0.2193993314118802
f1543b_2024-08,0.30780298308260506
f500c5_2025-01,0.18321417127850945
11f0e3_2016-12,0.2035439122236456
780a0b_2021-10,0.2804375096060818
0f9e86_2021-12,0.2544505242448404
0f9e86_2025-03,0.18045222778014028
7bf5c9_2018-12,0.1758072750604856
87cfea_2024-02,0.20942436387734337
7bf5c9_2021-04,0.3411397480734026
3db670_2018-02,0.20248303205419096
99c11c_2021-11,0.20998032471332073
99c11c_2024-03,0.2256401191698819
0f9e86_2018-10,0.2651367519511275
9befc8_2020-04,0.4638775864962696
f1543b_2023-02,0.18107313543905776
c3a69f_2023-05,0.4215366593916413
0f9e86_2016-12,0.17587332778442968
0f9e86_2017-01,0.17599684031847354
7bf5c9_2022-09,0.3453875710127655
f1543b_2018-02,0.18144143813299818
87cfea_2023-03,0.23272797655637198
87cfea_2024-11,0.3333233909710148
11f0e3_2018-11,0.19707139303383864
780a0b_2023-11,0.26854402349446505
731908_2024-05,0.3010871730818039
9befc8_2022-11,0.20903362098368872
9befc8_2025-01,0.17516920706141648
f1543b_2024-03,0.18522483335119042
83894c_2024-09,0.5988288419572505
731908_2024-02,0.19484311008174418
99c11c_2019-07,0.442292696577076
8fb6f0_2025-06,0.17385387565842722
0f9e86_2022-05,0.3836889516755535
87cfea_2023-08,0.34911083111076213
731908_2018-09,0.18847750660448742
731908_2020-09,0.18565375832558142
11f0e3_2020-08,0.8190500156784234
11f0e3_2021-09,0.17242796182090633
780a0b_2015-09,0.26907674031446127
780a0b_2019-01,0.17224981097089273
8fb6f0_2017-10,0.17360547134928853
7bf5c9_2021-08,0.28364360071061917
f500c5_2020-12,0.19450122953503113
f500c5_2024-11,0.19541490161193256
c3a69f_2019-11,0.2812911951652401
8fb6f0_2021-09,0.8216645829718333
9befc8_2025-02,0.27095107465063695
f500c5_2022-09,0.6551218727426454
c3a69f_2023-02,0.7447022925956812
87cfea_2023-05,0.3196299448812036
780a0b_2018-10,0.19165465117189867
8fb6f0_2019-04,0.1788640212557586
7bf5c9_2021-10,0.20230414191373985
4f2b6b_2024-06,0.23197381184356888
9befc8_2018-07,0.25833761627779345
f1543b_2023-08,0.19459410815497283
f500c5_2018-02,0.19074276961530598
f500c5_2020-05,0.19755107906164074
f500c5_2025-08,0.24368958307216576
6838b9_2019-06,0.23233432525810827
87cfea_2019-01,0.19875602111132676
731908_2017-07,0.18330062641919803
731908_2017-11,0.17462116882990047
731908_2018-06,0.20638175087596097
731908_2024-11,0.212664977004263
780a0b_2025-06,0.17869329007323032
8fb6f0_2015-02,0.18752234093056086
8fb6f0_2020-11,0.2179834912227247
7bf5c9_2021-07,0.2010183024457466
f1543b_2021-04,0.18112434614765927
b1de95_2019-04,0.25403368936292303
8e41cf_2019-12,0.36085425483102773
780a0b_2017-10,0.17623434414013756
8fb6f0_2018-12,0.1746372283023634
0f9e86_2021-01,0.3018326543636415
0f9e86_2023-04,0.18373012779526676
9befc8_2016-09,0.3328817868519075
9befc8_2016-11,0.18938640330413187
9befc8_2017-02,0.18617353081919683
8fb6f0_2016-10,0.18605939216109307
f500c5_2020-11,0.18262665745818563
f500c5_2023-06,0.26514384632538374
87cfea_2020-12,0.20590049246548547
731908_2023-07,0.17657528311291376
11f0e3_2020-03,0.6107126903120166
8fb6f0_2019-02,0.1808741684627503
8fb6f0_2022-10,0.2846022462605216
8fb6f0_2017-08,0.2207240499147344
0f9e86_2017-11,0.2662619780328298
3db670_2019-06,0.38987299701462574
731908_2023-10,0.3698114616090463
0f9e86_2020-12,0.35624346541139806
f1543b_2024-05,0.26421716594178923
f1543b_2025-05,0.8151920337207542
1b9e65_2025-02,0.35568171020013545
87cfea_2020-11,0.20608415835606236
87cfea_2024-07,0.43121109466484525
8e41cf_2020-08,0.18476854578356766
780a0b_2017-11,0.17686811398777152
780a0b_2022-06,0.4427860479524286
7bf5c9_2019-03,0.1997105299643312
83894c_2022-10,0.6638339987752722
8fb6f0_2023-06,0.2522308267416199
7bf5c9_2024-06,0.20664676203030247
f1543b_2024-06,0.2478023254442676
fd589c_2018-07,0.5220741104921164
e7a56d_2018-04,0.32921613245529147
e7a56d_2024-06,0.46982019185920426
4718d7_2025-02,0.327168404912868
f461d4_2024-10,0.568750339252883
d59611_2019-12,0.19867396140715007
14fe3a_2018-01,0.5271200241159237
1698cf_2016-03,0.5100187286987407
8fabe0_2019-04,0.18772039041645408
b416b1_2015-03,0.17414109018677054
b08ec1_2025-06,0.23807383777108812
34889b_2023-10,0.18894765066549227
894378_2015-08,0.20486063682149463
894378_2015-11,0.21016770070963914
8fabe0_2024-06,0.21605868699995118
d59611_2023-10,0.26418703285573497
d59611_2025-05,0.3588963078831567
34889b_2022-02,0.2766965470250007
14fe3a_2019-03,0.22602078684228016
c5816f_2017-02,0.8133884228077406
60a0fd_2019-04,0.3474212970354244
18defd_2023-04,0.2278515922645889
5a0174_2020-03,0.2650271919726954
14fe3a_2024-11,0.4597348211148124
fc77d0_2025-07,0.20263155721389636
77b3b9_2015-03,0.2221742857088213
14fe3a_2022-11,0.7662659410667405
c48018_2019-03,0.43183006486509107
894378_2015-06,0.1816890783524423
894378_2015-12,0.20486063682149463
e60b65_2015-09,0.21138925089900415
e361b7_2022-04,0.1831323175653159
c48018_2025-06,0.36279769964269365
b416b1_2019-01,0.17384549410824918
b416b1_2023-10,0.1845780147809796
db4cd8_2020-08,0.44568122920720166
b08ec1_2022-07,0.2330018810842905
fc77d0_2025-02,0.33288360616062296
bf6f0d_2023-08,0.5333331129126584
4718d7_2014-09,0.2062808199515585
19fa84_2017-08,0.22140552758940918
8fabe0_2022-03,0.178918660275191
6224d0_2018-06,0.3479947598880434
894378_2015-04,0.4450408558747254
e60b65_2015-10,0.5329694309348175
e4bc80_2020-08,0.21237458649647362
18defd_2018-12,0.41326588759545774
5a0174_2014-07,0.18440179407668786
0874ee_2019-11,0.46548313831267885
34889b_2023-11,0.19214916321767705
b08ec1_2024-07,0.21086877264202836
db4cd8_2022-01,0.7736756035008792
b08ec1_2024-05,0.3157112695652476
90abb1_2020-03,0.5428929615151611
e4bc80_2015-03,0.21596862712853104
14fe3a_2024-12,0.5666204516525479
db4cd8_2024-10,0.7875981178491995
19fa84_2015-06,0.17903794729066855
e4bc80_2017-12,0.3576197545710694
e7a56d_2018-02,0.2999000774968036
e7a56d_2018-03,0.5018124369069776
8fabe0_2024-10,0.49131824672655056
77b3b9_2023-04,0.5722929251913491
bf6f0d_2022-07,0.4489365947688436
fc77d0_2019-09,0.1856946856861164
c5816f_2015-04,0.6466808398338271
c5816f_2015-11,0.20824000833699513
c48018_2019-04,0.5616113741768872
4718d7_2021-01,0.3930151643421136
db4cd8_2024-12,0.7954556846970919
175155_2015-03,0.17517442455685672
14fe3a_2023-06,0.6829842199325725
b416b1_2017-01,0.6255225199334958
f461d4_2014-04,0.18123490775146056
6838b9_2024-11,0.5463705063871912
db4cd8_2014-05,0.1767273412595952
14fe3a_2021-11,0.6623224400651891
259a19_2022-08,0.3366635751397241
0ffc2d_2019-11,0.1726725438083543
c5816f_2020-09,0.5916594138490312
19fa84_2025-03,0.5234722487268118
e4bc80_2014-11,0.20823049380504774
259a19_2015-03,0.1783664386282633
8005b9_2025-07,0.5691743603568018
06534f_2019-03,0.22747626078715708
5a0174_2024-10,0.5590853528339879
1822ea_2015-04,0.7130748616341803
e7a56d_2015-04,0.636520391722742
4718d7_2018-03,0.6806618591989608
f461d4_2022-04,0.22136880746455923
d59611_2014-07,0.18815835596950267
0874ee_2020-09,0.5733489046814801
175155_2019-09,0.1887351289704114
e4bc80_2017-07,0.18528670548728324
e7a56d_2018-05,0.5403101145620751
18defd_2015-03,0.33384355737454374
18defd_2023-06,0.3883588140111271
d59611_2019-11,0.2298498237335201
d59611_2023-12,0.7293718024782889
14fe3a_2022-03,0.2338879650628511
8005b9_2015-01,0.1843363944411
06534f_2018-02,0.2810677688771061
5a0174_2020-12,0.5851107930400345
6838b9_2019-05,0.20778916692425192
375f2e_2019-08,0.30911417536313857
18defd_2025-02,0.45824328230189576
b416b1_2024-02,0.20111627349144778
db4cd8_2024-05,0.726759995722406
8005b9_2023-04,0.2280668851505136
bf6f0d_2025-05,0.30344483577904263
894378_2016-04,0.2178742206984649
c48018_2019-10,0.5107349012102793
d59611_2022-10,0.5869479795234259
14fe3a_2022-02,0.3505785362014652
9af74c_2019-02,0.1724069730148407
77b3b9_2025-04,0.5530427595882739
e7a56d_2021-01,0.7693937410620062
18defd_2018-01,0.34172319374512605
18defd_2020-02,0.558770258839461
5a0174_2018-03,0.6399111900709057
8fabe0_2018-06,0.17364543402102708
6838b9_2018-05,0.21650696176712853
90abb1_2020-02,0.8211195073540616
14fe3a_2019-11,0.22984721095869803
e7a56d_2025-04,0.5716719995129125
4718d7_2019-11,0.183293134617871
8fabe0_2020-03,0.23145760078946798
34889b_2021-11,0.21559236834657058
14fe3a_2014-09,0.22866360379343678
14fe3a_2018-02,0.2598360314159786
8005b9_2024-09,0.3394279647268899
a25664_2018-06,0.18158437339342653
1822ea_2022-09,0.5199344124564174
19fa84_2018-10,0.2264361564572667
e7a56d_2025-08,0.5204699345527063
18defd_2019-09,0.4330955411680211
f461d4_2014-08,0.2198053655221396
14fe3a_2024-03,0.476803078551428
8005b9_2022-05,0.19117108721000045
8fabe0_2014-09,0.19132568834570626
fc77d0_2019-10,0.18731772580864842
2167be_2025-07,0.6562386519367907
c5816f_2018-09,0.2150615588953216
c48018_2023-05,0.44811193668049676
f461d4_2022-07,0.4455095353829643
bc4c03_2023-09,0.5841802853840131
8005b9_2025-04,0.2732828046842929
77b3b9_2022-10,0.787619232021666
fb737b_2022-03,0.20050210683700048
db4cd8_2022-09,0.4616850715349214
90abb1_2018-04,0.17466540812129347
90abb1_2025-06,0.34346127461857306
fd589c_2014-12,0.19173240936923372
c48018_2014-08,0.2696290009487824
5a0174_2024-12,0.18166440929810446
db4cd8_2018-03,0.6886330868718746
375f2e_2024-06,0.2601332225935391
e60b65_2014-12,0.17351051785162527
e4bc80_2014-09,0.3014177989199395
18defd_2023-10,0.37019355848953417
5a0174_2019-12,0.18950127209915682
f461d4_2018-05,0.17680885569890456
d59611_2025-04,0.28654291228522377
8005b9_2021-07,0.7909757571797946
6224d0_2017-02,0.48696166357303755
f461d4_2023-02,0.17524903845770065
34889b_2024-09,0.3992938705655775
894378_2021-08,0.8145999233994612
18defd_2018-03,0.29378231328090143
8005b9_2023-03,0.1841234031492009
375f2e_2024-08,0.7568907804895322
8fabe0_2014-05,0.1940722079821266
1698cf_2022-09,0.2336001592531153
fd589c_2016-10,0.1958385875376231
e361b7_2021-05,0.796211275185749
4718d7_2015-01,0.18516443301555982
14fe3a_2014-11,0.1749848359330238
375f2e_2023-06,0.25687861030913534
0ffc2d_2019-12,0.17397201395611311
5ecf9b_2023-06,0.5390963494449277
7e646c_2023-02,0.4030147885634703
5a0174_2024-05,0.28017682515620834
6f5e2b_2025-06,0.41184026497332793
ab32d7_2022-12,0.20690279213152563
8fabe0_2023-06,0.2761497205643487
9befc8_2017-03,0.20686693325026723
0ffc2d_2020-02,0.1752744437188391
1698cf_2024-08,0.2689889132777416
0f9e86_2018-06,0.48402237703919226
11f0e3_2016-03,0.1882014847223415
7e646c_2023-03,0.3482895769793847
0ffc2d_2024-11,0.28075662001065776
6da35b_2024-11,0.34599979018440874
5ecf9b_2023-09,0.5709022851184969
9befc8_2016-02,0.4147368130556101
ab32d7_2022-11,0.18391176567758888
8b98f3_2023-02,0.49454748563278433
74b7d1_2019-11,0.7378108037893323
7e646c_2024-09,0.35015297257252304
9befc8_2018-01,0.20349811556697092
0ffc2d_2024-03,0.29107713254566425
259a19_2023-07,0.20262667481294433
1698cf_2024-02,0.7889715800961186
259a19_2025-07,0.24634854284229918
0ffc2d_2024-07,0.24244960352125036
5ecf9b_2023-02,0.6601480423672161
cd0e60_2023-03,0.7149161089734684
0ffc2d_2024-10,0.6354129603248436
8b98f3_2022-04,0.18765457747856798
1698cf_2023-11,0.19176774636184993
0874ee_2015-03,0.17313067310148864
77e86b_2023-07,0.31536138388143187
8fabe0_2025-04,0.34724227976805333
7e646c_2025-05,0.4363210677058996
8fabe0_2024-08,0.21202284435232993
0f9e86_2015-10,0.3074560064897138
0ffc2d_2023-09,0.295648995501973
259a19_2023-06,0.4630639989875376
6da35b_2022-10,0.342492970523517
0f9e86_2016-03,0.24689944904461586
6da35b_2023-05,0.4601693827179211
74b7d1_2018-12,0.2737305946999548
8fabe0_2024-03,0.24956785888884747
439fde_2019-09,0.33775220121566435
8d0588_2024-03,0.3812212357117276
b59bc0_2014-12,0.38547108114373846
b0ff51_2021-02,0.2722944420909935
8d0588_2019-12,0.35409511115038433
87cfea_2025-04,0.24816977139707097
b59bc0_2019-12,0.31418034485344587
b59bc0_2021-04,0.4988711751621963
b59bc0_2023-12,0.3837199359557596
b59bc0_2025-03,0.5094681045183176
b0ff51_2014-08,0.3081215254021813
b0ff51_2020-11,0.2831762733321964
c3a69f_2023-04,0.36699841268001643
b59bc0_2016-09,0.31831230112751674
b0ff51_2025-01,0.6744245040354818
c3a69f_2018-03,0.2688877607224561
8d0588_2018-01,0.4490836154173766
b59bc0_2020-10,0.4782341831796832
b0ff51_2014-11,0.22794252568681891
b0ff51_2020-12,0.3887786998677122
b59bc0_2023-04,0.4459124436554106
b59bc0_2024-05,0.4459498177785341
b0ff51_2023-03,0.30630375821982997
b0ff51_2018-10,0.5532727353325367
8d0588_2018-10,0.42725291100601803
b59bc0_2022-01,0.46714348648154047
b0ff51_2017-06,0.5417294269979822
439fde_2023-07,0.44912891044342534
c3a69f_2018-01,0.2452413227085312
77e86b_2025-08,0.3254834142845881
8d0588_2022-07,0.2424095997440368
b59bc0_2017-02,0.3802567041485215
b59bc0_2018-12,0.4637117124535788
b0ff51_2021-04,0.539763450046354
b59bc0_2024-03,0.46260531483839235
b0ff51_2025-07,0.5981754366301282
0cecbd_2018-01,0.28488675271808744
8d0588_2018-12,0.5002375791122482
b59bc0_2022-07,0.44799045857993125
c3a69f_2019-04,0.38458627312821714
83894c_2018-02,0.525644311003497
8d0588_2014-09,0.2695767175122449
8d0588_2014-10,0.21660898771085196
8d0588_2025-08,0.4794578994668567
b59bc0_2019-09,0.17885342243379393
8d0588_2021-06,0.32158991695442196
b59bc0_2020-07,0.6611356040800935
0874ee_2015-01,0.22387345748557413
b59bc0_2016-12,0.3190186451263637
b0ff51_2019-11,0.2984936222552739
439fde_2018-03,0.313738656746044
8d0588_2023-08,0.3709920712506153
b59bc0_2024-04,0.6274799619330227
b59bc0_2025-04,0.34535292614148366
b0ff51_2019-03,0.4236086789160967
0874ee_2020-11,0.6517244653893007
b0ff51_2020-06,0.6210930464845825
8d0588_2022-10,0.21189988646579372
b59bc0_2022-02,0.5034592810990396
b0ff51_2023-02,0.42712046961352845
8d0588_2014-08,0.44258739662711283
8d0588_2018-06,0.33242674421548435
8d0588_2019-06,0.34298757416030035
b59bc0_2020-03,0.38631841369947667
b0ff51_2019-08,0.1944849017997409
8d0588_2014-11,0.2061279038019585
8d0588_2021-10,0.7171354511356816
a97df3_2019-05,0.4782704481289851
dc4b5e_2023-02,0.3041485624756918
a97df3_2022-06,0.21959227903142167
b416b1_2024-04,0.8058654813325443
99c11c_2019-12,0.3132179332742039
b416b1_2021-05,0.622265290265702
99c11c_2023-05,0.39989793164279297
7aa803_2015-04,0.7350558714472486
83894c_2020-01,0.19609111444394028
8005b9_2021-09,0.7912978850385691
7199cf_2025-08,0.3088185318275525
db4cd8_2015-04,0.5388535393464062
dc4b5e_2019-11,0.22892575839535723
99c11c_2022-10,0.3003490606842275
db4cd8_2021-04,0.21694481895432735
99c11c_2018-03,0.243295907332932
fc77d0_2018-06,0.18508483425229655
fc77d0_2023-05,0.2101712299565051
175155_2025-08,0.19152417640687616
34889b_2015-03,0.1712880841895087
1698cf_2024-05,0.5652272503481138
8fabe0_2023-07,0.22839694688370765
259a19_2025-06,0.3761751314279772
532867_2023-12,0.19550153699006295
e60b65_2018-05,0.17387340952665525
265164_2024-03,0.5557076029917958
987bc1_2017-02,0.3090312263708913
74b7d1_2024-07,0.5383350663077071
94f933_2024-02,0.3286984901930097
987bc1_2025-05,0.19514185340577064
92dcdd_2022-03,0.1853615444310984
5a0174_2019-09,0.18967184752437674
532867_2024-09,0.5431132993005259
ab32d7_2025-01,0.5451014328738547
a42d13_2018-10,0.35827343430986475
1698cf_2023-03,0.23140916151175497
e60b65_2017-03,0.7431349758618544
5a0174_2022-01,0.6540963182490817
8fabe0_2025-06,0.4255978718675353
6f5e2b_2023-05,0.3400598902306767
a25664_2016-07,0.6998812879155398
f25ffe_2024-07,0.2195908125572977
175155_2018-04,0.2057818179502509
7199cf_2024-03,0.38007378745600706
6f5e2b_2020-11,0.3431708424662342
74b7d1_2024-11,0.5341721053025792
1822ea_2019-04,0.2215689932730013
ab32d7_2025-04,0.2503279505787176
fb737b_2023-04,0.4077564231208289
e60b65_2023-12,0.6572266183771516
259a19_2021-07,0.5295842369346762
259a19_2025-05,0.23715945377760508
f461d4_2021-12,0.5393729563149811
175155_2025-04,0.2576819782791408
5ecf9b_2025-08,0.48334768292730657
92dcdd_2019-06,0.19455999889488207
fb737b_2022-07,0.631237057199081
8fabe0_2023-02,0.18006208306997193
987bc1_2024-06,0.2008281576348801
4fb2d3_2023-11,0.7736276374166648
f25ffe_2025-03,0.27608943206923964
92dcdd_2023-01,0.7552441775753683
a42d13_2022-11,0.35223147799088766
fc77d0_2021-09,0.5420501918322824
9af74c_2024-04,0.7792920958240156
4718d7_2022-04,0.2580397763792944
4718d7_2022-12,0.5223257199393896
fb737b_2022-09,0.41047245981105596
8fabe0_2020-12,0.36179367032540644
7199cf_2024-06,0.4657744292901115
fc77d0_2020-03,0.22582128765250586
e60b65_2024-12,0.24158176914456897
a42d13_2023-05,0.17775302416156022
6224d0_2018-02,0.2040478207013404
6f5e2b_2020-01,0.42826072336408316
532867_2025-07,0.20430593816444875
8b98f3_2023-05,0.3777897563811946
6838b9_2023-07,0.41088091338326277
6da35b_2023-10,0.44325013989350903
265164_2024-06,0.22050887585713091
4ee2d2_2025-01,0.4451210775394542
ab32d7_2023-02,0.6573602618035423
5ecf9b_2024-08,0.709980026751807
6838b9_2021-09,0.5493609896153818
a42d13_2018-11,0.35223147799088766
8b98f3_2025-01,0.5692456370160685
0874ee_2018-04,0.19939500144701244
987bc1_2020-09,0.23428058635599308
92dcdd_2020-07,0.7702198886010801
987bc1_2021-07,0.3266787252145814
439fde_2017-06,0.7208132482551743
0874ee_2019-05,0.18637896489856912
a42d13_2020-02,0.3692428742952435
a42d13_2021-08,0.3505335578209742
8fabe0_2021-10,0.7030021367647526
4f2b6b_2022-08,0.4090999158993164
022433_2025-04,0.2888067166421047
4fb2d3_2021-10,0.7048049932727902
4fb2d3_2024-06,0.21079425529062545
a42d13_2025-08,0.19852932403639875
6f5e2b_2022-03,0.21582321129638532
5ecf9b_2024-04,0.7750949328447438
8fabe0_2019-07,0.20384335458644948
f461d4_2022-02,0.2103384295552631
ab32d7_2024-10,0.5195564400926007
987bc1_2022-09,0.1867983261865292
6f5e2b_2021-07,0.48466021241412127
6f5e2b_2022-11,0.17923718635505942
5ecf9b_2023-07,0.574664042038871
5ecf9b_2024-02,0.24647530728070594
92dcdd_2022-07,0.7930910014970886
1b9e65_2022-08,0.3899570522815555
e60b65_2014-06,0.17407060053641896
a25664_2016-05,0.4750745008025021
90abb1_2021-10,0.8035077836195459
1698cf_2019-06,0.176781918217025
5ecf9b_2024-11,0.20500325575942888
0874ee_2014-08,0.20998335927675713
a25664_2016-12,0.6998812879155398
375f2e_2025-02,0.5479047643266262
c48018_2014-05,0.25762239724548974
90abb1_2022-06,0.30768198430000604
375f2e_2022-04,0.1823098752045909
bf6f0d_2018-01,0.4817318832630669
1822ea_2023-04,0.6197954646420152
92dcdd_2024-12,0.32417479237078095
77b3b9_2024-04,0.4754864500173045
6224d0_2021-07,0.48125901631285917
e60b65_2016-05,0.3561435646280954
4f2b6b_2024-12,0.20924486115299573
0f9e86_2024-03,0.33996561564652605
34889b_2014-10,0.1785474716549677
987bc1_2017-05,0.3597133259319674
b416b1_2018-03,0.5105760293937982
bc4c03_2025-01,0.27694030045115314
375f2e_2023-11,0.7265589788737465
375f2e_2023-03,0.4025507197600833
bf6f0d_2022-04,0.17782002369084254
11f0e3_2022-12,0.1905139889181744
90abb1_2018-05,0.20458498276034226
77b3b9_2022-12,0.5833786972798717
fb34b4_2024-09,0.21777430060094768
90abb1_2018-01,0.538808858769053
1822ea_2024-12,0.21213222259878597
fc77d0_2014-12,0.1744186716628583
fc77d0_2020-12,0.5547312911451523
948a11_2025-03,0.7784326145252728
bf6f0d_2020-07,0.24406905538885187
1822ea_2021-10,0.7163818531645456
375f2e_2021-06,0.7985109003509476
9befc8_2024-04,0.1988849093903808
fc77d0_2024-07,0.1828691885776424
4f2b6b_2022-11,0.6008297542442286
bf6f0d_2019-04,0.29925557737801584
90abb1_2023-10,0.51917899897566
375f2e_2015-03,0.19114530643320626
375f2e_2020-07,0.7857294132643741
6f5e2b_2022-12,0.29706431137812395
34889b_2024-02,0.33686129252950836
b416b1_2017-04,0.7562359601626666
b416b1_2018-12,0.18865334297790792
34889b_2014-03,0.17421844575087597
375f2e_2021-04,0.8093386319923326
948a11_2022-12,0.2717144934603887
bf6f0d_2024-08,0.47589877874609465
375f2e_2024-03,0.5371700879526761
259a19_2021-09,0.37258350590569006
e60b65_2016-09,0.49333837232395766
77b3b9_2024-09,0.5052062506614792
fb737b_2021-04,0.40336072943120155
1822ea_2018-02,0.28727414030321224
1822ea_2025-03,0.6501898273642386
375f2e_2022-10,0.18619976901096152
e60b65_2023-06,0.3249298654428767
1822ea_2024-11,0.21860269351882575
375f2e_2022-01,0.35338147748788434
375f2e_2025-03,0.20212599495641598
531356_2025-01,0.30765869335229395
29849f_2015-02,0.20392288053143653
e83244_2022-07,0.4421682302291721
829a72_2014-08,0.46352870118429984
829a72_2016-04,0.6646932119398908
db5006_2016-03,0.5405061111342828
e83244_2016-05,0.3038593610540182
e83244_2018-06,0.4276960083517058
db5006_2019-01,0.5513857301244987
545d15_2020-06,0.5910346721070668
f4604d_2021-01,0.7898006947978888
f4604d_2023-04,0.19240208745530363
1b9e65_2019-06,0.28175844044491904
1b9e65_2023-04,0.1935093432312676
987bc1_2025-03,0.655322920876884
531356_2024-07,0.23717112224603695
0cecbd_2014-12,0.23109659511040076
f4604d_2025-01,0.36401225164009443
531356_2022-03,0.78363255808454
e2314a_2016-09,0.2759333329777344
e2314a_2020-12,0.6185878947516542
e83244_2020-01,0.36944247610349634
b1de95_2020-02,0.5123809759546065
98a151_2014-05,0.3489264239377289
98a151_2014-06,0.3402310658190702
3a13b3_2023-10,0.8136797629606447
e2314a_2015-02,0.17356271680468924
e2314a_2023-02,0.2794986375785863
e2314a_2024-07,0.656649040698049
7a007d_2019-09,0.30764631091229583
db5006_2022-12,0.6433371072039031
b73bc7_2025-02,0.4602417450719433
f4604d_2022-12,0.338682268771112
531356_2019-02,0.2165421299381729
e2314a_2023-10,0.52699292775474
e2314a_2024-05,0.27042004358509586
e83244_2018-07,0.2907697431199454
e83244_2020-03,0.4455224110609213
0cecbd_2025-06,0.23686795821882578
531356_2025-05,0.31581024921100387
e2314a_2022-12,0.23018426116968332
e2314a_2025-03,0.258507675180346
e83244_2019-07,0.7984115933677101
e83244_2024-09,0.6324163178348716
0cecbd_2021-06,0.27458232664859
3a13b3_2023-05,0.7962616650644945
f4604d_2021-07,0.7900486055407046
1b9e65_2021-05,0.3079064557071608
7a007d_2024-05,0.2750766967005691
531356_2015-02,0.23671241514718452
e2314a_2018-03,0.1851275879366064
e83244_2020-02,0.20004536983057228
e83244_2022-11,0.3638099442139136
829a72_2014-10,0.5135762078335006
f4604d_2023-08,0.19130498790508005
6224d0_2025-08,0.21607353409970304
987bc1_2021-03,0.23921029015531917
e2314a_2017-10,0.21887705078832737
29849f_2024-11,0.22792970001206245
987bc1_2020-05,0.2209864372973739
29849f_2024-03,0.2353949272550524
db5006_2018-11,0.5914269176742813
1b9e65_2018-03,0.34649229197033343
545d15_2020-11,0.6124637583769162
e2314a_2023-09,0.21406994799081064
e3af0e_2014-10,0.6901320538911164
60a0fd_2022-02,0.26993975474052556
f4604d_2024-05,0.503872360628716
06534f_2025-02,0.4083831390387955
29849f_2024-09,0.23595680052747148
e83244_2021-11,0.649839166929806
e83244_2023-12,0.1721128256219331
e83244_2024-03,0.18466219165540326
98a151_2014-11,0.338122133332474
b1de95_2024-06,0.6649052742465444
db5006_2024-12,0.6501503863155339
f4604d_2022-06,0.44126681548584923
531356_2022-01,0.8071200986862566
531356_2025-07,0.30745072766549286
f1543b_2017-08,0.521912026637086
e83244_2017-07,0.46064805166539974
829a72_2015-08,0.446743774099913
0cecbd_2016-05,0.26598104946204715
29849f_2020-02,0.2379414088968644
3db670_2018-01,0.4853635629990306
db5006_2021-11,0.6724885471715119
1b9e65_2019-10,0.27059339932850734
e2314a_2018-07,0.2033747525405735
06534f_2025-08,0.3954644148523193
6224d0_2024-06,0.21087627537566878
e2314a_2019-07,0.4759353425751307
29849f_2018-05,0.3373290775339665
e3af0e_2015-04,0.36974910107795694
60a0fd_2018-04,0.344785603968826
db5006_2016-05,0.3115006514139109
db5006_2018-02,0.2654349453043568
db5006_2023-05,0.5143952342377279
1b9e65_2024-06,0.8154470523940578
e2314a_2024-04,0.18292242783366802
e83244_2016-04,0.1882903285380285
88a9a6_2015-12,0.27122806471647337
e3af0e_2014-04,0.3889853942273581
0cecbd_2023-04,0.23650071873799083
e2314a_2021-04,0.40221417390072356
e83244_2019-09,0.26853145132445855
98a151_2018-04,0.6414252928690498
c580aa_2023-08,0.49974977549228294
f4604d_2023-09,0.4306384962002009
531356_2016-10,0.17772297568156886
531356_2019-07,0.24968138892339078
29849f_2025-06,0.33881611510298204
db5006_2019-02,0.32790642496799666
e2314a_2017-11,0.17460936736349358
60a0fd_2014-09,0.5493321344301023
29849f_2019-02,0.332618482054202
e83244_2015-09,0.25364114444447666
e83244_2019-02,0.18011133078434297
06534f_2024-05,0.7911967717121431
98a151_2014-10,0.5394792420871453
f4604d_2022-01,0.7821413306648581
6da35b_2024-04,0.43970684501180346
7a007d_2017-06,0.5328343910460336
175155_2018-10,0.6401392821107008
af81b0_2019-02,0.216766451744469
022433_2021-10,0.7147023199632233
022433_2024-02,0.2138441775423427
7e646c_2025-04,0.5200615602953131
022433_2023-07,0.39922621979049094
531356_2019-06,0.3953826182829768
7a007d_2018-10,0.29067325325378557
731908_2017-12,0.17430031464553708
022433_2024-07,0.19091721940356324
7a007d_2024-10,0.20081373866752555
d86999_2020-08,0.7065023333170537
f500c5_2019-12,0.24495069742634276
c580aa_2019-06,0.3343180063081534
c5816f_2017-11,0.7298037403861456
531356_2024-11,0.8167213856787653
6da35b_2025-07,0.4137348251135881
531356_2024-10,0.5267871714906148
98a151_2022-08,0.18234462342412364
022433_2021-09,0.7077195971948111
af81b0_2014-12,0.42178206178649413
fa8553_2021-10,0.18578652515299324
022433_2021-07,0.6956614625838329
f4604d_2019-07,0.5092524617848937
531356_2025-08,0.5170213370774344
c580aa_2019-05,0.7329818580518757
7a007d_2015-02,0.17753447826622243
e83244_2021-02,0.7431433795004935
dc4b5e_2023-08,0.33916393107398124
fb34b4_2024-07,0.23896195151456334
af81b0_2014-05,0.1878294022970949
83894c_2017-04,0.3532467383086453
531356_2016-07,0.7576119686804421
1822ea_2024-06,0.5310505409385603
77b3b9_2014-11,0.21162503444432806
f4604d_2025-03,0.7163630527703224
dc4b5e_2024-06,0.345535125738676
dc4b5e_2024-08,0.5676078664989739
1bdb97_2024-05,0.2690508163592116
4ee2d2_2024-05,0.1785546610459528
424c1b_2025-08,0.34050502622099377
1698cf_2017-02,0.4186454097038502
1822ea_2019-08,0.7158928982331412
29849f_2017-12,0.6753602188908842
531356_2016-05,0.39864799457563177
424c1b_2024-12,0.28052449387675704
b1de95_2019-08,0.25449989830928854
424c1b_2025-05,0.6337586275855592
90abb1_2019-06,0.45267426443807857
f4d28d_2025-05,0.6197360179071201
6224d0_2020-12,0.31740089026260476
4ee2d2_2025-07,0.19515832707479322
f4604d_2017-08,0.7582725316423093
bf6f0d_2022-01,0.5988148439763428
b08ec1_2022-12,0.20483935184840202
265164_2024-07,0.18874751587372224
948a11_2022-05,0.2797515478097767
4fb2d3_2017-02,0.5122189331382535
1bdb97_2025-06,0.4061867071456233
90abb1_2021-11,0.6619786760246493
af81b0_2017-02,0.6102622764885496
dc4b5e_2024-05,0.2007659919408098
db5006_2021-07,0.7938584556399688
9af74c_2020-03,0.7202468827229895
424c1b_2025-01,0.22888948035195952
29849f_2018-09,0.7332331046074774
1822ea_2016-07,0.5375157203924955
1bdb97_2023-11,0.7857028803559654
fb737b_2021-05,0.5074849928393762
531356_2020-10,0.7350201212907975
8005b9_2018-02,0.21832323011444849
531356_2016-06,0.7758966127323801
531356_2019-08,0.3218053246254452
db5006_2018-07,0.8114305464495262
74b7d1_2023-03,0.6915750093937799
531356_2017-01,0.3754257516937886
bc4c03_2015-04,0.6821532083884945
af81b0_2019-06,0.256995461951512
f4604d_2017-05,0.7393869105087705
dc4b5e_2023-05,0.27934256234223254
b73bc7_2019-07,0.42365276815138236
531356_2016-03,0.2784147459873387
b08ec1_2023-01,0.1933193297476879
429b22_2025-03,0.18070460426621335
1822ea_2019-03,0.7256357913161366
6838b9_2023-11,0.429020070383196
293190_2020-09,0.8072759977783154
7aa803_2020-04,0.5721068807577778
88a9a6_2020-07,0.7371899566466645
bc4c03_2025-02,0.18687870360818376
9af74c_2015-02,0.17891863252277868
e7a56d_2017-08,0.6829495408010207
3db670_2019-01,0.7621442053845239
9b46ed_2019-07,0.7307892754549257
9b46ed_2020-04,0.5746299023215221
375f2e_2016-05,0.4451741549198191
9b46ed_2018-11,0.8153996353585361
e2e0ce_2020-04,0.3981484974541464
c5df88_2017-12,0.7494827519042093
c5df88_2026-02,0.7966537727809627
4fb2d3_2016-10,0.23656794057705244
9b46ed_2018-07,0.6731795371784228
0ffc2d_2021-07,0.247102592607941
1bdb97_2021-10,0.7857297913064621
1bdb97_2024-04,0.7867255919000854
e3af0e_2018-08,0.6594138264687912
14fe3a_2018-10,0.20075718435404016
829a72_2024-09,0.5958038024313442
90abb1_2018-02,0.1911457313601255
9b46ed_2017-03,0.5378056980824193
18defd_2023-02,0.5280420074118906
2ab8ad_2025-04,0.7440520559443764
c5df88_2024-11,0.7957741634371459
0ffc2d_2021-03,0.7342144296620441
6838b9_2020-08,0.2484750752054617
9b46ed_2020-07,0.5154503641888126
7aa803_2020-02,0.6828788498557306
7aa803_2020-10,0.18699565066444687
8fabe0_2023-04,0.24534658267556148
a42d13_2014-08,0.18879125847693878
2ab8ad_2020-01,0.5030728613320611
88a9a6_2016-05,0.6772264696112336
1822ea_2017-07,0.6587883951634474
6838b9_2020-12,0.3251401022295994
db4cd8_2023-10,0.583177274089196
af81b0_2019-10,0.25782294850929693
293190_2020-05,0.7956206318032346
cd0e60_2020-12,0.574435931968748
6838b9_2022-09,0.28612873929757576
259a19_2022-09,0.24876469782081695
c5df88_2020-07,0.8061760941129592
88a9a6_2019-12,0.5815644754541386
5a0174_2022-06,0.37938061162500086
0cecbd_2020-09,0.3924849501146697
9b46ed_2020-05,0.48959356181352265
4fb2d3_2024-09,0.19353592179510176
f500c5_2022-02,0.19901090331728896
2ab8ad_2018-06,0.2751657796455197
c5df88_2024-03,0.7901576569407596
7aa803_2020-03,0.674269231012858
88a9a6_2021-02,0.7301596578893863
f1543b_2019-01,0.19729602285793418
88a9a6_2019-10,0.3341949197118149
8fabe0_2021-08,0.47365115464906793
60a0fd_2022-06,0.35700532345998737
c5df88_2025-02,0.7966537727809627
74fb1f_2020-08,0.7309246247364627
d59611_2024-07,0.47587280327090387
0e8d73_2023-05,0.6311892426196908
6838b9_2019-02,0.17533504419679727
88a9a6_2016-06,0.6956630250611348
a25664_2022-04,0.18029897069243783
6838b9_2019-11,0.34191109268434416
f461d4_2019-07,0.21865082948653541
9b46ed_2019-05,0.603135590823274
e2e0ce_2020-06,0.5753864906474535
e2e0ce_2020-10,0.18044039153847427
74fb1f_2020-02,0.6825086175820954
3a13b3_2025-05,0.7140019234550128
e2e0ce_2020-09,0.20896268006097976
74fb1f_2020-11,0.23462634574044872
0e8d73_2024-03,0.3335005732487685
7a007d_2018-05,0.2898027161662179
829a72_2019-12,0.6144391591275495
1996b0_2023-03,0.6516392483156077
1996b0_2023-11,0.6493781260141198
60a0fd_2019-08,0.31176506303794244
f500c5_2014-12,0.18225588216286406
731908_2018-03,0.22326732166047453
1996b0_2024-09,0.6711186773537804
1996b0_2024-07,0.6516392483156077
e3af0e_2018-10,0.6107538701775802
1996b0_2023-04,0.6493781260141198
f1543b_2020-07,0.22841153368727946
f1543b_2015-04,0.8077893139369088
e2314a_2020-04,0.6569920071279569
29849f_2017-01,0.27994241148339316
fb34b4_2023-06,0.3641788576512366
f1543b_2019-10,0.5538249515788426
429b22_2025-06,0.27622403020768044
c580aa_2023-10,0.7719362254634782
948a11_2022-06,0.20980018862979533
fb737b_2021-08,0.5352361026883602
fb737b_2021-10,0.7703765703964524
f500c5_2020-02,0.47249194561433994
9af74c_2015-10,0.7118632455247591
e83244_2020-05,0.766684420101854
4f2b6b_2025-06,0.3442291799058803
e83244_2020-07,0.5165162591512912
c580aa_2015-01,0.24604123686718618
e2314a_2022-04,0.2166037017829719
d59611_2020-10,0.5392772317122907
11f0e3_2014-12,0.250283838994657
92dcdd_2024-02,0.3974043363102833
11f0e3_2020-06,0.6693023524598465
f1543b_2019-07,0.44932738270777756
29849f_2025-09,0.5523503631681539
7bf5c9_2019-10,0.17234625836822123
545d15_2021-04,0.41302412672929034
6224d0_2020-03,0.6611303385226206
9af74c_2018-11,0.7475446853283274
e7a56d_2015-08,0.7910315564385806
259a19_2017-04,0.3149535994512088
8005b9_2017-06,0.7459733286614567
06534f_2015-09,0.6570613415196915
3db670_2024-10,0.8006110563673545
c48018_2017-03,0.7303986313369841
4718d7_2015-11,0.6327009953870437
3a13b3_2023-11,0.7108110136553686
4718d7_2016-03,0.6537758312670853
4718d7_2016-01,0.6537758312670853
6f5e2b_2017-04,0.43443320829252025
98a151_2016-06,0.4329038509909703
7a007d_2021-12,0.7051593775227432
a97df3_2019-07,0.21843473182661946
8fabe0_2021-04,0.5989895171142954
7a007d_2015-09,0.6932022888108695
1822ea_2018-10,0.5655715624002606
7a007d_2020-05,0.7051593775227432
90abb1_2021-05,0.7260579002554961
77b3b9_2015-04,0.7603672739145659
1bdb97_2024-06,0.29632295873572173
bf6f0d_2015-06,0.7990682727864948
8005b9_2017-08,0.665591961514034
b08ec1_2016-05,0.22798937835901914
7a007d_2021-07,0.7051593775227432
bf6f0d_2019-10,0.32288423752656537
7a007d_2015-06,0.2340087105732648
829a72_2016-05,0.20604872259582532
375f2e_2018-10,0.5187432796251839
18defd_2016-12,0.4620234003413303
b08ec1_2017-04,0.7855623529106218
77b3b9_2022-01,0.40203924625953674
7199cf_2023-07,0.34896116833102075
7a007d_2020-12,0.7051593775227432
1822ea_2024-09,0.8168411786848673
bf6f0d_2015-08,0.7942786826545954
d59611_2016-01,0.23526328404315988
1bdb97_2023-07,0.3900897862694372
7a007d_2020-11,0.718516323464168
3db670_2022-07,0.6694014924973255
b73bc7_2025-03,0.5232554824196611
7a007d_2023-10,0.7051593775227432
e7a56d_2021-07,0.7746091593569403
bf6f0d_2020-11,0.3168952648571115
4718d7_2018-09,0.2136993779079579
bf6f0d_2017-06,0.3996181053044784
a42d13_2017-08,0.6901191998687931
b0ff51_2020-05,0.6212723738745589
fb737b_2020-03,0.5375914582909863
b0ff51_2020-07,0.6373882518100208
af81b0_2024-02,0.23336276154411947
77b3b9_2016-06,0.6863952280707971
34889b_2021-07,0.3549918930630536
b73bc7_2023-06,0.5376325707357238
af81b0_2023-12,0.23657170087287502
af81b0_2025-05,0.18916495137973882
8005b9_2021-03,0.5467130764800877
293190_2016-04,0.6140210137646198
a97df3_2023-04,0.5876904555744525
a97df3_2022-01,0.7382518407359022
9befc8_2020-10,0.7999580003947712
375f2e_2021-05,0.8139521737903707
948a11_2022-01,0.21384979906104987
fc77d0_2021-04,0.7108403146920566
4fb2d3_2020-04,0.5092510268033219
375f2e_2021-02,0.5601019992531386
af81b0_2025-06,0.1748944473294655
439fde_2021-07,0.537941658649792
829a72_2022-05,0.6701747162515146
fb34b4_2022-07,0.29918337516890947
259a19_2025-09,0.2426835048912424
439fde_2016-07,0.7862494557444663
f461d4_2020-06,0.31857668548980367
92dcdd_2018-08,0.21486830629511472
439fde_2016-06,0.6260721271792479
f500c5_2019-07,0.2671471746570775
b1de95_2018-06,0.6830082588644603
6f5e2b_2021-05,0.28317807737327333
2ab8ad_2015-09,0.4021026811328975
e60b65_2017-10,0.6482197550223022
fd589c_2015-10,0.32543370352065193
1bdb97_2024-02,0.8010061394816669
77e86b_2016-04,0.4628724876834734
6838b9_2021-03,0.254494712954077
fd589c_2015-12,0.32543370352065193
8fabe0_2015-12,0.42943111765307185
a42d13_2018-08,0.5872591831772273
5a0174_2016-05,0.31817265033800807
db4cd8_2017-07,0.25830271885309564
d59611_2020-04,0.6638157033351424
6c1954_2020-04,0.7512983223350156
6c1954_2020-11,0.7512983223350156
8005b9_2020-08,0.21920856909085615
b73bc7_2017-02,0.7828787075041129
b73bc7_2024-12,0.7919686026049639
d59611_2017-05,0.28648375499735634
cd0e60_2019-10,0.487651128224626
a42d13_2018-09,0.7189567600323713
fc77d0_2017-06,0.6259978963712616
34889b_2016-09,0.27351345174664454
db4cd8_2017-06,0.5406382180722658
fb737b_2020-11,0.45355002386288207
b416b1_2016-07,0.5065516036274941
9af74c_2018-09,0.22189710448513017
af81b0_2015-05,0.1865538587514414
af81b0_2020-06,0.18552240520300178
fb737b_2020-06,0.3390828596248865
1822ea_2020-05,0.7182761924373382
f461d4_2017-06,0.21825251125544778
77b3b9_2018-07,0.398411990086713
a25664_2018-10,0.5495266429008472
cd0e60_2025-02,0.763428125937016
c5df88_2017-03,0.4678691204684256
3db670_2016-02,0.7732788196461401
cd0e60_2023-10,0.726029442005167
c3a69f_2016-12,0.6478886932714376
cd0e60_2024-01,0.726029442005167
cd0e60_2024-05,0.726029442005167
cd0e60_2024-07,0.726029442005167
2ab8ad_2018-07,0.26561457808540434
fb34b4_2025-01,0.44699449040102934
cd0e60_2024-12,0.726029442005167
8005b9_2016-09,0.66265467782116
bf6f0d_2017-05,0.7992922815168713
375f2e_2016-06,0.331987779666182
7bf5c9_2017-10,0.2021264339230672
74b7d1_2017-05,0.7338503034054087
34889b_2020-12,0.4899363690512127
8005b9_2016-05,0.6516172263528618
77b3b9_2016-01,0.3311243761842682
19fa84_2017-11,0.1947032532800606
8ec563_2014-06,0.2606216611096898
6224d0_2017-08,0.7825393984046036
c5816f_2018-11,0.25012355131753683
8fabe0_2015-07,0.3403598157804488
c5816f_2015-06,0.42914738209140546
77b3b9_2015-10,0.34696546463558964
19fa84_2018-07,0.25166634747949734
175155_2015-07,0.785993209328848
db4cd8_2015-12,0.19581630405487366
e3af0e_2017-06,0.22389177460327372
fd589c_2018-11,0.792439618575455
e3af0e_2017-08,0.5529877927979263
8005b9_2015-10,0.2505986824734921
f1543b_2016-01,0.2239071282086756
a25664_2016-03,0.4706801580907637
a97df3_2022-03,0.812005019178281
b08ec1_2018-11,0.23407345493435083
b08ec1_2020-06,0.19951737362328745
dc4b5e_2020-12,0.789754306445962
b08ec1_2021-03,0.23184947132311567
dc4b5e_2020-10,0.789754306445962
dc4b5e_2021-05,0.789754306445962
88a9a6_2020-05,0.8041090811558828
9b46ed_2017-09,0.7970769112790351
c5df88_2018-08,0.7914710472826556
34889b_2018-09,0.22311635330076268
8005b9_2017-03,0.6729843953109944
dc4b5e_2020-06,0.8023304407136795
2ab8ad_2017-12,0.7926440173627164
b1de95_2018-01,0.708908931322809
0cecbd_2016-09,0.28911386672038863
b73bc7_2020-09,0.7881218946173885
3db670_2022-06,0.6054295286289394
a97df3_2021-05,0.4132463852600011
b1de95_2021-08,0.5704198885951017
0cecbd_2017-01,0.2993864543956219
3db670_2020-04,0.6879390551548027
b73bc7_2021-05,0.650401628272872
b1de95_2021-10,0.8125048269295986
c580aa_2021-10,0.4931112692245838
3db670_2017-03,0.80448011975924
3db670_2021-01,0.7064005502221324
175155_2015-10,0.2147613588134866
1822ea_2015-11,0.18973122856944805
3a13b3_2020-10,0.8164026006954274
3a13b3_2020-11,0.7228879346918767
3db670_2020-09,0.7998224839839908
3db670_2022-09,0.780672597940694
3db670_2016-09,0.7514227731461021
531356_2015-09,0.8000424146940043
c580aa_2021-09,0.6903827962538165
3a13b3_2018-08,0.7204304721458767
06534f_2018-11,0.8122416861835298
a42d13_2015-08,0.8083417965452735
8ec563_2020-08,0.21863697482772104
92dcdd_2020-05,0.20042164891026976
d59611_2015-09,0.2578499010326755
6224d0_2018-07,0.2652293388019954
9f1aa0_2017-01,0.8060173972535409
0874ee_2020-05,0.73906420708616
3a13b3_2023-02,0.6653993311609117
b1de95_2022-07,0.6693989292628937
b73bc7_2022-02,0.7199312798866101
c580aa_2021-08,0.7287859115571533
98a151_2015-07,0.39613455076126075
b1de95_2023-09,0.7905877474343679
c580aa_2022-01,0.25595206492519684
b73bc7_2022-01,0.5364394203389242
98a151_2016-03,0.47871368621420973
af81b0_2021-03,0.7695543876334687
af81b0_2022-12,0.3064000023002509
af81b0_2021-05,0.7695543876334687
af81b0_2020-09,0.7764289496818468
af81b0_2020-08,0.7695543876334687
8fabe0_2016-04,0.2868849644557489
e60b65_2021-06,0.4711901359071467
e60b65_2020-03,0.4480085032445623
0f9e86_2014-10,0.37440898731284894
8005b9_2021-01,0.42817597409223185
3a13b3_2015-11,0.7869832387534629
1996b0_2024-11,0.5809628463905139
6224d0_2015-06,0.704435085700182
e60b65_2019-09,0.4711901359071467
1996b0_2024-12,0.5624866645523503
3a13b3_2017-08,0.40293513797907127
e60b65_2021-08,0.4480085032445623
9af74c_2018-08,0.2378914090915873
d59611_2020-12,0.35434586640185267
db4cd8_2021-03,0.25835293523354186
db4cd8_2020-10,0.28697011695219315
6224d0_2018-09,0.24720891182528418
510fbf_2023-09,0.1937368976751614
14fe3a_2025-09,0.583940799662218
5a0174_2016-12,0.21774691756825731
1822ea_2015-08,0.4951787130642195
60a0fd_2017-07,0.7140630245869672
e3af0e_2017-01,0.6024987870929108
90abb1_2016-11,0.7663858057804852
c3a69f_2015-09,0.5520012567312096
90abb1_2015-10,0.7465823951756464
b416b1_2020-08,0.31727631875244244
6224d0_2017-09,0.4187771161836067
6f5e2b_2016-06,0.35412183079169457
db4cd8_2016-10,0.1883060203596573
d59611_2017-11,0.5141843173026868
bf6f0d_2025-09,0.45924120051924155
14fe3a_2016-04,0.2491165423718113
4fb2d3_2016-01,0.5561768666914645
14fe3a_2016-10,0.20026599708555154
4fb2d3_2015-12,0.39017658508078434
db4cd8_2018-11,0.19843954984034656
293190_2016-08,0.7970333498049245
f1543b_2016-04,0.6911201236152975
9b46ed_2024-05,0.79639140494341
8fb6f0_2020-06,0.30271463660591236
f1543b_2018-08,0.40918116693400475
f1543b_2018-10,0.5552118526048119
7bf5c9_2016-07,0.5858715879101175
7bf5c9_2025-08,0.30206911988148155
9af74c_2020-04,0.8230428574444716
b0ff51_2018-07,0.3171517974097913
b08ec1_2015-11,0.2545231873085042
77b3b9_2015-05,0.18820793918060041
4718d7_2017-11,0.3692523845653942
545d15_2023-05,0.3584034567300921
7a007d_2018-09,0.6291451026170254
545d15_2021-12,0.3584034567300921
545d15_2025-08,0.3584034567300921
545d15_2023-03,0.3584034567300921
74b7d1_2021-08,0.6691173590492385
74b7d1_2020-10,0.6691173590492385
74b7d1_2020-05,0.6691173590492385
74b7d1_2021-04,0.6957670280248163
74b7d1_2018-10,0.7293710649301518
8fabe0_2017-09,0.45018772297203496
74b7d1_2018-07,0.6521935265599355
c5816f_2017-01,0.7950712663489803
3a13b3_2021-07,0.4971415290318607
3db670_2018-08,0.4249365073999556
3a13b3_2021-09,0.5309459086017904
c580aa_2016-07,0.18577937136504596
3a13b3_2017-01,0.2914214902323678
c5816f_2016-10,0.7950712663489803
c580aa_2017-10,0.20926096931323412
c580aa_2015-12,0.19770222373755494
3a13b3_2016-12,0.2914214902323678
b73bc7_2023-02,0.5463673012190468
b1de95_2015-12,0.19250168865732814
c5816f_2020-06,0.8061972975658975
90abb1_2015-11,0.7672107452448096
dc4b5e_2019-03,0.8092193148095337
18defd_2016-02,0.5739531613997235
b1de95_2016-08,0.7081684839438707
18defd_2015-12,0.18120550821827114
18defd_2022-10,0.2118805911143235
d59611_2015-07,0.48538720888193077
18defd_2021-08,0.2118805911143235
b1de95_2018-11,0.29368627226211896
18defd_2022-11,0.20161693954249907
c48018_2022-05,0.2118805911143235
0874ee_2018-09,0.18918032433461507
c48018_2016-11,0.39747944942559255
18defd_2021-04,0.20161693954249907
c48018_2021-02,0.21970774655576983
18defd_2021-06,0.20161693954249907
c48018_2016-09,0.44938139217823414
c48018_2020-09,0.20161693954249907
259a19_2016-07,0.2880207059536856
0874ee_2015-05,0.5564983020186045
5a0174_2018-08,0.5347519061795443
0874ee_2018-07,0.19861829417509208
18defd_2022-03,0.2118805911143235
8fabe0_2015-05,0.2812991099283163
e7a56d_2020-10,0.24212260202251326
18defd_2020-05,0.2118805911143235
18defd_2016-04,0.27960153432487556
18defd_2022-07,0.2118805911143235
18defd_2022-08,0.2118805911143235
c48018_2022-03,0.2118805911143235
829a72_2018-11,0.660059226153867
8fabe0_2017-12,0.49217643377959774
6f5e2b_2025-09,0.3487826930768557
e3af0e_2016-03,0.20874086218639648
5a0174_2015-06,0.24894788107469062
f461d4_2016-10,0.3787247684771556
8fabe0_2016-07,0.24246412900619058
8fabe0_2017-01,0.24246412900619058
8fabe0_2021-12,0.3467208004580919
8ec563_2017-10,0.25793151948788645
60a0fd_2016-11,0.5932347557923306
829a72_2016-07,0.2835659725086488
829a72_2017-01,0.38486692203498535
90abb1_2016-05,0.7006012505614463
1698cf_2020-05,0.28461426348816654
f461d4_2016-03,0.23068155809154925
1698cf_2021-04,0.25560909370643553
5a0174_2016-07,0.22473491092114167
60a0fd_2015-12,0.54413183814535
829a72_2020-09,0.35316231628253536
98a151_2016-01,0.7547591016102823
60a0fd_2016-10,0.5543681170654315
14fe3a_2017-12,0.7712095508577099
8fabe0_2016-11,0.2501940338924323
5a0174_2021-06,0.29811504479846196
e2e0ce_2017-09,0.6862204038162589
f461d4_2016-11,0.5633913588635645
f461d4_2016-06,0.36372983538025655
1698cf_2021-01,0.23643188821587632
f461d4_2015-05,0.23629805689341218
e3af0e_2016-09,0.31050110741543663
90abb1_2016-08,0.7006012505614463
6f5e2b_2021-06,0.3132850420789147
6f5e2b_2020-04,0.2434896653706105
1bdb97_2021-11,0.7321699329832532
14fe3a_2020-12,0.7987858907243957
e361b7_2016-11,0.19984704484025323
14fe3a_2020-11,0.8053314121245265
e60b65_2017-11,0.2917800912702923
e361b7_2016-06,0.19984704484025323
e361b7_2016-12,0.20536965565297177
9af74c_2017-07,0.3246415044088771
b73bc7_2021-04,0.27431263015923707
1822ea_2018-11,0.297212013912552
9af74c_2020-11,0.6570200974753185
bc4c03_2016-04,0.2443679003094669
b73bc7_2020-06,0.650086680384755
424c1b_2024-04,0.5221163537725545
9af74c_2016-10,0.2422406111072796
1822ea_2017-05,0.4884760418872503
bc4c03_2015-06,0.2779874740637191
77b3b9_2017-09,0.4770619599087288
987bc1_2018-11,0.6758671669114787
b73bc7_2018-10,0.4109401459316139
439fde_2022-01,0.6621988149517009
c3a69f_2018-10,0.6101375147310012
439fde_2022-02,0.7046189320836518
439fde_2021-12,0.6621988149517009
439fde_2016-11,0.7971068801986789
99c11c_2016-10,0.7807073981811854
c3a69f_2016-11,0.778508959378873
bfbeef_2020-05,0.4737997974665378
439fde_2021-11,0.6574145892045781
87cfea_2017-01,0.7834213118092237
439fde_2022-10,0.44038638714657286
c3a69f_2017-07,0.5055637305391858
87cfea_2016-05,0.3637802849352903
77b3b9_2020-05,0.49910346091304625
375f2e_2017-12,0.5266092978699219
29849f_2021-11,0.49250756722354155
7a007d_2017-01,0.7932887984022694
d59611_2018-08,0.3076563946156766
8005b9_2018-11,0.7939411722900798
8005b9_2018-07,0.7856989391064442
29849f_2020-05,0.3194828940883721
c3a69f_2018-11,0.7822751112140194
a42d13_2017-01,0.6322173323111075
c580aa_2022-09,0.7963587162042426
06534f_2021-12,0.4899394912157087
b73bc7_2024-01,0.5132013090627012
88a9a6_2017-09,0.7504295517366142
259a19_2016-02,0.6190042570682119
259a19_2015-12,0.5254803513035096
a42d13_2016-06,0.6355374915383611
948a11_2021-12,0.5719740628630647
f500c5_2018-11,0.7085685944759585
259a19_2016-01,0.5254803513035096
8d0588_2015-09,0.29938334288583623
77e86b_2017-03,0.6312921659314414
99c11c_2020-05,0.568409882993127
83894c_2023-09,0.574870588631238
90abb1_2018-09,0.23113607668715647
259a19_2021-03,0.7930770760091896
83894c_2023-11,0.574870588631238
83894c_2023-03,0.5759298761760097
83894c_2023-12,0.5759298761760097
83894c_2022-12,0.5759298761760097
b416b1_2016-01,0.5065516036274941
4718d7_2023-10,0.7022185045767867
e60b65_2024-01,0.6241267700887456
0874ee_2020-08,0.6228400873706462
b416b1_2022-06,0.2506455363425829
a25664_2023-12,0.17860122427505484
db4cd8_2021-09,0.5133270692955098
8005b9_2024-01,0.1943920301266718
fc77d0_2019-01,0.22548052646641908
9af74c_2019-09,0.22727856769602547
b1de95_2019-02,0.3655183562672891
531356_2024-09,0.30354979828827144
e83244_2021-06,0.6461460123071755
6838b9_2018-08,0.23591397921138985
a42d13_2015-04,0.4209070171679509
0ffc2d_2021-06,0.6468869421361954
9af74c_2024-06,0.30190496266951594
731908_2015-12,0.18527625860676364
bfbeef_2021-05,0.21410892729834158
8fb6f0_2025-08,0.2596112195065279
0f9e86_2022-08,0.5496249399892179
8fabe0_2018-03,0.3870186846224023
b416b1_2022-11,0.18402094235484054
db4cd8_2018-06,0.17802888989238888
b416b1_2020-06,0.1969826371287149
f461d4_2015-01,0.21206468769641393
d59611_2021-07,0.6234007626990212
1822ea_2023-08,0.6631041529243998
14fe3a_2023-07,0.7698682620499967
14fe3a_2023-10,0.22421157465059624
4fb2d3_2022-12,0.21404580864731454
06534f_2023-06,0.7008193881513147
06534f_2023-07,0.5508187414831
e83244_2025-01,0.17653166861045652
7199cf_2025-03,0.24060309588565168
e60b65_2019-11,0.4711901359071467
77b3b9_2019-12,0.5386825795955258
fc77d0_2015-06,0.4496872400354319
987bc1_2021-10,0.37107644019478114
bfbeef_2022-08,0.18151080412494455
d86999_2017-06,0.19554775954180298
8fb6f0_2016-04,0.2749311325971028
5a0174_2023-11,0.7785202529972997
8fabe0_2023-03,0.2438505989319936
6838b9_2019-10,0.4327929319048446
77b3b9_2018-11,0.7671167570071159
375f2e_2022-05,0.3822506361615331
af81b0_2018-03,0.298496210519127
29849f_2017-06,0.4452437037516237
b1de95_2023-05,0.8198114578434019
022433_2025-07,0.19497480812625465
6224d0_2016-11,0.52949909770411
fb737b_2025-02,0.5323243390041192
e60b65_2023-01,0.4480085032445623
e60b65_2025-02,0.23230250009199307
bc4c03_2022-08,0.6006145198166148
a25664_2020-09,0.24417090053166052
90abb1_2019-02,0.17368610626591557
375f2e_2018-12,0.5526135230710103
9af74c_2021-11,0.6816932185161393
bfbeef_2024-01,0.17624561221776958
b26809_2023-06,0.1769828623005612
9befc8_2022-04,0.17287042795643295
fc9334_2025-05,0.24369027938779805
8fb6f0_2019-01,0.1750385904123803
dbb709_2022-11,0.4503363208405742
0f9e86_2020-03,0.34842626022031414
0f9e86_2020-09,0.19952651275821018
0f9e86_2022-02,0.32476745840471144
9cf1af_2023-04,0.3632103351129335
92dcdd_2018-12,0.17890519963062695
9befc8_2021-01,0.18952320023033736
4718d7_2015-03,0.17818740083033013
fb737b_2022-11,0.6330098417885095
1698cf_2024-04,0.5852014342969144
77b3b9_2019-05,0.3363122717418561
77b3b9_2022-07,0.7169451987571068
34889b_2017-04,0.6415355758269353
14fe3a_2019-06,0.19411211509177023
14fe3a_2024-06,0.5691248310523742
8005b9_2018-01,0.23946536098953378
fc77d0_2015-01,0.17878282787410305
92dcdd_2022-05,0.5272791818401344
29849f_2015-01,0.20696094241198576
29849f_2023-11,0.43770601428910716
06534f_2023-09,0.7164421351171351
3a13b3_2015-03,0.1862922996414183
e2314a_2023-01,0.3791767163302709
e83244_2016-11,0.23710434466888505
bc4c03_2018-12,0.20050540257728403
1698cf_2023-04,0.24778599441136087
77b3b9_2025-06,0.765966392910763
4fb2d3_2018-08,0.2387000640378074
92dcdd_2019-03,0.17491162769466678
8e41cf_2023-08,0.3282892312882252
8e41cf_2024-12,0.2506230012877778
d86999_2016-12,0.21386927995710617
9befc8_2018-05,0.19378526970903626
0f9e86_2018-09,0.3361115177082691
7199cf_2024-10,0.33931833692817326
7199cf_2025-02,0.24108906962890844
fb737b_2020-01,0.6241893517093946
175155_2023-10,0.2740413140500651
34889b_2019-12,0.17256161878069337
987bc1_2025-01,0.25833390627311154
af81b0_2018-05,0.18205283986010096
3db670_2019-09,0.6777006848843363
b73bc7_2025-04,0.4373861929893602
e83244_2015-02,0.20111458840265195
e83244_2018-12,0.38983246977089264
e83244_2022-03,0.2673633434132122
6224d0_2020-07,0.42557428351624543
4718d7_2023-07,0.21009797144516593
fb737b_2022-05,0.38497632203626
6f5e2b_2024-11,0.31958632352283534
a25664_2018-03,0.4150687272006605
a42d13_2015-05,0.1926241341631869
424c1b_2025-07,0.6552735073694169
90abb1_2025-07,0.4194829911972867
265164_2024-11,0.39719908282946476
987bc1_2014-11,0.2608105392456188
987bc1_2025-07,0.2434559436272561
8e41cf_2022-05,0.18743369718910263
731908_2023-08,0.18340499248781209
11f0e3_2015-09,0.2982017306880407
d86999_2018-06,0.1892424853789452
d86999_2019-02,0.1730284152657581
9befc8_2016-05,0.17991854972095395
780a0b_2016-05,0.17356601158251544
0f9e86_2019-08,0.18182850324072017
0f9e86_2019-12,0.17518845674206351
9cf1af_2022-10,0.5485171476325493
0e8d73_2024-04,0.20694454890103767
5a0174_2023-05,0.38035412838052485
bc4c03_2023-06,0.4171299962154527
259a19_2024-02,0.81681643801762
db4cd8_2014-10,0.1856054192274804
14fe3a_2025-08,0.40679202395835945
8005b9_2018-06,0.31562568252821144
b08ec1_2022-05,0.201816844022018
fc77d0_2020-09,0.20289664400622448
9af74c_2023-01,0.24180732256549664
f1543b_2020-02,0.39172489617097334
c580aa_2014-10,0.36853324232902096
e83244_2020-11,0.6332348179812184
6f5e2b_2023-01,0.18354744603888568
175155_2020-03,0.7051953288378288
175155_2024-08,0.27194399775173633
532867_2024-03,0.5807412002277941
90abb1_2015-02,0.23497184345319902
9af74c_2019-07,0.6372059471612319
987bc1_2019-02,0.43593137211986177
4fb2d3_2021-05,0.6231981690648303
8e41cf_2022-06,0.18921842167278524
11f0e3_2020-07,0.7763900362461508
6224d0_2015-03,0.17644544200947998
0e8d73_2024-11,0.4450054663078068
f461d4_2014-12,0.19004130995314727
6838b9_2023-02,0.22190016764955942
a25664_2023-04,0.18631786774877127
b08ec1_2018-04,0.1811150462431384
92dcdd_2019-07,0.42015872987919123
af81b0_2023-05,0.18984684536419993
af81b0_2023-11,0.21617534498787175
af81b0_2024-11,0.2592535867239813
29849f_2019-07,0.19709722962448992
3a13b3_2017-07,0.4372548234190973
f4604d_2023-10,0.34921625384480126
90abb1_2025-05,0.2589666665215982
92dcdd_2022-08,0.679100007262905
11f0e3_2025-07,0.25339093091688936
b26809_2024-09,0.21102941815296158
9befc8_2015-10,0.3196422242703907
9befc8_2020-02,0.17648606308724635
780a0b_2017-06,0.18077877336175718
780a0b_2024-09,0.5948295288778997
fc9334_2024-01,0.18777817995506885
9cf1af_2023-08,0.6581143886886033
6f5e2b_2018-06,0.18211148041075736
6f5e2b_2020-12,0.25714548539066917
db4cd8_2019-11,0.3513171438834001
90abb1_2024-06,0.3107159331643777
1822ea_2021-08,0.765498201701597
3a13b3_2019-05,0.4639334381062386
e2314a_2025-06,0.31086737544914506
e83244_2016-08,0.2190985629407442
6224d0_2021-08,0.5784610812574551
987bc1_2017-04,0.6509560867805834
4fb2d3_2018-02,0.1771777491207344
4fb2d3_2022-07,0.2842768959814723
8e41cf_2022-08,0.6551374322720263
731908_2016-08,0.2718107577199713
9f1aa0_2022-12,0.1843854915332372
fc9334_2022-02,0.19071947774042922
fc9334_2022-11,0.18736490777035025
8fabe0_2019-03,0.25902293628837264
b416b1_2021-06,0.5071588377930774
a25664_2024-05,0.5553393053618001
db4cd8_2025-05,0.5558355379279932
d59611_2019-04,0.19211618402187586
34889b_2018-02,0.2001379783673928
1822ea_2024-04,0.32919815954973664
14fe3a_2014-07,0.1874885525039597
14fe3a_2018-05,0.17206820481660173
b08ec1_2018-05,0.21252023667002096
af81b0_2019-09,0.18882675268241522
545d15_2021-05,0.8053229240103015
b1de95_2014-10,0.26847002026625777
f4604d_2018-01,0.4815605876699583
531356_2014-10,0.4697556960138427
e2314a_2015-07,0.26449024711217023
e83244_2024-12,0.19193606571455857
0e8d73_2025-01,0.8102494085639662
1996b0_2025-08,0.6381727354046973
e60b65_2020-07,0.4480085032445623
175155_2023-06,0.29334438479905317
a25664_2020-03,0.611864943213529
a25664_2021-07,0.6037562432725163
77b3b9_2019-08,0.749113115305278
4fb2d3_2021-06,0.4487737184882502
8e41cf_2025-03,0.3062536790669539
bfbeef_2021-07,0.21955983572758447
780a0b_2021-04,0.1738290610410313
780a0b_2025-02,0.1762520428638811
987bc1_2020-04,0.216892088318498
6224d0_2019-10,0.18877194634245717
4718d7_2022-01,0.7955962491168765
0e8d73_2024-08,0.5763786795201675
0e8d73_2024-09,0.4222243390781871
8fabe0_2022-06,0.29494373464560847
a42d13_2017-07,0.7328965946855297
259a19_2021-08,0.4051752775166914
90abb1_2022-01,0.2464187662642185
3db670_2019-08,0.6225248455566215
b73bc7_2018-04,0.2899830034436761
531356_2019-03,0.19182126051905662
e2314a_2023-12,0.17335580092295583
e83244_2024-06,0.7183713807672794
fb737b_2020-07,0.7049442344098032
a42d13_2025-06,0.22462744428970707
90abb1_2015-03,0.17254024657450245
1822ea_2019-02,0.25213016890502365
fc77d0_2021-06,0.2050826880142616
4fb2d3_2019-02,0.17840779718578254
302d40_2024-01,0.17688335853461043
11f0e3_2021-02,0.18068753311048086
e427f8_2024-12,0.2789790298444358
9befc8_2015-05,0.18137618671048678
9befc8_2015-07,0.19584143063069964
9befc8_2019-05,0.22719887574533817
780a0b_2017-12,0.18890193434220842
8fb6f0_2014-10,0.18950014700882858
c580aa_2014-07,0.37253217571767205
5a0174_2024-08,0.3762016620270054
a42d13_2023-10,0.21225956888600112
db4cd8_2021-05,0.22889026713598087
f461d4_2023-06,0.358880357719725
77b3b9_2021-08,0.510236083364986
90abb1_2023-05,0.5304412898753099
1822ea_2015-01,0.22371784222992908
1822ea_2024-05,0.3202306545587826
14fe3a_2023-05,0.6525191892089475
375f2e_2021-08,0.684715579068141
29849f_2023-02,0.4971217069334948
531356_2024-08,0.5164181214573765
e2314a_2018-04,0.18294684273246384
e2314a_2020-07,0.5091386475219698
e83244_2025-02,0.3992330055160272
11f0e3_2016-08,0.1990879262248039
11f0e3_2019-07,0.17956769087670288
11f0e3_2024-03,0.29106015036846383
9befc8_2019-07,0.21063671143160062
8fb6f0_2024-07,0.27646683156492874
0f9e86_2022-11,0.18363775571953678
0f9e86_2023-02,0.17654532677563922
0f9e86_2023-05,0.3367825404863095
0f9e86_2024-06,0.530250318724082
fc77d0_2014-04,0.17370700300599018
bc4c03_2024-03,0.18066197547459983
532867_2024-02,0.633471364678305
db4cd8_2023-12,0.7914626332507237
77b3b9_2021-12,0.26940663131768966
14fe3a_2017-04,0.4678249425748969
b08ec1_2022-01,0.18416155783032112
9af74c_2023-04,0.41651149167154705
545d15_2019-02,0.17481811255581858
e2314a_2021-07,0.4425588024360434
e60b65_2019-10,0.4480085032445623
e60b65_2023-02,0.49501241218178593
a25664_2023-01,0.31500433071083866
4fb2d3_2023-08,0.19594409497336693
92dcdd_2022-06,0.7880723989014371
302d40_2022-04,0.4504871890464413
731908_2025-01,0.176597709153744
d86999_2019-04,0.18079474912682514
e427f8_2022-04,0.6440175516075419
e427f8_2024-05,0.4390190014805321
9befc8_2016-01,0.23214787960166827
9befc8_2015-12,0.19941955465142952
8fb6f0_2016-09,0.17811436086165028
a25664_2019-12,0.17795473438229098
77b3b9_2021-10,0.7471257704669014
34889b_2022-09,0.31428585722011426
92dcdd_2024-09,0.40198296707551223
29849f_2022-04,0.3477757184750297
a42d13_2014-04,0.17435823201176542
987bc1_2020-01,0.3506181903231057
987bc1_2023-12,0.20940353894171757
4fb2d3_2021-07,0.6500992584374068
302d40_2024-03,0.18870279173858648
9befc8_2019-11,0.1880307223268904
780a0b_2014-10,0.20784712501841002
8fb6f0_2016-11,0.1736918935532473
8fb6f0_2019-10,0.17204421367760225
8bd3ce_2024-09,0.3620444123069911
0e8d73_2025-06,0.2641983184765012
f461d4_2016-05,0.2782356435531855
db4cd8_2014-12,0.19531913701883535
90abb1_2022-10,0.3722191737834687
8005b9_2022-03,0.29744277381103246
b08ec1_2024-09,0.41024482539214724
fc77d0_2022-10,0.17346680010385665
375f2e_2023-10,0.6648201169022451
987bc1_2024-11,0.2018955693191237
7a007d_2024-08,0.26116822317988914
6838b9_2020-03,0.70989086527493
1822ea_2025-07,0.7697675486290885
4fb2d3_2018-12,0.17599865814628332
8e41cf_2023-09,0.2605754083296799
11f0e3_2015-07,0.19395733773934065
bfbeef_2023-03,0.18342857570262938
bfbeef_2023-06,0.22782404159481046
dc4b5e_2022-12,0.1911356789661975
9befc8_2019-10,0.17421131116982264
dbb709_2024-06,0.31238896381238507
8bd3ce_2022-04,0.20145357307359119
0f9e86_2020-10,0.24618322508696683
5a0174_2020-02,0.8009731111458482
5a0174_2025-03,0.3033358126302839
6f5e2b_2019-06,0.18176073809442808
175155_2025-03,0.21767310100125217
6838b9_2018-04,0.1802258261413415
90abb1_2024-08,0.48094206715623394
34889b_2021-09,0.43933340714704566
14fe3a_2019-09,0.20830358497323292
fc77d0_2015-04,0.3425503119284862
fc77d0_2019-07,0.2289421015013417
4fb2d3_2023-06,0.22867480741287544
af81b0_2017-07,0.19715477693750014
af81b0_2025-02,0.4788324797295126
af81b0_2025-03,0.22321025477372997
545d15_2019-08,0.5603203116178903
29849f_2016-09,0.5942115473555527
3a13b3_2024-04,0.36460883632579477
e2314a_2015-01,0.20242545336931056
e2314a_2018-12,0.17201248062929975
424c1b_2024-07,0.65975495341253
77b3b9_2021-04,0.5534495915263793
1822ea_2019-10,0.2381072202023292
8e41cf_2025-06,0.22815874418593873
d86999_2018-09,0.21169142654503242
e427f8_2025-06,0.3522332815714246
9befc8_2017-09,0.5023751080147429
9befc8_2018-09,0.2779794209687322
9befc8_2020-09,0.25766354027521154
fc77d0_2015-07,0.43580516901844957
4718d7_2024-06,0.24225633628739013
e60b65_2025-06,0.19787055453433217
5a0174_2021-09,0.33466890651686965
b416b1_2018-04,0.6788445345244597
b416b1_2022-07,0.3449919915842903
b416b1_2024-03,0.19489315054844716
259a19_2019-03,0.17696314732607968
7a007d_2025-06,0.18661887770894164
06534f_2024-11,0.2494766352927396
022433_2024-10,0.3209954968763207
e60b65_2019-01,0.4480085032445623
e60b65_2021-10,0.4480085032445623
175155_2017-03,0.3659896094118827
a25664_2017-05,0.7905666547377264
1822ea_2023-01,0.2623965450440612
265164_2025-05,0.2967620144383575
375f2e_2018-05,0.18368353882206295
987bc1_2015-07,0.29338896857607655
987bc1_2017-12,0.420113204173736
8e41cf_2024-05,0.2621099774980632
302d40_2023-06,0.2697375918032578
302d40_2023-10,0.7070078022035797
302d40_2024-05,0.8054079909196303
e427f8_2023-12,0.22490591517362207
5a0174_2018-05,0.18090160124579757
6f5e2b_2018-12,0.1868108754031088
bc4c03_2024-05,0.24768779903781962
90abb1_2021-06,0.7834515489616443
fc77d0_2015-03,0.17244038372478163
9af74c_2020-02,0.6446637628077395
9af74c_2022-04,0.20349219282681882
e2314a_2015-10,0.1979695769206145
e2314a_2025-05,0.4168371261402518
6224d0_2024-04,0.22103454176246534
4718d7_2023-01,0.18435203969814062
f25ffe_2025-02,0.3213612610610072
1822ea_2019-05,0.26398756818963676
92dcdd_2023-11,0.36158743095554147
e427f8_2023-01,0.23975342590330673
9f1aa0_2025-02,0.18415735360175425
780a0b_2022-02,0.17933178165259722
0f9e86_2021-06,0.2100184968328299
0f9e86_2025-04,0.36129271569641946
f461d4_2024-01,0.6627074377472894
8fb6f0_2015-09,0.25936368126102105
dbb709_2025-06,0.20709868394933637
4718d7_2023-02,0.17739784182903467
6f5e2b_2023-02,0.17842719158967038
175155_2023-07,0.21960505424166507
f461d4_2022-06,0.28604732358237517
1698cf_2024-03,0.6089618336307543
77b3b9_2024-01,0.34755550330576607
4fb2d3_2019-10,0.19079721065521885
92dcdd_2019-10,0.2204582398842005
2167be_2025-06,0.2941752648324286
3a13b3_2023-12,0.505507976961542
531356_2018-05,0.353663816835528
e83244_2015-08,0.2741773944214656
0874ee_2021-08,0.23670526352628637
987bc1_2015-02,0.17817995369639894
4fb2d3_2014-09,0.19527738167264813
d86999_2019-07,0.20014349654073565
9f1aa0_2018-12,0.18134193078576658
8fb6f0_2017-12,0.18307009532709148
4718d7_2023-09,0.519356345709791
4718d7_2024-04,0.27039940260137846
5a0174_2021-12,0.4531567483261541
6f5e2b_2019-09,0.20381096005450675
14fe3a_2019-05,0.3052525941697607
b08ec1_2025-05,0.24446506113724883
3db670_2023-05,0.801633886701565
531356_2015-01,0.2238146008487552
531356_2024-03,0.3169765178499624
e83244_2016-10,0.320221762993672
175155_2024-02,0.3464443457466323
90abb1_2022-11,0.5811562372316658
302d40_2022-12,0.21425647529545885
e427f8_2025-04,0.1877874127348967
dc4b5e_2025-05,0.5246540683548343
9befc8_2020-12,0.3057614596474995
9f1aa0_2025-04,0.2227743919436099
8fb6f0_2020-04,0.6131443178271022
3db670_2015-03,0.2042216923572952
f25ffe_2024-03,0.5433795468023886
77c35f_2025-06,0.26751578724269903
fb737b_2025-08,0.3910571372033001
e60b65_2024-10,0.20893719538227967
bc4c03_2021-12,0.4283956434539256
90abb1_2014-10,0.18192451576582874
90abb1_2014-11,0.365668749408937
34889b_2019-07,0.6107117807000233
34889b_2025-01,0.2105336908547816
1822ea_2022-07,0.6773882164915045
b07578_2025-06,0.7009683614718129
545d15_2020-01,0.26872252243974754
f4604d_2015-04,0.29694670992647165
f4604d_2018-10,0.5201000686837738
f4604d_2023-12,0.35228858445820643
175155_2020-02,0.7771872180192307
175155_2021-11,0.8184297528942215
77b3b9_2014-10,0.1747569212782305
d59611_2024-03,0.42837515636465395
fc9334_2024-04,0.20594534422703253
8fb6f0_2019-12,0.18200258488254667
8bd3ce_2025-04,0.19557142981006875
6224d0_2024-08,0.24345102467612656
4718d7_2025-03,0.6508085195422811
b416b1_2020-11,0.41491318382409154
f461d4_2019-09,0.18368114636718497
259a19_2015-01,0.2317897131905821
a25664_2023-07,0.1946413076275814
f25ffe_2024-10,0.2010234342840537
d59611_2015-04,0.4487257110488203
af81b0_2023-09,0.18471856039300136
29849f_2019-01,0.23622637673726957
29849f_2022-06,0.7123397725667694
f4604d_2019-12,0.386304353416743
e83244_2017-06,0.41203973514413245
4ee2d2_2024-08,0.2769393568293134
4ee2d2_2025-04,0.25685273021392074
bc4c03_2022-12,0.3750291548900212
a42d13_2018-04,0.17326130297197678
11f0e3_2025-04,0.29414719490996727
8fb6f0_2019-07,0.2628530019372675
8fb6f0_2022-01,0.1782831388001443
8bd3ce_2024-07,0.22434726496188384
fb737b_2022-04,0.21099769410834082
e60b65_2023-09,0.19564061600682742
f461d4_2018-04,0.17375997348567998
bc4c03_2024-08,0.5350372336744824
77b3b9_2021-11,0.708293929862513
34889b_2018-01,0.1935180382429312
8005b9_2024-07,0.25940987455796627
375f2e_2023-02,0.2095588466828242
92dcdd_2022-09,0.30232865311238694
af81b0_2015-03,0.19032664307356228
3a13b3_2018-01,0.6656323500981294
e2314a_2021-05,0.8033310978804108
e83244_2019-10,0.34550267731083034
e83244_2024-01,0.2916138572748957
fc77d0_2020-01,0.2889272073988861
d86999_2015-11,0.28887845692480363
b26809_2025-07,0.38197175981522963
0f9e86_2021-03,0.18567979738238588
7a007d_2019-06,0.18433862181214195
7199cf_2023-12,0.23190398999541584
0e8d73_2023-09,0.191846685010696
1996b0_2025-02,0.8117184484947693
db4cd8_2024-09,0.6451469229759317
d59611_2019-08,0.1999167538235954
d59611_2022-05,0.570107260446292
34889b_2023-06,0.6100844941360128
b08ec1_2018-06,0.24967876827994342
29849f_2018-01,0.47773460726790395
29849f_2018-04,0.21687184516303432
29849f_2019-03,0.19883024227803567
e2314a_2017-06,0.7638829523038325
e2314a_2018-02,0.1817602461684089
e83244_2015-12,0.18736268961743488
6f5e2b_2023-09,0.29238381125944857
175155_2017-06,0.29197334753295834
6838b9_2022-10,0.21300828612507736
a25664_2022-07,0.19045312910177242
11f0e3_2014-10,0.5081931163855549
11f0e3_2022-03,0.2120205463865167
b26809_2024-12,0.177359277700607
dbb709_2025-07,0.35543299155565444
0f9e86_2024-11,0.20837845149780732
fb737b_2025-05,0.3491883133089223
8fabe0_2014-08,0.2780476039051093
6f5e2b_2024-06,0.4460105181118911
b416b1_2023-04,0.2771363889581896
259a19_2015-04,0.4109447387996713
a25664_2019-07,0.1883570691564111
6838b9_2022-06,0.23882347022658185
d59611_2018-05,0.17727057118734996
14fe3a_2023-02,0.673355489536548
29849f_2023-05,0.22871050800996434
29849f_2024-08,0.5483966963035847
3a13b3_2014-10,0.25574642266567127
3a13b3_2019-06,0.4362567778784606
531356_2019-09,0.2660404121777842
531356_2024-04,0.4147045262194757
e83244_2022-06,0.22860861036453617
e83244_2023-07,0.35643518551889286
175155_2023-11,0.7382759690693202
77b3b9_2019-04,0.2405636107848554
1822ea_2018-03,0.6240649956527146
1822ea_2020-06,0.6116216137255878
0ffc2d_2022-09,0.22894046174328403
987bc1_2024-08,0.4480232622502913
780a0b_2015-01,0.19070601774269527
780a0b_2016-04,0.21812071464938126
dbb709_2022-08,0.5053856696310398
dbb709_2024-12,0.35712398813576784
e427f8_2024-03,0.19804294929278002
8e41cf_2018-02,0.19780093911789626
14fe3a_2023-03,0.7042872679763565
fc9334_2019-01,0.18137749947027842
8bd3ce_2024-04,0.2770343561251593
731908_2024-08,0.18929180568049717
fc9334_2016-12,0.21677712032444257
8fb6f0_2024-08,0.1837466615117142
8e41cf_2018-10,0.186784561086407
8e41cf_2020-12,0.24747274448893103
8e41cf_2015-07,0.28113517922022857
b26809_2014-07,0.24201803876794042
780a0b_2023-08,0.18813793603248458
8fb6f0_2022-04,0.3063734731923187
8bd3ce_2016-01,0.18989666667766344
8bd3ce_2018-08,0.20301696552167856
8e41cf_2015-12,0.18420388650510375
e7a56d_2019-10,0.32254481281001235
74b7d1_2014-11,0.4318245196262712
8fb6f0_2022-06,0.3278873119158733
8bd3ce_2024-05,0.32403402960693956
c48018_2019-01,0.31483495651804916
bfbeef_2020-10,0.1934317625954129
8bd3ce_2018-07,0.22675734813972842
b26809_2017-08,0.196382504860606
8bd3ce_2021-10,0.3556890952845646
fc9334_2020-09,0.25117349978385994
9befc8_2023-02,0.22944392318635076
e7a56d_2025-07,0.25283631213892005
b26809_2023-01,0.21510633889519898
b26809_2017-05,0.2016637334583363
b26809_2016-09,0.29714934313301644
bfbeef_2018-01,0.1981504414410261
731908_2014-09,0.18828548045654198
731908_2015-03,0.19191069387776868
b26809_2018-03,0.1960626008717828
b26809_2018-10,0.7120726507765609
b26809_2021-09,0.6165060366546251
9f1aa0_2015-04,0.5434283909296027
731908_2015-09,0.251088946191116
731908_2022-12,0.1986484465740778
8bd3ce_2016-02,0.25273528628934494
8fb6f0_2019-03,0.18366790363756869
731908_2020-12,0.5440230728101442
fc9334_2018-05,0.185975410955933
b26809_2017-10,0.17509692504983673
731908_2022-04,0.20039383002977057
bfbeef_2024-04,0.2574714610172468
74b7d1_2025-01,0.5279067365072707
fc9334_2021-01,0.5722505590744732
8e41cf_2020-10,0.17543702619769022
e7a56d_2025-05,0.7983769923986094
bfbeef_2019-08,0.19336821010662172
fc9334_2017-02,0.17819847159903446
8bd3ce_2018-02,0.3715631442950589
8e41cf_2021-07,0.20714129097985415
8e41cf_2024-06,0.3474773125375507
b26809_2014-12,0.1775344187931344
fc9334_2018-08,0.20155607767234268
731908_2022-11,0.17846289273185587
bfbeef_2019-07,0.25143202264996656
bfbeef_2022-02,0.17692740074450358
fc9334_2018-03,0.20942595583484488
8bd3ce_2021-06,0.23451089706915065
731908_2023-11,0.45954565796748365
780a0b_2023-04,0.18979292489773178
fc9334_2017-08,0.4357976170443353
8bd3ce_2020-02,0.26366719413932804
8e41cf_2018-06,0.32487489396486663
e7a56d_2024-07,0.2863106112915182
0874ee_2014-11,0.1763562865082045
731908_2021-02,0.24967046319114633
8e41cf_2017-01,0.18543910626127227
731908_2022-09,0.796921975018366
dc4b5e_2023-03,0.3075785439357711
fc9334_2017-12,0.21388751424254115
8bd3ce_2019-11,0.17337251127628878
b26809_2017-06,0.18515256841612965
0874ee_2014-10,0.17267383920674553
a97df3_2022-05,0.25097797109234243
a97df3_2025-06,0.18723170885371207
731908_2021-01,0.23524016857690055
4718d7_2018-05,0.1838595477620831
9f1aa0_2016-07,0.1976010476889513
9f1aa0_2019-12,0.1839589456229959
b08ec1_2019-03,0.1753762576155287
4718d7_2021-09,0.3103006704751978
5a0174_2014-10,0.18597842787468916
fa8553_2021-08,0.3312315919147823
fa8553_2021-12,0.20958183229749316
513080_2025-04,0.18767814959212625
14fe3a_2024-02,0.7834179012828503
fb34b4_2023-07,0.2303835495895404
bf6f0d_2019-08,0.18621629026472303
fa8553_2024-07,0.4435104355004949
513080_2021-12,0.2697758096948319
dbb709_2023-05,0.42386541663923616
d59611_2025-07,0.7215643473698709
6f5e2b_2014-06,0.1790452614968294
77b3b9_2018-05,0.17661224111602886
948a11_2023-07,0.27678299871738693
7bf5c9_2020-10,0.20806219225957828
d59611_2020-03,0.5826982887833141
175155_2018-07,0.4852779554222244
9f1aa0_2023-04,0.20705345431864536
a25664_2019-06,0.2831332921877706
9f1aa0_2014-04,0.21700780496034908
fa8553_2023-11,0.25654952140300447
5a0174_2016-11,0.2092310888717462
f500c5_2017-07,0.4687055452504641
6c1954_2023-06,0.2859703016744327
510fbf_2024-02,0.1818872634395729
d59611_2021-01,0.35434586640185267
5a0174_2021-10,0.5127549946999446
6f5e2b_2015-02,0.19723063464224427
f500c5_2018-03,0.7717212380712107
6c1954_2019-08,0.28002585323433327
9f1aa0_2014-09,0.18591895233236103
d59611_2018-10,0.197866005896857
375f2e_2022-12,0.8203300913859894
9f1aa0_2016-01,0.18121332802941237
513080_2024-02,0.17841794234885572
14fe3a_2015-04,0.4312780709397412
b644ac_2024-11,0.22660388643714202
77b3b9_2019-03,0.29117992514909774
77b3b9_2022-02,0.7316141579260639
4718d7_2019-05,0.23073832069734435
9f1aa0_2018-11,0.20148341446785248
9f1aa0_2019-03,0.199053973603039
fa8553_2022-07,0.19535731653322644
d86999_2025-03,0.2524503423830431
d86999_2025-06,0.4842868698302919
948a11_2025-07,0.30652014355943075
175155_2021-08,0.29910274039229956
fa8553_2023-02,0.19774483845216922
d86999_2021-10,0.3395554511657169
d86999_2025-07,0.41787648514229786
6f5e2b_2020-07,0.2521821089837962
6c1954_2024-12,0.21754553411878663
375f2e_2020-10,0.7756700006116948
77b3b9_2021-09,0.6569055325197898
bf6f0d_2025-07,0.45466249039005957
bc4c03_2016-08,0.5019365184903568
7bf5c9_2020-08,0.24196981405013934
9f1aa0_2017-04,0.1954407371015347
302d40_2022-11,0.7759671380999553
d59611_2015-02,0.1813934506021709
f500c5_2019-03,0.1931240239835357
e427f8_2022-07,0.799832647827329
513080_2024-09,0.22689315790593279
f500c5_2015-04,0.7354441373814968
4718d7_2018-01,0.3813540156747882
a42d13_2014-11,0.1886391809288905
92dcdd_2021-07,0.5012708195998734
948a11_2024-08,0.2942402716415116
8fabe0_2021-09,0.46528550555117293
8fabe0_2025-07,0.3417530730310546
9f1aa0_2021-08,0.20481067159522617
510fbf_2023-08,0.5834324603914599
510fbf_2025-08,0.7925285096251026
a42d13_2016-04,0.19880625154517217
7a007d_2014-12,0.18120672532431362
f500c5_2024-04,0.3739751407732618
513080_2022-03,0.18612364544486426
7bf5c9_2015-09,0.6754891870592544
948a11_2024-07,0.28066466698418713
510fbf_2022-09,0.21481229870646462
510fbf_2023-05,0.1895542225856904
d59611_2019-07,0.3530245458400212
1698cf_2021-10,0.6875011140872811
d59611_2023-03,0.6200563708400102
e60b65_2015-03,0.17289564300825394
f500c5_2024-02,0.18554924387062594
9f1aa0_2021-11,0.21197608239001306
510fbf_2022-11,0.2167785204428366
11f0e3_2019-01,0.17233988466582262
bfbeef_2015-03,0.20134797022164969
0cecbd_2019-12,0.2109376298005389
bc4c03_2020-04,0.691432448376213
bfbeef_2016-08,0.2314471017093953
0cecbd_2024-06,0.3969736673600908
8fb6f0_2019-05,0.19237594572422906
0f9e86_2018-05,0.4979292308976621
11f0e3_2017-05,0.23814201262235563
af81b0_2018-10,0.28256121410663276
0cecbd_2023-12,0.22483598501783808
11f0e3_2019-03,0.17120223810339943
0f9e86_2016-05,0.24550434912960678
0cecbd_2018-12,0.18559097437525568
0cecbd_2019-05,0.24847628569338398
b73bc7_2019-09,0.4199873675461633
175155_2024-04,0.30760881500824133
11f0e3_2014-09,0.5246988514588519
4fb2d3_2024-07,0.18194710171209524
6224d0_2021-11,0.7965964577623958
987bc1_2018-04,0.17539248887373077
98a151_2015-03,0.5610832142316852
dc4b5e_2019-08,0.4242640020569562
e3af0e_2015-01,0.4771834927655029
60a0fd_2014-12,0.4710191804876776
60a0fd_2019-11,0.4091925207276459
894378_2025-06,0.26023406193453685
e3af0e_2018-02,0.5745086963922104
98a151_2014-09,0.5392093980511454
60a0fd_2015-02,0.34243529670057377
a97df3_2021-11,0.8051206792226268
60a0fd_2018-01,0.605925421104988
60a0fd_2014-07,0.36566880648887856
60a0fd_2014-08,0.4564526369486571
7a007d_2025-01,0.2109713003798889
98a151_2015-02,0.29527494223203654
375f2e_2019-10,0.19314468490019823
7bf5c9_2023-05,0.28255211019989784
1bdb97_2023-10,0.31605351272617777
88a9a6_2024-08,0.18248213755546755
829a72_2024-10,0.19175475770903988
f500c5_2017-05,0.23874209285936504
c5df88_2022-06,0.4554331978919248
98a151_2019-12,0.80241561042359
4f2b6b_2023-05,0.726725688212533
e2e0ce_2020-05,0.5530148616310419
2ab8ad_2017-02,0.6794738602605596
2ab8ad_2020-03,0.5981405639115394
c5df88_2023-07,0.3178943152400101
7aa803_2020-12,0.197755861908094
f500c5_2014-11,0.2085336788800995
1698cf_2021-07,0.5987374225178144
e2e0ce_2024-04,0.25486391956182075
74fb1f_2023-12,0.3608743358709138
f500c5_2022-10,0.3310967061151644
293190_2014-06,0.430246809743186
2ab8ad_2025-01,0.30154789765351336
7aa803_2020-01,0.4705170464301349
e3af0e_2021-04,0.7308723436431
e3af0e_2025-02,0.3229911375587966
7bf5c9_2017-02,0.7700739258098664
bf6f0d_2018-04,0.35764176184020174
2ab8ad_2020-05,0.6252466589986186
7aa803_2021-03,0.5270691705318609
34889b_2017-06,0.30464984342451384
34889b_2017-07,0.8096491595514757
2ab8ad_2022-12,0.34636714275741315
2ab8ad_2023-10,0.307077984273891
c5df88_2021-01,0.3078562597604408
74fb1f_2023-08,0.28398623475157975
e3af0e_2025-06,0.18108793271415502
f500c5_2016-02,0.25450419929765783
f500c5_2019-09,0.27924145276019907
18defd_2015-01,0.22572696087481048
e2e0ce_2022-08,0.35109000531502516
2ab8ad_2023-08,0.2883699630490797
7aa803_2021-05,0.5636001215263563
c580aa_2018-04,0.2705802449919433
f500c5_2018-06,0.2979038131218742
2ab8ad_2022-08,0.38266562417113803
74fb1f_2020-07,0.3099600983348606
9b46ed_2022-06,0.34505228285043116
d86999_2024-04,0.36904478805609264
7a007d_2016-05,0.5423164794414799
1bdb97_2022-08,0.5029381559620398
c5df88_2015-02,0.26624551632674825
f1543b_2019-06,0.3679415478752462
b08ec1_2014-06,0.18468738841866766
293190_2021-09,0.6023860073644449
e2e0ce_2018-12,0.40372061538919135
74fb1f_2021-07,0.6492540307939658
f1543b_2021-05,0.36733325853336746
f500c5_2017-02,0.21302659575409272
f500c5_2021-04,0.2188638366412156
b08ec1_2014-05,0.2047387947226642
6f5e2b_2020-08,0.28402461823666614
293190_2022-07,0.2063573128786716
18defd_2023-12,0.34339815417277364
2ab8ad_2024-02,0.32914671300885734
74fb1f_2015-02,0.3591358436499693
88a9a6_2024-05,0.37835417833956986
c3a69f_2022-06,0.4684160737570181
9b46ed_2021-06,0.32262332482692163
9b46ed_2022-12,0.2999669274376166
829a72_2022-10,0.18525340605175677
e3af0e_2022-04,0.6504373008641765
c580aa_2018-05,0.2940000767534053
fb34b4_2025-07,0.276893726681794
1698cf_2020-08,0.3279922574000606
c3a69f_2022-07,0.6740546142543262
c5df88_2021-05,0.6997216299302491
7aa803_2025-02,0.7660955299313725
9b46ed_2021-12,0.6902877957515076
98a151_2023-10,0.24386326802578032
f500c5_2017-09,0.5384539025410077
f500c5_2024-01,0.2163588673105517
cd0e60_2022-06,0.6252120382307867
cd0e60_2022-08,0.7761612928540441
7aa803_2015-01,0.34890507687981553
98a151_2021-10,0.7258851139908223
94f933_2025-08,0.277793253151981
293190_2021-06,0.8138897037599959
c5df88_2014-11,0.4663295125766334
98a151_2019-07,0.3945161484200379
829a72_2019-09,0.30287833193927155
7bf5c9_2024-08,0.25607807393360205
34889b_2022-10,0.22405839926173243
8fabe0_2025-05,0.28111395724163135
293190_2020-10,0.7685177589624612
e2e0ce_2020-11,0.4836043091892447
88a9a6_2024-11,0.24910710247520695
f500c5_2019-11,0.20337304045293947
fb34b4_2023-10,0.22280284672772654
5a0174_2020-08,0.3718126629772366
7aa803_2022-05,0.46210603992243726
9b46ed_2022-01,0.2599635297521514
98a151_2019-11,0.6295412891769527
98a151_2023-08,0.17845302482886574
7bf5c9_2019-04,0.23861014377619125
74fb1f_2015-01,0.31912679595768123
293190_2021-04,0.2613528819786829
2ab8ad_2024-05,0.39127936116505496
7aa803_2020-07,0.5305077434745459
829a72_2022-08,0.19660092454745465
60a0fd_2025-08,0.18469630873645168
db5006_2021-03,0.3483325038985579
74fb1f_2023-06,0.28005463929321306
60a0fd_2024-06,0.22960881131498123
b08ec1_2022-10,0.18731528377829418
e2e0ce_2024-05,0.3796504776082192
829a72_2025-05,0.39927320527750804
a97df3_2025-08,0.6023177004150918
f500c5_2022-08,0.5284982245373354
293190_2024-04,0.3000032036286123
7bf5c9_2019-05,0.21029959691470634
74fb1f_2024-08,0.5600682591800261
60a0fd_2023-05,0.34894083715279856
0ffc2d_2021-11,0.18848594673949984
022433_2023-10,0.24261470276506208
1b9e65_2015-04,0.5105272675633825
8fabe0_2023-09,0.6095594397470137
e7a56d_2019-12,0.36375903816062527
db5006_2017-06,0.48537157032253664
1b9e65_2024-02,0.4874225637441107
0ffc2d_2023-03,0.22476155615541193
259a19_2017-06,0.26357716165330114
c48018_2019-09,0.390773524710119
db5006_2020-02,0.4441175042002034
db5006_2022-01,0.6472257230416512
1b9e65_2018-01,0.34546807972586724
29849f_2023-06,0.6330796886610807
b07578_2024-06,0.7278867681500947
db5006_2022-06,0.5924216725133957
c48018_2014-06,0.33937647383796365
1bdb97_2025-02,0.6939007631122582
1b9e65_2022-12,0.2640075731992222
fc77d0_2014-07,0.1773267015279759
1bdb97_2023-04,0.8064478299493254
18defd_2025-04,0.3612930514780349
1b9e65_2024-11,0.294624154441587
db5006_2024-07,0.23523288068548762
fc77d0_2018-12,0.171743709723915
f4604d_2022-04,0.35906761880377486
531356_2022-08,0.29772659378128463
0ffc2d_2022-04,0.17172775829230172
bc4c03_2018-01,0.5708304838201961
f4604d_2022-07,0.4288382758009138
1b9e65_2017-04,0.7375196955460583
6224d0_2018-10,0.6735401846818136
db5006_2024-03,0.2149731635739574
f4604d_2017-04,0.4867738897217021
1b9e65_2019-03,0.24900336194715583
34889b_2018-12,0.18557079374671773
f461d4_2015-08,0.20820733304925515
e7a56d_2022-01,0.5971649807224282
5a0174_2017-11,0.4335034369332023
c48018_2019-12,0.5711804720795263
db5006_2021-02,0.6582185426484493
29849f_2022-09,0.2635788741552626
6838b9_2019-01,0.4056676192794466
1b9e65_2022-11,0.32692805836846733
1b9e65_2023-03,0.21179078254730385
92dcdd_2021-09,0.2714266071646666
022433_2023-01,0.5235214418192159
531356_2018-01,0.2557212786300659
1b9e65_2024-08,0.6510773142992736
f461d4_2015-10,0.22817073805974347
022433_2023-02,0.24608142048977646
db5006_2014-11,0.2402361457755035
db5006_2019-10,0.5947980486327638
db5006_2025-08,0.30001649212144293
e7a56d_2024-01,0.7629608578015018
0ffc2d_2020-08,0.2776893537520865
1b9e65_2019-09,0.22746634960228335
175155_2021-09,0.4372035924267588
7bf5c9_2021-06,0.6184623012212531
db5006_2022-09,0.5830980375554106
29849f_2018-03,0.40221244723670224
b59bc0_2015-09,0.49948566147451096
db5006_2019-08,0.3739846080339225
022433_2022-09,0.2623072656522055
3db670_2019-10,0.6820082333529051
c48018_2024-02,0.3739880331627298
1b9e65_2020-06,0.7819061529752466
db5006_2020-01,0.6600823011370094
022433_2023-03,0.27599989638150413
f4604d_2021-10,0.810870212664607
1b9e65_2018-04,0.19794896990611963
c3a69f_2021-11,0.5996207857715756
fd589c_2019-09,0.24549135676573433
c5816f_2024-07,0.2688255359545076
c3a69f_2025-04,0.4864448409836798
e361b7_2021-03,0.7457491149499064
6c1954_2025-02,0.555787255288362
e361b7_2023-06,0.24038016737527307
3db670_2016-04,0.6761461824467003
259a19_2020-12,0.4952867961172296
19fa84_2022-12,0.1809184633014357
e4bc80_2019-08,0.21168628083075652
8ec563_2023-12,0.5370732283843299
8ec563_2024-07,0.2463259399855259
19fa84_2022-07,0.3018152856083433
fd589c_2019-08,0.23965260294578292
b73bc7_2016-05,0.7648895430854348
c5816f_2023-07,0.3448792424266674
19fa84_2023-11,0.3140881208778678
fd589c_2020-01,0.33894635158566044
e361b7_2023-08,0.47248472236390426
e361b7_2025-01,0.27254946478731734
e4bc80_2022-06,0.2360068561421526
e4bc80_2024-03,0.1849028301827459
7bf5c9_2020-07,0.19097352649291718
3db670_2021-09,0.8070651076224328
894378_2020-11,0.7706150849128106
c5816f_2023-09,0.19843868471583165
c5816f_2024-10,0.22234150007149306
6c1954_2023-02,0.25100783419113565
b73bc7_2019-05,0.7013175338541743
60b690_2025-06,0.6252050649976766
c5816f_2023-11,0.20424266972914534
8ec563_2023-06,0.34139270465540117
fd589c_2024-08,0.2763909025068136
7bf5c9_2024-11,0.17371734317903406
3db670_2021-08,0.6735329677166807
894378_2022-11,0.18240170632428734
e361b7_2024-10,0.25215612941508836
19fa84_2021-12,0.18154035372653943
c580aa_2024-05,0.7538735358602644
439fde_2024-08,0.39582289600452836
c5816f_2025-04,0.21726593827056698
8ec563_2020-11,0.796318444022256
8ec563_2025-01,0.22322664054933394
fd589c_2022-12,0.1746194021128109
f1543b_2014-11,0.48118067523453767
c3a69f_2024-10,0.3499968008324569
894378_2023-04,0.2292692565727658
8ec563_2019-03,0.18318397231436134
19fa84_2023-09,0.4265004906491199
fd589c_2023-11,0.3033592727837208
e4bc80_2019-09,0.24944716179227955
b73bc7_2025-05,0.648528806246911
c3a69f_2020-02,0.2854691347992318
c3a69f_2024-11,0.22494753413765997
894378_2023-03,0.30478471770490445
8ec563_2022-02,0.2674320768902296
e361b7_2025-02,0.24053418700514415
3db670_2025-02,0.43231189388943936
3a13b3_2020-05,0.788401474167309
c5816f_2021-12,0.1785336588153636
fd589c_2021-11,0.19915018444990978
c3a69f_2024-12,0.22760234908132265
1bdb97_2024-12,0.7757749431381764
894378_2023-08,0.2362733959224189
19fa84_2022-08,0.23866133437630171
19fa84_2024-10,0.24860407230250145
7a007d_2025-02,0.1945289935802536
8ec563_2023-09,0.4247963008501839
c3a69f_2023-10,0.3047182688560619
894378_2019-05,0.3814431019297083
e4bc80_2023-04,0.36615869754424224
e4bc80_2024-04,0.5554795361363702
8fabe0_2022-01,0.6728635225774677
894378_2024-02,0.1892927226087998
e361b7_2020-03,0.6929667126848715
c3a69f_2018-02,0.3633767178261653
e4bc80_2023-02,0.18146639902721592
8ec563_2022-10,0.33132886549108453
b1de95_2020-11,0.7515342840895537
894378_2024-06,0.5047941253214832
fd589c_2022-06,0.20868214606398303
fd589c_2024-06,0.21431408702287968
e361b7_2024-09,0.22220048169717996
e4bc80_2023-06,0.32377903432184996
14fe3a_2015-11,0.3138757098465733
bf6f0d_2016-08,0.2322641678404762
db5006_2015-08,0.3876607387702652
98a151_2015-12,0.5501267342158622
bf6f0d_2023-12,0.7143747406321364
db4cd8_2015-05,0.30443463060223436
db4cd8_2020-01,0.5987546142101586
14fe3a_2017-09,0.24298166257178547
14fe3a_2017-10,0.24856561039201472
cd0e60_2019-09,0.20450419136212497
d59611_2017-08,0.22722443907970363
259a19_2015-06,0.36313665171206105
4f2b6b_2025-01,0.22029168651352776
bf6f0d_2016-09,0.2155896832802775
cd0e60_2020-10,0.7620521088661659
cd0e60_2022-05,0.35319333675640846
f1543b_2025-06,0.19425782135169625
022433_2021-05,0.6739982575217442
293190_2019-01,0.5176727845864841
7aa803_2017-04,0.7835949374912056
f1543b_2024-07,0.22102458063379338
022433_2021-06,0.719797242943401
7aa803_2019-09,0.3660454980062859
7bf5c9_2024-12,0.19592199466289198
f1543b_2014-07,0.8012258632585356
f1543b_2024-12,0.4302725630907355
2ab8ad_2021-02,0.7684826916172577
f1543b_2017-12,0.22034314184793607
f1543b_2022-05,0.7883278611137956
dc4b5e_2019-05,0.6867087700862522
e2e0ce_2022-11,0.7200135979662331
2ab8ad_2024-09,0.634998496731558
022433_2020-12,0.7190879119280098
293190_2016-09,0.4275065158767858
74fb1f_2021-08,0.6227419735979918
9b46ed_2023-07,0.7012847394629144
f1543b_2014-05,0.7123160357820013
293190_2019-08,0.28247331972387857
c5df88_2022-11,0.4501733717779145
f1543b_2022-08,0.7328717242678373
7bf5c9_2022-12,0.24972470696735125
7aa803_2020-06,0.3554154398402364
7aa803_2023-07,0.28481027937592557
9b46ed_2023-12,0.8002980705123603
293190_2016-06,0.8031141049592734
f1543b_2014-09,0.7801570461000124
e2e0ce_2020-02,0.5922457587148214
74fb1f_2020-04,0.43875261823387224
2ab8ad_2019-08,0.3077916846326943
74fb1f_2017-06,0.7768132707938238
74fb1f_2018-05,0.40484065384097534
f1543b_2016-05,0.8161057125447538
f1543b_2024-04,0.2100928697182737
f500c5_2014-03,0.24283207053961614
a42d13_2017-11,0.23778745178968444
6224d0_2017-06,0.6665523883797542
77e86b_2025-02,0.3043839886836638
94f933_2024-06,0.23272946464428576
c3a69f_2023-08,0.4472435731580061
94f933_2024-09,0.22549383588776997
18defd_2024-11,0.5203267587000673
94f933_2024-01,0.702189419953863
948a11_2025-04,0.4421761594846763
948a11_2024-12,0.803215348810791
7aa803_2018-04,0.47135751948567145
f1543b_2018-09,0.5739605016344668
c5df88_2018-05,0.605626664710873
29849f_2017-02,0.338508567558227
c580aa_2023-11,0.772349706594093
293190_2019-12,0.30976696261072895
e7a56d_2014-10,0.37396306968841625
829a72_2022-04,0.6713164844351454
74b7d1_2023-05,0.7152848644364056
829a72_2017-10,0.6916838976305713
e3af0e_2023-08,0.6805521109150604
cd0e60_2021-12,0.639229115018771
74b7d1_2022-06,0.5936068647661964
2ed4f9_2025-07,0.26804925417717385
60a0fd_2024-05,0.23263003207374
cd0e60_2023-05,0.42832190377986323
7bf5c9_2015-05,0.2666678538774322
7bf5c9_2018-10,0.723273340553341
b1de95_2017-06,0.6818812789557211
e3af0e_2021-02,0.6544918041281511
7bf5c9_2026-03,0.1925076576458439
60a0fd_2021-05,0.33054294984974264
e3af0e_2025-08,0.1863899673002149
0874ee_2017-02,0.7915988000938505
98a151_2017-09,0.50724903384767
c48018_2015-07,0.458449978879049
6da35b_2024-02,0.2813967110512151
98a151_2022-02,0.29770593558005143
6da35b_2024-10,0.3642641752774852
7e646c_2023-10,0.5410047231981983
6da35b_2025-05,0.3891179074908028
98a151_2023-11,0.2112556009569239
77e86b_2022-05,0.27646122475233426
e3af0e_2018-12,0.30560157814843575
6da35b_2025-01,0.35838855463534774
5ecf9b_2022-10,0.19548956314304844
829a72_2017-04,0.5914303292435618
829a72_2017-07,0.7736397546721487
829a72_2022-02,0.6522615255397803
6da35b_2023-04,0.360038015401544
60a0fd_2021-09,0.7282092682139142
7e646c_2024-01,0.23660606669371806
98a151_2016-11,0.7400195830430096
60a0fd_2023-03,0.5628414425521087
e3af0e_2021-11,0.5482595377445835
6da35b_2024-08,0.4757182051126533
7e646c_2023-09,0.29697147947829694
b644ac_2024-02,0.23543982613246744
7bf5c9_2025-12,0.30206911988148155
7bf5c9_2025-01,0.2231960377331082
7bf5c9_2025-02,0.19027086632550558
77e86b_2025-06,0.784264944035274
e3af0e_2022-02,0.3505329527973104
98a151_2020-03,0.6091493366043922
6da35b_2024-03,0.43179879960400047
98a151_2018-06,0.1958372788933397
829a72_2022-06,0.2782110663830347
e3af0e_2019-10,0.3202696804163975
e3af0e_2021-05,0.3339428471000152
19fa84_2015-12,0.775524111678098
6da35b_2023-02,0.40559261697067683
7bf5c9_2016-09,0.3771269404554597
19fa84_2016-01,0.775524111678098
7bf5c9_2022-06,0.6316097346206472
c5df88_2019-11,0.20737862343657584
6224d0_2020-04,0.82238081164645
6224d0_2020-06,0.8216790402721299
2ab8ad_2015-08,0.21767989704100715
8d0588_2024-09,0.3358585960961532
b0ff51_2015-04,0.5408647024472564
b0ff51_2022-12,0.5521384444871695
b0ff51_2023-12,0.357836381765989
8d0588_2017-10,0.30153698199451423
b59bc0_2017-04,0.30495177273241386
2ab8ad_2016-01,0.7860687963206814
8d0588_2014-06,0.45759650497457505
b59bc0_2014-06,0.4072813214318883
b59bc0_2019-01,0.2914143368108365
b59bc0_2020-01,0.49527977617844926
b0ff51_2016-04,0.5578456016946483
b0ff51_2025-04,0.41938195274901613
8d0588_2024-10,0.59011591725281
b59bc0_2014-07,0.21997944876585712
8d0588_2017-03,0.23628000576269576
8d0588_2015-03,0.22785463610100304
8d0588_2022-09,0.2229058041618913
b0ff51_2020-08,0.6234762609676149
b59bc0_2023-02,0.6521353073585014
b0ff51_2014-10,0.22628050467434901
b0ff51_2024-01,0.4424462447327979
8d0588_2021-04,0.54099348005792
f1543b_2017-03,0.21573189369205842
77e86b_2019-10,0.23236033681168036
b0ff51_2021-11,0.6562036119874801
8d0588_2022-11,0.3137692410762357
b59bc0_2014-03,0.5167804864546873
b59bc0_2022-12,0.5223345260690764
b0ff51_2021-05,0.4952197218343352
b59bc0_2015-01,0.2522697449682433
b0ff51_2024-09,0.2563727493826485
b59bc0_2019-08,0.19108973962857284
b59bc0_2019-11,0.3534334339333579
8d0588_2017-05,0.4040583596013098
8d0588_2021-09,0.35145018484718343
b0ff51_2017-03,0.3775058084961242
b59bc0_2018-04,0.22855810816043384
b59bc0_2025-05,0.5672097148117001
b0ff51_2022-05,0.49588265331672216
b0ff51_2025-06,0.44079125743229286
829a72_2015-10,0.6871518866036842
98a151_2015-09,0.7648567230381755
b08ec1_2016-03,0.2501580863147691
b416b1_2017-02,0.7488871318641663
77e86b_2018-08,0.7226476868914966
545d15_2023-01,0.3584034567300921
ab32d7_2024-08,0.4417015072846243
6224d0_2015-09,0.7719296710264418
74b7d1_2021-12,0.40203033181948494
c580aa_2020-01,0.756904940188811
ab32d7_2023-08,0.6224166270391971
9b3bd5_2025-01,0.6502161979319518
545d15_2025-11,0.24218034925261972
545d15_2022-07,0.3584034567300921
ab32d7_2022-07,0.5270347120275163
5ecf9b_2024-07,0.5094005621418058
c580aa_2017-02,0.6245968184740496
ab32d7_2023-09,0.5861406811809006
545d15_2024-07,0.3584034567300921
545d15_2024-10,0.3584034567300921
545d15_2025-10,0.3584034567300921
ab32d7_2023-06,0.567821045360017
8b98f3_2022-12,0.1821804856671847
545d15_2022-12,0.3584034567300921
545d15_2023-06,0.3657715615107371
4f2b6b_2023-01,0.34510942543976075
0cecbd_2021-11,0.38546388930096304
7a007d_2018-07,0.29997798132977394
4718d7_2020-11,0.4534132791694387
74b7d1_2020-04,0.6957670280248163
8b98f3_2022-11,0.19874019195969805
74b7d1_2020-11,0.6957670280248163
5ecf9b_2025-06,0.5679369974443802
ab32d7_2023-10,0.6270916860112745
5ecf9b_2024-03,0.37795574429962153
8b98f3_2022-09,0.20695730025312895
8b98f3_2023-10,0.27755375565773405
ab32d7_2023-03,0.7034553898672214
77e86b_2015-02,0.2792418717353392
259a19_2017-05,0.29556819367778503
948a11_2024-03,0.5034845112654901
1698cf_2021-02,0.2671435123035121
6f5e2b_2014-10,0.18034992764812655
e361b7_2015-03,0.20088623086023577
b73bc7_2017-04,0.7522902089847188
b73bc7_2023-05,0.7330468728012036
fd589c_2015-06,0.22585321709764078
894378_2021-06,0.6351724211970019
8ec563_2016-07,0.8107546794670896
e4bc80_2021-06,0.7516668615502695
894378_2018-05,0.19519310706163456
19fa84_2017-06,0.7175994333599093
c580aa_2016-02,0.2965958742782372
3db670_2022-02,0.5592515298789975
3db670_2018-11,0.5255908340910798
19fa84_2017-02,0.750801889217228
19fa84_2022-02,0.3857792090821994
06534f_2022-06,0.6799170203503941
e361b7_2019-02,0.18289596971365701
3a13b3_2023-09,0.7159626965015258
8ec563_2019-05,0.4327807781087779
06534f_2017-11,0.31986238877764356
fd589c_2016-02,0.7541510302834856
e361b7_2018-03,0.5103962301615093
e361b7_2019-01,0.22905741699411858
e4bc80_2019-01,0.2532110383823346
19fa84_2015-04,0.3740405752274431
3a13b3_2023-03,0.7356745891544374
e361b7_2018-10,0.8082010733814775
1bdb97_2024-03,0.5130442286193728
3a13b3_2022-07,0.5250537106049021
b73bc7_2015-07,0.6672638946433145
b73bc7_2020-10,0.7536308333421674
e361b7_2019-12,0.27379792832664684
c5816f_2024-02,0.18616015602872188
8ec563_2018-12,0.2522904863209885
8ec563_2020-01,0.6285816454470963
c5816f_2018-03,0.32710051218546343
fd589c_2014-06,0.33610042754913805
894378_2021-07,0.777209669687743
74b7d1_2019-05,0.3713512504142276
3a13b3_2024-06,0.3242911564732701
19fa84_2016-05,0.2039036826481621
3a13b3_2025-03,0.8003813287404034
c580aa_2025-01,0.7950513348491778
3db670_2024-12,0.7786936658986058
b1de95_2021-04,0.7997047473464154
b1de95_2022-06,0.3113746550553714
e361b7_2016-02,0.6781969419814493
0874ee_2014-06,0.172584362294314
b73bc7_2023-07,0.5531613632351845
3db670_2018-07,0.5301903897638434
fd589c_2016-01,0.5106949220451711
e4bc80_2019-06,0.36635521056081133
894378_2019-07,0.46308590088184565
3db670_2015-08,0.6250069140485439
3db670_2025-09,0.5210395436471099
894378_2025-03,0.35530964664250275
3db670_2015-09,0.783910038181277
b1de95_2022-11,0.6686362028228086
3a13b3_2016-08,0.2914214902323678
3db670_2018-09,0.44753218735036776
e361b7_2020-04,0.7957673670413659
06534f_2014-12,0.1953221027199878
8ec563_2019-04,0.3447728449220874
c580aa_2016-06,0.19045458508836283
19fa84_2019-05,0.22775706077817062
3a13b3_2021-02,0.45748101844407696
3a13b3_2024-07,0.6277058928274373
c580aa_2025-06,0.7185851427222498
06534f_2021-07,0.6431641235581771
e361b7_2017-05,0.7167519376246227
e4bc80_2018-01,0.26773327222626697
894378_2018-01,0.22769666198748623
894378_2019-02,0.21931297569484193
06534f_2022-09,0.8146349879852698
0e8d73_2025-09,0.42303592943083085
19fa84_2019-10,0.24657193161477992
d59611_2022-02,0.4529154848322777
4f2b6b_2024-02,0.5585524039769658
c3a69f_2015-04,0.6839725435453886
c3a69f_2018-05,0.44946095431323096
a25664_2017-11,0.6400855992723015
74b7d1_2018-11,0.6826384324024164
98a151_2018-09,0.7492404766397762
2ab8ad_2019-07,0.3764280861396059
98a151_2023-01,0.24085457138856015
98a151_2017-04,0.5333488880330496
60a0fd_2022-09,0.2910369526581561
a42d13_2014-07,0.20299929355174853
06534f_2018-07,0.6882837105820846
77e86b_2017-04,0.774499914213874
06534f_2018-09,0.7296985308099921
0874ee_2022-01,0.3561839074525466
0874ee_2020-01,0.2723236071018742
259a19_2016-11,0.5186697355338227
b1de95_2016-05,0.551513385530075
74fb1f_2017-12,0.6434304475227465
293190_2018-09,0.3830930658743827
8ec563_2015-10,0.2589853957767272
293190_2017-01,0.7029598397673572
293190_2017-04,0.752586063780818
e2e0ce_2015-06,0.7695384011994839
7aa803_2017-07,0.7952852402698289
b1de95_2016-07,0.7081684839438707
2ab8ad_2017-06,0.5691466432685583
c580aa_2016-03,0.22325264432836792
6f5e2b_2017-10,0.4769575406177968
e7a56d_2015-01,0.24351289736449458
e7a56d_2017-05,0.251402906635253
c48018_2020-10,0.2118805911143235
e7a56d_2018-10,0.29080511661354913
0874ee_2020-10,0.3049534757900861
987bc1_2020-06,0.2871387463067914
0874ee_2017-07,0.25478923862554864
c48018_2016-10,0.2498489532087591
c48018_2023-02,0.6649601712909363
b1de95_2018-10,0.3025256876431313
e7a56d_2018-11,0.29496395870558173
7aa803_2018-03,0.629607929657656
175155_2020-06,0.1947029551757189
18defd_2022-05,0.2118805911143235
c48018_2022-11,0.20161693954249907
18defd_2020-11,0.20161693954249907
18defd_2021-05,0.2118805911143235
18defd_2021-07,0.2118805911143235
987bc1_2021-02,0.49660364071398055
18defd_2016-08,0.5041533951993735
c48018_2016-04,0.4975369226067034
c48018_2022-04,0.20161693954249907
5a0174_2017-06,0.3756575241255284
4718d7_2015-04,0.5971589133684821
c48018_2020-12,0.2118805911143235
bc4c03_2017-07,0.2276874453391736
e7a56d_2020-06,0.23214062116515657
259a19_2018-09,0.44968944746058603
d59611_2016-08,0.2741661829574179
c48018_2021-11,0.20161693954249907
1822ea_2016-01,0.8134358798255722
a25664_2021-02,0.7612823700450169
c48018_2021-08,0.2118805911143235
d59611_2015-08,0.2876905704052032
1698cf_2018-10,0.4188485177913641
c3a69f_2019-10,0.24992175760298588
c3a69f_2019-05,0.2894021294983526
c3a69f_2019-08,0.342413179533606
c580aa_2015-09,0.18745380471740597
439fde_2017-02,0.7164215819522701
4718d7_2021-06,0.25257234793014927
87cfea_2022-06,0.6710266541537994
83894c_2022-02,0.20152052140457447
34889b_2016-05,0.33413859515761696
83894c_2019-07,0.3058578632587573
5a0174_2015-05,0.28896459700509447
e3af0e_2014-03,0.530060265432655
83894c_2020-12,0.3372275387465795
e3af0e_2015-07,0.21412110222809266
5a0174_2020-06,0.26111434562507485
87cfea_2024-01,0.19645891192503454
99c11c_2022-01,0.21149010119249798
90abb1_2016-10,0.7006012505614463
77b3b9_2017-05,0.5008184128848643
6f5e2b_2017-05,0.33246860434189607
99c11c_2022-04,0.38850345101444284
83894c_2020-11,0.3688795543895443
99c11c_2023-07,0.2944096279053766
98a151_2016-02,0.760238084634242
829a72_2021-07,0.31637136398638377
e3af0e_2016-04,0.2254852385965989
6f5e2b_2017-09,0.6726240283797537
f461d4_2021-05,0.3972054162673497
99c11c_2020-03,0.204870870248758
60a0fd_2015-07,0.18281047189512228
175155_2016-02,0.7989090821771724
8fabe0_2018-10,0.29636139367919384
8fabe0_2025-09,0.27278061844775214
83894c_2024-11,0.7870893068558629
6f5e2b_2018-09,0.25955981831246394
db4cd8_2017-11,0.7633375340132537
8fabe0_2020-05,0.30196826749024985
f461d4_2016-12,0.5120017201536478
829a72_2021-05,0.31637136398638377
175155_2016-04,0.7954934303262913
1698cf_2025-09,0.3487826930768557
5a0174_2016-03,0.2248795222121501
8fabe0_2016-10,0.24246412900619058
8fabe0_2017-03,0.3992970173592344
259a19_2017-01,0.6012738573976579
fd589c_2017-04,0.32955085493628183
e3af0e_2017-11,0.548224555006754
829a72_2015-07,0.2214558112827238
f461d4_2020-04,0.32679845766528814
d59611_2016-04,0.33962510247502975
87cfea_2019-07,0.488494585954008
175155_2015-12,0.7912495603129063
e7a56d_2016-02,0.7763169665572971
14fe3a_2020-04,0.8053314121245265
e427f8_2022-06,0.8039371279968546
d86999_2024-05,0.7193254157282014
29849f_2022-03,0.724850574564503
8ec563_2018-09,0.21346804764564734
77c35f_2022-07,0.41825416410314437
e427f8_2022-02,0.2737488029814483
f461d4_2017-12,0.6962135036882846
88a9a6_2015-10,0.4496083890092928
14fe3a_2021-02,0.812994087108019
e4bc80_2016-10,0.20536727734419538
1bdb97_2025-01,0.7918658371020584
e4bc80_2016-07,0.20536727734419538
e4bc80_2017-01,0.20536727734419538
d86999_2024-11,0.5225241071310438
d86999_2023-02,0.2258416478895537
14fe3a_2020-09,0.8053314121245265
8ec563_2016-04,0.23062986165263616
894378_2017-12,0.22828949094043036
e4bc80_2017-02,0.706181837600797
8ec563_2016-01,0.24074945461850494
14fe3a_2020-07,0.7987858907243957
c3a69f_2019-03,0.22118455066435963
c3a69f_2020-03,0.3125889262049488
439fde_2018-12,0.18446847368005892
bf6f0d_2017-04,0.19271473541384504
0f9e86_2020-06,0.6121864448201968
60a0fd_2018-08,0.6728860142501012
98a151_2020-08,0.7138356228014009
829a72_2018-08,0.536205964296393
439fde_2016-05,0.2864102355402126
77e86b_2018-07,0.7489600791415679
9af74c_2021-01,0.651917019870868
375f2e_2016-09,0.21579044732761798
bc4c03_2015-07,0.26687906555515223
bc4c03_2017-03,0.24095872910800584
77b3b9_2015-06,0.36635711868540427
90abb1_2015-05,0.20905070619934799
9af74c_2017-08,0.6790973926839243
92dcdd_2020-06,0.2184746585948115
3a13b3_2021-12,0.45088212805799605
77b3b9_2016-03,0.3355414541061181
c3a69f_2021-12,0.4304393182636317
439fde_2022-12,0.44038638714657286
439fde_2022-04,0.7889366858753336
87cfea_2021-07,0.43817752747396116
87cfea_2023-10,0.3174104376002764
99c11c_2024-05,0.36588476396736613
83894c_2019-02,0.2476315466570898
87cfea_2023-12,0.1983434502794303
439fde_2024-01,0.8121852916405825
87cfea_2017-07,0.34441515330437245
87cfea_2023-06,0.2416603677567696
87cfea_2025-07,0.5201941377700392
c3a69f_2020-12,0.8083426558268829
439fde_2017-04,0.7346551604052107
99c11c_2023-04,0.3193652283242536
c3a69f_2015-05,0.6690262343180648
87cfea_2022-11,0.3513247882998937
87cfea_2023-11,0.44709356619508983
99c11c_2021-09,0.5063955430303148
99c11c_2022-11,0.3374654864382281
c3a69f_2015-07,0.5892707326697658
c3a69f_2020-05,0.3394262751029422
83894c_2019-12,0.25451292977469536
87cfea_2024-10,0.3758787586412643
87cfea_2025-05,0.3773810351058233
83894c_2022-01,0.19587711100678368
87cfea_2023-09,0.2888575665226834
99c11c_2019-11,0.298339935208433
87cfea_2022-02,0.4471592760047504
83894c_2018-07,0.645435907509734
439fde_2017-01,0.7867947733251027
99c11c_2021-10,0.3460280796518175
99c11c_2017-02,0.2892785099108265
439fde_2016-10,0.7955275287852901
83894c_2021-05,0.7769533843081655
87cfea_2021-04,0.32934439833415663
439fde_2020-10,0.4626255765515186
83894c_2021-06,0.5929892005691852
99c11c_2023-06,0.32831889167770856
34889b_2015-06,0.3316737196462537
a25664_2017-06,0.6470494823540858
34889b_2018-11,0.3216339917631207
34889b_2015-05,0.33285777011134515
7199cf_2023-06,0.6493126031242774
34889b_2017-05,0.2770657012952832
87cfea_2020-01,0.21158084101050675
29849f_2021-10,0.488644923327025
f4604d_2017-11,0.28746566332402235
29849f_2021-03,0.488644923327025
d59611_2018-09,0.39716151218584217
29849f_2020-07,0.3194828940883721
29849f_2021-06,0.49250756722354155
29849f_2021-08,0.488644923327025
7aa803_2016-03,0.4245730032705669
7aa803_2017-09,0.8033796997648706
f4604d_2018-07,0.601275858596628
bf6f0d_2014-11,0.18732357175767705
531356_2020-12,0.4115408987164709
77b3b9_2016-12,0.3374015999456203
29849f_2015-05,0.8059779295755686
06534f_2020-10,0.7901724274962394
3a13b3_2022-06,0.39365701684798154
a42d13_2016-10,0.6322173323111075
3a13b3_2022-05,0.684172106906501
c580aa_2021-01,0.3355857436085746
88a9a6_2018-11,0.7813515669630633
0cecbd_2015-11,0.4832473774572644
948a11_2025-01,0.7549988209985099
06534f_2020-08,0.6847793688446743
a42d13_2016-08,0.6322173323111075
c580aa_2021-05,0.3957082722273774
8d0588_2015-12,0.2919415106832208
87cfea_2016-10,0.2852275480532559
af81b0_2018-08,0.5247675075089153
87cfea_2016-07,0.5323202880406468
fc2511_2025-06,0.6090264594195064
74b7d1_2016-07,0.3802399223702417
77e86b_2016-10,0.6164964516166123
77e86b_2016-08,0.615614221282476
88a9a6_2015-11,0.702158425378949
87cfea_2018-04,0.4954370065106497
bf6f0d_2020-06,0.2130181357997182
6224d0_2016-07,0.7359652070565821
5a0174_2021-04,0.798673587309008
90abb1_2018-08,0.23824908514025117
5a0174_2021-03,0.7934241120073511
87cfea_2018-10,0.6722098905105949
87cfea_2018-03,0.2464950744634622
af81b0_2020-07,0.19527943651915824
af81b0_2016-04,0.3080522903125094
4fb2d3_2016-05,0.47553854081381575
af81b0_2016-06,0.206519302125104
bc4c03_2020-06,0.6043920387062561
af81b0_2020-04,0.18552240520300178
b416b1_2016-04,0.5022539168604221
fb34b4_2022-10,0.47190965269532226
af81b0_2016-09,0.206519302125104
77b3b9_2018-08,0.23889445526916173
e2e0ce_2017-12,0.6774774338463679
cd0e60_2024-02,0.7523861430681751
7aa803_2016-06,0.7598150417202055
cd0e60_2025-07,0.726029442005167
6c1954_2019-05,0.73095784379771
8005b9_2015-12,0.6516172263528618
34889b_2021-06,0.300054090591356
c5df88_2015-08,0.704450647569122
f4604d_2015-09,0.6196794862421884
fc77d0_2016-11,0.6899325823367424
c5df88_2017-09,0.7043477419078517
fc77d0_2016-10,0.6790019306360516
fc77d0_2017-01,0.6790019306360516
fd589c_2018-10,0.8059802911660146
0874ee_2016-12,0.7011511566094139
1698cf_2016-04,0.5782673209010788
293190_2017-10,0.7815760750885906
c5df88_2017-07,0.4909471730767402
9b46ed_2025-09,0.503136918575666
9b46ed_2017-11,0.7959801272111997
34889b_2017-12,0.5241734385690927
b08ec1_2016-07,0.241808925247957
b08ec1_2017-10,0.22486879451999003
7aa803_2018-11,0.8035452710849033
dc4b5e_2021-04,0.8023304407136795
b08ec1_2021-01,0.37055991086412277
0cecbd_2016-08,0.2993864543956219
99c11c_2018-12,0.4910567313643096
99c11c_2025-06,0.43872091924695544
fc77d0_2016-04,0.7657242679234579
b1de95_2017-03,0.8154199292341999
fc77d0_2016-03,0.7573177758122768
99c11c_2019-05,0.4910567313643096
99c11c_2025-03,0.4407716448759917
a97df3_2020-10,0.4132463852600011
87cfea_2017-10,0.6640851802518158
99c11c_2018-08,0.4663473262798024
894378_2017-10,0.6290641670618904
74b7d1_2016-04,0.5959471491336399
b1de95_2017-12,0.6249013459920738
dc4b5e_2020-04,0.2508728508818895
99c11c_2025-04,0.43872091924695544
0cecbd_2016-11,0.28911386672038863
3a13b3_2018-09,0.8021993554228578
829a72_2018-09,0.3878697812123073
8ec563_2020-06,0.22385374727533236
b0ff51_2015-12,0.43740211310613625
829a72_2015-11,0.5809341828207015
af81b0_2022-05,0.7695543876334687
af81b0_2021-08,0.7695543876334687
af81b0_2021-01,0.7695543876334687
af81b0_2022-01,0.7695543876334687
60a0fd_2015-09,0.2692517991736768
fc77d0_2017-09,0.5879523843500978
b1de95_2015-08,0.7696825036208685
4fb2d3_2016-04,0.2980988375915211
c5df88_2015-09,0.30049833397716524
94f933_2023-02,0.8167259815492836
19fa84_2020-07,0.7138044224281583
19fa84_2020-09,0.745153550530943
fd589c_2020-07,0.7701680464799454
fd589c_2020-04,0.7885718803814772
6c1954_2020-12,0.7337414048034331
b416b1_2018-11,0.23020030104277814
6c1954_2020-09,0.7512983223350156
c5df88_2016-06,0.27432992541452456
74fb1f_2018-07,0.6381612135598127
74fb1f_2017-08,0.7994693827025694
74fb1f_2015-05,0.27629156637367147
c5df88_2016-07,0.2304191161466485
7aa803_2016-09,0.3772159605219697
74fb1f_2015-11,0.654983888938021
9b46ed_2015-07,0.6525839779035889
e2e0ce_2015-12,0.5272427720414793
c5df88_2016-03,0.653128444082826
83894c_2020-05,0.38569908084433185
87cfea_2020-04,0.40971161186105176
c5816f_2016-07,0.18268655721267663
e4bc80_2020-05,0.2119875430552281
db4cd8_2017-09,0.7991211688334356
90abb1_2018-11,0.22105164385447118
fd589c_2016-09,0.20200784160162347
8ec563_2015-06,0.18241510774348074
1698cf_2015-11,0.539969441153572
894378_2016-03,0.2064314562836147
e4bc80_2017-03,0.6709000431677236
b0ff51_2016-10,0.3458909909289519
83894c_2016-09,0.21014525111221624
a42d13_2022-08,0.3505335578209742
a42d13_2021-11,0.35223147799088766
a42d13_2022-09,0.35223147799088766
a25664_2017-01,0.6998812879155398
a42d13_2021-10,0.3505335578209742
439fde_2017-07,0.7273983812321322
a25664_2016-06,0.731161764342207
a42d13_2019-02,0.36046630068788066
77e86b_2017-01,0.751192448475452
a42d13_2021-05,0.3505335578209742
a42d13_2019-04,0.35223147799088766
1b9e65_2018-07,0.40904794915273585
db5006_2016-04,0.4132478360721447
f4604d_2016-09,0.23914934173018204
175155_2020-05,0.20762990076815374
f4604d_2016-12,0.24215406460961617
531356_2015-05,0.22777258570630554
375f2e_2016-01,0.5768396853604245
7a007d_2017-07,0.2677174115741213
c5df88_2015-05,0.724558901891142
894378_2020-09,0.8021784195199286
e361b7_2020-06,0.7955489123105409
b73bc7_2016-04,0.729345501753397
1822ea_2016-08,0.5375157203924955
1b9e65_2015-05,0.7949219771168511
bf6f0d_2018-09,0.2834587391890523
531356_2021-04,0.7852852668050984
db5006_2021-09,0.7949729145410823
f4604d_2021-04,0.7929292211384222
1b9e65_2016-04,0.5860295068069605
531356_2021-05,0.7714634147801908
29849f_2015-08,0.5867930684850016
29849f_2018-08,0.6435819970000047
29849f_2016-04,0.7359319883122091
6f5e2b_2018-08,0.2879276411104953
293190_2024-08,0.7890231312935454
88a9a6_2016-03,0.6772264696112336
14fe3a_2018-11,0.19817242970268276
293190_2024-12,0.7890231312935454
2ab8ad_2016-10,0.4508063844070856
c5df88_2026-04,0.7957741634371459
c5df88_2024-04,0.7957741634371459
c5df88_2025-09,0.7957741634371459
c5df88_2025-05,0.7901576569407596
293190_2025-10,0.7890231312935454
c5df88_2020-08,0.8061760941129592
293190_2025-08,0.7890231312935454
c5df88_2025-06,0.7957741634371459
9b46ed_2016-11,0.47333252230916517
9b46ed_2016-03,0.6076368030266689
293190_2025-02,0.7935871968390303
f4604d_2020-07,0.7088969690718434
1996b0_2023-12,0.6516392483156077
e3af0e_2018-07,0.27080720907883854
f4604d_2020-08,0.7088969690718434
1996b0_2022-12,0.6516392483156077
1996b0_2023-08,0.6516392483156077
f4604d_2020-10,0.7088969690718434
1996b0_2024-02,0.6819516601808313
1996b0_2024-08,0.6516392483156077
f4604d_2020-11,0.7130872824365551
e361b7_2015-09,0.26145723624128026
e83244_2025-09,0.5523503631681539
d86999_2020-04,0.6993766872307507
06534f_2015-12,0.6103653083738612
4718d7_2016-02,0.6194414694630289
4718d7_2016-04,0.6327009953870437
4718d7_2015-10,0.6537758312670853
7a007d_2021-03,0.7051593775227432
90abb1_2020-05,0.5156938931104045
7a007d_2022-05,0.7051593775227432
74b7d1_2017-01,0.3637334911537264
7a007d_2020-01,0.7051593775227432
7a007d_2022-07,0.7051593775227432
b08ec1_2015-08,0.7210344174139821
d59611_2016-03,0.23526328404315988
7a007d_2020-06,0.718516323464168
7a007d_2022-10,0.7051593775227432
e7a56d_2016-08,0.3474448530767326
e7a56d_2016-07,0.3474448530767326
7a007d_2023-07,0.7051593775227432
bf6f0d_2018-07,0.3385346288170698
b59bc0_2015-05,0.4728850333383622
bf6f0d_2020-05,0.2149102019907431
b0ff51_2015-05,0.6530685620647856
8d0588_2016-10,0.36733217976772053
0cecbd_2017-11,0.3348922816170563
b0ff51_2015-09,0.4405892826022832
e60b65_2018-04,0.17966476274583737
b416b1_2018-02,0.1829835958993379
f461d4_2022-09,0.23723073406256817
bc4c03_2024-04,0.1931747335957322
db4cd8_2023-02,0.2804396942883431
d59611_2021-08,0.7210213713413781
d59611_2023-04,0.23942600882587667
d59611_2025-03,0.7421632144959092
987bc1_2022-03,0.19585524802257512
92dcdd_2020-01,0.7716972629673663
92dcdd_2023-03,0.6305323065850279
3db670_2025-01,0.7063557178405234
06534f_2016-11,0.18994299478459092
3a13b3_2014-07,0.1926527321096841
e2314a_2019-09,0.37334674621551245
e2314a_2023-04,0.24594960816760597
1b9e65_2024-03,0.21118684515758318
fb737b_2024-11,0.43116847556842497
e60b65_2020-12,0.4480085032445623
e60b65_2022-12,0.4480085032445623
a25664_2025-01,0.24564489195767863
77b3b9_2023-07,0.6119209375080382
90abb1_2019-10,0.5524060290361786
fc77d0_2018-01,0.2321616773517284
375f2e_2024-01,0.34070388353992664
987bc1_2022-07,0.3107099277755575
11f0e3_2018-12,0.18331105924406038
11f0e3_2021-01,0.31607167008710446
fc9334_2022-08,0.2531064237123387
8bd3ce_2024-08,0.29149386861551035
8bd3ce_2025-02,0.19545577813821663
0f9e86_2021-07,0.17828460667049206
9cf1af_2024-10,0.8027408625884428
4718d7_2014-11,0.2026413920557256
5a0174_2015-01,0.23467019175068118
4ee2d2_2025-02,0.32043892381690187
b416b1_2022-12,0.1878498164318751
b416b1_2024-05,0.4018025086549385
175155_2024-06,0.1852399372708871
db4cd8_2024-04,0.24800135312081556
db4cd8_2018-05,0.17765887033565314
14fe3a_2018-04,0.17476867635502494
8005b9_2022-08,0.3236508538848529
b08ec1_2014-08,0.2471821858207012
b08ec1_2023-05,0.20786980945563083
9af74c_2022-01,0.3045563972664346
29849f_2019-12,0.21426458502676704
06534f_2025-03,0.37228501759413096
6224d0_2015-05,0.44827024859020365
0874ee_2020-03,0.6066090871387882
175155_2018-05,0.17486821305596328
6838b9_2021-07,0.7861466852699904
532867_2023-10,0.5183749865936937
f25ffe_2023-07,0.20683479956176115
987bc1_2015-06,0.1903339834131137
731908_2017-03,0.18913081783644786
8fb6f0_2024-11,0.2182727059455411
fb737b_2019-11,0.6360557950466016
6838b9_2022-04,0.17779502745553266
1698cf_2019-07,0.21944364544329523
34889b_2019-03,0.19669345997827933
14fe3a_2015-03,0.18059271459303164
b08ec1_2019-09,0.19035124518191981
92dcdd_2019-04,0.17713714408126244
af81b0_2020-02,0.2927160734344951
f4604d_2025-08,0.3087932432457395
e2314a_2016-03,0.1753240505712595
e83244_2019-08,0.4141131519442641
f25ffe_2025-01,0.6650504795473824
0ffc2d_2022-08,0.36517438021936444
e427f8_2024-10,0.8008728229913487
e427f8_2025-03,0.24604090014848343
9befc8_2025-05,0.18403663577499813
4718d7_2025-05,0.23406689793296756
5a0174_2019-10,0.23613296205615622
5a0174_2023-07,0.20809790343765183
b416b1_2019-05,0.25545157343441305
f461d4_2014-05,0.17432095578580417
f461d4_2017-02,0.5646558422804171
b416b1_2020-05,0.19638824498076013
34889b_2014-11,0.1877249601557506
34889b_2021-10,0.3125359255468127
14fe3a_2021-12,0.3947365873571226
b08ec1_2014-07,0.25939491906625567
375f2e_2023-08,0.6535950243695647
987bc1_2019-06,0.2241823360950464
b73bc7_2014-09,0.4727381283401725
531356_2018-07,0.526504495669521
e2314a_2020-03,0.29710725147976713
e83244_2025-08,0.5205788095121479
6224d0_2016-10,0.47907196040146716
77b3b9_2019-07,0.6521959730723574
90abb1_2025-02,0.41520990023240856
9af74c_2021-04,0.7409160104850654
11f0e3_2021-04,0.1721566273214042
11f0e3_2024-01,0.2077435871768482
bfbeef_2023-10,0.21701292677466064
77c35f_2025-08,0.2947342583596432
fa8553_2024-10,0.6659313886165538
11f0e3_2017-03,0.18857265075582896
fb737b_2024-10,0.554425984406372
6f5e2b_2024-02,0.7366687561780554
259a19_2019-06,0.19351337304939795
259a19_2025-04,0.5046801101965104
d59611_2023-11,0.22630900184215466
90abb1_2018-06,0.3024355574912014
14fe3a_2025-01,0.7734395027427607
8005b9_2019-07,0.24636709527161216
fc77d0_2018-02,0.23988941386021262
3a13b3_2016-01,0.23794341121852575
06534f_2024-09,0.5683739575664972
e83244_2024-08,0.5652910269815138
e60b65_2018-11,0.4711901359071467
6838b9_2025-08,0.7278364901718103
532867_2023-11,0.22920988838430545
77b3b9_2014-09,0.1823969321221862
375f2e_2024-11,0.19347884317601852
302d40_2023-08,0.4092380137278611
11f0e3_2024-06,0.21837028072268097
a97df3_2023-05,0.2687223076058792
780a0b_2015-04,0.1873857806280237
0f9e86_2019-01,0.17164611876704466
9cf1af_2022-07,0.7279139927614582
6f5e2b_2015-04,0.36914155699077705
b416b1_2016-08,0.17571128506260186
175155_2024-07,0.18774746082990906
34889b_2025-05,0.24328991346859805
8005b9_2019-08,0.22769466625732732
8005b9_2021-02,0.49543410141331234
375f2e_2019-09,0.3051861466782965
9af74c_2014-05,0.17463039223133997
4fb2d3_2024-08,0.21834008042633307
af81b0_2019-01,0.3185621807310791
29849f_2024-06,0.794757486367317
06534f_2016-10,0.19076524343370446
e2314a_2015-08,0.28218191314405583
e2314a_2017-01,0.17328523585050007
e2314a_2017-08,0.25863335763689194
6224d0_2015-04,0.5996390176756448
6838b9_2022-08,0.41294809280368605
987bc1_2014-12,0.1743922440580414
11f0e3_2017-01,0.1922785268016556
dc4b5e_2024-11,0.29114017407326437
780a0b_2017-01,0.18167026677404907
fc9334_2023-04,0.31651485754555353
a25664_2022-12,0.3244549544383462
a25664_2019-03,0.29707043728960175
34889b_2019-04,0.22380973914337807
14fe3a_2022-05,0.3893149144721363
8005b9_2021-04,0.3187392677731183
8005b9_2025-02,0.2703059025584109
b08ec1_2021-07,0.22997784868949683
b08ec1_2025-07,0.5048689844049103
375f2e_2015-04,0.7349157160506512
3db670_2017-05,0.7847439671238355
f4604d_2023-03,0.2213984971348256
e2314a_2017-05,0.19543810953653146
bc4c03_2019-11,0.6532342217001098
a25664_2018-04,0.17709942030873768
4fb2d3_2014-08,0.21824130040058595
92dcdd_2024-04,0.2634137659781636
11f0e3_2023-08,0.18503051415941973
9befc8_2014-12,0.20183094368993873
9befc8_2021-06,0.17354462220547123
9befc8_2024-05,0.21701007417519733
8fb6f0_2021-11,0.18326914951826528
0f9e86_2016-06,0.26671746829420817
0f9e86_2023-12,0.1782740136113159
8fabe0_2022-04,0.20622529813995744
bc4c03_2022-04,0.1873171981216594
1698cf_2018-06,0.18012604287888054
1698cf_2023-10,0.20844460748773358
1698cf_2025-07,0.5174452513034641
34889b_2019-08,0.2069678661253423
34889b_2024-10,0.23359685915487977
fc77d0_2021-12,0.19067967450221138
9af74c_2019-10,0.5240581310870801
e2314a_2022-08,0.27455095343499386
e83244_2024-05,0.7892496653424731
bc4c03_2024-10,0.7220339522523503
fc77d0_2019-03,0.1756274775279187
9af74c_2025-05,0.8147563506522626
513080_2025-08,0.27990946740369693
11f0e3_2017-08,0.31449970160287777
780a0b_2016-09,0.18148043961988766
dbb709_2023-06,0.21838351085791013
0f9e86_2020-08,0.235295231689727
0f9e86_2016-01,0.26727771448685117
fb737b_2023-06,0.41989997204435153
d59611_2024-10,0.663006298765415
987bc1_2019-04,0.17919097727285238
b1de95_2015-04,0.6121772890151761
06534f_2025-04,0.2579882153201571
b73bc7_2023-09,0.726354227185737
6224d0_2023-06,0.19435122302403035
e60b65_2014-08,0.2375259399611786
e60b65_2021-07,0.4480085032445623
5a0174_2022-07,0.26742255695839606
1822ea_2014-12,0.25683889833056517
9af74c_2018-07,0.5359773219569064
302d40_2024-02,0.3213641624337863
11f0e3_2022-09,0.27168605083118263
e427f8_2023-09,0.1909130828829378
9cf1af_2023-07,0.7485093231961232
f4604d_2014-12,0.19094196282031278
4718d7_2019-01,0.7668410352519835
f461d4_2014-11,0.1856084692022601
f461d4_2025-06,0.319060582471674
db4cd8_2021-06,0.4817010997357003
d59611_2014-05,0.17973748417148547
90abb1_2021-09,0.6697125221074749
375f2e_2023-07,0.5839588957170772
987bc1_2023-04,0.22962405964943366
af81b0_2015-04,0.36032886193701497
af81b0_2018-12,0.367220364341453
f4604d_2023-06,0.2817572077876018
e2314a_2015-11,0.2042014479199441
e2314a_2017-12,0.1709884545053911
e2314a_2022-01,0.5973317390818089
e83244_2017-03,0.18852079885272435
e83244_2021-04,0.7888761018256432
4718d7_2022-08,0.3026460100131392
4718d7_2022-09,0.22860701444422254
1698cf_2020-02,0.1880966269802679
11f0e3_2018-01,0.206166415026772
9befc8_2023-11,0.17737181428580734
8bd3ce_2025-01,0.1864821798396162
0f9e86_2018-02,0.17888163464764448
9cf1af_2025-01,0.5209859773877604
4718d7_2014-12,0.1869633811693029
8fabe0_2019-10,0.32575628950960206
b416b1_2016-09,0.17633196364571044
f461d4_2025-05,0.231910140223955
259a19_2025-08,0.41095344010094237
a25664_2025-03,0.3825800272083781
a42d13_2017-04,0.6359436601263868
db4cd8_2024-02,0.6548255041799229
b08ec1_2020-02,0.17627806684289923
9af74c_2019-05,0.37034497634525304
9af74c_2024-02,0.25909653293499435
06534f_2018-06,0.3201360574171227
e2314a_2022-06,0.22837389113622408
e83244_2015-10,0.17556826276520102
e83244_2023-05,0.22909322961577855
e60b65_2019-05,0.4480085032445623
a25664_2021-04,0.36410980717359204
f25ffe_2023-08,0.31397380501577576
fc77d0_2015-05,0.28755444503009825
4fb2d3_2019-01,0.3728202126922808
4fb2d3_2022-11,0.2314633979834361
8e41cf_2022-03,0.1949117600424614
11f0e3_2019-09,0.20363894187446974
dc4b5e_2023-06,0.18693942579601427
9f1aa0_2019-06,0.1830146976688441
780a0b_2017-05,0.1759781018068743
dbb709_2024-07,0.2789279116533506
b416b1_2021-08,0.782533080724998
175155_2024-10,0.34707312138638235
bc4c03_2023-03,0.20581785068533415
6838b9_2019-08,0.18453507753691625
6838b9_2024-10,0.6492975445836947
1698cf_2017-05,0.34228363355656394
d59611_2017-06,0.25468285213862113
b08ec1_2021-11,0.20050119411487682
4fb2d3_2022-06,0.25311828619757815
29849f_2019-09,0.2181765678456223
29849f_2025-01,0.4619160772450953
06534f_2025-06,0.5240915134786543
e60b65_2020-04,0.4711901359071467
0874ee_2020-02,0.22061438467174854
a25664_2023-05,0.18255904672680887
fc77d0_2021-10,0.5596652322595357
265164_2025-04,0.19663005728332256
987bc1_2024-03,0.48143329029040427
4fb2d3_2020-11,0.49322476912495006
11f0e3_2020-11,0.27795185641629067
731908_2019-03,0.17124878517793723
94f933_2023-04,0.5388218964228644
532867_2024-04,0.33884231508450835
4f2b6b_2023-08,0.3653713728122686
1698cf_2015-04,0.7190571823117374
1698cf_2024-10,0.5755549289217219
d59611_2015-03,0.1753726344378098
14fe3a_2022-09,0.6759308748531038
fc77d0_2023-08,0.23558997329519354
7a007d_2018-02,0.20061965212808253
f4604d_2020-03,0.7254563330622152
e83244_2022-05,0.25574136633452105
6224d0_2020-01,0.2377765933822648
0e8d73_2023-07,0.4615028819159203
6838b9_2021-11,0.3503396025615556
92dcdd_2022-01,0.5880210736332468
bfbeef_2022-03,0.173445184785404
77b3b9_2015-02,0.19102134894729478
4718d7_2014-04,0.17414007584226732
b416b1_2021-04,0.28480205212857584
a25664_2019-02,0.197617171587336
a25664_2020-02,0.1861613254917926
db4cd8_2022-04,0.18165424405434039
d59611_2022-11,0.5786067900964231
90abb1_2024-02,0.48229725874543156
14fe3a_2023-12,0.6486012463432063
af81b0_2023-10,0.31551580256367834
29849f_2025-05,0.24760677212279875
4ee2d2_2024-01,0.2477733237957044
175155_2015-01,0.17734630629222078
175155_2018-01,0.7603567898694549
175155_2023-04,0.18240048627693045
a25664_2024-10,0.4500161481359182
0ffc2d_2019-05,0.4450142034105474
0ffc2d_2019-10,0.18627839360886972
fc77d0_2022-06,0.22346745419507422
8e41cf_2024-01,0.19947034398260993
731908_2015-05,0.22074638080917458
dc4b5e_2025-02,0.2983014783794852
9befc8_2015-09,0.31813357559574695
780a0b_2014-11,0.17293875368939768
780a0b_2024-10,0.18613106820106928
8fb6f0_2025-05,0.18347024130263107
dbb709_2024-09,0.32060194051340923
8bd3ce_2022-12,0.23915032193253238
9cf1af_2022-04,0.5533775076872965
d86999_2015-08,0.2145907573404698
4718d7_2025-08,0.44527024488065
0e8d73_2025-03,0.7395949055515177
b416b1_2017-05,0.25087996918635064
b416b1_2020-10,0.24291424657805544
f461d4_2019-11,0.1750033449738518
a42d13_2014-05,0.19210806282081985
db4cd8_2022-08,0.6067001940096535
1698cf_2023-02,0.18323985873534424
92dcdd_2021-08,0.18496611656824785
af81b0_2023-07,0.17487863542334986
29849f_2014-11,0.18091668347476814
06534f_2024-08,0.7221649435229667
4fb2d3_2025-08,0.18951391541373144
8e41cf_2023-11,0.3560945081214429
731908_2019-07,0.18237421044133156
11f0e3_2015-10,0.18535044180858007
bfbeef_2021-02,0.21603610156944994
bfbeef_2021-11,0.17339973210971021
780a0b_2023-09,0.4159781426836154
8fb6f0_2014-11,0.17877720893808402
0f9e86_2016-09,0.25774322815664064
6224d0_2022-10,0.17473352858874897
5a0174_2023-01,0.1965299040932563
b416b1_2018-06,0.7365800381354755
a25664_2021-12,0.2340115955692439
a25664_2024-09,0.5036465879574443
6f5e2b_2020-03,0.27169715112350784
1698cf_2019-01,0.6111529437051837
77b3b9_2018-12,0.3323998723193724
d59611_2014-06,0.19603974520815562
af81b0_2023-04,0.23624905632826695
545d15_2021-01,0.26138399035767984
7a007d_2019-07,0.26167055332698563
c580aa_2025-03,0.8022892567431684
3a13b3_2014-08,0.3440344594923471
e2314a_2021-06,0.7486777598915488
e2314a_2021-09,0.7379048869754617
e83244_2019-11,0.21156321359139146
6224d0_2019-12,0.17197449337341386
e60b65_2020-01,0.4480085032445623
bc4c03_2024-09,0.3559518414049302
265164_2023-05,0.1881029337712003
4fb2d3_2014-12,0.17411924767542583
dc4b5e_2025-04,0.39151172343962803
fc9334_2022-12,0.18838794977789058
9f1aa0_2025-08,0.18393201377531235
5a0174_2022-05,0.2765390993810005
8fabe0_2017-06,0.23950242189118615
34889b_2023-07,0.19869909595445073
8005b9_2021-06,0.5313598872847816
8005b9_2023-06,0.4025420049926655
29849f_2022-11,0.3000282074832643
531356_2023-09,0.48225361924784915
e83244_2018-08,0.3895534193493006
6224d0_2018-04,0.17444565029287945
e60b65_2023-03,0.4420423759870009
9af74c_2014-10,0.20109562177674994
302d40_2025-03,0.28552307541412686
e427f8_2024-09,0.32143950381914144
9befc8_2016-10,0.1749060434387766
9befc8_2023-12,0.195311752383783
9f1aa0_2025-03,0.18502476456095665
8fb6f0_2014-05,0.201695934017239
fc77d0_2023-12,0.1980981868441296
4718d7_2015-02,0.20299945787164164
fb737b_2021-06,0.7074828975614729
e60b65_2015-04,0.5979193927642543
8fabe0_2017-02,0.4897445950361602
bc4c03_2022-10,0.3834095751712173
6838b9_2022-05,0.26731263731973176
db4cd8_2021-08,0.764562463365088
db4cd8_2023-11,0.3195207420806011
14fe3a_2023-04,0.3226703146358756
fc77d0_2023-07,0.20419228612695858
987bc1_2023-05,0.1868601889935797
af81b0_2017-06,0.1808796711331985
b73bc7_2016-11,0.20059440577867638
531356_2019-11,0.40115218818635706
531356_2023-03,0.3878999056451945
e2314a_2021-11,0.24566247931440977
175155_2019-02,0.26332678929003595
1822ea_2019-09,0.2712720832433946
4fb2d3_2021-02,0.30951399583735173
92dcdd_2025-06,0.23380108277247888
302d40_2022-06,0.7138447363591941
731908_2024-12,0.18349759260918538
dc4b5e_2024-12,0.32173074635441284
780a0b_2018-01,0.17626825063141283
8fb6f0_2016-08,0.18719777930823084
e83244_2016-09,0.2543297024258404
9befc8_2018-02,0.24091537074695207
fb737b_2020-08,0.6934750901085939
8fabe0_2018-01,0.18419338376466526
6f5e2b_2022-01,0.45178209835163957
175155_2025-05,0.19109340413470063
90abb1_2021-08,0.4345233501056545
14fe3a_2015-02,0.17968273110550187
14fe3a_2019-02,0.1978387456628575
8005b9_2020-02,0.17733751794770303
4fb2d3_2022-03,0.181624966146833
c580aa_2014-06,0.19160881331650093
f4604d_2018-11,0.5795338290667292
f4604d_2025-07,0.7386336837090434
175155_2017-04,0.3976178107071937
a42d13_2024-02,0.6049609224406415
77b3b9_2023-09,0.531798704474346
0ffc2d_2022-07,0.3480552443307809
fc77d0_2025-09,0.5842179787387657
375f2e_2025-06,0.5724048127893444
9af74c_2025-02,0.3539055557156766
d86999_2019-05,0.33987709759271595
dc4b5e_2024-10,0.23853501130648852
0f9e86_2015-05,0.195489785761284
0f9e86_2018-04,0.400137454055459
0e8d73_2025-07,0.5204013998547683
8fabe0_2014-03,0.1792422338930867
6f5e2b_2024-09,0.1982601956721323
6f5e2b_2025-04,0.31962341135377875
175155_2024-03,0.18967135418631892
6838b9_2022-11,0.6848520581721428
532867_2025-02,0.29541987582543017
db4cd8_2019-01,0.22596988178820313
14fe3a_2021-09,0.657368545067719
14fe3a_2024-04,0.2662054032646434
8005b9_2021-12,0.188561782248515
9af74c_2025-06,0.5369027020012531
29849f_2025-03,0.2660936644797808
e60b65_2014-04,0.17359096078404393
175155_2025-02,0.22599051003983422
0ffc2d_2021-10,0.18627673351085008
fc77d0_2024-04,0.2919995859085593
302d40_2023-01,0.19759847731455024
bfbeef_2022-05,0.17670864030362393
d86999_2014-11,0.6928024047610811
d86999_2016-09,0.3132058531317619
9befc8_2018-04,0.3005502296336115
9befc8_2021-09,0.3428794226137086
780a0b_2015-05,0.19543781530985296
780a0b_2021-02,0.20057064258742577
0f9e86_2015-03,0.18790922875627014
0f9e86_2016-02,0.18206385283426801
0f9e86_2020-07,0.7436032966314169
7199cf_2024-11,0.4154306075560298
4718d7_2014-03,0.17580639657499542
5a0174_2023-06,0.4924099038965483
8fabe0_2025-03,0.5075723008759595
6f5e2b_2023-04,0.27669067394868224
f461d4_2024-08,0.26972934180397623
bc4c03_2021-06,0.5816988937785943
259a19_2022-12,0.22772094944337207
77b3b9_2014-08,0.32257445455641726
375f2e_2022-08,0.5767284785627014
9af74c_2023-11,0.23884925595779877
06534f_2023-10,0.7937330305188495
022433_2024-11,0.3781070682639048
e83244_2018-11,0.17479837205310575
e83244_2021-07,0.5646631818057962
6224d0_2021-02,0.6705104942519553
e60b65_2020-09,0.4711901359071467
a25664_2015-04,0.3470360615718695
1698cf_2024-09,0.3164620918957699
77b3b9_2024-05,0.4924271213025169
987bc1_2023-10,0.4481409286868896
8e41cf_2022-01,0.18941315632178116
302d40_2025-06,0.7555808507847294
11f0e3_2019-12,0.17196631778644897
780a0b_2016-07,0.1803356172014127
0f9e86_2014-11,0.179366428587115
0f9e86_2019-04,0.18224513496994793
780a0b_2023-06,0.178236213868369
0f9e86_2024-10,0.18060843984366406
7199cf_2024-04,0.18933741602169346
5a0174_2019-05,0.22502449315982348
a42d13_2023-12,0.7158833077004024
1698cf_2014-12,0.19040399497239455
8005b9_2023-10,0.21859469867237308
29849f_2025-02,0.3208652428812053
b1de95_2020-01,0.6681976057212925
e60b65_2019-06,0.4711901359071467
f25ffe_2023-06,0.24303560212146214
265164_2025-01,0.8000555773059453
f4d28d_2025-04,0.2698002267233928
11f0e3_2016-10,0.18617867242613778
11f0e3_2017-02,0.19542189739659988
11f0e3_2022-04,0.3013276961942671
11f0e3_2022-07,0.31453520765894655
0f9e86_2016-11,0.1849338108703126
0f9e86_2018-11,0.2542415912559127
6f5e2b_2021-08,0.33622675904006977
6f5e2b_2024-01,0.42164274952187936
db4cd8_2025-06,0.37906777665280267
d59611_2018-12,0.18518019287974866
34889b_2020-01,0.17799580960576125
9af74c_2021-12,0.7184318817925253
3a13b3_2020-01,0.6736078887068587
e60b65_2020-02,0.4887060710019888
e60b65_2020-08,0.4480085032445623
259a19_2023-03,0.2901289430358691
a42d13_2024-11,0.2584872714288825
fc77d0_2021-08,0.4636074540118386
265164_2024-02,0.6937817574583899
11f0e3_2022-08,0.29340087002170456
dc4b5e_2022-01,0.5542405400445924
9befc8_2020-01,0.17153449291668885
8fb6f0_2018-10,0.20812392753941636
0f9e86_2021-08,0.26792935955382335
8fabe0_2014-04,0.17215298292953146
8fabe0_2022-10,0.3954475884789263
b416b1_2025-05,0.2591611505588924
db4cd8_2020-09,0.41876287837628157
77b3b9_2017-06,0.4401495625393056
fc77d0_2023-02,0.17668693122263268
29849f_2019-10,0.5127541285939083
06534f_2019-05,0.5600305802251674
b73bc7_2016-09,0.20059440577867638
a25664_2022-06,0.33072402495150327
a42d13_2018-03,0.3929607454845907
a42d13_2025-07,0.19737617408398847
90abb1_2022-12,0.4559808325796892
1822ea_2025-08,0.42242148311403815
375f2e_2023-12,0.4371596419067135
9af74c_2018-03,0.7540312317754364
8e41cf_2024-07,0.20757459750305185
d86999_2016-11,0.2138588150408256
a97df3_2025-03,0.374125614033456
6224d0_2025-05,0.2095471483410129
c48018_2020-03,0.39417326422233295
0874ee_2019-04,0.17542883786962976
8fb6f0_2018-03,0.17897581169401797
8e41cf_2021-03,0.1770633371831251
b26809_2017-07,0.18677058805713406
a97df3_2023-07,0.2734915866245215
731908_2018-10,0.24613828645805183
bfbeef_2017-11,0.18635734325366782
8bd3ce_2016-10,0.17653900788205606
b26809_2015-02,0.18687080928861327
e7a56d_2023-05,0.6404859655094659
11f0e3_2021-10,0.7681683863241288
fc9334_2020-07,0.3687200239727075
8fb6f0_2023-10,0.18969395978524148
8e41cf_2016-01,0.20098974837684835
731908_2021-09,0.18538899517618165
b26809_2021-08,0.19931408069447457
dc4b5e_2022-05,0.2004058542609946
780a0b_2022-11,0.19947709244961875
fc9334_2021-08,0.7316001969682393
8e41cf_2015-09,0.30559361993023954
8e41cf_2019-07,0.20014520995107293
b26809_2016-05,0.17512958702028086
c48018_2023-10,0.31348136089913403
780a0b_2024-04,0.3477061557536586
8e41cf_2018-09,0.22306180434598416
8fb6f0_2019-09,0.22291524705375756
dc4b5e_2024-09,0.19700095928968783
fc9334_2020-03,0.19865730628841954
8fb6f0_2015-01,0.19222352672831175
a97df3_2024-03,0.3704203456242154
77c35f_2025-05,0.29556019893823804
bfbeef_2017-06,0.335130919275927
fc9334_2018-02,0.21372328874035817
fc9334_2020-11,0.1860197877782558
0f9e86_2024-07,0.1784128810321081
11f0e3_2021-08,0.17992323944344296
e7a56d_2014-08,0.4433601575410352
e7a56d_2023-07,0.3694419970350212
dc4b5e_2022-04,0.5459155714402497
b26809_2015-08,0.35212467202381037
8bd3ce_2016-03,0.2172150746095089
8bd3ce_2016-04,0.3026021097358511
8bd3ce_2017-07,0.18218420629012066
8bd3ce_2021-01,0.1749929598910685
8e41cf_2017-07,0.2015612416167966
731908_2023-12,0.17589061227312203
c48018_2014-09,0.39299004934766757
e7a56d_2023-02,0.2764396004309636
8bd3ce_2015-02,0.22465067053298887
bfbeef_2021-12,0.1727175080959598
b26809_2016-07,0.17474071571153266
8fb6f0_2024-01,0.1901754153783695
9f1aa0_2015-02,0.18887526792952639
780a0b_2023-01,0.23654903544477185
731908_2016-05,0.17499993831524735
b26809_2020-01,0.26892766162774306
b26809_2021-10,0.20528852688186508
8fb6f0_2016-06,0.17824656397069344
fc9334_2018-07,0.285006503022056
c48018_2024-03,0.36262791977499054
dc4b5e_2022-08,0.770651516441735
77e86b_2024-02,0.3330586064673685
8e41cf_2016-11,0.17353320819285492
18defd_2025-01,0.3006307013900653
e7a56d_2025-02,0.31319356208124616
780a0b_2015-11,0.1722263047962687
bfbeef_2018-05,0.22373561182144847
8e41cf_2017-10,0.1724361173597399
8fb6f0_2022-03,0.46578910790778405
8bd3ce_2014-12,0.2717144473123724
8e41cf_2016-08,0.2406460511527154
731908_2020-10,0.32036927987642067
74b7d1_2023-12,0.5590558800745888
dc4b5e_2023-09,0.40935771104740554
8e41cf_2015-05,0.2519615059089966
8e41cf_2016-05,0.17703854714373482
fc9334_2019-08,0.21516949895248122
8bd3ce_2015-03,0.22828934689911334
c48018_2018-03,0.3702515514844634
c48018_2023-08,0.4194698006432618
e7a56d_2019-01,0.24678841913064212
a97df3_2023-08,0.7018746422737918
8e41cf_2016-06,0.19626890396634566
8e41cf_2016-09,0.18278509998781872
b26809_2021-06,0.3990190323466483
18defd_2025-06,0.45723889573541027
bfbeef_2019-11,0.17580856577976708
fc9334_2021-04,0.17600440966912445
c48018_2024-08,0.3236412560145382
e7a56d_2022-08,0.3750984679569368
731908_2018-04,0.21974449536175653
11f0e3_2024-02,0.21785981053406123
780a0b_2024-01,0.23174480565283773
fc9334_2021-11,0.17553795000841954
8fb6f0_2023-01,0.21557521366647087
8e41cf_2019-02,0.23411423817296378
fc9334_2018-09,0.20377744094430975
8bd3ce_2016-09,0.25656292536211656
8bd3ce_2021-05,0.2257143124975795
9befc8_2025-07,0.2961195004296388
731908_2022-02,0.30794420690491064
bfbeef_2019-06,0.24116817964185322
bfbeef_2025-07,0.18653562168630194
9cf1af_2023-03,0.23209074969580792
513080_2023-02,0.1979557859440816
1698cf_2015-06,0.2974508948369607
4718d7_2023-11,0.21877898402226797
db4cd8_2020-12,0.27090625159184517
f461d4_2019-06,0.20594253845698418
77c35f_2023-12,0.5462781446101759
6c1954_2021-08,0.5117983898010078
948a11_2022-08,0.26452272263327725
9f1aa0_2020-02,0.18364200886613447
fa8553_2024-06,0.23947104767903635
d59611_2019-03,0.185196865026647
1698cf_2019-12,0.19864290790361722
bc4c03_2017-06,0.21109572730517687
7bf5c9_2014-12,0.19487252476262737
f500c5_2024-07,0.21471726937906563
b644ac_2024-05,0.6403977307686212
9f1aa0_2016-09,0.5260999976660183
fb34b4_2025-05,0.24927973072315246
4718d7_2024-08,0.32374668991662625
bc4c03_2020-01,0.34340607654068184
7bf5c9_2018-05,0.291564528336845
9f1aa0_2018-03,0.2715969105308075
510fbf_2024-04,0.23059964432562036
1698cf_2017-01,0.2330242433249597
b644ac_2025-03,0.26878338978055955
9f1aa0_2017-10,0.17749424747036108
9af74c_2019-04,0.34402934024421955
7a007d_2014-10,0.6359745135579915
fa8553_2024-01,0.6132293802860873
77c35f_2024-12,0.7812339129375132
fa8553_2024-09,0.22215310525134707
513080_2022-08,0.2402937302485258
513080_2024-11,0.19474855705031582
d86999_2021-09,0.5281388522041303
74fb1f_2018-02,0.3309313123114678
7bf5c9_2018-04,0.20256292248742983
77c35f_2023-08,0.6854767193128274
513080_2024-04,0.20390111574336225
a42d13_2015-11,0.17982604635836813
375f2e_2021-12,0.43170930299895527
77b3b9_2018-09,0.694206710928445
9f1aa0_2024-08,0.2819898978110748
f1543b_2021-11,0.4495619457166168
8fabe0_2017-04,0.42466655182542423
259a19_2024-06,0.21392906607899298
f500c5_2023-08,0.30027395414928265
fa8553_2024-11,0.23404324300133003
7bf5c9_2014-08,0.7050761784267239
6c1954_2022-07,0.44650537490293685
9f1aa0_2018-10,0.1903806418147452
b07578_2024-11,0.2605614705015416
8fabe0_2014-11,0.21083079415804823
6c1954_2025-05,0.35895026741484265
9f1aa0_2020-07,0.33199759805876294
9f1aa0_2021-01,0.18373720955799716
9f1aa0_2024-04,0.20372188820299666
a42d13_2016-03,0.19071766765139236
b644ac_2025-08,0.7848088072358155
5a0174_2025-04,0.5331321417455807
a25664_2022-02,0.17500851517674812
948a11_2024-05,0.1793354929200232
f1543b_2017-05,0.4847797528648018
510fbf_2023-11,0.24159492652506148
14fe3a_2022-04,0.23028094569525964
4718d7_2016-05,0.7006738811576988
90abb1_2022-03,0.7160087882294718
77c35f_2023-09,0.2923946420441851
9f1aa0_2023-09,0.2937079209772321
9cf1af_2025-06,0.8158290282748546
510fbf_2025-06,0.7952848049005531
f461d4_2019-01,0.5202897526724067
9f1aa0_2014-03,0.18750476882822578
9f1aa0_2023-06,0.2698675029443417
fa8553_2022-10,0.22830509997550283
4f2b6b_2024-08,0.7795576965304489
77c35f_2024-09,0.7866263209508372
fa8553_2024-08,0.30863948263146773
fa8553_2025-04,0.25521905081795576
fa8553_2025-08,0.23793631675432336
510fbf_2024-03,0.5552307493725831
d59611_2016-11,0.23774738382984495
90abb1_2020-01,0.5317023848066023
1822ea_2021-01,0.6155969759032442
948a11_2025-08,0.25095648546170973
77c35f_2024-07,0.5171707641101649
9f1aa0_2023-08,0.26269055170513067
94f933_2023-05,0.5039412144650118
f500c5_2014-08,0.4267986111427877
9f1aa0_2014-11,0.21049859849516742
bf6f0d_2022-11,0.45914712377426403
4718d7_2016-10,0.35862623974419616
e60b65_2017-08,0.3463779091728968
f500c5_2020-03,0.44064322705629405
6c1954_2023-01,0.4676166369858853
bf6f0d_2024-02,0.19640768949397117
6f5e2b_2015-03,0.17461528080893884
db4cd8_2015-03,0.17308698485015905
0cecbd_2022-02,0.3678269737239881
9befc8_2019-02,0.1753632426644239
0cecbd_2025-04,0.21026789181395888
731908_2014-07,0.6327131762847941
0cecbd_2021-12,0.29622119817743686
11f0e3_2019-02,0.17213037670780956
375f2e_2017-05,0.7454263295860085
bfbeef_2015-07,0.6292847460449279
bfbeef_2015-09,0.683369605034556
11f0e3_2019-11,0.4630043484543269
0cecbd_2022-09,0.30484047531875474
0cecbd_2019-10,0.17901855697098104
0cecbd_2022-05,0.19707218298657003
bc4c03_2020-05,0.7020422136779386
0cecbd_2023-05,0.21102606261797296
0cecbd_2015-01,0.1841974250556507
bfbeef_2014-12,0.1839757948475298
bfbeef_2015-02,0.230773408262991
bfbeef_2018-03,0.18878182167243868
731908_2018-08,0.2377967371247259
3a13b3_2019-03,0.5924536189691381
06534f_2017-05,0.34927612221890186
6224d0_2024-07,0.18419653272156392
987bc1_2020-03,0.2760519744470835
6c1954_2024-02,0.5361918517485067
fc9334_2020-05,0.7427522570692724
6224d0_2025-04,0.1831581057375323
e3af0e_2015-03,0.6778412947105965
98a151_2018-03,0.5053174975798574
829a72_2018-04,0.3360555101880869
829a72_2014-11,0.5925387126250027
98a151_2014-04,0.3323488178287655
19fa84_2025-04,0.20907202531616717
dc4b5e_2019-09,0.23906533093179325
19fa84_2024-07,0.2123135319007396
19fa84_2025-06,0.2904123954568669
e3af0e_2016-12,0.40733434754420256
98a151_2018-02,0.44677285795195776
a97df3_2023-02,0.24902690445478987
302d40_2023-02,0.1893993350322936
894378_2025-08,0.2602139588308755
98a151_2014-03,0.6733578610236981
98a151_2017-02,0.5464001590897027
829a72_2023-09,0.3023321406493965
90abb1_2016-12,0.7531650817925981
e3af0e_2014-08,0.45931911394119335
60a0fd_2014-11,0.656156563435398
19fa84_2025-01,0.3310453984153
7bf5c9_2020-09,0.3329604804861095
f500c5_2020-09,0.3842809357018306
293190_2022-11,0.340802819003325
2ab8ad_2024-03,0.26703681590359285
9b46ed_2018-08,0.6979423444436386
88a9a6_2015-04,0.6530515664051639
2ab8ad_2021-06,0.32833596026349593
2ab8ad_2022-09,0.32575665818047
2ab8ad_2023-04,0.5384617416710064
2ab8ad_2024-04,0.31960867992314435
c5df88_2015-03,0.6051473996051067
c5df88_2019-03,0.2951661766822459
7aa803_2024-05,0.31571598694745656
9b46ed_2020-03,0.7366657960178786
98a151_2021-02,0.710050174257078
829a72_2024-07,0.18653011816294435
c5df88_2023-08,0.6098119508166023
98a151_2019-08,0.29286507043744303
7bf5c9_2022-01,0.46054558554250813
e2e0ce_2019-10,0.34510147414423054
2ab8ad_2021-10,0.43116998804791085
829a72_2019-02,0.2490156980559223
7bf5c9_2021-02,0.32747186469609735
f500c5_2016-09,0.37938935944926955
bf6f0d_2021-05,0.20418023360959947
db5006_2015-09,0.3025968197786762
293190_2024-02,0.368184750301084
e2e0ce_2021-04,0.41681140128693067
88a9a6_2022-09,0.30890938672899065
88a9a6_2024-09,0.3816405768653124
9b46ed_2023-05,0.2902185966526637
98a151_2022-12,0.4065618952199146
60a0fd_2021-10,0.5774718738092243
293190_2021-01,0.3591159171487665
e2e0ce_2023-06,0.2938586754724996
c5df88_2019-10,0.3244541691922603
74fb1f_2019-04,0.3227860141646154
98a151_2024-06,0.22199404982026083
7a007d_2017-02,0.7820008716653108
f500c5_2024-09,0.3311112973268092
1bdb97_2022-07,0.4907531255471511
bf6f0d_2015-04,0.2668234645568781
293190_2022-04,0.4568716352877031
e2e0ce_2021-07,0.5110750321182225
8005b9_2024-08,0.4914803400916659
1bdb97_2023-05,0.38375640368642144
18defd_2018-02,0.3838800803001612
2ab8ad_2015-01,0.4441532590814209
74fb1f_2025-01,0.7571628039187401
7aa803_2024-09,0.23331705004880118
98a151_2025-08,0.1871658721850932
2ab8ad_2022-03,0.5048664106548517
2ab8ad_2023-07,0.2691673259617192
2ab8ad_2024-06,0.28226065551338436
db5006_2018-12,0.3395230661578964
e2e0ce_2016-02,0.6694967254489923
9b46ed_2023-02,0.28915644828649806
dc4b5e_2020-03,0.5050524783598436
f500c5_2023-09,0.452253880391644
f500c5_2025-03,0.1862126782023223
4f2b6b_2023-06,0.2172451788123288
2ab8ad_2021-07,0.345609920255524
74fb1f_2019-08,0.2204986086181547
60a0fd_2019-06,0.1952040301238756
60a0fd_2020-02,0.25686423611076753
e3af0e_2022-01,0.7073157250610497
e3af0e_2024-04,0.2101420275388563
f500c5_2023-01,0.19532906956408824
18defd_2023-05,0.4591856853044839
88a9a6_2021-03,0.6890971808190759
293190_2015-03,0.3498192711646711
7aa803_2019-04,0.3841004942215974
98a151_2024-05,0.1907363452336955
e3af0e_2020-03,0.7410180827367322
f500c5_2021-11,0.20984084650555318
293190_2021-03,0.64508677634577
e2e0ce_2025-04,0.25132572007105297
2ab8ad_2017-04,0.4966668653343797
88a9a6_2015-02,0.2542335732834751
9b46ed_2017-04,0.6430669453243345
98a151_2023-07,0.18108603402971038
e3af0e_2019-09,0.20677576204173748
d86999_2024-10,0.41198163660791776
1bdb97_2024-07,0.27526204210881555
e2e0ce_2023-08,0.23747023428397102
74fb1f_2023-07,0.30562414570719637
7aa803_2022-06,0.21711785466901015
88a9a6_2023-08,0.5193889691973137
f500c5_2023-10,0.2320348462347189
18defd_2014-04,0.2819175080843679
e2e0ce_2021-02,0.5801332441596393
88a9a6_2023-05,0.3000992772521446
9b46ed_2024-07,0.26888631306803035
293190_2020-02,0.6663049661754167
18defd_2023-11,0.49611146239052833
2ab8ad_2018-01,0.7993406200808434
2ab8ad_2025-07,0.19378664674581536
74fb1f_2019-10,0.2966818018015899
7a007d_2015-04,0.1887802257242335
bf6f0d_2020-10,0.23459129110367724
e2e0ce_2015-01,0.41310610804509584
2ab8ad_2023-11,0.20752357982484618
829a72_2020-02,0.2360268241671743
c580aa_2018-03,0.7651466566867977
4f2b6b_2022-09,0.2109111722657866
c5df88_2020-10,0.7802992481116178
74fb1f_2022-07,0.28107878709839557
f500c5_2017-04,0.3139147796602403
bf6f0d_2021-07,0.21861553873648737
cd0e60_2021-07,0.5150179265917527
293190_2022-03,0.428654731958804
293190_2023-08,0.4500779961996953
18defd_2017-04,0.41516102136194954
e2e0ce_2022-04,0.2512814311132979
2ab8ad_2022-05,0.45855001544019397
60a0fd_2019-01,0.41739627730673023
2ab8ad_2019-05,0.3187640516626047
c5df88_2023-10,0.8045105409556506
7aa803_2023-08,0.5799106130908009
98a151_2021-12,0.6185051302222666
98a151_2022-04,0.29620166009085463
7aa803_2022-07,0.2925402099334882
88a9a6_2023-04,0.5596452590763205
e3af0e_2022-06,0.45081214234922334
9b46ed_2020-01,0.6290247778831077
60a0fd_2023-10,0.6312462701901735
f500c5_2021-05,0.26163581364370353
e2e0ce_2019-11,0.19880865587839303
e2e0ce_2024-06,0.2227043185580011
c5df88_2019-02,0.46364824836059737
74fb1f_2025-07,0.22513985828953403
7aa803_2014-12,0.5114141421752775
98a151_2025-05,0.2986755143891732
60a0fd_2022-08,0.19755591863665264
f461d4_2020-11,0.3651524340857398
db5006_2018-03,0.7321683255662561
db5006_2022-02,0.30823959529668965
a25664_2018-07,0.22597203914934655
0ffc2d_2025-04,0.18548552641864746
db5006_2023-02,0.6174234271732676
1b9e65_2021-03,0.6215199306041962
1b9e65_2022-03,0.47223906331571286
cd0e60_2022-11,0.18387388578027364
5a0174_2017-02,0.5780715727476121
5a0174_2020-07,0.282021803105026
1b9e65_2022-05,0.6073279864522355
1b9e65_2017-02,0.3854928751864465
0ffc2d_2025-02,0.25687077571039474
1b9e65_2017-06,0.6347975805707604
4fb2d3_2018-07,0.2555103295138332
7bf5c9_2014-07,0.8077382309233014
db5006_2025-01,0.3353317406155518
1b9e65_2024-05,0.233556384807393
db5006_2015-01,0.43675951745054
db5006_2021-12,0.7677331634485295
1b9e65_2015-07,0.8135073068021269
3db670_2023-12,0.3590840356052582
f461d4_2015-11,0.22113813764163504
b73bc7_2019-04,0.5799352510804519
1b9e65_2017-12,0.4478721671915074
1b9e65_2024-12,0.46939992699802663
1bdb97_2022-04,0.26362799288602007
f461d4_2020-02,0.18172453532071825
90abb1_2017-03,0.7960855351204673
29849f_2021-01,0.6895931198161671
db5006_2025-07,0.17550808916105218
18defd_2019-02,0.4286781111076302
1b9e65_2014-12,0.18831357811019273
1b9e65_2020-07,0.5042103767898399
fc77d0_2014-06,0.17670780877283304
a42d13_2014-12,0.17165508929787826
db5006_2025-04,0.19427961798347543
022433_2022-07,0.413842250886152
022433_2022-08,0.4908442465924449
1b9e65_2018-12,0.47769649071358433
1b9e65_2020-02,0.30504213284894466
1b9e65_2023-05,0.2784683812662032
1b9e65_2018-05,0.38945754112620795
1b9e65_2021-11,0.7523442952949269
18defd_2019-08,0.2529533713573405
b59bc0_2015-10,0.6372755438656293
77b3b9_2017-02,0.6939425239476011
e7a56d_2019-05,0.39618841971805707
0ffc2d_2021-08,0.3749391123290559
4fb2d3_2020-10,0.544504399443001
db5006_2022-05,0.6226096481066418
18defd_2019-05,0.406160682067949
7bf5c9_2023-04,0.19684474259299153
1b9e65_2018-06,0.22429725834069272
14fe3a_2014-06,0.43282373784591704
1698cf_2018-01,0.5617207132021884
022433_2022-10,0.5008009830060527
5a0174_2015-09,0.23176122196099413
3db670_2023-10,0.8140055408580883
b1de95_2020-05,0.486080927293424
90abb1_2017-12,0.25072568712913457
f4604d_2021-09,0.816584749278362
1b9e65_2021-02,0.45315083414429597
a42d13_2023-07,0.19361943972724463
db5006_2016-10,0.2803562419931446
f4604d_2015-02,0.2025699093360894
c580aa_2023-12,0.3076197986796876
90abb1_2017-11,0.19929277908992
0ffc2d_2022-02,0.17196091399837637
0ffc2d_2025-06,0.41749807879187556
1b9e65_2019-04,0.4477513140010312
1b9e65_2022-07,0.18292306117618778
8ec563_2021-11,0.32020451942651307
77e86b_2024-08,0.2996196394872055
c3a69f_2020-01,0.19812282127383152
c5816f_2022-06,0.2994380378203355
8ec563_2021-02,0.27203936047564153
6c1954_2025-07,0.48179145512356003
e361b7_2018-12,0.202602893729429
b1de95_2021-01,0.21323648052920813
fd589c_2025-04,0.20213278852474423
e4bc80_2025-01,0.23511283436417085
3db670_2023-02,0.648737674180305
b73bc7_2021-08,0.7155587671388958
c3a69f_2022-04,0.43609763201687307
c5816f_2025-01,0.2018067833505989
e361b7_2023-07,0.2658234169731594
439fde_2019-03,0.23653027796867074
e361b7_2019-03,0.20660679445678606
e361b7_2024-02,0.19781060062425262
3a13b3_2021-04,0.7857612168093001
c5816f_2019-04,0.4315463642296094
8ec563_2025-05,0.20617275870626148
e361b7_2024-12,0.17643388532086596
439fde_2024-06,0.2990169425434008
c3a69f_2023-09,0.24451263851701305
894378_2020-12,0.8168382186191947
c5816f_2024-12,0.2035466103822932
e361b7_2021-09,0.31671589933238375
b1de95_2024-01,0.6227241620788434
c5816f_2023-04,0.39698906325602745
4718d7_2021-10,0.6440382368997419
c5816f_2022-04,0.2211039633010084
19fa84_2024-09,0.6575212802923847
e4bc80_2024-08,0.2177657824393874
3a13b3_2019-12,0.691998038942013
b73bc7_2024-06,0.4834657074691431
439fde_2024-05,0.3894663480223124
c3a69f_2023-03,0.3025212039490591
74b7d1_2024-10,0.34469576423436266
8ec563_2019-12,0.3234281921658672
e4bc80_2025-08,0.2863298580101915
4718d7_2020-07,0.2424295778094936
19fa84_2023-03,0.19662701109963723
f4604d_2017-02,0.40956028959099705
3db670_2023-04,0.7807992201901686
b1de95_2021-11,0.8155191761627313
e4bc80_2024-02,0.31780141357474634
022433_2025-02,0.23013505300907927
c3a69f_2021-06,0.7305825602563866
fd589c_2023-12,0.22340216083890793
894378_2021-09,0.34610429868377485
e361b7_2023-02,0.17762595815465415
e4bc80_2020-01,0.558953623738362
b1de95_2020-09,0.8144319172441961
022433_2023-12,0.48028722267552854
8ec563_2023-07,0.22845364621395442
439fde_2024-07,0.4594941706555048
e4bc80_2023-07,0.2703807766953198
19fa84_2019-08,0.21347298330152845
6f5e2b_2021-01,0.22448103703273165
fd589c_2018-12,0.36546393327319215
e4bc80_2024-07,0.2548467610191524
3db670_2021-12,0.6823195784910373
8ec563_2021-03,0.8154355362164907
6f5e2b_2016-11,0.6146803065852301
e4bc80_2015-09,0.6467441711085001
c5816f_2023-08,0.27645434465807317
fd589c_2025-08,0.322172438962314
e361b7_2022-10,0.30970472671693783
e361b7_2025-06,0.206576059382417
e4bc80_2023-09,0.419700256497311
1698cf_2021-06,0.5372357837269234
fd589c_2023-06,0.298923341706906
74b7d1_2023-01,0.24297935515818597
4fb2d3_2016-03,0.3680579884204437
d59611_2016-05,0.3096122170570117
74b7d1_2025-02,0.6648755162837877
14fe3a_2017-11,0.5014249525123977
bf6f0d_2023-09,0.19850394121183773
cd0e60_2020-09,0.7685488655885535
d59611_2022-03,0.4605746164664845
bf6f0d_2019-12,0.5914902017631393
d59611_2020-02,0.6752053244990269
77e86b_2023-04,0.3054912386396967
77e86b_2023-06,0.3502446021798209
db4cd8_2017-04,0.5213238755669862
14fe3a_2017-08,0.22629407440827656
db4cd8_2018-10,0.22255036775879508
74b7d1_2022-03,0.6509594980016942
77e86b_2014-10,0.2908657015181661
77e86b_2023-02,0.2971053094875219
259a19_2017-09,0.23801862724608075
cd0e60_2021-10,0.7186667545169807
74b7d1_2025-05,0.70130520389893
cd0e60_2019-06,0.5480708537340481
88a9a6_2021-12,0.417553967035897
2ab8ad_2023-09,0.7235671034447863
f1543b_2021-01,0.1919235352730365
74fb1f_2023-10,0.5469820741014393
f1543b_2022-07,0.670009518735468
9b46ed_2020-12,0.7769256403204381
f1543b_2019-03,0.18124100665524695
293190_2019-05,0.43008614426879826
88a9a6_2025-05,0.22054581730824596
74fb1f_2014-09,0.34238335719597085
74fb1f_2021-10,0.4765208635938804
293190_2019-11,0.25634403807567796
f1543b_2015-08,0.7358625083949256
7aa803_2019-06,0.239820062886933
2ab8ad_2015-04,0.7327427523129797
f1543b_2023-04,0.23299500438793866
88a9a6_2025-02,0.6376115511100824
f1543b_2014-06,0.7964261468835137
f1543b_2021-03,0.252113553841108
293190_2020-06,0.8114859889468103
f1543b_2017-07,0.6765182393630546
293190_2023-02,0.27687658910650964
c5df88_2019-01,0.4354926193828626
9b46ed_2024-09,0.5964951404393466
022433_2023-04,0.7051624769460259
88a9a6_2024-03,0.4246767416712246
74fb1f_2020-03,0.5034822270941443
293190_2016-05,0.7759240399855678
022433_2021-01,0.7455738210762023
88a9a6_2020-02,0.47508101949093035
7bf5c9_2016-05,0.47291033375880004
fb34b4_2024-11,0.49173098012888794
5a0174_2021-01,0.8057993974102912
439fde_2014-09,0.5757991664205557
b08ec1_2022-02,0.19309348847640345
74b7d1_2018-05,0.29547434413927276
92dcdd_2021-04,0.4674466292233877
77e86b_2019-01,0.21326143121617794
bf6f0d_2023-02,0.17642199580474352
94f933_2024-08,0.586358677304142
b416b1_2018-10,0.3133215122442096
e7a56d_2015-07,0.6988176322990496
77c35f_2024-04,0.780251560395645
e7a56d_2021-05,0.7660420173537045
18defd_2017-05,0.7429001815027033
18defd_2016-03,0.26491225682094827
d86999_2024-08,0.7580219687112723
b1de95_2025-07,0.33073299985721566
2ab8ad_2018-05,0.37189415702176143
60a0fd_2019-12,0.6196703724277364
98a151_2020-02,0.5318613331317661
77e86b_2017-06,0.7307613976343498
7bf5c9_2019-07,0.5469683172389546
98a151_2018-01,0.77953451326887
60a0fd_2020-01,0.5925728398792267
19fa84_2016-02,0.28582984076088275
e3af0e_2020-10,0.7138831951496867
e3af0e_2019-12,0.7157620757086084
2ed4f9_2025-06,0.33137117880390665
6da35b_2025-04,0.4680535416766654
60a0fd_2021-07,0.23749571469888772
6da35b_2023-07,0.47126874628212034
98a151_2021-05,0.512128507285262
60a0fd_2019-02,0.3780127937888748
60a0fd_2020-07,0.6378895353627204
74b7d1_2023-02,0.2955839750727933
7bf5c9_2025-09,0.3017366906481261
74b7d1_2017-02,0.7704683889131132
98a151_2016-12,0.5626760158930514
0ffc2d_2024-12,0.7875765041828279
7bf5c9_2016-10,0.35891887404432243
77e86b_2022-10,0.27714770514238884
7bf5c9_2016-12,0.35891887404432243
60a0fd_2024-01,0.33885658046553013
60a0fd_2020-09,0.728213807018573
829a72_2024-03,0.23371356924031922
e3af0e_2022-03,0.5405864548554961
6da35b_2025-02,0.4169499257907914
77e86b_2018-06,0.4288557492057369
7e646c_2024-05,0.4056605887585308
7bf5c9_2018-11,0.5391525838477415
98a151_2022-03,0.5128881680921658
60a0fd_2017-09,0.4975792678808954
e3af0e_2023-12,0.20691677968199346
0cecbd_2015-09,0.2791224221805056
e7a56d_2020-03,0.37108708188033956
3a13b3_2017-12,0.6177758850240398
7bf5c9_2015-07,0.6777682749586094
948a11_2023-03,0.20495097355645747
b59bc0_2023-07,0.27239374212495615
b59bc0_2021-10,0.4291682734620103
8d0588_2017-04,0.3295189554060187
8d0588_2024-12,0.48555723021041663
b59bc0_2020-05,0.6784560335715221
2ab8ad_2016-02,0.6337739777420592
b59bc0_2020-09,0.2019718592023086
8d0588_2021-03,0.6092316218231844
8d0588_2022-08,0.4381795120616673
b59bc0_2024-01,0.34446108738173176
b59bc0_2017-12,0.5579773585378831
8d0588_2020-03,0.7700410829178612
b59bc0_2019-06,0.3481200983544784
b59bc0_2022-08,0.33546187247018766
b59bc0_2024-02,0.3096355374071639
b0ff51_2017-08,0.34745322228628994
0cecbd_2017-08,0.27276125766766446
8d0588_2015-01,0.3428438845357841
8d0588_2021-07,0.3417948805213922
b59bc0_2017-06,0.5407523655155904
8d0588_2014-03,0.6475770456760231
8d0588_2016-05,0.38942149332097853
b0ff51_2024-02,0.3757527714580226
8d0588_2022-02,0.641943034033427
b0ff51_2018-01,0.3040953530804148
8d0588_2023-11,0.3084395642704848
b59bc0_2015-08,0.660689310478775
b0ff51_2016-07,0.4184679790119607
f1543b_2016-09,0.22450850355113622
b0ff51_2019-01,0.2912132925774414
8d0588_2024-07,0.5073447469603034
8d0588_2024-11,0.3606427708495027
8d0588_2025-01,0.6300718147687828
b0ff51_2022-11,0.33788005151996275
b0ff51_2023-06,0.3519796917266459
8d0588_2020-09,0.23477452819508873
b59bc0_2018-02,0.2765273996312418
b0ff51_2015-01,0.38574119122877315
77e86b_2017-02,0.7506149716207944
b59bc0_2019-04,0.26088442455655014
b0ff51_2019-04,0.2104290047180823
b0ff51_2021-09,0.3706950637391788
4f2b6b_2022-12,0.4471734104229249
b416b1_2015-01,0.20948842771582674
8fabe0_2025-01,0.4364379546190348
259a19_2025-02,0.3620565334509219
6838b9_2021-01,0.45562940707841665
f500c5_2016-04,0.33948939661023464
545d15_2024-02,0.46329115652819197
545d15_2025-05,0.3584034567300921
5ecf9b_2022-06,0.503059594890242
5ecf9b_2023-11,0.20666085792673933
545d15_2022-03,0.3584034567300921
8b98f3_2023-03,0.7746462089007553
8b98f3_2022-06,0.4954037317097499
545d15_2023-07,0.3584034567300921
ab32d7_2025-08,0.4615441180397405
5ecf9b_2022-05,0.29247958521549966
74b7d1_2017-08,0.7133125784287444
ab32d7_2024-05,0.8092019196065016
8b98f3_2024-02,0.26476396887436093
74b7d1_2018-09,0.43216849711426786
74b7d1_2020-12,0.6691173590492385
7e646c_2022-09,0.4377462551887515
ab32d7_2023-01,0.650599308975752
ab32d7_2024-04,0.7889188321840097
74b7d1_2021-06,0.6957670280248163
5ecf9b_2022-03,0.22130804924362918
74b7d1_2015-04,0.32595618723209363
8b98f3_2023-04,0.4689215538013968
8b98f3_2024-11,0.24996249808277513
8b98f3_2023-01,0.23815893132655672
ab32d7_2023-12,0.3615070156811997
ab32d7_2022-09,0.24423449326570568
74b7d1_2021-11,0.769187374296864
6224d0_2015-08,0.5921164958947613
8b98f3_2023-12,0.6357478083034632
0874ee_2015-09,0.6553495708336753
987bc1_2017-01,0.7908011825184621
1698cf_2015-01,0.2418451475673702
f461d4_2025-02,0.3304847998353572
7bf5c9_2022-05,0.44861976062636355
6838b9_2024-02,0.6936742146943283
fd589c_2018-06,0.3245607821851101
fd589c_2021-04,0.8054376235075249
8ec563_2016-06,0.8159132176045851
3a13b3_2016-11,0.29857285005547723
fd589c_2022-07,0.2876331088291826
e4bc80_2018-10,0.587003567073946
c5816f_2018-12,0.3490514449580248
19fa84_2021-05,0.7240180348307552
06534f_2022-03,0.5759941131493033
c580aa_2016-01,0.21887947173395048
894378_2015-03,0.18155181755398386
894378_2018-04,0.2134723448825448
c580aa_2024-12,0.7830840510509968
e361b7_2019-04,0.4178354787379326
e361b7_2018-06,0.29391373857767056
b73bc7_2015-08,0.18216234737448672
531356_2018-09,0.45571349653669435
c580aa_2016-09,0.19045458508836283
894378_2018-02,0.20761720022471764
8ec563_2019-10,0.2544335839918142
3db670_2024-03,0.7896040864913653
e4bc80_2021-03,0.8061555471480446
c5816f_2016-09,0.804593677087
06534f_2017-01,0.18633125904600792
b1de95_2023-11,0.7308701389844657
fd589c_2017-01,0.6959298718004273
e361b7_2014-12,0.19127247984503654
c5816f_2019-01,0.22329943297354582
c580aa_2016-10,0.18577937136504596
b1de95_2024-12,0.7735009804400135
8ec563_2018-06,0.39501056688471037
3a13b3_2021-06,0.47789369424011924
e4bc80_2017-05,0.5188867660583534
894378_2019-06,0.25563305230536165
c5816f_2014-04,0.5245195673617336
3a13b3_2025-06,0.370988298844125
e361b7_2017-08,0.5025387022687823
c5816f_2024-06,0.40087141093484
06534f_2015-03,0.2105010434080509
b1de95_2024-05,0.8092029195964505
e4bc80_2014-07,0.30989216211822934
3a13b3_2021-10,0.4971415290318607
3db670_2024-07,0.7034565622469178
fd589c_2014-05,0.2804833218603017
fd589c_2024-03,0.19780812329423117
c580aa_2020-04,0.5736611616809354
b73bc7_2024-03,0.6788977755100416
06534f_2021-01,0.2280917279267732
3db670_2024-01,0.7710522098188669
b1de95_2020-06,0.45323144165424456
e4bc80_2015-02,0.2399356885224762
e4bc80_2018-02,0.19356028088909008
e4bc80_2019-05,0.22713985101144782
c5816f_2020-08,0.7982079204306363
8ec563_2020-03,0.48978958019183105
b73bc7_2023-03,0.650887160930867
c5816f_2014-07,0.38348344671592444
19fa84_2019-07,0.4230388278689996
06534f_2016-03,0.3602152881707184
b1de95_2015-11,0.7345302215780833
fd589c_2014-10,0.4133071879812893
894378_2018-06,0.23755229318818563
c5816f_2019-10,0.5888033644457026
8ec563_2014-10,0.2618523555434453
90abb1_2015-12,0.746122647690931
19fa84_2022-04,0.19805061370340726
8ec563_2015-04,0.3837225563678111
3a13b3_2016-10,0.2914214902323678
06534f_2022-08,0.7848371895361298
fd589c_2019-02,0.21729141375360445
c580aa_2015-06,0.2642033688880853
c580aa_2023-05,0.7922307260977275
1b9e65_2017-09,0.28971694717403534
c48018_2017-02,0.68449280697062
6224d0_2016-01,0.5746088701238439
6224d0_2015-10,0.5746088701238439
6224d0_2016-02,0.6096976346940766
f461d4_2018-06,0.17570140658832784
0874ee_2021-01,0.18261928181045517
98a151_2020-06,0.6486439291662297
a97df3_2019-03,0.8072015608317171
18defd_2016-01,0.37653143219938057
b08ec1_2017-08,0.30663718312933563
6f5e2b_2017-11,0.25920165258677413
c48018_2016-06,0.5252636336439018
c48018_2017-09,0.19026701324232045
c48018_2022-07,0.2118805911143235
18defd_2022-09,0.20161693954249907
c48018_2018-11,0.2612008837354669
c5df88_2017-06,0.33460396883799015
b1de95_2017-08,0.26832325547437846
1698cf_2017-07,0.30235018068364716
18defd_2017-09,0.24612403774702188
18defd_2021-09,0.20161693954249907
c48018_2021-12,0.2118805911143235
18defd_2016-06,0.3542762524279204
18defd_2022-04,0.20161693954249907
c48018_2018-07,0.3322635419405581
1b9e65_2018-10,0.34618191574065965
18defd_2020-10,0.2118805911143235
1822ea_2015-05,0.720113366268243
90abb1_2017-07,0.5968486913352954
0874ee_2015-06,0.5896324050019555
18defd_2015-07,0.22728087739000022
18defd_2020-12,0.2118805911143235
c48018_2021-01,0.2118805911143235
d59611_2016-06,0.30794041863440735
c48018_2020-06,0.20161693954249907
293190_2018-03,0.7086459708352144
3db670_2017-08,0.7660549700817514
e7a56d_2015-10,0.40393140416063095
f4604d_2018-09,0.6022025469128496
c3a69f_2014-06,0.4269249540857095
c3a69f_2025-06,0.2852239056530303
c48018_2016-12,0.7549385690375843
b73bc7_2022-11,0.5393435886051094
5a0174_2018-11,0.5267463830107371
99c11c_2020-12,0.4791491901903244
8fabe0_2016-12,0.24246412900619058
60a0fd_2015-11,0.5863608468461579
9af74c_2015-08,0.5344244554210713
1698cf_2020-07,0.337015540539768
99c11c_2024-06,0.29523406968077814
99c11c_2022-07,0.5508167298284841
5a0174_2015-08,0.2456196545688237
259a19_2021-06,0.2927504673573014
9af74c_2015-09,0.5786624143299439
db4cd8_2017-12,0.758190975117033
83894c_2020-10,0.41837450015785355
99c11c_2020-08,0.5749533330504708
60a0fd_2015-06,0.1929578637332979
1698cf_2018-08,0.2366482083573604
14fe3a_2015-09,0.37394114615863866
5a0174_2020-04,0.24405095906156077
bc4c03_2016-06,0.31158930977608645
8fabe0_2017-10,0.20445839237641356
f461d4_2015-06,0.23358574636556292
829a72_2021-02,0.4294534864522771
1bdb97_2022-02,0.36382044648562234
829a72_2016-06,0.2559991682477734
175155_2015-11,0.7679080349796937
7e646c_2025-03,0.38874471656480925
829a72_2015-06,0.21986061159690884
259a19_2015-05,0.26574808731086963
259a19_2020-04,0.2775206226744795
2ab8ad_2018-10,0.8134112304013849
1698cf_2017-08,0.22390499356905663
5a0174_2016-08,0.2038024461241033
f461d4_2020-12,0.3001404956603934
f461d4_2021-01,0.3001404956603934
f461d4_2021-03,0.29165274622437914
83894c_2022-07,0.2229688014061295
e4bc80_2016-08,0.20536727734419538
14fe3a_2020-05,0.7987858907243957
fd589c_2017-08,0.555882427953124
e427f8_2022-05,0.7947257066022508
531356_2022-06,0.7916939212037815
29849f_2017-07,0.5946549638336428
14fe3a_2021-04,0.8053314121245265
dbb709_2022-06,0.634241147600601
29849f_2020-10,0.7512087412173114
302d40_2022-07,0.5954091999549053
e427f8_2021-12,0.31747354874604
e361b7_2017-01,0.20536965565297177
f4604d_2017-12,0.78878411567437
8ec563_2016-03,0.24074945461850494
9cf1af_2022-05,0.745611833336629
e361b7_2016-05,0.2356584472644419
8ec563_2015-11,0.23062986165263616
894378_2017-08,0.6088981667595477
e4bc80_2015-05,0.35610440390738035
1698cf_2015-10,0.5416232388580757
db5006_2017-12,0.22819960050455695
0874ee_2016-11,0.6974375930419826
8005b9_2020-09,0.2727099745051397
fb34b4_2023-12,0.5100137045013717
c3a69f_2019-02,0.20200974085999662
829a72_2017-03,0.48954274798818903
0874ee_2020-06,0.8005941191705871
c3a69f_2019-06,0.3334868752909975
829a72_2020-04,0.6709243037627515
e2314a_2020-10,0.791273345388311
731908_2020-05,0.7297595978403347
731908_2020-04,0.6748202669637825
60a0fd_2020-06,0.6506572278748856
98a151_2018-10,0.7215822573052569
11f0e3_2020-04,0.6025948673294369
77e86b_2015-11,0.5903931285559307
9af74c_2021-02,0.7632628257415208
bc4c03_2017-10,0.24149076670312192
b73bc7_2021-12,0.32394048172755446
9af74c_2020-12,0.651917019870868
bc4c03_2016-02,0.463631080324558
987bc1_2018-10,0.49379526010251507
18defd_2015-08,0.6619463341819017
1822ea_2020-04,0.7618837260017097
9af74c_2017-04,0.5766779958402728
9af74c_2020-08,0.651917019870868
1822ea_2019-01,0.33004210194859435
1822ea_2018-12,0.3015580601903587
375f2e_2016-08,0.27729553043833105
375f2e_2015-07,0.35266529162304494
3a13b3_2022-01,0.45088212805799605
bc4c03_2016-07,0.4336404397289111
439fde_2017-03,0.5921185669113113
c3a69f_2020-06,0.33171064619431573
87cfea_2021-08,0.37841778481080723
87cfea_2025-01,0.21204263416814162
99c11c_2021-04,0.3554687439705891
83894c_2019-03,0.2861333266374818
87cfea_2021-05,0.5234630113669241
99c11c_2024-09,0.3041454740910191
87cfea_2019-08,0.7216410993272413
83894c_2025-05,0.45787416416105187
439fde_2016-08,0.7955275287852901
83894c_2019-05,0.3070403468040254
87cfea_2021-11,0.3304980147469815
c3a69f_2018-09,0.6328538290543756
439fde_2021-03,0.7188985754465451
87cfea_2018-01,0.3484170547504756
99c11c_2024-10,0.6028583579879887
bf6f0d_2017-12,0.775066977505731
439fde_2020-09,0.4144318281136428
87cfea_2024-08,0.3358417316783552
99c11c_2023-03,0.27338385009636523
99c11c_2024-07,0.3088148632833028
87cfea_2021-01,0.23671976474261308
87cfea_2018-12,0.25148158269047266
83894c_2018-05,0.31586005853188703
99c11c_2020-07,0.7848139693885056
87cfea_2017-06,0.4072493915576699
87cfea_2021-12,0.35059199732202756
a25664_2018-11,0.5658887799309614
99c11c_2021-05,0.619591093651984
92dcdd_2021-05,0.6791022763658316
4fb2d3_2018-11,0.5744592254629977
34889b_2015-07,0.33285777011134515
531356_2022-05,0.7953403399801535
9b46ed_2020-06,0.8093797908614393
29849f_2022-01,0.488644923327025
c3a69f_2016-02,0.47983503739755545
90abb1_2017-05,0.33244421551577585
c3a69f_2015-10,0.39076375511583367
29849f_2020-09,0.7130007782283336
bc4c03_2015-10,0.6118783680723966
c3a69f_2016-04,0.41715780817344167
fb34b4_2023-04,0.20267468188530477
b416b1_2017-08,0.5749424532211357
06534f_2022-02,0.7773513986448612
c580aa_2021-07,0.7430481556778133
b73bc7_2018-07,0.4691362791269166
b1de95_2023-01,0.4693346215873101
b73bc7_2020-12,0.5777105368369139
c580aa_2022-05,0.52864714923335
06534f_2020-11,0.3514156435006863
3a13b3_2022-04,0.7415205731783949
3a13b3_2023-01,0.4651300114393783
06534f_2022-07,0.7654828391624053
3db670_2017-01,0.1942726093548539
b1de95_2018-08,0.4691362791269166
06534f_2023-01,0.39428240666196485
c580aa_2020-07,0.6238030609699882
3db670_2016-10,0.18913873832688832
8d0588_2015-11,0.29938334288583623
83894c_2018-11,0.7207190327601403
77e86b_2020-07,0.584453025343928
77e86b_2020-10,0.584453025343928
77e86b_2016-07,0.508972675431092
87cfea_2024-05,0.6500583986219526
74b7d1_2016-08,0.45505298166129665
77e86b_2018-11,0.7223275859168771
77e86b_2020-09,0.5762813175972651
87cfea_2019-02,0.195720148085947
87cfea_2019-03,0.32912281731649234
dc4b5e_2020-05,0.7846532872467709
8005b9_2017-07,0.5494162769409832
5a0174_2021-02,0.8011783911664523
99c11c_2018-05,0.3240645817949798
90abb1_2018-10,0.40069138858396053
987bc1_2016-07,0.8025934773771422
99c11c_2020-04,0.573044057617591
87cfea_2018-09,0.5749216800665726
83894c_2024-05,0.5759298761760097
259a19_2021-02,0.7984635525540053
83894c_2024-04,0.574870588631238
439fde_2018-07,0.4182964114208475
83894c_2024-06,0.24948372119833037
987bc1_2016-06,0.8079934405015903
af81b0_2015-10,0.42776874540633225
af81b0_2016-03,0.29684673631963576
6838b9_2020-05,0.4235327501757552
af81b0_2016-12,0.2062908528056801
af81b0_2015-11,0.24378920985527652
af81b0_2016-07,0.2062908528056801
4fb2d3_2015-05,0.35253135302819044
af81b0_2016-10,0.2062908528056801
0874ee_2017-09,0.5842749901192783
a25664_2018-09,0.2702760234994193
3db670_2015-12,0.7639690370500668
88a9a6_2015-05,0.6999016798319563
7aa803_2018-07,0.28874818701577787
19fa84_2021-04,0.735631829714406
74b7d1_2015-05,0.7020169757590282
2ab8ad_2018-03,0.2794275194041144
cd0e60_2024-09,0.7357237842276061
3db670_2015-10,0.7639690370500668
34889b_2020-11,0.4880821741677314
4718d7_2015-07,0.26122957267804836
8005b9_2016-01,0.6516172263528618
8005b9_2016-10,0.6803381105399695
f500c5_2015-09,0.22977942014556949
b416b1_2017-03,0.7754057955927995
894378_2018-11,0.197440450447042
19fa84_2017-09,0.1947032532800606
19fa84_2018-08,0.19877184777390228
4fb2d3_2015-06,0.3487968029381863
19fa84_2017-04,0.6577315735923484
894378_2015-05,0.18240572250345846
77e86b_2017-12,0.45820218951276015
fd589c_2015-08,0.1931821568890323
19fa84_2018-09,0.2457094681032733
e4bc80_2015-07,0.19915474925209473
0874ee_2016-08,0.7130378316484136
74fb1f_2015-08,0.5178463355251319
db4cd8_2016-03,0.4962620917130101
1996b0_2022-09,0.5723159825945109
db4cd8_2016-02,0.4529003750785387
0874ee_2016-06,0.7285663616402551
5a0174_2017-09,0.3887879143321066
b08ec1_2018-10,0.24435322084787262
0cecbd_2017-10,0.22826206088442075
34889b_2018-10,0.3090721086802061
b08ec1_2017-12,0.7497314331437265
e2e0ce_2018-08,0.7366000483313447
2ab8ad_2017-10,0.7926440173627164
b08ec1_2017-09,0.18828551445028938
34889b_2020-06,0.1922569897883875
dc4b5e_2021-06,0.8023304407136795
9b46ed_2016-06,0.7130132550997967
dc4b5e_2021-01,0.789754306445962
9b46ed_2015-12,0.6168217989239438
f461d4_2018-07,0.19939154896108255
9b46ed_2015-11,0.6029232680080348
b08ec1_2021-02,0.29008664531266737
b08ec1_2021-04,0.23920023452491668
8005b9_2015-06,0.23913769786225375
9af74c_2017-05,0.6004679203381724
3db670_2017-11,0.7158079479213545
af81b0_2017-12,0.6649951197947548
3a13b3_2020-07,0.5043196370529477
a97df3_2020-08,0.4132463852600011
a97df3_2020-07,0.4132463852600011
b73bc7_2017-09,0.7791518231967284
1698cf_2015-09,0.7373182657493753
0cecbd_2016-12,0.2993864543956219
3db670_2022-05,0.6916960803137139
b73bc7_2020-08,0.743570011450274
3db670_2017-09,0.7158079479213545
99c11c_2025-08,0.4407716448759917
3db670_2022-04,0.7929893869600811
a97df3_2021-06,0.44776081262350437
a97df3_2020-09,0.44776081262350437
99c11c_2019-04,0.4854744781864829
99c11c_2022-09,0.6896083879302631
3a13b3_2022-08,0.757028456442262
1822ea_2015-10,0.29614214136288497
9f1aa0_2016-10,0.8060173972535409
0cecbd_2020-05,0.30257271466657454
375f2e_2015-11,0.4529198990944733
e4bc80_2021-04,0.7761542050094237
8ec563_2020-09,0.22385374727533236
98a151_2015-06,0.3846948128273141
0874ee_2017-10,0.788170885783028
bf6f0d_2015-12,0.6070821499056793
af81b0_2022-10,0.7695543876334687
bf6f0d_2016-03,0.30396063336157264
c5df88_2018-11,0.7190470893803212
74fb1f_2016-12,0.2983549296233072
2ab8ad_2016-07,0.49752054842699245
e2e0ce_2016-10,0.3658046487201081
88a9a6_2016-12,0.34759545350217647
293190_2017-12,0.6293628984646095
88a9a6_2015-08,0.6447752470206127
e2e0ce_2016-06,0.2758105641170655
9f1aa0_2015-07,0.30539103436749365
c5df88_2016-01,0.32230397974075553
9f1aa0_2016-06,0.7407854821394207
7bf5c9_2015-08,0.7786537202157292
87cfea_2020-05,0.39984232622426064
1698cf_2015-12,0.5100187286987407
fd589c_2017-09,0.39595459235011604
fd589c_2018-09,0.23781788750323196
894378_2016-12,0.20252551127582713
c5816f_2016-03,0.21619258619068363
19fa84_2016-08,0.19363785161118763
e4bc80_2018-11,0.4308805695031273
c5816f_2017-08,0.19520221336980756
6f5e2b_2017-12,0.201658002995178
c5816f_2015-10,0.22195332677662064
19fa84_2016-07,0.19363785161118763
19fa84_2015-07,0.1781795704517146
b59bc0_2016-10,0.3190186451263637
b0ff51_2016-12,0.3458909909289519
34889b_2025-03,0.7482597511810617
87cfea_2017-09,0.5708727799702032
83894c_2016-05,0.4197427424380577
a42d13_2020-01,0.3505335578209742
a42d13_2018-12,0.3505335578209742
a42d13_2021-12,0.3505335578209742
a42d13_2020-05,0.3505335578209742
a42d13_2020-04,0.35223147799088766
a42d13_2022-01,0.3505335578209742
a42d13_2019-12,0.3505335578209742
a42d13_2023-03,0.3505335578209742
6f5e2b_2015-12,0.7892089950359061
f1543b_2017-09,0.24479331087543707
829a72_2016-02,0.5838080272712822
531356_2015-07,0.22777258570630554
1b9e65_2020-05,0.43918419818195603
d86999_2020-07,0.7065023333170537
c5816f_2017-09,0.7298037403861456
894378_2020-07,0.7888706162862624
375f2e_2016-03,0.5768396853604245
29849f_2017-10,0.6753602188908842
531356_2016-01,0.5777839932795932
77e86b_2015-05,0.605065303130152
83894c_2017-03,0.5845156234069169
8005b9_2017-11,0.6947008023552953
8005b9_2016-11,0.3491499159682404
8005b9_2016-12,0.7569248978257679
bc4c03_2016-11,0.6650544909727808
29849f_2018-07,0.6435819970000047
f4604d_2025-06,0.7170102631234909
293190_2025-05,0.7890231312935454
88a9a6_2018-08,0.788949936833552
4fb2d3_2016-08,0.23656794057705244
c5df88_2024-08,0.7901576569407596
293190_2024-10,0.7890231312935454
c5df88_2024-05,0.7901576569407596
7aa803_2021-08,0.7841779097424197
293190_2026-02,0.7935871968390303
4fb2d3_2016-09,0.24812408033444852
7aa803_2015-06,0.6682462684383755
c5df88_2024-12,0.7901576569407596
7aa803_2021-09,0.7875612670783512
88a9a6_2016-07,0.47779435836367784
293190_2025-01,0.7890231312935454
74fb1f_2024-11,0.48476326661253333
c5df88_2020-05,0.7439082400911791
9b46ed_2021-10,0.7546724842899868
1996b0_2024-04,0.6493781260141198
f4604d_2020-12,0.7088969690718434
06534f_2014-08,0.27650588513733093
06534f_2016-06,0.6331498556970576
f4604d_2016-10,0.3441176670691052
18defd_2018-11,0.7233295295898877
06534f_2016-07,0.62712550897408
375f2e_2018-11,0.5845943847941141
7a007d_2023-08,0.7051593775227432
7a007d_2021-05,0.7051593775227432
7a007d_2021-06,0.718516323464168
60a0fd_2015-05,0.18874597597706289
7a007d_2023-03,0.7051593775227432
18defd_2016-10,0.4620234003413303
7a007d_2023-02,0.7163331478004294
7a007d_2019-11,0.718516323464168
9af74c_2025-09,0.7588783311568339
b08ec1_2015-06,0.7317270245063392
e7a56d_2016-10,0.3474448530767326
4718d7_2017-01,0.2041512628724056
b59bc0_2018-10,0.5933611596920858
b59bc0_2017-10,0.6006813277019545
b59bc0_2018-08,0.5592265624535973
0cecbd_2017-12,0.32974899235347044
b59bc0_2017-09,0.6259772200642167
8d0588_2018-11,0.6443909627232228
b1de95_2015-10,0.6970702813139681
94f933_2023-01,0.5100536725484106
1b9e65_2025-04,0.30131154752555006
0cecbd_2016-04,0.6776638443618269
a25664_2020-04,0.4586323246137754
fd589c_2020-09,0.7885718803814772
0ffc2d_2018-11,0.2593068825770121
d59611_2020-06,0.6638157033351424
34889b_2016-07,0.27964150619651396
34889b_2016-08,0.27964150619651396
bf6f0d_2017-03,0.21820315939858484
db5006_2017-01,0.6186988915129783
0ffc2d_2020-05,0.5766643157847117
6c1954_2021-03,0.7337414048034331
34889b_2016-10,0.27964150619651396
6c1954_2021-05,0.7337414048034331
8fabe0_2015-11,0.4485419985332487
0ffc2d_2020-04,0.5959244027713866
8fabe0_2016-02,0.46871957175572143
db4cd8_2020-05,0.6520537465273676
34889b_2016-11,0.27351345174664454
b08ec1_2018-08,0.2000895506910194
5ecf9b_2023-12,0.5704562325257762
77e86b_2018-03,0.27569364767468973
74b7d1_2019-06,0.37927182027194684
439fde_2023-11,0.2496911667265615
439fde_2024-04,0.5495368770844731
1b9e65_2023-01,0.24822940731538692
db5006_2023-03,0.4224637386218486
74b7d1_2022-10,0.5831188651395914
db5006_2024-10,0.6115559523044639
ab32d7_2023-11,0.21221370589143024
77e86b_2019-02,0.33897666474250193
c3a69f_2024-05,0.46776296426371566
439fde_2025-01,0.2338719735601694
77e86b_2014-11,0.5533160647230813
439fde_2020-01,0.20879281080551437
c3a69f_2024-01,0.20825723373213875
77e86b_2020-03,0.46399962266012273
77e86b_2018-05,0.29824522341101867
94f933_2025-05,0.8054180528288049
c3a69f_2025-02,0.2953913850827349
829a72_2023-02,0.49230265053276556
6224d0_2023-10,0.360985057008132
293190_2023-01,0.22478505442400123
293190_2023-12,0.2295643380660878
2ab8ad_2016-06,0.2965269239936818
88a9a6_2022-12,0.24999366741949816
9b46ed_2025-05,0.2898249084303596
fc9334_2022-01,0.23392525470454983
8bd3ce_2015-07,0.2047076997786342
fc9334_2017-01,0.17933466009435034
8e41cf_2018-01,0.18122825565608824
8e41cf_2019-11,0.19042779889337638
b26809_2020-08,0.17965031463635742
fc77d0_2019-06,0.21983719649696729
6224d0_2019-11,0.18198699580367278
a25664_2018-12,0.21323360535390373
c5df88_2023-05,0.7030784234712029
7aa803_2021-11,0.7004994210484422
7aa803_2024-10,0.5302501894339336
98a151_2023-05,0.5933003577393867
98a151_2025-03,0.4237764534284391
60a0fd_2023-09,0.19142510251913603
8bd3ce_2020-06,0.6879985850933061
4fb2d3_2020-03,0.8213119349735123
e60b65_2024-03,0.4786859984184411
74fb1f_2016-03,0.3500797718535173
60a0fd_2025-01,0.2868115209511425
9cf1af_2022-12,0.201722158025116
d86999_2023-07,0.7378685654554171
d86999_2023-12,0.28279723442669746
175155_2014-10,0.19589672239646508
293190_2022-08,0.4466139789400237
2ab8ad_2019-02,0.31124079999067594
2ab8ad_2019-03,0.42212058641272315
c5df88_2022-07,0.3239430190103421
74fb1f_2018-12,0.38198271028359115
7aa803_2024-08,0.39126537064157396
9b46ed_2018-02,0.42323136401869227
11f0e3_2025-06,0.18051682123606533
98a151_2023-12,0.17909628431420482
9befc8_2023-05,0.561687848477736
302d40_2024-12,0.2546532212534077
e3af0e_2023-05,0.2193299326769055
6c1954_2022-11,0.18293292624150656
8bd3ce_2022-07,0.41826512758006923
b26809_2020-10,0.1786102745971339
a25664_2014-12,0.18748350970004776
e2e0ce_2021-10,0.3143683230021292
74fb1f_2014-12,0.4389692147156433
74fb1f_2021-02,0.33094709862137855
8fb6f0_2023-03,0.22621975562055113
731908_2021-12,0.18201043225537558
829a72_2023-07,0.1802436526541779
fc9334_2015-04,0.24606411693310867
60a0fd_2018-05,0.3766100786076042
d86999_2016-07,0.5407099529594526
d86999_2022-12,0.4029991118412351
6c1954_2023-10,0.44972608716357126
b26809_2017-01,0.19896661563035406
4fb2d3_2022-02,0.5381318778253548
1698cf_2018-02,0.29306622116881104
4718d7_2020-08,0.19780815133520013
6f5e2b_2018-02,0.1922967662414842
e2e0ce_2021-08,0.3576873391985177
c5df88_2019-08,0.23579273786011007
88a9a6_2019-02,0.37432460950294166
780a0b_2020-02,0.17361276232041084
a97df3_2024-01,0.2119627985950407
bfbeef_2019-02,0.1756944786149574
b26809_2018-05,0.1805247754139605
77c35f_2024-10,0.711661271425071
829a72_2022-09,0.23896551174992114
60a0fd_2018-12,0.3199266783758383
e3af0e_2021-07,0.7311433375248945
fc9334_2023-01,0.1769864688626514
fc9334_2024-09,0.7910973469993905
987bc1_2021-06,0.44397225697776077
6224d0_2023-01,0.21503008193090736
88a9a6_2022-07,0.27339702954578265
302d40_2023-04,0.1874569067687307
d86999_2016-06,0.39774523114337124
fc9334_2015-12,0.18362238883156204
8bd3ce_2017-08,0.17649823972358727
8e41cf_2018-03,0.20539203551033514
5a0174_2020-01,0.26928067974347103
e2e0ce_2018-09,0.7589372224792019
74fb1f_2015-03,0.31344958275736373
74fb1f_2019-07,0.5652891269716159
e3af0e_2024-12,0.27224509534007496
98a151_2021-06,0.6817605569980599
9cf1af_2022-09,0.3060110054237433
b26809_2016-11,0.17388847587719902
9befc8_2024-11,0.17668847372570326
b08ec1_2018-03,0.20666731655422926
2ab8ad_2018-02,0.5530848371905258
c5df88_2021-04,0.3835508865430566
7aa803_2016-10,0.4284965652800454
7aa803_2017-06,0.3780962049394058
88a9a6_2022-01,0.2110252082735237
0f9e86_2024-08,0.7972664226289371
98a151_2025-06,0.1760416458675914
60a0fd_2024-04,0.22300590695854475
e3af0e_2024-01,0.28852606079815407
8bd3ce_2019-01,0.18048795563989764
b26809_2015-09,0.31958533638768627
e2e0ce_2024-10,0.46228847721275546
c5df88_2022-12,0.3747100370701463
74fb1f_2025-04,0.25367937898331033
0f9e86_2025-01,0.1992103793392553
fc9334_2015-08,0.3417879014711894
dbb709_2023-08,0.5211772108772749
60a0fd_2025-05,0.28406131620677766
d86999_2016-08,0.32406486076129254
98a151_2019-09,0.42238094170125684
dbb709_2024-04,0.24293609186435736
e3af0e_2019-07,0.41875386564958494
b26809_2023-08,0.23924610170420602
b08ec1_2018-12,0.19744425380251504
4fb2d3_2015-03,0.17166598005398093
e2e0ce_2023-01,0.2628640102424972
74fb1f_2022-04,0.2892569960887847
7aa803_2016-07,0.4918233486695566
8fb6f0_2021-03,0.19495923933760437
11f0e3_2023-01,0.3448161360686265
11f0e3_2023-11,0.18981820320877532
dbb709_2024-02,0.5337746034132892
8e41cf_2016-10,0.17480394349961484
e3af0e_2019-05,0.4317529479406498
8e41cf_2017-08,0.1749205342987416
8e41cf_2023-01,0.19762186397225193
fc77d0_2023-11,0.21187758655922898
c5df88_2018-01,0.36753140528395645
74fb1f_2024-05,0.2400292529384754
74fb1f_2024-09,0.6442722078289119
88a9a6_2015-07,0.2941338530539384
302d40_2022-05,0.7101678314405231
e3af0e_2021-01,0.7211417411804368
b26809_2016-02,0.19971705104171397
8e41cf_2021-12,0.23492755142743954
6838b9_2018-06,0.3357578733777415
74fb1f_2019-06,0.2777821902405912
98a151_2025-01,0.2780605591294677
0f9e86_2024-04,0.3035446637293965
829a72_2019-03,0.2285511739802116
d86999_2017-09,0.18197027871539623
6c1954_2023-07,0.2633175673794967
b26809_2019-06,0.17429109155051553
8bd3ce_2024-12,0.20566355383256618
8e41cf_2016-07,0.17667929661295015
b26809_2021-02,0.2540017886227934
b08ec1_2024-08,0.2180507094973184
9af74c_2022-02,0.7665449575841847
6f5e2b_2019-10,0.18404761790318439
c5df88_2018-10,0.7495320139650055
74fb1f_2017-01,0.36367928896802654
9b46ed_2015-02,0.6533050175457344
780a0b_2024-05,0.4060050895386416
8fb6f0_2020-07,0.3328177376626881
77c35f_2023-03,0.6239937119529919
d86999_2021-06,0.6402416817563635
8bd3ce_2017-09,0.23881681340129823
b26809_2017-09,0.17420857502304649
b26809_2021-03,0.17408714493593822
bc4c03_2021-07,0.7163642948686149
259a19_2018-03,0.5164611851653778
532867_2024-10,0.2885010988980421
e2e0ce_2019-08,0.2172103999146608
e2e0ce_2023-03,0.4190371423444909
c5df88_2017-08,0.7832179130685301
c5df88_2023-01,0.23124491489064125
7aa803_2015-02,0.2913573714588599
7aa803_2021-07,0.8091648489633865
9b46ed_2022-03,0.6514370962469657
175155_2020-01,0.4631299092452704
60a0fd_2020-12,0.7615258768529143
fc2511_2025-07,0.40925193837327695
b26809_2025-04,0.26270626001100467
34889b_2025-07,0.26099865079222095
fc77d0_2022-11,0.26718896075132964
e2e0ce_2021-03,0.6542373018189291
74fb1f_2022-02,0.24417581724703866
74fb1f_2024-07,0.21264821986888283
bfbeef_2016-02,0.18435126344025404
bfbeef_2023-05,0.1944826788605243
98a151_2024-10,0.22755748354812147
e3af0e_2020-01,0.6738590658592203
d86999_2021-02,0.241662137229628
d86999_2022-07,0.7571766301083414
6c1954_2022-01,0.3104958134355772
8e41cf_2025-02,0.2686152200446637
175155_2022-10,0.22337825754960985
a25664_2024-11,0.24724611212010972
293190_2015-04,0.7081722589019144
293190_2016-10,0.298740597301568
293190_2017-09,0.7947213461403029
e2e0ce_2025-08,0.199437616387818
74fb1f_2022-05,0.36124679675025295
7aa803_2019-01,0.5908098298163417
302d40_2025-05,0.7012179424516208
6c1954_2021-09,0.34372022306301925
db4cd8_2022-12,0.7111732024152204
8bd3ce_2016-07,0.17778080651381126
265164_2023-11,0.37966196459762563
175155_2024-01,0.18321691844394725
c5df88_2016-08,0.30079863105282667
88a9a6_2023-06,0.2964954570724815
77c35f_2023-04,0.36665598224035845
fc9334_2018-10,0.2020944302812257
8bd3ce_2016-12,0.19148146215698658
60a0fd_2022-01,0.43769206615283307
302d40_2024-10,0.6857257129982649
e3af0e_2023-10,0.5844060059144954
bc4c03_2025-08,0.5313870519517871
3a13b3_2014-11,0.23874048893574168
e2e0ce_2024-09,0.2101937612053022
c5df88_2018-12,0.3349068240927745
74fb1f_2016-04,0.3635037261451849
74fb1f_2024-10,0.3234229405992856
88a9a6_2017-01,0.3273666646400168
780a0b_2024-07,0.24267505838632353
d86999_2017-08,0.41364567508788863
fc9334_2021-06,0.2302217606154832
fc9334_2021-12,0.18932676373719098
fc9334_2023-07,0.18229094404874013
8bd3ce_2023-11,0.18807060683832436
34889b_2019-01,0.26136167452136894
34889b_2024-03,0.38272554500360534
18defd_2014-06,0.2982641343258182
e2e0ce_2023-07,0.23292241787385834
74fb1f_2017-11,0.6916910408161832
98a151_2023-02,0.2733798234732064
e3af0e_2020-02,0.2377597868490537
d86999_2022-02,0.3984877257353312
fc9334_2024-02,0.21930713283145192
8bd3ce_2022-02,0.22603152639684923
fc77d0_2015-02,0.17467855169176105
6224d0_2023-11,0.4155255189388904
293190_2024-06,0.26461376655621793
e2e0ce_2016-05,0.6642880853785514
e2e0ce_2018-06,0.41944750588226193
2ab8ad_2021-11,0.38413737101075773
7aa803_2018-09,0.6430153837262329
7aa803_2023-06,0.31988618447183664
88a9a6_2021-10,0.550295749734306
9b46ed_2025-08,0.22155612198583116
77c35f_2023-11,0.3980684864190219
8bd3ce_2015-08,0.37425586808289174
8e41cf_2017-12,0.17809422056684146
6c1954_2023-03,0.29071340007914975
8e41cf_2023-07,0.17867262096593142
d59611_2019-01,0.35029602437443746
b08ec1_2020-01,0.18670020734323783
265164_2025-03,0.32508562001294516
88a9a6_2024-10,0.6398030109597128
98a151_2024-07,0.20894209541409178
77c35f_2023-02,0.41228082817300826
8bd3ce_2015-04,0.18589683041336622
8bd3ce_2024-10,0.18486279878749956
b08ec1_2025-08,0.5490383954241702
4718d7_2019-02,0.19152859427080765
375f2e_2015-10,0.46390891645974885
2ab8ad_2023-02,0.22223116099350934
bfbeef_2015-12,0.2007773827868003
60a0fd_2024-03,0.2984073946106327
302d40_2022-09,0.2996478741148577
d86999_2022-04,0.4393183460759775
8e41cf_2017-03,0.1864855820179104
175155_2018-06,0.19458514034101118
9b3bd5_2025-07,0.5917246781147435
74fb1f_2024-02,0.4861649875968589
9f1aa0_2020-08,0.19249920396467626
510fbf_2025-04,0.1838070523140126
731908_2015-06,0.34194289464612193
bfbeef_2017-09,0.7165858802290057
894378_2022-05,0.22205966217497233
6c1954_2020-01,0.5641322380247507
19fa84_2021-03,0.8138076554589284
19fa84_2021-11,0.1811247654823657
9f1aa0_2016-05,0.30255176063114464
bfbeef_2016-05,0.3560621319409888
8ec563_2021-08,0.3477942372750544
fd589c_2023-09,0.2257467128447607
e361b7_2018-05,0.3524093947614039
e4bc80_2024-09,0.3980911454480799
bfbeef_2017-04,0.21222118919341723
29849f_2022-08,0.591332695163209
8ec563_2024-05,0.38274577520779834
fd589c_2014-08,0.33585779280742917
fd589c_2019-10,0.6697179605355864
e361b7_2021-11,0.18092126694367222
9af74c_2024-11,0.2520144502892395
9f1aa0_2015-01,0.1950207127883777
fa8553_2023-03,0.4296825746820584
8ec563_2025-02,0.28812407669926726
19fa84_2022-03,0.3761255014077319
513080_2024-05,0.8034767720786716
9f1aa0_2019-02,0.18651747656530096
fa8553_2022-09,0.2089121757351735
bfbeef_2017-05,0.19885909706439436
19fa84_2018-05,0.24377931116455004
e361b7_2014-08,0.3100468656434064
e361b7_2015-02,0.2045208542565838
9af74c_2024-08,0.4926286462465983
513080_2023-10,0.7492888856550122
510fbf_2024-10,0.2802124096973143
bfbeef_2019-10,0.17573043000322214
8fb6f0_2019-11,0.17830657374460948
894378_2022-07,0.21127750881871515
c5816f_2019-12,0.579429161687303
19fa84_2018-06,0.18816620758267766
e361b7_2024-04,0.330305510479397
e4bc80_2024-10,0.22201021831179474
e4bc80_2025-07,0.44703689324827567
513080_2022-01,0.2518987709342359
8ec563_2018-02,0.17733586587870614
8ec563_2023-02,0.20741624954379573
e361b7_2021-01,0.5454648946342253
e4bc80_2014-10,0.2947371867377974
894378_2021-04,0.7749278386785997
894378_2024-01,0.17715642236389412
8ec563_2022-09,0.21803354025223448
9f1aa0_2019-11,0.7847053094951608
9f1aa0_2021-05,0.184737241269168
9f1aa0_2023-12,0.19300842172241542
510fbf_2024-08,0.8143502142961723
bfbeef_2023-01,0.17282199608195764
c5816f_2014-08,0.28430665704472347
19fa84_2022-09,0.2197500917083421
19fa84_2025-07,0.26327756849502304
e361b7_2024-01,0.1741959328521013
bfbeef_2025-09,0.5626134400838319
780a0b_2014-08,0.3309619626012073
e4bc80_2022-07,0.3138913621170197
513080_2023-05,0.20491284034193596
510fbf_2023-03,0.8095898788779319
c5816f_2025-08,0.5343696618076061
19fa84_2022-11,0.1808414536566718
e361b7_2020-10,0.715571905671259
9f1aa0_2021-06,0.1879251604808365
fa8553_2022-12,0.1949892693594793
bfbeef_2024-05,0.2040046907986445
8ec563_2019-11,0.4989097413970347
6c1954_2022-05,0.21984935004171016
513080_2024-03,0.47977050763987467
894378_2022-03,0.18130895898563884
8ec563_2019-09,0.29412543241508937
19fa84_2021-01,0.34427295463629903
19fa84_2021-02,0.42736375756412304
9f1aa0_2021-02,0.19507410532869032
9f1aa0_2023-10,0.37947206259761185
780a0b_2015-12,0.18267321643202653
9befc8_2015-08,0.35878532181765427
c5816f_2019-09,0.2260597516675446
8ec563_2019-01,0.2864547627387097
fd589c_2017-02,0.5250368974745881
6c1954_2019-12,0.5185674568918609
19fa84_2018-03,0.2774927114250386
e4bc80_2023-05,0.49103486602689
bfbeef_2018-09,0.2351297999000142
bfbeef_2023-09,0.27120060590197304
894378_2023-11,0.2612651711348763
9f1aa0_2025-06,0.2762916644866222
bfbeef_2025-06,0.22737878863090216
c5816f_2018-02,0.28826544547923805
8ec563_2014-11,0.2044434250408494
19fa84_2018-04,0.23038209012634434
19fa84_2023-04,0.2158299134080671
e361b7_2025-04,0.17750680720881182
e361b7_2025-07,0.3182967363081022
9f1aa0_2024-10,0.22701304655498541
894378_2025-01,0.34271498170539894
fd589c_2018-04,0.1917580480727295
fd589c_2021-02,0.3880043279366795
894378_2025-04,0.21577217752594285
8ec563_2022-07,0.3253615300713556
8ec563_2023-04,0.18902585421825663
fd589c_2017-06,0.6863175296769146
e361b7_2018-07,0.2258808578228539
e4bc80_2022-08,0.19604180551065153
9f1aa0_2022-06,0.19808459610079227
8fb6f0_2014-07,0.21287772335401217
8fb6f0_2018-09,0.41085658202548486
731908_2021-10,0.2538944096455421
731908_2024-10,0.1958818936123811
780a0b_2020-12,0.47556513881468676
9befc8_2015-04,0.18448943779972313
c5816f_2014-09,0.28541552193084774
c5816f_2021-07,0.7350997379128094
6c1954_2022-04,0.5157393248919402
19fa84_2019-01,0.32272754365391
bfbeef_2022-11,0.18046760091536695
c5816f_2022-12,0.2031389303031365
e4bc80_2018-06,0.5257856524866423
513080_2023-04,0.21011746534752945
9f1aa0_2021-03,0.19713451164716922
9f1aa0_2025-05,0.24614658489441518
731908_2019-10,0.17294993293419977
780a0b_2015-10,0.22246912267361094
0f9e86_2022-06,0.2495623036798622
531356_2022-07,0.3445901244363479
894378_2018-12,0.1816529777683371
c5816f_2023-06,0.3101102040877114
19fa84_2021-10,0.22990435781254742
11f0e3_2024-08,0.7610894610223584
b26809_2019-10,0.26360438031695355
780a0b_2025-05,0.2114022672912322
7bf5c9_2019-02,0.20105082986701994
7bf5c9_2022-07,0.2912628951842993
f500c5_2021-01,0.1874674411266107
265164_2025-07,0.2179305651922374
439fde_2023-03,0.6095600068128467
83894c_2022-06,0.33407095674259557
87cfea_2021-03,0.7235570006463438
99c11c_2021-02,0.21377166442749526
11f0e3_2017-11,0.19639808452444923
780a0b_2015-07,0.31615731749816806
8fb6f0_2016-05,0.17959775575782164
f1543b_2021-02,0.17667319764533632
1b9e65_2025-06,0.24345001339176547
780a0b_2022-08,0.49539981992114335
8fb6f0_2023-08,0.20712920558803752
0f9e86_2023-01,0.25006612827392616
7bf5c9_2020-06,0.24279351922123435
3a13b3_2015-01,0.19956655070078771
11f0e3_2022-02,0.1784503216395925
780a0b_2019-07,0.19741477414227188
8fb6f0_2021-07,0.18190485541551257
8fb6f0_2025-01,0.1758491692249597
0f9e86_2022-03,0.17823530156885817
f1543b_2014-12,0.21285192974909148
f1543b_2020-09,0.3713028293918114
f500c5_2022-07,0.32261762548289197
9befc8_2019-08,0.32886805110615425
7bf5c9_2018-06,0.2527538014130001
87cfea_2024-06,0.575123235611063
7bf5c9_2023-02,0.1788153994783959
bc4c03_2019-10,0.4781585184620802
780a0b_2017-09,0.2422861632380388
8fb6f0_2014-04,0.22688816706454745
8bd3ce_2019-10,0.1725950102813563
0f9e86_2023-06,0.18000075055783138
f1543b_2022-11,0.6139334053693735
f500c5_2020-07,0.28261534560583945
4f2b6b_2024-03,0.47605709337926083
11f0e3_2016-11,0.18107767315408432
11f0e3_2024-10,0.18749450836469425
f500c5_2019-06,0.46546029487987106
c3a69f_2020-10,0.5534224997762902
780a0b_2019-10,0.180851367584019
780a0b_2021-01,0.24850577137172375
0f9e86_2017-04,0.18966827965165683
c580aa_2014-05,0.22427847160225203
4f2b6b_2024-10,0.7106121673718863
83894c_2021-07,0.4529957759598958
11f0e3_2023-10,0.2172000020540943
8fb6f0_2021-01,0.18526430251463705
0f9e86_2019-09,0.35927458775428084
0f9e86_2025-05,0.47888155885475914
9befc8_2025-08,0.546754068273522
f1543b_2023-05,0.21940901377570515
0f9e86_2024-12,0.25019895312398244
87cfea_2020-06,0.4898040833914636
99c11c_2024-04,0.3547598006029566
731908_2020-07,0.6235003701833576
11f0e3_2020-09,0.6632994412345246
0f9e86_2023-09,0.2582672139421508
9befc8_2021-08,0.21111547155300694
9befc8_2022-12,0.176910632982404
0874ee_2018-03,0.7578556877007697
7bf5c9_2018-01,0.18585135607903863
7bf5c9_2023-06,0.22866422956880134
f500c5_2018-12,0.17663115100511964
87cfea_2019-10,0.32451115149335097
87cfea_2025-03,0.5376510413824958
780a0b_2019-08,0.18915075498387696
11f0e3_2018-09,0.6969692254651948
8bd3ce_2020-10,0.19217200052380629
9befc8_2023-01,0.6899611366324454
7bf5c9_2024-10,0.2829416615733542
f1543b_2025-01,0.19251670542531354
f500c5_2023-04,0.24605946149185093
83894c_2020-07,0.7770691124639066
87cfea_2019-06,0.28594658431562314
9befc8_2017-10,0.3260427134645708
4f2b6b_2024-04,0.19191118776448196
11f0e3_2019-06,0.24491521328818688
fc9334_2020-08,0.6486837614924836
731908_2020-02,0.17276327908330869
9befc8_2018-10,0.5220907653622631
b73bc7_2015-02,0.1944596157766846
11f0e3_2017-04,0.1855602545190163
11f0e3_2019-08,0.18137672038343847
11f0e3_2025-01,0.28104789039731914
0f9e86_2020-11,0.1898140043597183
0f9e86_2021-10,0.7821323346346049
f500c5_2020-04,0.17711444203500737
c3a69f_2022-11,0.764722528242756
8fb6f0_2018-08,0.18893921604295644
9befc8_2016-12,0.17885221086781017
f1543b_2023-10,0.20989687171306662
3a13b3_2015-02,0.18550103757270153
83894c_2022-03,0.583470330400351
731908_2022-06,0.5807068967689417
731908_2025-04,0.2899083564666145
8fb6f0_2021-04,0.19733100997880992
8fb6f0_2021-10,0.18149556290065708
8fb6f0_2024-12,0.20162474893988164
0f9e86_2016-10,0.21895293694022025
4f2b6b_2025-08,0.602269306755767
87cfea_2022-05,0.29621686945149495
8e41cf_2020-01,0.17443104746679367
9befc8_2020-08,0.2869148173208761
87cfea_2021-02,0.4965227547748084
780a0b_2025-03,0.2895522230605604
8fb6f0_2023-04,0.23717349114204947
9befc8_2024-12,0.18044395132598773
f1543b_2025-08,0.18346581996033287
87cfea_2020-08,0.6534359007403866
87cfea_2020-10,0.4717522830259117
731908_2019-12,0.21390171930414997
731908_2021-04,0.19091506055731355
9befc8_2019-09,0.27801918393175773
87cfea_2020-02,0.5915152207285317
731908_2017-09,0.21482219764947902
780a0b_2020-09,0.5591748482574287
0f9e86_2022-01,0.2010381571921802
7a007d_2025-07,0.19881126782992142
b1de95_2019-03,0.3816859059845311
1b9e65_2025-01,0.2675275938365218
6c1954_2019-11,0.7632182959724656
e4bc80_2021-11,0.21296172188708917
4718d7_2020-02,0.17983151606100528
b416b1_2019-06,0.28690116383338554
db4cd8_2015-01,0.20870550598767626
d59611_2025-08,0.5574620999958262
b08ec1_2024-04,0.2706680549565913
c5816f_2016-05,0.24803354425268082
f461d4_2024-04,0.3318355948296251
259a19_2024-10,0.3603014709719254
db4cd8_2024-07,0.695095382156928
db4cd8_2025-03,0.5871691125302579
1698cf_2018-09,0.2137654858576899
db4cd8_2022-06,0.28997784810498756
c5816f_2016-06,0.18935564022320045
c5816f_2020-01,0.7770974118703896
6c1954_2024-05,0.42650259816184455
c48018_2025-08,0.5178188778645414
b416b1_2023-03,0.1932518537145962
06534f_2018-01,0.36753900804563855
175155_2015-02,0.19548045012236123
f461d4_2015-02,0.1817206610572268
f461d4_2022-10,0.2521415646715034
90abb1_2018-03,0.7291808999661112
90abb1_2018-12,0.3530941323571055
c5816f_2014-11,0.24965778095294758
8fabe0_2024-12,0.3197140900729584
d59611_2018-02,0.19250129251029596
6838b9_2020-02,0.1763994748473317
c5816f_2016-01,0.3702882558006394
e4bc80_2014-08,0.37612068194730064
e7a56d_2025-06,0.3316063007381486
4718d7_2023-05,0.3332624618665543
259a19_2014-09,0.1881159293313872
34889b_2022-08,0.2823311966844862
8005b9_2023-07,0.3268793185863512
77b3b9_2021-06,0.791278884154392
db4cd8_2022-03,0.2539299308906898
9af74c_2019-08,0.6691037813342947
6c1954_2019-06,0.6527193931611265
19fa84_2015-05,0.6029608254497054
19fa84_2025-08,0.24180629229142792
e7a56d_2024-11,0.5275305472707814
a42d13_2025-03,0.1843363820383598
14fe3a_2022-06,0.4228138062586356
fb737b_2021-02,0.38053075131832487
175155_2014-11,0.18969438384303147
b08ec1_2019-05,0.24244663416191464
894378_2017-11,0.36969296522600414
fd589c_2023-07,0.5726659377382336
e361b7_2015-06,0.18131512833257038
e4bc80_2020-04,0.2213715381016353
e7a56d_2015-03,0.39969514898105424
e7a56d_2019-07,0.3441730053052157
e7a56d_2023-06,0.42473644822771284
259a19_2019-01,0.25807283581476476
db4cd8_2024-01,0.7702690863368058
34889b_2024-12,0.24543105226736914
bf6f0d_2025-08,0.4439725681231401
fc77d0_2019-05,0.19087415346478873
e4bc80_2015-08,0.30147645795900024
e7a56d_2022-04,0.5707110539979681
c48018_2019-11,0.4381490424672232
259a19_2023-08,0.22125745033147073
0ffc2d_2019-09,0.17458356644856604
4fb2d3_2017-11,0.4981504577831825
c5816f_2018-08,0.20537107894854997
19fa84_2024-06,0.2972567506554616
e4bc80_2015-04,0.4771964273598699
e7a56d_2018-06,0.25828058465994913
6f5e2b_2024-10,0.5337320500403091
1822ea_2018-04,0.18354406070214174
0ffc2d_2018-12,0.20117920493842742
4718d7_2025-01,0.677539215171478
b416b1_2022-10,0.18119044724956662
259a19_2024-07,0.274821740474282
d59611_2014-03,0.25165074769522267
b08ec1_2022-09,0.2855171350867452
77b3b9_2022-08,0.47797405846537505
259a19_2017-07,0.24734995964313491
8ec563_2015-01,0.20451613121866216
14fe3a_2020-01,0.3172238708809527
b08ec1_2022-04,0.23151366686732427
259a19_2018-10,0.48585956115550266
0ffc2d_2019-01,0.18039810517815685
4fb2d3_2018-06,0.1811290168023454
1698cf_2022-11,0.213375789570344
bf6f0d_2015-10,0.24882976149284822
5a0174_2019-11,0.23967860084806927
6f5e2b_2019-12,0.22107589948406825
db4cd8_2021-07,0.6656858899233806
90abb1_2025-03,0.6003604800378037
8005b9_2024-10,0.22852482854888428
375f2e_2019-03,0.3162515358766012
894378_2016-01,0.22057125491162094
e7a56d_2019-02,0.21413877719867164
e7a56d_2024-09,0.40414769753693447
5a0174_2025-01,0.410057076094329
d59611_2021-11,0.4502038812127682
8005b9_2022-09,0.4128023720438193
1698cf_2025-03,0.20641328786628624
6f5e2b_2023-03,0.21734232988992366
1822ea_2024-01,0.39032420894254916
8ec563_2014-08,0.3392739282898188
fd589c_2015-05,0.17677321189624579
c48018_2024-09,0.3337270437602514
424c1b_2025-04,0.37734595989909037
4fb2d3_2019-08,0.1974130423126761
e361b7_2017-02,0.7809564209528557
60a0fd_2019-05,0.3214540424022576
c48018_2019-08,0.2980898473802897
b416b1_2022-05,0.21049850600853146
b416b1_2022-09,0.29713012180276815
259a19_2014-08,0.2573910562301134
8005b9_2022-07,0.4035383796489757
77b3b9_2019-01,0.3466407761965643
6c1954_2019-10,0.5859899065707482
19fa84_2024-05,0.21501537159368134
e4bc80_2014-06,0.2970398296168423
18defd_2014-09,0.2751490213450614
18defd_2023-08,0.4680186423050034
4718d7_2021-11,0.3447091790620854
8fabe0_2014-06,0.1771281196989722
6f5e2b_2014-08,0.23349665552597063
b416b1_2015-02,0.23531115805864608
b416b1_2023-09,0.328897185733268
db4cd8_2015-02,0.18288892223370654
d59611_2018-04,0.22781557861637491
b08ec1_2023-11,0.18932103250819549
175155_2019-07,0.1958249051527147
6c1954_2021-07,0.7272972147114874
19fa84_2017-01,0.3441103604566831
c48018_2018-06,0.46542516619168683
14fe3a_2015-01,0.2858642694900464
1822ea_2023-10,0.5231253169742993
fc77d0_2019-02,0.17423618288501946
c48018_2018-04,0.2776239432113635
5a0174_2019-02,0.18599764043477496
5a0174_2018-04,0.1744338689957766
a25664_2019-10,0.18832299052413334
a25664_2020-01,0.6428366730352708
b416b1_2025-08,0.6762172529469748
8005b9_2019-01,0.18305115909789177
424c1b_2024-10,0.28980301261928876
0874ee_2021-03,0.20326727934226446
375f2e_2024-05,0.8143528523321641
6c1954_2023-11,0.406749794050253
fd589c_2014-03,0.18187583542611777
e4bc80_2014-12,0.18469606402628386
e4bc80_2017-10,0.24585508451334234
e7a56d_2018-01,0.6142592694381659
e7a56d_2022-05,0.3032226186857467
18defd_2025-08,0.5231097485921765
c48018_2023-09,0.3947728768864536
b08ec1_2019-06,0.2012389920534421
259a19_2022-11,0.2140264903350373
d59611_2023-08,0.5073159635249802
9af74c_2014-12,0.2277053149784456
8ec563_2021-06,0.5340077585594012
fd589c_2017-05,0.21060906502764487
e7a56d_2022-07,0.48161178763249035
6f5e2b_2018-04,0.17495896543370762
14fe3a_2020-03,0.7907911626881601
bf6f0d_2022-08,0.4098428189210958
0874ee_2019-06,0.35811267969651855
f461d4_2018-01,0.4019780684126276
8ec563_2017-11,0.22639604887656922
18defd_2017-02,0.7745294526300517
1698cf_2019-11,0.23013786867413621
1698cf_2024-12,0.19558182338259708
bf6f0d_2023-06,0.3120827240120245
6f5e2b_2022-10,0.19068419648802756
a25664_2018-05,0.17547164536357315
db4cd8_2019-10,0.18284649484120885
9af74c_2018-01,0.5321915886542614
1698cf_2015-02,0.20981138858965628
c5816f_2015-12,0.3702882558006394
b416b1_2024-01,0.18388553694386217
14fe3a_2024-10,0.6883644397082056
db4cd8_2023-03,0.5388903029465668
8b98f3_2022-08,0.4050988073106865
7e646c_2025-07,0.4737286848055744
0f9e86_2016-04,0.24661476891787754
0ffc2d_2022-05,0.2093690161873944
0ffc2d_2024-01,0.17150184525503195
74b7d1_2023-04,0.30428305347101914
4718d7_2024-01,0.3080974367355736
77e86b_2018-01,0.26505356535089686
ab32d7_2023-07,0.6789839263614756
f461d4_2023-09,0.3102395960193879
11f0e3_2018-02,0.18737178548729214
6f5e2b_2025-07,0.3533267242429226
5ecf9b_2022-11,0.1923999710243849
cd0e60_2023-04,0.7910310605497505
6f5e2b_2023-07,0.21449970421260497
0f9e86_2018-03,0.301878083538344
0ffc2d_2024-08,0.3739563982970849
0f9e86_2017-08,0.25318311210809397
99c11c_2024-01,0.6825560216329102
7e646c_2024-04,0.42959373627732944
5a0174_2025-07,0.4479455817853829
94f933_2023-10,0.2058349551291902
0ffc2d_2021-01,0.17785611965207093
f461d4_2024-06,0.2803149934484927
5ecf9b_2023-04,0.6171653285600726
4718d7_2024-09,0.20065466345581434
6f5e2b_2024-03,0.5585686479704324
0f9e86_2018-12,0.19274417000416072
0ffc2d_2020-11,0.2013647842540529
0874ee_2015-04,0.34753971418564644
11f0e3_2015-11,0.17792153278219586
0f9e86_2017-06,0.6691701378960208
6da35b_2023-09,0.28710335633419437
74b7d1_2024-08,0.7928953705600761
8b98f3_2023-06,0.45094472420025866
ab32d7_2022-08,0.39591562985769446
9befc8_2018-12,0.1766029084230854
11f0e3_2017-12,0.20262222828161097
6da35b_2025-08,0.3465847999217838
1698cf_2023-08,0.28770290518719877
1698cf_2025-08,0.3111233349441336
f461d4_2024-09,0.3821717504816708
dc4b5e_2025-03,0.34235914719121063
8d0588_2023-04,0.4449853636480133
b59bc0_2021-01,0.3968124222184617
b0ff51_2022-07,0.2192445334752749
439fde_2022-06,0.7854477667766668
8d0588_2017-07,0.6746098836707558
8d0588_2020-08,0.5785295685937729
8d0588_2023-07,0.23185802354772048
8d0588_2024-01,0.3505352268888503
0cecbd_2021-02,0.2667590709050564
439fde_2015-02,0.3045964770479105
87cfea_2018-02,0.2687413364826317
0874ee_2019-02,0.21852372019794233
8d0588_2023-05,0.6710490623537705
99c11c_2022-05,0.47563492302745464
8d0588_2022-04,0.5491107504442221
b0ff51_2019-10,0.2179488569051133
b0ff51_2022-09,0.1906169228661421
99c11c_2017-05,0.6170807973116135
b0ff51_2016-05,0.5913579455378246
b416b1_2014-12,0.21106012066566154
8005b9_2015-03,0.18067370486238143
8d0588_2015-05,0.37288123355418656
8d0588_2018-02,0.48144269830318454
b59bc0_2021-03,0.707182221914148
b59bc0_2022-06,0.2902415805808613
99c11c_2018-04,0.3237661181146817
8d0588_2020-12,0.41509276427173925
0cecbd_2019-07,0.18594308429167353
b0ff51_2024-04,0.6251746695024343
8d0588_2015-04,0.511421289878883
8d0588_2019-04,0.27220372881158617
b59bc0_2023-09,0.23544967625574226
439fde_2022-07,0.738499802338679
8d0588_2014-05,0.348935951504726
8d0588_2023-02,0.3992317390410546
c3a69f_2023-06,0.4869129442519343
b416b1_2019-02,0.17719585192738566
8d0588_2025-03,0.46271893962982535
b0ff51_2017-01,0.3458909909289519
b0ff51_2018-11,0.43452288080710233
0cecbd_2023-03,0.24593928161992235
74b7d1_2017-04,0.7715949715933142
b416b1_2019-09,0.298643171736359
b416b1_2022-03,0.1754927676909706
b59bc0_2017-05,0.3635198976448275
0cecbd_2024-09,0.2591042847113728
34889b_2025-04,0.7627153875075181
8d0588_2018-07,0.373881694374977
8d0588_2020-11,0.3139886418376513
b59bc0_2016-05,0.2309395718422885
b0ff51_2021-08,0.4303876846128161
b0ff51_2022-10,0.3327552233770744
c3a69f_2020-11,0.7254208239329297
8d0588_2019-01,0.37978442622524644
77e86b_2014-08,0.5530706500237338
b0ff51_2016-11,0.35090898719193325
0874ee_2021-05,0.7975549505482296
b0ff51_2021-10,0.6465829954007766
87cfea_2017-12,0.7020307820384344
99c11c_2017-06,0.2558951336759227
74b7d1_2019-07,0.46073623459149404
fc77d0_2022-04,0.18119865773838187
87cfea_2017-08,0.4022410480524151
fc77d0_2019-12,0.8007506853982976
83894c_2016-08,0.22965440381042174
87cfea_2017-05,0.6953541313030317
87cfea_2017-04,0.6948525460590863
b416b1_2025-09,0.749418618852187
14fe3a_2022-08,0.6509262900391086
8b98f3_2024-07,0.5217330413579767
fc77d0_2023-09,0.21776682684047324
a42d13_2022-03,0.3505335578209742
9af74c_2016-05,0.591728761981061
7199cf_2024-09,0.35396517426524954
fb737b_2023-12,0.43284693874872315
f461d4_2020-08,0.2555036017521367
a25664_2023-06,0.20949836818307496
fc77d0_2022-07,0.3347923219716831
fc77d0_2024-09,0.2534128532108834
1822ea_2023-12,0.4589992331378546
77b3b9_2025-05,0.6142317981099328
8b98f3_2024-09,0.5244771743479235
4fb2d3_2023-04,0.17567783778183826
6224d0_2022-08,0.20314371267595116
fc77d0_2024-08,0.24111468703026828
265164_2023-07,0.20462443479706574
6f5e2b_2022-04,0.26061221437462
6224d0_2025-06,0.3922129195968912
a42d13_2022-04,0.35223147799088766
9af74c_2025-07,0.5440662261660567
987bc1_2019-09,0.18241381648621363
175155_2024-05,0.18154586910108533
a42d13_2020-12,0.3505335578209742
4fb2d3_2017-05,0.7905574549074028
1698cf_2025-05,0.21318839809715673
6f5e2b_2023-11,0.32969270327065636
a25664_2023-08,0.21746177483163764
987bc1_2022-08,0.19410724411339825
fc77d0_2023-10,0.7958073255912066
92dcdd_2021-12,0.2260195539650236
1698cf_2023-01,0.23697412156345968
f461d4_2019-03,0.23879719911462288
6838b9_2017-12,0.7731066886817598
90abb1_2023-03,0.3875846401541649
7199cf_2024-07,0.5070925562127856
7199cf_2025-01,0.7021389071314786
259a19_2014-10,0.1932350123805803
92dcdd_2022-10,0.3535486247612474
ab32d7_2024-11,0.25349536373945847
022433_2025-01,0.26080358034483764
829a72_2015-12,0.6505522045884394
987bc1_2021-01,0.557917371984804
987bc1_2021-08,0.2632992442457103
175155_2022-07,0.21779814879964982
259a19_2021-01,0.7249698606222952
1bdb97_2022-01,0.3283631398015506
c3a69f_2015-01,0.2510397969070454
c0f884_2025-08,0.3835268296366818
1698cf_2020-11,0.3451406989264138
259a19_2019-07,0.24859238208545173
8b98f3_2024-04,0.2631736324598806
5ecf9b_2025-02,0.2982604905672036
0874ee_2015-02,0.2348807530167602
14fe3a_2023-01,0.6684673826858805
1b9e65_2024-01,0.3741802831471502
fc77d0_2022-09,0.19925719504459188
4fb2d3_2025-02,0.3392532154072906
7199cf_2023-11,0.20458270829260422
6224d0_2019-09,0.17818545928419988
c3a69f_2021-07,0.7227331933031887
0e8d73_2024-06,0.6004135569280779
532867_2024-05,0.17963640738172487
439fde_2019-04,0.29599011832949407
6f5e2b_2020-09,0.21372921453184382
5ecf9b_2025-03,0.4765253602660236
0874ee_2019-09,0.23262520172805062
6838b9_2018-10,0.3284700248389981
9af74c_2023-02,0.18668727984367983
4fb2d3_2019-11,0.5234074352717576
1698cf_2021-12,0.48365053882582654
259a19_2020-10,0.3765901601568682
8b98f3_2025-07,0.6462780597686766
fc77d0_2017-02,0.495509986077676
6838b9_2018-02,0.2466294025147131
a42d13_2020-09,0.35223147799088766
b08ec1_2015-01,0.17314560852389302
fb737b_2024-05,0.40197054789012243
6f5e2b_2019-03,0.176549668008662
e60b65_2025-05,0.23704663684871372
fc77d0_2023-01,0.3523238460169832
265164_2023-12,0.17830925716293508
fb737b_2024-12,0.203321799170411
f461d4_2022-12,0.2431184629593393
4fb2d3_2022-10,0.19837059592266487
a42d13_2021-03,0.3505335578209742
fb737b_2022-01,0.7945975783966702
a25664_2016-09,0.731161764342207
ab32d7_2024-01,0.3239489682086934
bc4c03_2022-01,0.34676189228438464
532867_2024-08,0.2249690444019219
987bc1_2021-09,0.4280912631551237
34889b_2014-12,0.17773172492850495
987bc1_2021-05,0.24517414095922313
6224d0_2021-09,0.5321522217411498
5a0174_2025-06,0.7457943222461096
0874ee_2017-05,0.4931339973775496
4fb2d3_2025-05,0.2516732023508599
6224d0_2023-07,0.19540021271010816
0e8d73_2025-08,0.34490981659694014
34889b_2015-02,0.17428264075632033
265164_2025-06,0.2358535115851658
6224d0_2020-10,0.4553566878877174
f461d4_2023-08,0.3219629177122338
a25664_2016-10,0.6998812879155398
fc77d0_2022-05,0.20467912582760844
6838b9_2025-03,0.3707053371027779
532867_2025-05,0.18809650066349198
4718d7_2022-07,0.26450832279000747
92dcdd_2024-03,0.21424399066685745
0874ee_2018-12,0.45483917140033253
6838b9_2024-05,0.21894664961772178
987bc1_2015-04,0.18244893410699686
4fb2d3_2025-07,0.19712072782526818
6224d0_2024-05,0.18928827081460958
6224d0_2025-01,0.4995418491868445
4718d7_2022-06,0.3145902054881722
8fabe0_2014-07,0.19097617669899955
948a11_2022-10,0.18560319311513135
1822ea_2021-09,0.758050057480202
bf6f0d_2017-08,0.22055773014721397
0e8d73_2024-12,0.23601982862839138
bf6f0d_2025-02,0.24059055099524346
1822ea_2022-05,0.2548140139531673
92dcdd_2019-02,0.1872940831234618
e7a56d_2014-06,0.26817584951141515
b08ec1_2022-03,0.5467279102575588
77b3b9_2023-12,0.8024857781333878
6838b9_2025-07,0.33504496900749803
6838b9_2025-05,0.25142132255695326
8005b9_2021-11,0.20448528488383727
f4d28d_2025-08,0.6869311187415441
375f2e_2018-04,0.18272941182759284
bf6f0d_2023-05,0.27374289973088656
4f2b6b_2023-04,0.3805582888801413
731908_2020-11,0.3329230661479391
9befc8_2023-06,0.1853437353155016
1822ea_2021-11,0.650282796741386
b08ec1_2023-04,0.24703367020596842
424c1b_2024-11,0.23511563590343237
77b3b9_2023-03,0.46526050005997516
b416b1_2023-12,0.17731626672924383
b416b1_2024-06,0.40935712277963104
a25664_2023-11,0.20267655597054385
4f2b6b_2024-01,0.3443594407782729
fb34b4_2023-03,0.7753984808165316
9befc8_2023-03,0.18104081122860363
77b3b9_2023-06,0.5669375558381379
bc4c03_2014-06,0.18209794727463866
4fb2d3_2014-10,0.19056649671486942
948a11_2023-02,0.6185760214397021
a25664_2020-12,0.5649538881048418
90abb1_2024-01,0.27099988632229766
90abb1_2015-04,0.5824430568467138
90abb1_2024-04,0.37605701538911535
77b3b9_2024-06,0.6117380690808882
b08ec1_2023-03,0.20869080135641785
1822ea_2020-08,0.70345242349655
9af74c_2023-03,0.3543006368789345
77b3b9_2024-10,0.3594110221687873
34889b_2015-04,0.48996529145458023
948a11_2024-02,0.7829097739842353
c48018_2017-05,0.6671058722787769
92dcdd_2024-11,0.5817920528407065
6224d0_2014-11,0.17943097881399764
948a11_2022-02,0.17871172644505995
531356_2023-01,0.24223757086546258
e2314a_2015-05,0.21507926041528855
e2314a_2015-09,0.3103693200159606
60a0fd_2015-03,0.601522535184994
7a007d_2025-03,0.18152194648133943
e2314a_2017-04,0.18314051608351878
e2314a_2025-07,0.5496179079026613
0cecbd_2021-05,0.24256820012531763
0cecbd_2024-11,0.6610112924671563
531356_2015-08,0.6334895804912916
06534f_2019-07,0.2593603886213668
0cecbd_2017-02,0.3973751188611936
0cecbd_2025-08,0.19968173371703157
3db670_2024-09,0.704456760738511
b1de95_2023-07,0.7696998859214108
b1de95_2025-01,0.7947833788166436
db5006_2016-08,0.4896991492996234
db5006_2024-08,0.3421258414530789
531356_2019-12,0.23183710724034662
e83244_2024-07,0.46392669592762126
b1de95_2023-03,0.7074946070834026
b1de95_2025-06,0.42667817708323613
1b9e65_2019-05,0.3565675531799214
e83244_2025-05,0.5254729629298701
b1de95_2025-03,0.7506212947290893
1b9e65_2022-01,0.5663313901635566
e2314a_2016-06,0.18789414277040975
e2314a_2023-03,0.18466774702394625
e83244_2022-10,0.5562307859341786
0cecbd_2022-08,0.2999604686729781
0cecbd_2023-02,0.21528556174196764
e83244_2024-11,0.30046688677178474
06534f_2017-04,0.6885811385609456
0cecbd_2024-12,0.20654280227354344
f4604d_2019-04,0.2176930423435257
e83244_2015-01,0.361008178610528
0cecbd_2025-02,0.23556728259332993
b73bc7_2015-01,0.47867150643723166
1b9e65_2025-07,0.20030097881937556
531356_2023-10,0.4193302359639538
e2314a_2014-11,0.20045303660408456
e2314a_2019-02,0.6682513093774489
e83244_2024-10,0.4538948169207814
531356_2020-02,0.5548522282285748
531356_2020-06,0.8110500455822054
db5006_2020-06,0.604580131879983
175155_2020-04,0.20841965408386703
e2314a_2015-04,0.17778577457787567
e83244_2023-09,0.23002246851066546
0cecbd_2017-04,0.5363865592765186
29849f_2024-12,0.31741887369075616
f4604d_2023-11,0.3640501023095309
987bc1_2016-04,0.4418849432228983
531356_2018-12,0.3518051395024119
e2314a_2021-01,0.3458230443279523
60a0fd_2014-06,0.19970176906662634
3db670_2024-08,0.76220800843126
db5006_2024-01,0.5533780763526008
29849f_2024-01,0.3845310728194772
e2314a_2019-12,0.2840508633041914
e2314a_2025-08,0.31796623720089706
e83244_2023-02,0.18190232490917477
e83244_2024-04,0.3218435829741479
06534f_2019-01,0.33508001637179763
0cecbd_2021-07,0.29568597056556345
1b9e65_2019-07,0.30617751273115734
1b9e65_2021-07,0.3096993859043108
f4604d_2016-08,0.4119701723887931
e83244_2015-04,0.17889160270422005
0cecbd_2023-10,0.24940836057372984
b1de95_2019-11,0.2540360600069664
db5006_2019-04,0.5058151921351515
b73bc7_2018-05,0.1954150613538474
1b9e65_2017-10,0.4631552529590205
1b9e65_2022-02,0.6741686617822481
e2314a_2016-04,0.22966667751746145
0cecbd_2015-03,0.18106570532037009
0cecbd_2025-05,0.22960850451310252
1b9e65_2018-09,0.4649971697148043
1b9e65_2019-01,0.3381195228021895
1b9e65_2020-12,0.6232540799817574
f4604d_2019-10,0.2785492313187526
db5006_2018-04,0.18393556878947692
db5006_2025-06,0.23288285044943233
0cecbd_2015-06,0.17867600020484092
e83244_2018-05,0.1813705328263473
531356_2022-11,0.2389120052197579
545d15_2019-07,0.3925645230530426
e2314a_2025-01,0.1822099651491313
e2314a_2025-04,0.3113643288786475
e83244_2016-03,0.17679833907848605
f4604d_2021-08,0.8004382686130416
e83244_2024-02,0.2304898290327997
06534f_2023-12,0.6764785693726618
29849f_2022-07,0.6945525783902153
db5006_2017-02,0.7038060702805014
531356_2024-02,0.343993844280054
545d15_2018-12,0.17220761928549538
531356_2023-06,0.45878499202261125
e2314a_2019-03,0.20172716845639563
e83244_2018-03,0.18490912649425661
e3af0e_2018-04,0.22485182265924344
0cecbd_2015-05,0.1779524071189909
e83244_2025-03,0.2617266456938971
3db670_2019-11,0.5453182896826076
b1de95_2019-10,0.8062094791719254
db5006_2022-08,0.5233695080720259
f4604d_2024-01,0.5243129061843101
f4604d_2024-07,0.5086628050711588
531356_2023-12,0.5535903972404412
e2314a_2024-03,0.1921110018985162
60a0fd_2018-02,0.42020919872567025
29849f_2020-01,0.6240558989146184
f4604d_2024-06,0.7748260272695402
175155_2021-04,0.24954253210517346
7a007d_2024-06,0.18111959794872018
29849f_2017-03,0.461786977763815
06534f_2019-02,0.43949943224418886
829a72_2016-03,0.45624657222342363
0cecbd_2019-04,0.17694063590143513
b73bc7_2018-03,0.5736080493752791
c580aa_2018-06,0.27292126803993627
3a13b3_2019-09,0.7020207236987934
175155_2017-11,0.5802805580321835
022433_2021-03,0.6064899129776996
af81b0_2020-03,0.18871576143105478
b1de95_2018-12,0.4840546505254978
8fb6f0_2018-05,0.1893493434889058
6da35b_2025-03,0.51409344802097
29849f_2014-12,0.1920689910267265
29849f_2017-05,0.415479127648939
af81b0_2020-01,0.5494551473892783
c580aa_2019-11,0.7427473832513845
7a007d_2014-09,0.5157140088385178
98a151_2015-10,0.4788971403858665
e361b7_2020-07,0.7810555353413413
8fb6f0_2018-02,0.19975023438262327
c580aa_2019-03,0.5195474889458142
f4604d_2018-02,0.31784190738135953
f1543b_2019-11,0.25551310614965556
894378_2020-05,0.7888706162862624
e3af0e_2019-03,0.2523290458054217
7bf5c9_2023-10,0.37316956261870277
7bf5c9_2023-11,0.20119437849413316
3db670_2019-04,0.6631196299934166
6da35b_2023-11,0.3277991408063928
db5006_2015-10,0.6389271643900271
022433_2022-12,0.6648586397974107
175155_2018-09,0.1906168909409772
f4604d_2014-11,0.2728632341240139
af81b0_2015-01,0.2612251468501864
d86999_2020-06,0.657364453537393
7a007d_2015-01,0.18484663601783896
c580aa_2018-12,0.32687662597212
1b9e65_2017-07,0.5760137215251957
f4604d_2025-02,0.5363234006254146
af81b0_2015-02,0.22316112653955197
c580aa_2015-07,0.26600200929115514
b1de95_2019-06,0.6411637892810625
022433_2020-11,0.5936873475450385
545d15_2021-06,0.3309617077646186
f4604d_2025-05,0.7163630527703224
db5006_2020-10,0.5019428784438856
b08ec1_2021-10,0.7079721794555638
f4d28d_2024-10,0.33211358752214276
77e86b_2015-06,0.6749444723860675
375f2e_2019-05,0.5047264004977909
c580aa_2019-08,0.27831249027855376
b1de95_2023-04,0.8188258170867462
e60b65_2014-07,0.3024676042428612
b73bc7_2024-04,0.4734708378563801
531356_2021-10,0.8028404247279839
99c11c_2017-10,0.7007103700197399
29849f_2015-04,0.2863622187459649
e2314a_2022-11,0.7748071984935617
83894c_2025-06,0.7368380558259537
90abb1_2023-06,0.44653745427669395
bf6f0d_2015-02,0.30733276549136185
af81b0_2014-07,0.18145655386663728
a97df3_2025-05,0.4731227601395324
90abb1_2023-01,0.5446930356845108
b416b1_2017-10,0.41358766502423794
531356_2017-07,0.6109064175143445
531356_2019-01,0.24888930327799005
439fde_2015-03,0.43465339626757943
77e86b_2015-10,0.5136897964558559
1b9e65_2015-08,0.7886166068929705
8005b9_2020-10,0.5524551079003762
bf6f0d_2018-10,0.18481370434332253
532867_2024-01,0.6431938719089368
e83244_2020-12,0.7828645853738025
1822ea_2016-09,0.5468401125782096
375f2e_2020-08,0.6794691763809624
77b3b9_2024-02,0.18392266479418626
bf6f0d_2021-08,0.17921069526671823
bf6f0d_2024-12,0.20891474399928925
af81b0_2019-03,0.23042230470171282
987bc1_2022-06,0.24194589792554164
6838b9_2025-01,0.41900025620210857
c580aa_2019-07,0.4785706076765872
f4604d_2025-04,0.7170102631234909
dc4b5e_2022-07,0.3192601619428182
531356_2020-07,0.8211528647573282
c3a69f_2017-02,0.7235494574152495
a97df3_2022-07,0.36938519817526827
fb737b_2022-12,0.26270099976100303
4ee2d2_2025-06,0.28248201856283767
29849f_2016-11,0.22745942286712414
3db670_2025-03,0.7809824343437752
f4d28d_2024-09,0.4481871423737358
3a13b3_2018-06,0.4194738709493565
f4604d_2016-05,0.3630930460906767
f4604d_2021-05,0.7876419066849667
af81b0_2019-07,0.18013479297290108
a97df3_2022-09,0.5718113495263146
bf6f0d_2017-02,0.3032690787557365
99c11c_2017-08,0.35929268738204756
f4604d_2022-03,0.6578607490632363
e2314a_2020-11,0.7319982768373624
a97df3_2024-10,0.2385026033581185
9af74c_2014-11,0.23129355015190348
bf6f0d_2021-06,0.4293289004375301
af81b0_2019-12,0.26412746481874994
b416b1_2021-11,0.20472675712627644
f4604d_2015-05,0.5417516584477999
bf6f0d_2021-10,0.24144362892543128
bf6f0d_2024-07,0.2627365113867729
1b9e65_2016-06,0.7848643805793101
8b98f3_2021-11,0.1886897426423884
c580aa_2024-08,0.7678124679437522
1bdb97_2024-09,0.30803292349802114
bc4c03_2016-10,0.6880244627145676
bf6f0d_2019-09,0.1870660733178837
b73bc7_2019-10,0.7953683446922399
531356_2021-07,0.6020251983750062
e83244_2021-03,0.6862676665871398
1bdb97_2022-05,0.7657216101580844
1bdb97_2022-10,0.2000008631930248
7199cf_2023-10,0.31550314022782666
b644ac_2024-06,0.6763880813561298
88a9a6_2018-03,0.23288067545690244
4fb2d3_2017-01,0.23656794057705244
1bdb97_2022-12,0.19052547661631855
60a0fd_2023-01,0.2901181513177188
88a9a6_2020-10,0.4924793526421286
1bdb97_2021-08,0.8059541254324575
db4cd8_2017-02,0.30218803551304807
293190_2026-04,0.7968041648422146
88a9a6_2018-05,0.5998753074701506
b08ec1_2017-01,0.2258225748427698
a25664_2022-09,0.1799356437575012
9b46ed_2016-05,0.652840107310993
f461d4_2020-03,0.3393370769374205
293190_2019-07,0.6785964866413263
98a151_2024-04,0.22802018497617843
9b46ed_2018-05,0.47767135516620857
293190_2020-07,0.28103914498646015
74fb1f_2019-11,0.2187411994557193
88a9a6_2017-04,0.8070175970108104
4fb2d3_2020-07,0.24803030833056172
829a72_2018-07,0.5811209102250793
9b46ed_2016-12,0.4174937176638297
293190_2024-09,0.7943742620043299
e2e0ce_2017-10,0.7608352239123612
cd0e60_2019-12,0.18962976268531961
e3af0e_2021-12,0.5166631276475527
9b46ed_2019-10,0.5101992183605761
f500c5_2021-12,0.29197985364015683
e7a56d_2017-06,0.42251801778842407
b1de95_2024-09,0.5860323983718292
4f2b6b_2023-02,0.3015446511314293
f500c5_2018-05,0.3608222743731847
9b46ed_2015-05,0.6376534713509314
1bdb97_2023-03,0.8141793102788043
293190_2020-04,0.5786106328791926
c5df88_2023-11,0.7957741634371459
a25664_2025-04,0.2008708501449033
60a0fd_2020-10,0.7193676377771315
1bdb97_2023-01,0.7252027423914588
cd0e60_2021-03,0.6947026978967153
e3af0e_2021-10,0.7344692993328996
2ab8ad_2019-11,0.37133323675433677
74fb1f_2020-06,0.5487417152277747
88a9a6_2019-11,0.2948229230068308
b644ac_2024-09,0.4766544320620434
f1543b_2019-09,0.20295599040468115
9b46ed_2016-02,0.5335115072144219
3a13b3_2015-07,0.6209530988757175
3a13b3_2015-08,0.6905327661017627
92dcdd_2024-05,0.19143677982448054
9b46ed_2019-11,0.39411285553179864
2ab8ad_2016-09,0.6266641388738154
fc77d0_2019-11,0.38126854108036523
6838b9_2022-02,0.18469815984419466
74fb1f_2020-05,0.7575468170936231
b08ec1_2016-08,0.2258225748427698
cd0e60_2020-05,0.722130844272221
88a9a6_2020-04,0.3982616391238355
293190_2016-11,0.4839864493970586
e2e0ce_2016-12,0.45016404387579173
c5df88_2020-11,0.8022732744885037
74fb1f_2024-12,0.45053746400786254
92dcdd_2019-08,0.2465789532045429
92dcdd_2025-03,0.18463161645326198
829a72_2020-03,0.76795136359756
9b46ed_2018-04,0.3495695007560116
9b46ed_2024-06,0.812385331115161
293190_2015-09,0.7487699235981995
c5df88_2025-04,0.7957741634371459
7aa803_2018-05,0.3639927005818845
e3af0e_2022-05,0.3043661266439067
7199cf_2024-08,0.4231885313539322
f500c5_2014-05,0.41048914071852005
f500c5_2014-07,0.4602931899386314
a97df3_2019-08,0.24997770070971975
f500c5_2015-01,0.20904619621042758
f500c5_2022-12,0.20866642339801222
f500c5_2015-02,0.1925777536515386
5ecf9b_2024-09,0.7546333533456411
1996b0_2023-10,0.6516392483156077
a97df3_2019-11,0.33756814875403185
829a72_2019-11,0.47634967714641246
7bf5c9_2021-12,0.2227794246531906
cd0e60_2021-09,0.7831950527657234
06534f_2014-11,0.19884129566590986
7bf5c9_2017-06,0.49497328373824995
e2314a_2020-09,0.3821497162347989
b07578_2024-09,0.5943969158175799
b1de95_2017-04,0.7680544240429782
06534f_2016-09,0.502826828328409
92dcdd_2023-05,0.32162845403119755
fb737b_2020-09,0.6535659310022647
fc77d0_2014-08,0.1905868732297439
b1de95_2017-05,0.7618439465125166
3db670_2025-07,0.42589962630666633
b73bc7_2014-07,0.35318715479344426
cd0e60_2021-06,0.2246962608344288
e83244_2022-04,0.36147253110816524
3db670_2019-07,0.7084132076119418
7bf5c9_2016-04,0.36707652094712007
fb737b_2020-10,0.7166116586663449
4f2b6b_2025-05,0.22933284486987016
6838b9_2025-04,0.18937176884574675
731908_2016-07,0.18704634741688136
e2314a_2024-02,0.7245225000583935
7a007d_2017-04,0.32692178379227566
c580aa_2025-04,0.4406032030128985
a25664_2021-05,0.6631087218105012
0e8d73_2025-05,0.2190722896463085
e3af0e_2015-10,0.5782825481786723
f1543b_2022-01,0.2215711266470853
88a9a6_2015-09,0.6209764004178634
06534f_2015-11,0.6570613415196915
bc4c03_2015-12,0.5483347432725372
06534f_2015-10,0.6103653083738612
af81b0_2018-11,0.30127331369118854
e7a56d_2017-01,0.5591416105321307
6838b9_2020-10,0.6055820484169299
5ecf9b_2025-09,0.488668720806449
bc4c03_2018-03,0.7076278923014748
60a0fd_2016-05,0.4011595089512416
f500c5_2017-06,0.3881000242165246
c580aa_2018-01,0.5538804799576742
d59611_2016-02,0.24473963166543228
18defd_2015-06,0.20875655466208043
74b7d1_2017-11,0.23124164139322315
7a007d_2020-02,0.6932035112098921
c580aa_2017-06,0.39238539134240524
92dcdd_2021-02,0.6373812593315894
259a19_2022-03,0.17953690482882198
edda84_2025-02,0.8161563567106969
1996b0_2025-07,0.7544009465449987
18defd_2016-11,0.49387490137334267
7a007d_2021-04,0.718516323464168
7a007d_2023-11,0.718516323464168
db4cd8_2021-01,0.31606967055232493
1996b0_2025-06,0.6353170345246738
d59611_2015-12,0.1714612027848231
e7a56d_2016-11,0.34770864810059565
9af74c_2017-10,0.5206121527627368
4718d7_2016-12,0.2041512628724056
5a0174_2024-02,0.8222588014023285
18defd_2016-09,0.49387490137334267
780a0b_2018-02,0.207095107497407
5a0174_2022-04,0.2055289549301051
8fabe0_2022-02,0.1866186003582392
98a151_2016-05,0.1851323179050372
7a007d_2020-07,0.7051593775227432
3db670_2016-05,0.7489348274763911
f461d4_2025-08,0.483904523859073
90abb1_2020-04,0.5109243165343915
8d0588_2020-04,0.6740193826853917
b0ff51_2022-01,0.672680947116924
6f5e2b_2018-10,0.23001991672833863
a42d13_2015-09,0.8014980714955862
bf6f0d_2017-07,0.46252365282734964
b0ff51_2017-10,0.5899470028080367
8d0588_2016-11,0.3917289815044235
b0ff51_2015-06,0.6865297219540902
8d0588_2016-06,0.3917289815044235
8d0588_2017-01,0.36733217976772053
a97df3_2022-04,0.7797800815345634
9af74c_2018-10,0.4519279943003953
74fb1f_2015-09,0.7538187822519393
4fb2d3_2017-08,0.4121501857777468
fb34b4_2022-11,0.5114555139073984
14fe3a_2015-10,0.36779482419607124
293190_2016-03,0.613606962063028
77e86b_2017-11,0.5496813668919154
a97df3_2023-01,0.29483840374918396
2ab8ad_2015-07,0.786597148708239
b1de95_2015-09,0.7127649918383463
a97df3_2021-12,0.7036887308829247
293190_2016-01,0.613606962063028
293190_2015-12,0.7924560212730256
9af74c_2020-05,0.8219840450779522
259a19_2021-04,0.7889940291839433
4fb2d3_2020-05,0.30606180509301095
fb34b4_2022-03,0.2610276587360536
77b3b9_2016-07,0.4652759896528676
77b3b9_2017-07,0.29452479808492205
1822ea_2020-10,0.8047192246081479
af81b0_2024-05,0.19373322720656844
f500c5_2019-08,0.21816141804756972
1bdb97_2021-07,0.7543667521456173
3a13b3_2019-08,0.6033080165842785
bf6f0d_2021-04,0.31583024501316637
fd589c_2020-08,0.7701680464799454
19fa84_2020-06,0.745153550530943
19fa84_2020-04,0.745153550530943
92dcdd_2020-04,0.197974043378199
c3a69f_2016-05,0.2723624223247492
19fa84_2020-05,0.7138044224281583
e4bc80_2018-09,0.7321850126052574
19fa84_2020-08,0.7138044224281583
2ab8ad_2015-11,0.2728485482319278
439fde_2015-08,0.5878999855241066
0ffc2d_2021-05,0.5653807195885425
3db670_2022-11,0.698637289239729
bf6f0d_2016-10,0.18849419308217677
9f1aa0_2015-10,0.25602683267605447
987bc1_2015-11,0.2529379629569561
34889b_2016-06,0.27351345174664454
3db670_2025-04,0.5273595347531013
c3a69f_2017-06,0.708685004099036
0ffc2d_2025-09,0.40116295815701264
4fb2d3_2017-06,0.7302014965721687
987bc1_2015-10,0.2303368230509928
3db670_2022-12,0.5817632666958235
6c1954_2020-07,0.7337414048034331
a25664_2015-06,0.34397238554178605
6838b9_2018-09,0.1898304417018702
4fb2d3_2017-03,0.5679591091188263
b416b1_2016-11,0.20934317504674266
e60b65_2020-10,0.4480085032445623
fc77d0_2016-05,0.7870976798479806
11f0e3_2014-11,0.21150076518102087
987bc1_2015-08,0.30457755332261477
e60b65_2021-04,0.4711901359071467
6224d0_2022-04,0.37673411400076884
e60b65_2021-09,0.4711901359071467
e60b65_2022-05,0.4480085032445623
4fb2d3_2021-03,0.3048500898719532
e60b65_2022-02,0.49501241218178593
b73bc7_2016-08,0.387296857050223
9befc8_2015-02,0.1788674244900658
175155_2016-05,0.7565284665461617
175155_2016-11,0.3976178107071937
06534f_2020-07,0.6766617610726099
0f9e86_2014-12,0.30088601612886107
0f9e86_2015-01,0.18900271232845706
6224d0_2016-12,0.47907196040146716
3a13b3_2017-04,0.22693584687091506
175155_2016-12,0.3659896094118827
6224d0_2017-12,0.323874073131737
a42d13_2015-12,0.19071766765139236
a42d13_2016-01,0.19071766765139236
6224d0_2018-08,0.263536258918413
f500c5_2015-07,0.2734720835500609
1698cf_2016-12,0.2330242433249597
d59611_2021-03,0.19373057300959357
1698cf_2016-11,0.24513054528751557
db4cd8_2017-01,0.21638296550106767
6f5e2b_2021-03,0.25101342805978827
8d0588_2015-08,0.45091524616590356
bc4c03_2016-09,0.36796986842527374
14fe3a_2015-08,0.30995707397778
4718d7_2018-11,0.20835296151385094
a25664_2016-04,0.3529102072057969
db4cd8_2021-02,0.2745705394433161
af81b0_2018-09,0.6437561416752973
3a13b3_2016-05,0.30579580885287305
90abb1_2017-01,0.7531650817925981
90abb1_2025-09,0.26031753068226243
bf6f0d_2017-10,0.5718026348277355
7a007d_2016-04,0.5409343810045962
c580aa_2017-04,0.5426940931064526
f500c5_2017-10,0.5310466405342841
77b3b9_2017-03,0.7958126572758951
a42d13_2017-10,0.5901395342019193
1b9e65_2016-12,0.72199991661992
1b9e65_2016-08,0.72199991661992
1b9e65_2016-11,0.7057464913036974
1b9e65_2016-09,0.7057464913036974
bc4c03_2016-05,0.3443470824007207
3db670_2021-02,0.8187518790685762
b1de95_2023-08,0.7964268309887854
3db670_2020-07,0.6317988820909528
b73bc7_2016-06,0.6372339229562003
6f5e2b_2016-09,0.6146803065852301
259a19_2015-09,0.43529996548280375
8005b9_2015-11,0.6674276506370272
77b3b9_2016-11,0.18467838253699695
14fe3a_2016-02,0.23974684009116248
bf6f0d_2018-11,0.19805637927332284
14fe3a_2016-01,0.2898186133921855
14fe3a_2016-03,0.24758742220727276
7a007d_2017-03,0.2813412762252933
f1543b_2016-10,0.5504859221083801
dc4b5e_2019-04,0.6652980008910604
f1543b_2017-01,0.20857744564604314
8e41cf_2020-05,0.4733152358373857
74fb1f_2017-07,0.32603024735608943
6224d0_2017-07,0.41350499624050807
b416b1_2018-07,0.7700163401908038
b416b1_2018-09,0.36999764575478056
b73bc7_2024-05,0.7739645565225739
19fa84_2015-11,0.7148220594517108
7bf5c9_2018-09,0.4090914129714294
7bf5c9_2018-08,0.33467885745329906
98a151_2017-07,0.5464041439225729
829a72_2017-06,0.5300820257620942
b1de95_2018-02,0.2937265564254462
c48018_2015-06,0.6090229874563591
60a0fd_2017-10,0.19509891827284648
60a0fd_2018-10,0.6084982521633233
98a151_2020-09,0.729222707490139
60a0fd_2017-08,0.7643889280789435
98a151_2017-01,0.5450871143857656
7bf5c9_2025-11,0.3017366906481261
7bf5c9_2017-01,0.35891887404432243
98a151_2017-11,0.7046061487861829
3a13b3_2017-11,0.49365467763826504
b08ec1_2016-02,0.25764242142050353
545d15_2023-10,0.3584034567300921
545d15_2021-11,0.3657715615107371
545d15_2025-07,0.3584034567300921
545d15_2022-11,0.3657715615107371
545d15_2023-04,0.3657715615107371
545d15_2021-09,0.3657715615107371
545d15_2023-02,0.4850757339342609
c580aa_2017-05,0.6905010899441661
545d15_2022-06,0.3657715615107371
545d15_2024-08,0.3584034567300921
92dcdd_2018-11,0.5240404970574777
9b3bd5_2025-02,0.7334770156451084
77e86b_2016-06,0.48052453904005377
7bf5c9_2016-01,0.22931414491851884
a42d13_2017-12,0.397660334473718
7bf5c9_2016-06,0.7070561230813863
7bf5c9_2017-12,0.19278210198089668
7bf5c9_2017-07,0.5258206618834189
3a13b3_2015-05,0.45636467611784043
531356_2018-08,0.4662257585680698
c5816f_2016-12,0.7950712663489803
3a13b3_2021-08,0.4971415290318607
c580aa_2017-12,0.26186939262015363
8ec563_2016-11,0.8159132176045851
06534f_2017-08,0.7612402428298863
f4604d_2017-03,0.5284761020040384
3db670_2021-03,0.777162972547709
b73bc7_2015-05,0.32995140160776826
c5816f_2020-07,0.7982079204306363
c580aa_2016-08,0.18577937136504596
c580aa_2020-09,0.7935479089933571
b1de95_2022-02,0.7498684830253529
b1de95_2021-12,0.35811580054413533
6224d0_2015-11,0.5938377259618962
db5006_2017-09,0.7215136075727183
6224d0_2016-04,0.5938377259618962
18defd_2017-08,0.3981925810530612
06534f_2018-10,0.812868807418727
0e8d73_2023-04,0.8211435314171531
af81b0_2016-11,0.206519302125104
f1543b_2016-07,0.6231216978234398
a42d13_2018-07,0.27537921852869457
cd0e60_2023-09,0.7357237842276061
cd0e60_2023-12,0.726029442005167
cd0e60_2024-08,0.726029442005167
0cecbd_2015-08,0.34040505165406215
7aa803_2017-05,0.24740150558048118
34889b_2021-03,0.4899363690512127
8005b9_2016-04,0.66265467782116
0874ee_2017-08,0.2381740042061419
8005b9_2016-07,0.6516172263528618
b08ec1_2017-03,0.8011799984298505
b08ec1_2017-05,0.33450886113569095
74b7d1_2015-06,0.7618199448049696
8fabe0_2015-08,0.310211849332418
e60b65_2017-09,0.48050969222930073
77e86b_2017-05,0.7553859235110911
fc77d0_2016-07,0.6790019306360516
c5df88_2017-10,0.6983834679423354
4fb2d3_2015-10,0.24039900718337134
4fb2d3_2015-09,0.3487968029381863
4fb2d3_2015-07,0.3327858666296898
0e8d73_2023-02,0.8216890674179277
0874ee_2016-07,0.7130378316484136
dc4b5e_2021-11,0.8043022170464862
34889b_2018-08,0.20789562091945105
dc4b5e_2020-08,0.789754306445962
a97df3_2022-02,0.8170756745812969
9b46ed_2017-10,0.7915124623610029
b08ec1_2025-09,0.22600787957024493
b08ec1_2020-04,0.18092240589316586
a25664_2015-10,0.6901657826320331
b08ec1_2020-05,0.18142286774760513
34889b_2020-09,0.2027929414788498
8005b9_2015-05,0.2505986824734921
a97df3_2021-07,0.4132463852600011
74b7d1_2016-05,0.4541795330039631
a97df3_2021-09,0.44776081262350437
3a13b3_2022-02,0.7513308405111591
af81b0_2017-10,0.6649951197947548
a97df3_2020-05,0.4132463852600011
99c11c_2025-07,0.4407716448759917
a97df3_2021-01,0.4132463852600011
99c11c_2018-10,0.4910567313643096
3a13b3_2022-10,0.7999870011574036
3db670_2016-08,0.736071481357851
3db670_2017-10,0.6840157038013861
b73bc7_2017-07,0.4003674149073572
894378_2018-08,0.5861663938749853
f461d4_2018-08,0.23204874151993113
8ec563_2020-05,0.21863697482772104
e4bc80_2018-07,0.7746509277652269
0cecbd_2020-06,0.2970266243520002
0cecbd_2020-08,0.30257271466657454
60a0fd_2018-09,0.6945206344191203
0cecbd_2020-07,0.30257271466657454
e7a56d_2015-12,0.6117496091950598
b0ff51_2015-11,0.7519625782749457
b73bc7_2021-02,0.33158166526440735
c580aa_2022-03,0.6862350436555046
c580aa_2022-06,0.7580385116598334
c580aa_2021-11,0.7582940728642112
06534f_2021-10,0.38639677518333404
b73bc7_2020-11,0.35687849422002343
06534f_2020-12,0.5719392907891612
b1de95_2022-09,0.43511878423216854
c580aa_2021-03,0.7456971228687498
af81b0_2022-08,0.7695543876334687
af81b0_2021-12,0.7695543876334687
af81b0_2021-06,0.7764289496818468
293190_2018-10,0.3830930658743827
e7a56d_2020-08,0.24212260202251326
5a0174_2018-09,0.23178421847271827
c48018_2022-08,0.2118805911143235
18defd_2020-06,0.20161693954249907
c48018_2020-11,0.20161693954249907
d59611_2016-07,0.29138553212109475
18defd_2021-02,0.21970774655576983
c48018_2021-10,0.2118805911143235
c48018_2023-01,0.2118805911143235
c48018_2018-08,0.3322635419405581
18defd_2021-10,0.2118805911143235
c48018_2022-12,0.2118805911143235
db4cd8_2016-07,0.2519710857612484
18defd_2020-07,0.2118805911143235
18defd_2021-03,0.2118805911143235
1698cf_2017-10,0.2567949569328649
c580aa_2015-11,0.18745380471740597
439fde_2022-08,0.4229662708771887
8fabe0_2020-04,0.2534593346866233
90abb1_2016-09,0.7151563551994425
829a72_2021-04,0.35316231628253536
60a0fd_2016-04,0.358181364591396
829a72_2016-08,0.38486692203498535
259a19_2017-11,0.27976665689171354
5a0174_2018-10,0.2220600953822663
60a0fd_2016-12,0.5543681170654315
60a0fd_2016-08,0.2025661349954893
8ec563_2017-09,0.27400648420682916
5a0174_2016-06,0.3029756851855382
77e86b_2017-07,0.7418259550467322
e3af0e_2016-02,0.6628252725344698
829a72_2016-10,0.38486692203498535
829a72_2021-01,0.31637136398638377
9af74c_2015-07,0.5344244554210713
e3af0e_2016-06,0.2482132480500189
4718d7_2017-12,0.3209852136210164
f461d4_2016-07,0.1971417168899968
e4bc80_2016-11,0.19843552820563293
db5006_2017-10,0.765157911025697
98a151_2020-04,0.6351229772354228
0f9e86_2020-05,0.6160847927311452
c48018_2015-08,0.5510349750549233
98a151_2016-07,0.6000884781221776
0f9e86_2020-04,0.6246271583409108
9af74c_2021-03,0.651917019870868
90abb1_2015-06,0.2636673628828814
fc77d0_2018-08,0.5589754161858845
90abb1_2018-07,0.27808553919606077
9af74c_2016-09,0.24287644251459276
9af74c_2017-01,0.2422406111072796
9af74c_2017-09,0.47223594366259347
fc77d0_2018-09,0.5739097622595086
9af74c_2016-07,0.2422406111072796
424c1b_2024-05,0.7628568160010537
77b3b9_2017-10,0.6204997942090331
b73bc7_2018-09,0.5094912981180462
77b3b9_2016-04,0.2644754797728745
bc4c03_2016-03,0.18558409305580548
439fde_2020-08,0.5343900771452201
439fde_2021-08,0.6188106519566919
7bf5c9_2015-10,0.7541505322801205
6da35b_2025-09,0.27781774970802764
99c11c_2016-06,0.7284254015518135
c3a69f_2020-04,0.33171064619431573
439fde_2022-11,0.4247890973860401
99c11c_2016-11,0.8040381831576873
439fde_2023-02,0.49839246613808735
87cfea_2016-03,0.3927113850771392
c3a69f_2016-03,0.39076375511583367
7a007d_2016-06,0.7955736432776367
f4604d_2017-09,0.28746566332402235
7a007d_2016-12,0.7932887984022694
0cecbd_2017-03,0.2721155741555995
b73bc7_2017-03,0.732453320264608
74fb1f_2018-11,0.7293576356198375
e3af0e_2015-12,0.3162134530442282
b1de95_2018-07,0.4691362791269166
3db670_2016-11,0.19430182164833962
259a19_2015-10,0.5254803513035096
b73bc7_2023-12,0.5132013090627012
06534f_2021-11,0.5341949484784696
1698cf_2016-06,0.3580658341048668
8d0588_2016-01,0.2919415106832208
8d0588_2016-04,0.4218953935079293
a42d13_2017-09,0.616909146915099
77e86b_2021-06,0.5762813175972651
77e86b_2020-11,0.5762813175972651
77e86b_2020-12,0.584453025343928
74b7d1_2016-09,0.6064442331066349
87cfea_2016-09,0.5398676184590193
77e86b_2021-10,0.584453025343928
987bc1_2016-10,0.8025934773771422
439fde_2018-09,0.41958973459800497
987bc1_2016-09,0.8079934405015903
8fabe0_2021-03,0.8151010636548326
83894c_2024-03,0.5759298761760097
513080_2025-09,0.6228991119177503
b416b1_2016-03,0.5065516036274941
b416b1_2016-02,0.5920945179351733
4718d7_2025-04,0.3531658928921776
fb737b_2023-10,0.7585024276697226
f461d4_2022-11,0.20435731453706016
f461d4_2023-12,0.8043676163224491
f461d4_2025-03,0.45781221577981795
d59611_2014-04,0.23706799200491407
90abb1_2022-04,0.25297822814366133
8005b9_2024-05,0.6036886516388809
b08ec1_2018-02,0.19932267629752717
92dcdd_2020-09,0.218915969935851
29849f_2019-11,0.18966236738440506
e2314a_2024-11,0.4619611806646155
6224d0_2020-02,0.193334248321211
e60b65_2022-10,0.4480085032445623
f461d4_2024-02,0.22946638642420067
a42d13_2017-02,0.6262747752093947
4fb2d3_2018-03,0.4835758033496115
92dcdd_2020-10,0.5538528831095263
731908_2019-02,0.23730328362578393
11f0e3_2016-01,0.21609387637323896
e427f8_2023-10,0.2021148202180098
9befc8_2021-10,0.17956583585139313
780a0b_2014-12,0.18893517265233717
780a0b_2016-03,0.20873825040958086
9cf1af_2023-11,0.321523013245306
9cf1af_2025-07,0.2084514533197673
532867_2024-11,0.18170413628665633
fb737b_2024-06,0.3223169702075527
1698cf_2025-04,0.3089391308343887
77b3b9_2023-01,0.22496212138389432
8005b9_2018-03,0.3681699085864352
fc77d0_2023-06,0.3499268576734029
375f2e_2023-09,0.23261111850158325
af81b0_2024-09,0.1938183563618328
545d15_2019-06,0.8127028564543742
e2314a_2024-06,0.38384004593121906
e83244_2015-06,0.25947709397958413
e60b65_2017-06,0.5116371981410275
a25664_2024-08,0.2711595244361899
1822ea_2025-05,0.3638523630408514
731908_2017-04,0.17941748769352658
731908_2021-11,0.18236140751291985
11f0e3_2022-01,0.23302215977763904
a97df3_2024-06,0.45025686531842285
6224d0_2019-02,0.17863065755895544
b416b1_2019-08,0.2988643056422492
bc4c03_2019-03,0.21826144474040085
14fe3a_2023-08,0.5386575437026592
375f2e_2019-11,0.20958150438356443
545d15_2020-12,0.6008572872199195
e2314a_2016-01,0.18117387867398652
c0f884_2025-07,0.5675328893247041
bfbeef_2022-09,0.17924841722953772
b26809_2024-04,0.2979344272152704
dc4b5e_2025-07,0.8112255314913982
780a0b_2021-12,0.20637848495546826
8fb6f0_2014-12,0.19557903284118378
fb737b_2023-07,0.5100876014690932
175155_2021-10,0.4930998392058088
bc4c03_2023-12,0.21535286755954516
db4cd8_2019-08,0.22349245853122257
34889b_2023-12,0.1917220685501217
fc77d0_2024-05,0.20682967522929988
302d40_2025-04,0.19839645560943273
b73bc7_2017-06,0.6848883790825291
987bc1_2022-01,0.3885090452666177
987bc1_2024-04,0.4500871483972061
780a0b_2022-05,0.22079390412374433
8fb6f0_2016-07,0.18313533485353656
8bd3ce_2023-05,0.22174604622738645
8bd3ce_2024-11,0.8185581041493659
0f9e86_2020-01,0.173988754899477
9cf1af_2023-12,0.4515984212663643
0ffc2d_2022-12,0.1721817896273103
6f5e2b_2025-08,0.26046043324332857
175155_2023-02,0.1831819353281548
db4cd8_2019-06,0.1796911084657542
f461d4_2018-03,0.4513043384487624
1698cf_2014-10,0.2510325025058096
1822ea_2019-06,0.21837541279295908
1822ea_2025-02,0.23846692234932046
fc77d0_2024-03,0.4240648578969628
af81b0_2014-09,0.19307316748097803
545d15_2020-04,0.5295390652840805
7a007d_2025-05,0.3656141068813424
29849f_2020-03,0.7536721413202981
3a13b3_2020-02,0.7940509239516343
b73bc7_2014-11,0.3464313294258764
e83244_2020-08,0.6573023709739806
6224d0_2024-01,0.7314337863923672
fb737b_2020-12,0.7459330662403296
6838b9_2022-07,0.5911625501394038
a42d13_2018-06,0.4053891999420193
375f2e_2018-02,0.5613336074949873
9af74c_2025-01,0.33089003972701414
987bc1_2023-11,0.6840247999671468
987bc1_2024-07,0.23062075639883686
92dcdd_2020-11,0.3925901397845749
f24317_2025-08,0.7036513216076412
11f0e3_2024-09,0.6675404889225798
e427f8_2022-08,0.614409307088752
8fb6f0_2015-03,0.17737505772761245
8fb6f0_2018-04,0.18154330243863664
8bd3ce_2022-03,0.217876371033472
8bd3ce_2022-06,0.4088588131143062
0f9e86_2015-04,0.26560003949320593
6224d0_2014-12,0.17317428203784274
fb737b_2022-06,0.29178219213012124
1698cf_2022-04,0.17683815320575272
34889b_2024-07,0.20813209734833854
9af74c_2022-06,0.6497537576212014
92dcdd_2023-07,0.6987782685579307
c580aa_2015-04,0.7680042838587008
3a13b3_2025-08,0.3682903756976814
e2314a_2017-02,0.19477933712466466
e2314a_2019-06,0.3741890088258259
4ee2d2_2024-12,0.18574151254143983
6838b9_2018-07,0.24495107212411912
a42d13_2024-08,0.4497820287682822
1822ea_2019-12,0.33828866419812564
0ffc2d_2023-12,0.1721102279016079
302d40_2025-02,0.18708462444221347
731908_2019-06,0.17702748019118447
780a0b_2023-07,0.186601335266741
9befc8_2022-09,0.18033379584978537
7199cf_2024-12,0.24719040764196615
4718d7_2022-02,0.17816179966283402
e60b65_2024-07,0.20034826773446465
175155_2021-12,0.36551958324762474
db4cd8_2022-10,0.493243652945074
db4cd8_2025-04,0.2762650567655503
1698cf_2022-01,0.4625215997238762
34889b_2023-08,0.36478818158392096
b08ec1_2024-06,0.20271483973573381
987bc1_2019-07,0.20992441313719484
4fb2d3_2022-04,0.18707074337672144
e83244_2021-08,0.6058958413366434
6224d0_2017-01,0.47907196040146716
e60b65_2018-12,0.4480085032445623
f25ffe_2025-06,0.2901506334593849
f25ffe_2025-07,0.1966111194583776
1698cf_2022-10,0.3041629703076256
90abb1_2019-03,0.23184204228203337
0ffc2d_2019-06,0.4376125438514423
987bc1_2020-10,0.5369345165042085
fc9334_2023-11,0.1838643885900389
b1de95_2024-07,0.7097082662184444
1996b0_2025-05,0.28892138111142607
6f5e2b_2018-05,0.18107125355807724
6f5e2b_2019-11,0.19895683305511455
b416b1_2024-08,0.3509546528784515
d59611_2025-01,0.7348577606254137
8005b9_2024-03,0.31450995342021154
987bc1_2019-12,0.183850518967843
545d15_2019-04,0.19990108057374995
7a007d_2024-02,0.1914221230983425
c580aa_2015-02,0.20150207125632008
3db670_2017-02,0.7543144392379666
3db670_2019-12,0.3397182786815873
3db670_2020-03,0.8203530877814469
06534f_2017-02,0.7245702846746165
b73bc7_2023-01,0.6112514252555103
bc4c03_2022-05,0.745253145373831
77b3b9_2019-10,0.20459881787537698
77b3b9_2024-07,0.7067894219124723
0ffc2d_2020-03,0.25026876761659206
987bc1_2019-08,0.19058067956266442
4fb2d3_2024-11,0.6648445818567981
731908_2017-10,0.1785197965962188
6224d0_2024-02,0.4204399793302006
b416b1_2019-03,0.18134737095621295
532867_2025-03,0.22399059702094776
259a19_2019-12,0.18423616159902112
db4cd8_2021-12,0.589014407647374
77b3b9_2023-08,0.6038691148970151
d59611_2014-09,0.18979031700574195
d59611_2014-11,0.18681757931815415
34889b_2025-06,0.3969603376570321
14fe3a_2023-11,0.5609859332934503
6224d0_2024-09,0.2397168385552188
8fabe0_2023-10,0.5175458457008412
fc77d0_2025-05,0.20639466388693214
375f2e_2025-01,0.7151345188613512
731908_2018-02,0.17469064592035247
731908_2020-08,0.20410981302139702
9f1aa0_2019-10,0.19084669828187495
fb737b_2024-07,0.4711087601495018
8fabe0_2024-07,0.20292151817970622
6838b9_2019-12,0.2036628625412636
1698cf_2022-05,0.22243028585986413
d59611_2019-06,0.18117177554948335
9af74c_2022-09,0.4068333765986008
af81b0_2018-02,0.1823732853184775
f1543b_2019-12,0.1891741741662339
e83244_2017-09,0.2044401508176794
6224d0_2017-05,0.7607787467803455
175155_2019-03,0.2498708915761152
f461d4_2023-03,0.2771694860802941
f25ffe_2025-04,0.2465317463306831
375f2e_2018-06,0.29075411220116915
4fb2d3_2024-03,0.4945241978906352
780a0b_2021-07,0.21445067570282267
0f9e86_2015-02,0.182339680925943
6224d0_2022-12,0.22013438484647993
0e8d73_2024-02,0.1747656166738068
fb737b_2023-03,0.48702219638886196
b416b1_2022-02,0.3026580115509637
b416b1_2024-09,0.28155352598150596
b416b1_2024-11,0.24675867767628673
1698cf_2019-08,0.20519743303109958
34889b_2022-04,0.2256317372454885
34889b_2025-08,0.2546291764487013
14fe3a_2014-08,0.2051103153217681
8005b9_2021-05,0.27836035788584046
9af74c_2014-08,0.40727898068862595
7a007d_2024-04,0.17886113567253198
e2314a_2014-10,0.45102232845605406
e83244_2025-07,0.5611744389280069
e60b65_2020-05,0.4480085032445623
4ee2d2_2024-11,0.7026363261189061
a25664_2019-05,0.19980385845542373
424c1b_2024-06,0.7969520587218035
90abb1_2019-12,0.31495443741762924
0ffc2d_2020-10,0.19582028603162402
987bc1_2020-07,0.25135549708382365
bfbeef_2021-06,0.1879666837097877
dc4b5e_2021-12,0.556838493015847
dbb709_2024-08,0.2638463068913383
5a0174_2024-04,0.20576247100951317
b416b1_2020-12,0.4513145998125041
b416b1_2021-10,0.2641385865178203
b416b1_2023-01,0.17474070262651814
175155_2022-01,0.43623201407727913
b08ec1_2023-09,0.3862351856732431
987bc1_2024-10,0.2936868011510406
175155_2025-07,0.2028386782771719
af81b0_2014-06,0.17661173102781103
06534f_2019-09,0.4076703610909719
f4604d_2024-03,0.2012350707853666
6224d0_2017-11,0.33724236715054234
175155_2018-03,0.6842550552630176
265164_2024-09,0.22148823620316982
375f2e_2018-01,0.7579249936393884
4fb2d3_2021-04,0.3090552407978713
731908_2015-02,0.19139847994668915
510fbf_2025-05,0.4159724234264909
a97df3_2024-07,0.2571360870401522
780a0b_2015-06,0.3047377601676255
780a0b_2018-06,0.19298873876479358
fc9334_2024-06,0.5029495065894347
dbb709_2023-02,0.1809816664910722
dbb709_2024-10,0.7189419710570866
259a19_2023-02,0.18926023835059244
a42d13_2025-02,0.3190728198993053
77b3b9_2018-06,0.5699995111852662
af81b0_2024-07,0.17745168455711052
7a007d_2023-12,0.5800713932815216
3a13b3_2014-12,0.25174740356015973
fc77d0_2014-03,0.17459942626501843
f4d28d_2025-01,0.6814152550938829
4fb2d3_2025-01,0.7492174681423385
dc4b5e_2022-03,0.6372445748832111
a97df3_2019-12,0.6398715586464327
a97df3_2022-12,0.2830395801278577
fc9334_2025-06,0.6878402608288018
8fb6f0_2015-08,0.24738200169048516
8fb6f0_2019-08,0.4252005982777748
0f9e86_2017-05,0.19293922509513925
f4604d_2019-02,0.24519914828841033
6224d0_2019-08,0.24006435148273203
8fabe0_2019-06,0.212554141398592
db4cd8_2023-07,0.5633190051341853
8005b9_2025-01,0.1930863194710859
af81b0_2025-04,0.3175826154510552
af81b0_2025-08,0.1942449720623347
545d15_2021-03,0.27416298077874507
b73bc7_2019-08,0.3063478999393623
532867_2025-01,0.5147080192214946
424c1b_2025-06,0.4870192093824143
1822ea_2019-11,0.27882028856181934
265164_2023-06,0.3203472953596688
f4d28d_2025-02,0.4372388101058081
375f2e_2025-04,0.6883108094754727
987bc1_2022-12,0.2664551184972018
11f0e3_2025-02,0.1966040260140916
b26809_2025-05,0.44878032950069213
a97df3_2024-05,0.23061753495895748
9befc8_2021-11,0.19086137071704315
0f9e86_2019-07,0.19766621393177902
fc9334_2023-05,0.18972382827718087
4718d7_2019-04,0.18336431302657968
4718d7_2021-08,0.35215072048164775
0e8d73_2023-06,0.23551208246077446
fb737b_2023-08,0.4521846957772036
e60b65_2025-08,0.1943669322709834
8fabe0_2018-04,0.17317381638049328
b416b1_2021-07,0.4334082143884007
1698cf_2023-09,0.2798308873576819
14fe3a_2021-10,0.8096681825528502
b08ec1_2024-01,0.21131040835201675
6838b9_2020-09,0.2671213210319646
11f0e3_2023-12,0.30898055524807116
0f9e86_2024-02,0.17624674563722503
9cf1af_2025-04,0.21283549773778815
375f2e_2019-04,0.23806035367521128
4718d7_2018-12,0.3257225150650561
0874ee_2019-03,0.18711586132425292
5a0174_2025-05,0.2128474701671991
d59611_2014-10,0.18206584201479065
3db670_2025-08,0.5794090328429463
e2314a_2023-08,0.50454878868972
175155_2019-05,0.20307644933965938
175155_2019-08,0.2037863599712871
a25664_2022-08,0.2127645904454507
77b3b9_2024-12,0.5186979706930062
9af74c_2024-12,0.6111713530133904
9af74c_2025-03,0.6529659650100486
4fb2d3_2025-06,0.2575838510734057
92dcdd_2019-09,0.200267946890868
92dcdd_2022-12,0.6684879808327497
8e41cf_2025-08,0.18320942741334778
b26809_2025-03,0.3349753971970116
9befc8_2015-03,0.187757694157833
0f9e86_2023-03,0.6204013408023019
0e8d73_2024-05,0.20264384634380575
b416b1_2025-01,0.37190118582580944
f461d4_2019-10,0.1766255532749243
db4cd8_2014-11,0.17842343407979588
259a19_2023-12,0.22088618350284023
8005b9_2017-02,0.7020981574020565
8005b9_2018-05,0.25070716972089296
375f2e_2024-09,0.525413433802844
af81b0_2017-08,0.5919352387215684
3db670_2018-03,0.7952118253652374
06534f_2022-11,0.7140027702527094
06534f_2023-11,0.47337403276183715
b73bc7_2014-04,0.20342404997749056
b73bc7_2015-04,0.750300728369678
b73bc7_2018-12,0.237851939374263
175155_2022-02,0.1734317963299239
bc4c03_2022-11,0.4927211016106915
a25664_2021-06,0.5788278776756502
987bc1_2015-09,0.4069529923779319
302d40_2023-12,0.32417184801618204
d86999_2015-03,0.1910704619161411
d86999_2021-03,0.22775565244149476
dbb709_2023-11,0.3926679976796281
dbb709_2024-03,0.1776243874817557
6f5e2b_2021-09,0.2705313492019181
b416b1_2017-06,0.5310310948100518
4f2b6b_2025-02,0.4385100504910132
77b3b9_2019-06,0.4069670721934154
90abb1_2014-07,0.1783878378872381
90abb1_2014-12,0.2571981868048797
34889b_2021-12,0.17982935785868254
b08ec1_2014-12,0.17351433521826193
b08ec1_2019-11,0.1903549366783263
4fb2d3_2023-07,0.22507534093303178
7a007d_2018-12,0.1956732768729174
29849f_2024-07,0.290003142822746
29849f_2024-10,0.6585701550966564
06534f_2023-04,0.7566692172550175
3a13b3_2018-03,0.5129066954217303
f4604d_2024-11,0.2789727420903405
e2314a_2016-10,0.28832524412932264
6224d0_2016-09,0.718866237472022
6224d0_2022-01,0.34346815464898944
e60b65_2014-05,0.18850499359991604
77b3b9_2022-03,0.6673835175313195
fc77d0_2014-11,0.18393089102233845
302d40_2024-09,0.2508884346425046
dbb709_2025-08,0.20780837357426174
0f9e86_2024-05,0.3732772903474676
29849f_2019-08,0.19177517671903538
4718d7_2019-08,0.19971123537568078
fb737b_2024-04,0.40809820980819395
bc4c03_2024-02,0.1712474450566494
d59611_2025-06,0.5014284523524216
1822ea_2022-10,0.1965508396903915
375f2e_2021-10,0.7899995451268766
af81b0_2018-04,0.367129641899653
29849f_2023-07,0.4159522768926271
b1de95_2014-12,0.24595140072988886
e83244_2018-04,0.19529882585574318
1822ea_2020-03,0.8012014965789369
0ffc2d_2020-09,0.32984835709414384
987bc1_2025-02,0.7875905176236715
92dcdd_2025-05,0.207196947315997
731908_2017-06,0.23461675994953332
bfbeef_2023-07,0.39229161643052546
b26809_2022-05,0.19222369743501724
dc4b5e_2023-11,0.4190848712648119
9f1aa0_2024-02,0.19657350314761604
dbb709_2023-12,0.18780128854605518
8bd3ce_2023-06,0.17942031085388824
6224d0_2022-03,0.23290690618936233
8fabe0_2018-12,0.2452564498537649
bc4c03_2021-10,0.5863033553136774
92dcdd_2019-11,0.4174100198976527
af81b0_2024-10,0.23490072899275444
f4604d_2019-08,0.19161219911756705
e2314a_2025-02,0.2259280693753063
a25664_2020-05,0.23471953443884117
1822ea_2023-09,0.6298931945770107
375f2e_2015-01,0.19928472079943485
8e41cf_2023-02,0.20565590555985577
11f0e3_2023-02,0.20287106444877798
780a0b_2020-01,0.17516639959826302
8fb6f0_2015-12,0.1851369541851755
8fb6f0_2024-09,0.19078826928874965
175155_2022-12,0.17351362007608945
6838b9_2022-12,0.5865853437405125
db4cd8_2014-06,0.19715907477632738
1698cf_2021-11,0.7131552888913102
34889b_2023-05,0.21216744242708171
b73bc7_2016-10,0.20219961585408558
f4604d_2015-01,0.1909205618682935
f4604d_2024-04,0.25980404522820544
531356_2015-03,0.1948753100664426
e83244_2020-09,0.36659882689568796
e60b65_2019-07,0.4480085032445623
bc4c03_2025-07,0.669306710924259
90abb1_2024-10,0.23803535763125652
1822ea_2022-04,0.21662279456739603
fc77d0_2025-01,0.7606443763025248
265164_2024-08,0.32119039538549277
8e41cf_2023-10,0.21683060152837683
9befc8_2016-07,0.24601360147335516
8bd3ce_2022-09,0.24434584987790134
5a0174_2019-08,0.19708145483490166
8fabe0_2020-07,0.26167962845319015
bc4c03_2014-05,0.2011638691123625
34889b_2019-09,0.22094805016347405
e83244_2018-10,0.17922530493766636
6224d0_2014-05,0.2121138206986052
175155_2016-10,0.3659896094118827
731908_2017-01,0.2122583813546252
b26809_2024-01,0.2982608433996006
780a0b_2019-12,0.23931474311689901
8bd3ce_2023-09,0.18571682479995255
0f9e86_2015-08,0.22082908375114293
1822ea_2015-03,0.17331585802837787
4fb2d3_2023-09,0.18452348659923717
8fabe0_2019-11,0.2496784367742099
b416b1_2020-07,0.1891274604501346
edda84_2025-03,0.5968119606052651
77b3b9_2014-07,0.17671665532504394
29849f_2023-04,0.20189601107051133
022433_2025-08,0.2639073377956369
e2314a_2018-01,0.18940426394840432
e83244_2023-08,0.2732048438015958
e83244_2025-04,0.26606275409656244
8fabe0_2022-08,0.5204155891470926
f25ffe_2023-05,0.17372363740622912
77b3b9_2019-02,0.18580213149178673
1822ea_2025-01,0.3809741249384203
0ffc2d_2023-01,0.17784010766017044
0ffc2d_2023-11,0.17637861158355062
265164_2025-08,0.2578755371172178
9af74c_2024-09,0.5214770572082186
731908_2015-11,0.179998536061169
d86999_2021-12,0.3616819677872092
9f1aa0_2021-07,0.1859482082909555
780a0b_2022-12,0.2604508687771704
fb737b_2024-08,0.4856347311036913
b416b1_2019-07,0.3860037812635645
d59611_2023-05,0.5264468482232219
af81b0_2019-11,0.3676961986005485
531356_2017-06,0.3293310259799962
175155_2014-12,0.17373555411658392
259a19_2024-09,0.19195276131240885
424c1b_2024-08,0.7328269620502463
90abb1_2025-04,0.3045673427858525
0ffc2d_2019-07,0.3582642033793466
375f2e_2017-02,0.4672989848888259
8fb6f0_2018-06,0.1796333825453385
0f9e86_2025-08,0.1864744681080525
34889b_2021-08,0.24797077970509335
8005b9_2015-04,0.39000373161837326
b1de95_2024-08,0.7964718344905444
06534f_2025-01,0.20897254164142223
022433_2025-06,0.2112055399854084
e2314a_2018-11,0.2562531984739301
175155_2019-06,0.2619774232054553
1822ea_2020-02,0.24765472958279142
9af74c_2023-09,0.5707370281086714
4fb2d3_2021-09,0.4521817606505073
302d40_2024-04,0.19692388732216948
731908_2018-11,0.20484594479540447
d86999_2018-08,0.19447644249478782
e427f8_2023-06,0.447604854446363
dc4b5e_2025-01,0.22892519524534283
9befc8_2021-03,0.18353690906564993
fc9334_2024-05,0.19315875707633312
8bd3ce_2019-02,0.25634373981175046
b26809_2025-06,0.2314980214254238
c48018_2023-07,0.36183360364501627
bfbeef_2018-07,0.37210643780701486
8fb6f0_2024-06,0.20333426174449115
8bd3ce_2018-01,0.17674404703951171
8fb6f0_2020-08,0.1888893579408812
bfbeef_2025-02,0.1811269832951603
fc9334_2020-04,0.550819573736861
8e41cf_2021-09,0.182084398911248
18defd_2014-11,0.38885582800962193
18defd_2019-01,0.36071693329328713
18defd_2024-01,0.4585433258856396
8e41cf_2018-11,0.1880504285904298
8e41cf_2021-05,0.17905836777387063
b26809_2014-04,0.19967774240464148
18defd_2019-03,0.4064663406004546
e7a56d_2021-11,0.7829489415104363
bfbeef_2022-06,0.33494659489904993
b26809_2019-02,0.1919142883796832
fc9334_2018-01,0.17808990012945897
0f9e86_2017-02,0.18319864108519898
8e41cf_2017-02,0.1765376073275733
8e41cf_2023-05,0.4915085709976509
b26809_2020-09,0.37330776711038033
bfbeef_2018-06,0.1907455166972514
74b7d1_2024-12,0.5309244272234509
6c1954_2024-09,0.5574100740033142
fc9334_2019-02,0.30645750203354083
e7a56d_2018-12,0.46542562693930023
e7a56d_2023-03,0.24500056809814735
8fb6f0_2020-09,0.19675478773524072
fc9334_2017-03,0.1862560745928233
fc9334_2024-11,0.6929418650015793
731908_2022-08,0.27601531234455096
b26809_2021-01,0.21921536434751793
8fb6f0_2022-05,0.4681743001593081
bfbeef_2021-09,0.22010509539828832
8bd3ce_2015-10,0.22099385842176128
8bd3ce_2021-02,0.21504822703270846
bfbeef_2024-03,0.24046060156457277
e7a56d_2024-04,0.5150386791994951
8bd3ce_2017-06,0.3190595271619462
dc4b5e_2019-10,0.17784114146693436
dc4b5e_2024-01,0.2699799400307577
780a0b_2022-03,0.18131033233842747
8bd3ce_2018-11,0.18443160644868556
b26809_2015-07,0.19750679360696516
8bd3ce_2021-09,0.1856538830894163
e7a56d_2023-09,0.35242916300271765
fc9334_2022-05,0.5178836561171252
18defd_2014-05,0.40862954338832236
8bd3ce_2016-05,0.17860268086462142
bfbeef_2024-09,0.18162573821291317
6c1954_2023-08,0.33191589345579375
fc9334_2019-09,0.30599752874053926
8bd3ce_2018-05,0.20039022124871203
8e41cf_2016-03,0.21351789801287063
8fb6f0_2024-04,0.21098123881727435
8e41cf_2019-06,0.19221967413801347
8e41cf_2020-03,0.20992005209896622
dc4b5e_2023-12,0.22412737877414152
d86999_2015-12,0.478489263402506
8bd3ce_2018-12,0.19488083375898743
8e41cf_2023-03,0.21401461652728973
e7a56d_2023-12,0.2365375385231201
780a0b_2018-04,0.259789585857112
b26809_2018-02,0.22832354432234186
6c1954_2023-04,0.25600417462669384
780a0b_2017-04,0.20422814163448777
fc9334_2023-10,0.18562759970844162
8fb6f0_2022-09,0.33774085589606767
8e41cf_2017-11,0.5644979859699623
bfbeef_2025-04,0.19584923152307657
b26809_2017-11,0.1765571176869461
18defd_2023-09,0.36410702557114544
bfbeef_2025-05,0.27663835264825
c48018_2018-12,0.41833775588155425
a97df3_2023-10,0.2808115204332019
8bd3ce_2020-04,0.7472931370327511
b26809_2018-01,0.18044482277411977
fc9334_2021-07,0.23075279994181078
18defd_2025-07,0.35272314922231435
780a0b_2017-03,0.1761230480494691
731908_2021-07,0.19473382199435302
780a0b_2022-01,0.17730602955268865
18defd_2024-02,0.3495771777658157
c48018_2025-02,0.5545409284442976
780a0b_2023-03,0.19448095787817055
8bd3ce_2020-01,0.17470561373459276
8e41cf_2023-04,0.24234594637473067
731908_2016-11,0.17388521083177433
731908_2024-03,0.22045996033981682
c48018_2024-11,0.7409843467063565
bfbeef_2020-11,0.1978984905156052
bfbeef_2023-12,0.17458457207177758
8e41cf_2015-04,0.1848957266810936
8bd3ce_2016-06,0.17809679330654102
731908_2018-05,0.48784108491072214
bfbeef_2018-12,0.1898747130486656
14fe3a_2022-07,0.690677704828959
fc9334_2016-10,0.17284400543481088
8fb6f0_2022-08,0.6064901715566596
731908_2022-10,0.26562839427023677
b26809_2020-06,0.37870290643746574
b26809_2021-04,0.17824765269788395
0874ee_2018-01,0.48362209044295235
b26809_2016-04,0.3388167235683237
731908_2014-11,0.18171148961372116
b26809_2023-09,0.21443766175575232
c48018_2023-04,0.25100171064635846
9f1aa0_2016-02,0.19003507202103337
b07578_2024-12,0.1762993117909199
f461d4_2020-01,0.29293818584961984
90abb1_2017-06,0.6029893056860783
259a19_2024-05,0.7388725484003345
7a007d_2014-11,0.3157121844969787
6f5e2b_2021-12,0.4794739789122537
510fbf_2023-12,0.19700390813203517
f500c5_2022-06,0.2180997469733313
513080_2023-11,0.210762766483773
bc4c03_2023-08,0.7823686389384079
f500c5_2022-05,0.5229361806489491
6c1954_2022-08,0.19800246203969332
d59611_2016-10,0.21057373884998537
b644ac_2025-06,0.7257396393435024
5a0174_2019-01,0.4363521327394788
db4cd8_2020-11,0.3105166782339389
bc4c03_2023-07,0.43441521956941936
7bf5c9_2015-04,0.7570131351069829
6c1954_2023-05,0.34253132668205105
e60b65_2015-02,0.17807147556070024
edda84_2025-08,0.6947844972236487
4f2b6b_2022-06,0.48809835234345644
9cf1af_2024-02,0.2190207424093435
34889b_2019-05,0.23994339718142293
14fe3a_2016-09,0.2027934393393432
14fe3a_2019-10,0.2004715703519857
f24317_2025-07,0.6600762439173604
77c35f_2024-01,0.20636618234565846
6f5e2b_2019-08,0.24799239987407798
259a19_2017-03,0.2961763380696068
77b3b9_2018-10,0.7908517471965829
f1543b_2020-11,0.1744920874641422
f500c5_2019-01,0.19621879180416074
f461d4_2020-09,0.21906515505472698
b07578_2025-04,0.33760550724707433
5a0174_2020-09,0.2773943189434896
6c1954_2021-11,0.24182102883507667
9f1aa0_2016-08,0.19634216391040513
9f1aa0_2025-01,0.2050172542959181
510fbf_2024-07,0.6629574335406865
bf6f0d_2014-08,0.19365462818998935
510fbf_2025-02,0.22823443147547945
6f5e2b_2020-02,0.17544977219500574
259a19_2017-02,0.5654615706930768
259a19_2024-11,0.24348665530279495
db4cd8_2017-05,0.2807576501173369
f4d28d_2024-06,0.6222683284983292
77b3b9_2018-03,0.43212325308578514
948a11_2022-07,0.4075283341209633
6c1954_2024-10,0.2526128637134689
9f1aa0_2015-11,0.18480276109370747
9f1aa0_2025-07,0.1846081676603491
fa8553_2023-04,0.2381477988619125
510fbf_2025-03,0.18289391484655837
513080_2025-06,0.6244601464005487
d59611_2022-09,0.442197264803401
bc4c03_2014-09,0.2873121452116437
1822ea_2015-02,0.2525501936659829
f461d4_2021-08,0.24852943823813414
d86999_2025-08,0.46371782933196454
1698cf_2016-10,0.2330242433249597
4718d7_2018-10,0.20737811356198402
6f5e2b_2019-02,0.3178207927835507
f461d4_2024-05,0.38874631492485046
fb34b4_2025-06,0.2940885389928168
510fbf_2022-03,0.18249007289866181
510fbf_2023-10,0.4780866030668303
513080_2022-11,0.2036299172264516
bc4c03_2014-08,0.6011217177403132
259a19_2019-11,0.28075392763929324
9f1aa0_2018-07,0.20998421222385732
9f1aa0_2024-11,0.2003286868899888
b644ac_2025-01,0.1951430607525889
90abb1_2019-01,0.24930962901340123
fa8553_2021-07,0.18504055056490684
510fbf_2022-04,0.19333875377629325
513080_2025-07,0.7609463640735695
b07578_2024-10,0.22318242197835522
77c35f_2024-02,0.4442345029346055
9f1aa0_2015-12,0.18121332802941237
513080_2025-01,0.20099517594706814
fc77d0_2020-07,0.2955789831200302
7bf5c9_2020-11,0.3108036236158632
6c1954_2021-10,0.20860499879215308
9af74c_2015-03,0.18911918685843238
bf6f0d_2024-09,0.24917394722635225
bc4c03_2024-11,0.19847372586167294
9f1aa0_2024-05,0.17260656245982578
fa8553_2021-06,0.1827701791676311
fa8553_2023-09,0.2188666469524425
4f2b6b_2022-10,0.3498867730863801
f500c5_2024-08,0.3493108786470459
e427f8_2022-09,0.4807409784416519
510fbf_2022-08,0.2143347975924066
d59611_2025-09,0.387314522407101
14fe3a_2024-09,0.7079304736648785
4718d7_2021-12,0.3539557038326214
7199cf_2025-05,0.2365564829145404
fa8553_2023-12,0.2009951984831501
d59611_2022-12,0.49990210466737695
14fe3a_2019-07,0.19776968490513608
5a0174_2024-07,0.1951978707322867
7bf5c9_2020-05,0.3261201108916101
9f1aa0_2022-08,0.18131717327950542
1698cf_2015-08,0.2648918353138622
513080_2022-02,0.18725914757177353
513080_2025-02,0.18046738417510855
d59611_2016-12,0.23424463114346353
5a0174_2016-10,0.20831259288670453
7bf5c9_2014-11,0.19253934733659647
f1543b_2022-02,0.28094561146408276
375f2e_2017-04,0.26440350150253317
db4cd8_2020-02,0.1776324803619056
0cecbd_2024-01,0.21871313767445208
db5006_2015-11,0.7138374607902722
1822ea_2017-08,0.3476340274769217
bfbeef_2016-09,0.2955680021033517
0cecbd_2020-12,0.2467541313895098
11f0e3_2016-07,0.2042082180040988
8fb6f0_2020-05,0.2901444692704434
bfbeef_2015-06,0.5918214753794873
0cecbd_2022-01,0.37043124650789955
bfbeef_2015-11,0.18081050392138417
0cecbd_2015-02,0.21735308453699548
8fb6f0_2023-07,0.21765459615948882
0f9e86_2016-07,0.25944782378400655
780a0b_2020-05,0.5730191541049298
11f0e3_2018-08,0.3022052119510878
0cecbd_2024-02,0.18941109257268574
bfbeef_2016-01,0.2083331073656883
1822ea_2020-11,0.8039090011175889
375f2e_2017-06,0.765044036562866
8fb6f0_2018-07,0.186074293981281
8fb6f0_2019-06,0.17745907386983295
0cecbd_2017-06,0.5265143309443393
731908_2019-05,0.1740003708797153
bfbeef_2015-01,0.20963171238668118
bfbeef_2019-04,0.17993653847031238
11f0e3_2019-04,0.17921924327430636
9f1aa0_2024-07,0.2771969001514175
0cecbd_2022-10,0.21885145714789322
0cecbd_2024-05,0.29814205644831593
3db670_2018-10,0.784452561905971
175155_2022-06,0.20660703518931922
e60b65_2024-04,0.22727306864727564
4f2b6b_2023-10,0.3437319297764537
4f2b6b_2025-04,0.24393511810340965
4f2b6b_2025-07,0.408470416138072
e3af0e_2014-12,0.5793782661563365
e3af0e_2017-03,0.6654380811717086
829a72_2015-02,0.26806291099130475
829a72_2014-09,0.4382417504448908
60a0fd_2018-03,0.6224864721733944
14fe3a_2019-12,0.21834187889044307
98a151_2015-01,0.48609171046178484
c3a69f_2015-08,0.22209101682004487
4f2b6b_2023-07,0.2631449919855838
894378_2024-09,0.5631493050993435
6c1954_2024-06,0.24239455420768072
bc4c03_2017-05,0.7833676461021291
829a72_2014-07,0.3205856638083947
90abb1_2017-02,0.81582871676633
7aa803_2019-12,0.3625880925417837
7aa803_2025-07,0.7937954642870779
9b46ed_2023-10,0.5027151759933037
60a0fd_2025-02,0.235378135586632
e3af0e_2020-12,0.7753428288083912
db5006_2019-03,0.4803186216431833
7bf5c9_2023-08,0.24788469818984754
e2e0ce_2018-01,0.7825096392888669
2ab8ad_2021-04,0.3040728818365011
2ab8ad_2024-12,0.5677195780174393
7aa803_2020-09,0.6008390997538211
e3af0e_2024-08,0.22292314336895896
948a11_2023-10,0.2313030667876125
293190_2023-06,0.32298429105513116
e2e0ce_2022-10,0.3059250675556114
2ab8ad_2025-06,0.6775214081876556
7aa803_2021-06,0.3167716781203601
7bf5c9_2015-01,0.20422772523320076
88a9a6_2018-02,0.5214342750466495
7bf5c9_2018-02,0.2140182707886244
c580aa_2020-02,0.6982331790417445
7a007d_2019-10,0.4740597388771258
e2e0ce_2022-03,0.5718963486059836
88a9a6_2021-05,0.7649955096062555
9b46ed_2019-02,0.43904190104263946
7bf5c9_2021-01,0.22103808729842672
94f933_2025-06,0.23682859206094298
e2e0ce_2019-03,0.5780932610151784
88a9a6_2025-07,0.23546715911187074
88a9a6_2024-12,0.3351783429593992
e3af0e_2023-03,0.3103930285219838
293190_2014-12,0.5553524742659722
293190_2023-05,0.34642529870887523
e2e0ce_2016-03,0.6689905837283086
e2e0ce_2024-02,0.32013291024583684
9b46ed_2019-04,0.3582318638808488
2ab8ad_2020-04,0.5748163773708951
2ab8ad_2022-06,0.5570029972393107
2ab8ad_2024-10,0.6671970766759528
c5df88_2021-12,0.3266506283022463
74fb1f_2018-01,0.779163928885912
7aa803_2023-11,0.21047691726894277
e2e0ce_2015-03,0.2933144296980673
88a9a6_2023-03,0.37563109151724045
f500c5_2023-11,0.2387215520003006
bf6f0d_2020-08,0.44386892485405144
e2e0ce_2025-03,0.7838080427638868
c5df88_2021-03,0.3697941726659556
74fb1f_2019-03,0.39065607498085264
60a0fd_2019-10,0.32313593859324674
60a0fd_2024-11,0.31077686528818055
7bf5c9_2019-08,0.5125402971354249
6f5e2b_2021-10,0.4772122091484852
293190_2024-03,0.2915895931223784
88a9a6_2019-06,0.2102270386316686
60a0fd_2022-11,0.32594887693057256
60a0fd_2024-12,0.32251453377399014
db5006_2019-05,0.676215829001184
293190_2014-07,0.6296847263712985
c5df88_2014-09,0.3295905796292387
7aa803_2019-11,0.24747904381805025
88a9a6_2022-10,0.263025728905885
98a151_2022-01,0.5921129804568848
7bf5c9_2020-02,0.4842176355856804
fb34b4_2025-04,0.6797743019208272
1bdb97_2022-06,0.33855017590091463
5a0174_2021-07,0.48732640135348787
e2e0ce_2021-09,0.4180000082473388
9b46ed_2019-01,0.4463799339895635
9b46ed_2022-02,0.19440967762018266
829a72_2022-12,0.36196923552430793
7bf5c9_2014-10,0.7358448032294421
1bdb97_2025-05,0.4085135363752542
e2e0ce_2016-04,0.6498434837649109
7aa803_2015-03,0.5012656531921102
e2e0ce_2022-05,0.3593062809529213
2ab8ad_2021-05,0.7474652844381937
c5df88_2018-02,0.46171678092219237
74fb1f_2022-11,0.28495378547672773
e2e0ce_2025-05,0.30216159814162286
2ab8ad_2023-01,0.22224386010718172
c5df88_2022-04,0.3296605917336649
7aa803_2021-12,0.3123083556166948
293190_2023-07,0.3764576332489665
88a9a6_2023-11,0.23135406516968343
2ab8ad_2022-02,0.27118198547553407
2ab8ad_2023-03,0.4645186896274379
7aa803_2022-09,0.5396933703542418
98a151_2024-09,0.23099294746100912
829a72_2023-06,0.179753459337778
db5006_2018-05,0.47568814022118733
7bf5c9_2019-09,0.28974687704122487
c580aa_2019-01,0.7165262160365028
293190_2022-05,0.5159703775030506
7aa803_2024-03,0.40015186624401816
2ab8ad_2020-02,0.4621576334718142
88a9a6_2025-08,0.19815502857854495
9b46ed_2022-10,0.19608629409615666
9b46ed_2024-10,0.3836974349074969
98a151_2018-12,0.2748272474255383
e3af0e_2024-07,0.1912014194642134
7bf5c9_2025-04,0.21065601814831975
f500c5_2024-12,0.2100114152134501
cd0e60_2021-08,0.680590768620815
c5df88_2023-02,0.3219116721592172
7aa803_2019-10,0.49880741148194224
88a9a6_2019-08,0.29634576955537956
88a9a6_2025-01,0.3950784317409157
18defd_2024-09,0.41924405424448163
db5006_2017-04,0.5050937992288966
531356_2021-01,0.748647433440971
b07578_2025-05,0.44255736033628407
e7a56d_2024-03,0.6439919890208822
8fabe0_2018-02,0.21130527398947535
18defd_2020-01,0.36879082597529755
1b9e65_2020-04,0.7349220481787088
e7a56d_2014-09,0.24049619477511747
5a0174_2017-12,0.24698781773415396
e7a56d_2020-01,0.4465565836922285
db5006_2025-02,0.2229101579292915
1b9e65_2017-01,0.5788153390614534
1b9e65_2019-11,0.310679903154482
1b9e65_2023-10,0.6711327134290893
e7a56d_2019-04,0.30419270173329555
4718d7_2017-02,0.525544863856483
db5006_2015-05,0.8050985807674543
db5006_2024-09,0.19865786286764395
1b9e65_2016-10,0.72199991661992
f461d4_2023-11,0.6873963153855055
1698cf_2024-11,0.18622236917206195
4718d7_2014-10,0.18599122773756074
db5006_2022-10,0.40557129393789165
db5006_2023-08,0.37156990761608844
e7a56d_2020-12,0.6910050894546915
1b9e65_2025-03,0.18832908554488972
cd0e60_2022-12,0.204846911419164
1b9e65_2023-07,0.21896379036272817
0ffc2d_2025-01,0.18752057886745016
cd0e60_2023-01,0.18589243475217743
db5006_2020-09,0.634183562226955
c48018_2015-02,0.26163341159595227
a42d13_2014-09,0.19160523799753207
4718d7_2025-09,0.3180850083046264
29849f_2024-05,0.4583161544469931
94f933_2023-09,0.2204666939813194
18defd_2014-10,0.2253954851981239
db5006_2015-03,0.21411885303407757
db5006_2022-11,0.32136557789437104
29849f_2014-10,0.18924382475220694
1698cf_2017-04,0.2936378027068617
f1543b_2021-08,0.7982876946004864
db5006_2017-07,0.7887820525274645
db5006_2018-01,0.5485892929609696
db5006_2023-09,0.29121496447042294
db5006_2024-02,0.3488742974533036
db5006_2024-04,0.2797262088398703
db5006_2024-05,0.3386373863860938
8fabe0_2019-09,0.3599407670062177
18defd_2019-04,0.3969924169613213
c48018_2019-07,0.36835438631425593
531356_2022-10,0.43258187029878137
1b9e65_2021-10,0.365079694763954
db5006_2019-12,0.5352457493215932
531356_2014-11,0.1741392677023894
fc77d0_2021-01,0.6629479970484838
1822ea_2017-10,0.38966760823866514
022433_2023-08,0.35655775465131667
0874ee_2020-12,0.6807810507635603
e4bc80_2023-03,0.27533337738213
e361b7_2020-09,0.7183539200367843
c3a69f_2022-01,0.38147263166941736
c3a69f_2022-10,0.8018227114179076
c3a69f_2024-07,0.4096122414410047
e361b7_2021-08,0.3499064686846174
b1de95_2022-01,0.6948572301942917
439fde_2025-02,0.2507388208064317
894378_2021-01,0.313823813777846
19fa84_2024-01,0.20876006443193273
fd589c_2025-06,0.2013488965742357
259a19_2020-08,0.26210682661260176
3a13b3_2020-09,0.8142542725584594
b73bc7_2025-01,0.8028040393954358
6f5e2b_2016-07,0.6141632093451106
e361b7_2024-11,0.1778244318961318
fd589c_2024-07,0.19925389330517096
e361b7_2022-07,0.2522778799472455
f1543b_2019-02,0.1769678763384073
3db670_2020-10,0.8162653104290307
6f5e2b_2016-10,0.6141632093451106
894378_2020-10,0.6863176989217822
e361b7_2021-07,0.6234190523846744
e361b7_2024-08,0.2984764796043543
8ec563_2023-10,0.48091581628008606
19fa84_2021-08,0.38900173727474735
fd589c_2024-04,0.4257891248015859
e4bc80_2023-12,0.19352708360496504
74b7d1_2025-06,0.3377035799848561
74b7d1_2025-08,0.5968438721587123
c5816f_2021-10,0.41342896739608437
e361b7_2025-03,0.2270163834500777
439fde_2023-12,0.3524647363599179
fd589c_2021-03,0.7812127903640886
fd589c_2023-01,0.2216142252405425
fd589c_2025-07,0.438454197748979
e361b7_2022-03,0.21024833383258706
e2e0ce_2024-01,0.3888140760448237
c5816f_2021-02,0.7693369515064411
19fa84_2023-08,0.2606612188169799
fd589c_2022-05,0.2067181740924199
e361b7_2024-07,0.4233530691933911
e4bc80_2025-03,0.3327186049329548
fd589c_2022-08,0.19663538555043697
429b22_2025-01,0.2091837087668514
77e86b_2024-11,0.28127660207150174
8ec563_2019-08,0.5555571009823228
60b690_2025-08,0.5243106395565037
8ec563_2023-05,0.46899892457744946
e361b7_2023-03,0.2026586388761947
894378_2022-01,0.18326917754584165
894378_2024-05,0.6604220808365793
0874ee_2021-04,0.2522938889006805
60b690_2025-07,0.4603151975835817
c5816f_2022-02,0.3289828977416541
29849f_2016-05,0.7601301289660445
c3a69f_2021-08,0.6670411427480468
894378_2023-02,0.2249211202752241
fd589c_2025-05,0.3540169377757588
e361b7_2021-06,0.3781164723183835
7bf5c9_2023-07,0.192605336601899
7bf5c9_2025-03,0.1822580978161256
3db670_2020-06,0.6016441263436184
fd589c_2022-01,0.1938861885562454
e4bc80_2024-01,0.17398258488205645
e361b7_2021-10,0.24827218507617008
e4bc80_2019-07,0.511940566177977
f461d4_2024-12,0.18200856780088942
9b3bd5_2025-08,0.49973494868769813
c5816f_2021-08,0.6215142766041822
c5816f_2023-01,0.19512789179643492
e4bc80_2021-01,0.6210222852421182
894378_2019-10,0.2758552894551646
fd589c_2019-11,0.17674363879879212
fd589c_2023-10,0.34533555303039215
e361b7_2022-09,0.18554480748204405
f1543b_2015-01,0.2777040402928141
439fde_2018-01,0.29597855457247935
8ec563_2021-07,0.7257553726431138
19fa84_2024-12,0.17527773827469378
e4bc80_2021-09,0.3415409604039835
d59611_2015-10,0.25801554456987164
cd0e60_2020-06,0.8098123419851877
14fe3a_2016-12,0.4166141490087205
88a9a6_2016-01,0.3353566127118154
bf6f0d_2020-03,0.19763299694416653
db4cd8_2015-06,0.40264131466444014
d59611_2018-11,0.2653388293543
14fe3a_2018-09,0.5967912405370269
bf6f0d_2021-11,0.39816742783584147
77e86b_2023-08,0.36707695403417767
77b3b9_2016-10,0.47900801002989335
14fe3a_2016-11,0.3710716390586696
bf6f0d_2020-02,0.81112392899875
d59611_2017-10,0.19478216983586752
cd0e60_2022-02,0.37846041399872876
77e86b_2023-12,0.2257916544677651
7aa803_2015-08,0.7351574711739997
bf6f0d_2020-01,0.3792347514541115
74b7d1_2022-12,0.5249795793179592
bf6f0d_2024-11,0.18755010273613654
b0ff51_2015-10,0.4542123131262721
74b7d1_2024-01,0.20858798005113735
bf6f0d_2014-12,0.20372154425106598
bf6f0d_2023-11,0.8027523360020397
259a19_2017-10,0.2504843852737447
d59611_2017-09,0.24462164275242354
14fe3a_2015-12,0.2898186133921855
cd0e60_2022-04,0.22095823453898739
cd0e60_2020-03,0.607078790681974
77e86b_2023-11,0.26202870377651616
74b7d1_2025-07,0.254951778794415
cd0e60_2019-11,0.6479272305422485
c5df88_2015-04,0.5325776076285667
c5df88_2019-05,0.4174425863056081
2ab8ad_2015-06,0.8012884788533465
f1543b_2015-06,0.7225756631168918
f1543b_2021-10,0.3332917972905336
c5df88_2019-04,0.2169791947698255
88a9a6_2025-04,0.6014843950609372
88a9a6_2019-07,0.33973020846170204
f1543b_2020-06,0.22644571517662732
293190_2019-02,0.34022214342905877
74fb1f_2020-01,0.5244235216868652
88a9a6_2022-11,0.5176226309068562
f1543b_2020-05,0.4045366826978955
f1543b_2023-11,0.22853388433724958
022433_2022-03,0.6547168911873078
7aa803_2020-08,0.7914613370707716
022433_2023-06,0.2685782778404675
293190_2023-04,0.4981457239087016
e2e0ce_2020-03,0.5729236661309663
022433_2021-04,0.5180615315325134
f1543b_2023-06,0.6388361905591766
7aa803_2022-11,0.3431384738605098
c580aa_2019-02,0.2998873828693669
f1543b_2015-05,0.7061219370501628
88a9a6_2018-06,0.3240006651635673
c5df88_2019-07,0.681375015680021
f1543b_2024-09,0.44558125825693795
74fb1f_2021-11,0.7459763589738443
7bf5c9_2024-05,0.26576643161507085
c5df88_2023-06,0.2472786750340366
74fb1f_2022-03,0.6707484753455395
7aa803_2024-12,0.7909687435184098
74fb1f_2017-04,0.33813090134304136
7bf5c9_2022-03,0.7114808814933415
f1543b_2016-11,0.18754491622230263
9b46ed_2021-04,0.7038747446805098
7bf5c9_2015-06,0.2765665370519113
022433_2023-11,0.5711389010501
9b46ed_2023-03,0.3023938765571692
c3a69f_2014-12,0.24571452310644445
34889b_2022-01,0.18426885929670378
77e86b_2018-02,0.25130898594525314
94f933_2024-04,0.32889738682930775
18defd_2015-04,0.31350119058123854
77e86b_2023-09,0.7715554146332786
c3a69f_2014-10,0.4248727100401588
92dcdd_2021-01,0.6007959200091177
94f933_2025-03,0.2943757157582473
94f933_2024-11,0.71222932151133
94f933_2025-01,0.3547068062778312
92dcdd_2021-03,0.20059347358827023
7bf5c9_2017-04,0.3644615263764533
c580aa_2024-10,0.7533294448582379
e2e0ce_2018-05,0.6797724329587861
c580aa_2025-08,0.5994670772986251
e2e0ce_2018-04,0.3388817782627094
c580aa_2023-04,0.7689461077848616
e7a56d_2017-02,0.7822753459693658
e7a56d_2017-11,0.7215530813968136
98a151_2020-11,0.7603197914434576
60a0fd_2018-07,0.7234054555431373
60a0fd_2023-08,0.20599656761054322
7e646c_2024-06,0.44317920374296105
60a0fd_2021-02,0.7719203193119734
77e86b_2019-04,0.268620810096055
98a151_2024-01,0.47516758454092944
0874ee_2014-07,0.2389034947361409
e3af0e_2025-05,0.31388476092616613
7e646c_2022-12,0.2792489554471653
6da35b_2024-05,0.3045999653952685
77e86b_2022-04,0.23517401009616035
e3af0e_2018-06,0.18587354908032555
7e646c_2025-01,0.27357320842163296
77e86b_2022-08,0.31204332197523943
7bf5c9_2022-11,0.1915633124992337
98a151_2017-12,0.5721448104798623
7e646c_2025-02,0.41567025370855337
74b7d1_2023-06,0.46355912945487
829a72_2019-08,0.628501237728984
98a151_2017-10,0.7117205215764251
7e646c_2023-07,0.407573266920493
7bf5c9_2018-07,0.33467885745329906
98a151_2021-01,0.7444249589386237
829a72_2017-02,0.6173305843288203
e3af0e_2019-04,0.36010454105777856
e3af0e_2019-06,0.22350591314336712
98a151_2019-04,0.3258894079395557
77e86b_2019-07,0.33536526447057236
74b7d1_2022-07,0.7376359400595529
77e86b_2019-12,0.2630250089742857
74b7d1_2024-09,0.6308931220061593
7e646c_2023-04,0.35074557179476934
e3af0e_2021-06,0.7261162531831051
6da35b_2025-06,0.4610158434614676
cd0e60_2021-04,0.8063169314232697
98a151_2019-05,0.3477989060559653
7bf5c9_2025-05,0.6223481565711144
829a72_2023-05,0.2162984149291824
77e86b_2019-09,0.2670568810185484
7bf5c9_2017-08,0.2297651750566013
3a13b3_2017-10,0.48236499134412086
18defd_2018-08,0.5697671539003769
375f2e_2023-01,0.8213358692800062
6224d0_2020-05,0.8220332888774529
7bf5c9_2017-05,0.3642098880667834
8d0588_2015-02,0.33685882205078366
8d0588_2022-01,0.539668423551245
b59bc0_2022-03,0.6009457492032073
b0ff51_2017-12,0.3498959491792012
b0ff51_2024-12,0.6829460072233778
b59bc0_2021-08,0.48517386152948294
b0ff51_2017-02,0.6022226770843387
b0ff51_2016-08,0.33504622633076503
b0ff51_2020-02,0.29018731296324496
0cecbd_2019-08,0.1927752503812424
8d0588_2017-06,0.5570498656735409
b59bc0_2025-08,0.3910053726700252
b59bc0_2023-10,0.33952633230955626
b59bc0_2024-07,0.5823046918749883
b59bc0_2020-11,0.3909850119975028
b59bc0_2023-08,0.26808069027947096
b0ff51_2014-09,0.25830518274138037
b0ff51_2016-06,0.4416423400770987
b0ff51_2021-12,0.5011655293364687
8d0588_2018-04,0.21410957135663322
b0ff51_2020-01,0.4640323286747055
b0ff51_2025-02,0.3818995450063406
b59bc0_2018-07,0.5549798590432787
b59bc0_2021-09,0.40389494419840605
8d0588_2023-12,0.3230563677103097
b59bc0_2014-11,0.28113459549643627
8d0588_2025-06,0.5466474384412352
b0ff51_2014-07,0.33691651954174107
8d0588_2019-11,0.31822066655739084
8d0588_2020-02,0.3525501139483048
b0ff51_2023-01,0.5520895502378733
8d0588_2018-03,0.738379099753519
8d0588_2019-10,0.23145150855915242
b0ff51_2016-01,0.47924930323374115
b0ff51_2022-08,0.4811424768873877
74b7d1_2023-09,0.443196069801604
b0ff51_2023-07,0.42378930765968387
b0ff51_2023-10,0.25387563963674026
b0ff51_2024-05,0.4998189891417345
b59bc0_2017-01,0.39809014886969607
b0ff51_2017-04,0.6027334571788628
b0ff51_2025-03,0.6566261634980007
b59bc0_2024-12,0.6876481736477447
b0ff51_2022-04,0.5478525511852451
b59bc0_2019-02,0.3292861276408994
b59bc0_2021-11,0.7141547097507368
8d0588_2021-02,0.5594846031353183
b59bc0_2022-09,0.19478294805291307
b59bc0_2023-01,0.48550588409691553
8d0588_2018-05,0.2322961791388706
8d0588_2022-05,0.48843623125434404
b59bc0_2021-07,0.24727369865609408
b59bc0_2024-06,0.38387671036246035
0cecbd_2019-03,0.1815467017788576
375f2e_2017-08,0.5654486252129999
4718d7_2024-12,0.27334779788973673
b08ec1_2016-01,0.2501580863147691
3a13b3_2019-07,0.3736534294591897
5ecf9b_2023-03,0.7146603261013993
545d15_2022-02,0.4850757339342609
545d15_2023-12,0.3584034567300921
5ecf9b_2022-12,0.1922851019189437
5ecf9b_2025-04,0.571407840415893
545d15_2021-08,0.3584034567300921
545d15_2025-04,0.3657715615107371
c580aa_2018-07,0.4630483358215448
92dcdd_2018-10,0.6296948282867285
545d15_2022-09,0.3657715615107371
545d15_2024-09,0.3657715615107371
ab32d7_2025-07,0.6778912199891951
1b9e65_2015-10,0.49994072856420413
545d15_2024-06,0.3657715615107371
77e86b_2016-05,0.46590429773979414
74b7d1_2019-12,0.7903534499647606
0ffc2d_2021-04,0.612995306946005
829a72_2023-01,0.23724242727216166
8b98f3_2021-12,0.20912854870851122
74b7d1_2017-07,0.7377783273962397
ab32d7_2022-05,0.34011478387576327
8b98f3_2022-02,0.5144488232566671
948a11_2025-02,0.7998982258212167
b1de95_2015-05,0.4774491300513022
7bf5c9_2015-12,0.5843354203277218
175155_2020-07,0.30986630956906736
fb34b4_2024-02,0.7882147608340782
7bf5c9_2022-04,0.4670801385637258
5a0174_2017-04,0.3819894743138325
4718d7_2020-12,0.38152105856451624
06534f_2015-05,0.34143435470189837
e361b7_2014-06,0.32055642695313225
e361b7_2023-12,0.5175387516535157
3a13b3_2020-04,0.618073383232834
e361b7_2018-11,0.8126973450540438
c5816f_2018-06,0.22054780254942674
8ec563_2015-02,0.2732466843378399
e4bc80_2017-04,0.33713842435222446
3a13b3_2025-04,0.7269625168386041
531356_2023-02,0.7434567341323457
e4bc80_2020-09,0.6522275646911494
894378_2017-04,0.26490073393096647
894378_2019-04,0.4204680018532211
3a13b3_2016-09,0.29857285005547723
b1de95_2020-07,0.7872963499712867
fd589c_2015-04,0.44625628196064715
894378_2025-02,0.4215557072216211
c5816f_2014-10,0.23722564995950846
531356_2017-11,0.385971883009852
06534f_2015-06,0.38327135173591786
c5816f_2022-10,0.32603233215985805
8ec563_2016-08,0.8107546794670896
06534f_2015-01,0.24425190088348298
c5816f_2014-05,0.3952388461339965
3db670_2024-02,0.7732797229430874
06534f_2021-08,0.6559706409791162
e361b7_2017-07,0.37174774355188267
3a13b3_2016-06,0.723333271184679
b73bc7_2023-04,0.7895422770574785
06534f_2014-09,0.689148264091944
c580aa_2024-04,0.7770157241374264
c5816f_2018-04,0.22781021163430135
3db670_2024-06,0.3864883299581572
b1de95_2024-10,0.700181810449192
e4bc80_2018-03,0.5779118912568114
e4bc80_2020-03,0.751760103121766
8ec563_2018-04,0.18407909086514057
8ec563_2022-01,0.255461212724997
3a13b3_2024-05,0.7659497824818058
fd589c_2018-02,0.21977305836435637
8ec563_2019-02,0.1990757810373011
06534f_2020-06,0.30263372083041257
c5816f_2015-02,0.3011413511668175
19fa84_2018-01,0.3357265054947749
3a13b3_2020-12,0.2168793839926241
b73bc7_2025-09,0.5895001114893713
c5816f_2019-03,0.20132308707038565
06534f_2015-02,0.24971708443304616
c580aa_2016-05,0.7081260236861737
19fa84_2021-06,0.8073930761413909
b73bc7_2021-09,0.660944886763434
c580aa_2020-10,0.799908037401593
e361b7_2023-01,0.17533032203219695
c5816f_2025-06,0.2245937262584718
8ec563_2022-08,0.2143221475686054
06534f_2016-02,0.4121375988697234
c580aa_2025-07,0.5603819819429388
b1de95_2020-12,0.32000211075034485
1bdb97_2025-04,0.8026739080164742
c3a69f_2018-06,0.3530010406239641
c3a69f_2021-04,0.7829869203693107
db5006_2017-03,0.48013543691396166
439fde_2019-01,0.22354244463378845
5a0174_2018-06,0.17742534989816486
98a151_2017-03,0.23699752330207707
5a0174_2014-12,0.2099809947442793
5a0174_2015-02,0.1803437451580015
259a19_2016-12,0.5190362961720826
98a151_2015-08,0.18347485267506283
db4cd8_2018-07,0.6441148461930005
8005b9_2025-09,0.5095630941087956
c5df88_2017-05,0.4089639243320968
4718d7_2020-04,0.30369518082701347
531356_2018-10,0.37499869278020714
8005b9_2020-04,0.676012342012179
1b9e65_2018-11,0.29434061424641145
18defd_2022-12,0.2118805911143235
439fde_2020-05,0.34149466785326965
14fe3a_2021-05,0.6339303146976322
74fb1f_2018-03,0.6867848185246331
e2e0ce_2018-03,0.6344631805099428
d59611_2015-06,0.48984552974075435
0874ee_2018-08,0.19111561650327508
f4604d_2021-12,0.6913908769305632
18defd_2017-10,0.4236753051828117
531356_2022-02,0.8020147978140353
d59611_2015-05,0.48538720888193077
c48018_2017-07,0.6631757872942873
3db670_2017-06,0.7545707560535309
e7a56d_2017-09,0.20966546087627558
c48018_2018-09,0.30536848425684304
18defd_2021-01,0.2118805911143235
c48018_2021-03,0.2118805911143235
e60b65_2016-04,0.20445834315866646
fc2511_2025-08,0.45614028157122133
e7a56d_2020-05,0.24212260202251326
c48018_2015-05,0.2152407386557295
18defd_2016-07,0.33896653901763
259a19_2017-08,0.20217712999067236
3a13b3_2022-12,0.6640220309952415
c580aa_2015-08,0.29037363801230126
c3a69f_2015-02,0.3316796552017841
60a0fd_2020-04,0.21467378298606238
f461d4_2016-09,0.17427528857104657
60a0fd_2016-06,0.2568543934467084
b59bc0_2016-04,0.21447254833423104
6f5e2b_2017-08,0.23745800146595536
83894c_2022-05,0.3262139390612338
b08ec1_2020-10,0.2730600765955752
99c11c_2022-02,0.25207306192378515
f461d4_2017-01,0.5120017201536478
e3af0e_2015-05,0.2166555165120158
98a151_2017-06,0.19418677803280784
e361b7_2017-04,0.6908461567735342
4718d7_2021-07,0.26004131702936906
f461d4_2016-02,0.2634040544247943
9b46ed_2017-05,0.3989703773801566
60a0fd_2016-07,0.24518917694081716
e3af0e_2016-10,0.27807082296495245
5a0174_2018-07,0.2277885207526537
8fabe0_2016-08,0.24246412900619058
f461d4_2017-05,0.28644482120563625
e3af0e_2016-07,0.2076549101278355
f4604d_2015-07,0.47549615867786005
99c11c_2020-09,0.34100301056057625
8ec563_2017-07,0.25793151948788645
f461d4_2020-05,0.2976514805776846
98a151_2016-10,0.29545600732602706
829a72_2021-08,0.30499393107815553
fb34b4_2024-04,0.6200247722890329
5a0174_2020-05,0.27319363524493845
6f5e2b_2018-11,0.5873336108228806
83894c_2021-02,0.8051634231794254
5a0174_2016-04,0.2199751931907728
8fabe0_2016-09,0.2501940338924323
8ec563_2017-06,0.23008352206921323
9af74c_2015-05,0.5344244554210713
e361b7_2017-12,0.3578726683618873
6f5e2b_2015-09,0.7428041521183931
f1543b_2015-12,0.28060349170207954
77c35f_2022-08,0.588036301252443
fd589c_2017-07,0.5696559920357738
6f5e2b_2015-07,0.6707866639928166
19fa84_2018-11,0.21096328113388899
77c35f_2022-12,0.3450665717303538
9cf1af_2022-06,0.7698942985828356
d86999_2024-02,0.25941905192043413
77c35f_2023-05,0.7546436433831497
e361b7_2016-10,0.20536965565297177
77c35f_2023-07,0.7921818071586538
9cf1af_2022-02,0.3403121671285226
6f5e2b_2015-08,0.6707866639928166
302d40_2022-08,0.6556024383355277
db5006_2018-10,0.6325430989788324
29849f_2016-06,0.7738676497374813
8fabe0_2015-09,0.33507025080588376
948a11_2024-01,0.6443327175917711
439fde_2020-02,0.248179523628652
c3a69f_2019-09,0.37087521663020107
829a72_2020-05,0.6132840116361479
98a151_2020-05,0.6040692490595398
439fde_2024-02,0.23077442729283365
8b98f3_2025-05,0.5698623472455322
e3af0e_2020-08,0.6878953949133717
b1de95_2017-01,0.8001818314643196
8b98f3_2024-01,0.45037214537582326
bc4c03_2021-05,0.29445947846935794
fc77d0_2018-10,0.25541547880138105
9af74c_2016-06,0.6259489794803801
987bc1_2018-08,0.5614523394827033
375f2e_2017-10,0.3245791587538408
1822ea_2017-12,0.766782681271748
9af74c_2017-02,0.5292742889151161
9af74c_2017-11,0.3972589779167325
375f2e_2017-03,0.27685965926104766
9af74c_2017-12,0.2911651762754782
439fde_2017-05,0.6820607452313497
99c11c_2023-01,0.24576348668478679
c3a69f_2022-05,0.7490247891269894
87cfea_2024-09,0.37461304857224453
83894c_2021-04,0.6965876676357118
c3a69f_2017-08,0.5844904789321308
83894c_2021-03,0.7870881984623619
99c11c_2022-12,0.3206745787026183
439fde_2021-10,0.6109389584860663
c3a69f_2019-07,0.40861234039811023
83894c_2019-11,0.29162818892047465
87cfea_2019-11,0.25466659139090975
99c11c_2023-02,0.21412842906720408
439fde_2020-07,0.48405977844311243
c3a69f_2016-09,0.778508959378873
99c11c_2021-12,0.19294428682414183
c3a69f_2018-07,0.6473266584743206
83894c_2021-11,0.5956376774121053
87cfea_2024-03,0.4234777857554607
83894c_2018-12,0.23887963409556043
439fde_2017-08,0.739750894133182
77e86b_2017-09,0.7596699538565709
c3a69f_2020-07,0.3394262751029422
99c11c_2021-07,0.4126145038912033
87cfea_2024-12,0.19048830902903516
439fde_2022-05,0.7667377783235564
99c11c_2016-05,0.676643126204062
99c11c_2021-08,0.23649231841430982
99c11c_2024-12,0.7318284218544846
e60b65_2017-05,0.6249445776670239
6838b9_2021-02,0.2121327713560932
987bc1_2017-07,0.2456610270135852
34889b_2015-08,0.33285777011134515
83894c_2020-02,0.44153096653619883
29849f_2021-04,0.49250756722354155
fb34b4_2024-03,0.49001611786889293
29849f_2020-08,0.7372459803131519
90abb1_2017-10,0.20090815344667465
7aa803_2016-05,0.7600616434134242
c3a69f_2015-11,0.41715780817344167
f4604d_2015-10,0.7211597421374638
175155_2021-01,0.564860581350775
0cecbd_2017-07,0.2661975659164244
29849f_2021-12,0.488644923327025
9b46ed_2020-08,0.7723112947056432
0cecbd_2015-04,0.1928292031076925
e60b65_2015-06,0.5160928415506154
7aa803_2017-08,0.7983200655756937
f4604d_2018-08,0.6798555974955639
29849f_2022-02,0.5799249685793673
4fb2d3_2015-11,0.3550960432223709
bf6f0d_2014-04,0.21494132985565
9b46ed_2021-09,0.7452119351977952
b1de95_2021-03,0.7442085871644515
b1de95_2021-06,0.6267388359703119
f500c5_2018-09,0.7085685944759585
88a9a6_2017-08,0.7589927855098801
b73bc7_2022-03,0.71758224941631
c580aa_2022-07,0.8095951370287681
3a13b3_2022-11,0.757239314537558
c580aa_2020-11,0.4406126051067324
c580aa_2022-02,0.7503165887754392
a42d13_2016-11,0.6355374915383611
b73bc7_2023-11,0.5447725517725043
f500c5_2018-08,0.7029928437234496
b73bc7_2022-06,0.7178321589624033
c580aa_2025-09,0.5550809640057786
439fde_2017-10,0.7951210125037439
19fa84_2017-05,0.593488517797109
c580aa_2021-12,0.4162620034136322
3db670_2021-05,0.6052497154496483
88a9a6_2017-10,0.7432367234941439
b73bc7_2018-08,0.4691362791269166
3db670_2016-12,0.1942726093548539
b73bc7_2024-02,0.5851289451357014
8d0588_2015-10,0.2919415106832208
8d0588_2016-03,0.2919415106832208
af81b0_2018-07,0.5247675075089153
74b7d1_2018-08,0.7450273564969446
77e86b_2020-04,0.5762813175972651
74b7d1_2016-01,0.43723580433968684
83894c_2019-06,0.37301020923306144
74b7d1_2016-06,0.4980189164506278
7bf5c9_2016-03,0.22691877605926142
2ed4f9_2025-03,0.337679184492325
0cecbd_2018-09,0.7179254845887956
77e86b_2021-08,0.584453025343928
439fde_2018-11,0.41958973459800497
6224d0_2016-08,0.7359652070565821
83894c_2023-02,0.6051168939583228
83894c_2023-10,0.5759298761760097
fc77d0_2018-11,0.34090105805064763
e60b65_2017-07,0.33610007033541944
06534f_2017-09,0.7969293749810158
e3af0e_2018-11,0.45391279547392943
e2314a_2021-02,0.24065066341633362
83894c_2023-01,0.5759298761760097
87cfea_2018-06,0.4954370065106497
439fde_2018-08,0.4182964114208475
531356_2016-04,0.3107257953388139
b416b1_2016-05,0.5065516036274941
af81b0_2015-12,0.34483845389357415
375f2e_2020-05,0.7184988831818477
af81b0_2017-01,0.2062908528056801
af81b0_2020-05,0.18426609311923858
b416b1_2015-12,0.5065516036274941
88a9a6_2015-06,0.5846862308182932
74fb1f_2015-12,0.7820636633598455
cd0e60_2023-08,0.726029442005167
c3a69f_2017-01,0.20930828542512997
cd0e60_2023-11,0.7357237842276061
cd0e60_2024-10,0.726029442005167
8005b9_2016-06,0.66265467782116
c0f884_2025-09,0.6545065031608794
34889b_2021-01,0.4899363690512127
175155_2016-07,0.381627717150101
34889b_2021-02,0.604742597984161
531356_2016-11,0.47546902220009973
894378_2017-05,0.1836536315603872
439fde_2015-11,0.30695331854914504
77b3b9_2015-11,0.32642453651809966
894378_2017-07,0.388707858294132
c5816f_2015-05,0.41573749243204994
bf6f0d_2015-05,0.7908327232476241
98a151_2018-11,0.7428407314957033
b416b1_2015-05,0.20199453712224225
6838b9_2025-09,0.7944008383737188
b416b1_2017-12,0.6721214609466846
0874ee_2016-10,0.7130378316484136
5a0174_2017-10,0.4869831951413507
175155_2015-08,0.6469679822874872
dc4b5e_2021-09,0.8023304407136795
a25664_2016-01,0.6901657826320331
2ab8ad_2016-05,0.7140801440710067
34889b_2018-07,0.18679631705224392
9b46ed_2016-07,0.6912931820864532
2ab8ad_2017-09,0.7986493631512903
7aa803_2016-11,0.4449320137563131
2ab8ad_2016-03,0.6157996463584003
34889b_2020-04,0.18282329435201322
dc4b5e_2021-07,0.789754306445962
8005b9_2015-08,0.2505986824734921
2ab8ad_2016-04,0.5368798368869154
8005b9_2015-07,0.2505986824734921
b08ec1_2020-12,0.37055991086412277
9b46ed_2016-08,0.6912931820864532
dc4b5e_2020-11,0.8023304407136795
293190_2017-11,0.7548573163628871
dc4b5e_2021-03,0.789754306445962
99c11c_2018-11,0.4854744781864829
99c11c_2019-01,0.4910567313643096
83894c_2017-07,0.7193257453888625
a97df3_2020-11,0.44776081262350437
a97df3_2021-02,0.5111456476518448
83894c_2017-11,0.7297411745407327
99c11c_2025-01,0.4407716448759917
3a13b3_2018-10,0.8187599855902375
af81b0_2017-09,0.6934849440469467
0cecbd_2016-10,0.2993864543956219
99c11c_2019-02,0.5629521407774318
a97df3_2021-04,0.44776081262350437
0cecbd_2016-06,0.28911386672038863
3a13b3_2021-05,0.7491922243228846
894378_2018-07,0.5782998154600435
e7a56d_2015-11,0.6182717976153745
af81b0_2021-07,0.7695543876334687
af81b0_2020-11,0.7764289496818468
af81b0_2021-04,0.7764289496818468
af81b0_2021-10,0.7695543876334687
e2e0ce_2015-09,0.5358607631639378
74fb1f_2016-08,0.6586766024575758
88a9a6_2016-11,0.40549887799945206
c5df88_2016-10,0.39874572042234957
e2e0ce_2015-10,0.5256398273228509
c5df88_2016-11,0.45938804730399296
9f1aa0_2015-06,0.6533232511200883
e361b7_2018-08,0.26688496575215553
8ec563_2017-05,0.22665186461735515
db5006_2016-01,0.2529574390016573
19fa84_2016-10,0.19363785161118763
e4bc80_2020-07,0.2119875430552281
8ec563_2017-03,0.7389279058898335
894378_2017-01,0.20252551127582713
894378_2020-04,0.796047661940081
894378_2015-07,0.1769034579491963
e4bc80_2020-06,0.2213715381016353
894378_2016-10,0.20252551127582713
e361b7_2016-04,0.22857641096665865
1698cf_2016-02,0.5680045573194333
19fa84_2016-03,0.2145247937680841
fd589c_2016-12,0.1958385875376231
1698cf_2016-01,0.5100187286987407
e361b7_2017-03,0.37097470347378503
894378_2015-09,0.21016770070963914
fd589c_2017-11,0.30471074273004506
e4bc80_2017-09,0.3733849709711978
c5816f_2015-09,0.2391691013568317
19fa84_2016-12,0.19047991972740536
f461d4_2018-11,0.2125475559564039
fd589c_2016-08,0.1958385875376231
8ec563_2018-08,0.21148096475233324
8d0588_2015-06,0.39186101511851873
b59bc0_2016-11,0.31831230112751674
94f933_2025-09,0.38558617801441425
83894c_2017-01,0.6612061430437421
a42d13_2022-05,0.3505335578209742
a42d13_2019-09,0.35223147799088766
a42d13_2020-11,0.35223147799088766
a42d13_2021-02,0.36046630068788066
c48018_2016-01,0.7276376515652531
a42d13_2020-06,0.35223147799088766
a42d13_2019-08,0.3505335578209742
a42d13_2020-07,0.3505335578209742
fb34b4_2022-09,0.2970717611407051
db5006_2016-09,0.5045141205333632
6224d0_2025-09,0.4664559817863988
531356_2016-09,0.24190985299116266
0cecbd_2017-09,0.26836083387676496
0cecbd_2021-09,0.32835936129226573
7aa803_2017-03,0.564042903136138
531356_2016-02,0.6463452176399184
bc4c03_2016-12,0.6582844182423402
99c11c_2017-11,0.6978595691388768
f4604d_2020-02,0.8107502057549173
531356_2020-05,0.8123265745210387
29849f_2016-01,0.6446860655682787
531356_2017-09,0.7179706431360117
db5006_2021-08,0.7938584556399688
531356_2017-08,0.68994604168504
db5006_2018-08,0.8114305464495262
1b9e65_2016-02,0.5977977267284127
c5df88_2024-07,0.7901576569407596
293190_2025-04,0.7943742620043299
b08ec1_2016-11,0.23614736682912882
293190_2026-03,0.7890231312935454
74fb1f_2017-03,0.5402843668952967
293190_2026-01,0.7890231312935454
c5df88_2025-12,0.7901576569407596
74fb1f_2016-11,0.5190164514417206
a25664_2017-07,0.2658000915647181
2ab8ad_2025-05,0.7347591867154588
7aa803_2015-05,0.6531158198854365
c5df88_2024-02,0.7912288727996657
f4604d_2020-09,0.7130872824365551
1996b0_2023-09,0.6493781260141198
1996b0_2024-01,0.6516392483156077
1996b0_2023-02,0.6951127969343084
06534f_2016-08,0.62712550897408
7a007d_2016-02,0.23389802823462963
7a007d_2021-11,0.718516323464168
7a007d_2022-06,0.718516323464168
7a007d_2021-01,0.7051593775227432
7a007d_2022-12,0.7051593775227432
7a007d_2020-04,0.718516323464168
7a007d_2016-01,0.20051947741174195
7a007d_2023-05,0.7051593775227432
90abb1_2020-06,0.4839882216509501
74b7d1_2016-12,0.3637334911537264
b08ec1_2015-07,0.7210344174139821
7a007d_2020-03,0.7051593775227432
7a007d_2022-11,0.718516323464168
b0ff51_2020-04,0.6611330698218604
8d0588_2017-12,0.611678576746412
fb34b4_2023-02,0.611798309301172
4fb2d3_2020-06,0.2922687284061805
fd589c_2020-11,0.7885718803814772
439fde_2015-06,0.6197070574678459
439fde_2015-05,0.5878999855241066
fd589c_2020-06,0.7885718803814772
2ab8ad_2015-10,0.1835523864123933
439fde_2015-10,0.5878999855241066
d59611_2020-05,0.6382150362044822
987bc1_2016-02,0.2946365967732322
6c1954_2021-04,0.7512983223350156
34889b_2017-01,0.27964150619651396
db4cd8_2020-06,0.6826743501751761
db4cd8_2015-07,0.38577655307456427
6c1954_2020-05,0.7337414048034331
6c1954_2021-02,0.7625500846192143
77e86b_2022-11,0.2783058588207653
1b9e65_2020-03,0.4738292338010922
5ecf9b_2023-10,0.17524596683978516
439fde_2024-10,0.254959196676802
77e86b_2023-05,0.24113873318643547
c3a69f_2024-02,0.22594440953896192
1b9e65_2020-01,0.3233508182717554
5ecf9b_2023-08,0.6122782141218159
2ed4f9_2025-08,0.311224202325976
94f933_2023-11,0.5825485786018664
c3a69f_2025-01,0.25321872013711444
439fde_2018-05,0.5151379227624587
c3a69f_2024-09,0.37145121093501404
77e86b_2024-03,0.2391727382625438
74b7d1_2023-07,0.7520152629277763
74b7d1_2023-08,0.41386423000894973
c3a69f_2024-06,0.30967808795739316
77e86b_2025-07,0.3131495182288684
77e86b_2020-02,0.2393305892238112
439fde_2025-06,0.3695503436726725
77e86b_2015-03,0.31974216005959005
c3a69f_2024-08,0.35035272564120457
439fde_2014-11,0.3646059428481203
439fde_2025-04,0.36650710094287264
77e86b_2014-09,0.23691251463877022
77e86b_2024-05,0.2677680343077806
77e86b_2014-12,0.24676099577298766
94f933_2024-12,0.22264789335961427
9befc8_2022-07,0.3328335392543974
d86999_2018-03,0.1836609138561039
d86999_2018-11,0.24311520818206578
8bd3ce_2016-08,0.5421856481219036
b26809_2020-05,0.37720512973058984
b08ec1_2024-10,0.29813041890687003
4fb2d3_2021-12,0.23952405688243505
a25664_2025-06,0.2745872452685558
2ab8ad_2015-03,0.4367773211869254
7aa803_2018-02,0.5141979096992293
88a9a6_2016-08,0.5309116983634067
9b46ed_2019-03,0.604408834445077
d86999_2016-10,0.31664167466083487
fc9334_2017-11,0.1768505813322265
b08ec1_2025-03,0.21185248330820627
293190_2014-10,0.40547350593281434
293190_2023-10,0.4460071485001521
74fb1f_2025-08,0.22198327089835015
8e41cf_2018-07,0.18742200174868223
fc9334_2019-06,0.17520145928199476
8e41cf_2024-02,0.17631262531862785
9af74c_2021-08,0.3158609151728112
e2e0ce_2021-01,0.7931758376215905
74fb1f_2016-02,0.7946981382932062
74fb1f_2023-02,0.5726769366492076
7aa803_2022-12,0.2559052450328956
7aa803_2025-08,0.7258861619184546
e3af0e_2025-01,0.2633840641192713
e427f8_2025-02,0.1920452013458168
e3af0e_2019-01,0.36285549486751784
d86999_2021-05,0.7857389076790275
fc9334_2015-11,0.18369300923368187
fc9334_2020-10,0.24553847577542634
8e41cf_2020-06,0.6620419605878133
a25664_2024-04,0.25339060031098126
293190_2019-03,0.3933034006982524
74fb1f_2023-05,0.5069693971343183
7aa803_2023-04,0.4376662013999777
0f9e86_2022-09,0.24990141007576638
bfbeef_2016-11,0.1800010938131488
bfbeef_2022-04,0.31472683498215764
dbb709_2023-07,0.7120720489637314
9cf1af_2025-05,0.6405867162308155
e427f8_2024-04,0.7710747935064824
60a0fd_2025-07,0.18751031857899875
d86999_2019-06,0.37554794788508145
d86999_2020-12,0.698965922187963
6c1954_2021-12,0.17592085211008318
fc9334_2020-01,0.1741211573615447
8bd3ce_2022-05,0.19293498895986114
b08ec1_2019-08,0.20334223292243814
265164_2024-04,0.26473510292771435
e2e0ce_2015-08,0.5256398273228509
e2e0ce_2024-07,0.2233940462017742
2ab8ad_2021-03,0.4828313848853136
98a151_2017-05,0.24364538273789135
98a151_2021-11,0.5387181612616727
d86999_2017-01,0.18329614354852258
d86999_2021-11,0.7105303918579431
8e41cf_2024-10,0.8201070583381981
6f5e2b_2016-05,0.750504475857967
2ab8ad_2024-08,0.25239472010687647
88a9a6_2022-04,0.35701431331579747
9befc8_2022-08,0.3751120083393772
98a151_2024-11,0.361864632097494
d86999_2015-04,0.39763075401397124
fc9334_2016-08,0.17797365758812975
8fb6f0_2015-10,0.19830529907908684
9af74c_2023-08,0.5999655585359179
6224d0_2022-02,0.17797452399976246
175155_2019-12,0.3011410067901895
88a9a6_2017-12,0.7132447890893208
9b46ed_2017-02,0.6586278262888482
829a72_2024-04,0.21269907624263934
e427f8_2025-08,0.525862164806653
b26809_2020-02,0.2274267751996148
fc9334_2023-08,0.18307791426311718
8e41cf_2015-08,0.4236583134733092
8e41cf_2025-07,0.7145020434959617
4fb2d3_2015-02,0.1828165338096994
bc4c03_2022-02,0.3438093471165993
829a72_2025-07,0.19477216203471123
9befc8_2024-02,0.41777461113487674
8bd3ce_2022-10,0.18716127323973614
9cf1af_2024-03,0.2094358404824676
9cf1af_2024-12,0.3817980734019434
fc9334_2020-12,0.20418165026328
fc9334_2024-08,0.19201007548200813
8bd3ce_2021-07,0.17866985772305558
8e41cf_2025-01,0.19656202974916126
4718d7_2019-07,0.22387503426098093
74fb1f_2021-05,0.6230212478773398
7aa803_2014-09,0.6995980457112483
3db670_2015-02,0.18693807391962028
9b46ed_2018-03,0.5102644487106522
bfbeef_2018-11,0.18475500836718745
98a151_2023-03,0.5483148402171325
8bd3ce_2017-01,0.2480286449814629
8bd3ce_2019-05,0.2634106404294851
8e41cf_2021-02,0.2303576944066641
2ab8ad_2024-11,0.2057290679022231
c5df88_2023-03,0.5159318893533774
88a9a6_2021-08,0.23909372638526033
60a0fd_2019-07,0.202090635192493
780a0b_2016-02,0.22242644826532745
fc9334_2024-12,0.35198423113405874
8fb6f0_2025-02,0.18108975025118662
b26809_2014-03,0.1831433736817814
b26809_2016-03,0.22840967403187404
b26809_2016-10,0.18012123640278552
fc77d0_2020-10,0.6472206526114519
4718d7_2019-03,0.1727245530066067
bc4c03_2022-09,0.2897231035736232
db4cd8_2019-04,0.17325839765991483
74fb1f_2021-03,0.6494526402653352
9b46ed_2014-12,0.5771082063508788
11f0e3_2025-05,0.43626830292893903
bfbeef_2024-07,0.43094098365470374
829a72_2023-08,0.5576469139408115
9cf1af_2023-06,0.4892896233876026
d86999_2014-09,0.5923801534587926
8bd3ce_2019-06,0.2272107542693837
9af74c_2022-07,0.5822911071440582
4fb2d3_2023-10,0.2939940037336662
f25ffe_2023-09,0.22411919036450523
6224d0_2019-06,0.27552966374031684
293190_2022-02,0.22961404549650455
293190_2022-12,0.4042218767592498
e2e0ce_2024-08,0.7881350623274965
74fb1f_2017-09,0.6916910408161832
dc4b5e_2024-03,0.29606595676130754
77c35f_2025-03,0.36790753879924765
8bd3ce_2018-09,0.24864268708738568
9cf1af_2024-11,0.4543484892284195
e427f8_2022-01,0.5804610769221448
e3af0e_2024-05,0.1832114752433324
8bd3ce_2020-11,0.1979917474884445
34889b_2024-11,0.18014912654509085
259a19_2020-02,0.17649910253018702
a25664_2015-02,0.1810427824588584
e2e0ce_2017-02,0.39261819973116074
2ab8ad_2017-05,0.6517921634424608
c5df88_2016-05,0.33759048544112824
88a9a6_2016-02,0.39497350404638026
9b46ed_2024-12,0.44525947881704625
11f0e3_2024-07,0.20944617619649059
293190_2015-11,0.2933497597859956
9cf1af_2022-08,0.2945733311798722
fc9334_2025-03,0.18529758030478738
8bd3ce_2023-04,0.18989469730971967
4fb2d3_2019-03,0.17342696537024577
a42d13_2025-05,0.2566259192328676
c5df88_2015-10,0.36543275605645004
74fb1f_2017-10,0.6943664252084293
88a9a6_2022-06,0.26363794657412665
9cf1af_2023-05,0.41327201640957617
98a151_2022-10,0.2084196383236625
829a72_2018-06,0.493651134254952
e427f8_2024-11,0.598417814336892
60a0fd_2019-03,0.23087522438590807
e3af0e_2022-08,0.1964448765438705
e3af0e_2024-02,0.2912916057995857
e3af0e_2024-03,0.25229986809876304
d86999_2018-01,0.25222789667627177
8bd3ce_2022-08,0.3159615515096581
8e41cf_2015-01,0.18003664871110697
34889b_2018-06,0.2298749264344176
6224d0_2023-08,0.3214125668828537
88a9a6_2015-03,0.5267454528557491
302d40_2023-09,0.4063060560208167
302d40_2023-11,0.26704249399962654
829a72_2025-03,0.2897416268794887
302d40_2024-07,0.35122118035168093
d86999_2025-01,0.3347599137452061
d59611_2023-01,0.6985892054988858
8fb6f0_2021-08,0.8197612369517004
8e41cf_2025-04,0.3329570878300203
b26809_2022-01,0.38262529697969
f25ffe_2024-01,0.40149036958292666
1698cf_2019-03,0.31603881150730606
175155_2021-07,0.6706580338458467
2ab8ad_2021-01,0.37278183697743394
7aa803_2023-10,0.25213408326957437
e7a56d_2014-07,0.3012397263095079
e427f8_2023-07,0.4736771762999254
829a72_2018-12,0.24349877379879162
8e41cf_2016-02,0.21823054316239449
d86999_2021-08,0.6061430920661995
d86999_2023-06,0.7409189750624018
b26809_2016-08,0.2072229847276279
fc9334_2019-05,0.2540636684546168
8e41cf_2022-12,0.20298230980485873
731908_2024-06,0.19542860652387936
11f0e3_2024-12,0.17531418794804354
0e8d73_2025-04,0.18614196177445652
bc4c03_2019-09,0.2034164068141296
9b3bd5_2025-03,0.22575535369838037
9b46ed_2015-04,0.7943934154287381
fc9334_2016-06,0.1741488664238372
e427f8_2024-01,0.20278781996991357
bfbeef_2020-01,0.17299372853438372
dbb709_2023-01,0.24017713651007896
60a0fd_2021-12,0.4868079577326025
302d40_2025-07,0.783790717944408
8e41cf_2021-04,0.1743457892917159
b08ec1_2022-06,0.19327656118417202
fc77d0_2024-02,0.22040324059023025
f461d4_2017-07,0.2593507073837845
bc4c03_2018-06,0.22370711059796972
74fb1f_2022-06,0.2738607628315202
7aa803_2014-10,0.3826031750055039
7aa803_2024-04,0.4070055233527234
88a9a6_2021-06,0.382107297722436
9cf1af_2023-01,0.25850633796792866
9cf1af_2024-01,0.23467508078049432
fc9334_2018-12,0.2847058003841082
fc9334_2022-03,0.19095845129851594
b26809_2020-03,0.19690948272123138
b26809_2024-02,0.1800215062764125
1698cf_2020-10,0.43344712684328146
db4cd8_2019-09,0.19350673056068302
375f2e_2015-09,0.5267471887071508
7aa803_2022-04,0.2694767037951934
7aa803_2024-07,0.23103510917887987
dbb709_2022-01,0.32569323262900457
9cf1af_2024-09,0.4188722718228558
e3af0e_2022-10,0.18605199848982248
fc9334_2015-06,0.24645355739934344
b26809_2015-11,0.18606620545921732
34889b_2025-02,0.42497745500652045
293190_2022-10,0.24480104169553218
2ab8ad_2023-05,0.5570141448635041
74fb1f_2021-04,0.3497996419034127
7aa803_2019-07,0.28461071021088813
60a0fd_2023-11,0.2011891299042662
8e41cf_2022-04,0.19191214416748567
265164_2024-12,0.1792847413610761
4fb2d3_2023-03,0.18097599426010977
780a0b_2024-03,0.25138674575302977
60a0fd_2024-02,0.27762754247385246
9befc8_2021-05,0.18517171603344704
d86999_2015-09,0.23642985615822898
b26809_2019-01,0.18758463665548267
8fb6f0_2014-06,0.2771127413202401
8e41cf_2019-04,0.17716876154494776
9af74c_2021-06,0.5250043238155181
4fb2d3_2023-02,0.17341538530205738
bc4c03_2019-05,0.3652457608909129
18defd_2014-12,0.26499675316138005
2ab8ad_2018-12,0.3635015432394948
8fb6f0_2024-03,0.18887189080089756
8bd3ce_2019-04,0.18690230969711025
d86999_2020-11,0.7452885115672245
b26809_2020-11,0.206393507810756
e60b65_2018-02,0.19446218820398853
6f5e2b_2019-04,0.2341010028678167
a25664_2023-03,0.18727843633677438
74fb1f_2021-06,0.2847989235199696
7aa803_2023-09,0.5741960802419561
7aa803_2024-02,0.26328211491153264
3db670_2014-12,0.1948863244061192
98a151_2023-06,0.1957254867789981
e3af0e_2022-07,0.32119952126266266
fc9334_2023-12,0.18358672967591244
8bd3ce_2023-08,0.2916955460910939
8e41cf_2021-06,0.25976032584644554
b26809_2023-05,0.2671226654792348
b26809_2024-08,0.42443326571252005
14fe3a_2019-08,0.21372661122166986
b08ec1_2022-08,0.33302600928774934
6f5e2b_2019-07,0.2904685317556921
175155_2023-12,0.20289844722489264
3a13b3_2014-09,0.4505416462521216
e2e0ce_2023-02,0.2991861020631441
74fb1f_2022-12,0.34576287170090847
829a72_2025-02,0.27260481328051916
bfbeef_2019-12,0.17553937269246375
8bd3ce_2025-07,0.6436116342671517
8e41cf_2020-04,0.7359629079873068
fc77d0_2019-04,0.19037775310361535
a25664_2024-03,0.4784957256229151
74fb1f_2015-04,0.7449967788358316
7aa803_2023-03,0.3511161026919688
88a9a6_2021-07,0.5829329049265929
3db670_2015-04,0.6480005901442507
9b46ed_2025-06,0.47483760779495976
9f1aa0_2018-06,0.19358897912968132
fd589c_2019-04,0.34237625691902573
513080_2024-01,0.18560492993920846
0f9e86_2015-11,0.19611920543428155
19fa84_2019-04,0.33354330547730804
513080_2024-07,0.20155317711176096
f4604d_2022-08,0.33232521011154714
6c1954_2020-03,0.7381324849672721
fd589c_2023-03,0.2715039186465756
510fbf_2022-06,0.1888407670455256
fd589c_2022-04,0.4073038944521906
9befc8_2022-01,0.20897351742855572
513080_2022-07,0.1905200402068973
c5816f_2024-01,0.17540146182974511
c5816f_2024-03,0.1862860481324092
6c1954_2022-12,0.17722165541231846
19fa84_2018-02,0.19794543795883696
fd589c_2022-10,0.5981451802121016
fa8553_2025-07,0.18178349216053236
894378_2019-12,0.199843883824589
780a0b_2024-02,0.19650147570370752
513080_2023-07,0.6655600280902612
513080_2023-09,0.802679850594591
11f0e3_2020-10,0.17814254407962535
8fb6f0_2021-06,0.18591366123176875
e361b7_2024-03,0.17856424368858487
510fbf_2024-05,0.4848141117521284
531356_2022-09,0.2672213797528012
894378_2020-01,0.3940134022913545
e4bc80_2022-09,0.22743585892921897
bc4c03_2021-11,0.6884869315709116
513080_2024-10,0.2403491239956245
9f1aa0_2017-06,0.2692421901011381
fa8553_2024-12,0.23001960145597256
8ec563_2020-12,0.8205564180654239
fd589c_2021-01,0.8062502117929725
510fbf_2024-11,0.19662449005264201
731908_2016-01,0.18185135736934704
8fb6f0_2015-04,0.20089314448017656
8fb6f0_2017-02,0.18637068774548957
bc4c03_2024-12,0.19096191224500703
731908_2014-12,0.19291317988476053
bfbeef_2018-10,0.19013467696522873
894378_2019-11,0.20668860634208785
8ec563_2025-06,0.3669680650119522
fd589c_2024-10,0.20711377864022285
fd589c_2024-11,0.1812054627508983
e361b7_2023-04,0.17830181307661114
29849f_2022-05,0.7885958978534509
8ec563_2018-05,0.6866812625306448
e361b7_2019-08,0.23076922733698604
e361b7_2020-11,0.38595136891990744
e4bc80_2019-10,0.7622660332820603
9f1aa0_2019-04,0.19895307278307794
9f1aa0_2020-03,0.2324247142323322
731908_2019-11,0.1825934605256518
894378_2022-08,0.20132475703218988
fd589c_2024-09,0.33912796769879067
e361b7_2018-04,0.18917196104071202
e4bc80_2018-12,0.29405997365334574
9af74c_2019-12,0.2836221644602722
fa8553_2025-02,0.18450449973115934
bfbeef_2022-10,0.3189852506832489
8ec563_2024-12,0.18125160742117608
19fa84_2019-06,0.2739920506216481
fd589c_2022-02,0.4793830172495551
780a0b_2019-09,0.17308335363359054
f4604d_2022-11,0.22005608317693248
513080_2022-04,0.21134968136401783
513080_2022-10,0.21192204016461352
9f1aa0_2018-05,0.20286238033908432
8ec563_2018-03,0.40398531878787913
e361b7_2022-11,0.17576349850870254
e361b7_2023-05,0.22605458311009835
9f1aa0_2022-07,0.20304192507346341
bfbeef_2017-02,0.21799206755675163
fd589c_2019-05,0.21368665973059953
c5816f_2021-11,0.4859510583085397
8ec563_2020-10,0.7308557003208191
8ec563_2021-05,0.6792178870196091
e4bc80_2021-02,0.2965056334882096
9f1aa0_2019-05,0.18450561251197647
bfbeef_2015-04,0.27871678112354703
e361b7_2018-02,0.22218374731352583
9f1aa0_2019-01,0.18379655463878689
e361b7_2022-02,0.21101355086955303
fa8553_2024-02,0.3281600079411459
8fb6f0_2021-05,0.1814496752762597
c5816f_2021-09,0.6937463633837965
19fa84_2023-12,0.18998027685434535
510fbf_2023-04,0.2087780103792857
bfbeef_2023-08,0.37834925859563373
894378_2017-03,0.27734536712874064
894378_2021-02,0.5665595927547695
c5816f_2023-10,0.6680484213736755
9af74c_2021-05,0.7717968832987998
513080_2025-03,0.5026037314658078
9f1aa0_2016-04,0.5178346938498314
0f9e86_2015-06,0.26191799131138793
fd589c_2024-12,0.30364410617989046
9af74c_2021-09,0.45420372149944976
fd589c_2025-01,0.22920719288920313
513080_2024-12,0.4145905223626434
8fb6f0_2014-08,0.22701379812957972
19fa84_2023-06,0.2064044518304385
731908_2024-09,0.17684764371835784
11f0e3_2018-10,0.21474786966708667
f1543b_2019-05,0.2336921284918073
99c11c_2020-10,0.2855234159347617
731908_2018-07,0.37651865273121876
8fb6f0_2023-02,0.23179443276790485
f500c5_2021-03,0.17821202641084083
87cfea_2022-12,0.21328354334901412
731908_2017-05,0.18435516625914267
f1543b_2025-02,0.17723948030503825
f1543b_2023-07,0.19017740228296823
b1de95_2015-01,0.24391126887852063
731908_2016-09,0.3824266729194755
731908_2021-08,0.19287645355241154
731908_2024-01,0.19871742569992087
780a0b_2020-04,0.5550398018533161
780a0b_2022-04,0.26853645578517865
fc9334_2019-12,0.18447461482128585
7bf5c9_2015-03,0.17647198791206892
7bf5c9_2020-04,0.5581723507998995
83894c_2022-09,0.30698368618954597
87cfea_2022-07,0.37546746872683445
8fb6f0_2017-06,0.20074047986789534
f1543b_2025-04,0.33375808673758867
83894c_2019-01,0.2001227951108433
731908_2025-07,0.26500442431323934
90abb1_2019-04,0.19162021284293024
8e41cf_2019-09,0.2233396816061608
8fb6f0_2016-12,0.1894764613813392
8fb6f0_2022-02,0.2341266059959509
e3af0e_2019-11,0.3009337393909878
b1de95_2015-03,0.18521365101709328
b59bc0_2015-11,0.22961959137188592
0f9e86_2021-02,0.19415082229213088
1b9e65_2025-08,0.2247705796978463
731908_2017-02,0.17542507936167326
731908_2023-04,0.23947177518074803
731908_2024-04,0.29449560508394035
8fb6f0_2020-10,0.7253436274772673
0f9e86_2018-07,0.34014652503104115
7bf5c9_2024-03,0.1812818283181167
f1543b_2023-09,0.3515816011299263
87cfea_2023-02,0.19720209867121366
731908_2025-08,0.23164342801077636
731908_2023-02,0.19367130489390427
9befc8_2022-02,0.17548854446795087
7bf5c9_2020-12,0.19847513912108525
99c11c_2019-09,0.5398846237889486
11f0e3_2020-02,0.1747664002449966
8fb6f0_2017-05,0.17530266633942956
9befc8_2020-03,0.173193616453857
7bf5c9_2018-03,0.19395163610143057
7bf5c9_2024-04,0.20023668873224146
92dcdd_2021-11,0.4109216595746366
87cfea_2022-01,0.21273269237356862
731908_2025-06,0.20407070867731178
11f0e3_2023-06,0.23993440217008216
b26809_2019-11,0.20699035412025818
87cfea_2020-07,0.7450402883705467
f1543b_2021-12,0.413432483672547
f500c5_2021-08,0.2744544172502067
87cfea_2021-06,0.35652911724674696
f1543b_2018-06,0.2491373500835487
f500c5_2022-03,0.205366271085963
f500c5_2025-02,0.17920112287181536
f1543b_2018-12,0.1739197147172193
87cfea_2025-06,0.3824557779740586
11f0e3_2024-05,0.2518709549688052
99c11c_2021-06,0.2969515689658685
11f0e3_2022-11,0.3254379268965908
780a0b_2020-06,0.19484822618367487
7bf5c9_2023-03,0.180207664054551
731908_2021-06,0.20317948791830998
780a0b_2018-09,0.207047844174937
780a0b_2023-10,0.17997759017417908
f500c5_2020-01,0.18576271480681178
731908_2019-04,0.17829606433574813
11f0e3_2017-09,0.4292320579706697
fc9334_2023-02,0.18211235040061874
9befc8_2021-04,0.17399624438567896
f500c5_2023-07,0.20739339038074514
b26809_2019-07,0.20404918421529877
9befc8_2025-03,0.20969569540294192
b73bc7_2014-05,0.2088284098941029
83894c_2025-01,0.20341153121505826
11f0e3_2018-03,0.23098085382108943
780a0b_2023-05,0.2539541289440093
7bf5c9_2024-07,0.20912860608427758
83894c_2020-04,0.39516988770254835
99c11c_2020-06,0.7276653107932822
731908_2023-01,0.3014001797368637
c5816f_2014-06,0.34758256021472445
e361b7_2014-05,0.3275448928838825
f461d4_2025-01,0.6858738643845486
92dcdd_2025-02,0.5803366748414988
5a0174_2015-04,0.2797803808797659
894378_2018-09,0.7189885430442364
c5816f_2017-05,0.24543205016387123
fd589c_2015-03,0.23535127382279136
14fe3a_2024-05,0.6443432770424077
8005b9_2019-06,0.45100621582585426
1698cf_2018-04,0.17129147377819046
8ec563_2018-07,0.21148096475233324
fd589c_2014-11,0.2351074638363538
60a0fd_2022-10,0.5110800335686564
e7a56d_2021-12,0.2386356769269479
8fabe0_2014-12,0.19467747518805212
db4cd8_2014-03,0.17366437990980332
5a0174_2022-08,0.3470787808619142
f461d4_2023-01,0.1854653313309485
fd589c_2017-10,0.27106758712450896
db4cd8_2023-05,0.6524947003641008
d59611_2022-06,0.33908092893390823
6838b9_2019-09,0.18324960934611095
894378_2016-02,0.42996540181352144
e7a56d_2016-04,0.4701809883498673
34889b_2019-06,0.21192317444544892
14fe3a_2021-07,0.7238804744301527
6224d0_2019-05,0.18320541146112687
34889b_2018-05,0.23353813422377198
987bc1_2018-02,0.26671192573797653
c5816f_2017-07,0.2011239770749227
6c1954_2022-02,0.20151166041537677
e361b7_2016-03,0.2156842007542692
5a0174_2014-09,0.20592526815266118
14fe3a_2019-01,0.44914033700685063
9af74c_2022-08,0.5756878849631589
1698cf_2020-01,0.20363757255163745
77b3b9_2015-01,0.19497259841780826
894378_2019-08,0.24912408968846006
19fa84_2015-08,0.40625426695088906
18defd_2018-05,0.43451976962160443
c48018_2025-03,0.26061808683110516
4718d7_2022-03,0.1792555347153796
8005b9_2019-02,0.18515694896910825
8005b9_2021-08,0.6364436992660714
0874ee_2022-02,0.1745748536350122
19fa84_2020-12,0.6966837839975812
c48018_2024-12,0.47669716080167923
8fabe0_2024-04,0.4568643682750725
175155_2019-11,0.24978593261268736
fc77d0_2018-04,0.1762821037438485
77b3b9_2022-04,0.285826018765979
e7a56d_2017-04,0.23589687978661633
e7a56d_2022-11,0.5326789458867628
18defd_2024-12,0.7944683233079104
f461d4_2024-11,0.20743464730845199
259a19_2021-11,0.7334856463468246
d59611_2015-01,0.305963768723567
14fe3a_2024-01,0.7608371545427703
4fb2d3_2019-12,0.17937736216665087
1698cf_2018-05,0.17839671314436317
77b3b9_2019-09,0.30712059507663275
894378_2017-06,0.19195829282525007
e361b7_2017-10,0.6582382688851336
e361b7_2025-08,0.7053817502917678
e7a56d_2019-06,0.35425744339867626
c48018_2015-01,0.23866244760397798
b416b1_2024-07,0.41206812954979855
259a19_2023-04,0.34028580169347367
db4cd8_2017-08,0.26962805995087474
d59611_2024-08,0.6657700369056725
948a11_2023-12,0.4617552515187583
6f5e2b_2018-03,0.3393540849426415
fd589c_2016-07,0.1958385875376231
e4bc80_2017-06,0.5336295692696474
e4bc80_2017-08,0.20111829315782895
c48018_2023-03,0.21899151270252598
c48018_2025-05,0.39341515325884824
b416b1_2022-08,0.39116716162126475
14fe3a_2021-08,0.7648316843113644
34889b_2023-09,0.31507613089745046
c5816f_2015-03,0.1848716030905737
c48018_2014-11,0.2973560569874293
4718d7_2020-03,0.43396427982653324
b416b1_2018-05,0.19941809784047948
bc4c03_2019-04,0.1787032213303355
34889b_2019-11,0.1889820688674959
f4d28d_2024-07,0.6129010911871329
987bc1_2018-05,0.17497022351878028
c5816f_2017-06,0.199478603122023
8fabe0_2025-02,0.47485541381680124
b416b1_2023-11,0.1803357406050043
4718d7_2022-10,0.3092930704801673
f461d4_2022-08,0.40824558890268686
1822ea_2017-04,0.8165427412168323
894378_2016-05,0.22469382378114816
8ec563_2017-12,0.6360575952405875
4718d7_2020-01,0.22915908929458348
8fabe0_2019-12,0.19570624010600404
9af74c_2015-04,0.7525227619310974
f461d4_2018-10,0.23185307175753073
f461d4_2022-01,0.6865115095913782
9af74c_2023-05,0.2077263472172166
c5816f_2020-02,0.17957384403181126
e7a56d_2022-02,0.6596512219945689
5a0174_2019-06,0.19086808252678827
b416b1_2019-11,0.175611860834684
1698cf_2025-01,0.43992405010942087
4fb2d3_2018-01,0.31085676699913783
18defd_2019-12,0.6116932015164043
8fabe0_2015-01,0.2074668218177255
6f5e2b_2025-01,0.4531527400943521
259a19_2018-12,0.1792016158985542
d59611_2024-09,0.42235290944843296
14fe3a_2025-06,0.5285392618608674
77b3b9_2021-07,0.7113857561944977
d59611_2022-01,0.745181599258442
34889b_2018-04,0.17264179728008014
34889b_2024-05,0.3167041221835019
987bc1_2018-12,0.2231445638882718
894378_2015-01,0.2708473118441218
bc4c03_2019-01,0.6434141095005611
a25664_2019-08,0.24173836247228836
e3af0e_2018-05,0.3052810714741495
c48018_2025-07,0.3795533008029272
5a0174_2025-02,0.4284003568985315
5a0174_2023-04,0.21567378570379075
c5816f_2016-08,0.18268480349187532
e4bc80_2017-11,0.32434904851562474
e7a56d_2025-03,0.27795336626236106
6f5e2b_2024-12,0.18993340699458
d59611_2022-04,0.17321261953406059
d59611_2024-11,0.6184332321590051
14fe3a_2025-04,0.25879628453391895
06534f_2018-03,0.5608680832951469
6f5e2b_2015-01,0.21251924394376007
f461d4_2014-09,0.22201216880957056
bc4c03_2020-03,0.7782607951198076
e7a56d_2023-04,0.2400023285778686
c48018_2014-12,0.28491416266962794
d59611_2021-05,0.25876036158156873
259a19_2014-12,0.1884847824354799
f4d28d_2024-11,0.33938539328747136
c5816f_2016-04,0.22987343907336574
fd589c_2014-07,0.3030141525470722
e7a56d_2024-05,0.7575195881685357
18defd_2024-05,0.3779534801467427
4718d7_2018-06,0.1784799153534741
b416b1_2023-07,0.37023912237034046
f461d4_2014-03,0.17794685626094445
259a19_2018-05,0.17440622156391544
d59611_2024-12,0.320455152822012
6f5e2b_2017-06,0.24518289551779643
1822ea_2019-07,0.754306262340369
fd589c_2021-05,0.7855954695851286
90abb1_2024-09,0.6873507630653319
8005b9_2025-05,0.3550882359340893
db4cd8_2021-11,0.6182031011159411
d59611_2020-01,0.2476950268709313
375f2e_2019-07,0.44117958021984743
c5816f_2014-12,0.19287383943124595
c5816f_2019-07,0.4418965970964104
e7a56d_2022-06,0.3017344760103922
c48018_2024-07,0.3942598313687438
f461d4_2022-03,0.22755505254746886
d59611_2019-05,0.3177709635343719
8005b9_2022-04,0.17449969257430392
b08ec1_2019-12,0.17303117434835055
06534f_2018-12,0.27328357886793553
259a19_2023-01,0.197995226795512
1822ea_2023-06,0.41470462497870264
b08ec1_2023-10,0.2135401295185789
375f2e_2020-02,0.45529143272174927
edda84_2025-04,0.5294061177149973
8ec563_2014-07,0.18605348524241988
fd589c_2014-04,0.4486527859866184
18defd_2024-10,0.5237376841459997
34889b_2024-01,0.18333875708053432
8005b9_2023-08,0.427858161611623
bf6f0d_2015-09,0.8115104420664572
259a19_2022-06,0.2643845271657633
db4cd8_2023-04,0.5258030502646637
4f2b6b_2024-07,0.7385920696030777
4718d7_2025-06,0.2766005875495991
77e86b_2023-10,0.2460145525078843
7e646c_2024-08,0.443390212048228
ab32d7_2023-05,0.3933735157389445
74b7d1_2024-03,0.5808631799969943
7e646c_2024-11,0.2732626933676117
5ecf9b_2022-08,0.3282323900117735
6da35b_2023-08,0.47854255982221483
7e646c_2023-12,0.27683498524972705
6f5e2b_2023-12,0.2053873978200746
259a19_2023-11,0.23675852953578147
1698cf_2024-07,0.27212906635430106
6da35b_2023-06,0.34580890144180326
74b7d1_2022-08,0.6237779609838503
0ffc2d_2023-06,0.18808369450299073
7e646c_2022-10,0.4525738935031514
8fabe0_2023-11,0.2970595292140991
0ffc2d_2023-05,0.21509672608278624
1698cf_2023-06,0.30542954799831856
8fabe0_2024-01,0.21638489622024953
11f0e3_2016-02,0.2772505254729198
11f0e3_2018-06,0.568067976790737
60a0fd_2018-06,0.6339992232897589
0ffc2d_2024-05,0.18181227631293823
6f5e2b_2024-08,0.2373828420212735
11f0e3_2016-05,0.19078498860393275
9befc8_2018-06,0.3865240048729101
77e86b_2025-03,0.3647443751393241
259a19_2024-03,0.22875473011430653
5ecf9b_2023-05,0.4724940559166922
5a0174_2024-03,0.44387084580759506
9befc8_2017-12,0.18038191507950746
0ffc2d_2020-07,0.7580130735199441
6da35b_2023-12,0.48880632852701006
7e646c_2023-06,0.34606210751142463
9befc8_2018-08,0.724548672215173
11f0e3_2017-10,0.5543765884761441
0f9e86_2015-12,0.20346307759892443
b0ff51_2019-12,0.6047946069630914
b59bc0_2022-04,0.5229742163496528
99c11c_2023-10,0.26793692874648256
0874ee_2014-12,0.20693095546385862
8d0588_2019-07,0.3742887770988835
0cecbd_2019-09,0.18086298586724442
439fde_2019-07,0.37070282731803117
8d0588_2020-06,0.6900414662450788
8d0588_2022-12,0.45375446690298676
8d0588_2025-02,0.5984743417544249
b59bc0_2015-04,0.6482899355849383
0cecbd_2018-02,0.22059612939152812
8d0588_2018-08,0.5559226201225317
b59bc0_2020-06,0.5531172219994478
8005b9_2022-02,0.21896954169642863
b0ff51_2019-02,0.31098248270023465
99c11c_2024-08,0.2738425538853399
b59bc0_2023-06,0.2682513568449931
99c11c_2018-01,0.2804952415125489
b59bc0_2016-06,0.31831230112751674
b59bc0_2020-12,0.3444844160327495
b0ff51_2021-06,0.4799744719361607
8d0588_2024-08,0.43165515417997646
b59bc0_2021-02,0.5873966997295738
0874ee_2014-09,0.1799457257429426
8d0588_2019-03,0.5100715074723187
b59bc0_2016-08,0.3190186451263637
b0ff51_2021-01,0.45909332434626815
77e86b_2025-05,0.6195555068187548
b59bc0_2021-05,0.6232134812458604
b0ff51_2019-09,0.1767294896103058
439fde_2019-12,0.22991620362200824
74b7d1_2019-04,0.26960753193501796
8005b9_2019-11,0.17968314489778253
b59bc0_2018-06,0.24151892196516064
b0ff51_2018-12,0.37938062203739964
439fde_2014-12,0.22083123963179316
439fde_2020-12,0.7933247820846913
8d0588_2017-02,0.5714731866440326
b0ff51_2018-04,0.2080399515974539
8d0588_2023-01,0.4712715485815135
8d0588_2021-05,0.5298744613078522
b0ff51_2015-02,0.3184260623706169
8d0588_2024-05,0.40100309807227613
b0ff51_2017-05,0.2767512409596888
b0ff51_2024-10,0.4459052204110631
b0ff51_2024-06,0.6637537913287002
83894c_2018-04,0.5404444649560591
b59bc0_2014-10,0.20030051545845334
b0ff51_2023-05,0.5704082620085453
8d0588_2014-12,0.3056860356285732
8d0588_2020-10,0.29560899614039327
34889b_2020-02,0.17510275319248905
99c11c_2019-10,0.31691457581696253
b644ac_2024-03,0.40145867752444353
34889b_2022-11,0.18438103019085314
8005b9_2020-03,0.3697454267965842
dc4b5e_2022-09,0.4732042717090789
b416b1_2020-02,0.2655178206565051
87cfea_2017-02,0.7219474391904649
a25664_2018-02,0.2313888586084011
d59611_2023-02,0.3767005875857002
987bc1_2024-09,0.3304653488932468
e60b65_2024-02,0.6125292130521712
175155_2020-12,0.3854587068967673
175155_2021-02,0.3435487551430829
5a0174_2021-05,0.650057377070602
a25664_2015-03,0.1731484575604866
fc77d0_2020-08,0.2364538856911224
175155_2019-10,0.17995349569209082
6224d0_2020-09,0.3691782529966665
fb737b_2022-10,0.26183987195729247
8fabe0_2021-07,0.5508154638964256
259a19_2022-01,0.36093444499760186
259a19_2022-05,0.1864737005036202
a42d13_2021-07,0.3505335578209742
5a0174_2023-08,0.20980736837406228
8fabe0_2022-09,0.2887985966615751
532867_2024-07,0.2021353828409858
e60b65_2017-04,0.8087610047443702
e60b65_2018-06,0.19024386085443248
a42d13_2019-07,0.3505335578209742
a42d13_2023-01,0.3505335578209742
a42d13_2024-09,0.2067912745805164
987bc1_2019-03,0.18895010562259407
175155_2020-09,0.17997846259421846
175155_2023-09,0.18173364307823245
259a19_2019-09,0.20684762146782898
8b98f3_2025-03,0.5093975721037646
175155_2023-05,0.1878230443396185
6838b9_2024-03,0.20094906128854806
4718d7_2023-08,0.2374388676857085
8b98f3_2024-06,0.5312039134972678
f25ffe_2023-10,0.3978609043665142
0874ee_2019-08,0.317065605687389
6224d0_2022-06,0.2508078819374736
6224d0_2024-11,0.38049079942300246
175155_2025-06,0.18894292720736458
a42d13_2018-02,0.20754458171861678
a42d13_2022-12,0.3505335578209742
34889b_2014-05,0.18598346449191444
1698cf_2021-09,0.36492558473982384
1698cf_2023-05,0.2719252003381152
4718d7_2017-04,0.361982240384743
4f2b6b_2023-09,0.33356030589524954
175155_2022-04,0.17590369554782687
a42d13_2024-12,0.36961457357316596
7199cf_2024-01,0.75993511919399
fb737b_2022-02,0.3366748083533375
c3a69f_2017-09,0.383213393576188
0874ee_2018-10,0.1902004311240743
1698cf_2024-06,0.2898193781108186
f461d4_2019-12,0.17795707949522194
6838b9_2023-04,0.3672111014061456
9b46ed_2021-08,0.6464024289722415
8b98f3_2025-06,0.5473243023871093
987bc1_2018-03,0.7159379193641745
77e86b_2024-09,0.3251221251614082
175155_2020-08,0.2683254551351927
a42d13_2019-05,0.3505335578209742
f25ffe_2025-08,0.22777118798849197
4fb2d3_2022-09,0.23644605307609118
4fb2d3_2024-10,0.22085217694931072
6224d0_2025-03,0.2223085492320938
a25664_2024-06,0.19749553753918447
f25ffe_2024-06,0.19436820795653548
0874ee_2018-02,0.36591225009203804
175155_2019-04,0.17199602286455712
a42d13_2019-11,0.35223147799088766
532867_2025-08,0.23985644764735126
ab32d7_2025-06,0.5331252531610068
0ffc2d_2021-02,0.17467481990421285
0874ee_2017-04,0.3726725114632666
6224d0_2024-10,0.4815812967518903
1822ea_2022-01,0.5833359074395427
92dcdd_2024-10,0.3838171602719601
8fabe0_2020-02,0.18249716217367323
a25664_2022-11,0.21393662180584783
b644ac_2024-12,0.18200934892375073
6f5e2b_2022-08,0.28957987659848833
92dcdd_2024-06,0.23497141490159956
0874ee_2021-11,0.3253683214075681
1b9e65_2024-09,0.30289287626777905
fc77d0_2025-08,0.2541683032686528
a42d13_2019-10,0.3505335578209742
cd0e60_2023-02,0.21949732718491463
439fde_2019-02,0.243046573587284
db5006_2024-11,0.32071446725665076
a42d13_2021-06,0.35223147799088766
9af74c_2014-09,0.23732314624027978
4fb2d3_2014-07,0.30160570534736997
db4cd8_2025-07,0.753452169178457
94f933_2024-03,0.2576679406390066
175155_2022-05,0.17601796335454456
175155_2022-09,0.18667755225966473
14fe3a_2017-02,0.44717071811680764
987bc1_2023-09,0.20276128639271668
4718d7_2023-04,0.39424399179693637
8fabe0_2022-05,0.46403052022680563
175155_2023-01,0.23168399821657845
e60b65_2023-05,0.17746717571874843
259a19_2018-01,0.5312289593818745
a25664_2021-03,0.6462167366827675
ab32d7_2025-02,0.30715891296717157
29849f_2023-08,0.8175325950480501
f461d4_2023-05,0.3742151201081976
5ecf9b_2022-09,0.22662031294366652
0874ee_2018-11,0.18719863097461995
0e8d73_2023-10,0.4959877243950654
a42d13_2023-06,0.2587670355497425
a42d13_2024-10,0.40210755670323906
4718d7_2022-05,0.19460964673929038
8fabe0_2020-09,0.23920098734042478
8b98f3_2025-02,0.4100170740523558
0ffc2d_2023-02,0.17245745020546446
fc77d0_2024-12,0.2880748709677753
1698cf_2021-08,0.2853181438739421
5a0174_2023-09,0.28790434474054016
77e86b_2024-10,0.8018296259394951
ab32d7_2024-07,0.6909328813049165
6838b9_2023-05,0.20766666054226843
e60b65_2024-08,0.21151594384109912
8fabe0_2021-01,0.7171497162595719
6f5e2b_2024-07,0.20326257506872922
a25664_2016-08,0.6998812879155398
c48018_2023-12,0.3786610210612672
8b98f3_2025-04,0.4160410676081324
532867_2025-06,0.24084005625701083
77b3b9_2022-11,0.32658559104888013
bf6f0d_2019-02,0.17521170944907943
6f5e2b_2016-03,0.7892089950359061
b416b1_2019-04,0.27377820376025525
b08ec1_2019-01,0.39191294604352184
375f2e_2025-08,0.46109760379097936
948a11_2024-10,0.34026469879585514
b08ec1_2014-10,0.1884263674731222
bf6f0d_2018-02,0.2191580263753167
948a11_2023-09,0.19434792203133414
948a11_2024-11,0.3747493267325406
9befc8_2024-01,0.6515731229123323
1b9e65_2023-12,0.2132595220322883
1822ea_2022-06,0.7059471905474427
77b3b9_2025-03,0.35976270422583634
bf6f0d_2018-03,0.27907969038742
5a0174_2021-08,0.24088629125935265
e7a56d_2021-10,0.7213530249594265
8005b9_2024-02,0.18670332455868566
77b3b9_2022-05,0.203391456667603
bf6f0d_2019-03,0.17608364132330206
9befc8_2024-09,0.588678218943406
6224d0_2014-07,0.21655214039374454
4f2b6b_2023-11,0.4210004428608992
bf6f0d_2024-03,0.17825986340910638
6838b9_2024-07,0.2904109384458795
90abb1_2019-09,0.3575526366285067
375f2e_2021-09,0.4211170909062716
948a11_2022-04,0.179044800884785
77b3b9_2021-05,0.7576545165906715
375f2e_2022-03,0.7978244893913347
bf6f0d_2023-03,0.2598378856605696
731908_2022-05,0.20548730627567932
1822ea_2024-07,0.6855431923661832
fb737b_2021-11,0.49371209181522985
e60b65_2016-08,0.48669488288019985
1822ea_2021-04,0.8159502799481316
e60b65_2016-06,0.49333837232395766
1996b0_2025-03,0.8053301473884085
4ee2d2_2024-09,0.2565856371716682
bf6f0d_2019-01,0.19098720129605873
1822ea_2023-02,0.1916226370743988
e60b65_2016-12,0.3235306003846114
1822ea_2017-06,0.36783137372238667
6f5e2b_2016-04,0.7916442408939438
c48018_2015-04,0.3238602293255513
90abb1_2022-05,0.40397413695715034
29849f_2025-07,0.3755550743406431
531356_2025-06,0.28395586134557693
987bc1_2016-03,0.23944463566886642
545d15_2019-11,0.28089678938659757
7a007d_2024-09,0.3190971325011927
e83244_2020-06,0.7070246203121692
db5006_2020-12,0.7940672768771531
db5006_2021-10,0.4275300343191237
b73bc7_2018-01,0.35551036260574037
531356_2023-07,0.5809819934552617
e83244_2021-12,0.2958387300460372
29849f_2023-01,0.24948211237211307
e2314a_2018-09,0.2499187801276978
e2314a_2019-04,0.1824516733298922
0cecbd_2019-01,0.17852498139256662
7a007d_2018-06,0.25066372510612356
c580aa_2024-01,0.7798259931724679
b1de95_2025-08,0.4221056181256073
f4604d_2023-02,0.5904581101442122
531356_2022-12,0.4174477241283802
531356_2024-05,0.3243771025731145
1b9e65_2021-12,0.7513062696853592
e83244_2023-03,0.19514728033604295
e3af0e_2014-09,0.5104499179616031
7a007d_2018-01,0.5903230217157528
3db670_2024-04,0.6898755565602576
f4604d_2024-08,0.5211522754407435
531356_2020-03,0.7940972472463519
60a0fd_2015-04,0.3147065597661706
1b9e65_2017-11,0.44161441975633337
829a72_2015-04,0.33419094549117256
0cecbd_2018-06,0.40291190880074235
b1de95_2025-02,0.7785842992941824
f4604d_2024-02,0.30325178863692237
0cecbd_2020-10,0.537989889491555
0cecbd_2023-07,0.21244138087092793
1b9e65_2018-08,0.4573167233235914
06534f_2024-03,0.8087961420017387
0cecbd_2023-09,0.17646824464668495
0cecbd_2024-04,0.18797478347088756
b73bc7_2024-10,0.7375226995141284
545d15_2018-10,0.18541370788950068
531356_2018-04,0.19030603617170336
e83244_2016-01,0.1735832071391808
e83244_2016-02,0.17285606076629095
db5006_2022-03,0.41254399750512183
3a13b3_2023-07,0.7321850769774045
1b9e65_2021-06,0.3080875871019566
1b9e65_2023-02,0.3358523807307098
af81b0_2019-04,0.1907236619343901
e2314a_2023-05,0.22734951065177927
b1de95_2025-05,0.5260776197243509
e3af0e_2014-11,0.552017773841725
98a151_2015-04,0.7591061241795699
3a13b3_2024-12,0.7710901692856502
f4604d_2023-05,0.3168503536851506
1b9e65_2023-08,0.6590938473637559
7a007d_2024-11,0.24155307854674982
e83244_2022-09,0.37947702695992114
3db670_2023-09,0.742883877282526
3a13b3_2018-02,0.2812894666467568
e83244_2020-10,0.39539924310099944
06534f_2023-08,0.2321857034198463
e2314a_2015-06,0.28845625047801626
b1de95_2020-03,0.7311733394842295
db5006_2019-11,0.39988354593458847
175155_2024-09,0.19829136364749567
987bc1_2021-04,0.25394866275155165
545d15_2019-09,0.3107313540775523
e83244_2015-07,0.43293697074451776
e83244_2018-01,0.2641712929760216
c580aa_2025-02,0.6103468703559594
3db670_2023-06,0.7231157783129942
f4604d_2023-07,0.3150053575978102
0cecbd_2022-07,0.2664834591760891
0cecbd_2024-10,0.434763351137025
7bf5c9_2019-01,0.23481444270262694
c580aa_2023-06,0.6577469309638413
db5006_2023-10,0.674254442509326
b73bc7_2023-08,0.2357297151136819
1b9e65_2015-01,0.6515402616764667
1b9e65_2019-08,0.20524691417787527
e2314a_2015-03,0.18091607152747585
e83244_2017-10,0.20323029985137175
3db670_2018-05,0.25923889446785314
db5006_2021-04,0.4562358844195307
b73bc7_2025-08,0.5715842737994649
f4604d_2018-12,0.22502188248200228
531356_2019-04,0.2334368791646569
0cecbd_2025-03,0.3295274077387252
db5006_2025-03,0.20972370524859216
29849f_2019-04,0.20535920352612536
e83244_2017-04,0.1795942937142072
e83244_2022-08,0.45161782631998443
e3af0e_2018-03,0.5386851550228929
c580aa_2020-03,0.6914184137390789
29849f_2024-02,0.4918665057753615
e2314a_2018-06,0.3105683320696827
7bf5c9_2019-11,0.20165028361520218
db5006_2019-06,0.4776881528686442
b73bc7_2020-02,0.6098936644157378
e2314a_2024-08,0.545443856340956
e2314a_2024-12,0.19053857368460342
0cecbd_2019-06,0.1842524565380444
0cecbd_2022-04,0.21683791298828128
0cecbd_2024-03,0.2506752448543596
f1543b_2017-10,0.3174907391833198
e83244_2015-11,0.23108087585901077
e83244_2017-01,0.17520194022222504
e83244_2019-04,0.31404935146855906
06534f_2024-01,0.6947355818800783
06534f_2025-05,0.3204945128114694
b73bc7_2015-09,0.22037456914125508
db5006_2023-12,0.2595363885277564
29849f_2024-04,0.3429787853853309
f4604d_2019-01,0.23666902908614046
f4604d_2023-01,0.22108351584916458
e83244_2019-01,0.18113020819624126
7a007d_2019-03,0.21310206474800508
db5006_2015-07,0.21026021527484356
3a13b3_2025-01,0.8002353778491684
0cecbd_2025-01,0.303232266645846
7bf5c9_2019-12,0.19530017429521487
3a13b3_2018-05,0.17955654749319225
1b9e65_2024-04,0.3264824976848874
e2314a_2017-03,0.18960469703479207
0cecbd_2024-07,0.44044765679146325
7a007d_2018-04,0.18562520295911403
e2314a_2016-11,0.17665017051810164
e2314a_2022-03,0.25055579511208914
531356_2015-11,0.7446406897588247
b73bc7_2019-12,0.19633852125938858
7e646c_2024-07,0.5108054381838419
022433_2021-08,0.5156992743859228
f4604d_2018-04,0.19398794384706855
c5816f_2017-12,0.7090555146424362
780a0b_2018-08,0.31744630816338987
022433_2021-02,0.6078054836316423
c580aa_2019-04,0.6706999120101232
29849f_2019-06,0.3551462372418291
af81b0_2019-05,0.19216885521613852
af81b0_2023-03,0.19387077919945095
c580aa_2018-02,0.22724189611487794
531356_2018-03,0.41837348776835137
829a72_2019-06,0.20010898275270295
7e646c_2024-10,0.3829137652814388
94f933_2025-04,0.7399733315076682
29849f_2018-06,0.4022739727438681
b73bc7_2020-01,0.6012941889115511
022433_2024-06,0.2130411147866726
3db670_2018-04,0.2844492070418843
29849f_2018-11,0.4901488783171974
98a151_2024-12,0.26077307083068074
bf6f0d_2019-06,0.18167342704739364
c48018_2015-11,0.49706038093727295
34889b_2023-02,0.19517250298130442
b07578_2025-08,0.6802045676451309
1bdb97_2025-08,0.31232879650223905
6224d0_2024-12,0.2056775729042189
e60b65_2025-07,0.23183326945721933
531356_2021-11,0.8107387292810522
375f2e_2022-11,0.43630036717790566
b416b1_2015-04,0.2366469010651182
531356_2020-08,0.8137418105012115
1822ea_2016-10,0.5375157203924955
bc4c03_2017-01,0.6582844182423402
af81b0_2014-08,0.18407615452679266
7199cf_2023-09,0.21352168093100907
bf6f0d_2014-05,0.2247472679834072
bf6f0d_2015-01,0.18392298669201496
439fde_2015-04,0.3589031758783903
b07578_2025-02,0.18470774047343425
6f5e2b_2018-07,0.23172992798326045
531356_2017-10,0.68994604168504
af81b0_2014-04,0.22038794871787734
4fb2d3_2014-11,0.1771696015806689
7199cf_2025-06,0.1841053132335609
e83244_2022-12,0.4137211642237319
8005b9_2017-04,0.6997255094307848
bf6f0d_2021-12,0.2921166282339162
f4604d_2021-02,0.8010287126884817
531356_2020-11,0.7808925902752037
1b9e65_2016-05,0.6048688093747514
1822ea_2018-01,0.32065385677873043
948a11_2022-03,0.18522601448951476
948a11_2023-04,0.3749350215468268
b416b1_2017-11,0.7581495112370125
5a0174_2020-10,0.4260951408187398
f4604d_2021-06,0.7929292211384222
a97df3_2025-07,0.41014859412715926
b1de95_2025-04,0.6407281022729018
375f2e_2024-07,0.740677593871025
77b3b9_2025-08,0.46753610573195054
531356_2021-03,0.7777634880871783
e2314a_2022-10,0.7769067273873347
1822ea_2020-01,0.6053409942813349
f4604d_2021-03,0.7876419066849667
1b9e65_2016-03,0.584654464330441
99c11c_2017-09,0.6978595691388768
29849f_2017-09,0.6851381351405832
b73bc7_2022-12,0.455316927509872
bf6f0d_2014-09,0.27237812595206135
bf6f0d_2024-10,0.4241085332961715
f4604d_2020-04,0.8110384278260337
f4604d_2022-02,0.8130532196620788
1b9e65_2016-01,0.7539761539991006
06534f_2024-04,0.22600424123806268
8005b9_2017-10,0.3114774402894013
bf6f0d_2018-08,0.25598256982104506
bf6f0d_2020-09,0.26560924684742265
dc4b5e_2024-07,0.3279282662876709
bf6f0d_2022-10,0.21547093544720908
f4604d_2016-07,0.5561930967990565
375f2e_2024-04,0.3442359131823499
1822ea_2017-02,0.622050656889596
bf6f0d_2022-02,0.581128419112239
e60b65_2023-08,0.243175348128366
29849f_2021-02,0.6769954719199618
29849f_2016-07,0.7603703758057938
b07578_2025-03,0.19273918580446245
293190_2020-03,0.5854701497752887
293190_2020-11,0.22819852226912243
b08ec1_2014-09,0.29979945988183976
4fb2d3_2016-12,0.23656794057705244
db4cd8_2024-08,0.4340498042525997
92dcdd_2023-02,0.22222292879073002
2ab8ad_2019-09,0.24940846483245077
c5df88_2025-03,0.7901576569407596
dc4b5e_2019-07,0.3897741403620492
293190_2015-08,0.7301205098606219
2ab8ad_2018-11,0.8153996353585361
e3af0e_2023-06,0.29414918371236476
9b46ed_2015-06,0.6515386761513862
293190_2015-06,0.7795494648160168
293190_2019-09,0.30619653767885346
e2e0ce_2016-11,0.5199442029251847
e2e0ce_2020-07,0.35823419003922063
92dcdd_2022-11,0.5468242402378932
9b46ed_2017-08,0.7716684007496184
a42d13_2024-07,0.1875019414431923
c5df88_2024-06,0.7957741634371459
cd0e60_2022-01,0.7462526197361526
bc4c03_2014-10,0.2165949284186624
98a151_2019-02,0.3498940138304567
60a0fd_2020-03,0.7014965413544649
c5df88_2026-05,0.8102795676993461
c5df88_2019-09,0.31480846946423935
6838b9_2022-01,0.8006646695149853
2ab8ad_2020-11,0.28014339515993003
9b46ed_2017-01,0.5907777021384937
9b46ed_2018-10,0.8122492436271797
2ab8ad_2025-03,0.7347591867154588
c5df88_2020-09,0.8177107730600321
90abb1_2015-01,0.30619795517660003
b07578_2025-01,0.20666202302761758
987bc1_2018-01,0.5476857229954599
c5df88_2025-10,0.7901576569407596
b08ec1_2016-12,0.2258225748427698
1bdb97_2023-12,0.736111622352681
4718d7_2020-06,0.2983401866258101
829a72_2022-11,0.2642548975641123
60a0fd_2021-08,0.7098694517124382
9b46ed_2020-02,0.7267069477144297
74fb1f_2017-05,0.7372891981174826
375f2e_2018-07,0.2269675427744413
5a0174_2020-11,0.47883635510136696
f1543b_2014-04,0.241610807538448
90abb1_2023-09,0.3376282807748846
9b46ed_2016-04,0.6293091017224572
3db670_2019-05,0.5334046702428605
06534f_2019-08,0.2328038636938797
0e8d73_2024-10,0.5268991045859376
c5df88_2020-12,0.470063900572658
c580aa_2014-04,0.28224927319477766
b73bc7_2014-06,0.21227148946054236
db4cd8_2025-01,0.7725083421338184
c5df88_2025-07,0.7901576569407596
88a9a6_2017-06,0.5225030092158014
e2e0ce_2019-07,0.5490929149380663
9b46ed_2021-01,0.7595159309010537
2ab8ad_2020-10,0.3752166272657177
6838b9_2022-03,0.17490881757529345
98a151_2024-02,0.4581981215279972
293190_2025-06,0.7943742620043299
88a9a6_2020-03,0.44670937310643605
cd0e60_2020-11,0.6653861866295436
1996b0_2023-05,0.6516392483156077
11f0e3_2015-03,0.18169195536751864
dc4b5e_2022-06,0.7903591092718193
1996b0_2024-05,0.6516392483156077
8b98f3_2024-10,0.618543918818925
dc4b5e_2019-12,0.709100196951933
60a0fd_2021-03,0.7656442935445138
1996b0_2023-01,0.6516392483156077
e361b7_2015-10,0.2158455000826426
f500c5_2022-01,0.21209814810271704
1822ea_2022-03,0.5873483693929108
f1543b_2020-03,0.17528248631607038
b1de95_2014-09,0.45641018091832636
e2314a_2020-06,0.6437730556010417
fc77d0_2014-05,0.17163259678560155
b73bc7_2019-02,0.6331508183763552
fb34b4_2023-05,0.1740264938063158
b1de95_2019-09,0.797982498455848
6224d0_2015-01,0.1723965868861264
e7a56d_2021-08,0.7990379714420187
92dcdd_2021-10,0.45309141879474274
06534f_2016-05,0.29652005253828406
b73bc7_2023-10,0.8131512299214767
9af74c_2015-12,0.7118632455247591
0f9e86_2014-09,0.22220826276191236
fb34b4_2025-03,0.7976683495513535
175155_2021-05,0.473089311530375
6838b9_2025-06,0.3153612564813989
7bf5c9_2021-05,0.20496320140042124
9af74c_2016-02,0.37031361262181184
3db670_2023-08,0.6870507523641723
f1543b_2019-08,0.4880948840887792
06534f_2015-07,0.6103653083738612
06534f_2016-01,0.25435097868433737
f1543b_2023-12,0.19331925066991051
f1543b_2020-10,0.18124814531873507
c580aa_2023-01,0.2938931257049105
74fb1f_2015-10,0.4960770778539002
8005b9_2020-11,0.47593594358561975
375f2e_2015-02,0.1961568164058693
fb737b_2025-07,0.4696953122263638
bc4c03_2016-01,0.5483347432725372
4718d7_2015-12,0.6537758312670853
c580aa_2024-09,0.6496289819061147
f1543b_2021-09,0.7997773913499405
8005b9_2017-05,0.7915973863387429
bc4c03_2015-08,0.58916791604843
7a007d_2023-01,0.7051593775227432
b1de95_2015-07,0.23218047901030384
987bc1_2022-11,0.33618784862192774
987bc1_2016-05,0.4466265146089383
b644ac_2024-07,0.7386062835598504
7a007d_2016-03,0.25267855004235096
b08ec1_2015-09,0.6121448871792868
fb737b_2024-09,0.2631592891030676
7a007d_2021-10,0.7051593775227432
f1543b_2022-06,0.7850070896332026
b73bc7_2017-08,0.7680914072701128
4ee2d2_2025-08,0.29246644605029243
7a007d_2017-10,0.21122083188708746
7a007d_2020-10,0.7051593775227432
77b3b9_2023-11,0.7474835692456046
bc4c03_2015-01,0.3180304917723632
9af74c_2017-03,0.35959451473673676
bc4c03_2014-11,0.18480072319989677
7a007d_2020-09,0.718516323464168
0e8d73_2023-08,0.3168724123745849
74b7d1_2016-11,0.4643049464345033
c580aa_2017-08,0.226187036090347
7a007d_2017-05,0.7540164220896983
74b7d1_2017-12,0.2653232797606509
18defd_2017-11,0.38249622656565524
c0f884_2025-06,0.5282583211819559
4718d7_2020-09,0.2797323688253496
7a007d_2022-01,0.7051593775227432
7a007d_2021-08,0.7051593775227432
375f2e_2015-05,0.22432400209225406
a42d13_2016-05,0.17912022969324548
dc4b5e_2024-04,0.35520243796977946
bf6f0d_2015-07,0.7942786826545954
7a007d_2023-04,0.718516323464168
b59bc0_2017-11,0.41216390190108393
b59bc0_2018-11,0.6296043172553522
375f2e_2021-03,0.26140021291092064
8d0588_2017-11,0.4531174369490077
a25664_2019-09,0.1832274237088865
3db670_2025-06,0.6495501643073879
06534f_2022-12,0.5992198705342411
b0ff51_2015-08,0.6530685620647856
5a0174_2017-07,0.2033254303966757
bf6f0d_2021-02,0.3207847566836951
8e41cf_2020-07,0.7025201462736235
bf6f0d_2021-01,0.21211047643020073
edda84_2025-01,0.22461797063446892
e7a56d_2021-03,0.7779851998371431
bf6f0d_2020-12,0.3219374592793632
3a13b3_2018-11,0.8175679778532594
bf6f0d_2020-04,0.21420767754363967
c3a69f_2017-04,0.27627335139647186
3a13b3_2023-06,0.6949769716059734
1822ea_2022-11,0.3706647109767554
af81b0_2023-02,0.2247356326164036
a25664_2018-08,0.21896378348933626
af81b0_2025-07,0.18417846392907983
af81b0_2015-08,0.21003546183382488
fc77d0_2020-05,0.5136935557970912
fc77d0_2015-12,0.27551779692230227
bc4c03_2018-10,0.5759850006930713
92dcdd_2021-06,0.4401400554218958
8fabe0_2017-05,0.49052550318045374
fb737b_2024-01,0.5439576876222201
90abb1_2022-02,0.6252997631516786
dc4b5e_2023-10,0.3530948785288349
fc77d0_2021-03,0.45692029091938624
4ee2d2_2023-12,0.38722543883746763
af81b0_2017-04,0.3314749046390628
4ee2d2_2023-11,0.17691578474281872
c3a69f_2017-05,0.38074839855255915
fc77d0_2020-04,0.5294869351085967
6224d0_2018-01,0.2943957369048622
fb34b4_2022-05,0.31608326431765615
a25664_2017-03,0.7918348024811271
259a19_2022-02,0.7569718517187038
0cecbd_2016-01,0.6578977733918719
f461d4_2021-02,0.27586753713737555
4718d7_2017-07,0.22491240072380228
e3af0e_2017-05,0.1853499403074889
987bc1_2017-08,0.42961268624060167
4fb2d3_2017-04,0.616411986749944
1698cf_2017-12,0.5223859659835826
fc77d0_2017-03,0.6175624047846977
6c1954_2021-01,0.7337414048034331
b08ec1_2018-07,0.2000895506910194
db5006_2016-12,0.6186988915129783
d59611_2020-07,0.23271165909963512
8fabe0_2016-01,0.42943111765307185
375f2e_2017-07,0.6305182528012796
af81b0_2024-01,0.23395207685645766
fb737b_2025-09,0.7212075954032396
510fbf_2025-07,0.6364540730353874
b416b1_2015-11,0.5022539168604221
af81b0_2016-02,0.31127666679478494
b416b1_2015-10,0.5065516036274941
af81b0_2015-07,0.1865538587514414
429b22_2025-08,0.42532485635633943
b08ec1_2017-06,0.270428406487566
bc4c03_2017-08,0.5565739913802054
19fa84_2015-09,0.7392207878040251
4fb2d3_2018-09,0.2754917821898317
cd0e60_2024-04,0.7357237842276061
3db670_2016-03,0.385713545667735
2ab8ad_2017-07,0.2817835373909671
c3a69f_2017-03,0.4349034059011008
cd0e60_2024-11,0.7357237842276061
7aa803_2015-11,0.661552177648164
cd0e60_2023-06,0.7357237842276061
cd0e60_2025-04,0.7357237842276061
cd0e60_2025-01,0.726029442005167
c5816f_2020-04,0.8070955592056315
e2e0ce_2018-07,0.6587908020452712
8005b9_2016-02,0.7174779887754789
34889b_2021-04,0.5317467396609724
74b7d1_2015-07,0.4934055638210526
4718d7_2015-06,0.2621629504078845
34889b_2021-05,0.4899363690512127
7bf5c9_2017-11,0.1766091202849775
8005b9_2016-03,0.6516172263528618
6224d0_2017-03,0.35438324841597557
7bf5c9_2017-09,0.2014571725489954
375f2e_2016-07,0.25235483579764956
8005b9_2016-08,0.6516172263528618
6838b9_2020-11,0.36561856182004504
293190_2015-05,0.6390001620169742
a42d13_2017-03,0.23937001437038824
19fa84_2015-10,0.2622894795600371
fc77d0_2016-09,0.6899325823367424
1996b0_2022-10,0.5652771967927973
bf6f0d_2016-07,0.23228952792867083
6838b9_2021-05,0.7911596480494067
dc4b5e_2020-01,0.20905415977587422
0e8d73_2023-03,0.8194647488490393
175155_2015-06,0.8062369788929997
60a0fd_2017-12,0.5374750430622851
b416b1_2015-06,0.20330211371012047
0874ee_2017-01,0.7639024369578279
34889b_2017-11,0.4838698455608751
b08ec1_2020-07,0.1931380111154467
b416b1_2016-12,0.31434497027159647
b08ec1_2020-09,0.18990743736771026
b08ec1_2016-06,0.23700144386244806
9b46ed_2016-09,0.7130132550997967
a25664_2015-09,0.48783316483014466
c5df88_2018-07,0.763856339516861
b08ec1_2020-08,0.1931380111154467
34889b_2020-05,0.18329913109484317
2ab8ad_2017-11,0.7986493631512903
b08ec1_2017-11,0.431132961484421
dc4b5e_2020-07,0.789754306445962
34889b_2020-10,0.34077528561108306
2ab8ad_2017-08,0.6626850371606683
34889b_2017-03,0.6189031327467447
a25664_2015-12,0.6901657826320331
af81b0_2017-11,0.6934849440469467
3a13b3_2020-08,0.7552810657550759
3db670_2020-12,0.5243735108019731
b73bc7_2021-07,0.6832813085490872
259a19_2016-10,0.455997703503645
3db670_2016-07,0.5736689521538566
3db670_2022-10,0.8049520085485522
3db670_2020-11,0.48527393645229233
3a13b3_2020-06,0.6312991090830418
b1de95_2018-09,0.6836038126866056
b1de95_2020-10,0.8158189557582862
74b7d1_2016-02,0.5416445104388368
0cecbd_2016-07,0.2993864543956219
3db670_2022-03,0.4419688736458117
fc77d0_2016-02,0.7698718974964713
1698cf_2018-11,0.45656562636582104
a97df3_2021-03,0.4132463852600011
a97df3_2020-12,0.4132463852600011
894378_2017-09,0.4071226195616965
4718d7_2016-09,0.333054044254426
99c11c_2018-09,0.4854744781864829
99c11c_2019-03,0.4910567313643096
b73bc7_2017-10,0.7672317195078977
99c11c_2018-07,0.6060423073360608
e7a56d_2016-01,0.8056628460391962
8ec563_2020-04,0.22385374727533236
8ec563_2020-07,0.21863697482772104
0cecbd_2018-07,0.2894843318830057
1698cf_2017-09,0.4335400454993339
829a72_2020-06,0.49653960168629796
e3af0e_2015-11,0.6069032457452642
e4bc80_2018-08,0.7746509277652269
db4cd8_2016-04,0.27188331901700635
b1de95_2021-02,0.6919251214730997
b1de95_2021-05,0.5782498782041066
98a151_2015-05,0.1985904706737045
b73bc7_2022-09,0.8173932103204343
b73bc7_2022-07,0.7789038576451093
0874ee_2017-12,0.5566481027358166
c580aa_2022-04,0.7270182198150117
9f1aa0_2018-09,0.21436692801096585
bf6f0d_2016-01,0.30396063336157264
af81b0_2022-04,0.7764289496818468
af81b0_2020-10,0.7695543876334687
af81b0_2022-02,0.789258717727677
af81b0_2021-02,0.789258717727677
c580aa_2018-10,0.2923698592487247
e7a56d_2014-12,0.24351289736449458
b1de95_2017-10,0.24262632728336944
e7a56d_2020-07,0.24212260202251326
18defd_2015-11,0.5543576480683374
e7a56d_2020-04,0.23214062116515657
259a19_2016-06,0.2952647309629306
18defd_2022-01,0.2118805911143235
e7a56d_2017-10,0.37301495191328915
c48018_2020-07,0.2118805911143235
c48018_2021-05,0.2118805911143235
e7a56d_2021-02,0.781038286870452
c580aa_2017-11,0.24779253853492808
1822ea_2016-03,0.8134358798255722
c48018_2020-05,0.2118805911143235
db4cd8_2016-06,0.33767804993321887
18defd_2022-02,0.21970774655576983
18defd_2018-07,0.32525209134811717
175155_2017-09,0.332679371557023
18defd_2015-10,0.5199445907230894
18defd_2022-06,0.20161693954249907
18defd_2020-04,0.20161693954249907
1822ea_2015-12,0.5041210573693384
259a19_2017-12,0.4748628937097843
c580aa_2015-10,0.1889586526988289
5a0174_2016-02,0.22075900824601372
f461d4_2016-01,0.22513853486876306
8fabe0_2017-07,0.23820381190062118
4718d7_2021-02,0.21665477098125
e3af0e_2016-05,0.21959184391081382
8fabe0_2015-06,0.3291547273349204
8ec563_2017-08,0.25793151948788645
8fabe0_2018-07,0.22861008742783467
5a0174_2021-11,0.32995942765419056
4718d7_2017-05,0.2918296503896514
b59bc0_2016-03,0.22053661925289583
1698cf_2020-12,0.23643188821587632
829a72_2020-12,0.31637136398638377
5a0174_2016-09,0.18667142102070056
829a72_2015-05,0.19986989105232986
60a0fd_2016-02,0.4097169643593487
60a0fd_2020-05,0.20979720688924722
8fabe0_2018-08,0.4475482321761558
90abb1_2016-06,0.7151563551994425
60a0fd_2016-03,0.32286852566880264
4718d7_2020-05,0.2826325424313603
5a0174_2025-09,0.23024248616876694
b59bc0_2016-02,0.21443114236151845
e4bc80_2016-09,0.19843552820563293
14fe3a_2020-10,0.7987858907243957
14fe3a_2020-06,0.8053314121245265
e4bc80_2016-12,0.20536727734419538
14fe3a_2021-03,0.7987858907243957
9befc8_2021-02,0.17265619841416818
34889b_2016-01,0.7615000335370868
11f0e3_2015-02,0.17586507888064534
e3af0e_2018-09,0.7028246094953435
e3af0e_2020-09,0.6815008227078884
60a0fd_2020-08,0.7134132193742242
74b7d1_2016-10,0.6333885660505747
77b3b9_2016-08,0.48179975576960565
e3af0e_2017-09,0.7755263453633005
fc77d0_2015-09,0.27926072309757494
e3af0e_2020-05,0.6131331522070451
bc4c03_2017-12,0.3554417953455119
375f2e_2016-10,0.2214233050755466
fc77d0_2018-07,0.5715056288353918
b73bc7_2017-01,0.2803867856428504
9af74c_2016-11,0.24287644251459276
9af74c_2020-09,0.6570200974753185
77b3b9_2015-07,0.3340779172409166
77b3b9_2015-08,0.3340779172409166
b73bc7_2016-12,0.2322668480544184
1822ea_2018-08,0.4581699441595612
b73bc7_2020-05,0.2712968119402762
1822ea_2018-07,0.3154233725417276
375f2e_2016-11,0.21579044732761798
b73bc7_2021-03,0.5543275531122486
bc4c03_2018-11,0.6822196839814656
439fde_2021-09,0.6072264176519018
439fde_2020-06,0.48207675892853363
439fde_2022-09,0.4247890973860401
439fde_2021-06,0.4802915228731733
439fde_2020-04,0.35325718182398086
439fde_2016-12,0.7955275287852901
439fde_2020-11,0.44883045379944503
87cfea_2016-12,0.7875497513211593
c3a69f_2016-07,0.7749727042867087
c3a69f_2016-08,0.7749727042867087
c3a69f_2016-10,0.7749727042867087
8005b9_2018-08,0.7856989391064442
29849f_2021-07,0.488644923327025
6838b9_2021-04,0.7768277125970214
7a007d_2016-08,0.7932887984022694
7a007d_2016-10,0.7932887984022694
77b3b9_2017-01,0.5802800852072476
7a007d_2016-11,0.7955736432776367
7aa803_2016-04,0.5658760050969114
29849f_2020-04,0.3259344841911137
f4604d_2015-11,0.784942136284733
88a9a6_2017-11,0.7504295517366142
a42d13_2016-12,0.6322173323111075
a42d13_2016-09,0.6355374915383611
c580aa_2020-08,0.6521963861592719
e2e0ce_2017-05,0.7907517555101535
a42d13_2016-07,0.6322173323111075
439fde_2017-09,0.7968524572261609
1bdb97_2025-09,0.6572077121093112
7bf5c9_2016-02,0.2265263448609065
77e86b_2021-04,0.5762813175972651
87cfea_2016-08,0.5323202880406468
77e86b_2020-08,0.584453025343928
77e86b_2021-03,0.584453025343928
af81b0_2025-09,0.49132159344938675
77e86b_2021-07,0.584453025343928
83894c_2023-05,0.5759298761760097
83894c_2024-01,0.5759298761760097
987bc1_2016-11,0.8079934405015903
6224d0_2016-06,0.7470238629466972
06534f_2017-10,0.6170747319524912
b416b1_2015-09,0.18812448373439214
375f2e_2018-09,0.21997129555314704
375f2e_2018-08,0.21955263813099438
175155_2017-05,0.3659896094118827
e60b65_2022-09,0.4711901359071467
e60b65_2021-02,0.49501241218178593
e60b65_2019-12,0.4480085032445623
e60b65_2021-12,0.4480085032445623
e60b65_2019-02,0.49501241218178593
e60b65_2022-07,0.4480085032445623
e60b65_2019-03,0.4480085032445623
e60b65_2021-05,0.4480085032445623
8005b9_2020-06,0.2220788847064123
e60b65_2019-04,0.4711901359071467
9f1aa0_2017-09,0.17779007711613456
14fe3a_2015-07,0.32514710862145446
9f1aa0_2020-04,0.20070521741775155
a42d13_2016-02,0.20709632615386706
f500c5_2015-06,0.2734720835500609
9f1aa0_2017-07,0.42620301564498675
bf6f0d_2016-11,0.24310063560647038
9f1aa0_2017-12,0.18763948605765726
9b46ed_2018-09,0.7036098156853139
f500c5_2016-10,0.40129603618890847
4fb2d3_2017-12,0.24836205565667552
a25664_2017-09,0.22353185159378985
14fe3a_2016-06,0.2656985723128674
db4cd8_2016-09,0.19319683611171728
14fe3a_2016-07,0.23915471555619439
d59611_2017-12,0.5606354030660541
f1543b_2015-07,0.5396653910819647
293190_2016-07,0.7970333498049245
f1543b_2018-07,0.4333886157728185
f1543b_2016-12,0.21023446705854462
e7a56d_2015-05,0.6932950841728764
f1543b_2018-11,0.5739605016344668
60a0fd_2017-11,0.6666522926446474
7bf5c9_2016-08,0.6004209476130182
7bf5c9_2025-07,0.30206911988148155
7bf5c9_2026-02,0.3324621700649476
77e86b_2015-09,0.6098475164710162
175155_2015-05,0.8120161822711595
3a13b3_2017-09,0.49365467763826504
b0ff51_2018-08,0.37296299644134684
b0ff51_2025-09,0.2951624357549885
8d0588_2021-12,0.6891531414371174
b0ff51_2016-03,0.5207761803979045
b08ec1_2015-10,0.2501580863147691
b08ec1_2015-12,0.2501580863147691
f500c5_2016-03,0.32685416170450954
545d15_2024-04,0.3657715615107371
545d15_2023-08,0.3584034567300921
545d15_2025-01,0.3584034567300921
c580aa_2018-09,0.607456231128038
60b690_2025-05,0.547154302405877
545d15_2023-11,0.3657715615107371
7a007d_2018-08,0.29997798132977394
545d15_2024-01,0.3584034567300921
74b7d1_2021-03,0.6691173590492385
74b7d1_2020-07,0.6691173590492385
74b7d1_2020-08,0.6691173590492385
74b7d1_2021-01,0.6691173590492385
c5816f_2016-11,0.804593677087
531356_2017-12,0.25235641628376015
06534f_2017-12,0.2937000284923529
c5816f_2020-10,0.7206465126029282
b1de95_2022-03,0.5644270445331327
3a13b3_2016-03,0.3573343497947478
c580aa_2017-03,0.57018602386739
06534f_2022-04,0.5749000869421269
06534f_2020-04,0.5444407895089738
c580aa_2017-01,0.18577937136504596
6224d0_2016-03,0.5746088701238439
a25664_2017-12,0.5487918910856491
a97df3_2019-02,0.8146385072735065
1996b0_2025-01,0.7849393331373529
db4cd8_2018-08,0.6441148461930005
