id,corrosion_risk
74b7d1_2020-01,0.5588235294117647
1b9e65_2022-06,0.5588235294117647
77e86b_2023-01,0.3709677419354839
74b7d1_2020-02,0.42857142857142855
8b98f3_2023-11,0.07692307692307693
c3a69f_2025-03,0.8928571428571429
77e86b_2022-01,0.06741573033707865
1996b0_2022-11,0.0
439fde_2024-12,0.5588235294117647
74b7d1_2025-03,0.45454545454545453
77e86b_2018-04,0.17142857142857143
77e86b_2019-05,0.17142857142857143
439fde_2025-05,0.6744186046511629
74b7d1_2018-04,0.06741573033707865
439fde_2024-03,0.45454545454545453
74b7d1_2019-03,0.45454545454545453
c3a69f_2025-05,1.0
77e86b_2024-06,0.8928571428571429
77e86b_2020-01,0.45454545454545453
439fde_2019-05,0.2465753424657534
98a151_2019-06,0.45454545454545453
8bd3ce_2015-06,0.0
6c1954_2022-06,0.17142857142857143
0f9e86_2024-09,0.8928571428571429
0874ee_2021-12,0.2465753424657534
987bc1_2020-02,0.5588235294117647
4718d7_2018-02,0.06741573033707865
5a0174_2018-12,0.3709677419354839
175155_2023-03,0.5588235294117647
e2e0ce_2025-07,0.6744186046511629
9b46ed_2021-05,0.8928571428571429
b26809_2019-09,0.5
e3af0e_2022-11,0.5588235294117647
780a0b_2024-12,0.5588235294117647
8bd3ce_2024-02,0.6744186046511629
8e41cf_2017-04,0.06666666666666667
293190_2017-07,0.3709677419354839
293190_2018-01,0.2465753424657534
293190_2024-07,0.8928571428571429
c5df88_2016-12,0.17142857142857143
74fb1f_2014-10,0.045454545454545456
74fb1f_2017-02,0.3709677419354839
9b46ed_2015-01,0.020833333333333332
dc4b5e_2022-11,0.06741573033707865
bfbeef_2018-04,0.2465753424657534
d86999_2022-08,0.5588235294117647
780a0b_2020-10,0.9411764705882353
8bd3ce_2022-01,0.45454545454545453
4fb2d3_2021-11,0.9411764705882353
6224d0_2023-03,0.45454545454545453
fb737b_2019-10,0.06382978723404255
e60b65_2014-11,0.020833333333333332
e60b65_2023-11,0.9411764705882353
9b3bd5_2025-04,0.0
293190_2018-12,0.06741573033707865
e2e0ce_2018-11,0.3709677419354839
2ab8ad_2019-04,0.06741573033707865
c5df88_2023-09,0.45454545454545453
7aa803_2016-02,0.0
77c35f_2024-05,0.0
77c35f_2024-06,0.020833333333333332
60a0fd_2024-10,0.8928571428571429
d86999_2016-04,0.045454545454545456
d86999_2017-12,0.2465753424657534
d86999_2025-05,0.6744186046511629
b08ec1_2024-12,0.6744186046511629
e2e0ce_2015-04,0.06741573033707865
e2e0ce_2019-06,0.07692307692307693
e2e0ce_2025-02,1.0
c5df88_2016-09,0.2465753424657534
74fb1f_2024-06,0.8928571428571429
88a9a6_2019-05,0.06741573033707865
829a72_2025-01,0.6744186046511629
d86999_2018-05,0.3709677419354839
fc9334_2019-11,0.45454545454545453
dbb709_2025-04,0.14285714285714285
9cf1af_2024-07,0.3709677419354839
e427f8_2023-08,0.020833333333333332
60a0fd_2023-07,0.6744186046511629
302d40_2023-07,0.020833333333333332
8e41cf_2019-03,0.3709677419354839
b26809_2020-07,0.5588235294117647
8fabe0_2019-02,0.8928571428571429
e2e0ce_2018-02,0.14285714285714285
7aa803_2023-05,0.6666666666666666
bfbeef_2021-08,0.45454545454545453
98a151_2025-02,0.6744186046511629
e3af0e_2022-09,0.45454545454545453
8bd3ce_2021-08,0.45454545454545453
8e41cf_2014-12,0.0
8e41cf_2021-11,0.2465753424657534
8e41cf_2022-02,0.5588235294117647
8e41cf_2024-08,0.5588235294117647
8fb6f0_2017-01,0.2465753424657534
6224d0_2023-02,0.5588235294117647
8fabe0_2019-08,0.8
bc4c03_2024-01,0.8928571428571429
532867_2024-06,0.045454545454545456
74fb1f_2018-08,0.07692307692307693
780a0b_2024-08,0.5588235294117647
731908_2024-07,0.5588235294117647
98a151_2025-04,0.6744186046511629
829a72_2025-04,0.6744186046511629
b26809_2018-04,0.06741573033707865
6f5e2b_2019-01,0.5588235294117647
175155_2022-11,0.8928571428571429
6838b9_2024-01,1.0
a25664_2023-09,0.5588235294117647
293190_2021-02,0.5
e2e0ce_2017-06,0.45454545454545453
7aa803_2025-05,1.0
0f9e86_2024-01,0.5588235294117647
bfbeef_2021-10,0.42857142857142855
bfbeef_2024-10,0.5588235294117647
fa8553_2023-06,0.45454545454545453
dbb709_2023-10,0.020833333333333332
e427f8_2023-05,0.0
b26809_2015-10,0.020833333333333332
8e41cf_2019-10,0.3709677419354839
b26809_2014-08,0.020833333333333332
b26809_2025-02,0.8928571428571429
fc77d0_2022-01,0.8928571428571429
6224d0_2021-06,0.9411764705882353
8fabe0_2020-01,0.8928571428571429
a25664_2024-01,1.0
293190_2022-01,0.45454545454545453
293190_2023-03,0.5070586112074581
98a151_2019-10,0.8928571428571429
fc9334_2017-09,0.2465753424657534
60a0fd_2022-04,0.9411764705882353
d86999_2017-10,0.17142857142857143
d86999_2021-07,0.5588235294117647
b26809_2018-08,0.2465753424657534
987bc1_2019-10,0.3709677419354839
6f5e2b_2018-01,0.17142857142857143
db4cd8_2019-07,0.5588235294117647
e2e0ce_2016-01,0.0
c5df88_2014-08,0.06741573033707865
c5df88_2022-10,0.5588235294117647
74fb1f_2019-02,0.17142857142857143
77c35f_2024-08,0.2465753424657534
d86999_2015-10,0.020833333333333332
d86999_2018-12,0.3709677419354839
d86999_2024-07,0.6744186046511629
8bd3ce_2025-05,1.0
293190_2019-04,0.17142857142857143
9b46ed_2023-01,0.3709677419354839
8fb6f0_2025-07,0.45454545454545453
780a0b_2019-06,0.45454545454545453
a97df3_2023-12,0.45454545454545453
e3af0e_2024-10,0.6744186046511629
dbb709_2022-09,0.045454545454545456
9af74c_2021-07,0.6666666666666666
175155_2022-03,0.8928571428571429
e2e0ce_2023-12,0.6744186046511629
88a9a6_2023-09,0.5
9b46ed_2022-08,0.8928571428571429
9b46ed_2023-08,0.38461538461538464
bfbeef_2017-12,0.3709677419354839
98a151_2024-03,0.5588235294117647
77c35f_2022-11,0.06382978723404255
fc9334_2016-07,0.0
fc9334_2019-03,0.3709677419354839
e3af0e_2021-08,1.0
e3af0e_2023-11,0.6744186046511629
d86999_2016-05,0.06382978723404255
d86999_2019-10,0.5588235294117647
b26809_2015-05,0.020833333333333332
b26809_2018-09,0.3709677419354839
b08ec1_2019-07,0.3709677419354839
987bc1_2021-11,0.8928571428571429
1698cf_2019-04,0.5588235294117647
bc4c03_2018-04,0.045454545454545456
2ab8ad_2025-02,0.8928571428571429
74fb1f_2015-06,0.0
7aa803_2021-02,0.8928571428571429
9b46ed_2022-07,0.6744186046511629
98a151_2022-05,0.8928571428571429
fc9334_2015-09,0.0
dbb709_2023-03,0.0
e427f8_2025-05,0.2465753424657534
e3af0e_2023-04,0.6744186046511629
d86999_2017-07,0.2465753424657534
d86999_2024-01,0.6744186046511629
0f9e86_2022-07,0.45454545454545453
987bc1_2023-03,0.5588235294117647
259a19_2018-04,0.06382978723404255
e2e0ce_2023-09,0.5588235294117647
7aa803_2023-12,0.5588235294117647
7aa803_2024-01,0.8928571428571429
dbb709_2025-05,0.3709677419354839
302d40_2023-05,0.0
d86999_2014-12,0.0
b26809_2015-03,0.0
b26809_2025-01,0.6744186046511629
b08ec1_2025-01,0.8928571428571429
987bc1_2023-08,0.6744186046511629
4718d7_2022-11,0.6744186046511629
259a19_2020-03,0.8928571428571429
7aa803_2023-01,0.37693604764340244
77c35f_2025-01,0.2465753424657534
60a0fd_2023-12,0.8928571428571429
fc9334_2020-02,0.45454545454545453
fc9334_2022-07,0.3709677419354839
8e41cf_2019-01,0.06741573033707865
8e41cf_2021-01,0.5588235294117647
14fe3a_2018-06,0.06382978723404255
b08ec1_2023-06,0.5588235294117647
b08ec1_2025-02,0.8928571428571429
6224d0_2024-03,0.8928571428571429
e60b65_2014-10,0.020833333333333332
e2e0ce_2025-01,0.8928571428571429
2ab8ad_2017-01,0.3709677419354839
7aa803_2022-03,0.45454545454545453
88a9a6_2024-07,0.6744186046511629
dc4b5e_2023-01,0.3709677419354839
e3af0e_2021-03,0.8928571428571429
d86999_2021-01,0.6744186046511629
fc9334_2020-06,0.8928571428571429
fc9334_2021-10,0.5588235294117647
b26809_2022-02,0.45454545454545453
293190_2014-08,0.045454545454545456
e2e0ce_2020-12,0.8928571428571429
fc9334_2021-02,0.6744186046511629
dbb709_2023-04,0.0
fc9334_2016-04,0.020833333333333332
8bd3ce_2018-04,0.06382978723404255
0874ee_2020-07,0.6666666666666666
fc77d0_2021-11,0.8928571428571429
e60b65_2014-09,0.020833333333333332
2ab8ad_2015-02,0.0
3db670_2014-11,0.020833333333333332
9b46ed_2025-07,0.45454545454545453
77c35f_2025-02,0.2465753424657534
829a72_2024-02,0.5
fc9334_2019-04,0.3709677419354839
fc9334_2015-01,0.0
b26809_2023-12,1.0
0874ee_2021-10,0.8928571428571429
d59611_2019-02,0.17142857142857143
987bc1_2024-02,1.0
e2e0ce_2019-02,0.17142857142857143
88a9a6_2021-01,0.9411764705882353
9b46ed_2022-05,0.2465753424657534
8fabe0_2019-05,0.8928571428571429
a97df3_2025-04,0.8928571428571429
bfbeef_2021-03,0.5588235294117647
d86999_2015-01,0.0
77c35f_2024-11,0.45454545454545453
fc9334_2021-05,0.5588235294117647
8bd3ce_2021-11,0.45454545454545453
b26809_2019-03,0.45454545454545453
b26809_2022-06,0.5
b26809_2023-02,0.6744186046511629
b73bc7_2014-08,0.045454545454545456
e2e0ce_2021-05,0.8928571428571429
2ab8ad_2016-12,0.17142857142857143
c5df88_2021-02,0.45454545454545453
c5df88_2022-03,0.45454545454545453
e427f8_2023-11,0.020833333333333332
302d40_2024-06,0.2465753424657534
d86999_2014-10,0.045454545454545456
d86999_2019-03,0.45454545454545453
d86999_2019-12,0.5588235294117647
8bd3ce_2017-12,0.06382978723404255
8bd3ce_2019-03,0.17142857142857143
8bd3ce_2021-03,0.8928571428571429
8bd3ce_2023-07,0.6666666666666666
fc77d0_2024-06,0.8928571428571429
c5df88_2017-11,0.3709677419354839
88a9a6_2025-06,0.8928571428571429
9cf1af_2024-08,0.3709677419354839
bfbeef_2016-07,0.020833333333333332
d86999_2015-02,0.0
98a151_2023-09,0.8928571428571429
9f1aa0_2023-02,0.5588235294117647
fc9334_2016-03,0.0
8fb6f0_2022-12,0.45454545454545453
8fb6f0_2023-11,0.45454545454545453
8bd3ce_2017-05,0.07692307692307693
0874ee_2021-06,0.3709677419354839
5a0174_2019-04,0.5588235294117647
175155_2024-12,1.0
e2e0ce_2023-05,0.8928571428571429
74fb1f_2019-09,0.07692307692307693
7aa803_2024-06,0.8928571428571429
74fb1f_2023-09,0.5588235294117647
9befc8_2022-10,0.3709677419354839
e427f8_2022-11,0.0
e427f8_2024-06,0.45454545454545453
d86999_2023-05,0.824950800809432
8e41cf_2018-05,0.06382978723404255
fc77d0_2024-01,1.0
6224d0_2022-11,0.8928571428571429
4ee2d2_2024-03,0.020833333333333332
259a19_2019-02,0.8928571428571429
6838b9_2018-03,0.0
e2e0ce_2017-04,0.2465753424657534
e2e0ce_2022-12,0.5588235294117647
2ab8ad_2024-01,0.6744186046511629
a97df3_2025-02,0.8928571428571429
fc9334_2015-02,0.0
302d40_2022-03,0.045454545454545456
302d40_2024-08,0.2465753424657534
d86999_2015-06,0.0
b26809_2017-12,0.06741573033707865
fc9334_2018-06,0.06666666666666667
fc9334_2024-10,1.0
a25664_2023-02,0.45454545454545453
a42d13_2024-03,0.8928571428571429
2ab8ad_2022-07,0.5588235294117647
7aa803_2018-01,0.06741573033707865
7aa803_2018-10,0.06741573033707865
fc9334_2018-04,0.06382978723404255
829a72_2023-11,0.5588235294117647
9cf1af_2022-11,0.0
60a0fd_2023-02,0.5588235294117647
fc9334_2024-03,0.6744186046511629
8bd3ce_2023-03,0.6714265020676088
d59611_2019-09,0.45454545454545453
90abb1_2025-08,0.8928571428571429
b08ec1_2024-02,0.8928571428571429
db4cd8_2018-12,0.2465753424657534
2ab8ad_2019-06,0.06741573033707865
9b46ed_2018-01,0.2465753424657534
9b46ed_2025-02,0.5588235294117647
9f1aa0_2020-11,0.3709677419354839
510fbf_2023-07,0.020833333333333332
19fa84_2018-12,0.07692307692307693
e361b7_2019-09,0.3709677419354839
e361b7_2019-10,0.45454545454545453
bc4c03_2019-07,0.45454545454545453
9f1aa0_2015-03,0.0
894378_2025-05,0.8928571428571429
c5816f_2023-03,0.5588235294117647
8ec563_2022-06,0.3709677419354839
513080_2022-09,0.045454545454545456
731908_2016-04,0.0
bfbeef_2021-04,0.45454545454545453
f4604d_2022-10,0.8928571428571429
513080_2022-12,0.0
9f1aa0_2018-01,0.38461538461538464
bfbeef_2020-06,0.8928571428571429
c5816f_2019-06,0.45454545454545453
c5816f_2023-12,0.6744186046511629
9f1aa0_2023-11,0.5588235294117647
bfbeef_2020-02,0.45454545454545453
c5816f_2018-01,0.42857142857142855
fd589c_2021-08,0.6744186046511629
1b9e65_2015-09,0.020833333333333332
fa8553_2022-06,0.045454545454545456
fa8553_2023-10,0.45454545454545453
bfbeef_2016-04,0.0
0f9e86_2015-07,0.0
894378_2022-06,0.45454545454545453
8ec563_2021-12,0.45454545454545453
e361b7_2023-10,1.0
e4bc80_2022-12,0.8928571428571429
e4bc80_2025-06,0.8928571428571429
9af74c_2023-12,0.8928571428571429
513080_2023-06,0.020833333333333332
fa8553_2024-03,0.3709677419354839
fa8553_2024-05,0.3709677419354839
6c1954_2024-08,0.8928571428571429
fa8553_2025-03,0.3709677419354839
510fbf_2022-01,0.0
8ec563_2024-02,0.6744186046511629
fd589c_2022-09,0.45454545454545453
e4bc80_2019-12,0.45454545454545453
513080_2023-12,0.3709677419354839
bfbeef_2020-08,0.8928571428571429
780a0b_2019-04,0.8928571428571429
894378_2021-10,0.45454545454545453
fd589c_2019-07,0.8928571428571429
bfbeef_2019-03,0.45454545454545453
c5816f_2025-03,0.8928571428571429
19fa84_2019-03,0.14285714285714285
e361b7_2019-11,0.45454545454545453
510fbf_2023-02,0.020833333333333332
bfbeef_2020-03,0.5901823215442963
19fa84_2021-07,0.5588235294117647
fd589c_2024-01,0.6744186046511629
c48018_2015-10,0.0
19fa84_2022-06,0.45454545454545453
fd589c_2014-09,0.020833333333333332
fd589c_2022-03,0.4061705768802394
fa8553_2022-02,0.0
fa8553_2022-05,0.06382978723404255
c5816f_2024-09,0.6744186046511629
8ec563_2025-08,0.8928571428571429
11f0e3_2015-04,0.0
bfbeef_2015-05,0.020833333333333332
c5816f_2019-02,0.3709677419354839
8ec563_2017-02,0.45454545454545453
fd589c_2024-05,0.8
e361b7_2019-06,0.45454545454545453
e4bc80_2019-11,0.45454545454545453
e4bc80_2025-02,0.8002590867136354
9f1aa0_2022-04,0.42857142857142855
fa8553_2022-11,0.0
bfbeef_2024-11,0.5588235294117647
fd589c_2022-11,0.8928571428571429
e4bc80_2024-11,0.6744186046511629
9f1aa0_2022-05,0.5588235294117647
9f1aa0_2023-03,0.5
bfbeef_2017-08,0.45454545454545453
29849f_2022-10,0.5588235294117647
c5816f_2019-11,0.5588235294117647
8ec563_2025-07,0.8928571428571429
9f1aa0_2022-10,0.5
11f0e3_2022-06,0.3709677419354839
780a0b_2015-03,0.0
894378_2022-12,0.5588235294117647
c5816f_2025-05,0.8928571428571429
e4bc80_2021-10,0.38461538461538464
bc4c03_2019-08,0.45454545454545453
bc4c03_2020-02,0.6744186046511629
fd589c_2021-12,0.45454545454545453
e361b7_2023-09,0.6744186046511629
e4bc80_2022-11,0.5588235294117647
513080_2024-08,0.3709677419354839
731908_2015-01,0.0
bfbeef_2016-06,0.045454545454545456
8ec563_2018-01,0.45454545454545453
90abb1_2024-11,0.8928571428571429
894378_2022-10,0.8928571428571429
fd589c_2018-03,0.3709677419354839
9f1aa0_2021-10,0.3709677419354839
9f1aa0_2022-02,0.4229483221035522
8fb6f0_2015-06,0.020833333333333332
e361b7_2019-07,0.5588235294117647
510fbf_2023-06,0.0
894378_2022-09,0.38461538461538464
8ec563_2022-03,0.3709677419354839
6c1954_2024-04,0.8928571428571429
fd589c_2018-05,0.5588235294117647
e361b7_2020-01,0.8928571428571429
e4bc80_2023-08,0.5588235294117647
9f1aa0_2019-08,0.2465753424657534
510fbf_2024-01,0.2465753424657534
bfbeef_2017-10,0.42857142857142855
8fb6f0_2015-11,0.0
e4bc80_2025-04,0.6744186046511629
e361b7_2024-06,0.8928571428571429
83894c_2025-07,0.5588235294117647
11f0e3_2018-07,0.17142857142857143
f1543b_2014-10,0.0
8fb6f0_2017-09,0.06741573033707865
9befc8_2020-07,0.5588235294117647
7bf5c9_2024-09,0.8928571428571429
731908_2018-01,0.06741573033707865
11f0e3_2022-10,0.2465753424657534
f1543b_2019-04,0.17142857142857143
780a0b_2018-05,0.06741573033707865
9befc8_2025-06,0.5588235294117647
7bf5c9_2024-01,0.8
f1543b_2021-07,1.0
f500c5_2020-06,0.5
83894c_2019-08,0.2465753424657534
83894c_2020-06,0.17142857142857143
87cfea_2023-07,0.3709677419354839
99c11c_2022-06,0.501486517602531
731908_2019-09,0.5
11f0e3_2021-06,0.2465753424657534
0f9e86_2017-10,0.14285714285714285
f500c5_2024-05,0.5588235294117647
11f0e3_2020-12,0.42857142857142855
9befc8_2021-07,0.3709677419354839
9befc8_2022-03,0.3709677419354839
f500c5_2025-04,0.6744186046511629
9befc8_2024-06,0.5588235294117647
f500c5_2021-06,0.8928571428571429
f500c5_2024-10,0.5588235294117647
83894c_2018-10,0.17142857142857143
731908_2020-01,0.45454545454545453
7bf5c9_2024-02,0.45454545454545453
99c11c_2021-03,0.5588235294117647
731908_2017-08,0.06741573033707865
11f0e3_2021-03,0.3709677419354839
8fb6f0_2023-09,0.8928571428571429
9befc8_2019-01,0.06666666666666667
7bf5c9_2015-02,0.0
7bf5c9_2022-10,0.5
f1543b_2024-10,0.8928571428571429
439fde_2019-11,0.45454545454545453
83894c_2024-07,0.8928571428571429
780a0b_2016-08,0.2465753424657534
9befc8_2018-03,0.2465753424657534
f500c5_2025-07,0.8928571428571429
87cfea_2025-02,0.45454545454545453
731908_2016-03,0.0
780a0b_2017-02,0.06741573033707865
780a0b_2023-02,0.3709677419354839
7bf5c9_2019-06,0.45454545454545453
f500c5_2018-01,0.06382978723404255
c3a69f_2019-12,0.5588235294117647
9f1aa0_2024-01,0.5588235294117647
8fb6f0_2017-04,0.07692307692307693
f1543b_2018-05,0.17142857142857143
f500c5_2022-04,0.8928571428571429
f500c5_2024-06,0.45454545454545453
83894c_2019-04,0.2465753424657534
83894c_2021-08,0.3759145448486737
87cfea_2020-03,0.45454545454545453
731908_2022-07,0.45454545454545453
8bd3ce_2019-08,0.45454545454545453
7bf5c9_2014-06,0.020833333333333332
c580aa_2015-03,0.045454545454545456
f500c5_2021-09,0.5588235294117647
731908_2016-10,0.07692307692307693
731908_2022-03,0.2465753424657534
780a0b_2017-07,0.07692307692307693
0f9e86_2019-06,0.5
7a007d_2025-08,0.6744186046511629
11f0e3_2021-07,0.2465753424657534
8e41cf_2020-09,0.5588235294117647
731908_2016-12,0.2465753424657534
9f1aa0_2019-09,0.3709677419354839
780a0b_2021-09,0.2465753424657534
0f9e86_2022-10,0.2465753424657534
f500c5_2023-12,0.3709677419354839
f500c5_2025-06,0.6744186046511629
92dcdd_2023-09,0.5588235294117647
83894c_2018-06,0.17142857142857143
87cfea_2019-04,0.06741573033707865
0f9e86_2025-02,0.5588235294117647
9befc8_2025-04,0.6744186046511629
780a0b_2017-08,0.06741573033707865
9befc8_2019-03,0.2465753424657534
f1543b_2024-02,0.45454545454545453
439fde_2023-04,0.3709677419354839
87cfea_2024-04,0.8928571428571429
731908_2021-05,0.45454545454545453
11f0e3_2019-05,0.45454545454545453
780a0b_2022-07,0.3709677419354839
780a0b_2025-04,0.5588235294117647
f1543b_2017-06,0.06741573033707865
f1543b_2020-08,0.5588235294117647
f500c5_2021-02,0.6744186046511629
83894c_2025-03,0.8928571428571429
11f0e3_2020-01,0.5030465038500451
f1543b_2023-03,0.45454545454545453
f500c5_2019-05,0.3709677419354839
b1de95_2015-02,0.06382978723404255
83894c_2019-09,0.17142857142857143
83894c_2021-09,0.3709677419354839
87cfea_2021-09,0.5588235294117647
11f0e3_2018-04,0.2465753424657534
780a0b_2016-12,0.06741573033707865
0f9e86_2020-02,0.5
0f9e86_2021-04,0.45454545454545453
9befc8_2020-05,0.8928571428571429
c580aa_2014-09,0.06666666666666667
4f2b6b_2024-09,0.06382978723404255
731908_2023-09,0.45454545454545453
8fb6f0_2017-11,0.06382978723404255
f1543b_2024-01,0.45454545454545453
4f2b6b_2024-05,0.0
87cfea_2025-08,0.6744186046511629
9f1aa0_2017-02,0.32222656693100815
780a0b_2022-09,0.3709677419354839
7bf5c9_2020-01,0.3709677419354839
e361b7_2015-05,0.020833333333333332
e7a56d_2023-08,1.0
e7a56d_2023-10,0.5588235294117647
c48018_2024-06,0.6744186046511629
db4cd8_2014-04,0.0
14fe3a_2018-08,0.45454545454545453
375f2e_2021-07,0.8928571428571429
bc4c03_2015-03,0.06382978723404255
c5816f_2015-07,0.0
19fa84_2024-08,0.8928571428571429
fd589c_2017-12,0.45454545454545453
829a72_2021-09,0.45454545454545453
e4bc80_2024-06,0.6744186046511629
c48018_2025-01,0.8928571428571429
edda84_2025-07,0.06741573033707865
c48018_2018-02,0.07692307692307693
6f5e2b_2019-05,0.5588235294117647
6f5e2b_2021-11,0.8928571428571429
b416b1_2021-12,0.2465753424657534
987bc1_2019-01,0.38391955555674795
a42d13_2015-02,0.0
8ec563_2014-09,0.0
8ec563_2016-05,0.0
6c1954_2025-06,0.8928571428571429
19fa84_2017-03,0.2465753424657534
e361b7_2015-01,0.045454545454545456
4718d7_2024-11,0.8928571428571429
d59611_2024-04,0.5588235294117647
14fe3a_2018-07,0.45454545454545453
8005b9_2022-01,0.3709677419354839
1698cf_2022-03,0.8928571428571429
1822ea_2023-07,0.6744186046511629
14fe3a_2022-10,0.6744186046511629
e361b7_2017-11,0.38461538461538464
d59611_2018-01,0.2465753424657534
0874ee_2019-07,0.2465753424657534
77b3b9_2023-02,0.5588235294117647
8ec563_2015-07,0.0
6c1954_2024-01,0.6744186046511629
19fa84_2019-02,0.14285714285714285
e7a56d_2019-03,0.3709677419354839
e7a56d_2025-01,0.8928571428571429
c48018_2025-04,0.8928571428571429
5a0174_2014-11,0.020833333333333332
b416b1_2018-01,0.3709677419354839
b416b1_2020-01,0.5588235294117647
db4cd8_2022-11,0.8928571428571429
34889b_2022-05,0.5
375f2e_2019-06,0.2828488842941014
6f5e2b_2014-12,0.0
6f5e2b_2024-04,0.8928571428571429
19fa84_2015-01,0.020833333333333332
e361b7_2020-12,0.42857142857142855
e4bc80_2016-06,0.14285714285714285
e7a56d_2015-02,0.0
18defd_2015-02,0.045454545454545456
d59611_2024-02,0.9411764705882353
1822ea_2024-02,0.8928571428571429
9af74c_2019-03,0.8928571428571429
1698cf_2018-03,0.42857142857142855
19fa84_2025-02,0.8928571428571429
18defd_2014-08,0.06382978723404255
6f5e2b_2025-02,0.5588235294117647
90abb1_2024-07,0.8928571428571429
8005b9_2025-06,0.8928571428571429
0874ee_2019-12,0.42857142857142855
f461d4_2015-03,0.017192941949093807
e7a56d_2022-03,0.8928571428571429
18defd_2024-04,0.5588235294117647
14fe3a_2022-12,0.8928571428571429
1698cf_2014-11,0.020833333333333332
f461d4_2019-02,0.3709677419354839
f461d4_2021-11,1.0
e7a56d_2022-10,0.45454545454545453
18defd_2014-07,0.020833333333333332
18defd_2020-03,0.8928571428571429
18defd_2025-03,0.8928571428571429
c48018_2018-01,0.2465753424657534
c48018_2019-05,0.3709677419354839
4718d7_2014-05,0.0
8005b9_2023-09,0.8928571428571429
5a0174_2023-02,0.5588235294117647
894378_2016-07,0.045454545454545456
b416b1_2025-06,0.8928571428571429
f461d4_2021-10,0.8928571428571429
06534f_2019-12,1.0
db4cd8_2022-07,0.8928571428571429
e4bc80_2015-01,0.045454545454545456
18defd_2019-11,0.5588235294117647
d59611_2025-02,0.45454545454545453
1822ea_2024-10,1.0
8005b9_2025-08,0.8928571428571429
db4cd8_2023-01,0.8928571428571429
375f2e_2024-02,0.8928571428571429
6c1954_2023-12,0.6744186046511629
19fa84_2016-06,0.0
19fa84_2020-01,0.869208023226886
fd589c_2015-01,0.020833333333333332
e7a56d_2019-09,0.45454545454545453
e7a56d_2019-11,0.5588235294117647
c48018_2023-11,0.45454545454545453
4718d7_2024-10,0.8928571428571429
b416b1_2019-12,0.5588235294117647
6838b9_2025-02,0.8928571428571429
db4cd8_2023-06,0.6744186046511629
8fabe0_2024-02,0.6744186046511629
a25664_2019-11,0.8928571428571429
375f2e_2020-03,1.0
894378_2015-10,0.0
e361b7_2015-07,0.0
e7a56d_2020-02,0.45454545454545453
18defd_2024-06,0.6744186046511629
4718d7_2019-12,0.8928571428571429
5a0174_2019-03,0.8928571428571429
b416b1_2023-08,0.8928571428571429
bc4c03_2023-10,1.0
259a19_2015-02,0.0
db4cd8_2024-03,1.0
14fe3a_2025-02,0.5
1822ea_2021-12,1.0
894378_2024-08,0.6744186046511629
c5816f_2022-05,0.3709677419354839
18defd_2019-10,0.45454545454545453
c48018_2018-05,0.17023919151819283
b416b1_2023-06,0.8928571428571429
d59611_2021-10,0.8928571428571429
d59611_2021-12,0.8928571428571429
8005b9_2023-01,0.5588235294117647
9af74c_2024-07,0.8928571428571429
5a0174_2024-01,1.0
6c1954_2019-07,0.06382978723404255
fd589c_2015-07,0.0
4718d7_2018-04,0.0
259a19_2019-08,0.5588235294117647
8005b9_2019-12,0.6744186046511629
06534f_2018-04,0.5588235294117647
bf6f0d_2025-04,0.9411764705882353
94f933_2023-06,0.020833333333333332
c5816f_2015-08,0.0
c5816f_2016-02,0.0
fd589c_2016-06,0.2465753424657534
f461d4_2014-10,0.020833333333333332
db4cd8_2020-03,0.8928571428571429
8005b9_2025-03,0.8928571428571429
fd589c_2016-05,0.2465753424657534
e4bc80_2016-05,0.0
18defd_2025-05,0.8928571428571429
c48018_2014-07,0.020833333333333332
b416b1_2019-10,0.5588235294117647
db4cd8_2014-07,0.0
1698cf_2022-12,0.8928571428571429
e7a56d_2024-10,0.8928571428571429
259a19_2014-06,0.0
db4cd8_2022-05,0.6744186046511629
6224d0_2018-05,0.020833333333333332
6838b9_2019-07,0.0
14fe3a_2023-09,0.45454545454545453
e361b7_2015-04,0.06382978723404255
e361b7_2015-08,0.0
d59611_2023-09,0.45454545454545453
34889b_2022-03,0.45454545454545453
5a0174_2022-12,0.8928571428571429
e361b7_2017-06,0.3709677419354839
b416b1_2021-09,0.5588235294117647
8005b9_2021-10,0.6666666666666666
5a0174_2015-03,0.0
c48018_2017-06,0.2465753424657534
8fabe0_2015-03,0.0
db4cd8_2018-04,0.020833333333333332
db4cd8_2025-08,0.5588235294117647
34889b_2022-07,0.45454545454545453
4718d7_2023-03,0.6744186046511629
8fabe0_2015-04,0.020833333333333332
4fb2d3_2019-04,0.45454545454545453
e60b65_2015-08,0.0
19fa84_2014-12,0.06741573033707865
e361b7_2014-11,0.020833333333333332
e7a56d_2018-07,0.2465753424657534
db4cd8_2024-06,0.45454545454545453
8005b9_2015-02,0.020833333333333332
f461d4_2023-07,0.8928571428571429
90abb1_2019-07,0.45454545454545453
34889b_2014-09,0.020833333333333332
8005b9_2024-04,0.8928571428571429
c5816f_2018-10,0.5588235294117647
c48018_2024-10,0.6744186046511629
db4cd8_2017-10,0.3709677419354839
6f5e2b_2014-07,0.03884639980698108
db4cd8_2019-02,0.06741573033707865
b08ec1_2019-04,0.2465753424657534
9af74c_2018-02,0.06741573033707865
4fb2d3_2019-06,0.45454545454545453
8fabe0_2025-08,0.9411764705882353
0ffc2d_2024-09,0.5588235294117647
0ffc2d_2019-02,0.0
0ffc2d_2022-06,0.0
6da35b_2023-01,0.06382978723404255
7e646c_2024-12,0.3709677419354839
6da35b_2024-07,0.06382978723404255
0ffc2d_2022-10,0.0
4718d7_2024-07,0.5588235294117647
f1543b_2015-09,0.06382978723404255
0ffc2d_2025-03,0.9411764705882353
0ffc2d_2020-12,0.06382978723404255
0ffc2d_2022-03,0.0
74b7d1_2019-01,0.45454545454545453
8b98f3_2022-10,0.020833333333333332
8b98f3_2022-01,0.06741573033707865
0874ee_2014-05,0.0
5a0174_2024-06,0.5588235294117647
5a0174_2024-09,0.9411764705882353
4718d7_2024-03,0.9411764705882353
0f9e86_2017-03,0.14285714285714285
9befc8_2016-03,0.0
829a72_2019-10,0.6744186046511629
7e646c_2025-08,0.2465753424657534
11f0e3_2015-12,0.0
7e646c_2023-11,0.020833333333333332
9befc8_2017-07,0.2465753424657534
0ffc2d_2023-08,0.2465753424657534
0ffc2d_2023-10,0.2465753424657534
0ffc2d_2024-06,0.5588235294117647
f1543b_2015-11,0.020833333333333332
0ffc2d_2023-04,0.17142857142857143
0ffc2d_2024-04,0.6744186046511629
a97df3_2024-11,1.0
0ffc2d_2020-01,0.06382978723404255
0f9e86_2015-09,0.020833333333333332
94f933_2023-07,0.0
7e646c_2022-11,0.020833333333333332
6f5e2b_2024-05,0.6744186046511629
0ffc2d_2019-03,0.0
b0ff51_2019-05,0.8928571428571429
b0ff51_2024-08,0.9411764705882353
b0ff51_2025-05,0.8928571428571429
b59bc0_2019-05,0.8836877653802837
b0ff51_2020-09,0.6744186046511629
8bd3ce_2021-12,0.45454545454545453
b59bc0_2014-04,0.06382978723404255
8d0588_2019-09,0.8928571428571429
b59bc0_2019-07,0.6744186046511629
b59bc0_2024-08,1.0
0cecbd_2018-03,0.07692307692307693
0cecbd_2020-03,0.8928571428571429
0cecbd_2019-02,0.07692307692307693
74b7d1_2018-06,0.06741573033707865
8d0588_2022-03,0.9411764705882353
b0ff51_2024-11,0.8928571428571429
8d0588_2020-07,0.8928571428571429
b0ff51_2024-03,0.8928571428571429
b0ff51_2020-03,1.0
0cecbd_2021-01,0.8928571428571429
c3a69f_2023-07,0.42857142857142855
99c11c_2018-02,0.0
b0ff51_2021-07,0.6744186046511629
8d0588_2020-01,0.8928571428571429
b59bc0_2023-03,1.0
b59bc0_2025-06,0.8928571428571429
b0ff51_2018-05,0.5588235294117647
8d0588_2019-08,0.5588235294117647
8d0588_2025-07,0.8928571428571429
c3a69f_2022-09,0.8928571428571429
83894c_2018-03,0.06382978723404255
8d0588_2023-10,0.8928571428571429
b59bc0_2018-05,0.5588235294117647
b59bc0_2023-05,0.9411764705882353
b644ac_2025-05,0.06741573033707865
439fde_2023-05,0.45454545454545453
8d0588_2014-04,0.06382978723404255
8d0588_2023-03,0.8928571428571429
8d0588_2025-05,1.0
b59bc0_2021-06,0.6744186046511629
b0ff51_2018-03,0.6744186046511629
b0ff51_2018-06,0.8928571428571429
b59bc0_2019-10,0.5588235294117647
b0ff51_2019-06,0.6744186046511629
b0ff51_2019-07,0.5588235294117647
b0ff51_2022-03,1.0
b416b1_2023-02,0.5
8d0588_2014-07,0.045454545454545456
8d0588_2024-06,0.8928571428571429
b0ff51_2023-08,1.0
8d0588_2021-01,0.8928571428571429
b0ff51_2022-02,0.9411764705882353
1bdb97_2024-11,0.2465753424657534
e361b7_2015-12,0.045454545454545456
d59611_2022-08,0.8928571428571429
83894c_2018-01,0.0
a25664_2020-08,0.5588235294117647
c3a69f_2022-08,0.8928571428571429
b416b1_2025-10,0.9411764705882353
a97df3_2019-06,0.045454545454545456
77e86b_2024-04,0.8404114117851644
87cfea_2021-10,0.37311902622052934
99c11c_2020-11,0.2465753424657534
dc4b5e_2020-02,0.0
a97df3_2019-10,0.0
731908_2018-12,0.3709677419354839
a97df3_2019-09,0.0
87cfea_2017-03,0.0
c48018_2015-12,0.0
ab32d7_2024-06,0.2465753424657534
8b98f3_2025-08,0.2465753424657534
4fb2d3_2022-08,0.45454545454545453
f25ffe_2024-09,0.020833333333333332
259a19_2020-11,0.8928571428571429
987bc1_2023-07,0.8928571428571429
6224d0_2021-03,0.9411764705882353
4718d7_2021-05,0.8928571428571429
4ee2d2_2025-03,0.0
6f5e2b_2025-05,0.8928571428571429
259a19_2021-05,0.9411764705882353
5ecf9b_2025-05,0.2465753424657534
987bc1_2023-01,0.9411764705882353
a42d13_2024-05,0.5588235294117647
6224d0_2025-02,0.8928571428571429
94f933_2024-07,0.0
92dcdd_2020-08,0.2465753424657534
a42d13_2021-09,0.8928571428571429
4fb2d3_2022-05,0.5588235294117647
4fb2d3_2024-05,0.6744186046511629
6224d0_2019-01,0.5588235294117647
259a19_2023-05,0.8928571428571429
439fde_2018-06,0.06382978723404255
77e86b_2025-01,0.6744186046511629
175155_2023-08,0.8928571428571429
b08ec1_2017-02,0.3709677419354839
8fabe0_2023-05,0.9411764705882353
6838b9_2020-01,0.07692307692307693
022433_2025-05,0.45454545454545453
fc77d0_2020-02,0.5588235294117647
175155_2020-10,0.8928571428571429
175155_2022-08,0.45454545454545453
a42d13_2025-09,0.8928571428571429
f25ffe_2024-11,0.020833333333333332
4718d7_2023-06,0.9411764705882353
259a19_2020-06,0.8928571428571429
18defd_2024-03,0.45454545454545453
439fde_2019-08,0.3709677419354839
5ecf9b_2022-07,0.06382978723404255
fc77d0_2018-03,0.06666666666666667
987bc1_2019-05,0.3709677419354839
fc77d0_2020-11,0.8928571428571429
fc77d0_2025-06,0.8928571428571429
265164_2024-01,0.06382978723404255
6838b9_2021-12,0.3709677419354839
7e646c_2023-08,0.045454545454545456
94f933_2025-02,0.06666666666666667
a42d13_2019-03,0.8928571428571429
fb737b_2023-02,0.2465753424657534
8fabe0_2022-12,0.8928571428571429
a25664_2021-10,0.8928571428571429
ab32d7_2023-04,0.045454545454545456
ab32d7_2024-12,0.06741573033707865
4fb2d3_2018-05,0.06666666666666667
f25ffe_2024-12,0.0
1698cf_2022-08,0.9411764705882353
c3a69f_2021-03,0.8928571428571429
92dcdd_2024-01,0.9411764705882353
f461d4_2023-10,1.0
6224d0_2014-10,0.020833333333333332
4ee2d2_2025-05,0.0
a42d13_2019-01,0.6744186046511629
a42d13_2022-07,0.8928571428571429
a42d13_2023-09,0.45454545454545453
fb34b4_2025-08,0.2465753424657534
fb737b_2025-06,0.6744186046511629
4ee2d2_2024-07,0.0
8fabe0_2020-08,0.8928571428571429
259a19_2022-07,0.45454545454545453
b08ec1_2015-02,0.0
fb737b_2019-12,0.06382978723404255
e60b65_2023-07,0.45454545454545453
5a0174_2025-08,1.0
f461d4_2021-07,1.0
c3a69f_2019-01,0.2465753424657534
987bc1_2025-04,0.6744186046511629
e60b65_2023-10,0.5588235294117647
fc77d0_2021-05,0.8928571428571429
92dcdd_2025-08,0.6744186046511629
259a19_2022-04,0.6744186046511629
c48018_2019-06,0.45454545454545453
8b98f3_2024-03,0.2465753424657534
5ecf9b_2024-01,0.0
987bc1_2022-05,0.8928571428571429
c3a69f_2018-12,0.2465753424657534
0ffc2d_2022-11,0.0
92dcdd_2023-12,0.9411764705882353
987bc1_2020-12,0.6744186046511629
fb737b_2025-01,0.8928571428571429
a42d13_2019-06,0.6744186046511629
a42d13_2023-04,0.45454545454545453
6224d0_2020-08,0.45454545454545453
1bdb97_2021-12,0.020833333333333332
4718d7_2024-05,0.6744186046511629
c48018_2020-02,0.7387634576064412
0874ee_2019-01,0.17142857142857143
4fb2d3_2022-01,0.8928571428571429
a42d13_2022-02,0.8928571428571429
6f5e2b_2022-05,0.8928571428571429
259a19_2023-09,0.8928571428571429
5ecf9b_2024-10,0.2465753424657534
6838b9_2021-08,0.07692307692307693
fc77d0_2024-10,0.8928571428571429
1698cf_2019-10,0.5588235294117647
a25664_2024-07,0.8928571428571429
ab32d7_2024-02,0.0
8b98f3_2022-07,0.020833333333333332
74b7d1_2019-10,0.3709677419354839
a42d13_2022-06,0.8928571428571429
f25ffe_2023-12,0.06382978723404255
5a0174_2019-07,0.5
6f5e2b_2022-06,0.6744186046511629
f461d4_2022-05,1.0
259a19_2021-10,0.8928571428571429
a25664_2019-04,0.2465753424657534
a25664_2025-02,1.0
a42d13_2017-05,0.3709677419354839
b08ec1_2015-03,0.0
4fb2d3_2023-05,0.6666666666666666
92dcdd_2024-07,0.8928571428571429
6224d0_2020-11,0.8928571428571429
5a0174_2017-08,0.45454545454545453
175155_2024-11,1.0
f461d4_2023-04,0.9411764705882353
f461d4_2024-03,0.9411764705882353
90abb1_2023-12,1.0
fb34b4_2022-08,0.020833333333333332
6224d0_2025-07,0.8928571428571429
0e8d73_2024-01,0.06741573033707865
34889b_2018-03,0.06382978723404255
fb34b4_2024-01,0.06741573033707865
92dcdd_2019-01,0.0
bf6f0d_2024-05,0.8928571428571429
424c1b_2025-03,0.020833333333333332
a25664_2023-10,0.5588235294117647
c48018_2017-04,0.17142857142857143
92dcdd_2024-08,0.8928571428571429
fb34b4_2023-09,0.020833333333333332
7199cf_2025-04,0.06382978723404255
bf6f0d_2022-05,0.6666666666666666
b08ec1_2022-11,0.45454545454545453
bf6f0d_2023-10,0.5588235294117647
bf6f0d_2024-01,0.9411764705882353
e60b65_2016-10,0.45454545454545453
1822ea_2025-06,0.8928571428571429
987bc1_2017-06,0.2465753424657534
9befc8_2024-07,0.5588235294117647
fa8553_2022-01,0.020833333333333332
90abb1_2019-08,0.5588235294117647
948a11_2022-11,0.0
bf6f0d_2017-09,0.2465753424657534
a42d13_2015-03,0.0
9af74c_2019-11,0.9411764705882353
18defd_2016-05,0.07692307692307693
0f9e86_2023-07,0.3729519443713014
90abb1_2022-07,0.8928571428571429
987bc1_2022-10,1.0
bf6f0d_2023-04,0.6744186046511629
1822ea_2020-12,0.9411764705882353
1822ea_2023-11,0.8928571428571429
bc4c03_2025-06,0.8928571428571429
90abb1_2019-11,0.8928571428571429
1822ea_2020-07,0.9411764705882353
175155_2014-09,0.06382978723404255
11f0e3_2023-05,0.45454545454545453
11f0e3_2025-03,0.6744186046511629
6224d0_2014-08,0.06382978723404255
bf6f0d_2018-12,0.45454545454545453
bf6f0d_2025-03,0.8928571428571429
e60b65_2016-07,0.45454545454545453
4ee2d2_2024-06,0.0
18defd_2017-06,0.17142857142857143
9f1aa0_2020-06,0.5135933084771642
948a11_2022-09,0.0
b08ec1_2023-02,0.38461538461538464
b1de95_2019-12,0.9411764705882353
db5006_2015-02,0.0
3a13b3_2024-11,1.0
e83244_2017-02,0.07692307692307693
e83244_2019-05,0.6744186046511629
e83244_2023-04,0.8928571428571429
06534f_2024-07,0.9411764705882353
b1de95_2023-12,1.0
f4604d_2019-09,0.2465753424657534
1b9e65_2023-09,0.9411764705882353
e2314a_2017-09,0.2465753424657534
60a0fd_2017-06,0.17142857142857143
0cecbd_2018-05,0.06741573033707865
29849f_2025-08,0.8928571428571429
4fb2d3_2017-10,0.3878782236885265
545d15_2019-05,0.06741573033707865
7a007d_2024-12,0.3973800318232238
531356_2015-04,0.045454545454545456
0cecbd_2025-07,0.8928571428571429
db5006_2023-11,0.6744186046511629
db5006_2025-05,0.6744186046511629
f4604d_2020-01,0.8928571428571429
0cecbd_2021-03,0.5588235294117647
0cecbd_2024-08,0.6666666666666666
3a13b3_2025-02,0.8928571428571429
b73bc7_2024-11,1.0
531356_2025-03,0.8928571428571429
1b9e65_2021-09,0.8928571428571429
f500c5_2015-08,0.0
0cecbd_2022-03,0.8928571428571429
b1de95_2024-11,0.8928571428571429
3a13b3_2024-09,1.0
e83244_2017-12,0.45454545454545453
c580aa_2024-03,1.0
db5006_2017-05,0.3709677419354839
db5006_2020-03,0.5588235294117647
545d15_2020-09,0.0
e83244_2014-12,0.0
531356_2015-12,0.0
a25664_2020-11,0.5588235294117647
e2314a_2018-05,0.06741573033707865
e2314a_2019-10,0.8928571428571429
e83244_2015-05,0.045454545454545456
29849f_2023-03,1.0
db5006_2016-02,0.0
6224d0_2021-05,0.8928571428571429
e2314a_2021-08,1.0
e83244_2018-02,0.06741573033707865
db5006_2014-12,0.045454545454545456
e3af0e_2015-02,0.020833333333333332
c580aa_2023-07,1.0
c580aa_2024-11,1.0
b1de95_2024-03,1.0
db5006_2018-06,0.06382978723404255
db5006_2019-07,0.5588235294117647
545d15_2020-02,0.0
e83244_2023-01,0.8928571428571429
829a72_2014-12,0.0
29849f_2020-11,0.8928571428571429
b73bc7_2019-11,0.8928571428571429
545d15_2019-01,0.0
f4604d_2015-03,0.0
e83244_2022-01,0.9411764705882353
db5006_2020-05,0.8928571428571429
7a007d_2024-07,0.5588235294117647
e2314a_2014-12,0.0
98a151_2014-07,0.0
531356_2018-06,0.38162005436655433
e2314a_2023-11,0.9411764705882353
06534f_2018-05,0.45454545454545453
98a151_2014-12,0.0
db5006_2020-04,0.5588235294117647
1b9e65_2021-08,0.8928571428571429
e83244_2023-06,0.5588235294117647
175155_2021-03,0.8928571428571429
545d15_2020-10,0.07692307692307693
e2314a_2019-01,0.45454545454545453
e83244_2017-11,0.45454545454545453
e83244_2023-11,0.6744186046511629
829a72_2018-01,0.17142857142857143
0cecbd_2023-06,0.5588235294117647
1b9e65_2021-04,0.45454545454545453
7a007d_2025-04,0.38461538461538464
60a0fd_2017-04,0.3709677419354839
a25664_2021-01,0.5588235294117647
06534f_2023-05,0.9411764705882353
f4604d_2016-11,0.2465753424657534
60a0fd_2017-02,0.09386476077082828
1b9e65_2020-09,0.8928571428571429
1b9e65_2024-10,0.8928571428571429
531356_2023-05,0.45454545454545453
e2314a_2022-05,0.8928571428571429
e3af0e_2018-01,0.2465753424657534
1b9e65_2020-08,0.8928571428571429
e2314a_2020-01,0.9411764705882353
06534f_2019-06,0.5588235294117647
0cecbd_2022-06,0.5588235294117647
022433_2023-05,0.07692307692307693
531356_2017-04,0.2465753424657534
510fbf_2021-12,0.0
af81b0_2018-06,0.07692307692307693
0874ee_2017-03,0.5588235294117647
022433_2022-04,0.0
022433_2024-01,0.17142857142857143
f4604d_2019-06,0.17142857142857143
022433_2022-05,0.0
cd0e60_2025-08,0.45454545454545453
d86999_2020-09,0.5588235294117647
022433_2023-09,0.42857142857142855
375f2e_2015-12,0.020833333333333332
894378_2020-06,0.8928571428571429
f4604d_2017-06,0.2465753424657534
c5816f_2017-10,0.45454545454545453
f4604d_2018-03,0.06741573033707865
af81b0_2018-01,0.3709677419354839
b73bc7_2019-01,0.8928571428571429
b1de95_2019-05,0.6744186046511629
022433_2024-08,0.2465753424657534
fa8553_2021-09,0.020833333333333332
531356_2025-04,0.8928571428571429
829a72_2024-11,0.8928571428571429
022433_2022-02,0.0
e361b7_2020-08,0.8928571428571429
b73bc7_2018-02,0.45454545454545453
7a007d_2019-08,0.8928571428571429
29849f_2018-12,0.2465753424657534
531356_2017-02,0.42857142857142855
87cfea_2022-10,0.7096703548260952
29849f_2020-12,0.9411764705882353
531356_2017-05,0.3709677419354839
3a13b3_2020-03,1.0
b08ec1_2019-02,0.06741573033707865
375f2e_2018-03,0.2465753424657534
f4604d_2020-06,0.5588235294117647
34889b_2017-02,0.3709677419354839
987bc1_2025-06,0.6744186046511629
e7a56d_2023-01,0.38461538461538464
90abb1_2024-05,1.0
bf6f0d_2022-03,0.8928571428571429
bc4c03_2023-11,1.0
fb737b_2024-03,0.6744186046511629
fb34b4_2024-05,0.38461538461538464
77b3b9_2024-08,0.8928571428571429
bf6f0d_2016-05,0.2465753424657534
b73bc7_2019-03,0.8928571428571429
531356_2018-02,0.06382978723404255
4fb2d3_2023-12,1.0
1822ea_2016-06,0.0
e83244_2021-01,0.9411764705882353
a97df3_2022-08,0.06741573033707865
29849f_2018-10,0.5588235294117647
1822ea_2016-11,0.14285714285714285
db5006_2015-06,0.020833333333333332
77b3b9_2018-02,0.06741573033707865
83894c_2024-10,0.8928571428571429
1822ea_2016-12,0.5588235294117647
f4604d_2017-07,0.3709677419354839
531356_2016-08,0.0
af81b0_2019-08,0.3709677419354839
a97df3_2024-09,0.6744186046511629
90abb1_2023-04,0.8928571428571429
8005b9_2017-01,0.5588235294117647
987bc1_2023-02,0.6744186046511629
77b3b9_2025-01,1.0
e2314a_2019-05,0.5588235294117647
9af74c_2015-01,0.0
bc4c03_2017-02,0.3709677419354839
29849f_2016-02,0.045454545454545456
b73bc7_2017-05,0.45454545454545453
f4d28d_2024-08,0.06666666666666667
e7a56d_2017-12,0.38461538461538464
bf6f0d_2014-06,0.045454545454545456
bf6f0d_2014-07,0.06741573033707865
77b3b9_2022-09,0.8928571428571429
77b3b9_2024-03,0.8928571428571429
439fde_2015-01,0.045454545454545456
531356_2016-12,0.3709677419354839
34889b_2023-01,0.8928571428571429
dc4b5e_2025-08,0.8928571428571429
375f2e_2019-01,0.06741573033707865
9af74c_2020-01,1.0
e2314a_2024-01,0.8928571428571429
948a11_2024-09,0.40671992279145375
bf6f0d_2022-12,0.8928571428571429
a97df3_2022-10,0.06741573033707865
424c1b_2024-09,0.0
1bdb97_2022-09,0.0
77b3b9_2020-03,1.0
b1de95_2019-07,0.9411764705882353
531356_2020-04,0.9411764705882353
a97df3_2023-06,0.2465753424657534
375f2e_2021-01,1.0
74fb1f_2018-04,0.2465753424657534
cd0e60_2020-07,0.020833333333333332
98a151_2021-04,0.8928571428571429
829a72_2020-01,0.8928571428571429
c5df88_2024-01,0.8928571428571429
74fb1f_2020-10,0.8928571428571429
e2e0ce_2020-01,0.45454545454545453
2ab8ad_2020-06,0.45454545454545453
531356_2017-03,0.45454545454545453
6838b9_2024-06,0.8
a42d13_2017-06,0.3709677419354839
98a151_2022-11,0.5588235294117647
829a72_2022-07,0.5588235294117647
8fabe0_2016-05,0.2465753424657534
293190_2020-08,0.45454545454545453
293190_2025-12,0.8928571428571429
98a151_2024-08,0.9411764705882353
4f2b6b_2022-07,0.045454545454545456
2ab8ad_2020-09,0.5
cd0e60_2021-02,0.0666351067343697
2ab8ad_2019-12,0.2465753424657534
88a9a6_2018-07,0.3709677419354839
88a9a6_2025-03,0.9411764705882353
60a0fd_2020-11,0.8928571428571429
77b3b9_2023-10,1.0
cd0e60_2020-01,0.06666666666666667
e3af0e_2020-11,0.8928571428571429
6838b9_2019-03,0.0
88a9a6_2020-08,0.45454545454545453
cd0e60_2019-07,0.06382978723404255
cd0e60_2021-01,0.045454545454545456
c5df88_2026-01,0.8928571428571429
293190_2019-10,0.3709677419354839
e2e0ce_2017-11,0.3709677419354839
c5df88_2026-03,0.8928571428571429
c5df88_2025-01,0.8928571428571429
a25664_2019-01,0.2465753424657534
4fb2d3_2016-11,0.07692307692307693
f25ffe_2024-04,0.0
e3af0e_2021-09,1.0
9af74c_2025-08,0.8928571428571429
e2e0ce_2019-12,0.45454545454545453
77b3b9_2018-01,0.2465753424657534
cd0e60_2019-08,0.06666666666666667
7aa803_2015-07,0.0
6224d0_2018-12,0.3709677419354839
9b46ed_2016-01,0.0
92dcdd_2022-02,0.06741573033707865
829a72_2021-10,0.8928571428571429
829a72_2022-03,0.8928571428571429
88a9a6_2017-05,0.37983909664652604
92dcdd_2020-12,0.2465753424657534
92dcdd_2023-04,0.5588235294117647
cd0e60_2021-11,0.45454545454545453
175155_2018-02,0.009002735469045082
7bf5c9_2022-08,0.5588235294117647
4f2b6b_2023-03,0.020833333333333332
98a151_2020-01,0.8928571428571429
98a151_2021-08,1.0
88a9a6_2020-11,0.5588235294117647
3a13b3_2015-06,0.0
60a0fd_2021-11,0.5588235294117647
1996b0_2023-06,0.0
8b98f3_2021-10,0.020833333333333332
1996b0_2023-07,0.0
731908_2015-04,0.0
ab32d7_2022-04,0.020833333333333332
f500c5_2014-06,0.020833333333333332
f500c5_2015-03,0.0
60a0fd_2019-09,0.5588235294117647
1996b0_2024-03,0.0
5ecf9b_2022-04,0.0
829a72_2017-12,0.45454545454545453
829a72_2017-08,0.2465753424657534
ab32d7_2022-03,0.06382978723404255
dc4b5e_2023-04,0.06741573033707865
a97df3_2020-01,0.020833333333333332
92dcdd_2025-07,0.8928571428571429
f500c5_2014-09,0.045454545454545456
1996b0_2024-06,0.020833333333333332
f500c5_2014-10,0.045454545454545456
bc4c03_2025-04,0.9411764705882353
7a007d_2015-03,0.020833333333333332
18defd_2017-03,0.3709677419354839
3db670_2014-10,0.06382978723404255
90abb1_2023-08,0.8928571428571429
1698cf_2021-05,0.9411764705882353
9befc8_2015-01,0.0
e2314a_2024-09,1.0
db4cd8_2019-12,0.8928571428571429
a42d13_2014-06,0.020833333333333332
948a11_2023-05,0.0
e7a56d_2021-09,0.8928571428571429
7a007d_2019-01,0.07692307692307693
6224d0_2014-09,0.045454545454545456
29849f_2016-12,0.2465753424657534
3db670_2020-02,0.8928571428571429
6224d0_2016-05,0.06741573033707865
1698cf_2020-09,0.8928571428571429
fb737b_2021-09,0.045454545454545456
74b7d1_2019-02,0.2465753424657534
d86999_2020-05,0.8928571428571429
f25ffe_2025-05,0.3709677419354839
74b7d1_2024-04,0.6744186046511629
429b22_2025-05,0.045454545454545456
f500c5_2015-10,0.020833333333333332
545d15_2021-02,0.07692307692307693
92dcdd_2025-04,0.8928571428571429
4718d7_2015-09,0.0
4718d7_2015-08,0.0
06534f_2015-08,0.0
bc4c03_2015-11,0.0
e7a56d_2016-12,0.3709677419354839
f1543b_2020-01,0.5
b73bc7_2019-06,0.8928571428571429
db5006_2016-11,0.2465753424657534
b416b1_2015-07,0.0
7bf5c9_2021-09,0.6744186046511629
7a007d_2021-09,0.8928571428571429
6224d0_2017-10,0.2465753424657534
e7a56d_2016-06,0.2465753424657534
3a13b3_2019-04,0.8928571428571429
7a007d_2022-04,0.8928571428571429
7a007d_2018-03,0.2465753424657534
7a007d_2015-12,0.020833333333333332
0cecbd_2022-11,0.8928571428571429
1bdb97_2023-08,0.2465753424657534
18defd_2017-01,0.3815255816576344
7a007d_2025-09,0.8928571428571429
7a007d_2023-06,0.8928571428571429
c3a69f_2021-02,0.8928571428571429
77e86b_2018-10,0.45454545454545453
375f2e_2020-12,0.9411764705882353
7a007d_2020-08,0.45454545454545453
7a007d_2017-09,0.37462626891349066
7a007d_2022-08,0.8928571428571429
c580aa_2019-09,1.0
8fabe0_2021-11,0.8928571428571429
a97df3_2024-04,0.6744186046511629
d59611_2020-09,0.8928571428571429
fb737b_2023-11,0.45454545454545453
7a007d_2019-12,0.3709677419354839
1bdb97_2023-09,0.2465753424657534
c580aa_2017-07,0.5588235294117647
8d0588_2023-06,1.0
d59611_2021-02,0.8928571428571429
b0ff51_2015-07,0.06382978723404255
14fe3a_2017-05,0.5588235294117647
a42d13_2015-10,0.0
f461d4_2017-10,0.5588235294117647
b0ff51_2018-09,0.8928571428571429
b59bc0_2017-08,0.3709677419354839
8d0588_2015-07,0.06382978723404255
f461d4_2020-07,0.8928571428571429
8d0588_2016-07,0.5588235294117647
11f0e3_2015-01,0.0
8d0588_2016-08,0.5588235294117647
bf6f0d_2019-11,0.6744186046511629
98a151_2020-07,0.9411764705882353
1822ea_2021-02,1.0
b73bc7_2020-07,1.0
db4cd8_2016-05,0.3709677419354839
a25664_2018-01,0.2465753424657534
af81b0_2015-09,0.020833333333333332
175155_2020-11,0.8928571428571429
780a0b_2021-11,0.8928571428571429
af81b0_2017-05,0.17142857142857143
af81b0_2023-08,0.3709677419354839
6f5e2b_2017-07,0.2465753424657534
af81b0_2024-06,0.3709677419354839
af81b0_2024-08,0.45454545454545453
fb34b4_2022-06,0.06741573033707865
1822ea_2021-03,1.0
dc4b5e_2022-02,0.2465753424657534
293190_2016-02,0.020833333333333332
9f1aa0_2017-05,0.3709677419354839
60a0fd_2018-11,0.5588235294117647
77b3b9_2016-05,0.0
fb34b4_2022-04,0.0
987bc1_2017-10,0.2465753424657534
0cecbd_2015-12,0.0
9befc8_2021-12,0.8928571428571429
94f933_2023-03,0.06741573033707865
b1de95_2018-05,0.5
b1de95_2018-04,0.5588235294117647
e3af0e_2015-09,0.045454545454545456
0f9e86_2023-11,0.9411764705882353
987bc1_2017-09,0.17142857142857143
bc4c03_2018-07,0.2465753424657534
bc4c03_2018-09,0.3709677419354839
bc4c03_2018-08,0.2465753424657534
cd0e60_2020-04,0.0
b08ec1_2021-09,0.8928571428571429
b1de95_2022-12,1.0
34889b_2016-12,0.45454545454545453
6c1954_2020-06,0.06382978723404255
e361b7_2017-09,0.45454545454545453
0ffc2d_2020-06,0.0
3a13b3_2019-10,1.0
e60b65_2019-08,0.5588235294117647
175155_2017-01,0.2465753424657534
175155_2017-02,0.2465753424657534
14fe3a_2016-05,0.06382978723404255
8005b9_2020-12,0.8928571428571429
e60b65_2022-06,0.8928571428571429
a25664_2020-06,0.8928571428571429
3db670_2018-12,0.8928571428571429
b416b1_2016-10,0.020833333333333332
4fb2d3_2021-01,0.5588235294117647
6f5e2b_2020-06,0.8928571428571429
e60b65_2022-01,0.8928571428571429
3a13b3_2015-12,0.045454545454545456
a25664_2015-08,0.020833333333333332
e60b65_2020-06,0.8928571428571429
fc77d0_2017-07,0.3709677419354839
e60b65_2021-03,0.8928571428571429
9befc8_2020-06,0.6744186046511629
1698cf_2017-06,0.3709677419354839
9b46ed_2015-09,0.0
d59611_2017-03,0.3709677419354839
14fe3a_2015-05,0.06741573033707865
14fe3a_2015-06,0.045454545454545456
9f1aa0_2016-03,0.2465753424657534
db4cd8_2016-08,0.3709677419354839
db4cd8_2016-11,0.14285714285714285
d59611_2020-08,0.8928571428571429
f500c5_2016-01,0.0
d59611_2020-11,0.6744186046511629
1822ea_2017-09,0.42857142857142855
8bd3ce_2020-05,0.8928571428571429
db4cd8_2015-09,0.0
1822ea_2015-09,0.020833333333333332
375f2e_2020-11,0.9411764705882353
f500c5_2017-08,0.17142857142857143
f500c5_2017-12,0.06666666666666667
77b3b9_2015-09,0.0
18defd_2017-12,0.38461538461538464
1b9e65_2016-07,0.020833333333333332
c48018_2018-10,0.45454545454545453
a25664_2017-10,0.45454545454545453
5a0174_2015-11,0.0
8fabe0_2017-08,0.45454545454545453
3a13b3_2022-03,1.0
6f5e2b_2017-01,0.37940885165008953
3db670_2020-05,1.0
6f5e2b_2016-08,0.3709677419354839
b73bc7_2016-07,0.2465753424657534
b1de95_2021-09,0.9411764705882353
b73bc7_2021-06,1.0
d59611_2017-07,0.3709677419354839
7aa803_2015-09,0.0
2ab8ad_2015-05,0.06741573033707865
9b46ed_2024-03,0.8928571428571429
f1543b_2016-08,0.17142857142857143
9b46ed_2024-04,0.8928571428571429
e7a56d_2021-06,0.8928571428571429
7bf5c9_2025-06,0.8928571428571429
7bf5c9_2025-10,0.8928571428571429
e3af0e_2017-07,0.45454545454545453
829a72_2017-11,0.38461538461538464
b73bc7_2018-11,0.8928571428571429
18defd_2018-09,0.45454545454545453
7bf5c9_2017-03,0.2465753424657534
8d0588_2021-11,1.0
2ab8ad_2015-12,0.020833333333333332
b08ec1_2016-04,0.0
545d15_2021-10,0.2465753424657534
545d15_2024-05,0.8928571428571429
9b3bd5_2024-12,0.020833333333333332
545d15_2024-12,0.8928571428571429
545d15_2025-03,0.8928571428571429
545d15_2025-09,0.8928571428571429
74b7d1_2020-09,0.6744186046511629
74b7d1_2021-05,0.8
74b7d1_2021-10,0.8928571428571429
74b7d1_2021-02,0.8928571428571429
b73bc7_2021-11,1.0
3db670_2022-08,0.9411764705882353
b1de95_2022-04,1.0
06534f_2021-05,1.0
c5816f_2020-05,0.9411764705882353
c580aa_2016-04,0.2465753424657534
b1de95_2020-04,1.0
3a13b3_2021-01,0.9411764705882353
c5816f_2017-03,0.5588235294117647
c580aa_2022-12,0.9896869386324988
b1de95_2017-11,0.6744186046511629
b1de95_2020-08,1.0
b73bc7_2020-04,1.0
8005b9_2017-09,0.42857142857142855
3a13b3_2021-11,0.9411764705882353
06534f_2020-05,1.0
c5816f_2020-12,0.8928571428571429
06534f_2021-06,1.0
06534f_2016-04,0.0
c580aa_2020-06,0.9411764705882353
b1de95_2015-06,0.0
b1de95_2022-05,1.0
c580aa_2015-05,0.020833333333333332
c5816f_2020-11,0.8928571428571429
06534f_2014-10,0.06666666666666667
3a13b3_2016-02,0.06703857133351517
06534f_2021-04,1.0
dc4b5e_2019-02,0.06741573033707865
e3af0e_2017-10,0.45454545454545453
a97df3_2019-04,0.06382978723404255
f500c5_2017-03,0.2465753424657534
531356_2018-11,0.3709677419354839
293190_2017-03,0.3709677419354839
c48018_2020-04,0.9411764705882353
6f5e2b_2015-10,0.0
18defd_2021-12,0.5588235294117647
e7a56d_2018-08,0.45454545454545453
18defd_2020-08,0.5588235294117647
c48018_2020-08,0.8928571428571429
c48018_2022-01,0.5588235294117647
259a19_2016-08,0.45454545454545453
1822ea_2015-06,0.06382978723404255
1822ea_2016-02,0.0
175155_2018-08,0.3709677419354839
18defd_2020-09,0.5588235294117647
c580aa_2018-11,0.8928571428571429
c48018_2022-06,0.6744186046511629
e7a56d_2020-09,0.8928571428571429
18defd_2023-01,0.5588235294117647
e7a56d_2018-09,0.5588235294117647
c48018_2017-12,0.17142857142857143
e7a56d_2017-03,0.3709677419354839
c48018_2022-02,0.6666666666666666
c48018_2021-06,0.5588235294117647
0874ee_2016-05,0.45454545454545453
0874ee_2015-07,0.045454545454545456
c48018_2017-01,0.38461538461538464
a97df3_2020-02,0.06666666666666667
780a0b_2020-07,0.8928571428571429
b59bc0_2015-12,0.0
b59bc0_2016-01,0.0
7aa803_2017-11,0.3709677419354839
60a0fd_2017-03,0.17142857142857143
9af74c_2015-06,0.020833333333333332
259a19_2020-05,0.8928571428571429
1698cf_2017-03,0.3709677419354839
6f5e2b_2021-02,0.8928571428571429
4718d7_2017-08,0.10181188291243312
77e86b_2017-08,0.3709677419354839
60a0fd_2016-01,0.0
4718d7_2018-08,0.5588235294117647
375f2e_2017-01,0.2465753424657534
259a19_2018-07,0.45454545454545453
829a72_2020-08,0.8928571428571429
f461d4_2015-07,0.0
829a72_2016-12,0.06741573033707865
60a0fd_2017-05,0.07692307692307693
175155_2016-03,0.020833333333333332
f461d4_2017-03,0.38461538461538464
5a0174_2015-12,0.0
e3af0e_2015-08,0.0
5a0174_2016-01,0.0
e3af0e_2015-06,0.0
1698cf_2018-07,0.3735206177306839
4718d7_2018-07,0.5588235294117647
1698cf_2016-07,0.0
5a0174_2017-03,0.2465753424657534
6f5e2b_2015-05,0.0
1698cf_2020-06,0.8928571428571429
829a72_2016-11,0.07692307692307693
db5006_2017-11,0.3709677419354839
e361b7_2016-08,0.3709677419354839
e361b7_2016-07,0.3709677419354839
e361b7_2016-09,0.3709677419354839
e60b65_2017-12,0.06741573033707865
8ec563_2016-02,0.0
1bdb97_2024-01,0.5588235294117647
f461d4_2017-11,0.45454545454545453
3a13b3_2015-09,0.020833333333333332
8ec563_2015-12,0.0
34889b_2015-10,0.045454545454545456
34889b_2015-12,0.020833333333333332
b416b1_2017-07,0.3709677419354839
34889b_2016-03,0.2465753424657534
77e86b_2015-12,0.0
e3af0e_2020-04,0.9411764705882353
98a151_2018-07,0.8
b1de95_2016-11,0.45454545454545453
98a151_2018-08,0.8928571428571429
439fde_2016-04,0.0
90abb1_2015-07,0.0
c580aa_2023-02,0.9411764705882353
1822ea_2017-03,0.45454545454545453
987bc1_2018-07,0.2465753424657534
9af74c_2020-10,0.9411764705882353
9af74c_2016-12,0.45454545454545453
3a13b3_2021-03,0.9411764705882353
1822ea_2018-09,0.14285714285714285
b1de95_2022-10,0.5588235294117647
c3a69f_2015-06,0.0
439fde_2021-02,0.8928571428571429
c3a69f_2023-01,0.8928571428571429
e60b65_2018-08,0.5588235294117647
439fde_2016-09,0.17142857142857143
c3a69f_2021-01,0.8928571428571429
c3a69f_2022-12,0.8928571428571429
99c11c_2016-04,0.06666666666666667
34889b_2017-10,0.3709677419354839
77b3b9_2020-04,0.9411764705882353
29849f_2021-09,0.8928571428571429
c3a69f_2015-12,0.0
7a007d_2016-09,0.5588235294117647
77b3b9_2017-12,0.45454545454545453
e60b65_2015-07,0.0
8005b9_2018-09,0.2465753424657534
90abb1_2017-09,0.17142857142857143
29849f_2021-05,0.8928571428571429
7a007d_2016-07,0.06741573033707865
bc4c03_2015-09,0.020833333333333332
06534f_2020-09,1.0
439fde_2017-12,0.2465753424657534
259a19_2016-03,0.0
c580aa_2021-06,1.0
c580aa_2021-04,1.0
c580aa_2022-08,1.0
74fb1f_2018-10,0.2465753424657534
439fde_2017-11,0.2465753424657534
259a19_2015-11,0.0
77e86b_2016-11,0.2465753424657534
87cfea_2016-06,0.0
77e86b_2020-05,0.8928571428571429
77e86b_2021-05,0.8928571428571429
77e86b_2021-01,0.8928571428571429
74b7d1_2017-03,0.2465753424657534
0cecbd_2018-08,0.3709677419354839
83894c_2023-04,0.6666666666666666
77b3b9_2017-11,0.45454545454545453
987bc1_2016-08,0.06382978723404255
987bc1_2016-12,0.45454545454545453
87cfea_2018-05,0.3709677419354839
439fde_2018-10,0.3709677419354839
87cfea_2018-08,0.3709677419354839
f461d4_2017-09,0.5588235294117647
fb737b_2020-04,0.020833333333333332
6838b9_2020-06,0.3709677419354839
af81b0_2016-01,0.0
af81b0_2015-06,0.0
175155_2018-11,0.38461538461538464
3db670_2015-11,0.0
2ab8ad_2018-08,0.45454545454545453
cd0e60_2025-03,0.8928571428571429
cd0e60_2025-06,0.8928571428571429
fb34b4_2024-12,0.45454545454545453
74fb1f_2016-01,0.045454545454545456
c3a69f_2017-10,0.2465753424657534
fc77d0_2016-06,0.45454545454545453
4fb2d3_2015-08,0.020833333333333332
439fde_2016-02,0.0
19fa84_2017-12,0.2465753424657534
fc77d0_2016-12,0.45454545454545453
77b3b9_2015-12,0.0
19fa84_2017-10,0.3709677419354839
fc77d0_2016-08,0.45454545454545453
439fde_2015-12,0.0
1996b0_2022-08,0.045454545454545456
4718d7_2016-06,0.3709677419354839
4718d7_2016-07,0.3709677419354839
db4cd8_2016-01,0.0
8005b9_2015-09,0.0
a25664_2015-11,0.0
34889b_2025-09,0.8928571428571429
9af74c_2016-03,0.06666666666666667
a25664_2016-02,0.0
34889b_2017-08,0.45454545454545453
34889b_2020-08,0.8928571428571429
b08ec1_2021-05,0.8928571428571429
b08ec1_2020-11,0.8928571428571429
a97df3_2021-08,0.3709677419354839
99c11c_2019-06,0.2465753424657534
259a19_2016-09,0.45454545454545453
e4bc80_2016-04,0.020833333333333332
99c11c_2025-05,0.5588235294117647
3a13b3_2022-09,1.0
fc77d0_2016-01,0.0
99c11c_2025-02,0.6744186046511629
3db670_2017-12,0.5588235294117647
87cfea_2018-11,0.2465753424657534
9f1aa0_2016-11,0.45454545454545453
f461d4_2018-09,0.5588235294117647
9f1aa0_2016-12,0.45454545454545453
fb737b_2024-02,0.6744186046511629
0cecbd_2020-04,0.8928571428571429
af81b0_2022-06,0.8928571428571429
af81b0_2022-07,0.8928571428571429
bf6f0d_2016-02,0.0
af81b0_2022-11,0.8928571428571429
af81b0_2022-09,0.8928571428571429
4718d7_2020-10,0.8928571428571429
8fabe0_2014-10,0.0
6f5e2b_2023-10,0.9411764705882353
259a19_2014-07,0.06382978723404255
259a19_2024-01,0.9411764705882353
6838b9_2024-12,0.8928571428571429
db4cd8_2019-03,0.45454545454545453
1698cf_2022-06,0.6744186046511629
90abb1_2017-04,0.2465753424657534
34889b_2019-10,0.45454545454545453
34889b_2023-03,0.45454545454545453
14fe3a_2022-01,0.8928571428571429
8005b9_2018-04,0.06741573033707865
375f2e_2021-11,1.0
92dcdd_2019-12,0.0
af81b0_2024-04,0.3709677419354839
7a007d_2024-01,0.3709677419354839
29849f_2023-09,0.5588235294117647
b1de95_2019-01,0.5588235294117647
022433_2025-03,0.3709677419354839
f4604d_2021-11,0.8928571428571429
e2314a_2019-11,0.8928571428571429
e2314a_2020-02,0.9411764705882353
fb737b_2023-01,0.5587757170737954
e60b65_2017-01,0.3709677419354839
77b3b9_2018-04,0.2465753424657534
265164_2025-02,0.020833333333333332
9af74c_2024-10,0.8928571428571429
987bc1_2017-11,0.2465753424657534
9befc8_2015-11,0.0
780a0b_2015-08,0.020833333333333332
780a0b_2025-07,0.6666666666666666
0f9e86_2019-10,0.5588235294117647
0f9e86_2019-11,0.45454545454545453
b416b1_2023-05,1.0
bc4c03_2018-05,0.020833333333333332
bc4c03_2021-08,0.8928571428571429
bc4c03_2022-07,0.8788827755329356
259a19_2021-12,0.9411764705882353
6838b9_2024-08,0.6744186046511629
90abb1_2024-03,1.0
34889b_2014-06,0.0
34889b_2014-07,0.045454545454545456
14fe3a_2024-08,0.8928571428571429
14fe3a_2025-07,0.5588235294117647
4fb2d3_2024-02,0.8928571428571429
e83244_2016-12,0.17142857142857143
6224d0_2021-10,0.8
e60b65_2017-02,0.3169212556206822
e60b65_2022-03,0.8928571428571429
6838b9_2018-01,0.045454545454545456
a25664_2015-07,0.020833333333333332
4fb2d3_2025-03,0.8928571428571429
731908_2019-08,0.45454545454545453
d86999_2015-05,0.020833333333333332
a97df3_2023-09,0.3709677419354839
780a0b_2016-11,0.06741573033707865
0f9e86_2017-12,0.07692307692307693
4718d7_2014-06,0.0
fb737b_2022-08,0.3709677419354839
6f5e2b_2023-08,0.8928571428571429
b416b1_2021-02,0.8928571428571429
b416b1_2025-04,0.8928571428571429
a25664_2022-01,0.8928571428571429
d59611_2014-08,0.0
34889b_2014-04,0.0
34889b_2024-06,0.8928571428571429
b08ec1_2023-08,1.0
9af74c_2022-10,0.6744186046511629
987bc1_2022-04,0.5588235294117647
4fb2d3_2024-12,0.8928571428571429
545d15_2019-12,0.0
545d15_2020-03,0.0
06534f_2024-12,0.8928571428571429
022433_2024-05,0.2465753424657534
e2314a_2022-02,0.8928571428571429
e83244_2017-05,0.23128773801827077
6224d0_2018-03,0.2465753424657534
6224d0_2021-01,0.8928571428571429
e60b65_2018-03,0.07692307692307693
e60b65_2018-07,0.5588235294117647
e60b65_2021-01,0.8928571428571429
731908_2023-06,0.38461538461538464
11f0e3_2024-11,0.5588235294117647
d86999_2018-10,0.3709677419354839
d86999_2021-04,0.5588235294117647
b26809_2023-03,0.5588235294117647
780a0b_2020-11,0.9728515906546316
8bd3ce_2022-11,0.45454545454545453
0f9e86_2017-09,0.2465753424657534
a97df3_2024-02,0.45454545454545453
7199cf_2023-08,0.06741573033707865
34889b_2023-04,0.5
14fe3a_2014-12,0.020833333333333332
14fe3a_2024-07,0.5588235294117647
b08ec1_2023-07,0.6595161083106572
b08ec1_2024-11,0.6666666666666666
06534f_2025-07,1.0
f4604d_2019-11,0.42857142857142855
e83244_2016-07,0.020833333333333332
f4d28d_2025-07,0.020833333333333332
92dcdd_2023-06,0.5588235294117647
8e41cf_2023-12,0.6744186046511629
b26809_2022-10,0.45454545454545453
fc9334_2025-04,0.8928571428571429
780a0b_2023-12,0.8928571428571429
8fb6f0_2023-12,0.8928571428571429
b26809_2022-12,0.5588235294117647
dc4b5e_2024-02,0.8535261105939388
6c1954_2023-09,0.45454545454545453
fc9334_2016-01,0.0
8e41cf_2015-06,0.020833333333333332
b26809_2019-04,0.45454545454545453
b26809_2019-08,0.45454545454545453
780a0b_2018-07,0.2465753424657534
fc9334_2016-05,0.0
bfbeef_2024-06,0.6666666666666666
fc9334_2021-03,0.8928571428571429
e7a56d_2022-09,0.3709677419354839
e7a56d_2023-11,0.8173111825189878
0874ee_2018-05,0.06382978723404255
fc9334_2015-10,0.0
8bd3ce_2019-12,0.5588235294117647
8e41cf_2017-05,0.07692307692307693
c48018_2014-10,0.020833333333333332
8fb6f0_2018-11,0.45454545454545453
8e41cf_2017-06,0.17142857142857143
7199cf_2025-07,0.3709677419354839
9f1aa0_2017-03,0.2465753424657534
948a11_2024-06,0.45454545454545453
6c1954_2025-01,0.8928571428571429
bf6f0d_2016-12,0.2465753424657534
9f1aa0_2014-07,0.020833333333333332
7aa803_2015-10,0.0
513080_2023-08,0.07692307692307693
bc4c03_2015-02,0.045454545454545456
db4cd8_2016-12,0.17142857142857143
1822ea_2021-06,1.0
9f1aa0_2017-11,0.3709677419354839
9f1aa0_2023-07,0.45454545454545453
510fbf_2022-02,0.0
bfbeef_2016-10,0.020833333333333332
0f9e86_2018-08,0.2465753424657534
0cecbd_2023-01,0.8928571428571429
0cecbd_2022-12,0.8928571428571429
0cecbd_2020-01,0.5588235294117647
0cecbd_2018-04,0.06382978723404255
0cecbd_2021-04,0.45454545454545453
829a72_2015-03,0.0
e3af0e_2017-02,0.2465753424657534
829a72_2015-01,0.0
bf6f0d_2017-11,0.3709677419354839
a97df3_2020-03,0.06382978723404255
1bdb97_2024-08,0.07692307692307693
74fb1f_2023-04,0.6744186046511629
74fb1f_2025-03,0.5588235294117647
c5df88_2023-04,0.8928571428571429
60a0fd_2022-07,0.5588235294117647
bf6f0d_2024-06,0.6666666666666666
e2e0ce_2020-08,0.45454545454545453
c5df88_2019-06,0.2465753424657534
7aa803_2015-12,0.020833333333333332
9b46ed_2017-06,0.3709677419354839
60a0fd_2025-04,0.6744186046511629
94f933_2023-08,0.0
18defd_2018-10,0.45454545454545453
18defd_2024-07,1.0
1b9e65_2021-01,0.5588235294117647
b1de95_2023-10,1.0
1822ea_2017-11,0.5588235294117647
0ffc2d_2025-08,0.8928571428571429
db4cd8_2018-01,0.06741573033707865
0ffc2d_2022-01,0.14285714285714285
7bf5c9_2021-03,0.5
022433_2022-11,0.06741573033707865
1b9e65_2023-06,0.6744186046511629
1b9e65_2025-05,0.5588235294117647
0ffc2d_2024-02,0.5097188319017432
c5816f_2024-05,0.6744186046511629
e4bc80_2022-03,0.2465753424657534
c3a69f_2023-11,0.2465753424657534
8ec563_2025-04,0.8928571428571429
894378_2021-05,0.8928571428571429
19fa84_2021-09,0.3709677419354839
19fa84_2024-11,0.8928571428571429
3db670_2021-11,1.0
894378_2022-04,0.3709677419354839
894378_2025-07,0.9411764705882353
8ec563_2024-09,0.8928571428571429
fd589c_2025-03,0.8928571428571429
3a13b3_2024-03,0.5588235294117647
14fe3a_2017-03,0.2465753424657534
14fe3a_2021-06,0.8928571428571429
14fe3a_2017-01,0.45454545454545453
c5df88_2019-12,0.2465753424657534
f1543b_2016-02,0.0
88a9a6_2023-10,0.5588235294117647
f1543b_2018-04,0.06741573033707865
f1543b_2025-07,0.8928571428571429
94f933_2024-05,0.0
0874ee_2014-04,0.0
77e86b_2019-08,0.3709677419354839
8005b9_2019-03,0.3709677419354839
3a13b3_2023-04,1.0
e83244_2023-10,1.0
c5df88_2018-04,0.06741573033707865
74b7d1_2018-02,0.06741573033707865
7e646c_2024-02,0.06382978723404255
74b7d1_2019-09,0.5588235294117647
7bf5c9_2026-01,0.8928571428571429
6da35b_2024-01,0.06382978723404255
b0ff51_2016-02,0.045454545454545456
b0ff51_2017-09,0.8928571428571429
8d0588_2022-06,0.6744186046511629
b59bc0_2018-01,0.8928571428571429
77e86b_2018-09,0.45454545454545453
8fabe0_2024-11,0.8928571428571429
c580aa_2017-09,0.5588235294117647
439fde_2025-08,0.6744186046511629
74b7d1_2020-03,0.8928571428571429
74b7d1_2021-09,0.8
fd589c_2025-02,0.8928571428571429
3a13b3_2024-10,1.0
fd589c_2019-12,1.0
e361b7_2016-01,0.045454545454545456
fd589c_2021-06,0.8928571428571429
fd589c_2023-02,0.45454545454545453
3db670_2024-05,1.0
3db670_2025-05,1.0
8ec563_2019-07,0.8928571428571429
5a0174_2018-02,0.2465753424657534
987bc1_2017-03,0.45454545454545453
06534f_2018-08,0.6744186046511629
259a19_2016-05,0.020833333333333332
8ec563_2015-09,0.020833333333333332
f461d4_2017-04,0.3709677419354839
e7a56d_2020-11,0.8928571428571429
c48018_2021-04,0.5588235294117647
c48018_2022-09,0.5990107482215509
8fabe0_2021-06,0.9411764705882353
6f5e2b_2017-03,0.3709677419354839
f461d4_2017-08,0.38461538461538464
99c11c_2022-03,0.42857142857142855
90abb1_2016-04,0.06741573033707865
60a0fd_2016-09,0.06741573033707865
d86999_2023-11,0.6666666666666666
c48018_2016-08,0.3709677419354839
375f2e_2015-06,0.0
bc4c03_2017-11,0.17142857142857143
f500c5_2015-11,0.045454545454545456
99c11c_2024-11,0.42857142857142855
83894c_2021-10,0.2465753424657534
83894c_2021-12,0.2465753424657534
34889b_2015-09,0.020833333333333332
1b9e65_2015-12,0.0
4718d7_2017-03,0.06741573033707865
948a11_2023-01,0.0
259a19_2016-04,0.0
c580aa_2022-11,1.0
b1de95_2021-07,1.0
b73bc7_2022-05,1.0
83894c_2023-08,0.8928571428571429
83894c_2024-02,0.8928571428571429
b08ec1_2021-06,0.8928571428571429
b416b1_2016-06,0.06382978723404255
0cecbd_2015-07,0.0
cd0e60_2024-06,0.5588235294117647
175155_2016-06,0.045454545454545456
894378_2018-10,0.38461538461538464
0e8d73_2023-01,0.06741573033707865
74fb1f_2018-09,0.06741573033707865
b08ec1_2018-09,0.45454545454545453
3db670_2017-07,0.45454545454545453
87cfea_2017-11,0.0
83894c_2017-12,0.0
af81b0_2020-12,0.8928571428571429
fd589c_2020-12,0.8928571428571429
f1543b_2015-10,0.06382978723404255
b0ff51_2016-09,0.8928571428571429
83894c_2017-02,0.0
a42d13_2022-10,0.8928571428571429
a42d13_2021-01,0.8928571428571429
6f5e2b_2016-01,0.06382978723404255
0cecbd_2021-10,0.8928571428571429
0cecbd_2021-08,0.8928571428571429
8005b9_2017-12,0.5588235294117647
293190_2024-11,0.8928571428571429
c5df88_2024-10,0.8928571428571429
83894c_2017-05,0.0
8d0588_2016-12,0.6666666666666666
b59bc0_2015-06,0.06741573033707865
a25664_2025-09,0.8928571428571429
6c1954_2021-06,0.5588235294117647
bc4c03_2019-06,0.42857142857142855
259a19_2014-11,0.020833333333333332
6838b9_2019-04,0.0
1822ea_2023-05,0.6744186046511629
14fe3a_2014-10,0.0
14fe3a_2025-05,0.5588235294117647
8005b9_2019-09,0.45454545454545453
8005b9_2022-06,0.45454545454545453
375f2e_2022-06,0.5588235294117647
06534f_2024-10,0.8928571428571429
e2314a_2024-10,1.0
4ee2d2_2024-04,0.0
175155_2016-08,0.0
a25664_2017-04,0.3709677419354839
375f2e_2024-12,0.8928571428571429
987bc1_2018-06,0.06741573033707865
4fb2d3_2019-07,0.38461538461538464
e427f8_2023-02,0.0
fc9334_2025-02,0.8928571428571429
9cf1af_2024-05,0.3709677419354839
6224d0_2014-06,0.0
4718d7_2014-07,0.020833333333333332
0e8d73_2023-11,0.0
6f5e2b_2017-02,0.3709677419354839
bc4c03_2025-03,1.0
a42d13_2023-08,0.45454545454545453
d59611_2018-06,0.14285714285714285
8005b9_2020-07,0.9411764705882353
fc77d0_2022-02,0.8928571428571429
fc77d0_2025-03,1.0
4fb2d3_2024-04,0.8928571428571429
af81b0_2024-12,0.8928571428571429
545d15_2020-08,0.0
c580aa_2014-12,0.06382978723404255
f4604d_2024-12,0.8928571428571429
e83244_2019-06,0.5588235294117647
4fb2d3_2017-07,0.3709677419354839
11f0e3_2015-05,0.0
11f0e3_2015-06,0.0
8fb6f0_2016-02,0.0
8fb6f0_2024-02,0.6666666666666666
dbb709_2022-04,0.0
4718d7_2019-10,0.8928571428571429
1996b0_2024-10,0.3709677419354839
5a0174_2022-10,0.8928571428571429
b416b1_2022-01,0.5
259a19_2020-01,0.9411764705882353
d59611_2022-07,0.8928571428571429
14fe3a_2020-02,0.45454545454545453
b08ec1_2025-04,0.8928571428571429
29849f_2015-03,0.0
f4604d_2019-03,0.06741573033707865
6838b9_2023-06,0.5588235294117647
375f2e_2023-05,0.6744186046511629
fc9334_2022-06,0.5588235294117647
6224d0_2015-02,0.0
4718d7_2019-06,0.45454545454545453
b416b1_2025-03,0.9411764705882353
175155_2019-01,0.5588235294117647
db4cd8_2014-08,0.0
f25ffe_2023-11,0.06666666666666667
8005b9_2014-11,0.020833333333333332
9af74c_2022-11,0.967793401974696
987bc1_2019-11,0.5588235294117647
531356_2014-12,0.0
e83244_2025-06,0.9411764705882353
fc77d0_2021-07,1.0
375f2e_2019-12,0.6744186046511629
11f0e3_2023-03,0.5588235294117647
fc9334_2023-06,0.5477046345452892
fb737b_2023-05,0.17142857142857143
e60b65_2014-03,0.020833333333333332
8fabe0_2023-12,1.0
8fabe0_2018-05,0.06741573033707865
1822ea_2022-12,1.0
8005b9_2023-02,0.5588235294117647
bf6f0d_2018-06,0.06382978723404255
bf6f0d_2019-05,0.3709677419354839
7a007d_2024-03,0.2465753424657534
022433_2024-09,0.2465753424657534
3a13b3_2017-06,0.14285714285714285
3a13b3_2019-01,0.8928571428571429
531356_2024-06,0.8928571428571429
e2314a_2016-02,0.0
6838b9_2020-07,0.3709677419354839
0ffc2d_2023-07,0.2465753424657534
f4d28d_2024-12,0.020833333333333332
4fb2d3_2020-01,0.9411764705882353
4fb2d3_2020-12,0.8928571428571429
e427f8_2025-01,0.2465753424657534
9befc8_2016-08,0.0
9f1aa0_2020-12,0.3709677419354839
780a0b_2015-02,0.0
0f9e86_2023-08,0.45454545454545453
af81b0_2023-06,0.3709677419354839
0ffc2d_2025-07,0.8928571428571429
6f5e2b_2023-06,0.8928571428571429
db4cd8_2014-09,0.0
db4cd8_2024-11,0.8928571428571429
d59611_2024-05,0.5588235294117647
8005b9_2023-11,0.9411764705882353
b08ec1_2015-04,0.06741573033707865
dbb709_2025-01,0.2465753424657534
29849f_2016-08,0.06741573033707865
06534f_2019-10,0.8928571428571429
3a13b3_2018-04,0.5
e2314a_2021-12,0.8928571428571429
e2314a_2023-07,0.8928571428571429
e83244_2021-09,1.0
a42d13_2018-05,0.06741573033707865
375f2e_2020-06,0.8928571428571429
302d40_2024-11,0.45454545454545453
780a0b_2021-03,0.8928571428571429
0f9e86_2019-03,0.45454545454545453
7199cf_2024-02,0.06382978723404255
4718d7_2023-12,1.0
e60b65_2024-11,0.8928571428571429
5a0174_2014-08,0.020833333333333332
1822ea_2020-09,1.0
1822ea_2024-03,1.0
14fe3a_2018-03,0.2465753424657534
d59611_2021-04,0.8928571428571429
af81b0_2023-01,0.5
29849f_2017-04,0.3709677419354839
3a13b3_2017-02,0.3709677419354839
3a13b3_2024-02,0.6295069411640496
e2314a_2016-08,0.0
e83244_2015-03,0.0
532867_2025-04,0.0
987bc1_2025-08,0.6744186046511629
8e41cf_2024-09,0.8928571428571429
11f0e3_2016-06,0.0
a97df3_2024-08,0.6744186046511629
9befc8_2017-06,0.2465753424657534
8fb6f0_2021-12,0.2465753424657534
6224d0_2023-05,0.45454545454545453
6224d0_2023-09,0.5588235294117647
532867_2024-12,0.020833333333333332
8005b9_2020-05,0.9411764705882353
af81b0_2025-01,0.8928571428571429
29849f_2018-02,0.3709677419354839
c580aa_2025-05,1.0
531356_2025-02,0.8928571428571429
e2314a_2016-07,0.0
e2314a_2016-12,0.06382978723404255
e2314a_2018-10,0.07692307692307693
e83244_2021-05,1.0
e60b65_2022-08,0.8928571428571429
4ee2d2_2024-02,0.045454545454545456
424c1b_2025-02,0.045454545454545456
4fb2d3_2015-01,0.020833333333333332
8bd3ce_2025-06,0.8928571428571429
4718d7_2019-09,0.6744186046511629
bc4c03_2022-06,0.5588235294117647
259a19_2019-04,0.8928571428571429
259a19_2020-09,0.8928571428571429
259a19_2023-10,1.0
6838b9_2021-10,0.3709677419354839
f25ffe_2024-02,0.045454545454545456
d59611_2014-12,0.020833333333333332
90abb1_2014-06,0.06741573033707865
34889b_2024-08,0.8928571428571429
fc77d0_2019-08,0.45454545454545453
7a007d_2018-11,0.3709677419354839
06534f_2019-04,0.5588235294117647
531356_2020-09,0.8928571428571429
531356_2023-04,0.42857142857142855
90abb1_2025-01,1.0
4fb2d3_2020-08,0.45454545454545453
11f0e3_2016-09,0.2465753424657534
11f0e3_2022-05,0.45454545454545453
bfbeef_2024-02,0.6744186046511629
0f9e86_2019-02,0.45454545454545453
90abb1_2023-11,0.8928571428571429
1822ea_2022-08,0.8928571428571429
b08ec1_2020-03,0.9411764705882353
b08ec1_2021-08,0.8928571428571429
4fb2d3_2019-05,0.38461538461538464
06534f_2020-03,1.0
3a13b3_2024-01,0.6744186046511629
b73bc7_2015-03,0.06382978723404255
531356_2020-01,0.5588235294117647
531356_2024-12,1.0
e2314a_2016-05,0.0
e2314a_2021-10,1.0
6224d0_2017-04,0.06741573033707865
e60b65_2024-06,0.45454545454545453
a25664_2022-03,0.8928571428571429
a42d13_2014-03,0.0
1822ea_2025-04,1.0
375f2e_2020-09,0.8928571428571429
9af74c_2023-06,0.8928571428571429
987bc1_2015-03,0.0
11f0e3_2021-05,0.2465753424657534
11f0e3_2021-11,0.2465753424657534
d86999_2017-05,0.3709677419354839
b26809_2024-10,0.6744186046511629
dbb709_2022-12,0.0
fb737b_2021-12,0.45454545454545453
6f5e2b_2025-03,0.9411764705882353
259a19_2024-04,0.5588235294117647
b416b1_2020-03,0.8928571428571429
77b3b9_2023-05,0.6666666666666666
90abb1_2022-08,0.8928571428571429
34889b_2022-12,0.6744186046511629
8005b9_2023-05,1.0
265164_2023-08,0.06382978723404255
9af74c_2022-12,0.9411764705882353
9af74c_2024-05,0.8928571428571429
7a007d_2019-05,0.17142857142857143
06534f_2020-02,0.8928571428571429
3a13b3_2017-03,0.38461538461538464
b73bc7_2014-10,0.06741573033707865
531356_2023-08,0.5588235294117647
e60b65_2022-11,0.8928571428571429
e60b65_2025-01,1.0
6838b9_2023-03,0.9411764705882353
a42d13_2015-01,0.0
4fb2d3_2020-02,0.5588235294117647
11f0e3_2019-10,0.45454545454545453
e427f8_2022-10,0.0
e427f8_2024-02,0.2465753424657534
9befc8_2020-11,0.8928571428571429
780a0b_2014-09,0.0
8fb6f0_2024-10,0.5588235294117647
dbb709_2025-03,0.45454545454545453
29849f_2025-04,0.8928571428571429
0e8d73_2023-12,0.0
1996b0_2025-04,0.45454545454545453
b416b1_2021-03,0.8928571428571429
b416b1_2022-04,0.45454545454545453
a42d13_2023-11,0.8928571428571429
db4cd8_2023-09,0.5
1698cf_2023-07,0.6834448242126271
34889b_2024-04,1.0
8005b9_2022-11,0.3709677419354839
987bc1_2024-05,0.8928571428571429
545d15_2020-05,0.0
06534f_2022-10,1.0
f4604d_2024-10,0.8928571428571429
e2314a_2020-08,0.8928571428571429
6224d0_2021-12,0.8928571428571429
6224d0_2022-07,0.5588235294117647
fb737b_2021-07,0.045454545454545456
a25664_2021-09,0.6744186046511629
a42d13_2025-04,0.8928571428571429
90abb1_2024-12,0.8928571428571429
0ffc2d_2019-04,0.0
fc77d0_2022-08,0.45454545454545453
f4d28d_2025-06,0.045454545454545456
b26809_2025-08,0.5588235294117647
e60b65_2024-09,0.45454545454545453
f461d4_2019-04,0.6744186046511629
1698cf_2023-12,1.0
d59611_2023-06,0.6670412757527586
90abb1_2014-09,0.045454545454545456
1822ea_2021-05,1.0
b08ec1_2019-10,0.8928571428571429
92dcdd_2023-10,0.6666666666666666
c580aa_2024-06,0.9635325245597326
b1de95_2014-11,0.06741573033707865
06534f_2023-02,0.8928571428571429
3a13b3_2018-12,0.5588235294117647
e2314a_2023-06,0.5588235294117647
a25664_2020-10,0.6744186046511629
265164_2024-05,0.0
4fb2d3_2015-04,0.06741573033707865
d86999_2016-02,0.020833333333333332
e427f8_2024-07,0.38461538461538464
dc4b5e_2025-06,0.8928571428571429
f4604d_2016-06,0.0
175155_2018-12,0.2465753424657534
90abb1_2021-07,0.5588235294117647
b08ec1_2023-12,0.6744186046511629
92dcdd_2020-02,0.0
29849f_2019-05,0.17142857142857143
f4604d_2018-05,0.02822196373283944
e2314a_2022-07,0.8928571428571429
e83244_2022-02,0.8928571428571429
e60b65_2021-11,0.8928571428571429
77b3b9_2019-11,0.8928571428571429
987bc1_2020-11,0.8928571428571429
4fb2d3_2021-08,0.9411764705882353
731908_2025-05,0.8928571428571429
bfbeef_2022-07,0.45454545454545453
9befc8_2019-12,0.3709677419354839
8fb6f0_2018-01,0.06741573033707865
5a0174_2023-12,0.8928571428571429
259a19_2018-02,0.06741573033707865
6838b9_2023-09,0.8780477915835964
90abb1_2014-08,0.06382978723404255
bf6f0d_2018-05,0.020833333333333332
302d40_2025-08,0.2465753424657534
f4604d_2018-06,0.06382978723404255
e2314a_2017-07,0.2465753424657534
e2314a_2019-08,0.8928571428571429
6224d0_2022-09,0.45454545454545453
a25664_2020-07,0.8928571428571429
a25664_2022-05,0.8928571428571429
90abb1_2021-12,0.9411764705882353
90abb1_2023-02,0.8928571428571429
fc77d0_2017-08,0.3709677419354839
987bc1_2023-06,0.6744186046511629
8fb6f0_2015-07,0.020833333333333332
b416b1_2014-11,0.0
f461d4_2020-10,0.8928571428571429
bc4c03_2023-04,0.8928571428571429
6838b9_2023-10,0.6744186046511629
db4cd8_2022-02,0.8928571428571429
77b3b9_2014-12,0.06382978723404255
1822ea_2021-07,0.8928571428571429
375f2e_2023-04,0.5588235294117647
9af74c_2014-06,0.045454545454545456
bf6f0d_2019-07,0.5588235294117647
af81b0_2016-05,0.06741573033707865
3db670_2018-06,0.45454545454545453
e60b65_2022-04,0.8928571428571429
6f5e2b_2022-07,0.5588235294117647
a25664_2021-08,0.8928571428571429
a25664_2025-07,0.8928571428571429
a42d13_2024-01,1.0
f25ffe_2024-08,0.020833333333333332
9af74c_2021-10,0.9411764705882353
b26809_2023-10,0.6744186046511629
9befc8_2024-08,0.45454545454545453
8bd3ce_2023-02,0.8928571428571429
0f9e86_2019-05,0.5588235294117647
531356_2024-01,0.8928571428571429
4718d7_2025-07,0.8928571428571429
fb737b_2025-03,0.5588235294117647
5a0174_2022-09,0.5588235294117647
5a0174_2022-11,0.8928571428571429
b416b1_2025-02,0.9411764705882353
f461d4_2014-07,0.06741573033707865
6838b9_2023-01,0.9411764705882353
6838b9_2023-08,1.0
1698cf_2025-06,0.5588235294117647
d59611_2024-01,0.9411764705882353
34889b_2015-01,0.020833333333333332
34889b_2020-03,0.8928571428571429
34889b_2022-06,0.45454545454545453
8005b9_2019-04,0.2465753424657534
8005b9_2022-10,0.38461538461538464
8005b9_2024-11,0.8928571428571429
375f2e_2022-07,0.5588235294117647
92dcdd_2025-01,1.0
06534f_2020-01,0.8928571428571429
b73bc7_2014-12,0.06741573033707865
5a0174_2023-10,1.0
bc4c03_2014-12,0.06741573033707865
fc77d0_2015-08,0.0
987bc1_2024-01,1.0
731908_2019-01,0.45454545454545453
11f0e3_2017-06,0.2465753424657534
9befc8_2016-06,0.0
fc9334_2023-03,0.5588235294117647
8fb6f0_2021-02,0.2465753424657534
dbb709_2022-10,0.0
0f9e86_2021-11,0.5588235294117647
8fabe0_2023-08,0.8928571428571429
0e8d73_2025-02,0.2465753424657534
f461d4_2014-06,0.020833333333333332
1698cf_2015-03,0.020833333333333332
14fe3a_2025-03,0.8928571428571429
8005b9_2024-12,0.8928571428571429
545d15_2020-07,0.0
c580aa_2014-08,0.045454545454545456
022433_2024-04,0.14285714285714285
b73bc7_2025-07,0.9411764705882353
e83244_2019-12,0.9411764705882353
e83244_2021-10,1.0
e60b65_2018-10,0.45454545454545453
e60b65_2023-04,0.45454545454545453
4ee2d2_2024-10,0.0
175155_2016-09,0.3709677419354839
f461d4_2024-07,0.5588235294117647
a42d13_2025-01,1.0
1698cf_2024-01,1.0
fc77d0_2025-04,0.8928571428571429
4fb2d3_2018-10,0.45454545454545453
d86999_2016-01,0.0
b26809_2024-05,0.9411764705882353
b26809_2024-11,0.8928571428571429
a97df3_2023-11,0.45454545454545453
9befc8_2023-09,0.38462965266991134
0f9e86_2023-10,0.8928571428571429
9cf1af_2024-06,0.3709677419354839
8e41cf_2022-11,0.5588235294117647
7199cf_2024-05,0.06741573033707865
6224d0_2023-12,1.0
fb737b_2020-02,0.0
8fabe0_2015-02,0.020833333333333332
6838b9_2023-12,0.9411764705882353
b08ec1_2021-12,0.45454545454545453
265164_2024-10,0.045454545454545456
4fb2d3_2025-04,0.8928571428571429
af81b0_2024-03,0.45454545454545453
06534f_2019-11,0.8928571428571429
531356_2023-11,0.6744186046511629
e2314a_2015-12,0.0
e83244_2016-06,0.0
e83244_2017-08,0.3709677419354839
77b3b9_2017-04,0.2465753424657534
e427f8_2024-08,0.3709677419354839
9cf1af_2025-08,0.2465753424657534
f25ffe_2024-05,0.0
8fabe0_2024-05,0.8928571428571429
db4cd8_2018-02,0.06741573033707865
db4cd8_2025-02,0.5588235294117647
1698cf_2020-03,0.8928571428571429
77b3b9_2025-02,0.8928571428571429
d59611_2017-02,0.07692307692307693
d59611_2024-06,0.45454545454545453
8005b9_2023-12,0.8928571428571429
b08ec1_2014-11,0.045454545454545456
545d15_2019-03,0.045454545454545456
06534f_2016-12,0.3709677419354839
f4604d_2024-09,0.8928571428571429
531356_2019-05,0.3709677419354839
531356_2019-10,0.45454545454545453
6224d0_2021-04,0.8928571428571429
e60b65_2025-04,0.8928571428571429
375f2e_2025-07,0.8928571428571429
9af74c_2018-04,0.06480147288774017
11f0e3_2017-07,0.42857142857142855
e427f8_2025-07,0.38461538461538464
9befc8_2017-01,0.06741573033707865
dbb709_2024-05,0.2465753424657534
8bd3ce_2023-10,0.5588235294117647
0f9e86_2025-07,0.5588235294117647
5a0174_2023-03,0.8928571428571429
175155_2015-04,0.06741573033707865
d59611_2021-06,0.8928571428571429
8005b9_2019-05,0.45454545454545453
92dcdd_2019-05,0.0
af81b0_2014-11,0.06382978723404255
29849f_2023-10,0.8928571428571429
06534f_2023-03,1.0
db5006_2023-06,0.5588235294117647
e60b65_2020-11,0.8928571428571429
a25664_2022-10,0.9411764705882353
77b3b9_2020-01,0.5
77b3b9_2020-02,0.8928571428571429
92dcdd_2023-08,0.8928571428571429
731908_2021-03,0.45454545454545453
d86999_2022-01,0.45454545454545453
780a0b_2021-05,0.5300972579166963
a25664_2024-02,0.9411764705882353
0e8d73_2024-07,0.020833333333333332
e60b65_2025-03,0.8928571428571429
0874ee_2021-09,0.2465753424657534
8fabe0_2022-07,0.6744186046511629
1698cf_2022-07,0.9411764705882353
d59611_2018-03,0.2465753424657534
d59611_2021-09,0.9411764705882353
34889b_2014-08,0.020833333333333332
3db670_2019-03,0.6744186046511629
3db670_2020-01,0.8928571428571429
06534f_2024-06,0.6744186046511629
b73bc7_2024-08,0.8928571428571429
e83244_2019-03,0.45454545454545453
6224d0_2022-05,0.9411764705882353
4718d7_2024-02,0.8928571428571429
f4d28d_2025-03,0.06741573033707865
9befc8_2014-11,0.0
9befc8_2023-04,0.45454545454545453
780a0b_2025-08,0.45454545454545453
fc9334_2025-01,0.8928571428571429
6224d0_2023-04,0.45454545454545453
fb737b_2021-01,0.06382978723404255
b416b1_2020-09,0.9411764705882353
f461d4_2025-07,0.8928571428571429
f461d4_2025-09,0.8928571428571429
6838b9_2024-09,0.5588235294117647
8005b9_2019-10,0.5166389522024836
7a007d_2019-02,0.3709677419354839
7a007d_2019-04,0.2465753424657534
3a13b3_2017-05,0.2465753424657534
e2314a_2021-03,0.9411764705882353
fb737b_2023-09,0.2465753424657534
1822ea_2024-08,0.8928571428571429
4fb2d3_2019-09,0.5
4fb2d3_2024-01,1.0
731908_2025-02,0.5588235294117647
d86999_2020-02,0.5543304986431625
9befc8_2018-11,0.06741573033707865
9f1aa0_2019-07,0.17142857142857143
0f9e86_2018-01,0.14285714285714285
0f9e86_2021-05,0.45454545454545453
0f9e86_2021-09,0.2465753424657534
8fabe0_2022-11,0.8928571428571429
6f5e2b_2014-09,0.020833333333333332
a42d13_2024-06,0.45454545454545453
a42d13_2024-04,0.5588235294117647
77b3b9_2022-06,0.5588235294117647
d59611_2023-07,0.8928571428571429
90abb1_2019-05,0.5588235294117647
b08ec1_2024-03,0.8928571428571429
375f2e_2024-10,1.0
375f2e_2025-05,0.8928571428571429
92dcdd_2020-03,0.0
af81b0_2014-10,0.0
545d15_2019-10,0.0
29849f_2023-12,0.5588235294117647
b1de95_2017-02,0.45454545454545453
b73bc7_2025-06,0.8928571428571429
e83244_2018-09,0.06741573033707865
8fabe0_2023-01,0.8928571428571429
90abb1_2023-07,0.6744186046511629
375f2e_2019-02,0.020833333333333332
9af74c_2018-05,0.06666666666666667
11f0e3_2024-04,0.45454545454545453
d86999_2017-11,0.45454545454545453
9befc8_2024-03,0.5052892163080602
780a0b_2016-10,0.06741573033707865
b416b1_2024-10,0.8928571428571429
f461d4_2025-04,0.8928571428571429
bc4c03_2023-05,0.5588235294117647
db4cd8_2023-08,0.8928571428571429
b416b1_2020-04,0.8928571428571429
90abb1_2022-09,0.8928571428571429
1822ea_2023-03,0.9411764705882353
8005b9_2022-12,0.5588235294117647
8005b9_2024-06,0.9411764705882353
375f2e_2022-09,0.5588235294117647
2167be_2025-08,0.06666666666666667
545d15_2018-11,0.020833333333333332
c580aa_2023-09,0.6744186046511629
06534f_2024-02,1.0
b73bc7_2020-03,1.0
b73bc7_2024-09,1.0
e2314a_2018-08,0.45454545454545453
e2314a_2022-09,1.0
8fabe0_2024-09,0.9411764705882353
bc4c03_2023-02,0.6666666666666666
259a19_2022-10,0.8928571428571429
a25664_2015-05,0.06382978723404255
375f2e_2020-01,0.8928571428571429
375f2e_2022-02,1.0
9af74c_2022-03,1.0
92dcdd_2022-04,0.06741573033707865
b26809_2022-09,0.45454545454545453
b26809_2024-03,0.8928571428571429
a97df3_2025-01,0.8928571428571429
780a0b_2016-06,0.0
dbb709_2023-09,0.020833333333333332
3a13b3_2019-02,0.6744186046511629
9befc8_2017-11,0.2465753424657534
8fb6f0_2016-03,0.06741573033707865
8fb6f0_2025-04,0.6592542427663104
780a0b_2022-10,0.45454545454545453
b26809_2020-04,1.0
e7a56d_2022-12,0.42857142857142855
731908_2023-05,0.45454545454545453
bfbeef_2019-01,0.17142857142857143
d86999_2019-09,0.5588235294117647
b26809_2014-09,0.0
edda84_2025-06,0.06741573033707865
780a0b_2024-11,0.503142089811567
8bd3ce_2017-02,0.15545944810967163
18defd_2024-08,0.6744186046511629
fc9334_2017-06,0.07692307692307693
8e41cf_2015-02,0.0
b26809_2021-07,0.3709677419354839
c48018_2024-01,0.45454545454545453
8fb6f0_2017-07,0.1514493795545689
bfbeef_2017-03,0.3709677419354839
b26809_2017-04,0.020833333333333332
b26809_2018-06,0.17142857142857143
b26809_2018-12,0.45454545454545453
18defd_2018-04,0.17142857142857143
dc4b5e_2023-07,0.3709677419354839
b26809_2015-01,0.0
e7a56d_2014-11,0.06741573033707865
780a0b_2021-06,0.45454545454545453
bfbeef_2024-08,0.6744186046511629
8e41cf_2019-08,0.45454545454545453
8e41cf_2020-11,0.8928571428571429
731908_2022-01,0.3709677419354839
0874ee_2019-10,0.45454545454545453
780a0b_2019-03,0.45454545454545453
bfbeef_2020-07,0.5588235294117647
8bd3ce_2016-11,0.0
b26809_2016-01,0.0
18defd_2023-03,0.2465753424657534
c48018_2020-01,0.6744186046511629
dc4b5e_2022-10,0.06741573033707865
b26809_2023-04,0.5588235294117647
e7a56d_2024-08,0.8928571428571429
8bd3ce_2018-10,0.06382978723404255
8bd3ce_2020-07,0.5588235294117647
8e41cf_2014-11,0.0
77e86b_2024-12,0.8928571428571429
8bd3ce_2017-10,0.06741573033707865
8e41cf_2015-11,0.0
b26809_2017-03,0.06741573033707865
c48018_2023-06,0.42857142857142855
fc9334_2024-07,0.6744186046511629
8bd3ce_2020-08,0.5588235294117647
a97df3_2023-03,0.06741573033707865
bfbeef_2017-07,0.5588235294117647
8bd3ce_2015-11,0.0
8e41cf_2016-12,0.06741573033707865
b26809_2014-11,0.0
b26809_2019-12,0.6744186046511629
c48018_2024-04,0.45454545454545453
bfbeef_2020-09,0.6744186046511629
bfbeef_2020-12,0.5588235294117647
8bd3ce_2019-09,0.38461538461538464
9befc8_2023-10,0.5588235294117647
8bd3ce_2017-11,0.06741573033707865
8e41cf_2017-09,0.17142857142857143
18defd_2023-07,0.45454545454545453
8bd3ce_2015-12,0.0
731908_2015-10,0.0
bfbeef_2025-08,0.8928571428571429
780a0b_2021-08,0.3709677419354839
8bd3ce_2015-05,0.0
8bd3ce_2023-01,0.5588235294117647
731908_2025-03,0.6744186046511629
b26809_2014-05,0.020833333333333332
18defd_2018-06,0.06741573033707865
b26809_2015-06,0.0
8e41cf_2015-10,0.0
bfbeef_2019-05,0.45454545454545453
fc9334_2014-11,0.0
fc9334_2016-02,0.0
8e41cf_2016-04,0.0
8e41cf_2018-12,0.06666666666666667
780a0b_2018-03,0.06741573033707865
8fb6f0_2017-03,0.2465753424657534
fc9334_2017-07,0.06944158813874762
bfbeef_2025-03,0.6744186046511629
fc9334_2014-12,0.0
8bd3ce_2020-09,0.5
9befc8_2023-07,0.3709677419354839
11f0e3_2023-09,0.42857142857142855
b26809_2018-07,0.17142857142857143
8fb6f0_2022-11,0.3709677419354839
b26809_2014-10,0.0
b26809_2018-11,0.3709677419354839
8e41cf_2018-08,0.07692307692307693
8e41cf_2019-05,0.45454545454545453
fc9334_2015-07,0.0
bfbeef_2018-08,0.45454545454545453
bfbeef_2019-09,0.5588235294117647
fc9334_2019-10,0.45454545454545453
9af74c_2014-07,0.045454545454545456
77b3b9_2014-06,0.0669572916020543
948a11_2025-05,0.3709677419354839
f500c5_2015-05,0.020833333333333332
bf6f0d_2017-01,0.2465753424657534
bf6f0d_2021-09,0.45454545454545453
b644ac_2024-10,0.06666666666666667
b644ac_2025-07,0.06666666666666667
bc4c03_2018-02,0.06741573033707865
b644ac_2025-04,0.06382978723404255
4718d7_2014-08,0.020833333333333332
bc4c03_2014-07,0.06741573033707865
6c1954_2020-02,0.0
77c35f_2025-04,0.2465753424657534
9f1aa0_2018-04,0.2465753424657534
9af74c_2017-06,0.06741573033707865
6c1954_2022-10,0.2465753424657534
fa8553_2021-11,0.020833333333333332
f1543b_2017-04,0.07692307692307693
f500c5_2024-03,0.45454545454545453
429b22_2025-07,0.020833333333333332
fa8553_2023-01,0.06382978723404255
14fe3a_2018-12,0.07692307692307693
fb34b4_2023-08,0.0
edda84_2025-05,0.045454545454545456
f500c5_2021-07,0.8928571428571429
77c35f_2023-10,0.045454545454545456
513080_2025-05,0.45454545454545453
b644ac_2024-08,0.06666666666666667
8fabe0_2020-10,0.8928571428571429
db4cd8_2020-07,0.8928571428571429
1822ea_2018-06,0.06741573033707865
bc4c03_2019-12,0.8928571428571429
9f1aa0_2024-09,0.5588235294117647
bf6f0d_2025-01,0.8928571428571429
6c1954_2022-09,0.17142857142857143
bf6f0d_2014-10,0.045454545454545456
6c1954_2022-03,0.3709677419354839
9f1aa0_2022-01,0.3709677419354839
bf6f0d_2023-07,0.6744186046511629
948a11_2023-08,0.0
f500c5_2021-10,0.5588235294117647
510fbf_2025-01,0.2465753424657534
14fe3a_2016-08,0.45454545454545453
259a19_2025-03,0.9411764705882353
1822ea_2018-05,0.06741573033707865
fb34b4_2024-10,0.3709677419354839
fc77d0_2014-09,0.020833333333333332
9f1aa0_2021-04,0.45454545454545453
f1543b_2017-02,0.06741573033707865
531356_2015-10,0.0
510fbf_2022-05,0.06741573033707865
d59611_2017-01,0.2465753424657534
6c1954_2025-03,0.8928571428571429
fb34b4_2024-06,0.42857142857142855
948a11_2023-06,0.0
9f1aa0_2022-09,0.5588235294117647
6c1954_2025-08,0.8928571428571429
fb34b4_2024-08,0.3709677419354839
fa8553_2023-07,0.45454545454545453
510fbf_2023-01,0.0
d59611_2019-10,0.45454545454545453
bf6f0d_2016-06,0.3709677419354839
f500c5_2018-04,0.11447240095968751
9f1aa0_2020-10,0.3709677419354839
db4cd8_2021-10,0.8928571428571429
f461d4_2021-09,0.9411764705882353
9f1aa0_2017-08,0.3709677419354839
9f1aa0_2018-08,0.5
1698cf_2015-07,0.0
6f5e2b_2014-11,0.020833333333333332
9f1aa0_2014-05,0.0
9f1aa0_2014-10,0.0
fa8553_2022-03,0.020833333333333332
259a19_2019-10,0.5588235294117647
f500c5_2020-08,0.5588235294117647
6c1954_2025-04,0.8928571428571429
9f1aa0_2023-01,0.5588235294117647
1698cf_2016-09,0.020833333333333332
4718d7_2016-11,0.2465753424657534
b07578_2024-07,0.17142857142857143
b644ac_2025-02,0.06382978723404255
6838b9_2021-06,0.2465753424657534
7bf5c9_2020-03,0.45454545454545453
f1543b_2022-03,0.6744186046511629
9f1aa0_2014-08,0.020833333333333332
fa8553_2024-04,0.45454545454545453
f500c5_2015-12,0.06741573033707865
bf6f0d_2025-06,0.6744186046511629
fa8553_2025-06,0.45454545454545453
b07578_2024-08,0.06741573033707865
259a19_2024-08,0.6054618905503848
9f1aa0_2014-06,0.020833333333333332
302d40_2022-10,0.020833333333333332
5a0174_2018-01,0.045454545454545456
9f1aa0_2020-05,0.5588235294117647
510fbf_2024-06,0.3709677419354839
d59611_2017-04,0.2465753424657534
1698cf_2016-08,0.0
731908_2016-06,0.0
bfbeef_2023-04,1.0
11f0e3_2018-05,0.2465753424657534
780a0b_2019-02,0.45454545454545453
1822ea_2015-07,0.020833333333333332
e361b7_2015-11,0.0
11f0e3_2016-04,0.0
bfbeef_2018-02,0.2465753424657534
0cecbd_2023-11,0.6744186046511629
9befc8_2016-04,0.0
1822ea_2022-02,1.0
9befc8_2017-04,0.2465753424657534
0cecbd_2019-11,0.5588235294117647
9befc8_2017-08,0.2465753424657534
db4cd8_2015-08,0.0
bfbeef_2016-12,0.38461538461538464
0cecbd_2023-08,0.5588235294117647
9f1aa0_2023-05,0.5588235294117647
0cecbd_2020-02,0.5588235294117647
bfbeef_2015-08,0.020833333333333332
bfbeef_2017-01,0.2465753424657534
0f9e86_2017-07,0.2465753424657534
9befc8_2019-04,0.3709677419354839
375f2e_2020-04,1.0
780a0b_2018-11,0.2465753424657534
fc77d0_2023-03,0.5588235294117647
3db670_2019-02,0.5588235294117647
3a13b3_2015-04,0.06741573033707865
987bc1_2021-12,0.8928571428571429
e3af0e_2014-05,0.06382978723404255
829a72_2018-02,0.06666666666666667
8fb6f0_2020-01,0.8928571428571429
e3af0e_2014-07,0.045454545454545456
e3af0e_2016-11,0.14285714285714285
e3af0e_2017-04,0.2465753424657534
98a151_2014-08,0.020833333333333332
60a0fd_2014-10,0.0
a97df3_2024-12,1.0
e3af0e_2014-06,0.06382978723404255
60a0fd_2015-01,0.0
dbb709_2022-02,0.020833333333333332
dc4b5e_2019-06,0.020833333333333332
6c1954_2024-07,0.8928571428571429
a97df3_2022-11,0.06382978723404255
19fa84_2024-04,0.8
1bdb97_2023-06,0.020833333333333332
cd0e60_2022-10,0.06382978723404255
e2e0ce_2023-11,0.5588235294117647
74fb1f_2025-02,0.5588235294117647
e3af0e_2025-07,0.6744186046511629
f500c5_2016-05,0.07692307692307693
e2e0ce_2019-04,0.2465753424657534
74fb1f_2022-08,0.4314973965741911
74fb1f_2024-01,0.9411764705882353
74fb1f_2024-04,0.8928571428571429
88a9a6_2023-12,0.5588235294117647
98a151_2025-07,1.0
e3af0e_2024-11,0.6744186046511629
948a11_2025-06,0.17142857142857143
293190_2021-12,0.3709677419354839
74fb1f_2021-01,0.8928571428571429
74fb1f_2022-10,0.8928571428571429
60a0fd_2025-06,0.8
f500c5_2017-11,0.2465753424657534
90abb1_2015-09,0.0
94f933_2025-07,0.07692307692307693
f500c5_2014-04,0.0
cd0e60_2022-09,0.06741573033707865
e2e0ce_2014-11,0.020833333333333332
2ab8ad_2020-08,0.45454545454545453
88a9a6_2023-07,0.5588235294117647
88a9a6_2024-01,0.6744186046511629
f500c5_2023-02,0.45454545454545453
f500c5_2023-03,0.5
92dcdd_2018-06,0.045454545454545456
60a0fd_2021-01,0.8928571428571429
e3af0e_2025-03,0.6666666666666666
e2e0ce_2014-12,0.045454545454545456
e2e0ce_2021-06,0.6744186046511629
e2e0ce_2021-11,0.8928571428571429
c5df88_2021-08,0.6744186046511629
9b46ed_2019-08,0.06741573033707865
829a72_2023-03,0.3709677419354839
293190_2021-08,0.45454545454545453
74fb1f_2019-01,0.14285714285714285
f500c5_2019-04,0.45454545454545453
f500c5_2020-10,0.5588235294117647
f461d4_2021-06,0.9423995689827166
293190_2015-01,0.06666666666666667
e2e0ce_2022-06,0.5588235294117647
c5df88_2020-03,0.45454545454545453
c5df88_2021-07,0.41445069323487665
88a9a6_2022-03,0.45454545454545453
9b46ed_2021-02,0.6744186046511629
829a72_2022-01,0.8928571428571429
7bf5c9_2023-12,0.45454545454545453
f500c5_2019-10,0.5
88a9a6_2024-04,0.6666666666666666
e7a56d_2024-02,0.8928571428571429
9b46ed_2020-09,0.8928571428571429
9b46ed_2025-01,0.8928571428571429
60a0fd_2023-06,1.0
293190_2024-01,0.8928571428571429
c48018_2024-05,0.5588235294117647
7aa803_2014-11,0.045454545454545456
9b46ed_2024-08,0.8928571428571429
e3af0e_2022-12,0.6666666666666666
f500c5_2025-05,0.5588235294117647
e2e0ce_2015-02,0.020833333333333332
e2e0ce_2022-09,0.5588235294117647
74fb1f_2022-01,0.6744186046511629
88a9a6_2022-08,0.5588235294117647
9b46ed_2021-11,0.8928571428571429
e3af0e_2024-06,0.5588235294117647
1bdb97_2024-10,0.2465753424657534
bf6f0d_2022-09,0.45454545454545453
6224d0_2019-04,0.2465753424657534
293190_2020-01,0.5
c5df88_2018-06,0.06741573033707865
74fb1f_2025-06,0.45454545454545453
7aa803_2021-10,0.5588235294117647
88a9a6_2020-09,0.45454545454545453
88a9a6_2021-11,0.45454545454545453
9b46ed_2017-12,0.3709677419354839
829a72_2023-12,0.5588235294117647
7bf5c9_2021-11,0.9411764705882353
f500c5_2023-05,0.5588235294117647
6f5e2b_2020-10,0.8928571428571429
a25664_2025-05,0.8928571428571429
e2e0ce_2021-12,0.8928571428571429
c5df88_2021-06,0.3709677419354839
7aa803_2022-02,0.3709677419354839
88a9a6_2019-03,0.06741573033707865
9b46ed_2023-09,0.4495659059223266
829a72_2019-04,0.45454545454545453
829a72_2023-04,0.45454545454545453
e3af0e_2024-09,0.6744186046511629
88a9a6_2022-02,0.45454545454545453
98a151_2023-04,0.8928571428571429
2ab8ad_2023-12,0.5
74fb1f_2022-09,0.3709677419354839
7aa803_2019-05,0.06741573033707865
9b46ed_2021-03,0.5588235294117647
db5006_2020-08,0.8928571428571429
7bf5c9_2014-09,0.0
bf6f0d_2022-06,0.45454545454545453
2ab8ad_2019-01,0.2465753424657534
2ab8ad_2021-12,0.9411764705882353
7aa803_2022-08,0.45454545454545453
e3af0e_2019-02,0.3709677419354839
1bdb97_2025-07,0.06741573033707865
829a72_2024-12,0.8
60a0fd_2024-07,0.5588235294117647
cd0e60_2022-07,0.06666666666666667
175155_2021-06,0.9411764705882353
e2e0ce_2024-03,0.5588235294117647
2ab8ad_2021-08,0.9411764705882353
74fb1f_2024-03,0.8928571428571429
90abb1_2015-08,0.0
88a9a6_2018-01,0.06741573033707865
e3af0e_2023-02,0.5588235294117647
293190_2021-10,0.3709677419354839
2ab8ad_2024-07,0.8928571428571429
c5df88_2020-01,0.45454545454545453
9b46ed_2022-04,0.5588235294117647
1bdb97_2022-11,0.045454545454545456
b416b1_2025-07,0.8928571428571429
2ab8ad_2021-09,0.5588235294117647
88a9a6_2021-09,0.5588235294117647
98a151_2022-09,0.45454545454545453
f500c5_2022-11,0.45454545454545453
175155_2017-10,0.42857142857142855
2ab8ad_2014-12,0.020833333333333332
7aa803_2019-02,0.06741573033707865
88a9a6_2014-11,0.045454545454545456
88a9a6_2014-12,0.06382978723404255
829a72_2019-05,0.3709677419354839
1698cf_2019-05,0.7079587285276652
db5006_2025-09,0.9411764705882353
1b9e65_2022-04,0.5588235294117647
4fb2d3_2023-01,0.9411764705882353
db5006_2021-05,0.8928571428571429
1b9e65_2019-02,0.17142857142857143
1b9e65_2023-11,0.5588235294117647
175155_2017-07,0.3709677419354839
022433_2021-12,0.0
c48018_2015-03,0.020833333333333332
90abb1_2017-08,0.3709677419354839
a42d13_2014-10,0.0
db5006_2020-07,0.6744186046511629
b07578_2025-07,0.06741573033707865
db5006_2015-12,0.0
022433_2021-11,0.0
022433_2022-01,0.0
259a19_2020-07,0.45454545454545453
db5006_2022-04,0.45454545454545453
db5006_2023-07,0.5588235294117647
db5006_2024-06,0.6744186046511629
db5006_2023-04,0.45454545454545453
1b9e65_2019-12,0.5
e7a56d_2024-12,0.8928571428571429
0ffc2d_2025-05,0.8928571428571429
db5006_2021-01,0.8
db5006_2021-06,0.8928571428571429
1b9e65_2022-10,0.8928571428571429
e7a56d_2019-08,0.42359746750755634
4fb2d3_2020-09,0.8928571428571429
1698cf_2020-04,0.8928571428571429
7bf5c9_2023-01,0.45454545454545453
f461d4_2015-12,0.0
1b9e65_2014-11,0.06382978723404255
29849f_2022-12,0.5588235294117647
6f5e2b_2022-09,0.8928571428571429
f461d4_2015-09,0.0
a25664_2017-08,0.45454545454545453
db5006_2022-07,0.45454545454545453
5a0174_2015-10,0.0
db5006_2019-09,0.45454545454545453
1b9e65_2015-03,0.0
1b9e65_2017-08,0.38461538461538464
3db670_2015-07,0.020833333333333332
b08ec1_2018-01,0.2465753424657534
8fabe0_2020-11,0.8928571428571429
0ffc2d_2021-12,0.17142857142857143
f461d4_2018-02,0.17142857142857143
022433_2022-06,0.0
1bdb97_2023-02,0.0
bc4c03_2017-04,0.07692307692307693
db5006_2020-11,0.8928571428571429
175155_2017-08,0.3709677419354839
259a19_2025-01,0.8928571428571429
1b9e65_2015-02,0.0
3db670_2023-11,0.8928571428571429
1bdb97_2022-03,0.020833333333333332
4718d7_2017-06,0.07692307692307693
fc77d0_2014-10,0.0
1bdb97_2021-09,0.045454545454545456
18defd_2019-07,0.45454545454545453
db5006_2015-04,0.0
db5006_2023-01,0.5588235294117647
f4604d_2019-05,0.2465753424657534
1b9e65_2018-02,0.17142857142857143
0ffc2d_2021-09,0.06666666666666667
18defd_2019-06,0.5588235294117647
5a0174_2024-11,0.8928571428571429
c48018_2019-02,0.3709677419354839
439fde_2014-10,0.06382978723404255
894378_2023-01,0.45454545454545453
fd589c_2021-07,0.45454545454545453
c580aa_2023-03,1.0
429b22_2025-02,0.0
c5816f_2022-08,0.5588235294117647
8ec563_2024-10,0.8928571428571429
19fa84_2023-10,0.5588235294117647
439fde_2024-09,0.5588235294117647
c3a69f_2014-07,0.045454545454545456
8ec563_2021-10,0.38461538461538464
3db670_2023-03,1.0
c3a69f_2014-08,0.020833333333333332
1698cf_2022-02,0.8928571428571429
894378_2023-06,0.6744186046511629
c5816f_2022-01,0.45454545454545453
fd589c_2023-04,0.5588235294117647
6838b9_2024-04,0.8928571428571429
e4bc80_2020-12,0.6744186046511629
3db670_2017-04,0.8928571428571429
b73bc7_2024-07,1.0
439fde_2018-04,0.06741573033707865
19fa84_2022-01,0.3709677419354839
e361b7_2021-02,0.2465753424657534
7bf5c9_2022-02,0.6744186046511629
c3a69f_2018-04,0.06741573033707865
fd589c_2021-09,0.3709677419354839
b73bc7_2018-06,0.8928571428571429
7bf5c9_2023-09,0.5588235294117647
429b22_2025-04,0.0
c5816f_2023-02,0.5588235294117647
19fa84_2024-02,0.8
8ec563_2022-05,0.2465753424657534
894378_2023-05,0.6744186046511629
022433_2024-03,0.45454545454545453
fd589c_2020-03,0.8928571428571429
e4bc80_2023-11,0.6744186046511629
c3a69f_2022-03,0.8928571428571429
c580aa_2024-07,1.0
439fde_2023-06,0.3709677419354839
e4bc80_2022-01,0.3709677419354839
c3a69f_2021-10,0.8928571428571429
894378_2021-12,0.3709677419354839
8ec563_2021-01,0.45454545454545453
19fa84_2023-05,0.6744186046511629
e4bc80_2023-01,0.6744186046511629
c5816f_2021-04,0.8928571428571429
8ec563_2023-03,0.5588235294117647
8ec563_2023-11,0.8928571428571429
19fa84_2023-07,0.6744186046511629
022433_2024-12,0.2465753424657534
439fde_2018-02,0.06741573033707865
e7a56d_2015-09,0.0
8ec563_2024-03,0.6744186046511629
19fa84_2023-02,0.45454545454545453
b1de95_2024-02,1.0
894378_2024-07,0.5588235294117647
e361b7_2022-05,0.42857142857142855
c3a69f_2015-03,0.020833333333333332
894378_2023-10,0.8
8ec563_2020-02,0.45454545454545453
fd589c_2019-03,0.3709677419354839
c5816f_2021-06,0.8928571428571429
f1543b_2015-03,0.0
6f5e2b_2016-12,0.45454545454545453
894378_2020-03,0.8928571428571429
19fa84_2020-10,0.8928571428571429
f1543b_2015-02,0.0
f1543b_2018-01,0.17142857142857143
3db670_2021-10,1.0
3a13b3_2019-11,1.0
fd589c_2023-05,0.6744186046511629
e361b7_2021-04,0.9411764705882353
e361b7_2024-05,0.8928571428571429
c580aa_2014-11,0.06666666666666667
439fde_2023-10,0.45454545454545453
894378_2022-02,0.2465753424657534
894378_2023-09,0.5588235294117647
8ec563_2021-04,0.8928571428571429
8ec563_2023-08,0.5588235294117647
8ec563_2024-11,0.8928571428571429
e4bc80_2020-02,0.6744186046511629
259a19_2015-08,0.0
74b7d1_2022-05,0.3709677419354839
d59611_2015-11,0.0
4fb2d3_2016-02,0.0
74b7d1_2014-12,0.06382978723404255
14fe3a_2017-06,0.45454545454545453
74b7d1_2022-02,0.2465753424657534
74b7d1_2024-02,0.8928571428571429
77e86b_2024-01,0.8928571428571429
74b7d1_2015-01,0.045454545454545456
bf6f0d_2024-04,0.8928571428571429
259a19_2015-07,0.0
18defd_2015-09,0.020833333333333332
74b7d1_2022-04,0.45454545454545453
db4cd8_2015-11,0.0
cd0e60_2020-08,0.020833333333333332
7a007d_2015-10,0.06382978723404255
d59611_2016-09,0.45454545454545453
db4cd8_2017-03,0.06741573033707865
77e86b_2023-03,0.3709677419354839
db4cd8_2015-10,0.0
7a007d_2015-11,0.06382978723404255
98a151_2015-11,0.0
cd0e60_2020-02,0.0
88a9a6_2019-09,0.07692307692307693
f1543b_2025-03,0.6744186046511629
f1543b_2022-12,0.45454545454545453
88a9a6_2022-05,0.6744186046511629
f1543b_2022-10,0.8928571428571429
f1543b_2024-11,0.5703050555671052
f1543b_2023-01,0.45454545454545453
293190_2022-06,0.45454545454545453
74fb1f_2023-01,0.5588235294117647
7aa803_2019-03,0.14285714285714285
2ab8ad_2019-10,0.2465753424657534
c5df88_2020-04,0.45454545454545453
f1543b_2020-04,0.45454545454545453
9b46ed_2020-10,0.8928571428571429
f1543b_2014-08,0.020833333333333332
7aa803_2025-04,0.6666666666666666
c5df88_2017-02,0.45454545454545453
c5df88_2022-01,0.45454545454545453
88a9a6_2024-02,0.5588235294117647
f1543b_2016-03,0.0
7aa803_2018-06,0.06382978723404255
9b46ed_2024-01,1.0
74fb1f_2020-09,0.8928571428571429
f1543b_2021-06,0.8928571428571429
f1543b_2022-04,0.8928571428571429
7aa803_2014-08,0.020833333333333332
9b46ed_2024-02,0.9411764705882353
f1543b_2022-09,0.8928571428571429
74fb1f_2014-11,0.06382978723404255
f1543b_2020-12,0.45454545454545453
7aa803_2019-08,0.06741573033707865
c5df88_2020-02,0.5011080203731088
7aa803_2023-02,0.45454545454545453
293190_2017-06,0.3709677419354839
f1543b_2018-03,0.2465753424657534
2ab8ad_2020-07,0.6744186046511629
74fb1f_2019-12,0.45454545454545453
f1543b_2017-11,0.17142857142857143
88a9a6_2020-01,0.38461538461538464
9b46ed_2020-11,0.8928571428571429
74b7d1_2018-01,0.13675695453221273
8005b9_2014-12,0.0
b416b1_2018-08,0.45454545454545453
77e86b_2022-06,0.14285714285714285
94f933_2023-12,0.0
74b7d1_2018-03,0.06382978723404255
2ed4f9_2025-05,0.045454545454545456
77e86b_2019-03,0.2465753424657534
94f933_2024-10,0.0
bf6f0d_2023-01,0.9411764705882353
3db670_2023-01,1.0
9f1aa0_2015-09,0.0
e83244_2020-04,0.9411764705882353
2ab8ad_2018-04,0.2465753424657534
e7a56d_2017-07,0.2465753424657534
e7a56d_2021-04,0.6744186046511629
e7a56d_2015-06,0.020833333333333332
d86999_2024-09,0.6744186046511629
829a72_2019-01,0.45454545454545453
77e86b_2022-09,0.17142857142857143
6da35b_2023-03,0.04092289576257742
98a151_2019-01,0.45454545454545453
829a72_2021-11,0.5850579635087694
6da35b_2024-06,0.045454545454545456
6da35b_2024-12,0.2465753424657534
74b7d1_2025-04,0.5588235294117647
77e86b_2022-03,0.07692307692307693
7e646c_2024-03,0.045454545454545456
829a72_2017-09,0.3709677419354839
829a72_2024-08,0.8928571428571429
98a151_2018-05,0.3709677419354839
829a72_2021-12,0.8928571428571429
74b7d1_2014-10,0.06741573033707865
7e646c_2025-06,0.2465753424657534
7e646c_2023-01,0.045454545454545456
7e646c_2023-05,0.045454545454545456
ab32d7_2022-10,0.020833333333333332
e3af0e_2023-07,0.8928571428571429
7bf5c9_2016-11,0.17142857142857143
98a151_2021-07,1.0
b1de95_2018-03,0.6744186046511629
cd0e60_2021-05,0.06741573033707865
74b7d1_2022-09,0.2465753424657534
98a151_2021-09,1.0
e3af0e_2020-06,0.8928571428571429
0874ee_2018-06,0.06741573033707865
4f2b6b_2023-12,0.020833333333333332
74b7d1_2019-08,0.5588235294117647
829a72_2018-05,0.2465753424657534
6da35b_2022-12,0.045454545454545456
829a72_2024-01,0.5588235294117647
e3af0e_2017-12,0.45454545454545453
98a151_2017-08,0.3709677419354839
98a151_2020-12,0.8928571428571429
6da35b_2024-09,0.2465753424657534
77e86b_2019-11,0.45454545454545453
6da35b_2022-11,0.020833333333333332
60a0fd_2021-06,0.9411764705882353
77e86b_2022-07,0.17142857142857143
6da35b_2022-09,0.06733263128536246
e3af0e_2019-08,0.45454545454545453
cd0e60_2022-03,0.3709677419354839
60a0fd_2023-04,0.8928571428571429
77e86b_2021-12,0.2465753424657534
74b7d1_2023-11,0.8928571428571429
77e86b_2015-08,0.0
0cecbd_2015-10,0.0
c5df88_2015-11,0.0
c580aa_2019-12,0.9411764705882353
b59bc0_2025-02,0.8928571428571429
b0ff51_2020-10,0.8928571428571429
b59bc0_2014-08,0.045454545454545456
b59bc0_2020-02,1.0
8d0588_2017-08,0.6744186046511629
b59bc0_2018-03,0.8928571428571429
77e86b_2018-12,0.2465753424657534
8d0588_2025-04,0.8928571428571429
b59bc0_2020-08,1.0
b59bc0_2024-10,1.0
b0ff51_2025-08,0.9411764705882353
b0ff51_2021-03,0.8928571428571429
b59bc0_2020-04,1.0
8d0588_2019-05,0.5588235294117647
b59bc0_2014-05,0.045454545454545456
b59bc0_2015-03,0.020833333333333332
b0ff51_2014-12,0.06666666666666667
b0ff51_2017-11,0.6744186046511629
0cecbd_2018-10,0.2465753424657534
b59bc0_2022-10,0.8928571428571429
8d0588_2017-09,0.6744186046511629
b0ff51_2018-02,0.5588235294117647
b59bc0_2022-05,0.6744186046511629
b59bc0_2025-01,0.8928571428571429
b0ff51_2022-06,0.8928571428571429
b0ff51_2023-04,0.8928571428571429
8d0588_2023-09,0.5588235294117647
b59bc0_2015-07,0.045454545454545456
b59bc0_2025-07,0.9411764705882353
b0ff51_2023-11,0.5767310311543051
b0ff51_2024-07,0.9411764705882353
b59bc0_2014-09,0.020833333333333332
b59bc0_2017-03,0.8928571428571429
8d0588_2021-08,0.9411764705882353
b59bc0_2015-02,0.045454545454545456
b59bc0_2023-11,0.8928571428571429
b59bc0_2024-09,1.0
8d0588_2019-02,0.6744186046511629
b0ff51_2017-07,0.8
b59bc0_2019-03,0.5588235294117647
b59bc0_2021-12,0.9411764705882353
b59bc0_2022-11,0.8928571428571429
b0ff51_2015-03,0.06382978723404255
8d0588_2024-02,0.8928571428571429
b0ff51_2023-09,0.5588235294117647
8d0588_2024-04,0.9411764705882353
b59bc0_2024-11,0.8928571428571429
8005b9_2018-12,0.06741573033707865
7a007d_2017-08,0.45454545454545453
259a19_2024-12,0.8928571428571429
f461d4_2015-04,0.06382978723404255
14fe3a_2017-07,0.45454545454545453
b416b1_2024-12,1.0
5a0174_2017-05,0.45454545454545453
545d15_2022-04,0.38461538461538464
545d15_2021-07,0.3709677419354839
74b7d1_2022-11,0.2465753424657534
ab32d7_2022-06,0.020833333333333332
439fde_2025-03,0.888363376512048
ab32d7_2025-03,0.2465753424657534
5ecf9b_2025-01,0.11889001021697168
9b3bd5_2025-05,0.0
545d15_2024-11,0.8928571428571429
c580aa_2019-10,0.9411764705882353
545d15_2022-01,0.2465753424657534
c580aa_2018-08,0.8928571428571429
8b98f3_2022-03,0.06714063409814805
545d15_2025-06,0.8928571428571429
545d15_2022-10,0.3709677419354839
8b98f3_2024-12,0.07692307692307693
545d15_2022-08,0.3709677419354839
8b98f3_2022-05,0.0
545d15_2024-03,0.8928571428571429
545d15_2025-02,0.8928571428571429
545d15_2022-05,0.2465753424657534
545d15_2023-09,0.8928571428571429
ab32d7_2024-09,0.2465753424657534
5ecf9b_2024-12,0.06666666666666667
74b7d1_2015-02,0.020833333333333332
74b7d1_2021-07,0.6744186046511629
5ecf9b_2024-05,0.17142857142857143
ab32d7_2025-05,0.3709677419354839
8b98f3_2023-07,0.045454545454545456
5ecf9b_2023-01,0.045454545454545456
e361b7_2019-05,0.45454545454545453
5ecf9b_2024-06,0.2465753424657534
74b7d1_2024-06,0.8928571428571429
5ecf9b_2025-07,0.2465753424657534
8b98f3_2024-08,0.2465753424657534
74b7d1_2020-06,0.6744186046511629
1698cf_2016-05,0.0
948a11_2024-04,0.42857142857142855
fb34b4_2025-02,0.5588235294117647
fb737b_2021-03,0.020833333333333332
fc77d0_2017-04,0.45454545454545453
90abb1_2016-02,0.020833333333333332
894378_2016-06,0.06382978723404255
8ec563_2017-04,0.3833424065457386
b73bc7_2015-06,0.0
06534f_2022-05,1.0
fd589c_2016-03,0.3709677419354839
06534f_2017-03,0.6744186046511629
3db670_2023-07,1.0
e4bc80_2018-04,0.17142857142857143
8ec563_2017-01,0.45454545454545453
e4bc80_2021-05,0.9411764705882353
894378_2017-02,0.3709677419354839
b73bc7_2014-03,0.020833333333333332
fd589c_2015-02,0.020833333333333332
8ec563_2015-03,0.020833333333333332
8ec563_2022-04,0.2465753424657534
c580aa_2020-05,1.0
3db670_2020-08,1.0
e361b7_2018-01,0.17142857142857143
8ec563_2016-12,0.45454545454545453
06534f_2021-02,1.0
8ec563_2018-10,0.5588235294117647
3a13b3_2023-08,1.0
894378_2015-02,0.0
8ec563_2016-09,0.45454545454545453
c580aa_2016-12,0.45454545454545453
e4bc80_2019-02,0.2465753424657534
3db670_2024-11,1.0
3db670_2021-04,0.8928571428571429
b1de95_2024-04,1.0
e361b7_2014-07,0.06382978723404255
e361b7_2014-09,0.045454545454545456
3a13b3_2016-07,0.2465753424657534
b73bc7_2016-01,0.0
e4bc80_2022-05,0.45454545454545453
e4bc80_2022-10,0.5588235294117647
c5816f_2022-11,0.45454545454545453
19fa84_2015-02,0.020833333333333332
3a13b3_2025-07,1.0
06534f_2015-04,0.06741573033707865
894378_2020-02,0.5
894378_2023-12,0.6744186046511629
b73bc7_2021-10,1.0
e361b7_2020-05,0.9411764705882353
3a13b3_2016-04,0.06382978723404255
06534f_2017-07,0.8928571428571429
fd589c_2016-04,0.3709677419354839
e361b7_2018-09,0.6666666666666666
c580aa_2024-02,1.0
8ec563_2016-10,0.45454545454545453
06534f_2021-03,1.0
e361b7_2014-10,0.020833333333333332
c5816f_2017-04,0.5005823300701004
3db670_2016-06,0.0
c580aa_2016-11,0.45454545454545453
3db670_2015-06,0.020833333333333332
fd589c_2019-06,0.3709677419354839
c5816f_2015-01,0.045454545454545456
c5816f_2019-05,0.45454545454545453
3db670_2015-05,0.045454545454545456
19fa84_2022-10,0.5588235294117647
f4604d_2022-05,0.8928571428571429
c5816f_2014-03,0.0
90abb1_2016-01,0.020833333333333332
3a13b3_2024-08,1.0
e4bc80_2020-11,0.5588235294117647
e4bc80_2024-05,1.0
06534f_2017-06,0.6744186046511629
4f2b6b_2025-03,0.17142857142857143
8fabe0_2021-05,0.9411764705882353
19fa84_2019-12,0.6460502389804836
19fa84_2019-11,0.8
6224d0_2015-12,0.0
439fde_2024-11,0.45454545454545453
db5006_2017-08,0.45454545454545453
c3a69f_2021-09,0.8928571428571429
e3af0e_2023-01,0.8928571428571429
259a19_2018-11,0.6744186046511629
7aa803_2017-02,0.17142857142857143
9b46ed_2019-12,0.45454545454545453
9b46ed_2015-10,0.0
92dcdd_2018-09,0.008739762883841613
0874ee_2017-06,0.45454545454545453
8fabe0_2020-06,0.8928571428571429
1698cf_2025-02,0.5588235294117647
db4cd8_2018-09,0.5229795561917682
88a9a6_2018-04,0.06741573033707865
b1de95_2016-10,0.3709677419354839
b416b1_2021-01,0.8928571428571429
f4604d_2022-09,0.8928571428571429
293190_2016-12,0.17142857142857143
b1de95_2016-06,0.0
88a9a6_2020-06,0.8928571428571429
b08ec1_2017-07,0.2465753424657534
b1de95_2016-09,0.17142857142857143
e2e0ce_2015-05,0.020833333333333332
74fb1f_2016-05,0.0
8fabe0_2016-03,0.06741573033707865
293190_2018-04,0.2465753424657534
1698cf_2017-11,0.07692307692307693
fc77d0_2021-02,0.8928571428571429
b1de95_2017-09,0.5588235294117647
b1de95_2017-07,0.45454545454545453
c48018_2021-07,0.5588235294117647
0874ee_2015-08,0.020833333333333332
18defd_2021-11,0.5588235294117647
c48018_2017-08,0.07692307692307693
18defd_2017-07,0.17142857142857143
1822ea_2016-04,0.0
7aa803_2020-11,0.8928571428571429
c48018_2017-11,0.06741573033707865
c48018_2021-09,0.5588235294117647
fc77d0_2017-05,0.45454545454545453
fc77d0_2020-06,0.8928571428571429
c48018_2022-10,0.5588235294117647
531356_2022-04,0.8928571428571429
293190_2018-05,0.3709677419354839
c48018_2017-10,0.06741573033707865
6f5e2b_2015-11,0.0
6f5e2b_2021-04,0.8928571428571429
c48018_2016-05,0.17142857142857143
1bdb97_2025-03,0.17142857142857143
29849f_2017-08,0.45454545454545453
8fabe0_2017-11,0.2465753424657534
439fde_2019-10,0.45454545454545453
74b7d1_2017-06,0.14285714285714285
c3a69f_2014-09,0.045454545454545456
0874ee_2015-10,0.06382978723404255
439fde_2019-06,0.2465753424657534
87cfea_2019-12,0.2465753424657534
e4bc80_2015-10,0.0
83894c_2022-04,0.5
7aa803_2017-12,0.3709677419354839
60a0fd_2015-10,0.0
e3af0e_2016-08,0.1568555082846165
4718d7_2021-03,0.8928571428571429
175155_2016-01,0.020833333333333332
f4604d_2015-06,0.0
4718d7_2017-09,0.06741573033707865
f461d4_2021-04,0.8928571428571429
829a72_2020-11,0.8928571428571429
60a0fd_2017-01,0.14285714285714285
e3af0e_2016-01,0.0
829a72_2021-03,0.8928571428571429
90abb1_2016-07,0.5
829a72_2021-06,0.8928571428571429
98a151_2016-09,0.2465753424657534
5a0174_2015-07,0.0
83894c_2020-09,0.14285714285714285
83894c_2025-08,0.5588235294117647
1698cf_2021-03,0.8928571428571429
f461d4_2016-04,0.2465753424657534
87cfea_2022-03,0.8
99c11c_2023-09,0.45454545454545453
829a72_2016-09,0.06741573033707865
87cfea_2020-09,0.3709677419354839
60a0fd_2015-08,0.0
5a0174_2022-02,0.9411764705882353
259a19_2018-08,0.45454545454545453
83894c_2020-08,0.2465753424657534
83894c_2021-01,0.5588235294117647
829a72_2020-07,0.8057333352899152
4718d7_2017-10,0.06741573033707865
87cfea_2022-09,0.45454545454545453
98a151_2016-08,0.2465753424657534
6f5e2b_2015-06,0.0
87cfea_2022-08,0.45454545454545453
90abb1_2016-03,0.06720649361373744
5a0174_2017-01,0.3709677419354839
7aa803_2017-10,0.3709677419354839
98a151_2016-04,0.17142857142857143
4718d7_2021-04,0.8928571428571429
8fabe0_2016-06,0.2465753424657534
8fabe0_2018-11,0.8928571428571429
6f5e2b_2020-05,0.8928571428571429
829a72_2020-10,0.8928571428571429
d86999_2022-11,0.5588235294117647
9cf1af_2023-02,0.0
3a13b3_2015-10,0.0
14fe3a_2020-08,0.8928571428571429
8ec563_2018-11,0.5
dbb709_2022-03,0.020833333333333332
d86999_2023-01,0.6744186046511629
d86999_2023-10,0.8928571428571429
db5006_2018-09,0.2465753424657534
14fe3a_2021-01,0.8928571428571429
0cecbd_2020-11,0.8928571428571429
d86999_2023-04,0.6744186046511629
77c35f_2023-06,0.045454545454545456
e4bc80_2015-06,0.020833333333333332
531356_2021-02,0.8928571428571429
dbb709_2021-12,0.020833333333333332
439fde_2020-03,0.5588235294117647
8fabe0_2015-10,0.0
34889b_2016-02,0.045454545454545456
34889b_2015-11,0.020833333333333332
fc77d0_2015-10,0.0
e3af0e_2020-07,0.9411764705882353
829a72_2017-05,0.3709677419354839
b1de95_2016-12,0.3709677419354839
829a72_2018-10,0.45454545454545453
77b3b9_2016-09,0.2465753424657534
11f0e3_2020-05,0.5588235294117647
c48018_2016-07,0.377864416650691
e2314a_2020-05,0.8928571428571429
b73bc7_2021-01,0.5982558482199147
9af74c_2020-06,1.0
375f2e_2016-12,0.0
d86999_2022-10,0.6666666666666666
375f2e_2017-09,0.07692307692307693
1822ea_2025-09,0.8928571428571429
375f2e_2017-11,0.17142857142857143
9af74c_2016-08,0.45454545454545453
b1de95_2022-08,1.0
bc4c03_2015-05,0.06382978723404255
9af74c_2020-07,1.0
1822ea_2016-05,0.0
bc4c03_2017-09,0.07692307692307693
77b3b9_2017-08,0.11574137501133691
375f2e_2016-04,0.020833333333333332
987bc1_2018-09,0.11155088848774519
d86999_2022-05,0.5588235294117647
d86999_2022-06,0.5588235294117647
2167be_2025-09,0.06666666666666667
99c11c_2016-09,0.0
83894c_2024-08,0.5588235294117647
7bf5c9_2015-11,0.0
c3a69f_2020-09,0.8928571428571429
e60b65_2018-09,0.5
87cfea_2023-01,0.3709677419354839
99c11c_2017-12,0.0
99c11c_2021-01,0.2465753424657534
99c11c_2019-08,0.2465753424657534
83894c_2020-03,0.41149263073345155
99c11c_2020-02,0.06741573033707865
99c11c_2023-08,0.45454545454545453
439fde_2021-05,0.8928571428571429
8005b9_2020-01,0.6744186046511629
87cfea_2019-05,0.06741573033707865
c3a69f_2020-08,0.8
87cfea_2019-09,0.3709677419354839
77e86b_2017-10,0.3709677419354839
c3a69f_2021-05,0.8928571428571429
83894c_2025-04,0.45454545454545453
99c11c_2023-12,0.8928571428571429
439fde_2022-03,0.8928571428571429
83894c_2018-08,0.2465753424657534
439fde_2023-01,0.8928571428571429
439fde_2021-01,0.8928571428571429
83894c_2024-12,0.45454545454545453
c3a69f_2016-06,0.06741573033707865
99c11c_2020-01,0.3709677419354839
99c11c_2016-07,0.0
99c11c_2016-12,0.0
83894c_2025-02,0.5588235294117647
c3a69f_2018-08,0.2465753424657534
99c11c_2016-08,0.0
99c11c_2023-11,0.45454545454545453
87cfea_2023-04,0.45454545454545453
439fde_2021-04,0.8928571428571429
83894c_2018-09,0.07692307692307693
87cfea_2016-04,0.0
d59611_2018-07,0.5588235294117647
8005b9_2018-10,0.3709677419354839
0cecbd_2017-05,0.3799317706054
c3a69f_2016-01,0.0
e60b65_2015-05,0.020833333333333332
e2e0ce_2017-07,0.45454545454545453
f4604d_2017-10,0.42857142857142855
bf6f0d_2015-03,0.020833333333333332
29849f_2020-06,0.8928571428571429
77b3b9_2020-06,0.5588235294117647
b1de95_2023-06,0.8928571428571429
f500c5_2018-10,0.5588235294117647
06534f_2022-01,1.0
b1de95_2023-02,1.0
06534f_2021-09,0.9411764705882353
c5df88_2017-04,0.2465753424657534
b73bc7_2022-08,1.0
bf6f0d_2021-03,0.8928571428571429
c580aa_2020-12,1.0
b73bc7_2022-10,1.0
c580aa_2021-02,0.9411764705882353
b73bc7_2022-04,1.0
88a9a6_2018-10,0.2465753424657534
948a11_2023-11,0.06382978723404255
6224d0_2015-07,0.020833333333333332
fb34b4_2023-11,0.06741573033707865
c580aa_2022-10,1.0
f500c5_2018-07,0.3709677419354839
8d0588_2016-02,0.0
77e86b_2021-02,0.6744186046511629
77e86b_2021-09,0.6744186046511629
99c11c_2017-04,0.0
77e86b_2016-09,0.17142857142857143
74b7d1_2015-08,0.0
77e86b_2016-12,0.2465753424657534
77e86b_2020-06,0.6744186046511629
77e86b_2016-03,0.0
99c11c_2022-08,0.8928571428571429
83894c_2023-07,0.8928571428571429
8fabe0_2021-02,0.9411764705882353
83894c_2023-06,0.6744186046511629
83894c_2022-11,0.8928571428571429
83894c_2017-06,0.0
87cfea_2018-07,0.2465753424657534
6224d0_2018-11,0.5588235294117647
99c11c_2018-06,0.06382978723404255
af81b0_2017-03,0.2465753424657534
513080_2025-10,0.5
77b3b9_2025-09,0.8928571428571429
6838b9_2020-04,0.2465753424657534
fb737b_2020-05,0.045454545454545456
af81b0_2016-08,0.07692307692307693
7aa803_2018-08,0.37848303171468234
cd0e60_2023-07,0.3709677419354839
2ab8ad_2018-09,0.37781586392186856
c5df88_2015-07,0.0
cd0e60_2025-05,0.8
3db670_2016-01,0.0
829a72_2016-01,0.0
cd0e60_2024-03,0.45454545454545453
4718d7_2015-05,0.020833333333333332
c3a69f_2017-12,0.2465753424657534
c3a69f_2017-11,0.17142857142857143
829a72_2015-09,0.045454545454545456
19fa84_2017-07,0.33280288997321095
439fde_2016-01,0.0
88a9a6_2017-07,0.37261027606369307
439fde_2016-03,0.020833333333333332
77b3b9_2016-02,0.0
1698cf_2015-05,0.020833333333333332
d86999_2024-03,0.8928571428571429
4718d7_2016-08,0.2465753424657534
0874ee_2016-09,0.45454545454545453
88a9a6_2018-09,0.2465753424657534
dc4b5e_2021-02,0.5
dc4b5e_2021-08,0.8
34889b_2017-09,0.42857142857142855
dc4b5e_2020-09,0.06382978723404255
9b46ed_2016-10,0.020833333333333332
7aa803_2016-12,0.2465753424657534
a97df3_2021-10,0.45454545454545453
dc4b5e_2021-10,0.5588235294117647
e2e0ce_2017-03,0.2465753424657534
34889b_2020-07,0.8928571428571429
c5df88_2018-09,0.3109709178223137
9af74c_2016-04,0.06694079318410029
9b46ed_2017-07,0.45454545454545453
34889b_2016-04,0.3709677419354839
a97df3_2020-04,0.06382978723404255
3db670_2021-07,0.8928571428571429
74b7d1_2016-03,0.0
99c11c_2025-09,0.8
b73bc7_2017-11,0.8928571428571429
a97df3_2020-06,0.045454545454545456
e4bc80_2016-02,0.020833333333333332
3db670_2022-01,1.0
e4bc80_2016-03,0.045454545454545456
3a13b3_2018-07,0.6744186046511629
1b9e65_2017-05,0.5588235294117647
375f2e_2015-08,0.0
1b9e65_2024-07,1.0
74b7d1_2015-09,0.0
0874ee_2017-11,0.45454545454545453
0874ee_2020-04,0.8928571428571429
7aa803_2016-01,0.0
af81b0_2021-09,0.8928571428571429
af81b0_2021-11,0.8928571428571429
bf6f0d_2016-04,0.17142857142857143
af81b0_2022-03,0.8928571428571429
fb34b4_2022-12,0.020833333333333332
fb34b4_2023-01,0.020833333333333332
4fb2d3_2016-06,0.06666666666666667
fc77d0_2015-11,0.0
9f1aa0_2015-08,0.020833333333333332
4fb2d3_2016-07,0.17142857142857143
fb34b4_2022-02,0.0
db5006_2016-06,0.020833333333333332
0cecbd_2016-02,0.0
db5006_2016-07,0.0
1b9e65_2015-11,0.0
5a0174_2022-03,0.9411764705882353
6f5e2b_2022-02,1.0
0cecbd_2016-03,0.0
92dcdd_2018-07,0.045454545454545456
92dcdd_2025-09,0.8928571428571429
fd589c_2015-09,0.0
fd589c_2020-05,0.9411764705882353
439fde_2015-07,0.045454545454545456
fd589c_2020-10,0.8928571428571429
fd589c_2015-11,0.0
fd589c_2018-08,0.6744186046511629
439fde_2015-09,0.0
db4cd8_2020-04,0.8928571428571429
6c1954_2020-10,0.06741573033707865
987bc1_2015-12,0.0
987bc1_2016-01,0.0
6c1954_2020-08,0.06741573033707865
74fb1f_2016-10,0.2465753424657534
293190_2017-08,0.3709677419354839
293190_2015-10,0.0
74fb1f_2016-06,0.0
e2e0ce_2015-11,0.0
7aa803_2016-08,0.1265007610718881
88a9a6_2016-09,0.020833333333333332
c5816f_2018-07,0.6744186046511629
9f1aa0_2025-09,0.6744186046511629
f1543b_2025-09,0.8928571428571429
19fa84_2016-11,0.0
894378_2016-09,0.020833333333333332
19fa84_2016-09,0.0
8ec563_2015-05,0.045454545454545456
19fa84_2016-04,0.0
e7a56d_2016-03,0.020833333333333332
fd589c_2016-11,0.3709677419354839
8ec563_2015-08,0.0
0874ee_2021-02,0.6744186046511629
894378_2016-08,0.020833333333333332
894378_2016-11,0.06382978723404255
bf6f0d_2015-11,0.013911998988184146
b59bc0_2017-07,0.45454545454545453
b59bc0_2016-07,0.5588235294117647
b644ac_2024-04,0.06382978723404255
83894c_2016-11,0.0
83894c_2016-10,0.0
83894c_2016-06,0.0
83894c_2016-07,0.0
83894c_2016-12,0.0
4fb2d3_2025-09,0.8928571428571429
a42d13_2020-10,0.8928571428571429
a42d13_2020-08,0.8928571428571429
6838b9_2018-11,0.020833333333333332
a42d13_2020-03,0.8928571428571429
c48018_2016-02,0.0
c48018_2016-03,0.0
a42d13_2021-04,0.8928571428571429
a42d13_2023-02,0.8928571428571429
a25664_2016-11,0.0
6f5e2b_2016-02,0.06382978723404255
e60b65_2016-11,0.45454545454545453
1b9e65_2020-11,0.8928571428571429
4fb2d3_2017-09,0.37967775945468424
1b9e65_2020-10,0.8928571428571429
531356_2015-06,0.0
894378_2020-08,0.8928571428571429
c5df88_2015-06,0.0
175155_2017-12,0.2465753424657534
d86999_2020-10,0.5588235294117647
375f2e_2016-02,0.020833333333333332
29849f_2016-03,0.0
b416b1_2017-09,0.3709677419354839
29849f_2017-11,0.42857142857142855
531356_2021-06,0.8928571428571429
531356_2021-09,0.9411764705882353
29849f_2015-07,0.06741573033707865
1822ea_2017-01,0.5588235294117647
531356_2021-08,0.8928571428571429
1b9e65_2015-06,0.06382978723404255
6838b9_2017-11,0.06741573033707865
f4604d_2020-05,0.8928571428571429
b73bc7_2016-02,0.020833333333333332
29849f_2016-10,0.2465753424657534
b73bc7_2016-03,0.17142857142857143
c5df88_2024-09,0.8928571428571429
c5df88_2025-11,0.8928571428571429
293190_2025-09,0.8928571428571429
b08ec1_2016-10,0.2465753424657534
c5df88_2020-06,0.8928571428571429
7aa803_2025-03,0.9411764705882353
c5df88_2023-12,0.8928571428571429
2ab8ad_2016-08,0.0
b73bc7_2017-12,0.5588235294117647
c5df88_2021-10,0.8928571428571429
293190_2025-11,0.8928571428571429
b08ec1_2016-09,0.2465753424657534
293190_2015-07,0.0
293190_2018-11,0.14285714285714285
f4604d_2017-01,0.07692307692307693
88a9a6_2016-04,0.020833333333333332
c5df88_2025-08,0.8928571428571429
293190_2025-03,0.8928571428571429
293190_2025-07,0.8928571428571429
c580aa_2014-03,0.045454545454545456
9af74c_2015-11,0.020833333333333332
9af74c_2016-01,0.06382978723404255
7a007d_2017-12,0.5
b416b1_2015-08,0.0
18defd_2015-05,0.0
b08ec1_2015-05,0.07784525401339068
7a007d_2023-09,0.8928571428571429
e7a56d_2016-05,0.020833333333333332
e7a56d_2016-09,0.2465753424657534
7a007d_2015-07,0.020833333333333332
7a007d_2015-05,0.020833333333333332
7a007d_2017-11,0.17142857142857143
7a007d_2022-02,0.8928571428571429
7a007d_2015-08,0.020833333333333332
7a007d_2021-02,0.8928571428571429
7a007d_2022-03,0.8928571428571429
7a007d_2022-09,0.8928571428571429
8d0588_2020-05,1.0
8d0588_2018-09,0.8928571428571429
b59bc0_2018-09,0.8928571428571429
8d0588_2016-09,0.6744186046511629
e60b65_2025-09,0.8928571428571429
ab32d7_2024-03,0.3709677419354839
439fde_2023-08,0.45454545454545453
c3a69f_2024-03,0.45454545454545453
f4604d_2015-08,0.0
77e86b_2021-11,0.2465753424657534
c3a69f_2023-12,0.2465753424657534
77e86b_2022-02,0.06741573033707865
77e86b_2025-04,0.6744186046511629
77e86b_2015-07,0.045454545454545456
74b7d1_2023-10,0.8928571428571429
74b7d1_2015-03,0.045454545454545456
74b7d1_2024-05,0.8928571428571429
439fde_2025-07,0.8928571428571429
1b9e65_2022-09,0.5588235294117647
439fde_2023-09,0.45454545454545453
c3a69f_2025-08,0.8928571428571429
c3a69f_2025-07,0.8928571428571429
8b98f3_2023-09,0.06382978723404255
77e86b_2019-06,0.17142857142857143
77e86b_2024-07,0.8928571428571429
77e86b_2015-01,0.045454545454545456
c3a69f_2024-04,0.45454545454545453
74b7d1_2022-01,0.3709677419354839
2ed4f9_2025-04,0.045454545454545456
8b98f3_2023-08,0.06382978723404255
77e86b_2015-04,0.06382978723404255
8b98f3_2024-05,0.3709677419354839
c3a69f_2022-02,0.3709677419354839
c3a69f_2014-11,0.06719981373742115
302d40_2025-01,0.3709677419354839
fc9334_2022-09,0.45454545454545453
8e41cf_2021-10,0.5448425482103676
b26809_2023-11,0.6744186046511629
f461d4_2019-05,0.6744186046511629
259a19_2018-06,0.06741573033707865
2ab8ad_2022-11,0.5588235294117647
7aa803_2025-06,0.7071728616928828
9b46ed_2021-07,0.6744186046511629
829a72_2025-08,0.6744186046511629
bfbeef_2024-12,0.6744186046511629
98a151_2019-03,0.3709677419354839
77c35f_2024-03,0.0
829a72_2024-06,0.5588235294117647
dbb709_2025-02,0.3709677419354839
d86999_2020-03,0.9958279705989868
fc9334_2015-05,0.0
fc9334_2022-10,0.45454545454545453
8e41cf_2018-04,0.06741573033707865
6224d0_2019-03,0.3709677419354839
a25664_2015-01,0.0
293190_2021-11,0.45454545454545453
293190_2022-09,0.45454545454545453
e2e0ce_2016-08,0.0
e2e0ce_2016-09,0.020833333333333332
e2e0ce_2025-06,0.8
74fb1f_2015-07,0.0
9b46ed_2019-09,0.17142857142857143
d86999_2017-04,0.17142857142857143
829a72_2023-10,0.8928571428571429
fc9334_2017-04,0.06741573033707865
d86999_2018-02,0.2465753424657534
780a0b_2018-12,0.3709677419354839
fc9334_2016-09,0.0
0874ee_2021-07,0.3709677419354839
fc77d0_2024-11,1.0
fb737b_2025-04,0.5588235294117647
c5df88_2022-02,0.2465753424657534
7aa803_2021-01,0.8928571428571429
7aa803_2022-01,0.38461538461538464
7aa803_2025-01,0.8928571428571429
88a9a6_2019-01,0.10247192014391845
88a9a6_2024-06,0.6744186046511629
9b46ed_2015-08,0.0
9b46ed_2023-04,0.45454545454545453
60a0fd_2024-08,0.8928571428571429
d86999_2022-09,0.5588235294117647
d86999_2023-09,0.6744186046511629
4fb2d3_2018-04,0.06382978723404255
74fb1f_2019-05,0.17142857142857143
7aa803_2022-10,0.42857142857142855
8fb6f0_2025-03,0.5588235294117647
fc9334_2019-07,0.3743110436157453
9cf1af_2022-01,0.06741573033707865
fc9334_2016-11,0.06741573033707865
fc9334_2021-09,0.3709677419354839
8fb6f0_2022-07,0.8928571428571429
8bd3ce_2024-06,0.6744186046511629
8e41cf_2023-06,0.45454545454545453
8e41cf_2024-03,0.6708244434754761
e60b65_2015-01,0.0
bc4c03_2021-09,0.6744186046511629
2ab8ad_2023-06,0.5588235294117647
74fb1f_2023-11,0.5588235294117647
88a9a6_2017-02,0.3709677419354839
88a9a6_2019-04,0.06741573033707865
0f9e86_2025-06,0.5588235294117647
77c35f_2022-10,0.06382978723404255
b26809_2016-12,0.06741573033707865
b26809_2023-07,0.45454545454545453
bc4c03_2022-03,1.0
9b3bd5_2025-06,0.020833333333333332
293190_2014-11,0.06741573033707865
e2e0ce_2015-07,0.0
2ab8ad_2025-08,0.45454545454545453
c5df88_2014-10,0.045454545454545456
9b46ed_2018-06,0.2465753424657534
9b46ed_2019-06,0.06741573033707865
829a72_2024-05,0.5588235294117647
60a0fd_2022-12,0.5785939402685073
d86999_2022-03,0.6744186046511629
0ffc2d_2019-08,0.020833333333333332
8e41cf_2015-03,0.0
731908_2016-02,0.0
293190_2024-05,0.8928571428571429
e2e0ce_2022-07,0.6744186046511629
2ab8ad_2022-04,0.6744186046511629
c5df88_2015-01,0.06741573033707865
c5df88_2021-09,0.5
c5df88_2022-05,0.5588235294117647
9b46ed_2018-12,0.06741573033707865
8fb6f0_2020-03,0.8928571428571429
dbb709_2024-01,0.07692307692307693
9befc8_2022-06,0.45454545454545453
60a0fd_2021-04,0.8928571428571429
fc9334_2025-08,0.5588235294117647
fc77d0_2022-03,0.5588235294117647
f461d4_2019-08,0.5588235294117647
293190_2017-02,0.3709677419354839
e2e0ce_2024-11,0.8928571428571429
88a9a6_2021-04,0.5
88a9a6_2023-01,0.45454545454545453
0f9e86_2022-12,0.3709677419354839
8bd3ce_2025-03,0.8928571428571429
11f0e3_2021-12,0.2465753424657534
b26809_2017-02,0.07692307692307693
b26809_2021-05,0.3709677419354839
9af74c_2023-10,0.8928571428571429
6224d0_2019-07,0.3709677419354839
175155_2025-01,1.0
293190_2014-09,0.06741573033707865
293190_2019-06,0.2465753424657534
293190_2021-07,0.8928571428571429
74fb1f_2025-05,0.5588235294117647
8e41cf_2024-04,0.6744186046511629
98a151_2022-06,0.6744186046511629
e427f8_2022-03,0.045454545454545456
302d40_2023-03,0.0
d86999_2025-02,0.45454545454545453
8bd3ce_2018-03,0.06666666666666667
b26809_2022-07,0.45454545454545453
74fb1f_2020-12,0.8928571428571429
74fb1f_2021-12,0.5588235294117647
11f0e3_2023-04,0.3709677419354839
d86999_2019-08,0.9411764705882353
fc9334_2018-11,0.020833333333333332
8e41cf_2024-11,0.8928571428571429
b26809_2021-12,0.45454545454545453
9b46ed_2015-03,0.020833333333333332
9b46ed_2024-11,0.45454545454545453
e2e0ce_2019-01,0.3709677419354839
780a0b_2020-03,0.5588235294117647
77c35f_2023-01,0.020833333333333332
e427f8_2023-04,0.0
d86999_2015-07,0.0
8bd3ce_2025-08,0.6744186046511629
8bd3ce_2024-03,0.8928571428571429
8e41cf_2022-07,0.45454545454545453
b26809_2014-06,0.045454545454545456
e2e0ce_2024-12,0.9411764705882353
60a0fd_2022-05,0.8928571428571429
8bd3ce_2015-01,0.0
b26809_2022-04,0.45454545454545453
b26809_2022-08,0.42857142857142855
8fabe0_2019-01,0.6744186046511629
e2e0ce_2019-05,0.06741573033707865
74fb1f_2018-06,0.06382978723404255
77c35f_2025-07,0.2465753424657534
829a72_2018-03,0.3709677419354839
dbb709_2024-11,0.45454545454545453
60a0fd_2024-09,0.6744186046511629
d86999_2024-06,0.6744186046511629
8bd3ce_2023-12,0.5588235294117647
8e41cf_2020-02,0.45454545454545453
8e41cf_2022-09,0.38461538461538464
8e41cf_2022-10,0.45454545454545453
b26809_2022-03,0.5588235294117647
14fe3a_2019-04,0.3709677419354839
987bc1_2022-02,0.5389479523715033
e60b65_2018-01,0.06741573033707865
a25664_2017-02,0.06741573033707865
e2e0ce_2023-10,0.5588235294117647
c5df88_2018-03,0.06741573033707865
3db670_2015-01,0.020833333333333332
780a0b_2025-01,0.6744186046511629
0f9e86_2022-04,0.3709677419354839
bfbeef_2023-02,0.5588235294117647
9cf1af_2025-03,0.45454545454545453
d86999_2017-02,0.3709677419354839
d86999_2018-04,0.2465753424657534
d86999_2020-01,0.8928571428571429
780a0b_2019-05,0.45454545454545453
8bd3ce_2017-03,0.2465753424657534
b26809_2024-06,0.8928571428571429
987bc1_2015-01,0.0
987bc1_2020-08,0.45454545454545453
a42d13_2018-01,0.3709677419354839
e2e0ce_2016-07,0.0
d86999_2023-08,0.8928571428571429
8bd3ce_2020-03,0.5588235294117647
8e41cf_2025-05,0.9411764705882353
34889b_2019-02,0.2465753424657534
fc77d0_2022-12,0.8928571428571429
a25664_2025-08,0.8928571428571429
293190_2020-12,0.5588235294117647
e2e0ce_2023-04,0.8928571428571429
2ab8ad_2022-10,0.8928571428571429
9b46ed_2025-04,0.5588235294117647
11f0e3_2023-07,0.2465753424657534
98a151_2022-07,0.5
8bd3ce_2015-09,0.0
60a0fd_2022-03,0.8928571428571429
d86999_2018-07,0.3709677419354839
d86999_2023-03,0.8928571428571429
8e41cf_2021-08,0.3709677419354839
fc77d0_2023-04,0.5
9af74c_2023-07,0.8928571428571429
259a19_2019-05,0.6744186046511629
e2e0ce_2017-08,0.45454545454545453
2ab8ad_2017-03,0.2465753424657534
2ab8ad_2022-01,1.0
88a9a6_2020-12,0.6744186046511629
9b46ed_2022-09,0.2465753424657534
9b46ed_2023-11,0.6666666666666666
829a72_2019-07,0.6744186046511629
dbb709_2022-05,0.020833333333333332
e427f8_2023-03,0.0
b26809_2016-06,0.06741573033707865
8bd3ce_2020-12,0.8928571428571429
b26809_2015-04,0.0
b26809_2020-12,0.2465753424657534
fc77d0_2018-05,0.06666666666666667
987bc1_2024-12,0.8928571428571429
293190_2018-02,0.14285714285714285
e2e0ce_2018-10,0.3709677419354839
7aa803_2018-12,0.14285714285714285
7aa803_2024-11,1.0
829a72_2025-06,0.8928571428571429
8bd3ce_2019-07,0.3709677419354839
e3af0e_2023-09,1.0
a25664_2024-12,0.9411764705882353
293190_2023-09,0.5588235294117647
9b46ed_2023-06,0.45454545454545453
9befc8_2022-05,0.42857142857142855
e3af0e_2025-04,0.6666666666666666
bfbeef_2022-12,0.45454545454545453
fc9334_2017-10,0.06741573033707865
9cf1af_2022-03,0.06382978723404255
e427f8_2022-12,0.0
b26809_2015-12,0.0
fc9334_2023-09,0.45454545454545453
8bd3ce_2018-06,0.045454545454545456
8bd3ce_2021-04,0.5588235294117647
9af74c_2019-06,0.2465753424657534
1698cf_2019-02,0.3709677419354839
1698cf_2019-09,0.45454545454545453
bc4c03_2023-01,0.8928571428571429
2ab8ad_2020-12,0.8928571428571429
c5df88_2022-08,0.45454545454545453
c5df88_2022-09,0.3709677419354839
11f0e3_2025-08,0.5588235294117647
77c35f_2022-09,0.06666666666666667
d86999_2017-03,0.2465753424657534
d86999_2024-12,0.8928571428571429
fc9334_2015-03,0.0
b26809_2024-07,0.5588235294117647
db4cd8_2019-05,0.38461538461538464
293190_2017-05,0.3709677419354839
74fb1f_2021-09,0.45454545454545453
88a9a6_2018-12,0.06666666666666667
9b46ed_2025-03,0.8928571428571429
780a0b_2024-06,0.6744186046511629
9befc8_2023-08,0.5588235294117647
d86999_2019-01,0.8748056801163904
dbb709_2022-07,0.045454545454545456
d86999_2019-11,0.5588235294117647
b26809_2022-11,0.45454545454545453
8bd3ce_2024-01,0.6744186046511629
b26809_2021-11,0.3709677419354839
265164_2023-10,0.06741573033707865
1698cf_2018-12,0.06741573033707865
e60b65_2024-05,0.45454545454545453
a25664_2021-11,0.8928571428571429
293190_2023-11,0.5588235294117647
88a9a6_2015-01,0.045454545454545456
88a9a6_2016-10,0.0
88a9a6_2023-02,0.5
9b46ed_2022-11,0.45454545454545453
e2e0ce_2019-09,0.17142857142857143
60a0fd_2025-03,0.5588235294117647
d86999_2016-03,0.020833333333333332
98a151_2021-03,0.8928571428571429
9cf1af_2023-09,0.0
9cf1af_2024-04,0.2465753424657534
9cf1af_2025-02,0.45454545454545453
6838b9_2018-12,0.0
293190_2018-06,0.3709677419354839
293190_2021-05,0.8928571428571429
c5df88_2021-11,0.6744186046511629
9cf1af_2023-10,0.0
265164_2023-09,0.045454545454545456
f461d4_2018-12,0.3709677419354839
293190_2015-02,0.020833333333333332
c5df88_2014-12,0.06741573033707865
c5df88_2016-02,0.0
74fb1f_2023-03,0.5588235294117647
98a151_2020-10,0.9411764705882353
d86999_2025-04,0.6744186046511629
fc9334_2017-05,0.07692307692307693
fc9334_2022-04,0.45454545454545453
fc9334_2025-07,0.5588235294117647
8bd3ce_2017-04,0.2465753424657534
b26809_2019-05,0.45454545454545453
7aa803_2021-04,0.5588235294117647
780a0b_2020-08,0.8928571428571429
510fbf_2024-09,0.5
9befc8_2015-06,0.020833333333333332
fd589c_2017-03,0.3709677419354839
c5df88_2015-12,0.0
731908_2023-03,0.45454545454545453
8fb6f0_2014-03,0.0
c5816f_2019-08,0.8928571428571429
8ec563_2024-08,0.6744186046511629
8ec563_2025-03,0.8928571428571429
e361b7_2022-12,0.6666666666666666
9f1aa0_2014-12,0.0
9f1aa0_2021-12,0.3709677419354839
8ec563_2022-11,0.45454545454545453
fa8553_2025-01,0.42857142857142855
bfbeef_2022-01,0.45454545454545453
894378_2019-09,0.3709677419354839
c5816f_2021-01,0.8
bc4c03_2024-06,0.8928571428571429
780a0b_2019-11,0.5588235294117647
8fb6f0_2023-05,0.45454545454545453
9af74c_2018-06,0.06382978723404255
9af74c_2022-05,0.45454545454545453
513080_2022-06,0.045454545454545456
9f1aa0_2021-09,0.6744186046511629
bfbeef_2015-10,0.0
8fb6f0_2020-12,0.6666666666666666
c5816f_2022-09,0.45454545454545453
c5816f_2023-05,0.6666666666666666
8ec563_2021-09,0.3709677419354839
fd589c_2020-02,0.45454545454545453
bc4c03_2024-07,0.8928571428571429
513080_2023-01,0.0
fa8553_2023-05,0.020833333333333332
fa8553_2025-05,0.3709677419354839
510fbf_2022-12,0.0
bfbeef_2023-11,0.6744186046511629
8ec563_2022-12,0.8928571428571429
19fa84_2020-02,0.3709677419354839
fd589c_2019-01,0.3709677419354839
e361b7_2022-01,0.9411764705882353
c5816f_2021-05,0.8928571428571429
fd589c_2018-01,0.3709677419354839
bc4c03_2025-05,0.9411764705882353
9f1aa0_2024-12,0.45454545454545453
8fb6f0_2015-05,0.0
c5816f_2022-03,0.45454545454545453
c5816f_2025-02,0.8928571428571429
19fa84_2020-03,0.6744186046511629
513080_2022-05,0.020833333333333332
780a0b_2016-01,0.0
c5816f_2024-11,0.6744186046511629
8ec563_2014-12,0.0
9af74c_2018-12,0.45454545454545453
9af74c_2019-01,0.5588235294117647
731908_2015-07,0.020833333333333332
894378_2019-01,0.2465753424657534
19fa84_2019-09,0.8928571428571429
e4bc80_2018-05,0.2465753424657534
e4bc80_2023-10,0.8928571428571429
894378_2023-07,0.5588235294117647
894378_2024-12,0.8928571428571429
c5816f_2024-08,0.8928571428571429
731908_2014-10,0.0
bfbeef_2021-01,0.5588235294117647
894378_2018-03,0.2465753424657534
c5816f_2025-07,0.8928571428571429
fd589c_2021-10,0.5588235294117647
e361b7_2021-12,0.5588235294117647
e4bc80_2021-08,0.45454545454545453
e4bc80_2021-12,0.3709677419354839
9f1aa0_2024-06,0.5588235294117647
c5816f_2022-07,0.42857142857142855
8ec563_2019-06,0.45454545454545453
fd589c_2023-08,0.8928571428571429
510fbf_2022-10,0.085144180222174
8fb6f0_2014-09,0.045454545454545456
c5816f_2021-03,0.8928571428571429
6c1954_2024-11,0.8928571428571429
e361b7_2023-11,0.8928571428571429
513080_2023-03,0.020833333333333332
fa8553_2023-08,0.45454545454545453
11f0e3_2015-08,0.0
8ec563_2024-06,0.6744186046511629
19fa84_2022-05,0.5588235294117647
e361b7_2022-08,0.5588235294117647
77b3b9_2025-07,1.0
9f1aa0_2022-11,1.0
731908_2020-03,0.8928571428571429
894378_2024-11,0.8928571428571429
8ec563_2023-01,0.5588235294117647
e4bc80_2022-02,0.2465753424657534
9af74c_2024-03,1.0
bfbeef_2016-03,0.0
8fb6f0_2016-01,0.0
894378_2021-11,0.45454545454545453
894378_2024-03,0.5588235294117647
894378_2024-10,0.8928571428571429
c5816f_2024-04,0.5588235294117647
19fa84_2020-11,0.8
19fa84_2023-01,0.5588235294117647
9f1aa0_2018-02,0.3709677419354839
fa8553_2022-04,0.045454545454545456
510fbf_2022-07,0.045454545454545456
531356_2021-12,0.8928571428571429
c5816f_2020-03,0.8928571428571429
8ec563_2024-01,0.6744186046511629
19fa84_2025-05,0.8928571428571429
fd589c_2024-02,0.5909379320614548
e4bc80_2022-04,0.3709677419354839
9f1aa0_2020-09,0.2465753424657534
fa8553_2022-08,0.045454545454545456
894378_2024-04,0.5588235294117647
c5816f_2018-05,0.2465753424657534
19fa84_2015-03,0.020833333333333332
e361b7_2022-06,0.5588235294117647
e4bc80_2024-12,0.6744186046511629
e4bc80_2025-05,0.8928571428571429
e361b7_2020-02,0.8928571428571429
77b3b9_2024-11,1.0
513080_2024-06,0.3709677419354839
e4bc80_2021-07,0.5588235294117647
9af74c_2024-01,0.8928571428571429
9f1aa0_2024-03,0.5588235294117647
731908_2015-08,0.045454545454545456
894378_2021-03,0.8928571428571429
8ec563_2024-04,0.6744186046511629
e361b7_2025-05,0.8928571428571429
9f1aa0_2020-01,0.45454545454545453
9f1aa0_2022-03,0.3709677419354839
731908_2014-08,0.06382978723404255
19fa84_2024-03,0.6666666666666666
e4bc80_2019-03,0.2465753424657534
e4bc80_2019-04,0.2465753424657534
6c1954_2019-09,0.020833333333333332
510fbf_2024-12,0.2465753424657534
e4bc80_2020-10,0.8928571428571429
bc4c03_2019-02,0.2465753424657534
9af74c_2025-04,0.8928571428571429
9f1aa0_2015-05,0.07692307692307693
bfbeef_2025-01,0.5588235294117647
8fb6f0_2020-02,0.8928571428571429
894378_2019-03,0.17142857142857143
83894c_2019-10,0.07692307692307693
87cfea_2022-04,0.6744186046511629
9befc8_2024-10,1.0
4f2b6b_2024-11,0.06741573033707865
77e86b_2022-12,0.2465753424657534
99c11c_2024-02,0.8928571428571429
8fb6f0_2024-05,0.6744186046511629
0f9e86_2016-08,0.020833333333333332
9befc8_2017-05,0.07692307692307693
f500c5_2019-02,0.3709677419354839
83894c_2022-08,0.45454545454545453
9befc8_2019-06,0.45454545454545453
f1543b_2024-08,0.8928571428571429
f500c5_2025-01,0.5
11f0e3_2016-12,0.2465753424657534
780a0b_2021-10,0.3709677419354839
0f9e86_2021-12,0.3709677419354839
0f9e86_2025-03,0.5588235294117647
7bf5c9_2018-12,0.06741573033707865
87cfea_2024-02,0.5588235294117647
7bf5c9_2021-04,0.5588235294117647
3db670_2018-02,0.42857142857142855
99c11c_2021-11,0.45454545454545453
99c11c_2024-03,0.45454545454545453
0f9e86_2018-10,0.3709677419354839
9befc8_2020-04,0.8928571428571429
f1543b_2023-02,0.2465753424657534
c3a69f_2023-05,0.45454545454545453
0f9e86_2016-12,0.06741573033707865
0f9e86_2017-01,0.07692307692307693
7bf5c9_2022-09,0.5588235294117647
f1543b_2018-02,0.06741573033707865
87cfea_2023-03,0.3751569262080209
87cfea_2024-11,0.5588235294117647
11f0e3_2018-11,0.07692307692307693
780a0b_2023-11,0.8928571428571429
731908_2024-05,0.9411764705882353
9befc8_2022-11,0.41588565101970054
9befc8_2025-01,0.5588235294117647
f1543b_2024-03,0.5588235294117647
83894c_2024-09,0.8928571428571429
731908_2024-02,0.5
99c11c_2019-07,0.2465753424657534
8fb6f0_2025-06,0.45454545454545453
0f9e86_2022-05,0.6744186046511629
87cfea_2023-08,0.45454545454545453
731908_2018-09,0.07692307692307693
731908_2020-09,0.6744186046511629
11f0e3_2020-08,0.6682651972065767
11f0e3_2021-09,0.07692307692307693
780a0b_2015-09,0.0
780a0b_2019-01,0.38461538461538464
8fb6f0_2017-10,0.06666666666666667
7bf5c9_2021-08,0.8928571428571429
f500c5_2020-12,0.5588235294117647
f500c5_2024-11,0.5588235294117647
c3a69f_2019-11,0.45454545454545453
8fb6f0_2021-09,0.8928571428571429
9befc8_2025-02,0.6744186046511629
f500c5_2022-09,0.8928571428571429
c3a69f_2023-02,0.8928571428571429
87cfea_2023-05,0.3709677419354839
780a0b_2018-10,0.07019266296449211
8fb6f0_2019-04,0.5588235294117647
7bf5c9_2021-10,0.5588235294117647
4f2b6b_2024-06,0.06382978723404255
9befc8_2018-07,0.2465753424657534
f1543b_2023-08,0.5588235294117647
f500c5_2018-02,0.06382978723404255
f500c5_2020-05,0.45454545454545453
f500c5_2025-08,0.8928571428571429
6838b9_2019-06,0.0
87cfea_2019-01,0.06741573033707865
731908_2017-07,0.06741573033707865
731908_2017-11,0.045454545454545456
731908_2018-06,0.07692307692307693
731908_2024-11,0.8094255640487985
780a0b_2025-06,0.45454545454545453
8fb6f0_2015-02,0.0
8fb6f0_2020-11,0.5588235294117647
7bf5c9_2021-07,0.8928571428571429
f1543b_2021-04,0.45454545454545453
b1de95_2019-04,0.5588235294117647
8e41cf_2019-12,0.5588235294117647
780a0b_2017-10,0.020833333333333332
8fb6f0_2018-12,0.3766938237107566
0f9e86_2021-01,0.45454545454545453
0f9e86_2023-04,0.45454545454545453
9befc8_2016-09,0.020833333333333332
9befc8_2016-11,0.06741573033707865
9befc8_2017-02,0.06741573033707865
8fb6f0_2016-10,0.17142857142857143
f500c5_2020-11,0.5588235294117647
f500c5_2023-06,0.5588235294117647
87cfea_2020-12,0.45454545454545453
731908_2023-07,0.3826625322574458
11f0e3_2020-03,0.8928571428571429
8fb6f0_2019-02,0.45454545454545453
8fb6f0_2022-10,0.38229848211234835
8fb6f0_2017-08,0.06741573033707865
0f9e86_2017-11,0.2465753424657534
3db670_2019-06,0.9411764705882353
731908_2023-10,0.8928571428571429
0f9e86_2020-12,0.6744186046511629
f1543b_2024-05,0.6744186046511629
f1543b_2025-05,1.0
1b9e65_2025-02,0.45454545454545453
87cfea_2020-11,0.45454545454545453
87cfea_2024-07,0.45454545454545453
8e41cf_2020-08,0.6459705181090132
780a0b_2017-11,0.020833333333333332
780a0b_2022-06,0.5588235294117647
7bf5c9_2019-03,0.2465753424657534
83894c_2022-10,0.6744186046511629
8fb6f0_2023-06,0.5588235294117647
7bf5c9_2024-06,0.8928571428571429
f1543b_2024-06,0.6744186046511629
fd589c_2018-07,0.5588235294117647
e7a56d_2018-04,0.07692307692307693
e7a56d_2024-06,0.8928571428571429
4718d7_2025-02,0.6744186046511629
f461d4_2024-10,0.8928571428571429
d59611_2019-12,0.6744186046511629
14fe3a_2018-01,0.2465753424657534
1698cf_2016-03,0.0
8fabe0_2019-04,0.5588235294117647
b416b1_2015-03,0.0
b08ec1_2025-06,0.8928571428571429
34889b_2023-10,0.8928571428571429
894378_2015-08,0.0
894378_2015-11,0.0
8fabe0_2024-06,0.5588235294117647
d59611_2023-10,0.3709677419354839
d59611_2025-05,0.6744186046511629
34889b_2022-02,0.45454545454545453
14fe3a_2019-03,0.5588235294117647
c5816f_2017-02,0.45454545454545453
60a0fd_2019-04,0.38461538461538464
18defd_2023-04,0.3709677419354839
5a0174_2020-03,0.8928571428571429
14fe3a_2024-11,0.5588235294117647
fc77d0_2025-07,0.8928571428571429
77b3b9_2015-03,0.0
14fe3a_2022-11,0.8928571428571429
c48018_2019-03,0.3709677419354839
894378_2015-06,0.0
894378_2015-12,0.0
e60b65_2015-09,0.0
e361b7_2022-04,0.38461538461538464
c48018_2025-06,0.8928571428571429
b416b1_2019-01,0.06741573033707865
b416b1_2023-10,0.8928571428571429
db4cd8_2020-08,0.8928571428571429
b08ec1_2022-07,0.45454545454545453
fc77d0_2025-02,0.9411764705882353
bf6f0d_2023-08,0.8928571428571429
4718d7_2014-09,0.0
19fa84_2017-08,0.3709677419354839
8fabe0_2022-03,0.8928571428571429
6224d0_2018-06,0.06382978723404255
894378_2015-04,0.06382978723404255
e60b65_2015-10,0.0
e4bc80_2020-08,0.8928571428571429
18defd_2018-12,0.2465753424657534
5a0174_2014-07,0.020833333333333332
0874ee_2019-11,0.6666666666666666
34889b_2023-11,0.8928571428571429
b08ec1_2024-07,0.8928571428571429
db4cd8_2022-01,0.9411764705882353
b08ec1_2024-05,0.8928571428571429
90abb1_2020-03,0.9411764705882353
e4bc80_2015-03,0.020833333333333332
14fe3a_2024-12,0.8928571428571429
db4cd8_2024-10,0.8928571428571429
19fa84_2015-06,0.020833333333333332
e4bc80_2017-12,0.45454545454545453
e7a56d_2018-02,0.2465753424657534
e7a56d_2018-03,0.3709677419354839
8fabe0_2024-10,0.9411764705882353
77b3b9_2023-04,0.6744186046511629
bf6f0d_2022-07,0.5588235294117647
fc77d0_2019-09,0.5
c5816f_2015-04,0.06741573033707865
c5816f_2015-11,0.0
c48018_2019-04,0.45454545454545453
4718d7_2021-01,0.6744186046511629
db4cd8_2024-12,0.8928571428571429
175155_2015-03,0.0
14fe3a_2023-06,0.8624335281081438
b416b1_2017-01,0.3709677419354839
f461d4_2014-04,0.020722000995043278
6838b9_2024-11,0.9411764705882353
db4cd8_2014-05,0.020833333333333332
14fe3a_2021-11,0.8928571428571429
259a19_2022-08,0.5588235294117647
0ffc2d_2019-11,0.020833333333333332
c5816f_2020-09,0.8928571428571429
19fa84_2025-03,0.8928571428571429
e4bc80_2014-11,0.045454545454545456
259a19_2015-03,0.0
8005b9_2025-07,0.9411764705882353
06534f_2019-03,0.5
5a0174_2024-10,0.8928571428571429
1822ea_2015-04,0.06741573033707865
e7a56d_2015-04,0.0
4718d7_2018-03,0.3709677419354839
f461d4_2022-04,0.8928571428571429
d59611_2014-07,0.0
0874ee_2020-09,0.45454545454545453
175155_2019-09,0.3709677419354839
e4bc80_2017-07,0.3709677419354839
e7a56d_2018-05,0.17142857142857143
18defd_2015-03,0.045454545454545456
18defd_2023-06,0.45454545454545453
d59611_2019-11,0.5588235294117647
d59611_2023-12,0.9411764705882353
14fe3a_2022-03,0.6744186046511629
8005b9_2015-01,0.0
06534f_2018-02,0.5588235294117647
5a0174_2020-12,0.8928571428571429
6838b9_2019-05,0.0
375f2e_2019-08,0.5588235294117647
18defd_2025-02,0.8928571428571429
b416b1_2024-02,0.9411764705882353
db4cd8_2024-05,0.5588235294117647
8005b9_2023-04,0.6744186046511629
bf6f0d_2025-05,1.0
894378_2016-04,0.0
c48018_2019-10,0.5588235294117647
d59611_2022-10,0.6666666666666666
14fe3a_2022-02,0.8928571428571429
9af74c_2019-02,0.3709677419354839
77b3b9_2025-04,0.8928571428571429
e7a56d_2021-01,0.8928571428571429
18defd_2018-01,0.06741573033707865
18defd_2020-02,0.5588235294117647
5a0174_2018-03,0.3709677419354839
8fabe0_2018-06,0.08308828014265617
6838b9_2018-05,0.0
90abb1_2020-02,1.0
14fe3a_2019-11,0.5588235294117647
e7a56d_2025-04,0.8928571428571429
4718d7_2019-11,0.6744186046511629
8fabe0_2020-03,0.9411764705882353
34889b_2021-11,0.6744186046511629
14fe3a_2014-09,0.045454545454545456
14fe3a_2018-02,0.045454545454545456
8005b9_2024-09,0.9411764705882353
a25664_2018-06,0.06382978723404255
1822ea_2022-09,0.8928571428571429
19fa84_2018-10,0.45454545454545453
e7a56d_2025-08,0.8928571428571429
18defd_2019-09,0.45454545454545453
f461d4_2014-08,0.045454545454545456
14fe3a_2024-03,0.9411764705882353
8005b9_2022-05,0.45454545454545453
8fabe0_2014-09,0.0
fc77d0_2019-10,0.5588235294117647
2167be_2025-07,0.06382978723404255
c5816f_2018-09,0.6744186046511629
c48018_2023-05,0.42857142857142855
f461d4_2022-07,0.8928571428571429
bc4c03_2023-09,0.8928571428571429
8005b9_2025-04,0.8928571428571429
77b3b9_2022-10,0.9411764705882353
fb737b_2022-03,0.2465753424657534
db4cd8_2022-09,0.8928571428571429
90abb1_2018-04,0.06382978723404255
90abb1_2025-06,0.8928571428571429
fd589c_2014-12,0.020833333333333332
c48018_2014-08,0.020833333333333332
5a0174_2024-12,0.8928571428571429
db4cd8_2018-03,0.2465753424657534
375f2e_2024-06,0.8928571428571429
e60b65_2014-12,0.0
e4bc80_2014-09,0.020833333333333332
18defd_2023-10,0.45454545454545453
5a0174_2019-12,0.8
f461d4_2018-05,0.09337580549008477
d59611_2025-04,0.8
8005b9_2021-07,0.8928571428571429
6224d0_2017-02,0.020833333333333332
f461d4_2023-02,0.5588235294117647
34889b_2024-09,0.8928571428571429
894378_2021-08,0.8928571428571429
18defd_2018-03,0.17142857142857143
8005b9_2023-03,0.6666666666666666
375f2e_2024-08,0.8928571428571429
8fabe0_2014-05,0.0
1698cf_2022-09,0.8928571428571429
fd589c_2016-10,0.3709677419354839
e361b7_2021-05,0.8928571428571429
4718d7_2015-01,0.0
14fe3a_2014-11,0.0
375f2e_2023-06,0.5588235294117647
0ffc2d_2019-12,0.020833333333333332
5ecf9b_2023-06,0.0
7e646c_2023-02,0.06382978723404255
5a0174_2024-05,0.8928571428571429
6f5e2b_2025-06,0.5588235294117647
ab32d7_2022-12,0.0
8fabe0_2023-06,0.5588235294117647
9befc8_2017-03,0.07692307692307693
0ffc2d_2020-02,0.06382978723404255
1698cf_2024-08,0.9411764705882353
0f9e86_2018-06,0.3709677419354839
11f0e3_2016-03,0.0
7e646c_2023-03,0.045454545454545456
0ffc2d_2024-11,0.8928571428571429
6da35b_2024-11,0.2465753424657534
5ecf9b_2023-09,0.0
9befc8_2016-02,0.0
ab32d7_2022-11,0.0
8b98f3_2023-02,0.045454545454545456
74b7d1_2019-11,0.5588235294117647
7e646c_2024-09,0.2465753424657534
9befc8_2018-01,0.17142857142857143
0ffc2d_2024-03,0.8928571428571429
259a19_2023-07,0.8928571428571429
1698cf_2024-02,1.0
259a19_2025-07,0.8928571428571429
0ffc2d_2024-07,0.5588235294117647
5ecf9b_2023-02,0.06382978723404255
cd0e60_2023-03,0.45454545454545453
0ffc2d_2024-10,0.9411764705882353
8b98f3_2022-04,0.0
1698cf_2023-11,0.8928571428571429
0874ee_2015-03,0.0
77e86b_2023-07,0.5588235294117647
8fabe0_2025-04,0.8928571428571429
7e646c_2025-05,0.2465753424657534
8fabe0_2024-08,0.6744186046511629
0f9e86_2015-10,0.0
0ffc2d_2023-09,0.2465753424657534
259a19_2023-06,0.8928571428571429
6da35b_2022-10,0.020833333333333332
0f9e86_2016-03,0.0
6da35b_2023-05,0.045454545454545456
74b7d1_2018-12,0.2465753424657534
8fabe0_2024-03,0.8928571428571429
439fde_2019-09,0.45454545454545453
8d0588_2024-03,0.8928571428571429
b59bc0_2014-12,0.045454545454545456
b0ff51_2021-02,0.5588235294117647
8d0588_2019-12,0.8928571428571429
87cfea_2025-04,0.5588235294117647
b59bc0_2019-12,0.8928571428571429
b59bc0_2021-04,0.9411764705882353
b59bc0_2023-12,0.8928571428571429
b59bc0_2025-03,0.8928571428571429
b0ff51_2014-08,0.06741573033707865
b0ff51_2020-11,0.8914593113497153
c3a69f_2023-04,0.37830945053959325
b59bc0_2016-09,0.5588235294117647
b0ff51_2025-01,1.0
c3a69f_2018-03,0.06741573033707865
8d0588_2018-01,0.5688691989282736
b59bc0_2020-10,0.8928571428571429
b0ff51_2014-11,0.06457577982955888
b0ff51_2020-12,0.8928571428571429
b59bc0_2023-04,0.8928571428571429
b59bc0_2024-05,0.9411764705882353
b0ff51_2023-03,0.6744186046511629
b0ff51_2018-10,0.8928571428571429
8d0588_2018-10,0.8928571428571429
b59bc0_2022-01,0.8928571428571429
b0ff51_2017-06,0.8928571428571429
439fde_2023-07,0.3709677419354839
c3a69f_2018-01,0.045454545454545456
77e86b_2025-08,0.8928571428571429
8d0588_2022-07,0.6744186046511629
b59bc0_2017-02,0.45454545454545453
b59bc0_2018-12,0.6744186046511629
b0ff51_2021-04,0.8928571428571429
b59bc0_2024-03,0.8928571428571429
b0ff51_2025-07,1.0
0cecbd_2018-01,0.06741573033707865
8d0588_2018-12,0.6744186046511629
b59bc0_2022-07,0.9411764705882353
c3a69f_2019-04,0.14285714285714285
83894c_2018-02,0.0
8d0588_2014-09,0.06382978723404255
8d0588_2014-10,0.06382978723404255
8d0588_2025-08,0.9411764705882353
b59bc0_2019-09,0.5588235294117647
8d0588_2021-06,0.5588235294117647
b59bc0_2020-07,1.0
0874ee_2015-01,0.020833333333333332
b59bc0_2016-12,0.6744186046511629
b0ff51_2019-11,0.8928571428571429
439fde_2018-03,0.06741573033707865
8d0588_2023-08,0.6744186046511629
b59bc0_2024-04,0.9411764705882353
b59bc0_2025-04,0.9411764705882353
b0ff51_2019-03,0.5588235294117647
0874ee_2020-11,0.8928571428571429
b0ff51_2020-06,0.9411764705882353
8d0588_2022-10,0.5588235294117647
b59bc0_2022-02,0.6744186046511629
b0ff51_2023-02,0.6744186046511629
8d0588_2014-08,0.06382978723404255
8d0588_2018-06,0.6666666666666666
8d0588_2019-06,0.6744186046511629
b59bc0_2020-03,0.8928571428571429
b0ff51_2019-08,0.5588235294117647
8d0588_2014-11,0.045454545454545456
8d0588_2021-10,1.0
a97df3_2019-05,0.020833333333333332
dc4b5e_2023-02,0.06741573033707865
a97df3_2022-06,0.06666666666666667
b416b1_2024-04,1.0
99c11c_2019-12,0.06741573033707865
b416b1_2021-05,0.8928571428571429
99c11c_2023-05,0.3709677419354839
7aa803_2015-04,0.020833333333333332
83894c_2020-01,0.06741573033707865
8005b9_2021-09,0.8928571428571429
7199cf_2025-08,0.3709677419354839
db4cd8_2015-04,0.06382978723404255
dc4b5e_2019-11,0.045454545454545456
99c11c_2022-10,0.3709677419354839
db4cd8_2021-04,0.8928571428571429
99c11c_2018-03,0.0
fc77d0_2018-06,0.17142857142857143
fc77d0_2023-05,0.6744186046511629
175155_2025-08,0.6744186046511629
34889b_2015-03,0.0
1698cf_2024-05,1.0
8fabe0_2023-07,0.8928571428571429
259a19_2025-06,0.9411764705882353
532867_2023-12,0.045454545454545456
e60b65_2018-05,0.0
265164_2024-03,0.020833333333333332
987bc1_2017-02,0.2465753424657534
74b7d1_2024-07,0.6744186046511629
94f933_2024-02,0.0
987bc1_2025-05,0.8
92dcdd_2022-03,0.14285714285714285
5a0174_2019-09,0.5588235294117647
532867_2024-09,0.020833333333333332
ab32d7_2025-01,0.2465753424657534
a42d13_2018-10,0.5588235294117647
1698cf_2023-03,0.8928571428571429
e60b65_2017-03,0.5
5a0174_2022-01,0.8928571428571429
8fabe0_2025-06,0.6744186046511629
6f5e2b_2023-05,0.8928571428571429
a25664_2016-07,0.0
f25ffe_2024-07,0.020833333333333332
175155_2018-04,0.06666666666666667
7199cf_2024-03,0.06666666666666667
6f5e2b_2020-11,0.8928571428571429
74b7d1_2024-11,0.6744186046511629
1822ea_2019-04,0.3709677419354839
ab32d7_2025-04,0.2465753424657534
fb737b_2023-04,0.11607928770597495
e60b65_2023-12,1.0
259a19_2021-07,0.8928571428571429
259a19_2025-05,0.8928571428571429
f461d4_2021-12,0.9411764705882353
175155_2025-04,0.8928571428571429
5ecf9b_2025-08,0.17142857142857143
92dcdd_2019-06,0.0
fb737b_2022-07,0.3709677419354839
8fabe0_2023-02,0.5108717667435715
987bc1_2024-06,0.8928571428571429
4fb2d3_2023-11,1.0
f25ffe_2025-03,0.020833333333333332
92dcdd_2023-01,0.8928571428571429
a42d13_2022-11,0.8928571428571429
fc77d0_2021-09,0.8928571428571429
9af74c_2024-04,1.0
4718d7_2022-04,0.8928571428571429
4718d7_2022-12,0.8928571428571429
fb737b_2022-09,0.3709677419354839
8fabe0_2020-12,0.8928571428571429
7199cf_2024-06,0.06741573033707865
fc77d0_2020-03,0.8928571428571429
e60b65_2024-12,0.9411764705882353
a42d13_2023-05,0.45454545454545453
6224d0_2018-02,0.06382978723404255
6f5e2b_2020-01,0.8928571428571429
532867_2025-07,0.020833333333333332
8b98f3_2023-05,0.0
6838b9_2023-07,0.6744186046511629
6da35b_2023-10,0.045454545454545456
265164_2024-06,0.020833333333333332
4ee2d2_2025-01,0.0
ab32d7_2023-02,0.06701099816639818
5ecf9b_2024-08,0.1665077310225613
6838b9_2021-09,0.2465753424657534
a42d13_2018-11,0.6744186046511629
8b98f3_2025-01,0.17142857142857143
0874ee_2018-04,0.06741573033707865
987bc1_2020-09,0.6744186046511629
92dcdd_2020-07,0.17142857142857143
987bc1_2021-07,0.9411764705882353
439fde_2017-06,0.45454545454545453
0874ee_2019-05,0.17142857142857143
a42d13_2020-02,0.8928571428571429
a42d13_2021-08,0.8928571428571429
8fabe0_2021-10,0.9411764705882353
4f2b6b_2022-08,0.020833333333333332
022433_2025-04,0.45454545454545453
4fb2d3_2021-10,0.6744186046511629
4fb2d3_2024-06,0.8811217997570482
a42d13_2025-08,0.7258599268761107
6f5e2b_2022-03,0.9411764705882353
5ecf9b_2024-04,0.45454545454545453
8fabe0_2019-07,0.5588235294117647
f461d4_2022-02,0.8928571428571429
ab32d7_2024-10,0.2483765266705576
987bc1_2022-09,0.5
6f5e2b_2021-07,0.9411764705882353
6f5e2b_2022-11,0.5588235294117647
5ecf9b_2023-07,0.0
5ecf9b_2024-02,0.0
92dcdd_2022-07,0.3709677419354839
1b9e65_2022-08,0.8928571428571429
e60b65_2014-06,0.0
a25664_2016-05,0.0
90abb1_2021-10,1.0
1698cf_2019-06,0.45454545454545453
5ecf9b_2024-11,0.06741573033707865
0874ee_2014-08,0.020833333333333332
a25664_2016-12,0.07692307692307693
375f2e_2025-02,0.8928571428571429
c48018_2014-05,0.020833333333333332
90abb1_2022-06,0.5588235294117647
375f2e_2022-04,0.6744186046511629
bf6f0d_2018-01,0.2465753424657534
1822ea_2023-04,0.6744186046511629
92dcdd_2024-12,0.8928571428571429
77b3b9_2024-04,0.8928571428571429
6224d0_2021-07,0.9411764705882353
e60b65_2016-05,0.3709677419354839
4f2b6b_2024-12,0.06382978723404255
0f9e86_2024-03,0.6666666666666666
34889b_2014-10,0.0
987bc1_2017-05,0.3709677419354839
b416b1_2018-03,0.2465753424657534
bc4c03_2025-01,1.0
375f2e_2023-11,1.0
375f2e_2023-03,1.0
bf6f0d_2022-04,0.5588235294117647
11f0e3_2022-12,0.3709677419354839
90abb1_2018-05,0.06668022096382376
77b3b9_2022-12,0.8928571428571429
fb34b4_2024-09,0.2465753424657534
90abb1_2018-01,0.17142857142857143
1822ea_2024-12,1.0
fc77d0_2014-12,0.0
fc77d0_2020-12,0.8928571428571429
948a11_2025-03,0.5588235294117647
bf6f0d_2020-07,0.5588235294117647
1822ea_2021-10,1.0
375f2e_2021-06,1.0
9befc8_2024-04,0.5588235294117647
fc77d0_2024-07,0.6744186046511629
4f2b6b_2022-11,0.06666666666666667
bf6f0d_2019-04,0.45454545454545453
90abb1_2023-10,0.8928571428571429
375f2e_2015-03,0.0
375f2e_2020-07,1.0
6f5e2b_2022-12,0.8928571428571429
34889b_2024-02,0.8928571428571429
b416b1_2017-04,0.45454545454545453
b416b1_2018-12,0.07692307692307693
34889b_2014-03,0.0
375f2e_2021-04,1.0
948a11_2022-12,0.0
bf6f0d_2024-08,0.8928571428571429
375f2e_2024-03,1.0
259a19_2021-09,0.8928571428571429
e60b65_2016-09,0.4307123357189722
77b3b9_2024-09,0.8928571428571429
fb737b_2021-04,0.0
1822ea_2018-02,0.06741573033707865
1822ea_2025-03,0.8928571428571429
375f2e_2022-10,0.45454545454545453
e60b65_2023-06,0.45454545454545453
1822ea_2024-11,0.8928571428571429
375f2e_2022-01,0.8928571428571429
375f2e_2025-03,0.9411764705882353
531356_2025-01,0.8928571428571429
29849f_2015-02,0.0
e83244_2022-07,0.8928571428571429
829a72_2014-08,0.06661864862927765
829a72_2016-04,0.0
db5006_2016-03,0.0
e83244_2016-05,0.020833333333333332
e83244_2018-06,0.3709677419354839
db5006_2019-01,0.3709677419354839
545d15_2020-06,0.0
f4604d_2021-01,0.8928571428571429
f4604d_2023-04,0.3709677419354839
1b9e65_2019-06,0.45454545454545453
1b9e65_2023-04,0.3709677419354839
987bc1_2025-03,1.0
531356_2024-07,0.8928571428571429
0cecbd_2014-12,0.020833333333333332
f4604d_2025-01,0.8928571428571429
531356_2022-03,0.8928571428571429
e2314a_2016-09,0.020833333333333332
e2314a_2020-12,0.8928571428571429
e83244_2020-01,0.8928571428571429
b1de95_2020-02,0.8928571428571429
98a151_2014-05,0.0
98a151_2014-06,0.020833333333333332
3a13b3_2023-10,1.0
e2314a_2015-02,0.0
e2314a_2023-02,0.9411764705882353
e2314a_2024-07,0.8928571428571429
7a007d_2019-09,0.3709677419354839
db5006_2022-12,0.8928571428571429
b73bc7_2025-02,0.6744186046511629
f4604d_2022-12,0.45454545454545453
531356_2019-02,0.2465753424657534
e2314a_2023-10,0.9972854574871666
e2314a_2024-05,0.6744186046511629
e83244_2018-07,0.2465753424657534
e83244_2020-03,0.9411764705882353
0cecbd_2025-06,0.6744186046511629
531356_2025-05,0.8928571428571429
e2314a_2022-12,0.8928571428571429
e2314a_2025-03,0.8928571428571429
e83244_2019-07,0.8928571428571429
e83244_2024-09,1.0
0cecbd_2021-06,0.5588235294117647
3a13b3_2023-05,1.0
f4604d_2021-07,0.8928571428571429
1b9e65_2021-05,0.8928571428571429
7a007d_2024-05,0.45454545454545453
531356_2015-02,0.020833333333333332
e2314a_2018-03,0.07692307692307693
e83244_2020-02,0.8928571428571429
e83244_2022-11,1.0
829a72_2014-10,0.0
f4604d_2023-08,0.5588235294117647
6224d0_2025-08,0.8
987bc1_2021-03,0.8928571428571429
e2314a_2017-10,0.2465753424657534
29849f_2024-11,0.8928571428571429
987bc1_2020-05,0.8928571428571429
29849f_2024-03,0.8928571428571429
db5006_2018-11,0.3709677419354839
1b9e65_2018-03,0.2465753424657534
545d15_2020-11,0.2465753424657534
e2314a_2023-09,0.6666666666666666
e3af0e_2014-10,0.020833333333333332
60a0fd_2022-02,0.42857142857142855
f4604d_2024-05,0.8928571428571429
06534f_2025-02,0.8928571428571429
29849f_2024-09,0.8928571428571429
e83244_2021-11,1.0
e83244_2023-12,0.6666666666666666
e83244_2024-03,0.8928571428571429
98a151_2014-11,0.0
b1de95_2024-06,1.0
db5006_2024-12,0.8928571428571429
f4604d_2022-06,0.5588235294117647
531356_2022-01,0.8928571428571429
531356_2025-07,0.8928571428571429
f1543b_2017-08,0.2465753424657534
e83244_2017-07,0.3709677419354839
829a72_2015-08,0.020833333333333332
0cecbd_2016-05,0.0
29849f_2020-02,0.45454545454545453
3db670_2018-01,0.5588235294117647
db5006_2021-11,0.8928571428571429
1b9e65_2019-10,0.4838422559734928
e2314a_2018-07,0.14285714285714285
06534f_2025-08,1.0
6224d0_2024-06,0.6744186046511629
e2314a_2019-07,0.8928571428571429
29849f_2018-05,0.07692307692307693
e3af0e_2015-04,0.0
60a0fd_2018-04,0.2465753424657534
db5006_2016-05,0.0
db5006_2018-02,0.06382978723404255
db5006_2023-05,0.8928571428571429
1b9e65_2024-06,1.0
e2314a_2024-04,0.6666666666666666
e83244_2016-04,0.0
88a9a6_2015-12,0.0
e3af0e_2014-04,0.06382978723404255
0cecbd_2023-04,0.5588235294117647
e2314a_2021-04,0.9411764705882353
e83244_2019-09,0.5588235294117647
98a151_2018-04,0.45454545454545453
c580aa_2023-08,1.0
f4604d_2023-09,0.6744186046511629
531356_2016-10,0.17142857142857143
531356_2019-07,0.45454545454545453
29849f_2025-06,0.8928571428571429
db5006_2019-02,0.06741573033707865
e2314a_2017-11,0.06741573033707865
60a0fd_2014-09,0.025486955549747503
29849f_2019-02,0.2465753424657534
e83244_2015-09,0.0
e83244_2019-02,0.13939642881655756
06534f_2024-05,1.0
98a151_2014-10,0.0
f4604d_2022-01,0.8928571428571429
6da35b_2024-04,0.045454545454545456
7a007d_2017-06,0.3709677419354839
175155_2018-10,0.3709677419354839
af81b0_2019-02,0.2465753424657534
022433_2021-10,0.0
022433_2024-02,0.07692307692307693
7e646c_2025-04,0.3709677419354839
022433_2023-07,0.3709677419354839
531356_2019-06,0.38461538461538464
7a007d_2018-10,0.3709677419354839
731908_2017-12,0.020833333333333332
022433_2024-07,0.2465753424657534
7a007d_2024-10,0.45454545454545453
d86999_2020-08,0.5588235294117647
f500c5_2019-12,0.3709677419354839
c580aa_2019-06,0.8928571428571429
c5816f_2017-11,0.45454545454545453
531356_2024-11,1.0
6da35b_2025-07,0.3709677419354839
531356_2024-10,1.0
98a151_2022-08,0.45454545454545453
022433_2021-09,0.0
af81b0_2014-12,0.06741573033707865
fa8553_2021-10,0.020833333333333332
022433_2021-07,0.020833333333333332
f4604d_2019-07,0.3709677419354839
531356_2025-08,0.8928571428571429
c580aa_2019-05,0.9411764705882353
7a007d_2015-02,0.0
e83244_2021-02,0.9411764705882353
dc4b5e_2023-08,0.3709677419354839
fb34b4_2024-07,0.3709677419354839
af81b0_2014-05,0.0
83894c_2017-04,0.0
531356_2016-07,0.0
1822ea_2024-06,0.8928571428571429
77b3b9_2014-11,0.06741573033707865
f4604d_2025-03,1.0
dc4b5e_2024-06,0.8928571428571429
dc4b5e_2024-08,0.8928571428571429
1bdb97_2024-05,0.17142857142857143
4ee2d2_2024-05,0.0
424c1b_2025-08,0.0
1698cf_2017-02,0.2465753424657534
1822ea_2019-08,0.5588235294117647
29849f_2017-12,0.45454545454545453
531356_2016-05,0.0
424c1b_2024-12,0.0
b1de95_2019-08,0.8928571428571429
424c1b_2025-05,0.020833333333333332
90abb1_2019-06,0.45454545454545453
f4d28d_2025-05,0.06382978723404255
6224d0_2020-12,0.8928571428571429
4ee2d2_2025-07,0.0
f4604d_2017-08,0.3709677419354839
bf6f0d_2022-01,1.0
b08ec1_2022-12,0.45454545454545453
265164_2024-07,0.0
948a11_2022-05,0.0
4fb2d3_2017-02,0.17142857142857143
1bdb97_2025-06,0.06666666666666667
90abb1_2021-11,1.0
af81b0_2017-02,0.14285714285714285
dc4b5e_2024-05,0.8928571428571429
db5006_2021-07,0.8928571428571429
9af74c_2020-03,1.0
424c1b_2025-01,0.0
29849f_2018-09,0.2465753424657534
1822ea_2016-07,0.020833333333333332
1bdb97_2023-11,0.45454545454545453
fb737b_2021-05,0.020833333333333332
531356_2020-10,0.8928571428571429
8005b9_2018-02,0.06382978723404255
531356_2016-06,0.0
531356_2019-08,0.5588235294117647
db5006_2018-07,0.3709677419354839
74b7d1_2023-03,0.6744186046511629
531356_2017-01,0.2465753424657534
bc4c03_2015-04,0.06741573033707865
af81b0_2019-06,0.45454545454545453
f4604d_2017-05,0.45454545454545453
dc4b5e_2023-05,0.17142857142857143
b73bc7_2019-07,1.0
531356_2016-03,0.0
b08ec1_2023-01,0.5588235294117647
429b22_2025-03,0.0
1822ea_2019-03,0.5588235294117647
6838b9_2023-11,0.9411764705882353
293190_2020-09,0.8928571428571429
7aa803_2020-04,0.5017614794642533
88a9a6_2020-07,0.6112018944013952
bc4c03_2025-02,0.9411764705882353
9af74c_2015-02,0.0
e7a56d_2017-08,0.2465753424657534
3db670_2019-01,0.8928571428571429
9b46ed_2019-07,0.3709677419354839
9b46ed_2020-04,0.45454545454545453
375f2e_2016-05,0.0
9b46ed_2018-11,0.3709677419354839
e2e0ce_2020-04,0.5
c5df88_2017-12,0.2465753424657534
c5df88_2026-02,0.8928571428571429
4fb2d3_2016-10,0.06864504366278247
9b46ed_2018-07,0.3709677419354839
0ffc2d_2021-07,0.020833333333333332
1bdb97_2021-10,0.06382978723404255
1bdb97_2024-04,0.38461538461538464
e3af0e_2018-08,0.45454545454545453
14fe3a_2018-10,0.45454545454545453
829a72_2024-09,1.0
90abb1_2018-02,0.020833333333333332
9b46ed_2017-03,0.3709677419354839
18defd_2023-02,0.5588235294117647
2ab8ad_2025-04,0.9411764705882353
c5df88_2024-11,0.8928571428571429
0ffc2d_2021-03,0.06741573033707865
6838b9_2020-08,0.2465753424657534
9b46ed_2020-07,0.45454545454545453
7aa803_2020-02,0.45454545454545453
7aa803_2020-10,0.3844030518081227
8fabe0_2023-04,0.6744186046511629
a42d13_2014-08,0.0
2ab8ad_2020-01,0.45454545454545453
88a9a6_2016-05,0.020833333333333332
1822ea_2017-07,0.45454545454545453
6838b9_2020-12,0.2465753424657534
db4cd8_2023-10,0.9411764705882353
af81b0_2019-10,0.5588235294117647
293190_2020-05,0.8928571428571429
cd0e60_2020-12,0.020833333333333332
6838b9_2022-09,0.45454545454545453
259a19_2022-09,0.8928571428571429
c5df88_2020-07,0.8928571428571429
88a9a6_2019-12,0.45454545454545453
5a0174_2022-06,0.8928571428571429
0cecbd_2020-09,0.9411764705882353
9b46ed_2020-05,0.3709677419354839
4fb2d3_2024-09,0.6744186046511629
f500c5_2022-02,0.5588235294117647
2ab8ad_2018-06,0.17142857142857143
c5df88_2024-03,0.8928571428571429
7aa803_2020-03,0.5588235294117647
88a9a6_2021-02,0.8928571428571429
f1543b_2019-01,0.06741573033707865
88a9a6_2019-10,0.17142857142857143
8fabe0_2021-08,0.8928571428571429
60a0fd_2022-06,0.6744186046511629
c5df88_2025-02,0.8928571428571429
74fb1f_2020-08,0.6744186046511629
d59611_2024-07,0.5588235294117647
0e8d73_2023-05,0.045454545454545456
6838b9_2019-02,0.0
88a9a6_2016-06,0.0
a25664_2022-04,0.5588235294117647
6838b9_2019-11,0.06741573033707865
f461d4_2019-07,0.5588235294117647
9b46ed_2019-05,0.14285714285714285
e2e0ce_2020-06,0.45454545454545453
e2e0ce_2020-10,0.45454545454545453
74fb1f_2020-02,0.5588235294117647
3a13b3_2025-05,1.0
e2e0ce_2020-09,0.45454545454545453
74fb1f_2020-11,0.5588235294117647
0e8d73_2024-03,0.020833333333333332
7a007d_2018-05,0.07692307692307693
829a72_2019-12,0.8097094691091877
1996b0_2023-03,0.0
1996b0_2023-11,0.0
60a0fd_2019-08,0.45454545454545453
f500c5_2014-12,0.0
731908_2018-03,0.06666666666666667
1996b0_2024-09,0.2465753424657534
1996b0_2024-07,0.020833333333333332
e3af0e_2018-10,0.45454545454545453
1996b0_2023-04,0.0
f1543b_2020-07,0.45454545454545453
f1543b_2015-04,0.0
e2314a_2020-04,1.0
29849f_2017-01,0.2465753424657534
fb34b4_2023-06,0.045454545454545456
f1543b_2019-10,0.8928571428571429
429b22_2025-06,0.020833333333333332
c580aa_2023-10,0.8928571428571429
948a11_2022-06,0.0
fb737b_2021-08,0.020833333333333332
fb737b_2021-10,0.45454545454545453
f500c5_2020-02,0.5588235294117647
9af74c_2015-10,0.020833333333333332
e83244_2020-05,0.8928571428571429
4f2b6b_2025-06,0.06741573033707865
e83244_2020-07,0.8928571428571429
c580aa_2015-01,0.06382978723404255
e2314a_2022-04,0.8928571428571429
d59611_2020-10,0.8928571428571429
11f0e3_2014-12,0.020833333333333332
92dcdd_2024-02,0.9411764705882353
11f0e3_2020-06,0.5588235294117647
f1543b_2019-07,0.3709677419354839
29849f_2025-09,0.8928571428571429
7bf5c9_2019-10,0.45454545454545453
545d15_2021-04,0.2465753424657534
6224d0_2020-03,0.9411764705882353
9af74c_2018-11,0.45454545454545453
e7a56d_2015-08,0.0
259a19_2017-04,0.3709677419354839
8005b9_2017-06,0.5588235294117647
06534f_2015-09,0.0
3db670_2024-10,1.0
c48018_2017-03,0.2465753424657534
4718d7_2015-11,0.0
3a13b3_2023-11,0.8928571428571429
4718d7_2016-03,0.2465753424657534
4718d7_2016-01,0.0
6f5e2b_2017-04,0.3709677419354839
98a151_2016-06,0.2465753424657534
7a007d_2021-12,0.8928571428571429
a97df3_2019-07,0.020833333333333332
8fabe0_2021-04,0.8928571428571429
7a007d_2015-09,0.020833333333333332
1822ea_2018-10,0.2465753424657534
7a007d_2020-05,0.45454545454545453
90abb1_2021-05,1.0
77b3b9_2015-04,0.06741573033707865
1bdb97_2024-06,0.17142857142857143
bf6f0d_2015-06,0.020833333333333332
8005b9_2017-08,0.45454545454545453
b08ec1_2016-05,0.06741573033707865
7a007d_2021-07,0.6744186046511629
bf6f0d_2019-10,0.6744186046511629
7a007d_2015-06,0.020833333333333332
829a72_2016-05,0.0
375f2e_2018-10,0.2465753424657534
18defd_2016-12,0.3709677419354839
b08ec1_2017-04,0.45454545454545453
77b3b9_2022-01,1.0
7199cf_2023-07,0.06401806188352979
7a007d_2020-12,0.6744186046511629
1822ea_2024-09,1.0
bf6f0d_2015-08,0.0
d59611_2016-01,0.0
1bdb97_2023-07,0.2465753424657534
7a007d_2020-11,0.8928571428571429
3db670_2022-07,0.9411764705882353
b73bc7_2025-03,0.8928571428571429
7a007d_2023-10,0.8928571428571429
e7a56d_2021-07,0.8928571428571429
bf6f0d_2020-11,0.8928571428571429
4718d7_2018-09,0.5588235294117647
bf6f0d_2017-06,0.3709677419354839
a42d13_2017-08,0.37624552219380775
b0ff51_2020-05,0.9411764705882353
fb737b_2020-03,0.045454545454545456
b0ff51_2020-07,0.9411764705882353
af81b0_2024-02,0.45454545454545453
77b3b9_2016-06,0.17142857142857143
34889b_2021-07,0.9411764705882353
b73bc7_2023-06,0.9411764705882353
af81b0_2023-12,0.6744186046511629
af81b0_2025-05,0.5588235294117647
8005b9_2021-03,0.9411764705882353
293190_2016-04,0.020833333333333332
a97df3_2023-04,0.3709677419354839
a97df3_2022-01,0.17142857142857143
9befc8_2020-10,0.8928571428571429
375f2e_2021-05,1.0
948a11_2022-01,0.0
fc77d0_2021-04,0.8928571428571429
4fb2d3_2020-04,0.9411764705882353
375f2e_2021-02,1.0
af81b0_2025-06,0.5588235294117647
439fde_2021-07,0.8928571428571429
829a72_2022-05,0.8928571428571429
fb34b4_2022-07,0.06666666666666667
259a19_2025-09,0.6744186046511629
439fde_2016-07,0.020833333333333332
f461d4_2020-06,0.8928571428571429
92dcdd_2018-08,0.045454545454545456
439fde_2016-06,0.0
f500c5_2019-07,0.3709677419354839
b1de95_2018-06,0.5588235294117647
6f5e2b_2021-05,0.9411764705882353
2ab8ad_2015-09,0.0
e60b65_2017-10,0.2465753424657534
fd589c_2015-10,0.0
1bdb97_2024-02,0.45454545454545453
77e86b_2016-04,0.0
6838b9_2021-03,0.06741573033707865
fd589c_2015-12,0.0
8fabe0_2015-12,0.0
a42d13_2018-08,0.5588235294117647
5a0174_2016-05,0.020833333333333332
db4cd8_2017-07,0.2465753424657534
d59611_2020-04,0.8928571428571429
6c1954_2020-04,0.06741573033707865
6c1954_2020-11,0.06741573033707865
8005b9_2020-08,0.9411764705882353
b73bc7_2017-02,0.38461538461538464
b73bc7_2024-12,1.0
d59611_2017-05,0.45454545454545453
cd0e60_2019-10,0.06741573033707865
a42d13_2018-09,0.45454545454545453
fc77d0_2017-06,0.3709677419354839
34889b_2016-09,0.5
db4cd8_2017-06,0.2465753424657534
fb737b_2020-11,0.020833333333333332
b416b1_2016-07,0.06666666666666667
9af74c_2018-09,0.45454545454545453
af81b0_2015-05,0.0
af81b0_2020-06,0.45454545454545453
fb737b_2020-06,0.06382978723404255
1822ea_2020-05,0.9411764705882353
f461d4_2017-06,0.42857142857142855
77b3b9_2018-07,0.2465753424657534
a25664_2018-10,0.3709677419354839
cd0e60_2025-02,0.8
c5df88_2017-03,0.45454545454545453
3db670_2016-02,0.0
cd0e60_2023-10,0.42857142857142855
c3a69f_2016-12,0.06382978723404255
cd0e60_2024-01,0.45454545454545453
cd0e60_2024-05,0.5
cd0e60_2024-07,0.5
2ab8ad_2018-07,0.45454545454545453
fb34b4_2025-01,0.45454545454545453
cd0e60_2024-12,0.6744186046511629
8005b9_2016-09,0.07692307692307693
bf6f0d_2017-05,0.5588235294117647
375f2e_2016-06,0.020833333333333332
7bf5c9_2017-10,0.2465753424657534
74b7d1_2017-05,0.17142857142857143
34889b_2020-12,0.8928571428571429
8005b9_2016-05,0.06741573033707865
77b3b9_2016-01,0.0
19fa84_2017-11,0.2465753424657534
8ec563_2014-06,0.045454545454545456
6224d0_2017-08,0.07692307692307693
c5816f_2018-11,0.6744186046511629
8fabe0_2015-07,0.0
c5816f_2015-06,0.020833333333333332
77b3b9_2015-10,0.0
19fa84_2018-07,0.45454545454545453
175155_2015-07,0.0
db4cd8_2015-12,0.0
e3af0e_2017-06,0.06741573033707865
fd589c_2018-11,0.5588235294117647
e3af0e_2017-08,0.3709677419354839
8005b9_2015-10,0.0
f1543b_2016-01,0.0
a25664_2016-03,0.0
a97df3_2022-03,0.3709677419354839
b08ec1_2018-11,0.45454545454545453
b08ec1_2020-06,0.8928571428571429
dc4b5e_2020-12,0.06741573033707865
b08ec1_2021-03,0.8928571428571429
dc4b5e_2020-10,0.06741573033707865
dc4b5e_2021-05,0.6744186046511629
88a9a6_2020-05,0.8928571428571429
9b46ed_2017-09,0.3709677419354839
c5df88_2018-08,0.3709677419354839
34889b_2018-09,0.5588235294117647
8005b9_2017-03,0.5588235294117647
dc4b5e_2020-06,0.06741573033707865
2ab8ad_2017-12,0.42857142857142855
b1de95_2018-01,0.6744186046511629
0cecbd_2016-09,0.0
b73bc7_2020-09,1.0
3db670_2022-06,0.8928571428571429
a97df3_2021-05,0.45454545454545453
b1de95_2021-08,0.9411764705882353
0cecbd_2017-01,0.3709677419354839
3db670_2020-04,1.0
b73bc7_2021-05,0.8928571428571429
b1de95_2021-10,1.0
c580aa_2021-10,0.9411764705882353
3db670_2017-03,0.8928571428571429
3db670_2021-01,0.9411764705882353
175155_2015-10,0.0
1822ea_2015-11,0.0
3a13b3_2020-10,1.0
3a13b3_2020-11,1.0
3db670_2020-09,1.0
3db670_2022-09,0.9411764705882353
3db670_2016-09,0.06741573033707865
531356_2015-09,0.0
c580aa_2021-09,0.9411764705882353
3a13b3_2018-08,0.6666666666666666
06534f_2018-11,0.8928571428571429
a42d13_2015-08,0.06741573033707865
8ec563_2020-08,0.8928571428571429
92dcdd_2020-05,0.0
d59611_2015-09,0.0
6224d0_2018-07,0.2465753424657534
9f1aa0_2017-01,0.45454545454545453
0874ee_2020-05,0.8928571428571429
3a13b3_2023-02,0.9411764705882353
b1de95_2022-07,1.0
b73bc7_2022-02,0.9411764705882353
c580aa_2021-08,0.9411764705882353
98a151_2015-07,0.020833333333333332
b1de95_2023-09,1.0
c580aa_2022-01,0.9859008011588539
b73bc7_2022-01,0.9411764705882353
98a151_2016-03,0.2465753424657534
af81b0_2021-03,0.8928571428571429
af81b0_2022-12,0.5588235294117647
af81b0_2021-05,0.8928571428571429
af81b0_2020-09,0.8928571428571429
af81b0_2020-08,0.8928571428571429
8fabe0_2016-04,0.2465753424657534
e60b65_2021-06,0.8928571428571429
e60b65_2020-03,0.8928571428571429
0f9e86_2014-10,0.0
8005b9_2021-01,0.8928571428571429
3a13b3_2015-11,0.020833333333333332
1996b0_2024-11,0.3709677419354839
6224d0_2015-06,0.06382978723404255
e60b65_2019-09,0.6744186046511629
1996b0_2024-12,0.2465753424657534
3a13b3_2017-08,0.17142857142857143
e60b65_2021-08,0.8928571428571429
9af74c_2018-08,0.45454545454545453
d59611_2020-12,0.8928571428571429
db4cd8_2021-03,0.8928571428571429
db4cd8_2020-10,0.6666666666666666
6224d0_2018-09,0.3709677419354839
510fbf_2023-09,0.0
14fe3a_2025-09,0.8928571428571429
5a0174_2016-12,0.2465753424657534
1822ea_2015-08,0.020833333333333332
60a0fd_2017-07,0.3709677419354839
e3af0e_2017-01,0.2465753424657534
90abb1_2016-11,0.5588235294117647
c3a69f_2015-09,0.0
90abb1_2015-10,0.0
b416b1_2020-08,0.9411764705882353
6224d0_2017-09,0.2465753424657534
6f5e2b_2016-06,0.3709677419354839
db4cd8_2016-10,0.2465753424657534
d59611_2017-11,0.2465753424657534
bf6f0d_2025-09,0.8928571428571429
14fe3a_2016-04,0.020833333333333332
4fb2d3_2016-01,0.0
14fe3a_2016-10,0.45454545454545453
4fb2d3_2015-12,0.0
db4cd8_2018-11,0.45454545454545453
293190_2016-08,0.2465753424657534
f1543b_2016-04,0.2465753424657534
9b46ed_2024-05,0.9411764705882353
8fb6f0_2020-06,0.6744186046511629
f1543b_2018-08,0.5
f1543b_2018-10,0.45454545454545453
7bf5c9_2016-07,0.2465753424657534
7bf5c9_2025-08,0.8928571428571429
9af74c_2020-04,1.0
b0ff51_2018-07,0.6744186046511629
b08ec1_2015-11,0.0
77b3b9_2015-05,0.0
4718d7_2017-11,0.06741573033707865
545d15_2023-05,0.6744186046511629
7a007d_2018-09,0.5588235294117647
545d15_2021-12,0.2465753424657534
545d15_2025-08,0.8928571428571429
545d15_2023-03,0.6729283169900193
74b7d1_2021-08,0.7043906390219894
74b7d1_2020-10,0.8
74b7d1_2020-05,0.8928571428571429
74b7d1_2021-04,0.8928571428571429
74b7d1_2018-10,0.3709677419354839
8fabe0_2017-09,0.3709677419354839
74b7d1_2018-07,0.2465753424657534
c5816f_2017-01,0.45454545454545453
3a13b3_2021-07,0.9411764705882353
3db670_2018-08,0.8928571428571429
3a13b3_2021-09,0.9411764705882353
c580aa_2016-07,0.45454545454545453
3a13b3_2017-01,0.08182347850343301
c5816f_2016-10,0.5
c580aa_2017-10,0.8928571428571429
c580aa_2015-12,0.0
3a13b3_2016-12,0.07692307692307693
b73bc7_2023-02,1.0
b1de95_2015-12,0.0
c5816f_2020-06,0.8928571428571429
90abb1_2015-11,0.020833333333333332
dc4b5e_2019-03,0.06741573033707865
18defd_2016-02,0.0
b1de95_2016-08,0.0
18defd_2015-12,0.020833333333333332
18defd_2022-10,0.5588235294117647
d59611_2015-07,0.0
18defd_2021-08,0.5588235294117647
b1de95_2018-11,0.6744186046511629
18defd_2022-11,0.62475287687002
c48018_2022-05,0.5588235294117647
0874ee_2018-09,0.45454545454545453
c48018_2016-11,0.45454545454545453
18defd_2021-04,0.5588235294117647
c48018_2021-02,0.6398245718544198
18defd_2021-06,0.5588235294117647
c48018_2016-09,0.3709677419354839
c48018_2020-09,0.6744186046511629
259a19_2016-07,0.45454545454545453
0874ee_2015-05,0.06741573033707865
5a0174_2018-08,0.45454545454545453
0874ee_2018-07,0.45454545454545453
18defd_2022-03,0.5588235294117647
8fabe0_2015-05,0.0
e7a56d_2020-10,0.8928571428571429
18defd_2020-05,0.8928571428571429
18defd_2016-04,0.07692307692307693
18defd_2022-07,0.5588235294117647
18defd_2022-08,0.5588235294117647
c48018_2022-03,0.6744186046511629
829a72_2018-11,0.5588235294117647
8fabe0_2017-12,0.2465753424657534
6f5e2b_2025-09,0.8928571428571429
e3af0e_2016-03,0.15538677744856047
5a0174_2015-06,0.0
f461d4_2016-10,0.45454545454545453
8fabe0_2016-07,0.2465753424657534
8fabe0_2017-01,0.2465753424657534
8fabe0_2021-12,0.8928571428571429
8ec563_2017-10,0.38461538461538464
60a0fd_2016-11,0.07692307692307693
829a72_2016-07,0.06741573033707865
829a72_2017-01,0.06741573033707865
90abb1_2016-05,0.06741573033707865
1698cf_2020-05,0.8928571428571429
f461d4_2016-03,0.2465753424657534
1698cf_2021-04,0.8928571428571429
5a0174_2016-07,0.38461538461538464
60a0fd_2015-12,0.0
829a72_2020-09,0.8928571428571429
98a151_2016-01,0.06666666666666667
60a0fd_2016-10,0.06741573033707865
14fe3a_2017-12,0.45454545454545453
8fabe0_2016-11,0.2465753424657534
5a0174_2021-06,1.0
e2e0ce_2017-09,0.45454545454545453
f461d4_2016-11,0.3709677419354839
f461d4_2016-06,0.45454545454545453
1698cf_2021-01,0.8928571428571429
f461d4_2015-05,0.0
e3af0e_2016-09,0.12340921056221582
90abb1_2016-08,0.5588235294117647
6f5e2b_2021-06,0.9411764705882353
6f5e2b_2020-04,0.8928571428571429
1bdb97_2021-11,0.020833333333333332
14fe3a_2020-12,0.8928571428571429
e361b7_2016-11,0.3709677419354839
14fe3a_2020-11,0.8928571428571429
e60b65_2017-11,0.06741573033707865
e361b7_2016-06,0.3709677419354839
e361b7_2016-12,0.3709677419354839
9af74c_2017-07,0.07692307692307693
b73bc7_2021-04,0.5588235294117647
1822ea_2018-11,0.2465753424657534
9af74c_2020-11,1.0
bc4c03_2016-04,0.0
b73bc7_2020-06,0.6744186046511629
424c1b_2024-04,0.07692307692307693
9af74c_2016-10,0.45454545454545453
1822ea_2017-05,0.5588235294117647
bc4c03_2015-06,0.0
77b3b9_2017-09,0.06741573033707865
987bc1_2018-11,0.3709677419354839
b73bc7_2018-10,0.8928571428571429
439fde_2022-01,0.8928571428571429
c3a69f_2018-10,0.45454545454545453
439fde_2022-02,0.8928571428571429
439fde_2021-12,0.8928571428571429
439fde_2016-11,0.2465753424657534
99c11c_2016-10,0.0
c3a69f_2016-11,0.06741573033707865
bfbeef_2020-05,0.8928571428571429
439fde_2021-11,0.8928571428571429
87cfea_2017-01,0.0
439fde_2022-10,0.8928571428571429
c3a69f_2017-07,0.06741573033707865
87cfea_2016-05,0.0
77b3b9_2020-05,0.8928571428571429
375f2e_2017-12,0.07692307692307693
29849f_2021-11,0.8928571428571429
7a007d_2017-01,0.5588235294117647
d59611_2018-08,0.5588235294117647
8005b9_2018-11,0.3709677419354839
8005b9_2018-07,0.3709677419354839
29849f_2020-05,0.8928571428571429
c3a69f_2018-11,0.45454545454545453
a42d13_2017-01,0.5588235294117647
c580aa_2022-09,1.0
06534f_2021-12,1.0
b73bc7_2024-01,1.0
88a9a6_2017-09,0.2465753424657534
259a19_2016-02,0.0
259a19_2015-12,0.0
a42d13_2016-06,0.45454545454545453
948a11_2021-12,0.020833333333333332
f500c5_2018-11,0.5588235294117647
259a19_2016-01,0.0
8d0588_2015-09,0.0
77e86b_2017-03,0.2465753424657534
99c11c_2020-05,0.45454545454545453
83894c_2023-09,0.8928571428571429
90abb1_2018-09,0.3709677419354839
259a19_2021-03,0.9411764705882353
83894c_2023-11,0.8928571428571429
83894c_2023-03,0.6097835411259434
83894c_2023-12,0.8928571428571429
83894c_2022-12,0.5843268838401756
b416b1_2016-01,0.020833333333333332
4718d7_2023-10,1.0
e60b65_2024-01,1.0
0874ee_2020-08,0.45454545454545453
b416b1_2022-06,0.45454545454545453
a25664_2023-12,0.8928571428571429
db4cd8_2021-09,0.8928571428571429
8005b9_2024-01,0.8928571428571429
fc77d0_2019-01,0.5
9af74c_2019-09,0.47790314936683587
b1de95_2019-02,0.5588235294117647
531356_2024-09,0.8928571428571429
e83244_2021-06,1.0
6838b9_2018-08,0.020833333333333332
a42d13_2015-04,0.020833333333333332
0ffc2d_2021-06,0.14285714285714285
9af74c_2024-06,0.8928571428571429
731908_2015-12,0.0
bfbeef_2021-05,0.5588235294117647
8fb6f0_2025-08,0.5588235294117647
0f9e86_2022-08,0.3709677419354839
8fabe0_2018-03,0.3709677419354839
b416b1_2022-11,0.3709677419354839
db4cd8_2018-06,0.06666666666666667
b416b1_2020-06,0.8928571428571429
f461d4_2015-01,0.020833333333333332
d59611_2021-07,0.8928571428571429
1822ea_2023-08,0.5588235294117647
14fe3a_2023-07,0.8928571428571429
14fe3a_2023-10,0.45454545454545453
4fb2d3_2022-12,0.45454545454545453
06534f_2023-06,0.8928571428571429
06534f_2023-07,1.0
e83244_2025-01,0.8928571428571429
7199cf_2025-03,0.045454545454545456
e60b65_2019-11,0.8928571428571429
77b3b9_2019-12,0.9411764705882353
fc77d0_2015-06,0.020833333333333332
987bc1_2021-10,0.8928571428571429
bfbeef_2022-08,0.45454545454545453
d86999_2017-06,0.2465753424657534
8fb6f0_2016-04,0.06741573033707865
5a0174_2023-11,1.0
8fabe0_2023-03,0.8928571428571429
6838b9_2019-10,0.0
77b3b9_2018-11,0.5588235294117647
375f2e_2022-05,0.8928571428571429
af81b0_2018-03,0.2465753424657534
29849f_2017-06,0.2465753424657534
b1de95_2023-05,0.8928571428571429
022433_2025-07,0.6744186046511629
6224d0_2016-11,0.2465753424657534
fb737b_2025-02,0.5588235294117647
e60b65_2023-01,0.8928571428571429
e60b65_2025-02,0.8928571428571429
bc4c03_2022-08,0.5588235294117647
a25664_2020-09,0.8928571428571429
90abb1_2019-02,0.45454545454545453
375f2e_2018-12,0.2465753424657534
9af74c_2021-11,0.8928571428571429
bfbeef_2024-01,0.6744186046511629
b26809_2023-06,0.5588235294117647
9befc8_2022-04,0.2465753424657534
fc9334_2025-05,0.8928571428571429
8fb6f0_2019-01,0.45454545454545453
dbb709_2022-11,0.0
0f9e86_2020-03,0.8928571428571429
0f9e86_2020-09,0.45454545454545453
0f9e86_2022-02,0.3709677419354839
9cf1af_2023-04,0.0
92dcdd_2018-12,0.0
9befc8_2021-01,0.5588235294117647
4718d7_2015-03,0.0
fb737b_2022-11,0.45454545454545453
1698cf_2024-04,0.9411764705882353
77b3b9_2019-05,0.45454545454545453
77b3b9_2022-07,0.5588235294117647
34889b_2017-04,0.45454545454545453
14fe3a_2019-06,0.45454545454545453
14fe3a_2024-06,0.5588235294117647
8005b9_2018-01,0.3709677419354839
fc77d0_2015-01,0.0
92dcdd_2022-05,0.17142857142857143
29849f_2015-01,0.020833333333333332
29849f_2023-11,0.6744186046511629
06534f_2023-09,0.8928571428571429
3a13b3_2015-03,0.06741573033707865
e2314a_2023-01,0.8928571428571429
e83244_2016-11,0.020833333333333332
bc4c03_2018-12,0.3709677419354839
1698cf_2023-04,0.8
77b3b9_2025-06,1.0
4fb2d3_2018-08,0.3709677419354839
92dcdd_2019-03,0.0
8e41cf_2023-08,0.45454545454545453
8e41cf_2024-12,0.8928571428571429
d86999_2016-12,0.3709677419354839
9befc8_2018-05,0.17142857142857143
0f9e86_2018-09,0.3709677419354839
7199cf_2024-10,0.06741573033707865
7199cf_2025-02,0.045454545454545456
fb737b_2020-01,0.06382978723404255
175155_2023-10,0.8928571428571429
34889b_2019-12,0.5588235294117647
987bc1_2025-01,1.0
af81b0_2018-05,0.06741573033707865
3db670_2019-09,1.0
b73bc7_2025-04,0.6744186046511629
e83244_2015-02,0.020833333333333332
e83244_2018-12,0.45454545454545453
e83244_2022-03,1.0
6224d0_2020-07,0.8928571428571429
4718d7_2023-07,0.8928571428571429
fb737b_2022-05,0.3709677419354839
6f5e2b_2024-11,0.9411764705882353
a25664_2018-03,0.45454545454545453
a42d13_2015-05,0.020833333333333332
424c1b_2025-07,0.0
90abb1_2025-07,0.8928571428571429
265164_2024-11,0.045454545454545456
987bc1_2014-11,0.06741573033707865
987bc1_2025-07,0.6744186046511629
8e41cf_2022-05,0.45454545454545453
731908_2023-08,0.3883600481780388
11f0e3_2015-09,0.0
d86999_2018-06,0.3709677419354839
d86999_2019-02,0.385279234205612
9befc8_2016-05,0.0
780a0b_2016-05,0.0
0f9e86_2019-08,0.45454545454545453
0f9e86_2019-12,0.45454545454545453
9cf1af_2022-10,0.0
0e8d73_2024-04,0.0
5a0174_2023-05,0.8928571428571429
bc4c03_2023-06,0.8928571428571429
259a19_2024-02,1.0
db4cd8_2014-10,0.020833333333333332
14fe3a_2025-08,0.6744186046511629
8005b9_2018-06,0.06741573033707865
b08ec1_2022-05,0.45454545454545453
fc77d0_2020-09,0.45454545454545453
9af74c_2023-01,0.8928571428571429
f1543b_2020-02,0.5588235294117647
c580aa_2014-10,0.06741573033707865
e83244_2020-11,0.9411764705882353
6f5e2b_2023-01,0.8928571428571429
175155_2020-03,0.9411764705882353
175155_2024-08,0.8928571428571429
532867_2024-03,0.020833333333333332
90abb1_2015-02,0.020833333333333332
9af74c_2019-07,0.37831553248729827
987bc1_2019-02,0.45454545454545453
4fb2d3_2021-05,0.8928571428571429
8e41cf_2022-06,0.3709677419354839
11f0e3_2020-07,0.5588235294117647
6224d0_2015-03,0.0
0e8d73_2024-11,0.045454545454545456
f461d4_2014-12,0.020833333333333332
6838b9_2023-02,0.6744186046511629
a25664_2023-04,0.45454545454545453
b08ec1_2018-04,0.020833333333333332
92dcdd_2019-07,0.0
af81b0_2023-05,0.3709677419354839
af81b0_2023-11,0.45454545454545453
af81b0_2024-11,0.8928571428571429
29849f_2019-07,0.2465753424657534
3a13b3_2017-07,0.14285714285714285
f4604d_2023-10,0.8
90abb1_2025-05,0.8928571428571429
92dcdd_2022-08,0.2465753424657534
11f0e3_2025-07,0.5588235294117647
b26809_2024-09,0.6744186046511629
9befc8_2015-10,0.0
9befc8_2020-02,0.3709677419354839
780a0b_2017-06,0.07692307692307693
780a0b_2024-09,0.6744186046511629
fc9334_2024-01,0.6666666666666666
9cf1af_2023-08,0.020833333333333332
6f5e2b_2018-06,0.06741573033707865
6f5e2b_2020-12,0.8928571428571429
db4cd8_2019-11,0.5588235294117647
90abb1_2024-06,0.8928571428571429
1822ea_2021-08,0.8928571428571429
3a13b3_2019-05,0.8928571428571429
e2314a_2025-06,0.6744186046511629
e83244_2016-08,0.020833333333333332
6224d0_2021-08,0.8928571428571429
987bc1_2017-04,0.3709677419354839
4fb2d3_2018-02,0.06741573033707865
4fb2d3_2022-07,0.5588235294117647
8e41cf_2022-08,0.5
731908_2016-08,0.2465753424657534
9f1aa0_2022-12,0.5588235294117647
fc9334_2022-02,0.45454545454545453
fc9334_2022-11,0.45454545454545453
8fabe0_2019-03,0.8928571428571429
b416b1_2021-06,0.9411764705882353
a25664_2024-05,1.0
db4cd8_2025-05,0.5588235294117647
d59611_2019-04,0.3773551250926843
34889b_2018-02,0.06741573033707865
1822ea_2024-04,0.8928571428571429
14fe3a_2014-07,0.0
14fe3a_2018-05,0.020833333333333332
b08ec1_2018-05,0.06382978723404255
af81b0_2019-09,0.38461538461538464
545d15_2021-05,0.45454545454545453
b1de95_2014-10,0.06741573033707865
f4604d_2018-01,0.2465753424657534
531356_2014-10,0.0
e2314a_2015-07,0.020833333333333332
e83244_2024-12,0.9411764705882353
0e8d73_2025-01,0.3709677419354839
1996b0_2025-08,0.2465753424657534
e60b65_2020-07,0.8499554806957309
175155_2023-06,0.8359195654153846
a25664_2020-03,0.9411764705882353
a25664_2021-07,1.0
77b3b9_2019-08,0.5588235294117647
4fb2d3_2021-06,0.9411764705882353
8e41cf_2025-03,0.8928571428571429
bfbeef_2021-07,0.45454545454545453
780a0b_2021-04,0.5588235294117647
780a0b_2025-02,0.5588235294117647
987bc1_2020-04,0.8469996023372772
6224d0_2019-10,0.2465753424657534
4718d7_2022-01,0.8928571428571429
0e8d73_2024-08,0.020833333333333332
0e8d73_2024-09,0.0
8fabe0_2022-06,0.8928571428571429
a42d13_2017-07,0.2465753424657534
259a19_2021-08,0.8928571428571429
90abb1_2022-01,0.9411764705882353
3db670_2019-08,0.8928571428571429
b73bc7_2018-04,0.3709677419354839
531356_2019-03,0.2465753424657534
e2314a_2023-12,0.5588235294117647
e83244_2024-06,0.9411764705882353
fb737b_2020-07,0.045454545454545456
a42d13_2025-06,0.8928571428571429
90abb1_2015-03,0.0
1822ea_2019-02,0.2465753424657534
fc77d0_2021-06,0.9411764705882353
4fb2d3_2019-02,0.2465753424657534
302d40_2024-01,0.0
11f0e3_2021-02,0.17142857142857143
e427f8_2024-12,0.42857142857142855
9befc8_2015-05,0.020833333333333332
9befc8_2015-07,0.020833333333333332
9befc8_2019-05,0.45454545454545453
780a0b_2017-12,0.06382978723404255
8fb6f0_2014-10,0.0
c580aa_2014-07,0.06710540011620321
5a0174_2024-08,0.9411764705882353
a42d13_2023-10,0.45454545454545453
db4cd8_2021-05,0.8928571428571429
f461d4_2023-06,0.8928571428571429
77b3b9_2021-08,0.5359805384289029
90abb1_2023-05,0.8928571428571429
1822ea_2015-01,0.0
1822ea_2024-05,0.8928571428571429
14fe3a_2023-05,1.0
375f2e_2021-08,0.8928571428571429
29849f_2023-02,0.45454545454545453
531356_2024-08,0.8928571428571429
e2314a_2018-04,0.06741573033707865
e2314a_2020-07,0.8928571428571429
e83244_2025-02,1.0
11f0e3_2016-08,0.020833333333333332
11f0e3_2019-07,0.5588235294117647
11f0e3_2024-03,0.5588235294117647
9befc8_2019-07,0.45454545454545453
8fb6f0_2024-07,0.5588235294117647
0f9e86_2022-11,0.3709677419354839
0f9e86_2023-02,0.45454545454545453
0f9e86_2023-05,0.45454545454545453
0f9e86_2024-06,0.6744186046511629
fc77d0_2014-04,0.0
bc4c03_2024-03,0.8928571428571429
532867_2024-02,0.020833333333333332
db4cd8_2023-12,1.0
77b3b9_2021-12,0.9411764705882353
14fe3a_2017-04,0.2465753424657534
b08ec1_2022-01,0.45454545454545453
9af74c_2023-04,0.8928571428571429
545d15_2019-02,0.0
e2314a_2021-07,0.9411764705882353
e60b65_2019-10,0.6744186046511629
e60b65_2023-02,0.8928571428571429
a25664_2023-01,0.8928571428571429
4fb2d3_2023-08,0.8627127229695566
92dcdd_2022-06,0.3960906647371502
302d40_2022-04,0.045454545454545456
731908_2025-01,0.6744186046511629
d86999_2019-04,0.45454545454545453
e427f8_2022-04,0.045454545454545456
e427f8_2024-05,0.3709677419354839
9befc8_2016-01,0.0
9befc8_2015-12,0.0
8fb6f0_2016-09,0.14285714285714285
a25664_2019-12,0.6744186046511629
77b3b9_2021-10,1.0
34889b_2022-09,0.45454545454545453
92dcdd_2024-09,0.8928571428571429
29849f_2022-04,0.5588235294117647
a42d13_2014-04,0.0
987bc1_2020-01,0.8928571428571429
987bc1_2023-12,1.0
4fb2d3_2021-07,0.9423759837261767
302d40_2024-03,0.07692307692307693
9befc8_2019-11,0.38461538461538464
780a0b_2014-10,0.0
8fb6f0_2016-11,0.07692307692307693
8fb6f0_2019-10,0.5588235294117647
8bd3ce_2024-09,0.8928571428571429
0e8d73_2025-06,0.17142857142857143
f461d4_2016-05,0.3709677419354839
db4cd8_2014-12,0.0
90abb1_2022-10,0.6744186046511629
8005b9_2022-03,0.8928571428571429
b08ec1_2024-09,0.8928571428571429
fc77d0_2022-10,0.42857142857142855
375f2e_2023-10,1.0
987bc1_2024-11,0.8928571428571429
7a007d_2024-08,0.5588235294117647
6838b9_2020-03,0.2465753424657534
1822ea_2025-07,0.8928571428571429
4fb2d3_2018-12,0.2465753424657534
8e41cf_2023-09,0.5588235294117647
11f0e3_2015-07,0.0
bfbeef_2023-03,0.6744186046511629
bfbeef_2023-06,0.8928571428571429
dc4b5e_2022-12,0.06741573033707865
9befc8_2019-10,0.3709677419354839
dbb709_2024-06,0.3709677419354839
8bd3ce_2022-04,0.45454545454545453
0f9e86_2020-10,0.5588235294117647
5a0174_2020-02,0.8928571428571429
5a0174_2025-03,0.8928571428571429
6f5e2b_2019-06,0.5339173277847655
175155_2025-03,0.9411764705882353
6838b9_2018-04,0.0
90abb1_2024-08,0.8928571428571429
34889b_2021-09,0.9411764705882353
14fe3a_2019-09,0.5588235294117647
fc77d0_2015-04,0.023206792294228642
fc77d0_2019-07,0.45454545454545453
4fb2d3_2023-06,0.8
af81b0_2017-07,0.2465753424657534
af81b0_2025-02,0.8928571428571429
af81b0_2025-03,0.8928571428571429
545d15_2019-08,0.0
29849f_2016-09,0.045454545454545456
3a13b3_2024-04,0.8928571428571429
e2314a_2015-01,0.0
e2314a_2018-12,0.06741573033707865
424c1b_2024-07,0.020833333333333332
77b3b9_2021-04,0.8928571428571429
1822ea_2019-10,0.8928571428571429
8e41cf_2025-06,0.8928571428571429
d86999_2018-09,0.3709677419354839
e427f8_2025-06,0.3709677419354839
9befc8_2017-09,0.2465753424657534
9befc8_2018-09,0.17142857142857143
9befc8_2020-09,0.5588235294117647
fc77d0_2015-07,0.020833333333333332
4718d7_2024-06,0.5588235294117647
e60b65_2025-06,0.8
5a0174_2021-09,0.8928571428571429
b416b1_2018-04,0.14285714285714285
b416b1_2022-07,0.45454545454545453
b416b1_2024-03,0.9411764705882353
259a19_2019-03,0.5588235294117647
7a007d_2025-06,0.5588235294117647
06534f_2024-11,0.8928571428571429
022433_2024-10,0.2465753424657534
e60b65_2019-01,0.5588235294117647
e60b65_2021-10,0.8928571428571429
175155_2017-03,0.2465753424657534
a25664_2017-05,0.5588235294117647
1822ea_2023-01,0.9411764705882353
265164_2025-05,0.2465753424657534
375f2e_2018-05,0.06382978723404255
987bc1_2015-07,0.14285714285714285
987bc1_2017-12,0.08118720487107049
8e41cf_2024-05,0.6744186046511629
302d40_2023-06,0.0
302d40_2023-10,0.020833333333333332
302d40_2024-05,0.45454545454545453
e427f8_2023-12,0.2465753424657534
5a0174_2018-05,0.17142857142857143
6f5e2b_2018-12,0.45454545454545453
bc4c03_2024-05,0.8928571428571429
90abb1_2021-06,0.8928571428571429
fc77d0_2015-03,0.0
9af74c_2020-02,1.0
9af74c_2022-04,0.5588235294117647
e2314a_2015-10,0.0
e2314a_2025-05,0.8928571428571429
6224d0_2024-04,0.8928571428571429
4718d7_2023-01,0.8928571428571429
f25ffe_2025-02,0.020833333333333332
1822ea_2019-05,0.2465753424657534
92dcdd_2023-11,0.8928571428571429
e427f8_2023-01,0.0
9f1aa0_2025-02,0.5588235294117647
780a0b_2022-02,0.45454545454545453
0f9e86_2021-06,0.45454545454545453
0f9e86_2025-04,0.8928571428571429
f461d4_2024-01,1.0
8fb6f0_2015-09,0.020833333333333332
dbb709_2025-06,0.2465753424657534
4718d7_2023-02,0.5588235294117647
6f5e2b_2023-02,0.5588235294117647
175155_2023-07,0.8928571428571429
f461d4_2022-06,0.6744186046511629
1698cf_2024-03,1.0
77b3b9_2024-01,0.8928571428571429
4fb2d3_2019-10,0.5
92dcdd_2019-10,0.0
2167be_2025-06,0.045454545454545456
3a13b3_2023-12,1.0
531356_2018-05,0.06741573033707865
e83244_2015-08,0.020833333333333332
0874ee_2021-08,0.2465753424657534
987bc1_2015-02,0.0
4fb2d3_2014-09,0.045454545454545456
d86999_2019-07,0.5588235294117647
9f1aa0_2018-12,0.07692307692307693
8fb6f0_2017-12,0.06741573033707865
4718d7_2023-09,1.0
4718d7_2024-04,0.5588235294117647
5a0174_2021-12,0.8928571428571429
6f5e2b_2019-09,0.6744186046511629
14fe3a_2019-05,0.5588235294117647
b08ec1_2025-05,0.8928571428571429
3db670_2023-05,0.970143636987741
531356_2015-01,0.0
531356_2024-03,0.9411764705882353
e83244_2016-10,0.045454545454545456
175155_2024-02,0.8928571428571429
90abb1_2022-11,0.9411764705882353
302d40_2022-12,0.0
e427f8_2025-04,0.2465753424657534
dc4b5e_2025-05,0.9411764705882353
9befc8_2020-12,0.5588235294117647
9f1aa0_2025-04,0.5588235294117647
8fb6f0_2020-04,0.9411764705882353
3db670_2015-03,0.020833333333333332
f25ffe_2024-03,0.020833333333333332
77c35f_2025-06,0.2465753424657534
fb737b_2025-08,0.6744186046511629
e60b65_2024-10,0.5588235294117647
bc4c03_2021-12,1.0
90abb1_2014-10,0.06382978723404255
90abb1_2014-11,0.045454545454545456
34889b_2019-07,0.9411764705882353
34889b_2025-01,0.9411764705882353
1822ea_2022-07,0.8928571428571429
b07578_2025-06,0.06741573033707865
545d15_2020-01,0.0
f4604d_2015-04,0.045454545454545456
f4604d_2018-10,0.06741573033707865
f4604d_2023-12,0.8928571428571429
175155_2020-02,0.8928571428571429
175155_2021-11,1.0
77b3b9_2014-10,0.045454545454545456
d59611_2024-03,0.9411764705882353
fc9334_2024-04,0.8928571428571429
8fb6f0_2019-12,0.5588235294117647
8bd3ce_2025-04,0.8928571428571429
6224d0_2024-08,0.6744186046511629
4718d7_2025-03,1.0
b416b1_2020-11,0.8928571428571429
f461d4_2019-09,0.6744186046511629
259a19_2015-01,0.0
a25664_2023-07,0.6666666666666666
f25ffe_2024-10,0.06382978723404255
d59611_2015-04,0.045454545454545456
af81b0_2023-09,0.3709677419354839
29849f_2019-01,0.2465753424657534
29849f_2022-06,0.6666666666666666
f4604d_2019-12,0.45454545454545453
e83244_2017-06,0.2465753424657534
4ee2d2_2024-08,0.0
4ee2d2_2025-04,0.0
bc4c03_2022-12,0.9411764705882353
a42d13_2018-04,0.06382978723404255
11f0e3_2025-04,0.6744186046511629
8fb6f0_2019-07,0.6744186046511629
8fb6f0_2022-01,0.2465753424657534
8bd3ce_2024-07,0.8928571428571429
fb737b_2022-04,0.2465753424657534
e60b65_2023-09,0.45454545454545453
f461d4_2018-04,0.06741573033707865
bc4c03_2024-08,0.8928571428571429
77b3b9_2021-11,1.0
34889b_2018-01,0.2465753424657534
8005b9_2024-07,0.9411764705882353
375f2e_2023-02,0.8928571428571429
92dcdd_2022-09,0.3843351015978766
af81b0_2015-03,0.020833333333333332
3a13b3_2018-01,0.5588235294117647
e2314a_2021-05,1.0
e83244_2019-10,0.8928571428571429
e83244_2024-01,0.8928571428571429
fc77d0_2020-01,0.8928571428571429
d86999_2015-11,0.020833333333333332
b26809_2025-07,0.5588235294117647
0f9e86_2021-03,0.45454545454545453
7a007d_2019-06,0.2465753424657534
7199cf_2023-12,0.06382978723404255
0e8d73_2023-09,0.0
1996b0_2025-02,0.5588235294117647
db4cd8_2024-09,0.5254715243366714
d59611_2019-08,0.5
d59611_2022-05,0.8928571428571429
34889b_2023-06,1.0
b08ec1_2018-06,0.06382978723404255
29849f_2018-01,0.42857142857142855
29849f_2018-04,0.06741573033707865
29849f_2019-03,0.17142857142857143
e2314a_2017-06,0.3709677419354839
e2314a_2018-02,0.06741573033707865
e83244_2015-12,0.0
6f5e2b_2023-09,0.8928571428571429
175155_2017-06,0.2465753424657534
6838b9_2022-10,0.5588235294117647
a25664_2022-07,0.45454545454545453
11f0e3_2014-10,0.06741573033707865
11f0e3_2022-03,0.2465753424657534
b26809_2024-12,0.6703043421535135
dbb709_2025-07,0.2465753424657534
0f9e86_2024-11,0.5588235294117647
fb737b_2025-05,0.5588235294117647
8fabe0_2014-08,0.020833333333333332
6f5e2b_2024-06,0.8928571428571429
b416b1_2023-04,0.9411764705882353
259a19_2015-04,0.06382978723404255
a25664_2019-07,0.45454545454545453
6838b9_2022-06,0.45454545454545453
d59611_2018-05,0.06741573033707865
14fe3a_2023-02,0.8928571428571429
29849f_2023-05,0.45454545454545453
29849f_2024-08,0.8928571428571429
3a13b3_2014-10,0.06741573033707865
3a13b3_2019-06,0.8928571428571429
531356_2019-09,0.45454545454545453
531356_2024-04,0.8928571428571429
e83244_2022-06,0.8928571428571429
e83244_2023-07,0.8928571428571429
175155_2023-11,1.0
77b3b9_2019-04,0.45454545454545453
1822ea_2018-03,0.38461538461538464
1822ea_2020-06,0.9452133032934513
0ffc2d_2022-09,0.0
987bc1_2024-08,0.8928571428571429
780a0b_2015-01,0.0
780a0b_2016-04,0.0
dbb709_2022-08,0.0
dbb709_2024-12,0.45454545454545453
e427f8_2024-03,0.2465753424657534
8e41cf_2018-02,0.06741573033707865
14fe3a_2023-03,0.8928571428571429
fc9334_2019-01,0.06741573033707865
8bd3ce_2024-04,0.8928571428571429
731908_2024-08,0.45454545454545453
fc9334_2016-12,0.07692307692307693
8fb6f0_2024-08,0.5342653141702911
8e41cf_2018-10,0.06741573033707865
8e41cf_2020-12,0.8928571428571429
8e41cf_2015-07,0.0
b26809_2014-07,0.020833333333333332
780a0b_2023-08,0.3709677419354839
8fb6f0_2022-04,0.45454545454545453
8bd3ce_2016-01,0.0
8bd3ce_2018-08,0.06741573033707865
8e41cf_2015-12,0.0
e7a56d_2019-10,0.5418279935032475
74b7d1_2014-11,0.045454545454545456
8fb6f0_2022-06,0.45454545454545453
8bd3ce_2024-05,0.8928571428571429
c48018_2019-01,0.2465753424657534
bfbeef_2020-10,0.6744186046511629
8bd3ce_2018-07,0.06382978723404255
b26809_2017-08,0.06382978723404255
8bd3ce_2021-10,0.5588235294117647
fc9334_2020-09,0.8928571428571429
9befc8_2023-02,0.45454545454545453
e7a56d_2025-07,0.8928571428571429
b26809_2023-01,0.5588235294117647
b26809_2017-05,0.17142857142857143
b26809_2016-09,0.17142857142857143
bfbeef_2018-01,0.2465753424657534
731908_2014-09,0.020833333333333332
731908_2015-03,0.0
b26809_2018-03,0.06741573033707865
b26809_2018-10,0.8928571428571429
b26809_2021-09,0.5588235294117647
9f1aa0_2015-04,0.06741573033707865
731908_2015-09,0.020833333333333332
731908_2022-12,0.38461538461538464
8bd3ce_2016-02,0.0
8fb6f0_2019-03,0.5588235294117647
731908_2020-12,0.6744186046511629
fc9334_2018-05,0.06382978723404255
b26809_2017-10,0.06382978723404255
731908_2022-04,0.3709677419354839
bfbeef_2024-04,0.8928571428571429
74b7d1_2025-01,0.6744186046511629
fc9334_2021-01,0.8928571428571429
8e41cf_2020-10,0.5588235294117647
e7a56d_2025-05,1.0
bfbeef_2019-08,0.5016333328754313
fc9334_2017-02,0.07692307692307693
8bd3ce_2018-02,0.06741573033707865
8e41cf_2021-07,0.2465753424657534
8e41cf_2024-06,0.6744186046511629
b26809_2014-12,0.0
fc9334_2018-08,0.06741573033707865
731908_2022-11,0.42857142857142855
bfbeef_2019-07,0.45454545454545453
bfbeef_2022-02,0.45454545454545453
fc9334_2018-03,0.06741573033707865
8bd3ce_2021-06,0.5
731908_2023-11,0.8928571428571429
780a0b_2023-04,0.45454545454545453
fc9334_2017-08,0.3709677419354839
8bd3ce_2020-02,0.5588235294117647
8e41cf_2018-06,0.06741573033707865
e7a56d_2024-07,0.8928571428571429
0874ee_2014-11,0.020833333333333332
731908_2021-02,0.45454545454545453
8e41cf_2017-01,0.14285714285714285
731908_2022-09,0.9411764705882353
dc4b5e_2023-03,0.06741573033707865
fc9334_2017-12,0.06666666666666667
8bd3ce_2019-11,0.45454545454545453
b26809_2017-06,0.06382978723404255
0874ee_2014-10,0.0
a97df3_2022-05,0.045454545454545456
a97df3_2025-06,0.6744186046511629
731908_2021-01,0.5588235294117647
4718d7_2018-05,0.06382978723404255
9f1aa0_2016-07,0.3709677419354839
9f1aa0_2019-12,0.42857142857142855
b08ec1_2019-03,0.2465753424657534
4718d7_2021-09,0.8928571428571429
5a0174_2014-10,0.020833333333333332
fa8553_2021-08,0.06382978723404255
fa8553_2021-12,0.020833333333333332
513080_2025-04,0.3709677419354839
14fe3a_2024-02,1.0
fb34b4_2023-07,0.020833333333333332
bf6f0d_2019-08,0.3709677419354839
fa8553_2024-07,0.45454545454545453
513080_2021-12,0.045454545454545456
dbb709_2023-05,0.0
d59611_2025-07,0.6666666666666666
6f5e2b_2014-06,0.0
77b3b9_2018-05,0.020833333333333332
948a11_2023-07,0.0
7bf5c9_2020-10,0.45454545454545453
d59611_2020-03,0.9411764705882353
175155_2018-07,0.45454545454545453
9f1aa0_2023-04,0.5588235294117647
a25664_2019-06,0.45454545454545453
9f1aa0_2014-04,0.0
fa8553_2023-11,0.3709677419354839
5a0174_2016-11,0.2465753424657534
f500c5_2017-07,0.2465753424657534
6c1954_2023-06,0.14285714285714285
510fbf_2024-02,0.2465753424657534
d59611_2021-01,0.8928571428571429
5a0174_2021-10,0.8928571428571429
6f5e2b_2015-02,0.0
f500c5_2018-03,0.2465753424657534
6c1954_2019-08,0.020833333333333332
9f1aa0_2014-09,0.0
d59611_2018-10,0.5588235294117647
375f2e_2022-12,1.0
9f1aa0_2016-01,0.0
513080_2024-02,0.2465753424657534
14fe3a_2015-04,0.06741573033707865
b644ac_2024-11,0.06382978723404255
77b3b9_2019-03,0.5
77b3b9_2022-02,1.0
4718d7_2019-05,0.45454545454545453
9f1aa0_2018-11,0.45454545454545453
9f1aa0_2019-03,0.2465753424657534
fa8553_2022-07,0.045454545454545456
d86999_2025-03,0.6744186046511629
d86999_2025-06,0.45454545454545453
948a11_2025-07,0.17142857142857143
175155_2021-08,0.8928571428571429
fa8553_2023-02,0.020833333333333332
d86999_2021-10,0.45454545454545453
d86999_2025-07,0.45454545454545453
6f5e2b_2020-07,0.8928571428571429
6c1954_2024-12,0.8928571428571429
375f2e_2020-10,1.0
77b3b9_2021-09,0.8928571428571429
bf6f0d_2025-07,0.8928571428571429
bc4c03_2016-08,0.45454545454545453
7bf5c9_2020-08,0.5588235294117647
9f1aa0_2017-04,0.2465753424657534
302d40_2022-11,0.020833333333333332
d59611_2015-02,0.0
f500c5_2019-03,0.45454545454545453
e427f8_2022-07,0.020833333333333332
513080_2024-09,0.38461538461538464
f500c5_2015-04,0.045454545454545456
4718d7_2018-01,0.06741573033707865
a42d13_2014-11,0.0
92dcdd_2021-07,0.17142857142857143
948a11_2024-08,0.3709677419354839
8fabe0_2021-09,0.8928571428571429
8fabe0_2025-07,0.8928571428571429
9f1aa0_2021-08,0.42857142857142855
510fbf_2023-08,0.045454545454545456
510fbf_2025-08,0.45454545454545453
a42d13_2016-04,0.2465753424657534
7a007d_2014-12,0.0
f500c5_2024-04,0.5588235294117647
513080_2022-03,0.020833333333333332
7bf5c9_2015-09,0.0
948a11_2024-07,0.45454545454545453
510fbf_2022-09,0.045454545454545456
510fbf_2023-05,0.0
d59611_2019-07,0.5588235294117647
1698cf_2021-10,0.8928571428571429
d59611_2023-03,0.8928571428571429
e60b65_2015-03,0.0
f500c5_2024-02,0.45454545454545453
9f1aa0_2021-11,0.3709677419354839
510fbf_2022-11,0.020833333333333332
11f0e3_2019-01,0.3709677419354839
bfbeef_2015-03,0.0
0cecbd_2019-12,0.5588235294117647
bc4c03_2020-04,1.0
bfbeef_2016-08,0.045454545454545456
0cecbd_2024-06,0.9411764705882353
8fb6f0_2019-05,0.5
0f9e86_2018-05,0.2465753424657534
11f0e3_2017-05,0.2465753424657534
af81b0_2018-10,0.42857142857142855
0cecbd_2023-12,0.8928571428571429
11f0e3_2019-03,0.3709677419354839
0f9e86_2016-05,0.0
0cecbd_2018-12,0.06741573033707865
0cecbd_2019-05,0.5588235294117647
b73bc7_2019-09,0.8928571428571429
175155_2024-04,0.8928571428571429
11f0e3_2014-09,0.06741573033707865
4fb2d3_2024-07,0.6744186046511629
6224d0_2021-11,0.8928571428571429
987bc1_2018-04,0.0
98a151_2015-03,0.0
dc4b5e_2019-08,0.020833333333333332
e3af0e_2015-01,0.020833333333333332
60a0fd_2014-12,0.0
60a0fd_2019-11,0.38461538461538464
894378_2025-06,0.8928571428571429
e3af0e_2018-02,0.06741573033707865
98a151_2014-09,0.0
60a0fd_2015-02,0.0
a97df3_2021-11,0.45454545454545453
60a0fd_2018-01,0.17142857142857143
60a0fd_2014-07,0.020833333333333332
60a0fd_2014-08,0.020833333333333332
7a007d_2025-01,0.45454545454545453
98a151_2015-02,0.0
375f2e_2019-10,0.45454545454545453
7bf5c9_2023-05,0.5588235294117647
1bdb97_2023-10,0.2465753424657534
88a9a6_2024-08,0.6666666666666666
829a72_2024-10,0.8928571428571429
f500c5_2017-05,0.2465753424657534
c5df88_2022-06,0.45454545454545453
98a151_2019-12,0.8928571428571429
4f2b6b_2023-05,0.020833333333333332
e2e0ce_2020-05,0.5588235294117647
2ab8ad_2017-02,0.2465753424657534
2ab8ad_2020-03,0.5
c5df88_2023-07,0.45454545454545453
7aa803_2020-12,0.8928571428571429
f500c5_2014-11,0.0
1698cf_2021-07,1.0
e2e0ce_2024-04,0.5588235294117647
74fb1f_2023-12,0.8928571428571429
f500c5_2022-10,0.5
293190_2014-06,0.06741573033707865
2ab8ad_2025-01,0.8928571428571429
7aa803_2020-01,0.45454545454545453
e3af0e_2021-04,0.8928571428571429
e3af0e_2025-02,0.6744186046511629
7bf5c9_2017-02,0.2465753424657534
bf6f0d_2018-04,0.17142857142857143
2ab8ad_2020-05,0.45454545454545453
7aa803_2021-03,0.8928571428571429
34889b_2017-06,0.45454545454545453
34889b_2017-07,0.45454545454545453
2ab8ad_2022-12,0.5588235294117647
2ab8ad_2023-10,0.45454545454545453
c5df88_2021-01,0.5588235294117647
74fb1f_2023-08,0.5588235294117647
e3af0e_2025-06,0.6744186046511629
f500c5_2016-02,0.0
f500c5_2019-09,0.45454545454545453
18defd_2015-01,0.020833333333333332
e2e0ce_2022-08,0.8928571428571429
2ab8ad_2023-08,0.5588235294117647
7aa803_2021-05,0.8928571428571429
c580aa_2018-04,0.5588235294117647
f500c5_2018-06,0.2465753424657534
2ab8ad_2022-08,0.5588235294117647
74fb1f_2020-07,0.45454545454545453
9b46ed_2022-06,0.17142857142857143
d86999_2024-04,0.6744186046511629
7a007d_2016-05,0.06666666666666667
1bdb97_2022-08,0.0
c5df88_2015-02,0.06741573033707865
f1543b_2019-06,0.2465753424657534
b08ec1_2014-06,0.0
293190_2021-09,0.45454545454545453
e2e0ce_2018-12,0.17142857142857143
74fb1f_2021-07,0.8928571428571429
f1543b_2021-05,0.5588235294117647
f500c5_2017-02,0.06741573033707865
f500c5_2021-04,0.6744186046511629
b08ec1_2014-05,0.0
6f5e2b_2020-08,0.8928571428571429
293190_2022-07,0.42857142857142855
18defd_2023-12,0.38461538461538464
2ab8ad_2024-02,0.5588235294117647
74fb1f_2015-02,0.020833333333333332
88a9a6_2024-05,0.8928571428571429
c3a69f_2022-06,0.5588235294117647
9b46ed_2021-06,0.45454545454545453
9b46ed_2022-12,0.3826948850011221
829a72_2022-10,0.3709677419354839
e3af0e_2022-04,0.8928571428571429
c580aa_2018-05,0.5588235294117647
fb34b4_2025-07,0.2465753424657534
1698cf_2020-08,0.8928571428571429
c3a69f_2022-07,0.8928571428571429
c5df88_2021-05,0.8
7aa803_2025-02,1.0
9b46ed_2021-12,0.5588235294117647
98a151_2023-10,0.6666666666666666
f500c5_2017-09,0.2465753424657534
f500c5_2024-01,0.38461538461538464
cd0e60_2022-06,0.14285714285714285
cd0e60_2022-08,0.06741573033707865
7aa803_2015-01,0.045454545454545456
98a151_2021-10,1.0
94f933_2025-08,0.2465753424657534
293190_2021-06,0.8928571428571429
c5df88_2014-11,0.06382978723404255
98a151_2019-07,0.6744186046511629
829a72_2019-09,0.6744186046511629
7bf5c9_2024-08,0.8928571428571429
34889b_2022-10,0.45454545454545453
8fabe0_2025-05,0.6744186046511629
293190_2020-10,0.8928571428571429
e2e0ce_2020-11,0.8667158882155005
88a9a6_2024-11,0.8928571428571429
f500c5_2019-11,0.45454545454545453
fb34b4_2023-10,0.020833333333333332
5a0174_2020-08,0.8928571428571429
7aa803_2022-05,0.45454545454545453
9b46ed_2022-01,0.3709677419354839
98a151_2019-11,0.8928571428571429
98a151_2023-08,0.5588235294117647
7bf5c9_2019-04,0.2465753424657534
74fb1f_2015-01,0.06382978723404255
293190_2021-04,0.45454545454545453
2ab8ad_2024-05,0.6744186046511629
7aa803_2020-07,0.5588235294117647
829a72_2022-08,0.45454545454545453
60a0fd_2025-08,0.6744186046511629
db5006_2021-03,0.6744186046511629
74fb1f_2023-06,0.5588235294117647
60a0fd_2024-06,0.5588235294117647
b08ec1_2022-10,0.45454545454545453
e2e0ce_2024-05,0.8
829a72_2025-05,0.8928571428571429
a97df3_2025-08,0.9411764705882353
f500c5_2022-08,0.8928571428571429
293190_2024-04,0.8928571428571429
7bf5c9_2019-05,0.3709677419354839
74fb1f_2024-08,0.8928571428571429
60a0fd_2023-05,0.8928571428571429
0ffc2d_2021-11,0.045454545454545456
022433_2023-10,0.3709677419354839
1b9e65_2015-04,0.020833333333333332
8fabe0_2023-09,1.0
e7a56d_2019-12,0.5588235294117647
db5006_2017-06,0.2465753424657534
1b9e65_2024-02,0.5588235294117647
0ffc2d_2023-03,0.06741573033707865
259a19_2017-06,0.38461538461538464
c48018_2019-09,0.45454545454545453
db5006_2020-02,0.45454545454545453
db5006_2022-01,0.8928571428571429
1b9e65_2018-01,0.07692307692307693
29849f_2023-06,0.8928571428571429
b07578_2024-06,0.17142857142857143
db5006_2022-06,0.5588235294117647
c48018_2014-06,0.06382978723404255
1bdb97_2025-02,0.17142857142857143
1b9e65_2022-12,0.4157447816139563
fc77d0_2014-07,0.0
1bdb97_2023-04,0.05209370800578238
18defd_2025-04,0.8928571428571429
1b9e65_2024-11,0.5588235294117647
db5006_2024-07,0.8928571428571429
fc77d0_2018-12,0.2465753424657534
f4604d_2022-04,0.5588235294117647
531356_2022-08,0.45454545454545453
0ffc2d_2022-04,0.0
bc4c03_2018-01,0.06741573033707865
f4604d_2022-07,0.5588235294117647
1b9e65_2017-04,0.2465753424657534
6224d0_2018-10,0.45454545454545453
db5006_2024-03,0.5588235294117647
f4604d_2017-04,0.2465753424657534
1b9e65_2019-03,0.07692307692307693
34889b_2018-12,0.2465753424657534
f461d4_2015-08,0.020833333333333332
e7a56d_2022-01,0.5
5a0174_2017-11,0.2465753424657534
c48018_2019-12,0.6744186046511629
db5006_2021-02,0.8
29849f_2022-09,0.45454545454545453
6838b9_2019-01,0.0
1b9e65_2022-11,0.5588235294117647
1b9e65_2023-03,0.3709677419354839
92dcdd_2021-09,0.2465753424657534
022433_2023-01,0.06741573033707865
531356_2018-01,0.2465753424657534
1b9e65_2024-08,0.8928571428571429
f461d4_2015-10,0.0
022433_2023-02,0.06741573033707865
db5006_2014-11,0.06382978723404255
db5006_2019-10,0.5496139702480248
db5006_2025-08,0.8928571428571429
e7a56d_2024-01,1.0
0ffc2d_2020-08,0.0
1b9e65_2019-09,0.45454545454545453
175155_2021-09,0.9411764705882353
7bf5c9_2021-06,0.8928571428571429
db5006_2022-09,0.8928571428571429
29849f_2018-03,0.3709677419354839
b59bc0_2015-09,0.020833333333333332
db5006_2019-08,0.5588235294117647
022433_2022-09,0.0
3db670_2019-10,1.0
c48018_2024-02,0.42857142857142855
1b9e65_2020-06,0.8928571428571429
db5006_2020-01,0.45454545454545453
022433_2023-03,0.06741573033707865
f4604d_2021-10,0.8928571428571429
1b9e65_2018-04,0.06741573033707865
c3a69f_2021-11,0.45454545454545453
fd589c_2019-09,0.3709677419354839
c5816f_2024-07,0.6744186046511629
c3a69f_2025-04,0.8928571428571429
e361b7_2021-03,0.8928571428571429
6c1954_2025-02,0.8928571428571429
e361b7_2023-06,0.6744186046511629
3db670_2016-04,0.0
259a19_2020-12,0.9411764705882353
19fa84_2022-12,0.5588235294117647
e4bc80_2019-08,0.3709677419354839
8ec563_2023-12,0.6744186046511629
8ec563_2024-07,0.6666666666666666
19fa84_2022-07,0.5588235294117647
fd589c_2019-08,0.3725321562795131
b73bc7_2016-05,0.17142857142857143
c5816f_2023-07,0.5588235294117647
19fa84_2023-11,0.5588235294117647
fd589c_2020-01,0.8928571428571429
e361b7_2023-08,1.0
e361b7_2025-01,0.8928571428571429
e4bc80_2022-06,0.45454545454545453
e4bc80_2024-03,0.5588235294117647
7bf5c9_2020-07,0.45454545454545453
3db670_2021-09,1.0
894378_2020-11,0.5588235294117647
c5816f_2023-09,0.5588235294117647
c5816f_2024-10,0.7525334531976996
6c1954_2023-02,0.06741573033707865
b73bc7_2019-05,0.8928571428571429
60b690_2025-06,0.06741573033707865
c5816f_2023-11,0.6744186046511629
8ec563_2023-06,0.5588235294117647
fd589c_2024-08,0.5588235294117647
7bf5c9_2024-11,0.6744186046511629
3db670_2021-08,1.0
894378_2022-11,0.5588235294117647
e361b7_2024-10,0.8928571428571429
19fa84_2021-12,0.3820649393170519
c580aa_2024-05,1.0
439fde_2024-08,0.45454545454545453
c5816f_2025-04,0.8928571428571429
8ec563_2020-11,0.5
8ec563_2025-01,0.8928571428571429
fd589c_2022-12,0.5588235294117647
f1543b_2014-11,0.0
c3a69f_2024-10,0.5588235294117647
894378_2023-04,0.5588235294117647
8ec563_2019-03,0.38461538461538464
19fa84_2023-09,0.5588235294117647
fd589c_2023-11,0.6821835599835091
e4bc80_2019-09,0.3724322195459479
b73bc7_2025-05,0.8928571428571429
c3a69f_2020-02,0.45454545454545453
c3a69f_2024-11,0.5588235294117647
894378_2023-03,0.45454545454545453
8ec563_2022-02,0.3709677419354839
e361b7_2025-02,0.8928571428571429
3db670_2025-02,0.6666666666666666
3a13b3_2020-05,0.9411764705882353
c5816f_2021-12,0.45454545454545453
fd589c_2021-11,0.3709677419354839
c3a69f_2024-12,0.5588235294117647
1bdb97_2024-12,0.3709677419354839
894378_2023-08,0.45454545454545453
19fa84_2022-08,0.5
19fa84_2024-10,0.8928571428571429
7a007d_2025-02,0.3709677419354839
8ec563_2023-09,0.6744186046511629
c3a69f_2023-10,0.3709677419354839
894378_2019-05,0.3709677419354839
e4bc80_2023-04,0.5
e4bc80_2024-04,0.8928571428571429
8fabe0_2022-01,0.8928571428571429
894378_2024-02,0.5588235294117647
e361b7_2020-03,0.8928571428571429
c3a69f_2018-02,0.17142857142857143
e4bc80_2023-02,0.45454545454545453
8ec563_2022-10,0.45454545454545453
b1de95_2020-11,1.0
894378_2024-06,0.8
fd589c_2022-06,0.3709677419354839
fd589c_2024-06,0.6744186046511629
e361b7_2024-09,0.8928571428571429
e4bc80_2023-06,0.6744186046511629
14fe3a_2015-11,0.020833333333333332
bf6f0d_2016-08,0.38461538461538464
db5006_2015-08,0.0
98a151_2015-12,0.020833333333333332
bf6f0d_2023-12,1.0
db4cd8_2015-05,0.0
db4cd8_2020-01,0.8928571428571429
14fe3a_2017-09,0.3778316204941777
14fe3a_2017-10,0.3709677419354839
cd0e60_2019-09,0.06382978723404255
d59611_2017-08,0.3738837815928953
259a19_2015-06,0.0
4f2b6b_2025-01,0.045454545454545456
bf6f0d_2016-09,0.3709677419354839
cd0e60_2020-10,0.045454545454545456
cd0e60_2022-05,0.07692307692307693
f1543b_2025-06,0.8928571428571429
022433_2021-05,0.020833333333333332
293190_2019-01,0.3709677419354839
7aa803_2017-04,0.17142857142857143
f1543b_2024-07,0.6744186046511629
022433_2021-06,0.020833333333333332
7aa803_2019-09,0.2465753424657534
7bf5c9_2024-12,0.5588235294117647
f1543b_2014-07,0.06382978723404255
f1543b_2024-12,0.8928571428571429
2ab8ad_2021-02,1.0
f1543b_2017-12,0.2465753424657534
f1543b_2022-05,0.8928571428571429
dc4b5e_2019-05,0.06666666666666667
e2e0ce_2022-11,0.9411764705882353
2ab8ad_2024-09,0.8928571428571429
022433_2020-12,0.04591668602132225
293190_2016-09,0.06741573033707865
74fb1f_2021-08,0.8928571428571429
9b46ed_2023-07,0.8928571428571429
f1543b_2014-05,0.06741573033707865
293190_2019-08,0.17142857142857143
c5df88_2022-11,0.38156090732247505
f1543b_2022-08,0.8928571428571429
7bf5c9_2022-12,0.5588235294117647
7aa803_2020-06,0.45454545454545453
7aa803_2023-07,0.45454545454545453
9b46ed_2023-12,1.0
293190_2016-06,0.3709677419354839
f1543b_2014-09,0.020833333333333332
e2e0ce_2020-02,0.5588235294117647
74fb1f_2020-04,0.45454545454545453
2ab8ad_2019-08,0.06741573033707865
74fb1f_2017-06,0.3709677419354839
74fb1f_2018-05,0.06741573033707865
f1543b_2016-05,0.2465753424657534
f1543b_2024-04,0.6005801575588572
f500c5_2014-03,0.0
a42d13_2017-11,0.2465753424657534
6224d0_2017-06,0.06741573033707865
77e86b_2025-02,0.6744186046511629
94f933_2024-06,0.0
c3a69f_2023-08,0.45454545454545453
94f933_2024-09,0.0
18defd_2024-11,0.8928571428571429
94f933_2024-01,0.0
948a11_2025-04,0.3709677419354839
948a11_2024-12,0.8928571428571429
7aa803_2018-04,0.14285714285714285
f1543b_2018-09,0.45454545454545453
c5df88_2018-05,0.17142857142857143
29849f_2017-02,0.2465753424657534
c580aa_2023-11,1.0
293190_2019-12,0.45454545454545453
e7a56d_2014-10,0.06741573033707865
829a72_2022-04,0.8928571428571429
74b7d1_2023-05,0.8928571428571429
829a72_2017-10,0.3709677419354839
e3af0e_2023-08,1.0
cd0e60_2021-12,0.45454545454545453
74b7d1_2022-06,0.45454545454545453
2ed4f9_2025-07,0.06741573033707865
60a0fd_2024-05,0.6744186046511629
cd0e60_2023-05,0.17142857142857143
7bf5c9_2015-05,0.0
7bf5c9_2018-10,0.45454545454545453
b1de95_2017-06,0.45454545454545453
e3af0e_2021-02,0.8513271440864983
7bf5c9_2026-03,0.5588235294117647
60a0fd_2021-05,0.45454545454545453
e3af0e_2025-08,0.8928571428571429
0874ee_2017-02,0.5588235294117647
98a151_2017-09,0.45454545454545453
c48018_2015-07,0.020833333333333332
6da35b_2024-02,0.06382978723404255
98a151_2022-02,0.45454545454545453
6da35b_2024-10,0.2465753424657534
7e646c_2023-10,0.045454545454545456
6da35b_2025-05,0.2465753424657534
98a151_2023-11,0.7321257316546023
77e86b_2022-05,0.07692307692307693
e3af0e_2018-12,0.3709677419354839
6da35b_2025-01,0.3709677419354839
5ecf9b_2022-10,0.020833333333333332
829a72_2017-04,0.3709677419354839
829a72_2017-07,0.3709677419354839
829a72_2022-02,0.8928571428571429
6da35b_2023-04,0.045454545454545456
60a0fd_2021-09,0.9411764705882353
7e646c_2024-01,0.06101854120528553
98a151_2016-11,0.3709677419354839
60a0fd_2023-03,0.6744186046511629
e3af0e_2021-11,0.8928571428571429
6da35b_2024-08,0.06666666666666667
7e646c_2023-09,0.020833333333333332
b644ac_2024-02,0.020833333333333332
7bf5c9_2025-12,0.8928571428571429
7bf5c9_2025-01,0.5588235294117647
7bf5c9_2025-02,0.5588235294117647
77e86b_2025-06,0.9411764705882353
e3af0e_2022-02,0.5588235294117647
98a151_2020-03,0.8928571428571429
6da35b_2024-03,0.06382978723404255
98a151_2018-06,0.2465753424657534
829a72_2022-06,0.8928571428571429
e3af0e_2019-10,0.8928571428571429
e3af0e_2021-05,0.45454545454545453
19fa84_2015-12,0.020833333333333332
6da35b_2023-02,0.045454545454545456
7bf5c9_2016-09,0.2465753424657534
19fa84_2016-01,0.0
7bf5c9_2022-06,0.6744186046511629
c5df88_2019-11,0.2465753424657534
6224d0_2020-04,1.0
6224d0_2020-06,0.9411764705882353
2ab8ad_2015-08,0.020833333333333332
8d0588_2024-09,0.8928571428571429
b0ff51_2015-04,0.2465753424657534
b0ff51_2022-12,0.8928571428571429
b0ff51_2023-12,0.8928571428571429
8d0588_2017-10,0.6744186046511629
b59bc0_2017-04,0.45454545454545453
2ab8ad_2016-01,0.0
8d0588_2014-06,0.06382978723404255
b59bc0_2014-06,0.045454545454545456
b59bc0_2019-01,0.6744186046511629
b59bc0_2020-01,0.8928571428571429
b0ff51_2016-04,0.020833333333333332
b0ff51_2025-04,0.8928571428571429
8d0588_2024-10,1.0
b59bc0_2014-07,0.045454545454545456
8d0588_2017-03,0.3709677419354839
8d0588_2015-03,0.0
8d0588_2022-09,0.6744186046511629
b0ff51_2020-08,0.9411764705882353
b59bc0_2023-02,1.0
b0ff51_2014-10,0.06741573033707865
b0ff51_2024-01,0.8928571428571429
8d0588_2021-04,0.8928571428571429
f1543b_2017-03,0.07692307692307693
77e86b_2019-10,0.3709677419354839
b0ff51_2021-11,1.0
8d0588_2022-11,0.5696165555250259
b59bc0_2014-03,0.06382978723404255
b59bc0_2022-12,0.6744186046511629
b0ff51_2021-05,1.0
b59bc0_2015-01,0.045454545454545456
b0ff51_2024-09,0.8928571428571429
b59bc0_2019-08,0.7110373935338158
b59bc0_2019-11,0.6744186046511629
8d0588_2017-05,0.5588235294117647
8d0588_2021-09,0.9671472652388822
b0ff51_2017-03,0.5588235294117647
b59bc0_2018-04,0.5588235294117647
b59bc0_2025-05,1.0
b0ff51_2022-05,0.8928571428571429
b0ff51_2025-06,0.8928571428571429
829a72_2015-10,0.045454545454545456
98a151_2015-09,0.020833333333333332
b08ec1_2016-03,0.0
b416b1_2017-02,0.3709677419354839
77e86b_2018-08,0.45454545454545453
545d15_2023-01,0.5
ab32d7_2024-08,0.2465753424657534
6224d0_2015-09,0.0
74b7d1_2021-12,0.45454545454545453
c580aa_2020-01,0.9411764705882353
ab32d7_2023-08,0.0
9b3bd5_2025-01,0.020833333333333332
545d15_2025-11,0.6744186046511629
545d15_2022-07,0.3709677419354839
ab32d7_2022-07,0.020833333333333332
5ecf9b_2024-07,0.17142857142857143
c580aa_2017-02,0.5588235294117647
ab32d7_2023-09,0.0
545d15_2024-07,0.8928571428571429
545d15_2024-10,0.8928571428571429
545d15_2025-10,0.8928571428571429
ab32d7_2023-06,0.020833333333333332
8b98f3_2022-12,0.0
545d15_2022-12,0.38461538461538464
545d15_2023-06,0.8928571428571429
4f2b6b_2023-01,0.0
0cecbd_2021-11,0.8928571428571429
7a007d_2018-07,0.45454545454545453
4718d7_2020-11,0.8928571428571429
74b7d1_2020-04,0.8928571428571429
8b98f3_2022-11,0.0
74b7d1_2020-11,0.8448503620516148
5ecf9b_2025-06,0.2465753424657534
ab32d7_2023-10,0.020833333333333332
5ecf9b_2024-03,0.2465753424657534
8b98f3_2022-09,0.020833333333333332
8b98f3_2023-10,0.14285714285714285
ab32d7_2023-03,0.06382978723404255
77e86b_2015-02,0.045454545454545456
259a19_2017-05,0.45454545454545453
948a11_2024-03,0.45454545454545453
1698cf_2021-02,0.8928571428571429
6f5e2b_2014-10,0.0
e361b7_2015-03,0.045454545454545456
b73bc7_2017-04,0.5588235294117647
b73bc7_2023-05,0.9411764705882353
fd589c_2015-06,0.020833333333333332
894378_2021-06,0.537920094811053
8ec563_2016-07,0.2465753424657534
e4bc80_2021-06,0.6744186046511629
894378_2018-05,0.07692307692307693
19fa84_2017-06,0.3709677419354839
c580aa_2016-02,0.020833333333333332
3db670_2022-02,0.9411764705882353
3db670_2018-11,0.9591980038470036
19fa84_2017-02,0.2465753424657534
19fa84_2022-02,0.3709677419354839
06534f_2022-06,1.0
e361b7_2019-02,0.2465753424657534
3a13b3_2023-09,1.0
8ec563_2019-05,0.45454545454545453
06534f_2017-11,0.8928571428571429
fd589c_2016-02,0.045454545454545456
e361b7_2018-03,0.2465753424657534
e361b7_2019-01,0.3709677419354839
e4bc80_2019-01,0.3709677419354839
19fa84_2015-04,0.06666666666666667
3a13b3_2023-03,1.0
e361b7_2018-10,0.6666666666666666
1bdb97_2024-03,0.3709677419354839
3a13b3_2022-07,0.9579902550047775
b73bc7_2015-07,0.020833333333333332
b73bc7_2020-10,1.0
e361b7_2019-12,0.5588235294117647
c5816f_2024-02,0.5588235294117647
8ec563_2018-12,0.3709677419354839
8ec563_2020-01,0.8928571428571429
c5816f_2018-03,0.3709677419354839
fd589c_2014-06,0.020833333333333332
894378_2021-07,0.6744186046511629
74b7d1_2019-05,0.2465753424657534
3a13b3_2024-06,1.0
19fa84_2016-05,0.0
3a13b3_2025-03,1.0
c580aa_2025-01,1.0
3db670_2024-12,1.0
b1de95_2021-04,1.0
b1de95_2022-06,1.0
e361b7_2016-02,0.0
0874ee_2014-06,0.0
b73bc7_2023-07,1.0
3db670_2018-07,0.8928571428571429
fd589c_2016-01,0.020833333333333332
e4bc80_2019-06,0.3709677419354839
894378_2019-07,0.8928571428571429
3db670_2015-08,0.0
3db670_2025-09,0.8928571428571429
894378_2025-03,0.8928571428571429
3db670_2015-09,0.0
b1de95_2022-11,0.9411764705882353
3a13b3_2016-08,0.17142857142857143
3db670_2018-09,0.8928571428571429
e361b7_2020-04,1.0
06534f_2014-12,0.06670667761659485
8ec563_2019-04,0.42857142857142855
c580aa_2016-06,0.45454545454545453
19fa84_2019-05,0.3709677419354839
3a13b3_2021-02,1.0
3a13b3_2024-07,0.9411764705882353
c580aa_2025-06,1.0
06534f_2021-07,1.0
e361b7_2017-05,0.42857142857142855
e4bc80_2018-01,0.3709677419354839
894378_2018-01,0.2465753424657534
894378_2019-02,0.07631951562662052
06534f_2022-09,1.0
0e8d73_2025-09,0.45454545454545453
19fa84_2019-10,0.8928571428571429
d59611_2022-02,0.9411764705882353
4f2b6b_2024-02,0.0
c3a69f_2015-04,0.06425069981725613
c3a69f_2018-05,0.07692307692307693
a25664_2017-11,0.38461538461538464
74b7d1_2018-11,0.38461538461538464
98a151_2018-09,0.5588235294117647
2ab8ad_2019-07,0.06741573033707865
98a151_2023-01,0.5588235294117647
98a151_2017-04,0.17142857142857143
60a0fd_2022-09,0.5588235294117647
a42d13_2014-07,0.0
06534f_2018-07,0.8928571428571429
77e86b_2017-04,0.2465753424657534
06534f_2018-09,0.5588235294117647
0874ee_2022-01,0.38461538461538464
0874ee_2020-01,0.45454545454545453
259a19_2016-11,0.2465753424657534
b1de95_2016-05,0.0
74fb1f_2017-12,0.07692307692307693
293190_2018-09,0.3709677419354839
8ec563_2015-10,0.06382978723404255
293190_2017-01,0.3709677419354839
293190_2017-04,0.2465753424657534
e2e0ce_2015-06,0.020833333333333332
7aa803_2017-07,0.42857142857142855
b1de95_2016-07,0.0
2ab8ad_2017-06,0.3709677419354839
c580aa_2016-03,0.06741573033707865
6f5e2b_2017-10,0.2465753424657534
e7a56d_2015-01,0.0
e7a56d_2017-05,0.2465753424657534
c48018_2020-10,0.5588235294117647
e7a56d_2018-10,0.5
0874ee_2020-10,0.3709677419354839
987bc1_2020-06,0.8928571428571429
0874ee_2017-07,0.45454545454545453
c48018_2016-10,0.3709677419354839
c48018_2023-02,0.6744186046511629
b1de95_2018-10,0.6744186046511629
e7a56d_2018-11,0.5588235294117647
7aa803_2018-03,0.06741573033707865
175155_2020-06,0.8928571428571429
18defd_2022-05,0.5588235294117647
c48018_2022-11,0.6744186046511629
18defd_2020-11,0.5588235294117647
18defd_2021-05,0.5588235294117647
18defd_2021-07,0.5588235294117647
987bc1_2021-02,0.8928571428571429
18defd_2016-08,0.17142857142857143
c48018_2016-04,0.0
c48018_2022-04,0.6744186046511629
5a0174_2017-06,0.45454545454545453
4718d7_2015-04,0.045454545454545456
c48018_2020-12,0.5588235294117647
bc4c03_2017-07,0.17142857142857143
e7a56d_2020-06,0.8928571428571429
259a19_2018-09,0.45454545454545453
d59611_2016-08,0.45454545454545453
c48018_2021-11,0.5588235294117647
1822ea_2016-01,0.020833333333333332
a25664_2021-02,0.8928571428571429
c48018_2021-08,0.5588235294117647
d59611_2015-08,0.0
1698cf_2018-10,0.3709677419354839
c3a69f_2019-10,0.45454545454545453
c3a69f_2019-05,0.07692307692307693
c3a69f_2019-08,0.38461538461538464
c580aa_2015-09,0.0
439fde_2017-02,0.17142857142857143
4718d7_2021-06,1.0
87cfea_2022-06,0.6744186046511629
83894c_2022-02,0.2465753424657534
34889b_2016-05,0.3709677419354839
83894c_2019-07,0.2465753424657534
5a0174_2015-05,0.0
e3af0e_2014-03,0.020833333333333332
83894c_2020-12,0.3709677419354839
e3af0e_2015-07,0.0
5a0174_2020-06,0.8928571428571429
87cfea_2024-01,0.45454545454545453
99c11c_2022-01,0.6744186046511629
90abb1_2016-10,0.5588235294117647
77b3b9_2017-05,0.06741573033707865
6f5e2b_2017-05,0.38461538461538464
99c11c_2022-04,0.45454545454545453
83894c_2020-11,0.3709677419354839
99c11c_2023-07,0.45454545454545453
98a151_2016-02,0.06382978723404255
829a72_2021-07,0.8928571428571429
e3af0e_2016-04,0.07692307692307693
6f5e2b_2017-09,0.45454545454545453
f461d4_2021-05,0.9411764705882353
99c11c_2020-03,0.2465753424657534
60a0fd_2015-07,0.0
175155_2016-02,0.0
8fabe0_2018-10,0.6744186046511629
8fabe0_2025-09,0.8928571428571429
83894c_2024-11,0.8928571428571429
6f5e2b_2018-09,0.42857142857142855
db4cd8_2017-11,0.3709677419354839
8fabe0_2020-05,0.8928571428571429
f461d4_2016-12,0.3709677419354839
829a72_2021-05,0.8928571428571429
175155_2016-04,0.020833333333333332
1698cf_2025-09,0.8928571428571429
5a0174_2016-03,0.0
8fabe0_2016-10,0.2465753424657534
8fabe0_2017-03,0.3709677419354839
259a19_2017-01,0.3709677419354839
fd589c_2017-04,0.3709677419354839
e3af0e_2017-11,0.3709677419354839
829a72_2015-07,0.0
f461d4_2020-04,1.0
d59611_2016-04,0.07692307692307693
87cfea_2019-07,0.07692307692307693
175155_2015-12,0.020833333333333332
e7a56d_2016-02,0.020833333333333332
14fe3a_2020-04,0.8928571428571429
e427f8_2022-06,0.06741573033707865
d86999_2024-05,0.6744186046511629
29849f_2022-03,0.8928571428571429
8ec563_2018-09,0.5
77c35f_2022-07,0.06666666666666667
e427f8_2022-02,0.06382978723404255
f461d4_2017-12,0.3709677419354839
88a9a6_2015-10,0.0
14fe3a_2021-02,0.8928571428571429
e4bc80_2016-10,0.17142857142857143
1bdb97_2025-01,0.2465753424657534
e4bc80_2016-07,0.17142857142857143
e4bc80_2017-01,0.3709677419354839
d86999_2024-11,0.8928571428571429
d86999_2023-02,0.8928571428571429
14fe3a_2020-09,0.8928571428571429
8ec563_2016-04,0.0
894378_2017-12,0.3709677419354839
e4bc80_2017-02,0.2465753424657534
8ec563_2016-01,0.0
14fe3a_2020-07,0.8928571428571429
c3a69f_2019-03,0.07692307692307693
c3a69f_2020-03,0.5588235294117647
439fde_2018-12,0.06741573033707865
bf6f0d_2017-04,0.045454545454545456
0f9e86_2020-06,0.6744186046511629
60a0fd_2018-08,0.45454545454545453
98a151_2020-08,0.9411764705882353
829a72_2018-08,0.2465753424657534
439fde_2016-05,0.0
77e86b_2018-07,0.45454545454545453
9af74c_2021-01,1.0
375f2e_2016-09,0.0
bc4c03_2015-07,0.0
bc4c03_2017-03,0.2465753424657534
77b3b9_2015-06,0.0
90abb1_2015-05,0.0
9af74c_2017-08,0.2465753424657534
92dcdd_2020-06,0.06741573033707865
3a13b3_2021-12,0.9411764705882353
77b3b9_2016-03,0.0
c3a69f_2021-12,0.6744186046511629
439fde_2022-12,0.8928571428571429
439fde_2022-04,0.8928571428571429
87cfea_2021-07,0.3709677419354839
87cfea_2023-10,0.45454545454545453
99c11c_2024-05,0.45454545454545453
83894c_2019-02,0.17142857142857143
87cfea_2023-12,0.45454545454545453
439fde_2024-01,1.0
87cfea_2017-07,0.020833333333333332
87cfea_2023-06,0.3709677419354839
87cfea_2025-07,0.5588235294117647
c3a69f_2020-12,0.8928571428571429
439fde_2017-04,0.2465753424657534
99c11c_2023-04,0.2465753424657534
c3a69f_2015-05,0.0
87cfea_2022-11,0.45454545454545453
87cfea_2023-11,0.45454545454545453
99c11c_2021-09,0.3709677419354839
99c11c_2022-11,0.3709677419354839
c3a69f_2015-07,0.020833333333333332
c3a69f_2020-05,0.8928571428571429
83894c_2019-12,0.06741573033707865
87cfea_2024-10,0.5
87cfea_2025-05,0.6744186046511629
83894c_2022-01,0.3709677419354839
87cfea_2023-09,0.45454545454545453
99c11c_2019-11,0.06741573033707865
87cfea_2022-02,0.8928571428571429
83894c_2018-07,0.2465753424657534
439fde_2017-01,0.2465753424657534
99c11c_2021-10,0.45454545454545453
99c11c_2017-02,0.0
439fde_2016-10,0.2465753424657534
83894c_2021-05,0.6744186046511629
87cfea_2021-04,0.6666666666666666
439fde_2020-10,0.8928571428571429
83894c_2021-06,0.5588235294117647
99c11c_2023-06,0.3709677419354839
34889b_2015-06,0.06686607792772672
a25664_2017-06,0.45454545454545453
34889b_2018-11,0.5588235294117647
34889b_2015-05,0.06741573033707865
7199cf_2023-06,0.17142857142857143
34889b_2017-05,0.45454545454545453
87cfea_2020-01,0.14285714285714285
29849f_2021-10,0.8928571428571429
f4604d_2017-11,0.2465753424657534
29849f_2021-03,0.8928571428571429
d59611_2018-09,0.45454545454545453
29849f_2020-07,0.6744186046511629
29849f_2021-06,0.8928571428571429
29849f_2021-08,0.8928571428571429
7aa803_2016-03,0.0
7aa803_2017-09,0.2465753424657534
f4604d_2018-07,0.14285714285714285
bf6f0d_2014-11,0.020833333333333332
531356_2020-12,0.8928571428571429
77b3b9_2016-12,0.2465753424657534
29849f_2015-05,0.06382978723404255
06534f_2020-10,1.0
3a13b3_2022-06,0.8928571428571429
a42d13_2016-10,0.5
3a13b3_2022-05,1.0
c580aa_2021-01,0.9411764705882353
88a9a6_2018-11,0.3709677419354839
0cecbd_2015-11,0.0
948a11_2025-01,0.6666666666666666
06534f_2020-08,1.0
a42d13_2016-08,0.45454545454545453
c580aa_2021-05,0.9411764705882353
8d0588_2015-12,0.0
87cfea_2016-10,0.0
af81b0_2018-08,0.5588235294117647
87cfea_2016-07,0.0
fc2511_2025-06,0.06741573033707865
74b7d1_2016-07,0.0
77e86b_2016-10,0.17142857142857143
77e86b_2016-08,0.14285714285714285
88a9a6_2015-11,0.0
87cfea_2018-04,0.3723682895553101
bf6f0d_2020-06,0.8928571428571429
6224d0_2016-07,0.2465753424657534
5a0174_2021-04,1.0
90abb1_2018-08,0.2465753424657534
5a0174_2021-03,1.0
87cfea_2018-10,0.3709677419354839
87cfea_2018-03,0.06741573033707865
af81b0_2020-07,0.5588235294117647
af81b0_2016-04,0.06741573033707865
4fb2d3_2016-05,0.0
af81b0_2016-06,0.06741573033707865
bc4c03_2020-06,0.6744186046511629
af81b0_2020-04,0.45454545454545453
b416b1_2016-04,0.06382978723404255
fb34b4_2022-10,0.045454545454545456
af81b0_2016-09,0.06741573033707865
77b3b9_2018-08,0.2465753424657534
e2e0ce_2017-12,0.45454545454545453
cd0e60_2024-02,0.45454545454545453
7aa803_2016-06,0.06382978723404255
cd0e60_2025-07,0.8928571428571429
6c1954_2019-05,0.06741573033707865
8005b9_2015-12,0.06382978723404255
34889b_2021-06,0.8928571428571429
c5df88_2015-08,0.06473776742155603
f4604d_2015-09,0.0
fc77d0_2016-11,0.45454545454545453
c5df88_2017-09,0.3709677419354839
fc77d0_2016-10,0.45454545454545453
fc77d0_2017-01,0.45454545454545453
fd589c_2018-10,0.5588235294117647
0874ee_2016-12,0.45454545454545453
1698cf_2016-04,0.0
293190_2017-10,0.3709677419354839
c5df88_2017-07,0.3709677419354839
9b46ed_2025-09,0.6744186046511629
9b46ed_2017-11,0.3709677419354839
34889b_2017-12,0.45454545454545453
b08ec1_2016-07,0.3709677419354839
b08ec1_2017-10,0.17142857142857143
7aa803_2018-11,0.2465753424657534
dc4b5e_2021-04,0.6142273849095236
b08ec1_2021-01,0.8928571428571429
0cecbd_2016-08,0.0
99c11c_2018-12,0.17142857142857143
99c11c_2025-06,0.6666666666666666
fc77d0_2016-04,0.3709677419354839
b1de95_2017-03,0.6744186046511629
fc77d0_2016-03,0.2465753424657534
99c11c_2019-05,0.2465753424657534
99c11c_2025-03,0.6744186046511629
a97df3_2020-10,0.045454545454545456
87cfea_2017-10,0.0
99c11c_2018-08,0.17142857142857143
894378_2017-10,0.45454545454545453
74b7d1_2016-04,0.0
b1de95_2017-12,0.8928571428571429
dc4b5e_2020-04,0.0
99c11c_2025-04,0.6666666666666666
0cecbd_2016-11,0.0
3a13b3_2018-09,0.6744186046511629
829a72_2018-09,0.2465753424657534
8ec563_2020-06,0.8928571428571429
b0ff51_2015-12,0.06382978723404255
829a72_2015-11,0.0
af81b0_2022-05,0.8928571428571429
af81b0_2021-08,0.8928571428571429
af81b0_2021-01,0.8928571428571429
af81b0_2022-01,0.8928571428571429
60a0fd_2015-09,0.0
fc77d0_2017-09,0.06741573033707865
b1de95_2015-08,0.0
4fb2d3_2016-04,0.0
c5df88_2015-09,0.0
94f933_2023-02,0.09545004255230863
19fa84_2020-07,0.8928571428571429
19fa84_2020-09,0.8928571428571429
fd589c_2020-07,0.8928571428571429
fd589c_2020-04,0.9411764705882353
6c1954_2020-12,0.07692307692307693
b416b1_2018-11,0.3709677419354839
6c1954_2020-09,0.06741573033707865
c5df88_2016-06,0.0
74fb1f_2018-07,0.17142857142857143
74fb1f_2017-08,0.3709677419354839
74fb1f_2015-05,0.0
c5df88_2016-07,0.0
7aa803_2016-09,0.07692307692307693
74fb1f_2015-11,0.0
9b46ed_2015-07,0.0
e2e0ce_2015-12,0.0
c5df88_2016-03,0.0
83894c_2020-05,0.3709677419354839
87cfea_2020-04,0.45454545454545453
c5816f_2016-07,0.3709677419354839
e4bc80_2020-05,0.8928571428571429
db4cd8_2017-09,0.45454545454545453
90abb1_2018-11,0.45454545454545453
fd589c_2016-09,0.3709677419354839
8ec563_2015-06,0.020833333333333332
1698cf_2015-11,0.0
894378_2016-03,0.0
e4bc80_2017-03,0.45454545454545453
b0ff51_2016-10,0.8928571428571429
83894c_2016-09,0.0
a42d13_2022-08,0.8928571428571429
a42d13_2021-11,0.8928571428571429
a42d13_2022-09,0.8928571428571429
a25664_2017-01,0.07692307692307693
a42d13_2021-10,0.8928571428571429
439fde_2017-07,0.45454545454545453
a25664_2016-06,0.0
a42d13_2019-02,0.8928571428571429
77e86b_2017-01,0.17142857142857143
a42d13_2021-05,0.8928571428571429
a42d13_2019-04,0.8928571428571429
1b9e65_2018-07,0.17142857142857143
db5006_2016-04,0.0
f4604d_2016-09,0.0
175155_2020-05,0.8928571428571429
f4604d_2016-12,0.07692307692307693
531356_2015-05,0.020833333333333332
375f2e_2016-01,0.020833333333333332
7a007d_2017-07,0.3709677419354839
c5df88_2015-05,0.020833333333333332
894378_2020-09,0.9411764705882353
e361b7_2020-06,0.8928571428571429
b73bc7_2016-04,0.07692307692307693
1822ea_2016-08,0.045454545454545456
1b9e65_2015-05,0.06666666666666667
bf6f0d_2018-09,0.45454545454545453
531356_2021-04,0.8928571428571429
db5006_2021-09,0.8928571428571429
f4604d_2021-04,0.8928571428571429
1b9e65_2016-04,0.020833333333333332
531356_2021-05,0.8928571428571429
29849f_2015-08,0.020833333333333332
29849f_2018-08,0.2465753424657534
29849f_2016-04,0.0
6f5e2b_2018-08,0.45454545454545453
293190_2024-08,0.9411764705882353
88a9a6_2016-03,0.020833333333333332
14fe3a_2018-11,0.45454545454545453
293190_2024-12,0.8928571428571429
2ab8ad_2016-10,0.020833333333333332
c5df88_2026-04,0.8928571428571429
c5df88_2024-04,0.8928571428571429
c5df88_2025-09,0.8928571428571429
c5df88_2025-05,0.8928571428571429
293190_2025-10,0.8928571428571429
c5df88_2020-08,0.8928571428571429
293190_2025-08,0.8928571428571429
c5df88_2025-06,0.8928571428571429
9b46ed_2016-11,0.045454545454545456
9b46ed_2016-03,0.0
293190_2025-02,0.8928571428571429
f4604d_2020-07,0.5588235294117647
1996b0_2023-12,0.0
e3af0e_2018-07,0.45454545454545453
f4604d_2020-08,0.5588235294117647
1996b0_2022-12,0.0
1996b0_2023-08,0.0
f4604d_2020-10,0.5588235294117647
1996b0_2024-02,0.0
1996b0_2024-08,0.2465753424657534
f4604d_2020-11,0.5588235294117647
e361b7_2015-09,0.0
e83244_2025-09,0.8928571428571429
d86999_2020-04,0.8928571428571429
06534f_2015-12,0.0
4718d7_2016-02,0.0
4718d7_2016-04,0.2465753424657534
4718d7_2015-10,0.0
7a007d_2021-03,0.8928571428571429
90abb1_2020-05,0.9411764705882353
7a007d_2022-05,0.8928571428571429
74b7d1_2017-01,0.06741573033707865
7a007d_2020-01,0.38461538461538464
7a007d_2022-07,0.8928571428571429
b08ec1_2015-08,0.06382978723404255
d59611_2016-03,0.06741573033707865
7a007d_2020-06,0.45454545454545453
7a007d_2022-10,0.8928571428571429
e7a56d_2016-08,0.2465753424657534
e7a56d_2016-07,0.2465753424657534
7a007d_2023-07,0.8928571428571429
bf6f0d_2018-07,0.38461538461538464
b59bc0_2015-05,0.06741573033707865
bf6f0d_2020-05,0.8928571428571429
b0ff51_2015-05,0.06741573033707865
8d0588_2016-10,0.6744186046511629
0cecbd_2017-11,0.45454545454545453
b0ff51_2015-09,0.020833333333333332
e60b65_2018-04,0.020833333333333332
b416b1_2018-02,0.06741573033707865
f461d4_2022-09,0.45454545454545453
bc4c03_2024-04,0.8928571428571429
db4cd8_2023-02,0.6666666666666666
d59611_2021-08,0.9411764705882353
d59611_2023-04,0.5588235294117647
d59611_2025-03,1.0
987bc1_2022-03,0.8928571428571429
92dcdd_2020-01,0.0
92dcdd_2023-03,0.8928571428571429
3db670_2025-01,0.8928571428571429
06534f_2016-11,0.2465753424657534
3a13b3_2014-07,0.06382978723404255
e2314a_2019-09,0.8928571428571429
e2314a_2023-04,0.8928571428571429
1b9e65_2024-03,0.5588235294117647
fb737b_2024-11,0.6744186046511629
e60b65_2020-12,0.8928571428571429
e60b65_2022-12,0.8928571428571429
a25664_2025-01,1.0
77b3b9_2023-07,1.0
90abb1_2019-10,0.8928571428571429
fc77d0_2018-01,0.06720538903524617
375f2e_2024-01,1.0
987bc1_2022-07,0.5588235294117647
11f0e3_2018-12,0.2465753424657534
11f0e3_2021-01,0.5
fc9334_2022-08,0.3709677419354839
8bd3ce_2024-08,0.6744186046511629
8bd3ce_2025-02,0.8928571428571429
0f9e86_2021-07,0.2465753424657534
9cf1af_2024-10,0.5588235294117647
4718d7_2014-11,0.020833333333333332
5a0174_2015-01,0.0
4ee2d2_2025-02,0.0
b416b1_2022-12,0.45454545454545453
b416b1_2024-05,0.9411764705882353
175155_2024-06,0.8928571428571429
db4cd8_2024-04,0.45454545454545453
db4cd8_2018-05,0.020833333333333332
14fe3a_2018-04,0.020833333333333332
8005b9_2022-08,0.45454545454545453
b08ec1_2014-08,0.020833333333333332
b08ec1_2023-05,0.5588235294117647
9af74c_2022-01,0.8928571428571429
29849f_2019-12,0.45454545454545453
06534f_2025-03,0.8928571428571429
6224d0_2015-05,0.045454545454545456
0874ee_2020-03,0.8928571428571429
175155_2018-05,0.06382978723404255
6838b9_2021-07,0.2465753424657534
532867_2023-10,0.06263079057532395
f25ffe_2023-07,0.06382978723404255
987bc1_2015-06,0.06382978723404255
731908_2017-03,0.22843158571450412
8fb6f0_2024-11,0.5588235294117647
fb737b_2019-11,0.06741573033707865
6838b9_2022-04,0.3709677419354839
1698cf_2019-07,0.5588235294117647
34889b_2019-03,0.45454545454545453
14fe3a_2015-03,0.0
b08ec1_2019-09,0.38461538461538464
92dcdd_2019-04,0.0
af81b0_2020-02,0.5588235294117647
f4604d_2025-08,0.6744186046511629
e2314a_2016-03,0.0
e83244_2019-08,0.8928571428571429
f25ffe_2025-01,0.045454545454545456
0ffc2d_2022-08,0.0
e427f8_2024-10,0.45454545454545453
e427f8_2025-03,0.3709677419354839
9befc8_2025-05,0.6744186046511629
4718d7_2025-05,0.8928571428571429
5a0174_2019-10,0.5588235294117647
5a0174_2023-07,0.8928571428571429
b416b1_2019-05,0.42857142857142855
f461d4_2014-05,0.0
f461d4_2017-02,0.2465753424657534
b416b1_2020-05,0.9411764705882353
34889b_2014-11,0.020833333333333332
34889b_2021-10,0.8654171514679121
14fe3a_2021-12,0.8928571428571429
b08ec1_2014-07,0.020833333333333332
375f2e_2023-08,0.8928571428571429
987bc1_2019-06,0.45454545454545453
b73bc7_2014-09,0.06741573033707865
531356_2018-07,0.45454545454545453
e2314a_2020-03,1.0
e83244_2025-08,0.8928571428571429
6224d0_2016-10,0.2465753424657534
77b3b9_2019-07,0.5588235294117647
90abb1_2025-02,0.8928571428571429
9af74c_2021-04,1.0
11f0e3_2021-04,0.2465753424657534
11f0e3_2024-01,0.45454545454545453
bfbeef_2023-10,0.6744186046511629
77c35f_2025-08,0.07692307692307693
fa8553_2024-10,0.5588235294117647
11f0e3_2017-03,0.07692307692307693
fb737b_2024-10,0.5588235294117647
6f5e2b_2024-02,1.0
259a19_2019-06,0.5588235294117647
259a19_2025-04,0.8928571428571429
d59611_2023-11,0.8928571428571429
90abb1_2018-06,0.04008128505938034
14fe3a_2025-01,0.8928571428571429
8005b9_2019-07,0.45454545454545453
fc77d0_2018-02,0.06741573033707865
3a13b3_2016-01,0.06741573033707865
06534f_2024-09,0.8928571428571429
e83244_2024-08,0.8928571428571429
e60b65_2018-11,0.5588235294117647
6838b9_2025-08,0.8928571428571429
532867_2023-11,0.06382978723404255
77b3b9_2014-09,0.06382978723404255
375f2e_2024-11,0.8928571428571429
302d40_2023-08,0.0
11f0e3_2024-06,0.45454545454545453
a97df3_2023-05,0.3709677419354839
780a0b_2015-04,0.020833333333333332
0f9e86_2019-01,0.3709677419354839
9cf1af_2022-07,0.06382978723404255
6f5e2b_2015-04,0.020833333333333332
b416b1_2016-08,0.020833333333333332
175155_2024-07,0.8928571428571429
34889b_2025-05,0.6744186046511629
8005b9_2019-08,0.45454545454545453
8005b9_2021-02,0.8928571428571429
375f2e_2019-09,0.45454545454545453
9af74c_2014-05,0.020833333333333332
4fb2d3_2024-08,0.8928571428571429
af81b0_2019-01,0.45454545454545453
29849f_2024-06,0.9727960228829656
06534f_2016-10,0.2465753424657534
e2314a_2015-08,0.020833333333333332
e2314a_2017-01,0.06666666666666667
e2314a_2017-08,0.14285714285714285
6224d0_2015-04,0.06741573033707865
6838b9_2022-08,0.3739660771257654
987bc1_2014-12,0.0
11f0e3_2017-01,0.2465753424657534
dc4b5e_2024-11,0.8928571428571429
780a0b_2017-01,0.11905837374759473
fc9334_2023-04,0.8928571428571429
a25664_2022-12,0.8928571428571429
a25664_2019-03,0.5
34889b_2019-04,0.42857142857142855
14fe3a_2022-05,0.8928571428571429
8005b9_2021-04,0.9411764705882353
8005b9_2025-02,0.8928571428571429
b08ec1_2021-07,0.8928571428571429
b08ec1_2025-07,1.0
375f2e_2015-04,0.06741573033707865
3db670_2017-05,0.5192703282460773
f4604d_2023-03,0.3709677419354839
e2314a_2017-05,0.2465753424657534
bc4c03_2019-11,0.8928571428571429
a25664_2018-04,0.06741573033707865
4fb2d3_2014-08,0.045454545454545456
92dcdd_2024-04,0.8928571428571429
11f0e3_2023-08,0.3709677419354839
9befc8_2014-12,0.0
9befc8_2021-06,0.3709677419354839
9befc8_2024-05,0.6666666666666666
8fb6f0_2021-11,0.2465753424657534
0f9e86_2016-06,0.020833333333333332
0f9e86_2023-12,0.45454545454545453
8fabe0_2022-04,0.6744186046511629
bc4c03_2022-04,0.5588235294117647
1698cf_2018-06,0.06666666666666667
1698cf_2023-10,0.5588235294117647
1698cf_2025-07,0.9411764705882353
34889b_2019-08,0.5
34889b_2024-10,0.8928571428571429
fc77d0_2021-12,0.5588235294117647
9af74c_2019-10,0.8928571428571429
e2314a_2022-08,0.8928571428571429
e83244_2024-05,1.0
bc4c03_2024-10,1.0
fc77d0_2019-03,0.506717710050342
9af74c_2025-05,1.0
513080_2025-08,0.38461538461538464
11f0e3_2017-08,0.2465753424657534
780a0b_2016-09,0.06741573033707865
dbb709_2023-06,0.0
0f9e86_2020-08,0.5588235294117647
0f9e86_2016-01,0.0
fb737b_2023-06,0.07692307692307693
d59611_2024-10,0.5588235294117647
987bc1_2019-04,0.2465753424657534
b1de95_2015-04,0.06741573033707865
06534f_2025-04,0.8928571428571429
b73bc7_2023-09,0.9411764705882353
6224d0_2023-06,0.45454545454545453
e60b65_2014-08,0.04513997951163746
e60b65_2021-07,0.8928571428571429
5a0174_2022-07,0.5588235294117647
1822ea_2014-12,0.0
9af74c_2018-07,0.3709677419354839
302d40_2024-02,0.020833333333333332
11f0e3_2022-09,0.45454545454545453
e427f8_2023-09,0.0
9cf1af_2023-07,0.020833333333333332
f4604d_2014-12,0.020833333333333332
4718d7_2019-01,0.8928571428571429
f461d4_2014-11,0.045454545454545456
f461d4_2025-06,0.6744186046511629
db4cd8_2021-06,0.8928571428571429
d59611_2014-05,0.0
90abb1_2021-09,0.8928571428571429
375f2e_2023-07,0.8928571428571429
987bc1_2023-04,0.5
af81b0_2015-04,0.020833333333333332
af81b0_2018-12,0.3709677419354839
f4604d_2023-06,0.5588235294117647
e2314a_2015-11,0.0
e2314a_2017-12,0.06536638736535898
e2314a_2022-01,1.0
e83244_2017-03,0.06741573033707865
e83244_2021-04,1.0
4718d7_2022-08,0.5588235294117647
4718d7_2022-09,0.8928571428571429
1698cf_2020-02,0.8928571428571429
11f0e3_2018-01,0.06741573033707865
9befc8_2023-11,0.3709677419354839
8bd3ce_2025-01,0.8928571428571429
0f9e86_2018-02,0.07692307692307693
9cf1af_2025-01,0.500416495417902
4718d7_2014-12,0.0
8fabe0_2019-10,0.8928571428571429
b416b1_2016-09,0.020833333333333332
f461d4_2025-05,0.6744186046511629
259a19_2025-08,0.8928571428571429
a25664_2025-03,1.0
a42d13_2017-04,0.3709677419354839
db4cd8_2024-02,1.0
b08ec1_2020-02,0.5588235294117647
9af74c_2019-05,0.3709677419354839
9af74c_2024-02,0.9411764705882353
06534f_2018-06,0.6744186046511629
e2314a_2022-06,0.8928571428571429
e83244_2015-10,0.0
e83244_2023-05,0.8928571428571429
e60b65_2019-05,0.5588235294117647
a25664_2021-04,0.8928571428571429
f25ffe_2023-08,0.06741573033707865
fc77d0_2015-05,0.020833333333333332
4fb2d3_2019-01,0.45454545454545453
4fb2d3_2022-11,0.8928571428571429
8e41cf_2022-03,0.45454545454545453
11f0e3_2019-09,0.45454545454545453
dc4b5e_2023-06,0.2465753424657534
9f1aa0_2019-06,0.17142857142857143
780a0b_2017-05,0.09551756627275851
dbb709_2024-07,0.3709677419354839
b416b1_2021-08,0.8928571428571429
175155_2024-10,0.8928571428571429
bc4c03_2023-03,0.8928571428571429
6838b9_2019-08,0.0
6838b9_2024-10,0.9411764705882353
1698cf_2017-05,0.3709677419354839
d59611_2017-06,0.3709677419354839
b08ec1_2021-11,0.45454545454545453
4fb2d3_2022-06,0.5588235294117647
29849f_2019-09,0.2465753424657534
29849f_2025-01,0.8928571428571429
06534f_2025-06,0.9411764705882353
e60b65_2020-04,0.8928571428571429
0874ee_2020-02,0.45454545454545453
a25664_2023-05,0.45454545454545453
fc77d0_2021-10,0.8928571428571429
265164_2025-04,0.0
987bc1_2024-03,0.9411764705882353
4fb2d3_2020-11,0.8928571428571429
11f0e3_2020-11,0.5588235294117647
731908_2019-03,0.45454545454545453
94f933_2023-04,0.020833333333333332
532867_2024-04,0.0
4f2b6b_2023-08,0.0
1698cf_2015-04,0.06666666666666667
1698cf_2024-10,0.8928571428571429
d59611_2015-03,0.0
14fe3a_2022-09,0.8928571428571429
fc77d0_2023-08,0.862298281753173
7a007d_2018-02,0.2465753424657534
f4604d_2020-03,0.8928571428571429
e83244_2022-05,0.8928571428571429
6224d0_2020-01,0.8928571428571429
0e8d73_2023-07,0.0
6838b9_2021-11,0.3709677419354839
92dcdd_2022-01,0.2465753424657534
bfbeef_2022-03,0.45454545454545453
77b3b9_2015-02,0.0
4718d7_2014-04,0.0
b416b1_2021-04,0.8928571428571429
a25664_2019-02,0.06671459922293618
a25664_2020-02,0.5588235294117647
db4cd8_2022-04,0.6744186046511629
d59611_2022-11,0.6666666666666666
90abb1_2024-02,0.8928571428571429
14fe3a_2023-12,1.0
af81b0_2023-10,0.8928571428571429
29849f_2025-05,0.8928571428571429
4ee2d2_2024-01,0.020833333333333332
175155_2015-01,0.0
175155_2018-01,0.2465753424657534
175155_2023-04,0.45454545454545453
a25664_2024-10,0.8928571428571429
0ffc2d_2019-05,0.06382978723404255
0ffc2d_2019-10,0.06382978723404255
fc77d0_2022-06,0.5588235294117647
8e41cf_2024-01,0.5588235294117647
731908_2015-05,0.020833333333333332
dc4b5e_2025-02,0.8928571428571429
9befc8_2015-09,0.0
780a0b_2014-11,0.0
780a0b_2024-10,0.5588235294117647
8fb6f0_2025-05,0.5588235294117647
dbb709_2024-09,0.3709677419354839
8bd3ce_2022-12,0.6744186046511629
9cf1af_2022-04,0.06382978723404255
d86999_2015-08,0.0
4718d7_2025-08,0.5588235294117647
0e8d73_2025-03,0.3709677419354839
b416b1_2017-05,0.45454545454545453
b416b1_2020-10,0.8928571428571429
f461d4_2019-11,0.45454545454545453
a42d13_2014-05,0.045454545454545456
db4cd8_2022-08,0.8928571428571429
1698cf_2023-02,0.5588235294117647
92dcdd_2021-08,0.06741573033707865
af81b0_2023-07,0.42857142857142855
29849f_2014-11,0.0
06534f_2024-08,0.8928571428571429
4fb2d3_2025-08,0.6744186046511629
8e41cf_2023-11,0.8928571428571429
731908_2019-07,0.42857142857142855
11f0e3_2015-10,0.0
bfbeef_2021-02,0.6702931440390704
bfbeef_2021-11,0.45454545454545453
780a0b_2023-09,0.45454545454545453
8fb6f0_2014-11,0.0
0f9e86_2016-09,0.2465753424657534
6224d0_2022-10,0.38461538461538464
5a0174_2023-01,0.8928571428571429
b416b1_2018-06,0.06666666666666667
a25664_2021-12,0.8928571428571429
a25664_2024-09,0.8928571428571429
6f5e2b_2020-03,0.8928571428571429
1698cf_2019-01,0.45454545454545453
77b3b9_2018-12,0.45454545454545453
d59611_2014-06,0.020833333333333332
af81b0_2023-04,0.45454545454545453
545d15_2021-01,0.06741573033707865
7a007d_2019-07,0.6744186046511629
c580aa_2025-03,1.0
3a13b3_2014-08,0.06741573033707865
e2314a_2021-06,1.0
e2314a_2021-09,0.9411764705882353
e83244_2019-11,0.8928571428571429
6224d0_2019-12,0.45454545454545453
e60b65_2020-01,0.8928571428571429
bc4c03_2024-09,0.8928571428571429
265164_2023-05,0.045454545454545456
4fb2d3_2014-12,0.0
dc4b5e_2025-04,0.9411764705882353
fc9334_2022-12,0.45454545454545453
9f1aa0_2025-08,0.5588235294117647
5a0174_2022-05,0.8928571428571429
8fabe0_2017-06,0.3709677419354839
34889b_2023-07,0.8190870158708352
8005b9_2021-06,0.8928571428571429
8005b9_2023-06,1.0
29849f_2022-11,0.45454545454545453
531356_2023-09,0.5588235294117647
e83244_2018-08,0.06741573033707865
6224d0_2018-04,0.045454545454545456
e60b65_2023-03,0.8928571428571429
9af74c_2014-10,0.06382978723404255
302d40_2025-03,0.45454545454545453
e427f8_2024-09,0.2465753424657534
9befc8_2016-10,0.0
9befc8_2023-12,0.45454545454545453
9f1aa0_2025-03,0.5588235294117647
8fb6f0_2014-05,0.020833333333333332
fc77d0_2023-12,0.9411764705882353
4718d7_2015-02,0.020833333333333332
fb737b_2021-06,0.045454545454545456
e60b65_2015-04,0.06382978723404255
8fabe0_2017-02,0.17142857142857143
bc4c03_2022-10,0.8
6838b9_2022-05,0.5588235294117647
db4cd8_2021-08,0.8928571428571429
db4cd8_2023-11,0.5588235294117647
14fe3a_2023-04,0.8928571428571429
fc77d0_2023-07,0.8475734360876088
987bc1_2023-05,0.5588235294117647
af81b0_2017-06,0.14285714285714285
b73bc7_2016-11,0.2465753424657534
531356_2019-11,0.8928571428571429
531356_2023-03,0.5588235294117647
e2314a_2021-11,0.8928571428571429
175155_2019-02,0.45454545454545453
1822ea_2019-09,0.5588235294117647
4fb2d3_2021-02,0.8928571428571429
92dcdd_2025-06,0.6744186046511629
302d40_2022-06,0.06382978723404255
731908_2024-12,0.5588235294117647
dc4b5e_2024-12,0.8928571428571429
780a0b_2018-01,0.020833333333333332
8fb6f0_2016-08,0.17142857142857143
e83244_2016-09,0.020833333333333332
9befc8_2018-02,0.08182105227823884
fb737b_2020-08,0.045454545454545456
8fabe0_2018-01,0.06700537454748617
6f5e2b_2022-01,0.9411764705882353
175155_2025-05,0.8928571428571429
90abb1_2021-08,0.6744186046511629
14fe3a_2015-02,0.0
14fe3a_2019-02,0.2465753424657534
8005b9_2020-02,0.6464584780263645
4fb2d3_2022-03,0.6744186046511629
c580aa_2014-06,0.020833333333333332
f4604d_2018-11,0.2465753424657534
f4604d_2025-07,0.9411764705882353
175155_2017-04,0.2465753424657534
a42d13_2024-02,0.8928571428571429
77b3b9_2023-09,0.8928571428571429
0ffc2d_2022-07,0.0
fc77d0_2025-09,0.8928571428571429
375f2e_2025-06,0.8928571428571429
9af74c_2025-02,0.8928571428571429
d86999_2019-05,0.6744186046511629
dc4b5e_2024-10,0.8928571428571429
0f9e86_2015-05,0.0
0f9e86_2018-04,0.2465753424657534
0e8d73_2025-07,0.2465753424657534
8fabe0_2014-03,0.0
6f5e2b_2024-09,0.45454545454545453
6f5e2b_2025-04,0.8928571428571429
175155_2024-03,0.8928571428571429
6838b9_2022-11,0.8928571428571429
532867_2025-02,0.020833333333333332
db4cd8_2019-01,0.45454545454545453
14fe3a_2021-09,0.8928571428571429
14fe3a_2024-04,0.45454545454545453
8005b9_2021-12,0.2465753424657534
9af74c_2025-06,0.8928571428571429
29849f_2025-03,0.8928571428571429
e60b65_2014-04,0.020833333333333332
175155_2025-02,0.8928571428571429
0ffc2d_2021-10,0.06382978723404255
fc77d0_2024-04,0.8928571428571429
302d40_2023-01,0.0
bfbeef_2022-05,0.5283123924794146
d86999_2014-11,0.045454545454545456
d86999_2016-09,0.17142857142857143
9befc8_2018-04,0.2465753424657534
9befc8_2021-09,0.45454545454545453
780a0b_2015-05,0.020833333333333332
780a0b_2021-02,0.5588235294117647
0f9e86_2015-03,0.0
0f9e86_2016-02,0.0
0f9e86_2020-07,0.6744186046511629
7199cf_2024-11,0.06382978723404255
4718d7_2014-03,0.0
5a0174_2023-06,0.9411764705882353
8fabe0_2025-03,1.0
6f5e2b_2023-04,0.8928571428571429
f461d4_2024-08,0.6744186046511629
bc4c03_2021-06,0.8928571428571429
259a19_2022-12,0.8928571428571429
77b3b9_2014-08,0.06382978723404255
375f2e_2022-08,0.5588235294117647
9af74c_2023-11,0.8928571428571429
06534f_2023-10,0.9411764705882353
022433_2024-11,0.2465753424657534
e83244_2018-11,0.06741573033707865
e83244_2021-07,0.9411764705882353
6224d0_2021-02,0.8928571428571429
e60b65_2020-09,0.8928571428571429
a25664_2015-04,0.06741573033707865
1698cf_2024-09,0.6744186046511629
77b3b9_2024-05,0.8928571428571429
987bc1_2023-10,0.8928571428571429
8e41cf_2022-01,0.45454545454545453
302d40_2025-06,0.45454545454545453
11f0e3_2019-12,0.45454545454545453
780a0b_2016-07,0.0
0f9e86_2014-11,0.0
0f9e86_2019-04,0.45454545454545453
780a0b_2023-06,0.3709677419354839
0f9e86_2024-10,0.5588235294117647
7199cf_2024-04,0.020833333333333332
5a0174_2019-05,0.5588235294117647
a42d13_2023-12,1.0
1698cf_2014-12,0.0
8005b9_2023-10,0.8928571428571429
29849f_2025-02,0.8928571428571429
b1de95_2020-01,0.8928571428571429
e60b65_2019-06,0.5588235294117647
f25ffe_2023-06,0.06666666666666667
265164_2025-01,0.06382978723404255
f4d28d_2025-04,0.045454545454545456
11f0e3_2016-10,0.14285714285714285
11f0e3_2017-02,0.2465753424657534
11f0e3_2022-04,0.45454545454545453
11f0e3_2022-07,0.38461538461538464
0f9e86_2016-11,0.06741573033707865
0f9e86_2018-11,0.2465753424657534
6f5e2b_2021-08,0.8928571428571429
6f5e2b_2024-01,1.0
db4cd8_2025-06,0.3709677419354839
d59611_2018-12,0.45454545454545453
34889b_2020-01,0.5588235294117647
9af74c_2021-12,0.9411764705882353
3a13b3_2020-01,0.8928571428571429
e60b65_2020-02,0.8928571428571429
e60b65_2020-08,0.8928571428571429
259a19_2023-03,0.8928571428571429
a42d13_2024-11,0.9411764705882353
fc77d0_2021-08,0.8928571428571429
265164_2024-02,0.020833333333333332
11f0e3_2022-08,0.3709677419354839
dc4b5e_2022-01,0.17142857142857143
9befc8_2020-01,0.3709677419354839
8fb6f0_2018-10,0.45454545454545453
0f9e86_2021-08,0.45454545454545453
8fabe0_2014-04,0.0
8fabe0_2022-10,0.8928571428571429
b416b1_2025-05,0.9411764705882353
db4cd8_2020-09,0.8928571428571429
77b3b9_2017-06,0.06741573033707865
fc77d0_2023-02,0.45454545454545453
29849f_2019-10,0.3709677419354839
06534f_2019-05,0.6744186046511629
b73bc7_2016-09,0.3709677419354839
a25664_2022-06,0.824494819851106
a42d13_2018-03,0.3709677419354839
a42d13_2025-07,0.8928571428571429
90abb1_2022-12,0.9411764705882353
1822ea_2025-08,0.8928571428571429
375f2e_2023-12,0.9411764705882353
9af74c_2018-03,0.3709677419354839
8e41cf_2024-07,0.5588235294117647
d86999_2016-11,0.3709677419354839
a97df3_2025-03,0.8928571428571429
6224d0_2025-05,0.8928571428571429
c48018_2020-03,0.8928571428571429
0874ee_2019-04,0.06741573033707865
8fb6f0_2018-03,0.06741573033707865
8e41cf_2021-03,0.5588235294117647
b26809_2017-07,0.06666666666666667
a97df3_2023-07,0.3709677419354839
731908_2018-10,0.3709677419354839
bfbeef_2017-11,0.3709677419354839
8bd3ce_2016-10,0.0
b26809_2015-02,0.0
e7a56d_2023-05,0.5588235294117647
11f0e3_2021-10,0.8928571428571429
fc9334_2020-07,0.8928571428571429
8fb6f0_2023-10,0.45454545454545453
8e41cf_2016-01,0.0
731908_2021-09,0.2465753424657534
b26809_2021-08,0.2465753424657534
dc4b5e_2022-05,0.06382978723404255
780a0b_2022-11,0.3709677419354839
fc9334_2021-08,0.6744186046511629
8e41cf_2015-09,0.0
8e41cf_2019-07,0.45454545454545453
b26809_2016-05,0.06741573033707865
c48018_2023-10,0.38461538461538464
780a0b_2024-04,0.8928571428571429
8e41cf_2018-09,0.06741573033707865
8fb6f0_2019-09,0.8928571428571429
dc4b5e_2024-09,0.8
fc9334_2020-03,0.45454545454545453
8fb6f0_2015-01,0.0
a97df3_2024-03,0.5588235294117647
77c35f_2025-05,0.2465753424657534
bfbeef_2017-06,0.45454545454545453
fc9334_2018-02,0.07692307692307693
fc9334_2020-11,0.8928571428571429
0f9e86_2024-07,0.5588235294117647
11f0e3_2021-08,0.07692307692307693
e7a56d_2014-08,0.066725734504633
e7a56d_2023-07,0.6744186046511629
dc4b5e_2022-04,0.06741573033707865
b26809_2015-08,0.009931628540930706
8bd3ce_2016-03,0.0
8bd3ce_2016-04,0.0
8bd3ce_2017-07,0.06741573033707865
8bd3ce_2021-01,0.6744186046511629
8e41cf_2017-07,0.10119045594819814
731908_2023-12,0.45454545454545453
c48018_2014-09,0.045454545454545456
e7a56d_2023-02,0.3709677419354839
8bd3ce_2015-02,0.0
bfbeef_2021-12,0.45454545454545453
b26809_2016-07,0.06741573033707865
8fb6f0_2024-01,0.6666666666666666
9f1aa0_2015-02,0.0
780a0b_2023-01,0.45454545454545453
731908_2016-05,0.0
b26809_2020-01,0.8928571428571429
b26809_2021-10,0.45454545454545453
8fb6f0_2016-06,0.17142857142857143
fc9334_2018-07,0.14914765815583392
c48018_2024-03,0.45454545454545453
dc4b5e_2022-08,0.17142857142857143
77e86b_2024-02,0.8928571428571429
8e41cf_2016-11,0.06741573033707865
18defd_2025-01,0.8928571428571429
e7a56d_2025-02,0.6744186046511629
780a0b_2015-11,0.0
bfbeef_2018-05,0.3709677419354839
8e41cf_2017-10,0.06678316436997316
8fb6f0_2022-03,0.45454545454545453
8bd3ce_2014-12,0.0
8e41cf_2016-08,0.020833333333333332
731908_2020-10,0.6744186046511629
74b7d1_2023-12,0.8928571428571429
dc4b5e_2023-09,0.45454545454545453
8e41cf_2015-05,0.0
8e41cf_2016-05,0.0
fc9334_2019-08,0.40168240788971676
8bd3ce_2015-03,0.0
c48018_2018-03,0.07692307692307693
c48018_2023-08,0.45454545454545453
e7a56d_2019-01,0.4248437271114399
a97df3_2023-08,0.37627778575561294
8e41cf_2016-06,0.0
8e41cf_2016-09,0.020833333333333332
b26809_2021-06,0.38461538461538464
18defd_2025-06,0.8928571428571429
bfbeef_2019-11,0.45454545454545453
fc9334_2021-04,0.5588235294117647
c48018_2024-08,0.5588235294117647
e7a56d_2022-08,0.42857142857142855
731908_2018-04,0.06666666666666667
11f0e3_2024-02,0.45454545454545453
780a0b_2024-01,0.6744186046511629
fc9334_2021-11,0.38461538461538464
8fb6f0_2023-01,0.45454545454545453
8e41cf_2019-02,0.2465753424657534
fc9334_2018-09,0.06666666666666667
8bd3ce_2016-09,0.0
8bd3ce_2021-05,0.5588235294117647
9befc8_2025-07,0.6744186046511629
731908_2022-02,0.45454545454545453
bfbeef_2019-06,0.5588235294117647
bfbeef_2025-07,0.6744186046511629
9cf1af_2023-03,0.0
513080_2023-02,0.020833333333333332
1698cf_2015-06,0.0
4718d7_2023-11,0.9411764705882353
db4cd8_2020-12,0.8
f461d4_2019-06,0.5588235294117647
77c35f_2023-12,0.0
6c1954_2021-08,0.2465753424657534
948a11_2022-08,0.0
9f1aa0_2020-02,0.3709677419354839
fa8553_2024-06,0.3709677419354839
d59611_2019-03,0.45454545454545453
1698cf_2019-12,0.8928571428571429
bc4c03_2017-06,0.17142857142857143
7bf5c9_2014-12,0.0
f500c5_2024-07,0.5588235294117647
b644ac_2024-05,0.06741573033707865
9f1aa0_2016-09,0.45454545454545453
fb34b4_2025-05,0.2465753424657534
4718d7_2024-08,0.6666666666666666
bc4c03_2020-01,0.8928571428571429
7bf5c9_2018-05,0.17142857142857143
9f1aa0_2018-03,0.3709677419354839
510fbf_2024-04,0.45454545454545453
1698cf_2017-01,0.2465753424657534
b644ac_2025-03,0.06382978723404255
9f1aa0_2017-10,0.3709677419354839
9af74c_2019-04,0.5588235294117647
7a007d_2014-10,0.06382978723404255
fa8553_2024-01,0.45454545454545453
77c35f_2024-12,0.45454545454545453
fa8553_2024-09,0.3709677419354839
513080_2022-08,0.045454545454545456
513080_2024-11,0.3709677419354839
d86999_2021-09,0.45454545454545453
74fb1f_2018-02,0.06741573033707865
7bf5c9_2018-04,0.2465753424657534
77c35f_2023-08,0.020833333333333332
513080_2024-04,0.3709677419354839
a42d13_2015-11,0.0
375f2e_2021-12,1.0
77b3b9_2018-09,0.30095519581433866
9f1aa0_2024-08,0.5588235294117647
f1543b_2021-11,0.5588235294117647
8fabe0_2017-04,0.17142857142857143
259a19_2024-06,0.5588235294117647
f500c5_2023-08,0.5588235294117647
fa8553_2024-11,0.3709677419354839
7bf5c9_2014-08,0.0
6c1954_2022-07,0.42857142857142855
9f1aa0_2018-10,0.45454545454545453
b07578_2024-11,0.06741573033707865
8fabe0_2014-11,0.020833333333333332
6c1954_2025-05,0.8928571428571429
9f1aa0_2020-07,0.45454545454545453
9f1aa0_2021-01,0.3709677419354839
9f1aa0_2024-04,0.5588235294117647
a42d13_2016-03,0.2465753424657534
b644ac_2025-08,0.06666666666666667
5a0174_2025-04,0.8928571428571429
a25664_2022-02,0.6744186046511629
948a11_2024-05,0.3709677419354839
f1543b_2017-05,0.2465753424657534
510fbf_2023-11,0.0
14fe3a_2022-04,0.8928571428571429
4718d7_2016-05,0.2465753424657534
90abb1_2022-03,1.0
77c35f_2023-09,0.0
9f1aa0_2023-09,0.6744186046511629
9cf1af_2025-06,0.5588235294117647
510fbf_2025-06,0.5588235294117647
f461d4_2019-01,0.8928571428571429
9f1aa0_2014-03,0.0
9f1aa0_2023-06,0.5588235294117647
fa8553_2022-10,0.020833333333333332
4f2b6b_2024-08,0.07692307692307693
77c35f_2024-09,0.45454545454545453
fa8553_2024-08,0.38461538461538464
fa8553_2025-04,0.45454545454545453
fa8553_2025-08,0.3709677419354839
510fbf_2024-03,0.45454545454545453
d59611_2016-11,0.38461538461538464
90abb1_2020-01,0.9411764705882353
1822ea_2021-01,1.0
948a11_2025-08,0.17142857142857143
77c35f_2024-07,0.3709677419354839
9f1aa0_2023-08,0.5588235294117647
94f933_2023-05,0.020833333333333332
f500c5_2014-08,0.0
9f1aa0_2014-11,0.0
bf6f0d_2022-11,0.5588235294117647
4718d7_2016-10,0.3709677419354839
e60b65_2017-08,0.2465753424657534
f500c5_2020-03,0.5588235294117647
6c1954_2023-01,0.17142857142857143
bf6f0d_2024-02,0.8928571428571429
6f5e2b_2015-03,0.0
db4cd8_2015-03,0.0
0cecbd_2022-02,0.8928571428571429
9befc8_2019-02,0.2465753424657534
0cecbd_2025-04,0.6744186046511629
731908_2014-07,0.06741573033707865
0cecbd_2021-12,0.8928571428571429
11f0e3_2019-02,0.42857142857142855
375f2e_2017-05,0.3721749855330519
bfbeef_2015-07,0.020833333333333332
bfbeef_2015-09,0.045454545454545456
11f0e3_2019-11,0.6744186046511629
0cecbd_2022-09,0.9411764705882353
0cecbd_2019-10,0.45454545454545453
0cecbd_2022-05,0.5588235294117647
bc4c03_2020-05,1.0
0cecbd_2023-05,0.6744186046511629
0cecbd_2015-01,0.0
bfbeef_2014-12,0.0
bfbeef_2015-02,0.0
bfbeef_2018-03,0.2465753424657534
731908_2018-08,0.06741573033707865
3a13b3_2019-03,0.8928571428571429
06534f_2017-05,0.5
6224d0_2024-07,0.6744186046511629
987bc1_2020-03,0.8928571428571429
6c1954_2024-02,0.8928571428571429
fc9334_2020-05,0.8928571428571429
6224d0_2025-04,0.8928571428571429
e3af0e_2015-03,0.0
98a151_2018-03,0.3709677419354839
829a72_2018-04,0.2465753424657534
829a72_2014-11,0.020833333333333332
98a151_2014-04,0.0
19fa84_2025-04,0.8928571428571429
dc4b5e_2019-09,0.020833333333333332
19fa84_2024-07,0.8928571428571429
19fa84_2025-06,0.8928571428571429
e3af0e_2016-12,0.2465753424657534
98a151_2018-02,0.07692307692307693
a97df3_2023-02,0.06741573033707865
302d40_2023-02,0.0
894378_2025-08,0.8928571428571429
98a151_2014-03,0.0
98a151_2017-02,0.17142857142857143
829a72_2023-09,0.5588235294117647
90abb1_2016-12,0.5588235294117647
e3af0e_2014-08,0.020833333333333332
60a0fd_2014-11,0.020833333333333332
19fa84_2025-01,0.8928571428571429
7bf5c9_2020-09,0.6744186046511629
f500c5_2020-09,0.5588235294117647
293190_2022-11,0.45454545454545453
2ab8ad_2024-03,0.6666666666666666
9b46ed_2018-08,0.3709677419354839
88a9a6_2015-04,0.06741573033707865
2ab8ad_2021-06,0.6744186046511629
2ab8ad_2022-09,0.5588235294117647
2ab8ad_2023-04,0.8312751637527589
2ab8ad_2024-04,0.5588235294117647
c5df88_2015-03,0.06382978723404255
c5df88_2019-03,0.06741573033707865
7aa803_2024-05,0.8928571428571429
9b46ed_2020-03,0.6744186046511629
98a151_2021-02,0.8928571428571429
829a72_2024-07,0.6744186046511629
c5df88_2023-08,0.45454545454545453
98a151_2019-08,0.45454545454545453
7bf5c9_2022-01,0.6744186046511629
e2e0ce_2019-10,0.2465753424657534
2ab8ad_2021-10,0.5588235294117647
829a72_2019-02,0.3709677419354839
7bf5c9_2021-02,0.6666666666666666
f500c5_2016-09,0.07692307692307693
bf6f0d_2021-05,0.8928571428571429
db5006_2015-09,0.0
293190_2024-02,0.6744186046511629
e2e0ce_2021-04,0.6744186046511629
88a9a6_2022-09,0.45454545454545453
88a9a6_2024-09,0.6744186046511629
9b46ed_2023-05,0.45454545454545453
98a151_2022-12,0.6744186046511629
60a0fd_2021-10,0.9411764705882353
293190_2021-01,0.5588235294117647
e2e0ce_2023-06,0.6744186046511629
c5df88_2019-10,0.2465753424657534
74fb1f_2019-04,0.0989455285210149
98a151_2024-06,0.5588235294117647
7a007d_2017-02,0.3709677419354839
f500c5_2024-09,0.5588235294117647
1bdb97_2022-07,0.020833333333333332
bf6f0d_2015-04,0.045454545454545456
293190_2022-04,0.45454545454545453
e2e0ce_2021-07,0.8928571428571429
8005b9_2024-08,1.0
1bdb97_2023-05,0.020833333333333332
18defd_2018-02,0.17142857142857143
2ab8ad_2015-01,0.06382978723404255
74fb1f_2025-01,0.8928571428571429
7aa803_2024-09,0.8928571428571429
98a151_2025-08,0.8928571428571429
2ab8ad_2022-03,0.8928571428571429
2ab8ad_2023-07,0.6744186046511629
2ab8ad_2024-06,0.8928571428571429
db5006_2018-12,0.2465753424657534
e2e0ce_2016-02,0.020833333333333332
9b46ed_2023-02,0.44513688183962885
dc4b5e_2020-03,0.0
f500c5_2023-09,0.5588235294117647
f500c5_2025-03,0.5588235294117647
4f2b6b_2023-06,0.0
2ab8ad_2021-07,0.8928571428571429
74fb1f_2019-08,0.07692307692307693
60a0fd_2019-06,0.3709677419354839
60a0fd_2020-02,0.45454545454545453
e3af0e_2022-01,0.8928571428571429
e3af0e_2024-04,0.5588235294117647
f500c5_2023-01,0.45454545454545453
18defd_2023-05,0.42857142857142855
88a9a6_2021-03,0.8928571428571429
293190_2015-03,0.06666666666666667
7aa803_2019-04,0.06741573033707865
98a151_2024-05,0.5588235294117647
e3af0e_2020-03,0.9411764705882353
f500c5_2021-11,0.5588235294117647
293190_2021-03,0.5588235294117647
e2e0ce_2025-04,0.8928571428571429
2ab8ad_2017-04,0.2465753424657534
88a9a6_2015-02,0.020833333333333332
9b46ed_2017-04,0.2465753424657534
98a151_2023-07,0.6192420824841485
e3af0e_2019-09,0.45454545454545453
d86999_2024-10,0.6744186046511629
1bdb97_2024-07,0.2465753424657534
e2e0ce_2023-08,0.5588235294117647
74fb1f_2023-07,0.5588235294117647
7aa803_2022-06,0.3709677419354839
88a9a6_2023-08,0.5
f500c5_2023-10,0.45454545454545453
18defd_2014-04,0.020833333333333332
e2e0ce_2021-02,0.8928571428571429
88a9a6_2023-05,0.5588235294117647
9b46ed_2024-07,0.45454545454545453
293190_2020-02,0.6744186046511629
18defd_2023-11,0.45454545454545453
2ab8ad_2018-01,0.45454545454545453
2ab8ad_2025-07,0.45454545454545453
74fb1f_2019-10,0.17142857142857143
7a007d_2015-04,0.020833333333333332
bf6f0d_2020-10,0.8928571428571429
e2e0ce_2015-01,0.045454545454545456
2ab8ad_2023-11,0.45454545454545453
829a72_2020-02,0.45454545454545453
c580aa_2018-03,0.8928571428571429
4f2b6b_2022-09,0.06538018171714965
c5df88_2020-10,0.8928571428571429
74fb1f_2022-07,0.45454545454545453
f500c5_2017-04,0.07692307692307693
bf6f0d_2021-07,0.45454545454545453
cd0e60_2021-07,0.07692307692307693
293190_2022-03,0.45454545454545453
293190_2023-08,0.8928571428571429
18defd_2017-04,0.2465753424657534
e2e0ce_2022-04,0.5588235294117647
2ab8ad_2022-05,0.5588235294117647
60a0fd_2019-01,0.45454545454545453
2ab8ad_2019-05,0.07692307692307693
c5df88_2023-10,1.0
7aa803_2023-08,0.45454545454545453
98a151_2021-12,0.8928571428571429
98a151_2022-04,0.5588235294117647
7aa803_2022-07,0.3709677419354839
88a9a6_2023-04,0.6744186046511629
e3af0e_2022-06,0.8928571428571429
9b46ed_2020-01,0.45454545454545453
60a0fd_2023-10,0.8928571428571429
f500c5_2021-05,0.6744186046511629
e2e0ce_2019-11,0.2465753424657534
e2e0ce_2024-06,0.6744186046511629
c5df88_2019-02,0.06741573033707865
74fb1f_2025-07,0.45454545454545453
7aa803_2014-12,0.06382978723404255
98a151_2025-05,0.6744186046511629
60a0fd_2022-08,0.45454545454545453
f461d4_2020-11,0.8928571428571429
db5006_2018-03,0.14285714285714285
db5006_2022-02,0.38461538461538464
a25664_2018-07,0.3709677419354839
0ffc2d_2025-04,0.8928571428571429
db5006_2023-02,0.5588235294117647
1b9e65_2021-03,0.8928571428571429
1b9e65_2022-03,0.45454545454545453
cd0e60_2022-11,0.020833333333333332
5a0174_2017-02,0.17142857142857143
5a0174_2020-07,0.8928571428571429
1b9e65_2022-05,0.8928571428571429
1b9e65_2017-02,0.3709677419354839
0ffc2d_2025-02,0.8928571428571429
1b9e65_2017-06,0.45454545454545453
4fb2d3_2018-07,0.45454545454545453
7bf5c9_2014-07,0.020833333333333332
db5006_2025-01,0.5588235294117647
1b9e65_2024-05,0.6744186046511629
db5006_2015-01,0.06382978723404255
db5006_2021-12,0.8928571428571429
1b9e65_2015-07,0.045454545454545456
3db670_2023-12,1.0
f461d4_2015-11,0.0
b73bc7_2019-04,0.8928571428571429
1b9e65_2017-12,0.1460133065517879
1b9e65_2024-12,0.5588235294117647
1bdb97_2022-04,0.0
f461d4_2020-02,0.6744186046511629
90abb1_2017-03,0.3709677419354839
29849f_2021-01,0.9411764705882353
db5006_2025-07,0.8928571428571429
18defd_2019-02,0.3709677419354839
1b9e65_2014-12,0.020833333333333332
1b9e65_2020-07,0.5588235294117647
fc77d0_2014-06,0.0
a42d13_2014-12,0.0
db5006_2025-04,0.6744186046511629
022433_2022-07,0.0
022433_2022-08,0.0
1b9e65_2018-12,0.3709677419354839
1b9e65_2020-02,0.45454545454545453
1b9e65_2023-05,0.45454545454545453
1b9e65_2018-05,0.07692307692307693
1b9e65_2021-11,0.8928571428571429
18defd_2019-08,0.45454545454545453
b59bc0_2015-10,0.045454545454545456
77b3b9_2017-02,0.2465753424657534
e7a56d_2019-05,0.45454545454545453
0ffc2d_2021-08,0.06382978723404255
4fb2d3_2020-10,0.8928571428571429
db5006_2022-05,0.5588235294117647
18defd_2019-05,0.45454545454545453
7bf5c9_2023-04,0.45454545454545453
1b9e65_2018-06,0.045454545454545456
14fe3a_2014-06,0.045454545454545456
1698cf_2018-01,0.2465753424657534
022433_2022-10,0.0
5a0174_2015-09,0.0
3db670_2023-10,1.0
b1de95_2020-05,1.0
90abb1_2017-12,0.2465753424657534
f4604d_2021-09,0.8928571428571429
1b9e65_2021-02,0.45454545454545453
a42d13_2023-07,0.45454545454545453
db5006_2016-10,0.0
f4604d_2015-02,0.0
c580aa_2023-12,0.8928571428571429
90abb1_2017-11,0.17142857142857143
0ffc2d_2022-02,0.0
0ffc2d_2025-06,0.8928571428571429
1b9e65_2019-04,0.2465753424657534
1b9e65_2022-07,0.45454545454545453
8ec563_2021-11,0.45454545454545453
77e86b_2024-08,0.8928571428571429
c3a69f_2020-01,0.5588235294117647
c5816f_2022-06,0.45454545454545453
8ec563_2021-02,0.2465753424657534
6c1954_2025-07,0.8928571428571429
e361b7_2018-12,0.3709677419354839
b1de95_2021-01,1.0
fd589c_2025-04,0.8928571428571429
e4bc80_2025-01,0.8928571428571429
3db670_2023-02,1.0
b73bc7_2021-08,0.9411764705882353
c3a69f_2022-04,0.45454545454545453
c5816f_2025-01,0.8928571428571429
e361b7_2023-07,0.6744186046511629
439fde_2019-03,0.14285714285714285
e361b7_2019-03,0.45454545454545453
e361b7_2024-02,0.8928571428571429
3a13b3_2021-04,0.9411764705882353
c5816f_2019-04,0.45454545454545453
8ec563_2025-05,0.8928571428571429
e361b7_2024-12,0.8928571428571429
439fde_2024-06,0.38461538461538464
c3a69f_2023-09,0.3709677419354839
894378_2020-12,0.8928571428571429
c5816f_2024-12,0.8928571428571429
e361b7_2021-09,0.45454545454545453
b1de95_2024-01,1.0
c5816f_2023-04,0.6744186046511629
4718d7_2021-10,0.9411764705882353
c5816f_2022-04,0.45454545454545453
19fa84_2024-09,1.0
e4bc80_2024-08,0.6744186046511629
3a13b3_2019-12,1.0
b73bc7_2024-06,0.9411764705882353
439fde_2024-05,0.45454545454545453
c3a69f_2023-03,0.42857142857142855
74b7d1_2024-10,0.5588235294117647
8ec563_2019-12,0.45454545454545453
e4bc80_2025-08,0.6744186046511629
4718d7_2020-07,0.8928571428571429
19fa84_2023-03,0.45454545454545453
f4604d_2017-02,0.2465753424657534
3db670_2023-04,1.0
b1de95_2021-11,1.0
e4bc80_2024-02,0.6744186046511629
022433_2025-02,0.2465753424657534
c3a69f_2021-06,0.8928571428571429
fd589c_2023-12,0.8928571428571429
894378_2021-09,0.3709677419354839
e361b7_2023-02,0.5399845492986262
e4bc80_2020-01,0.8928571428571429
b1de95_2020-09,1.0
022433_2023-12,0.17142857142857143
8ec563_2023-07,0.5588235294117647
439fde_2024-07,0.42857142857142855
e4bc80_2023-07,0.5588235294117647
19fa84_2019-08,0.45454545454545453
6f5e2b_2021-01,0.8928571428571429
fd589c_2018-12,0.3709677419354839
e4bc80_2024-07,0.8928571428571429
3db670_2021-12,1.0
8ec563_2021-03,0.8928571428571429
6f5e2b_2016-11,0.45454545454545453
e4bc80_2015-09,0.0
c5816f_2023-08,0.5588235294117647
fd589c_2025-08,0.8928571428571429
e361b7_2022-10,0.5588235294117647
e361b7_2025-06,0.8928571428571429
e4bc80_2023-09,0.5588235294117647
1698cf_2021-06,0.9411764705882353
fd589c_2023-06,0.8928571428571429
74b7d1_2023-01,0.3709677419354839
4fb2d3_2016-03,0.0
d59611_2016-05,0.2465753424657534
74b7d1_2025-02,0.6744186046511629
14fe3a_2017-11,0.3709677419354839
bf6f0d_2023-09,0.5588235294117647
cd0e60_2020-09,0.0
d59611_2022-03,0.8928571428571429
bf6f0d_2019-12,0.8928571428571429
d59611_2020-02,0.9411764705882353
77e86b_2023-04,0.38461538461538464
77e86b_2023-06,0.45454545454545453
db4cd8_2017-04,0.06741573033707865
14fe3a_2017-08,0.45454545454545453
db4cd8_2018-10,0.45454545454545453
74b7d1_2022-03,0.5588235294117647
77e86b_2014-10,0.06382978723404255
77e86b_2023-02,0.3709677419354839
259a19_2017-09,0.3709677419354839
cd0e60_2021-10,0.45454545454545453
74b7d1_2025-05,0.8928571428571429
cd0e60_2019-06,0.06741573033707865
88a9a6_2021-12,0.8928571428571429
2ab8ad_2023-09,0.8928571428571429
f1543b_2021-01,0.45454545454545453
74fb1f_2023-10,0.8928571428571429
f1543b_2022-07,0.8928571428571429
9b46ed_2020-12,0.8928571428571429
f1543b_2019-03,0.06741573033707865
293190_2019-05,0.3709677419354839
88a9a6_2025-05,0.5588235294117647
74fb1f_2014-09,0.06382978723404255
74fb1f_2021-10,0.5588235294117647
293190_2019-11,0.2465753424657534
f1543b_2015-08,0.0
7aa803_2019-06,0.06741573033707865
2ab8ad_2015-04,0.07692307692307693
f1543b_2023-04,0.45454545454545453
88a9a6_2025-02,1.0
f1543b_2014-06,0.06382978723404255
f1543b_2021-03,0.8
293190_2020-06,0.8928571428571429
f1543b_2017-07,0.3709677419354839
293190_2023-02,0.45454545454545453
c5df88_2019-01,0.17142857142857143
9b46ed_2024-09,0.5
022433_2023-04,0.06741573033707865
88a9a6_2024-03,0.6744186046511629
74fb1f_2020-03,0.45454545454545453
293190_2016-05,0.020833333333333332
022433_2021-01,0.06470417128255747
88a9a6_2020-02,0.45454545454545453
7bf5c9_2016-05,0.020833333333333332
fb34b4_2024-11,0.5588235294117647
5a0174_2021-01,0.9411764705882353
439fde_2014-09,0.06741573033707865
b08ec1_2022-02,0.3754917724230293
74b7d1_2018-05,0.06741573033707865
92dcdd_2021-04,0.2465753424657534
77e86b_2019-01,0.2465753424657534
bf6f0d_2023-02,0.5067934224947982
94f933_2024-08,0.0
b416b1_2018-10,0.3709677419354839
e7a56d_2015-07,0.0
77c35f_2024-04,0.06382978723404255
e7a56d_2021-05,0.6744186046511629
18defd_2017-05,0.2465753424657534
18defd_2016-03,0.0
d86999_2024-08,0.8928571428571429
b1de95_2025-07,1.0
2ab8ad_2018-05,0.2465753424657534
60a0fd_2019-12,0.8928571428571429
98a151_2020-02,0.8928571428571429
77e86b_2017-06,0.2465753424657534
7bf5c9_2019-07,0.8928571428571429
98a151_2018-01,0.2465753424657534
60a0fd_2020-01,0.6744186046511629
19fa84_2016-02,0.0
e3af0e_2020-10,0.8928571428571429
e3af0e_2019-12,0.9411764705882353
2ed4f9_2025-06,0.020833333333333332
6da35b_2025-04,0.2465753424657534
60a0fd_2021-07,0.5588235294117647
6da35b_2023-07,0.06382978723404255
98a151_2021-05,0.5588235294117647
60a0fd_2019-02,0.45454545454545453
60a0fd_2020-07,0.8928571428571429
74b7d1_2023-02,0.3709677419354839
7bf5c9_2025-09,0.8928571428571429
74b7d1_2017-02,0.17142857142857143
98a151_2016-12,0.45454545454545453
0ffc2d_2024-12,1.0
7bf5c9_2016-10,0.2465753424657534
77e86b_2022-10,0.1474170029862913
7bf5c9_2016-12,0.2465753424657534
60a0fd_2024-01,0.6744186046511629
60a0fd_2020-09,0.8928571428571429
829a72_2024-03,0.45454545454545453
e3af0e_2022-03,0.8928571428571429
6da35b_2025-02,0.3709677419354839
77e86b_2018-06,0.17142857142857143
7e646c_2024-05,0.045454545454545456
7bf5c9_2018-11,0.3709677419354839
98a151_2022-03,0.8928571428571429
60a0fd_2017-09,0.2465753424657534
e3af0e_2023-12,0.5588235294117647
0cecbd_2015-09,0.0
e7a56d_2020-03,0.8928571428571429
3a13b3_2017-12,0.45454545454545453
7bf5c9_2015-07,0.0
948a11_2023-03,0.0
b59bc0_2023-07,0.6744186046511629
b59bc0_2021-10,1.0
8d0588_2017-04,0.45454545454545453
8d0588_2024-12,0.8928571428571429
b59bc0_2020-05,1.0
2ab8ad_2016-02,0.0
b59bc0_2020-09,0.6744186046511629
8d0588_2021-03,1.0
8d0588_2022-08,0.8928571428571429
b59bc0_2024-01,0.8928571428571429
b59bc0_2017-12,0.8928571428571429
8d0588_2020-03,1.0
b59bc0_2019-06,0.8
b59bc0_2022-08,0.8928571428571429
b59bc0_2024-02,0.8928571428571429
b0ff51_2017-08,0.6744186046511629
0cecbd_2017-08,0.3709677419354839
8d0588_2015-01,0.06382978723404255
8d0588_2021-07,0.8928571428571429
b59bc0_2017-06,0.5588235294117647
8d0588_2014-03,0.020833333333333332
8d0588_2016-05,0.45454545454545453
b0ff51_2024-02,0.8928571428571429
8d0588_2022-02,0.8928571428571429
b0ff51_2018-01,0.5588235294117647
8d0588_2023-11,0.8928571428571429
b59bc0_2015-08,0.06382978723404255
b0ff51_2016-07,0.5588235294117647
f1543b_2016-09,0.17142857142857143
b0ff51_2019-01,0.6744186046511629
8d0588_2024-07,0.8928571428571429
8d0588_2024-11,0.8928571428571429
8d0588_2025-01,1.0
b0ff51_2022-11,0.6744186046511629
b0ff51_2023-06,0.8928571428571429
8d0588_2020-09,0.8928571428571429
b59bc0_2018-02,0.5588235294117647
b0ff51_2015-01,0.06741573033707865
77e86b_2017-02,0.17142857142857143
b59bc0_2019-04,0.5588235294117647
b0ff51_2019-04,0.5588235294117647
b0ff51_2021-09,0.9411764705882353
4f2b6b_2022-12,0.06382978723404255
b416b1_2015-01,0.0
8fabe0_2025-01,1.0
259a19_2025-02,0.6113758981606698
6838b9_2021-01,0.2465753424657534
f500c5_2016-04,0.07692307692307693
545d15_2024-02,0.8928571428571429
545d15_2025-05,0.8928571428571429
5ecf9b_2022-06,0.045454545454545456
5ecf9b_2023-11,0.0
545d15_2022-03,0.3709677419354839
8b98f3_2023-03,0.06741573033707865
8b98f3_2022-06,0.020833333333333332
545d15_2023-07,0.7615357491060365
ab32d7_2025-08,0.17142857142857143
5ecf9b_2022-05,0.020833333333333332
74b7d1_2017-08,0.17142857142857143
ab32d7_2024-05,0.3709677419354839
8b98f3_2024-02,0.2465753424657534
74b7d1_2018-09,0.3709677419354839
74b7d1_2020-12,0.8928571428571429
7e646c_2022-09,0.06382978723404255
ab32d7_2023-01,0.06741573033707865
ab32d7_2024-04,0.4268291600114775
74b7d1_2021-06,0.8826193572232812
5ecf9b_2022-03,0.020833333333333332
74b7d1_2015-04,0.06382978723404255
8b98f3_2023-04,0.020833333333333332
8b98f3_2024-11,0.17142857142857143
8b98f3_2023-01,0.020833333333333332
ab32d7_2023-12,0.0
ab32d7_2022-09,0.0
74b7d1_2021-11,0.8928571428571429
6224d0_2015-08,0.0
8b98f3_2023-12,0.3709677419354839
0874ee_2015-09,0.020833333333333332
987bc1_2017-01,0.5588235294117647
1698cf_2015-01,0.0
f461d4_2025-02,0.6744186046511629
7bf5c9_2022-05,0.8928571428571429
6838b9_2024-02,1.0
fd589c_2018-06,0.3709677419354839
fd589c_2021-04,0.8928571428571429
8ec563_2016-06,0.2465753424657534
3a13b3_2016-11,0.06741573033707865
fd589c_2022-07,0.3709677419354839
e4bc80_2018-10,0.5588235294117647
c5816f_2018-12,0.3709677419354839
19fa84_2021-05,0.9411764705882353
06534f_2022-03,1.0
c580aa_2016-01,0.020833333333333332
894378_2015-03,0.0
894378_2018-04,0.06666666666666667
c580aa_2024-12,1.0
e361b7_2019-04,0.4194964576387742
e361b7_2018-06,0.45454545454545453
b73bc7_2015-08,0.0
531356_2018-09,0.45454545454545453
c580aa_2016-09,0.45454545454545453
894378_2018-02,0.06741573033707865
8ec563_2019-10,0.45454545454545453
3db670_2024-03,1.0
e4bc80_2021-03,0.9411764705882353
c5816f_2016-09,0.5020649062945123
06534f_2017-01,0.45454545454545453
b1de95_2023-11,1.0
fd589c_2017-01,0.45454545454545453
e361b7_2014-12,0.020833333333333332
c5816f_2019-01,0.38461538461538464
c580aa_2016-10,0.45454545454545453
b1de95_2024-12,1.0
8ec563_2018-06,0.5
3a13b3_2021-06,0.9411764705882353
e4bc80_2017-05,0.3709677419354839
894378_2019-06,0.38461538461538464
c5816f_2014-04,0.045454545454545456
3a13b3_2025-06,0.9411764705882353
e361b7_2017-08,0.3709677419354839
c5816f_2024-06,0.8928571428571429
06534f_2015-03,0.045454545454545456
b1de95_2024-05,1.0
e4bc80_2014-07,0.020833333333333332
3a13b3_2021-10,0.9411764705882353
3db670_2024-07,1.0
fd589c_2014-05,0.0
fd589c_2024-03,0.5588235294117647
c580aa_2020-04,1.0
b73bc7_2024-03,1.0
06534f_2021-01,1.0
3db670_2024-01,1.0
b1de95_2020-06,1.0
e4bc80_2015-02,0.020833333333333332
e4bc80_2018-02,0.14285714285714285
e4bc80_2019-05,0.2465753424657534
c5816f_2020-08,0.8928571428571429
8ec563_2020-03,0.8928571428571429
b73bc7_2023-03,1.0
c5816f_2014-07,0.020833333333333332
19fa84_2019-07,0.8928571428571429
06534f_2016-03,0.0
b1de95_2015-11,0.0
fd589c_2014-10,0.020833333333333332
894378_2018-06,0.17142857142857143
c5816f_2019-10,0.6744186046511629
8ec563_2014-10,0.0
90abb1_2015-12,0.0
19fa84_2022-04,0.3709677419354839
8ec563_2015-04,0.06382978723404255
3a13b3_2016-10,0.17142857142857143
06534f_2022-08,1.0
fd589c_2019-02,0.2465753424657534
c580aa_2015-06,0.0
c580aa_2023-05,0.9411764705882353
1b9e65_2017-09,0.3709677419354839
c48018_2017-02,0.17142857142857143
6224d0_2016-01,0.0
6224d0_2015-10,0.0
6224d0_2016-02,0.0
f461d4_2018-06,0.2465753424657534
0874ee_2021-01,0.5588235294117647
98a151_2020-06,0.8928571428571429
a97df3_2019-03,0.06666666666666667
18defd_2016-01,0.045454545454545456
b08ec1_2017-08,0.2465753424657534
6f5e2b_2017-11,0.14285714285714285
c48018_2016-06,0.2465753424657534
c48018_2017-09,0.06741573033707865
c48018_2022-07,0.5588235294117647
18defd_2022-09,0.5588235294117647
c48018_2018-11,0.45454545454545453
c5df88_2017-06,0.3709677419354839
b1de95_2017-08,0.5588235294117647
1698cf_2017-07,0.3709677419354839
18defd_2017-09,0.06741573033707865
18defd_2021-09,0.5588235294117647
c48018_2021-12,0.5588235294117647
18defd_2016-06,0.07692307692307693
18defd_2022-04,0.5588235294117647
c48018_2018-07,0.37004408277394785
1b9e65_2018-10,0.3709677419354839
18defd_2020-10,0.5588235294117647
1822ea_2015-05,0.06741573033707865
90abb1_2017-07,0.42824049525800295
0874ee_2015-06,0.06666666666666667
18defd_2015-07,0.0
18defd_2020-12,0.5588235294117647
c48018_2021-01,0.5588235294117647
d59611_2016-06,0.45454545454545453
c48018_2020-06,0.8928571428571429
293190_2018-03,0.3709677419354839
3db670_2017-08,0.45454545454545453
e7a56d_2015-10,0.0
f4604d_2018-09,0.06741573033707865
c3a69f_2014-06,0.06382978723404255
c3a69f_2025-06,0.8928571428571429
c48018_2016-12,0.42857142857142855
b73bc7_2022-11,1.0
5a0174_2018-11,0.45454545454545453
99c11c_2020-12,0.45454545454545453
8fabe0_2016-12,0.2465753424657534
60a0fd_2015-11,0.0
9af74c_2015-08,0.020833333333333332
1698cf_2020-07,0.8928571428571429
99c11c_2024-06,0.45454545454545453
99c11c_2022-07,0.6744186046511629
5a0174_2015-08,0.0
259a19_2021-06,0.9411764705882353
9af74c_2015-09,0.0
db4cd8_2017-12,0.3709677419354839
83894c_2020-10,0.3709677419354839
99c11c_2020-08,0.45454545454545453
60a0fd_2015-06,0.0
1698cf_2018-08,0.45454545454545453
14fe3a_2015-09,0.06382978723404255
5a0174_2020-04,0.8928571428571429
bc4c03_2016-06,0.2465753424657534
8fabe0_2017-10,0.2465753424657534
f461d4_2015-06,0.0
829a72_2021-02,0.8928571428571429
1bdb97_2022-02,0.0
829a72_2016-06,0.0
175155_2015-11,0.020833333333333332
7e646c_2025-03,0.2465753424657534
829a72_2015-06,0.0
259a19_2015-05,0.0
259a19_2020-04,0.8928571428571429
2ab8ad_2018-10,0.45454545454545453
1698cf_2017-08,0.3709677419354839
5a0174_2016-08,0.38461538461538464
f461d4_2020-12,0.8928571428571429
f461d4_2021-01,0.8928571428571429
f461d4_2021-03,0.8928571428571429
83894c_2022-07,0.45454545454545453
e4bc80_2016-08,0.2465753424657534
14fe3a_2020-05,0.8928571428571429
fd589c_2017-08,0.3709677419354839
e427f8_2022-05,0.06382978723404255
531356_2022-06,0.8928571428571429
29849f_2017-07,0.45454545454545453
14fe3a_2021-04,0.8928571428571429
dbb709_2022-06,0.020833333333333332
29849f_2020-10,0.8928571428571429
302d40_2022-07,0.020833333333333332
e427f8_2021-12,0.0
e361b7_2017-01,0.3709677419354839
f4604d_2017-12,0.38461538461538464
8ec563_2016-03,0.0
9cf1af_2022-05,0.06666666666666667
e361b7_2016-05,0.14285714285714285
8ec563_2015-11,0.0
894378_2017-08,0.45454545454545453
e4bc80_2015-05,0.045454545454545456
1698cf_2015-10,0.0
db5006_2017-12,0.08902446104371906
0874ee_2016-11,0.3709677419354839
8005b9_2020-09,1.0
fb34b4_2023-12,0.06666666666666667
c3a69f_2019-02,0.14285714285714285
829a72_2017-03,0.45454545454545453
0874ee_2020-06,0.8928571428571429
c3a69f_2019-06,0.17142857142857143
829a72_2020-04,0.8928571428571429
e2314a_2020-10,0.9411764705882353
731908_2020-05,0.8928571428571429
731908_2020-04,0.8928571428571429
60a0fd_2020-06,0.8928571428571429
98a151_2018-10,0.5
11f0e3_2020-04,0.6744186046511629
77e86b_2015-11,0.0
9af74c_2021-02,1.0
bc4c03_2017-10,0.17142857142857143
b73bc7_2021-12,1.0
9af74c_2020-12,1.0
bc4c03_2016-02,0.0
987bc1_2018-10,0.2465753424657534
18defd_2015-08,0.0
1822ea_2020-04,1.0
9af74c_2017-04,0.42857142857142855
9af74c_2020-08,1.0
1822ea_2019-01,0.3709677419354839
1822ea_2018-12,0.3709677419354839
375f2e_2016-08,0.0
375f2e_2015-07,0.0
3a13b3_2022-01,0.8928571428571429
bc4c03_2016-07,0.3844207188673445
439fde_2017-03,0.2465753424657534
c3a69f_2020-06,0.6744186046511629
87cfea_2021-08,0.3709677419354839
87cfea_2025-01,0.45454545454545453
99c11c_2021-04,0.45454545454545453
83894c_2019-03,0.2465753424657534
87cfea_2021-05,0.5588235294117647
99c11c_2024-09,0.45454545454545453
87cfea_2019-08,0.3709677419354839
83894c_2025-05,0.5588235294117647
439fde_2016-08,0.020833333333333332
83894c_2019-05,0.2465753424657534
87cfea_2021-11,0.45454545454545453
c3a69f_2018-09,0.2465753424657534
439fde_2021-03,0.8928571428571429
87cfea_2018-01,0.020833333333333332
99c11c_2024-10,0.5588235294117647
bf6f0d_2017-12,0.3709677419354839
439fde_2020-09,0.8928571428571429
87cfea_2024-08,0.45454545454545453
99c11c_2023-03,0.2465753424657534
99c11c_2024-07,0.45454545454545453
87cfea_2021-01,0.45454545454545453
87cfea_2018-12,0.06741573033707865
83894c_2018-05,0.17142857142857143
99c11c_2020-07,0.45454545454545453
87cfea_2017-06,0.0
87cfea_2021-12,0.45454545454545453
a25664_2018-11,0.3709677419354839
99c11c_2021-05,0.5588235294117647
92dcdd_2021-05,0.2465753424657534
4fb2d3_2018-11,0.5
34889b_2015-07,0.045454545454545456
531356_2022-05,0.8928571428571429
9b46ed_2020-06,0.8928571428571429
29849f_2022-01,0.8928571428571429
c3a69f_2016-02,0.0
90abb1_2017-05,0.07692307692307693
c3a69f_2015-10,0.0
29849f_2020-09,0.8928571428571429
bc4c03_2015-10,0.0
c3a69f_2016-04,0.0
fb34b4_2023-04,0.020833333333333332
b416b1_2017-08,0.3709677419354839
06534f_2022-02,1.0
c580aa_2021-07,0.9411764705882353
b73bc7_2018-07,0.8928571428571429
b1de95_2023-01,0.9411764705882353
b73bc7_2020-12,1.0
c580aa_2022-05,1.0
06534f_2020-11,1.0
3a13b3_2022-04,1.0
3a13b3_2023-01,1.0
06534f_2022-07,1.0
3db670_2017-01,0.5588235294117647
b1de95_2018-08,0.8928571428571429
06534f_2023-01,1.0
c580aa_2020-07,0.8928571428571429
3db670_2016-10,0.5588235294117647
8d0588_2015-11,0.0
83894c_2018-11,0.17142857142857143
77e86b_2020-07,0.6744186046511629
77e86b_2020-10,0.8928571428571429
77e86b_2016-07,0.0
87cfea_2024-05,0.8928571428571429
74b7d1_2016-08,0.0
77e86b_2018-11,0.45454545454545453
77e86b_2020-09,0.8928571428571429
87cfea_2019-02,0.06741573033707865
87cfea_2019-03,0.06741573033707865
dc4b5e_2020-05,0.06666666666666667
8005b9_2017-07,0.45454545454545453
5a0174_2021-02,1.0
99c11c_2018-05,0.06382978723404255
90abb1_2018-10,0.5
987bc1_2016-07,0.06382978723404255
99c11c_2020-04,0.45454545454545453
87cfea_2018-09,0.38461538461538464
83894c_2024-05,0.8928571428571429
259a19_2021-02,0.9411764705882353
83894c_2024-04,0.8928571428571429
439fde_2018-07,0.45454545454545453
83894c_2024-06,0.8928571428571429
987bc1_2016-06,0.06741573033707865
af81b0_2015-10,0.0
af81b0_2016-03,0.0
6838b9_2020-05,0.3709677419354839
af81b0_2016-12,0.06741573033707865
af81b0_2015-11,0.0
af81b0_2016-07,0.06741573033707865
4fb2d3_2015-05,0.06741573033707865
af81b0_2016-10,0.06741573033707865
0874ee_2017-09,0.3709677419354839
a25664_2018-09,0.2465753424657534
3db670_2015-12,0.0
88a9a6_2015-05,0.020833333333333332
7aa803_2018-07,0.42857142857142855
19fa84_2021-04,1.0
74b7d1_2015-05,0.06666666666666667
2ab8ad_2018-03,0.06741573033707865
cd0e60_2024-09,0.5588235294117647
3db670_2015-10,0.020833333333333332
34889b_2020-11,0.8928571428571429
4718d7_2015-07,0.0
8005b9_2016-01,0.06382978723404255
8005b9_2016-10,0.17142857142857143
f500c5_2015-09,0.020833333333333332
b416b1_2017-03,0.5588235294117647
894378_2018-11,0.45454545454545453
19fa84_2017-09,0.3709677419354839
19fa84_2018-08,0.45454545454545453
4fb2d3_2015-06,0.06382978723404255
19fa84_2017-04,0.2465753424657534
894378_2015-05,0.0
77e86b_2017-12,0.2465753424657534
fd589c_2015-08,0.0
19fa84_2018-09,0.42857142857142855
e4bc80_2015-07,0.0
0874ee_2016-08,0.45454545454545453
74fb1f_2015-08,0.0
db4cd8_2016-03,0.17142857142857143
1996b0_2022-09,0.045454545454545456
db4cd8_2016-02,0.020833333333333332
0874ee_2016-06,0.45454545454545453
5a0174_2017-09,0.37288211572566365
b08ec1_2018-10,0.45454545454545453
0cecbd_2017-10,0.3709677419354839
34889b_2018-10,0.5588235294117647
b08ec1_2017-12,0.45454545454545453
e2e0ce_2018-08,0.3709677419354839
2ab8ad_2017-10,0.45454545454545453
b08ec1_2017-09,0.07692307692307693
34889b_2020-06,0.8928571428571429
dc4b5e_2021-06,0.8928571428571429
9b46ed_2016-06,0.0
dc4b5e_2021-01,0.17142857142857143
9b46ed_2015-12,0.0
f461d4_2018-07,0.6744186046511629
9b46ed_2015-11,0.0
b08ec1_2021-02,0.8928571428571429
b08ec1_2021-04,0.8928571428571429
8005b9_2015-06,0.0
9af74c_2017-05,0.2465753424657534
3db670_2017-11,0.5588235294117647
af81b0_2017-12,0.45454545454545453
3a13b3_2020-07,0.9411764705882353
a97df3_2020-08,0.020833333333333332
a97df3_2020-07,0.045454545454545456
b73bc7_2017-09,0.6744186046511629
1698cf_2015-09,0.045454545454545456
0cecbd_2016-12,0.3709677419354839
3db670_2022-05,0.9411764705882353
b73bc7_2020-08,1.0
3db670_2017-09,0.5588235294117647
99c11c_2025-08,0.6744186046511629
3db670_2022-04,0.9411764705882353
a97df3_2021-06,0.38461538461538464
a97df3_2020-09,0.020833333333333332
99c11c_2019-04,0.2465753424657534
99c11c_2022-09,0.6744186046511629
3a13b3_2022-08,1.0
1822ea_2015-10,0.020833333333333332
9f1aa0_2016-10,0.45454545454545453
0cecbd_2020-05,0.8928571428571429
375f2e_2015-11,0.0
e4bc80_2021-04,0.8928571428571429
8ec563_2020-09,0.8928571428571429
98a151_2015-06,0.06741573033707865
0874ee_2017-10,0.42857142857142855
bf6f0d_2015-12,0.0
af81b0_2022-10,0.8928571428571429
bf6f0d_2016-03,0.020833333333333332
c5df88_2018-11,0.2465753424657534
74fb1f_2016-12,0.2465753424657534
2ab8ad_2016-07,0.0
e2e0ce_2016-10,0.0
88a9a6_2016-12,0.2465753424657534
293190_2017-12,0.2465753424657534
88a9a6_2015-08,0.0
e2e0ce_2016-06,0.0
9f1aa0_2015-07,0.06382978723404255
c5df88_2016-01,0.0
9f1aa0_2016-06,0.45454545454545453
7bf5c9_2015-08,0.020833333333333332
87cfea_2020-05,0.45454545454545453
1698cf_2015-12,0.0
fd589c_2017-09,0.3709677419354839
fd589c_2018-09,0.5588235294117647
894378_2016-12,0.06382978723404255
c5816f_2016-03,0.2465753424657534
19fa84_2016-08,0.0
e4bc80_2018-11,0.6744186046511629
c5816f_2017-08,0.3709677419354839
6f5e2b_2017-12,0.07692307692307693
c5816f_2015-10,0.0
19fa84_2016-07,0.0
19fa84_2015-07,0.0
b59bc0_2016-10,0.6744186046511629
b0ff51_2016-12,0.8928571428571429
34889b_2025-03,1.0
87cfea_2017-09,0.0
83894c_2016-05,0.06382978723404255
a42d13_2020-01,0.8928571428571429
a42d13_2018-12,0.6744186046511629
a42d13_2021-12,0.8928571428571429
a42d13_2020-05,0.8928571428571429
a42d13_2020-04,0.8928571428571429
a42d13_2022-01,0.8928571428571429
a42d13_2019-12,0.8
a42d13_2023-03,0.8928571428571429
6f5e2b_2015-12,0.06382978723404255
f1543b_2017-09,0.2465753424657534
829a72_2016-02,0.020833333333333332
531356_2015-07,0.0
1b9e65_2020-05,0.8928571428571429
d86999_2020-07,0.5588235294117647
c5816f_2017-09,0.45454545454545453
894378_2020-07,0.8928571428571429
375f2e_2016-03,0.020833333333333332
29849f_2017-10,0.45454545454545453
531356_2016-01,0.0
77e86b_2015-05,0.06666666666666667
83894c_2017-03,0.0
8005b9_2017-11,0.45454545454545453
8005b9_2016-11,0.45454545454545453
8005b9_2016-12,0.5588235294117647
bc4c03_2016-11,0.3709677419354839
29849f_2018-07,0.3709677419354839
f4604d_2025-06,0.9411764705882353
293190_2025-05,0.8928571428571429
88a9a6_2018-08,0.38461538461538464
4fb2d3_2016-08,0.12060807970345275
c5df88_2024-08,0.8928571428571429
293190_2024-10,0.8928571428571429
c5df88_2024-05,0.8928571428571429
7aa803_2021-08,0.8928571428571429
293190_2026-02,0.8928571428571429
4fb2d3_2016-09,0.17142857142857143
7aa803_2015-06,0.0
c5df88_2024-12,0.8928571428571429
7aa803_2021-09,0.8928571428571429
88a9a6_2016-07,0.0
293190_2025-01,0.8928571428571429
74fb1f_2024-11,0.9411764705882353
c5df88_2020-05,0.45454545454545453
9b46ed_2021-10,0.8928571428571429
1996b0_2024-04,0.0
f4604d_2020-12,0.5588235294117647
06534f_2014-08,0.020833333333333332
06534f_2016-06,0.020833333333333332
f4604d_2016-10,0.020833333333333332
18defd_2018-11,0.6666666666666666
06534f_2016-07,0.045454545454545456
375f2e_2018-11,0.3709677419354839
7a007d_2023-08,0.8928571428571429
7a007d_2021-05,0.6744186046511629
7a007d_2021-06,0.8928571428571429
60a0fd_2015-05,0.020833333333333332
7a007d_2023-03,0.8928571428571429
18defd_2016-10,0.3709677419354839
7a007d_2023-02,0.8928571428571429
7a007d_2019-11,0.45454545454545453
9af74c_2025-09,1.0
b08ec1_2015-06,0.06741573033707865
e7a56d_2016-10,0.2465753424657534
4718d7_2017-01,0.06741573033707865
b59bc0_2018-10,0.8928571428571429
b59bc0_2017-10,0.8928571428571429
b59bc0_2018-08,0.8928571428571429
0cecbd_2017-12,0.45454545454545453
b59bc0_2017-09,0.8928571428571429
8d0588_2018-11,0.8928571428571429
b1de95_2015-10,0.0
94f933_2023-01,0.06741573033707865
1b9e65_2025-04,0.8928571428571429
0cecbd_2016-04,0.020833333333333332
a25664_2020-04,0.8928571428571429
fd589c_2020-09,0.8928571428571429
0ffc2d_2018-11,0.020833333333333332
d59611_2020-06,0.8928571428571429
34889b_2016-07,0.45454545454545453
34889b_2016-08,0.45454545454545453
bf6f0d_2017-03,0.17142857142857143
db5006_2017-01,0.3709677419354839
0ffc2d_2020-05,0.0
6c1954_2021-03,0.17142857142857143
34889b_2016-10,0.45454545454545453
6c1954_2021-05,0.5588235294117647
8fabe0_2015-11,0.0
0ffc2d_2020-04,0.045454545454545456
8fabe0_2016-02,0.0
db4cd8_2020-05,0.8928571428571429
34889b_2016-11,0.45454545454545453
b08ec1_2018-08,0.45454545454545453
5ecf9b_2023-12,0.0
77e86b_2018-03,0.06741573033707865
74b7d1_2019-06,0.2465753424657534
439fde_2023-11,0.3709677419354839
439fde_2024-04,0.8928571428571429
1b9e65_2023-01,0.3709677419354839
db5006_2023-03,0.8928571428571429
74b7d1_2022-10,0.45454545454545453
db5006_2024-10,1.0
ab32d7_2023-11,0.0
77e86b_2019-02,0.2465753424657534
c3a69f_2024-05,0.6666666666666666
439fde_2025-01,0.6744186046511629
77e86b_2014-11,0.06666666666666667
439fde_2020-01,0.5588235294117647
c3a69f_2024-01,0.45454545454545453
77e86b_2020-03,0.5588235294117647
77e86b_2018-05,0.14285714285714285
94f933_2025-05,0.2465753424657534
c3a69f_2025-02,0.8928571428571429
829a72_2023-02,0.45454545454545453
6224d0_2023-10,0.5588235294117647
293190_2023-01,0.5588235294117647
293190_2023-12,0.5588235294117647
2ab8ad_2016-06,0.0
88a9a6_2022-12,0.45454545454545453
9b46ed_2025-05,0.5588235294117647
fc9334_2022-01,0.5588235294117647
8bd3ce_2015-07,0.0
fc9334_2017-01,0.14285714285714285
8e41cf_2018-01,0.06741573033707865
8e41cf_2019-11,0.45454545454545453
b26809_2020-08,0.5588235294117647
fc77d0_2019-06,0.45454545454545453
6224d0_2019-11,0.45454545454545453
a25664_2018-12,0.06741573033707865
c5df88_2023-05,0.8928571428571429
7aa803_2021-11,0.5588235294117647
7aa803_2024-10,0.8928571428571429
98a151_2023-05,0.8928571428571429
98a151_2025-03,0.8744149314889318
60a0fd_2023-09,0.5588235294117647
8bd3ce_2020-06,0.8928571428571429
4fb2d3_2020-03,1.0
e60b65_2024-03,0.9411764705882353
74fb1f_2016-03,0.0
60a0fd_2025-01,0.8928571428571429
9cf1af_2022-12,0.0
d86999_2023-07,0.8928571428571429
d86999_2023-12,0.6744186046511629
175155_2014-10,0.026537923182021514
293190_2022-08,0.5588235294117647
2ab8ad_2019-02,0.07692307692307693
2ab8ad_2019-03,0.14285714285714285
c5df88_2022-07,0.2465753424657534
74fb1f_2018-12,0.06741573033707865
7aa803_2024-08,0.8928571428571429
9b46ed_2018-02,0.06741573033707865
11f0e3_2025-06,0.5588235294117647
98a151_2023-12,0.5588235294117647
9befc8_2023-05,0.8928571428571429
302d40_2024-12,0.45454545454545453
e3af0e_2023-05,0.8928571428571429
6c1954_2022-11,0.2465753424657534
8bd3ce_2022-07,0.45454545454545453
b26809_2020-10,0.45454545454545453
a25664_2014-12,0.0
e2e0ce_2021-10,0.5588235294117647
74fb1f_2014-12,0.06666666666666667
74fb1f_2021-02,0.6744186046511629
8fb6f0_2023-03,0.45454545454545453
731908_2021-12,0.17142857142857143
829a72_2023-07,0.5
fc9334_2015-04,0.0
60a0fd_2018-05,0.14285714285714285
d86999_2016-07,0.045454545454545456
d86999_2022-12,0.6744186046511629
6c1954_2023-10,0.6666666666666666
b26809_2017-01,0.07692307692307693
4fb2d3_2022-02,0.9411764705882353
1698cf_2018-02,0.07692307692307693
4718d7_2020-08,0.5588235294117647
6f5e2b_2018-02,0.06741573033707865
e2e0ce_2021-08,0.8928571428571429
c5df88_2019-08,0.17142857142857143
88a9a6_2019-02,0.06741573033707865
780a0b_2020-02,0.5588235294117647
a97df3_2024-01,0.45454545454545453
bfbeef_2019-02,0.17142857142857143
b26809_2018-05,0.06382978723404255
77c35f_2024-10,0.5
829a72_2022-09,0.45454545454545453
60a0fd_2018-12,0.3709677419354839
e3af0e_2021-07,1.0
fc9334_2023-01,0.5588235294117647
fc9334_2024-09,1.0
987bc1_2021-06,0.9411764705882353
6224d0_2023-01,0.9411764705882353
88a9a6_2022-07,0.45454545454545453
302d40_2023-04,0.0
d86999_2016-06,0.06382978723404255
fc9334_2015-12,0.0
8bd3ce_2017-08,0.06741573033707865
8e41cf_2018-03,0.06741573033707865
5a0174_2020-01,0.8928571428571429
e2e0ce_2018-09,0.3709677419354839
74fb1f_2015-03,0.020833333333333332
74fb1f_2019-07,0.07692307692307693
e3af0e_2024-12,0.6666666666666666
98a151_2021-06,1.0
9cf1af_2022-09,0.0
b26809_2016-11,0.06741573033707865
9befc8_2024-11,0.5588235294117647
b08ec1_2018-03,0.020833333333333332
2ab8ad_2018-02,0.2465753424657534
c5df88_2021-04,0.45454545454545453
7aa803_2016-10,0.14285714285714285
7aa803_2017-06,0.2465753424657534
88a9a6_2022-01,0.42857142857142855
0f9e86_2024-08,1.0
98a151_2025-06,0.6744186046511629
60a0fd_2024-04,0.5588235294117647
e3af0e_2024-01,0.6666666666666666
8bd3ce_2019-01,0.045454545454545456
b26809_2015-09,0.020833333333333332
e2e0ce_2024-10,0.8928571428571429
c5df88_2022-12,0.45454545454545453
74fb1f_2025-04,0.5588235294117647
0f9e86_2025-01,0.6744186046511629
fc9334_2015-08,0.0
dbb709_2023-08,0.020833333333333332
60a0fd_2025-05,0.6744186046511629
d86999_2016-08,0.020833333333333332
98a151_2019-09,0.6744186046511629
dbb709_2024-04,0.07162065195375694
e3af0e_2019-07,0.5588235294117647
b26809_2023-08,0.5588235294117647
b08ec1_2018-12,0.06741573033707865
4fb2d3_2015-03,0.0
e2e0ce_2023-01,0.6744186046511629
74fb1f_2022-04,0.45454545454545453
7aa803_2016-07,0.020833333333333332
8fb6f0_2021-03,0.5588235294117647
11f0e3_2023-01,0.5588235294117647
11f0e3_2023-11,0.45454545454545453
dbb709_2024-02,0.2465753424657534
8e41cf_2016-10,0.0
e3af0e_2019-05,0.45454545454545453
8e41cf_2017-08,0.06741573033707865
8e41cf_2023-01,0.5588235294117647
fc77d0_2023-11,0.8928571428571429
c5df88_2018-01,0.06741573033707865
74fb1f_2024-05,0.8928571428571429
74fb1f_2024-09,0.8928571428571429
88a9a6_2015-07,0.0
302d40_2022-05,0.026733397497186704
e3af0e_2021-01,0.8928571428571429
b26809_2016-02,0.0
8e41cf_2021-12,0.3709677419354839
6838b9_2018-06,0.0
74fb1f_2019-06,0.07692307692307693
98a151_2025-01,0.8928571428571429
0f9e86_2024-04,0.8928571428571429
829a72_2019-03,0.3709677419354839
d86999_2017-09,0.14285714285714285
6c1954_2023-07,0.2465753424657534
b26809_2019-06,0.45454545454545453
8bd3ce_2024-12,0.8928571428571429
8e41cf_2016-07,0.0
b26809_2021-02,0.45454545454545453
b08ec1_2024-08,0.8928571428571429
9af74c_2022-02,0.9411764705882353
6f5e2b_2019-10,0.5588235294117647
c5df88_2018-10,0.2465753424657534
74fb1f_2017-01,0.3709677419354839
9b46ed_2015-02,0.020833333333333332
780a0b_2024-05,1.0
8fb6f0_2020-07,0.8
77c35f_2023-03,0.020833333333333332
d86999_2021-06,0.45454545454545453
8bd3ce_2017-09,0.1640971244735768
b26809_2017-09,0.045454545454545456
b26809_2021-03,0.38461538461538464
bc4c03_2021-07,0.8928571428571429
259a19_2018-03,0.2465753424657534
532867_2024-10,0.06741573033707865
e2e0ce_2019-08,0.17142857142857143
e2e0ce_2023-03,0.8512314418463398
c5df88_2017-08,0.3709677419354839
c5df88_2023-01,0.38461538461538464
7aa803_2015-02,0.045454545454545456
7aa803_2021-07,0.9411764705882353
9b46ed_2022-03,0.45454545454545453
175155_2020-01,0.8928571428571429
60a0fd_2020-12,0.8928571428571429
fc2511_2025-07,0.06666666666666667
b26809_2025-04,0.8928571428571429
34889b_2025-07,0.6666666666666666
fc77d0_2022-11,0.8928571428571429
e2e0ce_2021-03,0.8928571428571429
74fb1f_2022-02,0.5
74fb1f_2024-07,0.8928571428571429
bfbeef_2016-02,0.0
bfbeef_2023-05,0.8928571428571429
98a151_2024-10,0.8
e3af0e_2020-01,0.8928571428571429
d86999_2021-02,0.5979863843861326
d86999_2022-07,0.6666666666666666
6c1954_2022-01,0.45454545454545453
8e41cf_2025-02,0.8928571428571429
175155_2022-10,0.45454545454545453
a25664_2024-11,0.8928571428571429
293190_2015-04,0.06741573033707865
293190_2016-10,0.06741573033707865
293190_2017-09,0.3709677419354839
e2e0ce_2025-08,0.5588235294117647
74fb1f_2022-05,0.5181497348916239
7aa803_2019-01,0.2465753424657534
302d40_2025-05,0.45454545454545453
6c1954_2021-09,0.2465753424657534
db4cd8_2022-12,0.8928571428571429
8bd3ce_2016-07,0.0
265164_2023-11,0.06741573033707865
175155_2024-01,0.8928571428571429
c5df88_2016-08,0.17142857142857143
88a9a6_2023-06,0.5588235294117647
77c35f_2023-04,0.020833333333333332
fc9334_2018-10,0.06741573033707865
8bd3ce_2016-12,0.06741573033707865
60a0fd_2022-01,0.45454545454545453
302d40_2024-10,0.45454545454545453
e3af0e_2023-10,0.9411764705882353
bc4c03_2025-08,0.8928571428571429
3a13b3_2014-11,0.07692307692307693
e2e0ce_2024-09,0.8436713646737274
c5df88_2018-12,0.06741573033707865
74fb1f_2016-04,0.0
74fb1f_2024-10,0.8928571428571429
88a9a6_2017-01,0.2465753424657534
780a0b_2024-07,0.5588235294117647
d86999_2017-08,0.3709677419354839
fc9334_2021-06,0.5588235294117647
fc9334_2021-12,0.38190579800339264
fc9334_2023-07,0.45454545454545453
8bd3ce_2023-11,0.5588235294117647
34889b_2019-01,0.5588235294117647
34889b_2024-03,0.8928571428571429
18defd_2014-06,0.020833333333333332
e2e0ce_2023-07,0.5588235294117647
74fb1f_2017-11,0.12897643313851315
98a151_2023-02,0.5588235294117647
e3af0e_2020-02,0.45454545454545453
d86999_2022-02,0.5588235294117647
fc9334_2024-02,0.8
8bd3ce_2022-02,0.42857142857142855
fc77d0_2015-02,0.0
6224d0_2023-11,1.0
293190_2024-06,0.8928571428571429
e2e0ce_2016-05,0.020833333333333332
e2e0ce_2018-06,0.2465753424657534
2ab8ad_2021-11,0.6744186046511629
7aa803_2018-09,0.07692307692307693
7aa803_2023-06,0.45454545454545453
88a9a6_2021-10,0.38461538461538464
9b46ed_2025-08,0.45454545454545453
77c35f_2023-11,0.0
8bd3ce_2015-08,0.020833333333333332
8e41cf_2017-12,0.06666666666666667
6c1954_2023-03,0.06741573033707865
8e41cf_2023-07,0.45454545454545453
d59611_2019-01,0.45454545454545453
b08ec1_2020-01,0.5588235294117647
265164_2025-03,0.020833333333333332
88a9a6_2024-10,0.8928571428571429
98a151_2024-07,0.8650273021199817
77c35f_2023-02,0.0
8bd3ce_2015-04,0.0
8bd3ce_2024-10,0.6744186046511629
b08ec1_2025-08,1.0
4718d7_2019-02,0.45454545454545453
375f2e_2015-10,0.020833333333333332
2ab8ad_2023-02,0.6744186046511629
bfbeef_2015-12,0.0
60a0fd_2024-03,0.5588235294117647
302d40_2022-09,0.0
d86999_2022-04,0.8009433879548629
8e41cf_2017-03,0.06741573033707865
175155_2018-06,0.06666666666666667
9b3bd5_2025-07,0.020833333333333332
74fb1f_2024-02,0.8928571428571429
9f1aa0_2020-08,0.3709677419354839
510fbf_2025-04,0.17142857142857143
731908_2015-06,0.020833333333333332
bfbeef_2017-09,0.45454545454545453
894378_2022-05,0.42857142857142855
6c1954_2020-01,0.020833333333333332
19fa84_2021-03,0.8928571428571429
19fa84_2021-11,0.3709677419354839
9f1aa0_2016-05,0.3709677419354839
bfbeef_2016-05,0.020833333333333332
8ec563_2021-08,0.6666666666666666
fd589c_2023-09,0.6744186046511629
e361b7_2018-05,0.06741573033707865
e4bc80_2024-09,0.8928571428571429
bfbeef_2017-04,0.3709677419354839
29849f_2022-08,0.5588235294117647
8ec563_2024-05,0.8928571428571429
fd589c_2014-08,0.0
fd589c_2019-10,0.45454545454545453
e361b7_2021-11,0.42857142857142855
9af74c_2024-11,0.9411764705882353
9f1aa0_2015-01,0.0
fa8553_2023-03,0.06382978723404255
8ec563_2025-02,0.8928571428571429
19fa84_2022-03,0.45454545454545453
513080_2024-05,0.5588235294117647
9f1aa0_2019-02,0.2465753424657534
fa8553_2022-09,0.045454545454545456
bfbeef_2017-05,0.3709677419354839
19fa84_2018-05,0.06741573033707865
e361b7_2014-08,0.020833333333333332
e361b7_2015-02,0.045454545454545456
9af74c_2024-08,0.8928571428571429
513080_2023-10,0.06382978723404255
510fbf_2024-10,0.2465753424657534
bfbeef_2019-10,0.45454545454545453
8fb6f0_2019-11,0.6744186046511629
894378_2022-07,0.45454545454545453
c5816f_2019-12,0.8928571428571429
19fa84_2018-06,0.17142857142857143
e361b7_2024-04,0.8928571428571429
e4bc80_2024-10,0.6744186046511629
e4bc80_2025-07,0.8928571428571429
513080_2022-01,0.06382978723404255
8ec563_2018-02,0.2465753424657534
8ec563_2023-02,0.5588235294117647
e361b7_2021-01,0.5588235294117647
e4bc80_2014-10,0.0
894378_2021-04,0.9411764705882353
894378_2024-01,0.6666666666666666
8ec563_2022-09,0.5588235294117647
9f1aa0_2019-11,0.9411764705882353
9f1aa0_2021-05,0.42857142857142855
9f1aa0_2023-12,0.5588235294117647
510fbf_2024-08,0.5588235294117647
bfbeef_2023-01,0.5588235294117647
c5816f_2014-08,0.020833333333333332
19fa84_2022-09,0.45454545454545453
19fa84_2025-07,0.8928571428571429
e361b7_2024-01,0.8928571428571429
bfbeef_2025-09,0.8928571428571429
780a0b_2014-08,0.06382978723404255
e4bc80_2022-07,0.45454545454545453
513080_2023-05,0.020833333333333332
510fbf_2023-03,0.07692307692307693
c5816f_2025-08,0.8928571428571429
19fa84_2022-11,0.5588235294117647
e361b7_2020-10,0.8928571428571429
9f1aa0_2021-06,0.45454545454545453
fa8553_2022-12,0.020833333333333332
bfbeef_2024-05,0.6744186046511629
8ec563_2019-11,0.5
6c1954_2022-05,0.2465753424657534
513080_2024-03,0.45454545454545453
894378_2022-03,0.37540194425277523
8ec563_2019-09,0.3709677419354839
19fa84_2021-01,0.3709677419354839
19fa84_2021-02,0.45454545454545453
9f1aa0_2021-02,0.42857142857142855
9f1aa0_2023-10,0.5588235294117647
780a0b_2015-12,0.0
9befc8_2015-08,0.020833333333333332
c5816f_2019-09,0.3709677419354839
8ec563_2019-01,0.45454545454545453
fd589c_2017-02,0.3709677419354839
6c1954_2019-12,0.0
19fa84_2018-03,0.06741573033707865
e4bc80_2023-05,0.5588235294117647
bfbeef_2018-09,0.2465753424657534
bfbeef_2023-09,0.8928571428571429
894378_2023-11,0.6744186046511629
9f1aa0_2025-06,0.6744186046511629
bfbeef_2025-06,0.6744186046511629
c5816f_2018-02,0.14285714285714285
8ec563_2014-11,0.0
19fa84_2018-04,0.045454545454545456
19fa84_2023-04,0.45454545454545453
e361b7_2025-04,0.8928571428571429
e361b7_2025-07,0.8928571428571429
9f1aa0_2024-10,0.5588235294117647
894378_2025-01,0.8928571428571429
fd589c_2018-04,0.2465753424657534
fd589c_2021-02,0.3709677419354839
894378_2025-04,0.8928571428571429
8ec563_2022-07,0.45454545454545453
8ec563_2023-04,0.8
fd589c_2017-06,0.45454545454545453
e361b7_2018-07,0.5
e4bc80_2022-08,0.45454545454545453
9f1aa0_2022-06,0.5392169826629487
8fb6f0_2014-07,0.020833333333333332
8fb6f0_2018-09,0.45454545454545453
731908_2021-10,0.5588235294117647
731908_2024-10,0.45454545454545453
780a0b_2020-12,0.8928571428571429
9befc8_2015-04,0.0
c5816f_2014-09,0.020833333333333332
c5816f_2021-07,0.5588235294117647
6c1954_2022-04,0.45454545454545453
19fa84_2019-01,0.17142857142857143
bfbeef_2022-11,0.45454545454545453
c5816f_2022-12,0.6744186046511629
e4bc80_2018-06,0.3709677419354839
513080_2023-04,0.06382978723404255
9f1aa0_2021-03,0.45454545454545453
9f1aa0_2025-05,0.6744186046511629
731908_2019-10,0.45454545454545453
780a0b_2015-10,0.0
0f9e86_2022-06,0.45454545454545453
531356_2022-07,0.45454545454545453
894378_2018-12,0.06741573033707865
c5816f_2023-06,0.6581157913135051
19fa84_2021-10,0.45454545454545453
11f0e3_2024-08,1.0
b26809_2019-10,0.5588235294117647
780a0b_2025-05,0.5588235294117647
7bf5c9_2019-02,0.17142857142857143
7bf5c9_2022-07,0.5588235294117647
f500c5_2021-01,0.5588235294117647
265164_2025-07,0.3709677419354839
439fde_2023-03,0.8928571428571429
83894c_2022-06,0.45454545454545453
87cfea_2021-03,0.8928571428571429
99c11c_2021-02,0.2465753424657534
11f0e3_2017-11,0.2465753424657534
780a0b_2015-07,0.020833333333333332
8fb6f0_2016-05,0.06741573033707865
f1543b_2021-02,0.45454545454545453
1b9e65_2025-06,0.6666666666666666
780a0b_2022-08,0.45454545454545453
8fb6f0_2023-08,0.45454545454545453
0f9e86_2023-01,0.45454545454545453
7bf5c9_2020-06,0.5588235294117647
3a13b3_2015-01,0.06741573033707865
11f0e3_2022-02,0.17142857142857143
780a0b_2019-07,0.5588235294117647
8fb6f0_2021-07,0.07692307692307693
8fb6f0_2025-01,0.5588235294117647
0f9e86_2022-03,0.3709677419354839
f1543b_2014-12,0.0
f1543b_2020-09,0.5588235294117647
f500c5_2022-07,0.6744186046511629
9befc8_2019-08,0.45454545454545453
7bf5c9_2018-06,0.17142857142857143
87cfea_2024-06,0.5588235294117647
7bf5c9_2023-02,0.38461538461538464
bc4c03_2019-10,0.6744186046511629
780a0b_2017-09,0.06741573033707865
8fb6f0_2014-04,0.06666666666666667
8bd3ce_2019-10,0.38461538461538464
0f9e86_2023-06,0.3709677419354839
f1543b_2022-11,0.5588235294117647
f500c5_2020-07,0.5
4f2b6b_2024-03,0.0
11f0e3_2016-11,0.07692307692307693
11f0e3_2024-10,0.6666666666666666
f500c5_2019-06,0.45454545454545453
c3a69f_2020-10,0.8928571428571429
780a0b_2019-10,0.5
780a0b_2021-01,0.8928571428571429
0f9e86_2017-04,0.07692307692307693
c580aa_2014-05,0.020833333333333332
4f2b6b_2024-10,0.2465753424657534
83894c_2021-07,0.3709677419354839
11f0e3_2023-10,0.45454545454545453
8fb6f0_2021-01,0.45454545454545453
0f9e86_2019-09,0.6744186046511629
0f9e86_2025-05,0.8928571428571429
9befc8_2025-08,0.9411764705882353
f1543b_2023-05,0.45454545454545453
0f9e86_2024-12,0.6744186046511629
87cfea_2020-06,0.45454545454545453
99c11c_2024-04,0.45454545454545453
731908_2020-07,0.880145903816297
11f0e3_2020-09,0.5588235294117647
0f9e86_2023-09,0.45454545454545453
9befc8_2021-08,0.3709677419354839
9befc8_2022-12,0.3709677419354839
0874ee_2018-03,0.17142857142857143
7bf5c9_2018-01,0.06382978723404255
7bf5c9_2023-06,0.5588235294117647
f500c5_2018-12,0.2465753424657534
87cfea_2019-10,0.17142857142857143
87cfea_2025-03,0.8928571428571429
780a0b_2019-08,0.5588235294117647
11f0e3_2018-09,0.07692307692307693
8bd3ce_2020-10,0.5588235294117647
9befc8_2023-01,0.6744186046511629
7bf5c9_2024-10,0.8928571428571429
f1543b_2025-01,0.8
f500c5_2023-04,0.5588235294117647
83894c_2020-07,0.07692307692307693
87cfea_2019-06,0.06741573033707865
9befc8_2017-10,0.3709677419354839
4f2b6b_2024-04,0.0
11f0e3_2019-06,0.5588235294117647
fc9334_2020-08,0.8928571428571429
731908_2020-02,0.45454545454545453
9befc8_2018-10,0.17142857142857143
b73bc7_2015-02,0.06382978723404255
11f0e3_2017-04,0.14285714285714285
11f0e3_2019-08,0.45454545454545453
11f0e3_2025-01,0.8928571428571429
0f9e86_2020-11,0.5588235294117647
0f9e86_2021-10,0.8928571428571429
f500c5_2020-04,0.45454545454545453
c3a69f_2022-11,0.8928571428571429
8fb6f0_2018-08,0.38461538461538464
9befc8_2016-12,0.06382978723404255
f1543b_2023-10,0.5588235294117647
3a13b3_2015-02,0.06741573033707865
83894c_2022-03,0.8928571428571429
731908_2022-06,0.5588235294117647
731908_2025-04,0.6744186046511629
8fb6f0_2021-04,0.45454545454545453
8fb6f0_2021-10,0.17142857142857143
8fb6f0_2024-12,0.6744186046511629
0f9e86_2016-10,0.17142857142857143
4f2b6b_2025-08,0.07692307692307693
87cfea_2022-05,0.42857142857142855
8e41cf_2020-01,0.45454545454545453
9befc8_2020-08,0.5588235294117647
87cfea_2021-02,0.5588235294117647
780a0b_2025-03,0.8928571428571429
8fb6f0_2023-04,0.5
9befc8_2024-12,0.5588235294117647
f1543b_2025-08,0.8928571428571429
87cfea_2020-08,0.45454545454545453
87cfea_2020-10,0.45454545454545453
731908_2019-12,0.5588235294117647
731908_2021-04,0.3709677419354839
9befc8_2019-09,0.45454545454545453
87cfea_2020-02,0.3709677419354839
731908_2017-09,0.06382978723404255
780a0b_2020-09,0.9411764705882353
0f9e86_2022-01,0.45454545454545453
7a007d_2025-07,0.8928571428571429
b1de95_2019-03,0.6744186046511629
1b9e65_2025-01,0.45454545454545453
6c1954_2019-11,0.06382978723404255
e4bc80_2021-11,0.3709677419354839
4718d7_2020-02,0.5588235294117647
b416b1_2019-06,0.45454545454545453
db4cd8_2015-01,0.0
d59611_2025-08,0.8928571428571429
b08ec1_2024-04,0.8928571428571429
c5816f_2016-05,0.2465753424657534
f461d4_2024-04,0.8928571428571429
259a19_2024-10,0.8928571428571429
db4cd8_2024-07,0.8928571428571429
db4cd8_2025-03,0.8928571428571429
1698cf_2018-09,0.45454545454545453
db4cd8_2022-06,0.5588235294117647
c5816f_2016-06,0.3709677419354839
c5816f_2020-01,0.9411764705882353
6c1954_2024-05,0.8928571428571429
c48018_2025-08,0.8928571428571429
b416b1_2023-03,0.6744186046511629
06534f_2018-01,0.8928571428571429
175155_2015-02,0.020833333333333332
f461d4_2015-02,0.0
f461d4_2022-10,0.8928571428571429
90abb1_2018-03,0.3709677419354839
90abb1_2018-12,0.45454545454545453
c5816f_2014-11,0.04999888124088972
8fabe0_2024-12,1.0
d59611_2018-02,0.06382978723404255
6838b9_2020-02,0.06741573033707865
c5816f_2016-01,0.0
e4bc80_2014-08,0.0
e7a56d_2025-06,0.8928571428571429
4718d7_2023-05,0.9411764705882353
259a19_2014-09,0.0
34889b_2022-08,0.45454545454545453
8005b9_2023-07,0.8928571428571429
77b3b9_2021-06,0.6744186046511629
db4cd8_2022-03,0.8928571428571429
9af74c_2019-08,0.5588235294117647
6c1954_2019-06,0.06741573033707865
19fa84_2015-05,0.06382978723404255
19fa84_2025-08,0.8928571428571429
e7a56d_2024-11,0.8928571428571429
a42d13_2025-03,0.8928571428571429
14fe3a_2022-06,0.5588235294117647
fb737b_2021-02,0.0
175155_2014-11,0.020833333333333332
b08ec1_2019-05,0.2465753424657534
894378_2017-11,0.45454545454545453
fd589c_2023-07,1.0
e361b7_2015-06,0.0
e4bc80_2020-04,0.8928571428571429
e7a56d_2015-03,0.0
e7a56d_2019-07,0.45454545454545453
e7a56d_2023-06,0.5588235294117647
259a19_2019-01,0.6744186046511629
db4cd8_2024-01,1.0
34889b_2024-12,0.8928571428571429
bf6f0d_2025-08,0.6744186046511629
fc77d0_2019-05,0.38461538461538464
e4bc80_2015-08,0.0
e7a56d_2022-04,0.8928571428571429
c48018_2019-11,0.5588235294117647
259a19_2023-08,0.8928571428571429
0ffc2d_2019-09,0.020833333333333332
4fb2d3_2017-11,0.2465753424657534
c5816f_2018-08,0.6744186046511629
19fa84_2024-06,0.8928571428571429
e4bc80_2015-04,0.06741573033707865
e7a56d_2018-06,0.06741573033707865
6f5e2b_2024-10,0.8928571428571429
1822ea_2018-04,0.06741573033707865
0ffc2d_2018-12,0.020833333333333332
4718d7_2025-01,1.0
b416b1_2022-10,0.2465753424657534
259a19_2024-07,0.9411764705882353
d59611_2014-03,0.020833333333333332
b08ec1_2022-09,0.5588235294117647
77b3b9_2022-08,0.5588235294117647
259a19_2017-07,0.3709677419354839
8ec563_2015-01,0.0
14fe3a_2020-01,0.6744186046511629
b08ec1_2022-04,0.5588235294117647
259a19_2018-10,0.6666666666666666
0ffc2d_2019-01,0.0
4fb2d3_2018-06,0.06741573033707865
1698cf_2022-11,0.6744186046511629
bf6f0d_2015-10,0.007489930803899391
5a0174_2019-11,0.5588235294117647
6f5e2b_2019-12,0.8928571428571429
db4cd8_2021-07,0.9411764705882353
90abb1_2025-03,0.9411764705882353
8005b9_2024-10,0.8928571428571429
375f2e_2019-03,0.2465753424657534
894378_2016-01,0.0
e7a56d_2019-02,0.3709677419354839
e7a56d_2024-09,0.8928571428571429
5a0174_2025-01,0.8928571428571429
d59611_2021-11,0.5588235294117647
8005b9_2022-09,0.45454545454545453
1698cf_2025-03,0.8928571428571429
6f5e2b_2023-03,0.8928571428571429
1822ea_2024-01,1.0
8ec563_2014-08,0.0
fd589c_2015-05,0.020833333333333332
c48018_2024-09,0.6744186046511629
424c1b_2025-04,0.0
4fb2d3_2019-08,0.45454545454545453
e361b7_2017-02,0.2465753424657534
60a0fd_2019-05,0.45454545454545453
c48018_2019-08,0.45454545454545453
b416b1_2022-05,0.45454545454545453
b416b1_2022-09,0.45454545454545453
259a19_2014-08,0.045454545454545456
8005b9_2022-07,0.45454545454545453
77b3b9_2019-01,0.6666666666666666
6c1954_2019-10,0.06666666666666667
19fa84_2024-05,0.8928571428571429
e4bc80_2014-06,0.020833333333333332
18defd_2014-09,0.045454545454545456
18defd_2023-08,0.45454545454545453
4718d7_2021-11,0.8928571428571429
8fabe0_2014-06,0.0
6f5e2b_2014-08,0.020833333333333332
b416b1_2015-02,0.0
b416b1_2023-09,0.8928571428571429
db4cd8_2015-02,0.0
d59611_2018-04,0.2465753424657534
b08ec1_2023-11,0.8928571428571429
175155_2019-07,0.39083102182866303
6c1954_2021-07,0.5588235294117647
19fa84_2017-01,0.2465753424657534
c48018_2018-06,0.17142857142857143
14fe3a_2015-01,0.020833333333333332
1822ea_2023-10,0.8928571428571429
fc77d0_2019-02,0.2465753424657534
c48018_2018-04,0.06741573033707865
5a0174_2019-02,0.3709677419354839
5a0174_2018-04,0.06741573033707865
a25664_2019-10,0.3709677419354839
a25664_2020-01,0.8928571428571429
b416b1_2025-08,1.0
8005b9_2019-01,0.07692307692307693
424c1b_2024-10,0.0
0874ee_2021-03,0.5588235294117647
375f2e_2024-05,1.0
6c1954_2023-11,0.5588235294117647
fd589c_2014-03,0.0
e4bc80_2014-12,0.020833333333333332
e4bc80_2017-10,0.45454545454545453
e7a56d_2018-01,0.37537327844287804
e7a56d_2022-05,0.42857142857142855
18defd_2025-08,0.8928571428571429
c48018_2023-09,0.45454545454545453
b08ec1_2019-06,0.2465753424657534
259a19_2022-11,0.8928571428571429
d59611_2023-08,0.8928571428571429
9af74c_2014-12,0.020833333333333332
8ec563_2021-06,0.45454545454545453
fd589c_2017-05,0.3709677419354839
e7a56d_2022-07,0.45454545454545453
6f5e2b_2018-04,0.020833333333333332
14fe3a_2020-03,0.956316879220179
bf6f0d_2022-08,0.45454545454545453
0874ee_2019-06,0.2465753424657534
f461d4_2018-01,0.3709677419354839
8ec563_2017-11,0.42857142857142855
18defd_2017-02,0.3709677419354839
1698cf_2019-11,0.8928571428571429
1698cf_2024-12,0.5588235294117647
bf6f0d_2023-06,0.5588235294117647
6f5e2b_2022-10,0.5588235294117647
a25664_2018-05,0.06382978723404255
db4cd8_2019-10,0.38335825069291685
9af74c_2018-01,0.2465753424657534
1698cf_2015-02,0.0
c5816f_2015-12,0.0
b416b1_2024-01,0.8928571428571429
14fe3a_2024-10,0.5588235294117647
db4cd8_2023-03,1.0
8b98f3_2022-08,0.0
7e646c_2025-07,0.3709677419354839
0f9e86_2016-04,0.0
0ffc2d_2022-05,0.0
0ffc2d_2024-01,0.45454545454545453
74b7d1_2023-04,0.2465753424657534
4718d7_2024-01,1.0
77e86b_2018-01,0.17142857142857143
ab32d7_2023-07,0.0
f461d4_2023-09,0.9411764705882353
11f0e3_2018-02,0.17142857142857143
6f5e2b_2025-07,0.8
5ecf9b_2022-11,0.020833333333333332
cd0e60_2023-04,0.3709677419354839
6f5e2b_2023-07,0.8928571428571429
0f9e86_2018-03,0.2465753424657534
0ffc2d_2024-08,0.5588235294117647
0f9e86_2017-08,0.2465753424657534
99c11c_2024-01,0.8928571428571429
7e646c_2024-04,0.045454545454545456
5a0174_2025-07,0.9411764705882353
94f933_2023-10,0.0
0ffc2d_2021-01,0.045454545454545456
f461d4_2024-06,0.5588235294117647
5ecf9b_2023-04,0.0
4718d7_2024-09,0.45454545454545453
6f5e2b_2024-03,1.0
0f9e86_2018-12,0.3709677419354839
0ffc2d_2020-11,0.020833333333333332
0874ee_2015-04,0.06741573033707865
11f0e3_2015-11,0.0
0f9e86_2017-06,0.3709677419354839
6da35b_2023-09,0.020833333333333332
74b7d1_2024-08,0.8928571428571429
8b98f3_2023-06,0.020833333333333332
ab32d7_2022-08,0.020833333333333332
9befc8_2018-12,0.07692307692307693
11f0e3_2017-12,0.2465753424657534
6da35b_2025-08,0.3709677419354839
1698cf_2023-08,0.9411764705882353
1698cf_2025-08,0.8928571428571429
f461d4_2024-09,0.6744186046511629
dc4b5e_2025-03,0.8928571428571429
8d0588_2023-04,0.6744186046511629
b59bc0_2021-01,0.8928571428571429
b0ff51_2022-07,0.6744186046511629
439fde_2022-06,0.8928571428571429
8d0588_2017-07,0.5588235294117647
8d0588_2020-08,1.0
8d0588_2023-07,0.5588235294117647
8d0588_2024-01,0.8928571428571429
0cecbd_2021-02,0.5588235294117647
439fde_2015-02,0.06382978723404255
87cfea_2018-02,0.0
0874ee_2019-02,0.14285714285714285
8d0588_2023-05,1.0
99c11c_2022-05,0.6744186046511629
8d0588_2022-04,0.8928571428571429
b0ff51_2019-10,0.6744186046511629
b0ff51_2022-09,0.5588235294117647
99c11c_2017-05,0.0
b0ff51_2016-05,0.06741573033707865
b416b1_2014-12,0.0
8005b9_2015-03,0.0
8d0588_2015-05,0.06741573033707865
8d0588_2018-02,0.5588235294117647
b59bc0_2021-03,0.8928571428571429
b59bc0_2022-06,0.6744186046511629
99c11c_2018-04,0.020833333333333332
8d0588_2020-12,0.9411764705882353
0cecbd_2019-07,0.38461538461538464
b0ff51_2024-04,0.9411764705882353
8d0588_2015-04,0.06741573033707865
8d0588_2019-04,0.8928571428571429
b59bc0_2023-09,0.8928571428571429
439fde_2022-07,0.8928571428571429
8d0588_2014-05,0.020833333333333332
8d0588_2023-02,0.5588235294117647
c3a69f_2023-06,0.6744186046511629
b416b1_2019-02,0.2465753424657534
8d0588_2025-03,0.8928571428571429
b0ff51_2017-01,0.8928571428571429
b0ff51_2018-11,0.8928571428571429
0cecbd_2023-03,0.5588235294117647
74b7d1_2017-04,0.2465753424657534
b416b1_2019-09,0.8928571428571429
b416b1_2022-03,0.45454545454545453
b59bc0_2017-05,0.45454545454545453
0cecbd_2024-09,0.6744186046511629
34889b_2025-04,1.0
8d0588_2018-07,0.8928571428571429
8d0588_2020-11,0.8928571428571429
b59bc0_2016-05,0.3709677419354839
b0ff51_2021-08,1.0
b0ff51_2022-10,0.8928571428571429
c3a69f_2020-11,0.8928571428571429
8d0588_2019-01,0.8755300331338823
77e86b_2014-08,0.06718580161285652
b0ff51_2016-11,0.8928571428571429
0874ee_2021-05,0.8928571428571429
b0ff51_2021-10,1.0
87cfea_2017-12,0.0
99c11c_2017-06,0.0
74b7d1_2019-07,0.2465753424657534
fc77d0_2022-04,0.5588235294117647
87cfea_2017-08,0.0
fc77d0_2019-12,1.0
83894c_2016-08,0.0
87cfea_2017-05,0.0
87cfea_2017-04,0.0
b416b1_2025-09,1.0
14fe3a_2022-08,0.8928571428571429
8b98f3_2024-07,0.17142857142857143
fc77d0_2023-09,0.6744186046511629
a42d13_2022-03,0.8928571428571429
9af74c_2016-05,0.45454545454545453
7199cf_2024-09,0.06741573033707865
fb737b_2023-12,0.45454545454545453
f461d4_2020-08,0.8928571428571429
a25664_2023-06,0.5588235294117647
fc77d0_2022-07,0.5
fc77d0_2024-09,0.6744186046511629
1822ea_2023-12,0.9411764705882353
77b3b9_2025-05,0.8928571428571429
8b98f3_2024-09,0.2465753424657534
4fb2d3_2023-04,0.5
6224d0_2022-08,0.45454545454545453
fc77d0_2024-08,0.6744186046511629
265164_2023-07,0.020833333333333332
6f5e2b_2022-04,0.8928571428571429
6224d0_2025-06,0.8928571428571429
a42d13_2022-04,0.8928571428571429
9af74c_2025-07,0.8928571428571429
987bc1_2019-09,0.3709677419354839
175155_2024-05,0.8928571428571429
a42d13_2020-12,0.8928571428571429
4fb2d3_2017-05,0.3709677419354839
1698cf_2025-05,0.5588235294117647
6f5e2b_2023-11,0.9411764705882353
a25664_2023-08,0.6744186046511629
987bc1_2022-08,0.5588235294117647
fc77d0_2023-10,1.0
92dcdd_2021-12,0.06741573033707865
1698cf_2023-01,0.8928571428571429
f461d4_2019-03,0.6744186046511629
6838b9_2017-12,0.06700453233885983
90abb1_2023-03,1.0
7199cf_2024-07,0.045454545454545456
7199cf_2025-01,0.06382978723404255
259a19_2014-10,0.020833333333333332
92dcdd_2022-10,0.3709677419354839
ab32d7_2024-11,0.2465753424657534
022433_2025-01,0.2465753424657534
829a72_2015-12,0.0
987bc1_2021-01,0.6836039099119603
987bc1_2021-08,0.8928571428571429
175155_2022-07,0.5588235294117647
259a19_2021-01,0.8928571428571429
1bdb97_2022-01,0.0
c3a69f_2015-01,0.045454545454545456
c0f884_2025-08,0.06741573033707865
1698cf_2020-11,0.8928571428571429
259a19_2019-07,0.8928571428571429
8b98f3_2024-04,0.10721944364148848
5ecf9b_2025-02,0.2465753424657534
0874ee_2015-02,0.045454545454545456
14fe3a_2023-01,0.8928571428571429
1b9e65_2024-01,0.5
fc77d0_2022-09,0.38461538461538464
4fb2d3_2025-02,0.8928571428571429
7199cf_2023-11,0.020833333333333332
6224d0_2019-09,0.2465753424657534
c3a69f_2021-07,0.8928571428571429
0e8d73_2024-06,0.045454545454545456
532867_2024-05,0.020833333333333332
439fde_2019-04,0.17142857142857143
6f5e2b_2020-09,0.8928571428571429
5ecf9b_2025-03,0.3709677419354839
0874ee_2019-09,0.3709677419354839
6838b9_2018-10,0.0
9af74c_2023-02,0.5
4fb2d3_2019-11,0.9411764705882353
1698cf_2021-12,0.9411764705882353
259a19_2020-10,0.8928571428571429
8b98f3_2025-07,0.2465753424657534
fc77d0_2017-02,0.5
6838b9_2018-02,0.0
a42d13_2020-09,0.8928571428571429
b08ec1_2015-01,0.0
fb737b_2024-05,0.45454545454545453
6f5e2b_2019-03,0.5588235294117647
e60b65_2025-05,0.8928571428571429
fc77d0_2023-01,0.8928571428571429
265164_2023-12,0.045454545454545456
fb737b_2024-12,0.45454545454545453
f461d4_2022-12,0.8928571428571429
4fb2d3_2022-10,0.45454545454545453
a42d13_2021-03,0.8928571428571429
fb737b_2022-01,0.5588235294117647
a25664_2016-09,0.0
ab32d7_2024-01,0.0
bc4c03_2022-01,0.9411764705882353
532867_2024-08,0.020833333333333332
987bc1_2021-09,0.8928571428571429
34889b_2014-12,0.009350273984759154
987bc1_2021-05,0.8928571428571429
6224d0_2021-09,0.8928571428571429
5a0174_2025-06,1.0
0874ee_2017-05,0.5588235294117647
4fb2d3_2025-05,0.8928571428571429
6224d0_2023-07,0.5588235294117647
0e8d73_2025-08,0.3709677419354839
34889b_2015-02,0.0
265164_2025-06,0.2465753424657534
6224d0_2020-10,0.9411764705882353
f461d4_2023-08,0.9411764705882353
a25664_2016-10,0.0
fc77d0_2022-05,0.5588235294117647
6838b9_2025-03,0.9411764705882353
532867_2025-05,0.0
4718d7_2022-07,0.5588235294117647
92dcdd_2024-03,0.8928571428571429
0874ee_2018-12,0.2465753424657534
6838b9_2024-05,0.8928571428571429
987bc1_2015-04,0.020833333333333332
4fb2d3_2025-07,0.8928571428571429
6224d0_2024-05,0.6744186046511629
6224d0_2025-01,1.0
4718d7_2022-06,0.6744186046511629
8fabe0_2014-07,0.020833333333333332
948a11_2022-10,0.0
1822ea_2021-09,1.0
bf6f0d_2017-08,0.2465753424657534
0e8d73_2024-12,0.0
bf6f0d_2025-02,0.8928571428571429
1822ea_2022-05,0.6744186046511629
92dcdd_2019-02,0.0
e7a56d_2014-06,0.06382978723404255
b08ec1_2022-03,0.6744186046511629
77b3b9_2023-12,1.0
6838b9_2025-07,0.8928571428571429
6838b9_2025-05,0.8928571428571429
8005b9_2021-11,0.5588235294117647
f4d28d_2025-08,0.020833333333333332
375f2e_2018-04,0.06741573033707865
bf6f0d_2023-05,0.9411764705882353
4f2b6b_2023-04,0.0
731908_2020-11,0.8
9befc8_2023-06,0.3709677419354839
1822ea_2021-11,1.0
b08ec1_2023-04,0.45454545454545453
424c1b_2024-11,0.0
77b3b9_2023-03,0.8928571428571429
b416b1_2023-12,0.8928571428571429
b416b1_2024-06,0.9411764705882353
a25664_2023-11,0.6744186046511629
4f2b6b_2024-01,0.0
fb34b4_2023-03,0.2465753424657534
9befc8_2023-03,0.45454545454545453
77b3b9_2023-06,0.8928571428571429
bc4c03_2014-06,0.045454545454545456
4fb2d3_2014-10,0.045454545454545456
948a11_2023-02,0.020833333333333332
a25664_2020-12,0.8928571428571429
90abb1_2024-01,1.0
90abb1_2015-04,0.045454545454545456
90abb1_2024-04,0.8928571428571429
77b3b9_2024-06,0.8928571428571429
b08ec1_2023-03,0.45454545454545453
1822ea_2020-08,0.9411764705882353
9af74c_2023-03,0.8928571428571429
77b3b9_2024-10,0.8928571428571429
34889b_2015-04,0.06741573033707865
948a11_2024-02,0.5588235294117647
c48018_2017-05,0.2465753424657534
92dcdd_2024-11,0.8928571428571429
6224d0_2014-11,0.0
948a11_2022-02,0.0
531356_2023-01,0.41447033438814573
e2314a_2015-05,0.0
e2314a_2015-09,0.0
60a0fd_2015-03,0.0
7a007d_2025-03,0.3709677419354839
e2314a_2017-04,0.06741573033707865
e2314a_2025-07,1.0
0cecbd_2021-05,0.6744186046511629
0cecbd_2024-11,1.0
531356_2015-08,0.0
06534f_2019-07,0.6744186046511629
0cecbd_2017-02,0.2465753424657534
0cecbd_2025-08,0.8928571428571429
3db670_2024-09,1.0
b1de95_2023-07,1.0
b1de95_2025-01,1.0
db5006_2016-08,0.0
db5006_2024-08,0.8928571428571429
531356_2019-12,0.5588235294117647
e83244_2024-07,0.8928571428571429
b1de95_2023-03,1.0
b1de95_2025-06,1.0
1b9e65_2019-05,0.42857142857142855
e83244_2025-05,0.8928571428571429
b1de95_2025-03,1.0
1b9e65_2022-01,0.8928571428571429
e2314a_2016-06,0.0
e2314a_2023-03,0.8928571428571429
e83244_2022-10,1.0
0cecbd_2022-08,0.8928571428571429
0cecbd_2023-02,0.5588235294117647
e83244_2024-11,1.0
06534f_2017-04,0.6744186046511629
0cecbd_2024-12,0.8928571428571429
f4604d_2019-04,0.0892626726690931
e83244_2015-01,0.020833333333333332
0cecbd_2025-02,0.6744186046511629
b73bc7_2015-01,0.06741573033707865
1b9e65_2025-07,0.5588235294117647
531356_2023-10,0.5588235294117647
e2314a_2014-11,0.020833333333333332
e2314a_2019-02,0.6744186046511629
e83244_2024-10,1.0
531356_2020-02,0.5588235294117647
531356_2020-06,0.8928571428571429
db5006_2020-06,0.8928571428571429
175155_2020-04,0.8928571428571429
e2314a_2015-04,0.0
e83244_2023-09,0.6744186046511629
0cecbd_2017-04,0.3709677419354839
29849f_2024-12,0.8928571428571429
f4604d_2023-11,0.8928571428571429
987bc1_2016-04,0.0
531356_2018-12,0.3709677419354839
e2314a_2021-01,0.8928571428571429
60a0fd_2014-06,0.0
3db670_2024-08,0.9411764705882353
db5006_2024-01,0.8928571428571429
29849f_2024-01,0.8224014690264364
e2314a_2019-12,0.9411764705882353
e2314a_2025-08,0.8928571428571429
e83244_2023-02,0.5588235294117647
e83244_2024-04,1.0
06534f_2019-01,0.5588235294117647
0cecbd_2021-07,0.8928571428571429
1b9e65_2019-07,0.5588235294117647
1b9e65_2021-07,0.8928571428571429
f4604d_2016-08,0.0
e83244_2015-04,0.0
0cecbd_2023-10,0.8928571428571429
b1de95_2019-11,0.8928571428571429
db5006_2019-04,0.2465753424657534
b73bc7_2018-05,0.45454545454545453
1b9e65_2017-10,0.3806737911597967
1b9e65_2022-02,0.8928571428571429
e2314a_2016-04,0.0
0cecbd_2015-03,0.0
0cecbd_2025-05,0.8928571428571429
1b9e65_2018-09,0.2465753424657534
1b9e65_2019-01,0.3709677419354839
1b9e65_2020-12,0.8928571428571429
f4604d_2019-10,0.45454545454545453
db5006_2018-04,0.020833333333333332
db5006_2025-06,0.6744186046511629
0cecbd_2015-06,0.0
e83244_2018-05,0.07692307692307693
531356_2022-11,0.45454545454545453
545d15_2019-07,0.0
e2314a_2025-01,0.8928571428571429
e2314a_2025-04,0.8928571428571429
e83244_2016-03,0.0
f4604d_2021-08,0.8928571428571429
e83244_2024-02,0.8928571428571429
06534f_2023-12,1.0
29849f_2022-07,0.6744186046511629
db5006_2017-02,0.3709677419354839
531356_2024-02,0.8
545d15_2018-12,0.020833333333333332
531356_2023-06,0.5333776796764347
e2314a_2019-03,0.5876183488541199
e83244_2018-03,0.06741573033707865
e3af0e_2018-04,0.06741573033707865
0cecbd_2015-05,0.0
e83244_2025-03,1.0
3db670_2019-11,0.9411764705882353
b1de95_2019-10,0.8928571428571429
db5006_2022-08,0.8928571428571429
f4604d_2024-01,0.8928571428571429
f4604d_2024-07,1.0
531356_2023-12,0.8928571428571429
e2314a_2024-03,0.8928571428571429
60a0fd_2018-02,0.06741573033707865
29849f_2020-01,0.5588235294117647
f4604d_2024-06,1.0
175155_2021-04,0.8928571428571429
7a007d_2024-06,0.5
29849f_2017-03,0.3709677419354839
06534f_2019-02,0.45454545454545453
829a72_2016-03,0.045454545454545456
0cecbd_2019-04,0.3709677419354839
b73bc7_2018-03,0.5588235294117647
c580aa_2018-06,0.5588235294117647
3a13b3_2019-09,1.0
175155_2017-11,0.3709677419354839
022433_2021-03,0.020833333333333332
af81b0_2020-03,0.45454545454545453
b1de95_2018-12,0.45454545454545453
8fb6f0_2018-05,0.17142857142857143
6da35b_2025-03,0.3709677419354839
29849f_2014-12,0.045454545454545456
29849f_2017-05,0.2465753424657534
af81b0_2020-01,0.8928571428571429
c580aa_2019-11,0.9411764705882353
7a007d_2014-09,0.06666666666666667
98a151_2015-10,0.020833333333333332
e361b7_2020-07,0.8928571428571429
8fb6f0_2018-02,0.07692307692307693
c580aa_2019-03,0.8928571428571429
f4604d_2018-02,0.07692307692307693
f1543b_2019-11,0.45454545454545453
894378_2020-05,0.8928571428571429
e3af0e_2019-03,0.3709677419354839
7bf5c9_2023-10,0.5
7bf5c9_2023-11,0.45454545454545453
3db670_2019-04,0.8928571428571429
6da35b_2023-11,0.045454545454545456
db5006_2015-10,0.0
022433_2022-12,0.06741573033707865
175155_2018-09,0.3709677419354839
f4604d_2014-11,0.045454545454545456
af81b0_2015-01,0.06741573033707865
d86999_2020-06,0.5588235294117647
7a007d_2015-01,0.0
c580aa_2018-12,0.8928571428571429
1b9e65_2017-07,0.45454545454545453
f4604d_2025-02,1.0
af81b0_2015-02,0.06382978723404255
c580aa_2015-07,0.0
b1de95_2019-06,0.8928571428571429
022433_2020-11,0.020833333333333332
545d15_2021-06,0.3709677419354839
f4604d_2025-05,0.9411764705882353
db5006_2020-10,0.8928571428571429
b08ec1_2021-10,0.8928571428571429
f4d28d_2024-10,0.06741573033707865
77e86b_2015-06,0.045454545454545456
375f2e_2019-05,0.2465753424657534
c580aa_2019-08,1.0
b1de95_2023-04,0.8928571428571429
e60b65_2014-07,0.06666666666666667
b73bc7_2024-04,0.8928571428571429
531356_2021-10,0.8928571428571429
99c11c_2017-10,0.0
29849f_2015-04,0.020833333333333332
e2314a_2022-11,1.0
83894c_2025-06,0.8928571428571429
90abb1_2023-06,0.6744186046511629
bf6f0d_2015-02,0.020833333333333332
af81b0_2014-07,0.0
a97df3_2025-05,0.8928571428571429
90abb1_2023-01,0.9411764705882353
b416b1_2017-10,0.45454545454545453
531356_2017-07,0.2465753424657534
531356_2019-01,0.3709677419354839
439fde_2015-03,0.045454545454545456
77e86b_2015-10,0.0
1b9e65_2015-08,0.020833333333333332
8005b9_2020-10,0.9411764705882353
bf6f0d_2018-10,0.45454545454545453
532867_2024-01,0.06690974962277803
e83244_2020-12,1.0
1822ea_2016-09,0.045454545454545456
375f2e_2020-08,1.0
77b3b9_2024-02,0.8928571428571429
bf6f0d_2021-08,0.3709677419354839
bf6f0d_2024-12,0.8928571428571429
af81b0_2019-03,0.3709677419354839
987bc1_2022-06,0.6667464618466568
6838b9_2025-01,0.9451084968711623
c580aa_2019-07,1.0
f4604d_2025-04,1.0
dc4b5e_2022-07,0.06741573033707865
531356_2020-07,0.8928571428571429
c3a69f_2017-02,0.06741573033707865
a97df3_2022-07,0.06741573033707865
fb737b_2022-12,0.3709677419354839
4ee2d2_2025-06,0.0
29849f_2016-11,0.3709677419354839
3db670_2025-03,1.0
f4d28d_2024-09,0.045454545454545456
3a13b3_2018-06,0.37228769393861294
f4604d_2016-05,0.0
f4604d_2021-05,0.8928571428571429
af81b0_2019-07,0.3709677419354839
a97df3_2022-09,0.07692307692307693
bf6f0d_2017-02,0.06741573033707865
99c11c_2017-08,0.0
f4604d_2022-03,0.8928571428571429
e2314a_2020-11,0.9411764705882353
a97df3_2024-10,0.8213130544799315
9af74c_2014-11,0.045454545454545456
bf6f0d_2021-06,0.8928571428571429
af81b0_2019-12,0.6744186046511629
b416b1_2021-11,0.6744186046511629
f4604d_2015-05,0.020833333333333332
bf6f0d_2021-10,0.45454545454545453
bf6f0d_2024-07,0.6744186046511629
1b9e65_2016-06,0.020833333333333332
8b98f3_2021-11,0.0
c580aa_2024-08,1.0
1bdb97_2024-09,0.07692307692307693
bc4c03_2016-10,0.45454545454545453
bf6f0d_2019-09,0.3709677419354839
b73bc7_2019-10,1.0
531356_2021-07,0.5588235294117647
e83244_2021-03,0.9411764705882353
1bdb97_2022-05,0.045454545454545456
1bdb97_2022-10,0.020833333333333332
7199cf_2023-10,0.045454545454545456
b644ac_2024-06,0.06741573033707865
88a9a6_2018-03,0.020833333333333332
4fb2d3_2017-01,0.14285714285714285
1bdb97_2022-12,0.0
60a0fd_2023-01,0.5588235294117647
88a9a6_2020-10,0.5588235294117647
1bdb97_2021-08,0.06382978723404255
db4cd8_2017-02,0.06741573033707865
293190_2026-04,0.8928571428571429
88a9a6_2018-05,0.2465753424657534
b08ec1_2017-01,0.2465753424657534
a25664_2022-09,0.45454545454545453
9b46ed_2016-05,0.0
f461d4_2020-03,0.9765413337549635
293190_2019-07,0.3709677419354839
98a151_2024-04,0.5588235294117647
9b46ed_2018-05,0.06741573033707865
293190_2020-07,0.45454545454545453
74fb1f_2019-11,0.2465753424657534
88a9a6_2017-04,0.45454545454545453
4fb2d3_2020-07,0.8928571428571429
829a72_2018-07,0.45454545454545453
9b46ed_2016-12,0.33548342264588243
293190_2024-09,0.9411764705882353
e2e0ce_2017-10,0.3709677419354839
cd0e60_2019-12,0.020833333333333332
e3af0e_2021-12,0.5588235294117647
9b46ed_2019-10,0.3709677419354839
f500c5_2021-12,0.5588235294117647
e7a56d_2017-06,0.2465753424657534
b1de95_2024-09,1.0
4f2b6b_2023-02,0.0
f500c5_2018-05,0.17142857142857143
9b46ed_2015-05,0.0
1bdb97_2023-03,0.06741573033707865
293190_2020-04,0.6744186046511629
c5df88_2023-11,0.8928571428571429
a25664_2025-04,0.8928571428571429
60a0fd_2020-10,0.8928571428571429
1bdb97_2023-01,0.020833333333333332
cd0e60_2021-03,0.020833333333333332
e3af0e_2021-10,1.0
2ab8ad_2019-11,0.2465753424657534
74fb1f_2020-06,0.6666666666666666
88a9a6_2019-11,0.2465753424657534
b644ac_2024-09,0.06741573033707865
f1543b_2019-09,0.45454545454545453
9b46ed_2016-02,0.0
3a13b3_2015-07,0.0
3a13b3_2015-08,0.0
92dcdd_2024-05,0.8928571428571429
9b46ed_2019-11,0.45454545454545453
2ab8ad_2016-09,0.0
fc77d0_2019-11,0.8928571428571429
6838b9_2022-02,0.2465753424657534
74fb1f_2020-05,0.8928571428571429
b08ec1_2016-08,0.2465753424657534
cd0e60_2020-05,0.020833333333333332
88a9a6_2020-04,0.45454545454545453
293190_2016-11,0.2465753424657534
e2e0ce_2016-12,0.2465753424657534
c5df88_2020-11,0.8928571428571429
74fb1f_2024-12,0.8928571428571429
92dcdd_2019-08,0.0
92dcdd_2025-03,0.8928571428571429
829a72_2020-03,0.8928571428571429
9b46ed_2018-04,0.17142857142857143
9b46ed_2024-06,0.8928571428571429
293190_2015-09,0.0
c5df88_2025-04,0.8928571428571429
7aa803_2018-05,0.07692307692307693
e3af0e_2022-05,0.8928571428571429
7199cf_2024-08,0.06382978723404255
f500c5_2014-05,0.06382978723404255
f500c5_2014-07,0.0
a97df3_2019-08,0.020833333333333332
f500c5_2015-01,0.0
f500c5_2022-12,0.45454545454545453
f500c5_2015-02,0.0
5ecf9b_2024-09,0.3709677419354839
1996b0_2023-10,0.0
a97df3_2019-11,0.020833333333333332
829a72_2019-11,0.5588235294117647
7bf5c9_2021-12,0.5588235294117647
cd0e60_2021-09,0.45454545454545453
06534f_2014-11,0.06382978723404255
7bf5c9_2017-06,0.2465753424657534
e2314a_2020-09,0.8928571428571429
b07578_2024-09,0.07692307692307693
b1de95_2017-04,0.43605338950856476
06534f_2016-09,0.3709677419354839
92dcdd_2023-05,0.8928571428571429
fb737b_2020-09,0.06382978723404255
fc77d0_2014-08,0.020833333333333332
b1de95_2017-05,0.45454545454545453
3db670_2025-07,1.0
b73bc7_2014-07,0.06382978723404255
cd0e60_2021-06,0.06741573033707865
e83244_2022-04,1.0
3db670_2019-07,1.0
7bf5c9_2016-04,0.0
fb737b_2020-10,0.045454545454545456
4f2b6b_2025-05,0.06741573033707865
6838b9_2025-04,0.8928571428571429
731908_2016-07,0.17142857142857143
e2314a_2024-02,1.0
7a007d_2017-04,0.2465753424657534
c580aa_2025-04,0.8928571428571429
a25664_2021-05,0.8928571428571429
0e8d73_2025-05,0.06741573033707865
e3af0e_2015-10,0.06741573033707865
f1543b_2022-01,0.45454545454545453
88a9a6_2015-09,0.0
06534f_2015-11,0.0
bc4c03_2015-12,0.0
06534f_2015-10,0.0
af81b0_2018-11,0.45454545454545453
e7a56d_2017-01,0.38461538461538464
6838b9_2020-10,0.3709677419354839
5ecf9b_2025-09,0.3709677419354839
bc4c03_2018-03,0.2465753424657534
60a0fd_2016-05,0.020833333333333332
f500c5_2017-06,0.2465753424657534
c580aa_2018-01,0.8928571428571429
d59611_2016-02,0.0
18defd_2015-06,0.0
74b7d1_2017-11,0.06741573033707865
7a007d_2020-02,0.45454545454545453
c580aa_2017-06,0.5588235294117647
92dcdd_2021-02,0.3709677419354839
259a19_2022-03,0.8928571428571429
edda84_2025-02,0.06741573033707865
1996b0_2025-07,0.3709677419354839
18defd_2016-11,0.3709677419354839
7a007d_2021-04,0.8928571428571429
7a007d_2023-11,0.8928571428571429
db4cd8_2021-01,0.8928571428571429
1996b0_2025-06,0.2465753424657534
d59611_2015-12,0.0
e7a56d_2016-11,0.3709677419354839
9af74c_2017-10,0.3709677419354839
4718d7_2016-12,0.1323938296350003
5a0174_2024-02,1.0
18defd_2016-09,0.2465753424657534
780a0b_2018-02,0.06741573033707865
5a0174_2022-04,0.8928571428571429
8fabe0_2022-02,0.8928571428571429
98a151_2016-05,0.06741573033707865
7a007d_2020-07,0.45454545454545453
3db670_2016-05,0.0
f461d4_2025-08,0.6744186046511629
90abb1_2020-04,0.9411764705882353
8d0588_2020-04,1.0
b0ff51_2022-01,1.0
6f5e2b_2018-10,0.45454545454545453
a42d13_2015-09,0.045454545454545456
bf6f0d_2017-07,0.2465753424657534
b0ff51_2017-10,0.8928571428571429
8d0588_2016-11,0.6744186046511629
b0ff51_2015-06,0.06741573033707865
8d0588_2016-06,0.5588235294117647
8d0588_2017-01,0.6666666666666666
a97df3_2022-04,0.07692307692307693
9af74c_2018-10,0.38461538461538464
74fb1f_2015-09,0.020833333333333332
4fb2d3_2017-08,0.2465753424657534
fb34b4_2022-11,0.045454545454545456
14fe3a_2015-10,0.0
293190_2016-03,0.020833333333333332
77e86b_2017-11,0.3709677419354839
a97df3_2023-01,0.07692307692307693
2ab8ad_2015-07,0.020833333333333332
b1de95_2015-09,0.020833333333333332
a97df3_2021-12,0.2465753424657534
293190_2016-01,0.020833333333333332
293190_2015-12,0.0
9af74c_2020-05,1.0
259a19_2021-04,0.9411764705882353
4fb2d3_2020-05,0.8928571428571429
fb34b4_2022-03,0.020833333333333332
77b3b9_2016-07,0.2465753424657534
77b3b9_2017-07,0.06382978723404255
1822ea_2020-10,1.0
af81b0_2024-05,0.42857142857142855
f500c5_2019-08,0.3709677419354839
1bdb97_2021-07,0.020833333333333332
3a13b3_2019-08,1.0
bf6f0d_2021-04,0.8928571428571429
fd589c_2020-08,0.8928571428571429
19fa84_2020-06,0.8928571428571429
19fa84_2020-04,0.8928571428571429
92dcdd_2020-04,0.0
c3a69f_2016-05,0.0
19fa84_2020-05,0.8928571428571429
e4bc80_2018-09,0.45454545454545453
19fa84_2020-08,0.8928571428571429
2ab8ad_2015-11,0.0
439fde_2015-08,0.020833333333333332
0ffc2d_2021-05,0.3709677419354839
3db670_2022-11,1.0
bf6f0d_2016-10,0.2465753424657534
9f1aa0_2015-10,0.0
987bc1_2015-11,0.0
34889b_2016-06,0.45454545454545453
3db670_2025-04,0.8928571428571429
c3a69f_2017-06,0.06741573033707865
0ffc2d_2025-09,0.8928571428571429
4fb2d3_2017-06,0.45454545454545453
987bc1_2015-10,0.0
3db670_2022-12,1.0
6c1954_2020-07,0.06666666666666667
a25664_2015-06,0.020833333333333332
6838b9_2018-09,0.0
4fb2d3_2017-03,0.2465753424657534
b416b1_2016-11,0.2465753424657534
e60b65_2020-10,0.8928571428571429
fc77d0_2016-05,0.45454545454545453
11f0e3_2014-11,0.0
987bc1_2015-08,0.06741573033707865
e60b65_2021-04,0.8928571428571429
6224d0_2022-04,0.9411764705882353
e60b65_2021-09,0.8928571428571429
e60b65_2022-05,0.8928571428571429
4fb2d3_2021-03,0.8928571428571429
e60b65_2022-02,0.8928571428571429
b73bc7_2016-08,0.3709677419354839
9befc8_2015-02,0.0
175155_2016-05,0.0
175155_2016-11,0.2465753424657534
06534f_2020-07,1.0
0f9e86_2014-12,0.0
0f9e86_2015-01,0.0
6224d0_2016-12,0.07692307692307693
3a13b3_2017-04,0.17142857142857143
175155_2016-12,0.2465753424657534
6224d0_2017-12,0.17142857142857143
a42d13_2015-12,0.0
a42d13_2016-01,0.0
6224d0_2018-08,0.3709677419354839
f500c5_2015-07,0.06382978723404255
1698cf_2016-12,0.2465753424657534
d59611_2021-03,0.8928571428571429
1698cf_2016-11,0.2465753424657534
db4cd8_2017-01,0.07692307692307693
6f5e2b_2021-03,0.8928571428571429
8d0588_2015-08,0.020833333333333332
bc4c03_2016-09,0.3709677419354839
14fe3a_2015-08,0.045454545454545456
4718d7_2018-11,0.45454545454545453
a25664_2016-04,0.020833333333333332
db4cd8_2021-02,0.8928571428571429
af81b0_2018-09,0.45454545454545453
3a13b3_2016-05,0.06666666666666667
90abb1_2017-01,0.5588235294117647
90abb1_2025-09,0.8928571428571429
bf6f0d_2017-10,0.45454545454545453
7a007d_2016-04,0.06382978723404255
c580aa_2017-04,0.6744186046511629
f500c5_2017-10,0.2465753424657534
77b3b9_2017-03,0.2465753424657534
a42d13_2017-10,0.45454545454545453
1b9e65_2016-12,0.2465753424657534
1b9e65_2016-08,0.020833333333333332
1b9e65_2016-11,0.3709677419354839
1b9e65_2016-09,0.020833333333333332
bc4c03_2016-05,0.2465753424657534
3db670_2021-02,0.9411764705882353
b1de95_2023-08,1.0
3db670_2020-07,0.9411764705882353
b73bc7_2016-06,0.2465753424657534
6f5e2b_2016-09,0.3709677419354839
259a19_2015-09,0.0
8005b9_2015-11,0.020833333333333332
77b3b9_2016-11,0.07692307692307693
14fe3a_2016-02,0.020833333333333332
bf6f0d_2018-11,0.45454545454545453
14fe3a_2016-01,0.0
14fe3a_2016-03,0.020833333333333332
7a007d_2017-03,0.2465753424657534
f1543b_2016-10,0.06741573033707865
dc4b5e_2019-04,0.06382978723404255
f1543b_2017-01,0.06741573033707865
8e41cf_2020-05,0.8928571428571429
74fb1f_2017-07,0.3709677419354839
6224d0_2017-07,0.020833333333333332
b416b1_2018-07,0.3709677419354839
b416b1_2018-09,0.45454545454545453
b73bc7_2024-05,0.9411764705882353
19fa84_2015-11,0.020833333333333332
7bf5c9_2018-09,0.45454545454545453
7bf5c9_2018-08,0.45454545454545453
98a151_2017-07,0.3709677419354839
829a72_2017-06,0.2465753424657534
b1de95_2018-02,0.3709677419354839
c48018_2015-06,0.020833333333333332
60a0fd_2017-10,0.2465753424657534
60a0fd_2018-10,0.45454545454545453
98a151_2020-09,0.9411764705882353
60a0fd_2017-08,0.42857142857142855
98a151_2017-01,0.45454545454545453
7bf5c9_2025-11,0.8928571428571429
7bf5c9_2017-01,0.2465753424657534
98a151_2017-11,0.45454545454545453
3a13b3_2017-11,0.2465753424657534
b08ec1_2016-02,0.0
545d15_2023-10,0.8928571428571429
545d15_2021-11,0.2465753424657534
545d15_2025-07,0.8928571428571429
545d15_2022-11,0.38461538461538464
545d15_2023-04,0.6744186046511629
545d15_2021-09,0.2465753424657534
545d15_2023-02,0.5588235294117647
c580aa_2017-05,0.5213992602052406
545d15_2022-06,0.3709677419354839
545d15_2024-08,0.8928571428571429
92dcdd_2018-11,0.045454545454545456
9b3bd5_2025-02,0.020833333333333332
77e86b_2016-06,0.0
7bf5c9_2016-01,0.0
a42d13_2017-12,0.2465753424657534
7bf5c9_2016-06,0.2465753424657534
7bf5c9_2017-12,0.06741573033707865
7bf5c9_2017-07,0.45454545454545453
3a13b3_2015-05,0.0
531356_2018-08,0.5588235294117647
c5816f_2016-12,0.45454545454545453
3a13b3_2021-08,0.9411764705882353
c580aa_2017-12,0.8928571428571429
8ec563_2016-11,0.45454545454545453
06534f_2017-08,0.8928571428571429
f4604d_2017-03,0.5
3db670_2021-03,1.0
b73bc7_2015-05,0.020833333333333332
c5816f_2020-07,0.8928571428571429
c580aa_2016-08,0.45454545454545453
c580aa_2020-09,1.0
b1de95_2022-02,0.9411764705882353
b1de95_2021-12,0.9411764705882353
6224d0_2015-11,0.0
db5006_2017-09,0.45454545454545453
6224d0_2016-04,0.0
18defd_2017-08,0.07692307692307693
06534f_2018-10,0.8928571428571429
0e8d73_2023-04,0.06382978723404255
af81b0_2016-11,0.06928189615966993
f1543b_2016-07,0.3709677419354839
a42d13_2018-07,0.5588235294117647
cd0e60_2023-09,0.3709677419354839
cd0e60_2023-12,0.45454545454545453
cd0e60_2024-08,0.5
0cecbd_2015-08,0.0
7aa803_2017-05,0.3709677419354839
34889b_2021-03,0.8928571428571429
8005b9_2016-04,0.06741573033707865
0874ee_2017-08,0.3709677419354839
8005b9_2016-07,0.07692307692307693
b08ec1_2017-03,0.5588235294117647
b08ec1_2017-05,0.3709677419354839
74b7d1_2015-06,0.06666666666666667
8fabe0_2015-08,0.0
e60b65_2017-09,0.2465753424657534
77e86b_2017-05,0.2465753424657534
fc77d0_2016-07,0.45454545454545453
c5df88_2017-10,0.2465753424657534
4fb2d3_2015-10,0.0
4fb2d3_2015-09,0.020833333333333332
4fb2d3_2015-07,0.020833333333333332
0e8d73_2023-02,0.06741573033707865
0874ee_2016-07,0.45454545454545453
dc4b5e_2021-11,0.5588235294117647
34889b_2018-08,0.6744186046511629
dc4b5e_2020-08,0.06382978723404255
a97df3_2022-02,0.45454545454545453
9b46ed_2017-10,0.3709677419354839
b08ec1_2025-09,0.8928571428571429
b08ec1_2020-04,0.8928571428571429
a25664_2015-10,0.0
b08ec1_2020-05,0.8928571428571429
34889b_2020-09,0.8928571428571429
8005b9_2015-05,0.020833333333333332
a97df3_2021-07,0.3709677419354839
74b7d1_2016-05,0.0
a97df3_2021-09,0.3709677419354839
3a13b3_2022-02,0.9411764705882353
af81b0_2017-10,0.3709677419354839
a97df3_2020-05,0.06382978723404255
99c11c_2025-07,0.6744186046511629
a97df3_2021-01,0.06382978723404255
99c11c_2018-10,0.14285714285714285
3a13b3_2022-10,1.0
3db670_2016-08,0.06741573033707865
3db670_2017-10,0.5588235294117647
b73bc7_2017-07,0.38461538461538464
894378_2018-08,0.45454545454545453
f461d4_2018-08,0.8928571428571429
8ec563_2020-05,0.8928571428571429
e4bc80_2018-07,0.5588235294117647
0cecbd_2020-06,0.8928571428571429
0cecbd_2020-08,0.8928571428571429
60a0fd_2018-09,0.45454545454545453
0cecbd_2020-07,0.8928571428571429
e7a56d_2015-12,0.045454545454545456
b0ff51_2015-11,0.020833333333333332
b73bc7_2021-02,0.5588235294117647
c580aa_2022-03,1.0
c580aa_2022-06,1.0
c580aa_2021-11,1.0
06534f_2021-10,1.0
b73bc7_2020-11,1.0
06534f_2020-12,1.0
b1de95_2022-09,0.6744186046511629
c580aa_2021-03,1.0
af81b0_2022-08,0.8928571428571429
af81b0_2021-12,0.8928571428571429
af81b0_2021-06,0.8928571428571429
293190_2018-10,0.3709677419354839
e7a56d_2020-08,0.8928571428571429
5a0174_2018-09,0.38461538461538464
c48018_2022-08,0.5588235294117647
18defd_2020-06,0.8928571428571429
c48018_2020-11,0.6744186046511629
d59611_2016-07,0.45454545454545453
18defd_2021-02,0.5588235294117647
c48018_2021-10,0.5588235294117647
c48018_2023-01,0.5588235294117647
c48018_2018-08,0.37453237257904004
18defd_2021-10,0.5588235294117647
c48018_2022-12,0.5588235294117647
db4cd8_2016-07,0.3709677419354839
18defd_2020-07,0.6744186046511629
18defd_2021-03,0.5588235294117647
1698cf_2017-10,0.2465753424657534
c580aa_2015-11,0.0
439fde_2022-08,0.8928571428571429
8fabe0_2020-04,0.8928571428571429
90abb1_2016-09,0.5588235294117647
829a72_2021-04,0.8928571428571429
60a0fd_2016-04,0.0
829a72_2016-08,0.06741573033707865
259a19_2017-11,0.17142857142857143
5a0174_2018-10,0.3709677419354839
60a0fd_2016-12,0.14285714285714285
60a0fd_2016-08,0.06741573033707865
8ec563_2017-09,0.45454545454545453
5a0174_2016-06,0.06666666666666667
77e86b_2017-07,0.2465753424657534
e3af0e_2016-02,0.020833333333333332
829a72_2016-10,0.07692307692307693
829a72_2021-01,0.8928571428571429
9af74c_2015-07,0.0
e3af0e_2016-06,0.06741573033707865
4718d7_2017-12,0.07692307692307693
f461d4_2016-07,0.14285714285714285
e4bc80_2016-11,0.2465753424657534
db5006_2017-10,0.45454545454545453
98a151_2020-04,0.8928571428571429
0f9e86_2020-05,0.6744186046511629
c48018_2015-08,0.0
98a151_2016-07,0.42857142857142855
0f9e86_2020-04,0.8928571428571429
9af74c_2021-03,1.0
90abb1_2015-06,0.0
fc77d0_2018-08,0.5588235294117647
90abb1_2018-07,0.2465753424657534
9af74c_2016-09,0.45454545454545453
9af74c_2017-01,0.45454545454545453
9af74c_2017-09,0.2465753424657534
fc77d0_2018-09,0.45454545454545453
9af74c_2016-07,0.45454545454545453
424c1b_2024-05,0.06741573033707865
77b3b9_2017-10,0.2465753424657534
b73bc7_2018-09,0.8928571428571429
77b3b9_2016-04,0.0
bc4c03_2016-03,0.0
439fde_2020-08,0.8928571428571429
439fde_2021-08,0.8928571428571429
7bf5c9_2015-10,0.0
6da35b_2025-09,0.45454545454545453
99c11c_2016-06,0.0
c3a69f_2020-04,0.8928571428571429
439fde_2022-11,0.8928571428571429
99c11c_2016-11,0.0
439fde_2023-02,0.8928571428571429
87cfea_2016-03,0.06222681500529098
c3a69f_2016-03,0.0
7a007d_2016-06,0.06741573033707865
f4604d_2017-09,0.41208120844094204
7a007d_2016-12,0.5588235294117647
0cecbd_2017-03,0.2465753424657534
b73bc7_2017-03,0.5588235294117647
74fb1f_2018-11,0.2465753424657534
e3af0e_2015-12,0.020833333333333332
b1de95_2018-07,0.8928571428571429
3db670_2016-11,0.5588235294117647
259a19_2015-10,0.020833333333333332
b73bc7_2023-12,1.0
06534f_2021-11,1.0
1698cf_2016-06,0.020833333333333332
8d0588_2016-01,0.0
8d0588_2016-04,0.2465753424657534
a42d13_2017-09,0.38461538461538464
77e86b_2021-06,0.8928571428571429
77e86b_2020-11,0.8928571428571429
77e86b_2020-12,0.8773402607831695
74b7d1_2016-09,0.0
87cfea_2016-09,0.0
77e86b_2021-10,0.6744186046511629
987bc1_2016-10,0.06741573033707865
439fde_2018-09,0.3709677419354839
987bc1_2016-09,0.06741573033707865
8fabe0_2021-03,0.9411764705882353
83894c_2024-03,0.8928571428571429
513080_2025-09,0.5588235294117647
b416b1_2016-03,0.06666666666666667
b416b1_2016-02,0.06382978723404255
4718d7_2025-04,0.8928571428571429
fb737b_2023-10,0.3709677419354839
f461d4_2022-11,0.8928571428571429
f461d4_2023-12,1.0
f461d4_2025-03,1.0
d59611_2014-04,0.0
90abb1_2022-04,0.6744186046511629
8005b9_2024-05,1.0
b08ec1_2018-02,0.045454545454545456
92dcdd_2020-09,0.14285714285714285
29849f_2019-11,0.3709677419354839
e2314a_2024-11,0.8928571428571429
6224d0_2020-02,0.6744186046511629
e60b65_2022-10,0.8928571428571429
f461d4_2024-02,0.5588235294117647
a42d13_2017-02,0.45454545454545453
4fb2d3_2018-03,0.45454545454545453
92dcdd_2020-10,0.3709677419354839
731908_2019-02,0.45454545454545453
11f0e3_2016-01,0.0
e427f8_2023-10,0.0
9befc8_2021-10,0.2465753424657534
780a0b_2014-12,0.0
780a0b_2016-03,0.0
9cf1af_2023-11,0.0
9cf1af_2025-07,0.2465753424657534
532867_2024-11,0.06382978723404255
fb737b_2024-06,0.45454545454545453
1698cf_2025-04,0.8928571428571429
77b3b9_2023-01,0.8928571428571429
8005b9_2018-03,0.17142857142857143
fc77d0_2023-06,0.6744186046511629
375f2e_2023-09,0.6744186046511629
af81b0_2024-09,0.8
545d15_2019-06,0.06382978723404255
e2314a_2024-06,0.6666666666666666
e83244_2015-06,0.06382978723404255
e60b65_2017-06,0.3709677419354839
a25664_2024-08,0.8928571428571429
1822ea_2025-05,0.8928571428571429
731908_2017-04,0.17142857142857143
731908_2021-11,0.2465753424657534
11f0e3_2022-01,0.2465753424657534
a97df3_2024-06,0.8928571428571429
6224d0_2019-02,0.2465753424657534
b416b1_2019-08,0.8928571428571429
bc4c03_2019-03,0.5588235294117647
14fe3a_2023-08,0.8928571428571429
375f2e_2019-11,0.5588235294117647
545d15_2020-12,0.2465753424657534
e2314a_2016-01,0.0
c0f884_2025-07,0.06666666666666667
bfbeef_2022-09,0.5
b26809_2024-04,0.8928571428571429
dc4b5e_2025-07,1.0
780a0b_2021-12,0.38461538461538464
8fb6f0_2014-12,0.0
fb737b_2023-07,0.2465753424657534
175155_2021-10,0.6744186046511629
bc4c03_2023-12,0.8928571428571429
db4cd8_2019-08,0.5588235294117647
34889b_2023-12,0.8928571428571429
fc77d0_2024-05,0.8928571428571429
302d40_2025-04,0.2465753424657534
b73bc7_2017-06,0.45454545454545453
987bc1_2022-01,0.8928571428571429
987bc1_2024-04,1.0
780a0b_2022-05,0.42857142857142855
8fb6f0_2016-07,0.17142857142857143
8bd3ce_2023-05,0.5588235294117647
8bd3ce_2024-11,1.0
0f9e86_2020-01,0.45454545454545453
9cf1af_2023-12,0.0
0ffc2d_2022-12,0.0
6f5e2b_2025-08,0.8169619457149333
175155_2023-02,0.45454545454545453
db4cd8_2019-06,0.3709677419354839
f461d4_2018-03,0.45454545454545453
1698cf_2014-10,0.0
1822ea_2019-06,0.3709677419354839
1822ea_2025-02,0.9411764705882353
fc77d0_2024-03,1.0
af81b0_2014-09,0.0
545d15_2020-04,0.0
7a007d_2025-05,0.8928571428571429
29849f_2020-03,0.8928571428571429
3a13b3_2020-02,1.0
b73bc7_2014-11,0.06741573033707865
e83244_2020-08,0.8928571428571429
6224d0_2024-01,1.0
fb737b_2020-12,0.045454545454545456
6838b9_2022-07,0.45454545454545453
a42d13_2018-06,0.2465753424657534
375f2e_2018-02,0.045454545454545456
9af74c_2025-01,1.0
987bc1_2023-11,1.0
987bc1_2024-07,0.8928571428571429
92dcdd_2020-11,0.17142857142857143
f24317_2025-08,0.06741573033707865
11f0e3_2024-09,1.0
e427f8_2022-08,0.0
8fb6f0_2015-03,0.0
8fb6f0_2018-04,0.06741573033707865
8bd3ce_2022-03,0.45454545454545453
8bd3ce_2022-06,0.8928571428571429
0f9e86_2015-04,0.020833333333333332
6224d0_2014-12,0.0
fb737b_2022-06,0.3709677419354839
1698cf_2022-04,0.8928571428571429
34889b_2024-07,0.8928571428571429
9af74c_2022-06,0.5588235294117647
92dcdd_2023-07,0.6744186046511629
c580aa_2015-04,0.06666666666666667
3a13b3_2025-08,0.8928571428571429
e2314a_2017-02,0.06741573033707865
e2314a_2019-06,0.8928571428571429
4ee2d2_2024-12,0.0
6838b9_2018-07,0.020833333333333332
a42d13_2024-08,0.8928571428571429
1822ea_2019-12,0.8928571428571429
0ffc2d_2023-12,0.45454545454545453
302d40_2025-02,0.3709677419354839
731908_2019-06,0.45454545454545453
780a0b_2023-07,0.3709677419354839
9befc8_2022-09,0.2465753424657534
7199cf_2024-12,0.06382978723404255
4718d7_2022-02,0.6744186046511629
e60b65_2024-07,0.5588235294117647
175155_2021-12,0.8928571428571429
db4cd8_2022-10,0.8928571428571429
db4cd8_2025-04,0.5588235294117647
1698cf_2022-01,0.8928571428571429
34889b_2023-08,0.8928571428571429
b08ec1_2024-06,0.8928571428571429
987bc1_2019-07,0.3709677419354839
4fb2d3_2022-04,0.5588235294117647
e83244_2021-08,1.0
6224d0_2017-01,0.06741573033707865
e60b65_2018-12,0.5588235294117647
f25ffe_2025-06,0.3709677419354839
f25ffe_2025-07,0.38461538461538464
1698cf_2022-10,0.8928571428571429
90abb1_2019-03,0.45454545454545453
0ffc2d_2019-06,0.06666666666666667
987bc1_2020-10,0.8928571428571429
fc9334_2023-11,0.5588235294117647
b1de95_2024-07,1.0
1996b0_2025-05,0.2465753424657534
6f5e2b_2018-05,0.06741573033707865
6f5e2b_2019-11,0.5588235294117647
b416b1_2024-08,0.8928571428571429
d59611_2025-01,0.8928571428571429
8005b9_2024-03,0.9411764705882353
987bc1_2019-12,0.5588235294117647
545d15_2019-04,0.06382978723404255
7a007d_2024-02,0.3709677419354839
c580aa_2015-02,0.020833333333333332
3db670_2017-02,0.5588235294117647
3db670_2019-12,0.8928571428571429
3db670_2020-03,1.0
06534f_2017-02,0.45454545454545453
b73bc7_2023-01,1.0
bc4c03_2022-05,0.9411764705882353
77b3b9_2019-10,0.8928571428571429
77b3b9_2024-07,0.8928571428571429
0ffc2d_2020-03,0.06666666666666667
987bc1_2019-08,0.3709677419354839
4fb2d3_2024-11,1.0
731908_2017-10,0.06382978723404255
6224d0_2024-02,0.8928571428571429
b416b1_2019-03,0.45454545454545453
532867_2025-03,0.020833333333333332
259a19_2019-12,0.8928571428571429
db4cd8_2021-12,0.8928571428571429
77b3b9_2023-08,0.8928571428571429
d59611_2014-09,0.020833333333333332
d59611_2014-11,0.0
34889b_2025-06,0.6744186046511629
14fe3a_2023-11,0.8928571428571429
6224d0_2024-09,0.6744186046511629
8fabe0_2023-10,0.8928571428571429
fc77d0_2025-05,0.8928571428571429
375f2e_2025-01,1.0
731908_2018-02,0.06666666666666667
731908_2020-08,0.8928571428571429
9f1aa0_2019-10,0.3709677419354839
fb737b_2024-07,0.5057841020068707
8fabe0_2024-07,0.6666666666666666
6838b9_2019-12,0.17142857142857143
1698cf_2022-05,0.9411764705882353
d59611_2019-06,0.3709677419354839
9af74c_2022-09,0.5588235294117647
af81b0_2018-02,0.06741573033707865
f1543b_2019-12,0.38461538461538464
e83244_2017-09,0.2465753424657534
6224d0_2017-05,0.2465753424657534
175155_2019-03,0.6744186046511629
f461d4_2023-03,0.8928571428571429
f25ffe_2025-04,0.020833333333333332
375f2e_2018-06,0.06382978723404255
4fb2d3_2024-03,1.0
780a0b_2021-07,0.45454545454545453
0f9e86_2015-02,0.0
6224d0_2022-12,0.8928571428571429
0e8d73_2024-02,0.0
fb737b_2023-03,0.3709677419354839
b416b1_2022-02,0.6666666666666666
b416b1_2024-09,0.8928571428571429
b416b1_2024-11,0.9411764705882353
1698cf_2019-08,0.6744186046511629
34889b_2022-04,0.5588235294117647
34889b_2025-08,0.6744186046511629
14fe3a_2014-08,0.0
8005b9_2021-05,0.8928571428571429
9af74c_2014-08,0.06382978723404255
7a007d_2024-04,0.3709677419354839
e2314a_2014-10,0.020833333333333332
e83244_2025-07,1.0
e60b65_2020-05,0.8
4ee2d2_2024-11,0.045454545454545456
a25664_2019-05,0.3709677419354839
424c1b_2024-06,0.06382978723404255
90abb1_2019-12,0.8928571428571429
0ffc2d_2020-10,0.0
987bc1_2020-07,0.8928571428571429
bfbeef_2021-06,0.5
dc4b5e_2021-12,0.2465753424657534
dbb709_2024-08,0.2465753424657534
5a0174_2024-04,0.5588235294117647
b416b1_2020-12,0.8928571428571429
b416b1_2021-10,0.8928571428571429
b416b1_2023-01,0.5588235294117647
175155_2022-01,0.8928571428571429
b08ec1_2023-09,0.8928571428571429
987bc1_2024-10,0.8928571428571429
175155_2025-07,0.8928571428571429
af81b0_2014-06,0.0
06534f_2019-09,0.6744186046511629
f4604d_2024-03,0.8928571428571429
6224d0_2017-11,0.07692307692307693
175155_2018-03,0.2465753424657534
265164_2024-09,0.0
375f2e_2018-01,0.17142857142857143
4fb2d3_2021-04,0.8928571428571429
731908_2015-02,0.0
510fbf_2025-05,0.3977144364880224
a97df3_2024-07,0.6666666666666666
780a0b_2015-06,0.020833333333333332
780a0b_2018-06,0.06741573033707865
fc9334_2024-06,0.6744186046511629
dbb709_2023-02,0.0
dbb709_2024-10,0.45454545454545453
259a19_2023-02,0.5253949993927468
a42d13_2025-02,0.8928571428571429
77b3b9_2018-06,0.06382978723404255
af81b0_2024-07,0.42857142857142855
7a007d_2023-12,0.6744186046511629
3a13b3_2014-12,0.06741573033707865
fc77d0_2014-03,0.020833333333333332
f4d28d_2025-01,0.06382978723404255
4fb2d3_2025-01,1.0
dc4b5e_2022-03,0.14285714285714285
a97df3_2019-12,0.06382978723404255
a97df3_2022-12,0.07692307692307693
fc9334_2025-06,1.0
8fb6f0_2015-08,0.020833333333333332
8fb6f0_2019-08,0.5588235294117647
0f9e86_2017-05,0.14285714285714285
f4604d_2019-02,0.06666666666666667
6224d0_2019-08,0.3709677419354839
8fabe0_2019-06,0.5588235294117647
db4cd8_2023-07,0.8928571428571429
8005b9_2025-01,0.8928571428571429
af81b0_2025-04,0.8928571428571429
af81b0_2025-08,0.8928571428571429
545d15_2021-03,0.2465753424657534
b73bc7_2019-08,0.9411764705882353
532867_2025-01,0.045454545454545456
424c1b_2025-06,0.0
1822ea_2019-11,0.8928571428571429
265164_2023-06,0.06382978723404255
f4d28d_2025-02,0.06741573033707865
375f2e_2025-04,0.9411764705882353
987bc1_2022-12,0.8928571428571429
11f0e3_2025-02,0.6666666666666666
b26809_2025-05,0.8928571428571429
a97df3_2024-05,0.6744186046511629
9befc8_2021-11,0.3709677419354839
0f9e86_2019-07,0.45454545454545453
fc9334_2023-05,0.5588235294117647
4718d7_2019-04,0.5588235294117647
4718d7_2021-08,0.8928571428571429
0e8d73_2023-06,0.045454545454545456
fb737b_2023-08,0.2465753424657534
e60b65_2025-08,0.6744186046511629
8fabe0_2018-04,0.06382978723404255
b416b1_2021-07,0.8928571428571429
1698cf_2023-09,0.8928571428571429
14fe3a_2021-10,0.8928571428571429
b08ec1_2024-01,0.8928571428571429
6838b9_2020-09,0.3709677419354839
11f0e3_2023-12,0.8928571428571429
0f9e86_2024-02,0.5216986028398115
9cf1af_2025-04,0.3709677419354839
375f2e_2019-04,0.07692307692307693
4718d7_2018-12,0.5588235294117647
0874ee_2019-03,0.2465753424657534
5a0174_2025-05,0.8928571428571429
d59611_2014-10,0.0
3db670_2025-08,0.8928571428571429
e2314a_2023-08,0.8928571428571429
175155_2019-05,0.45454545454545453
175155_2019-08,0.3709677419354839
a25664_2022-08,0.45454545454545453
77b3b9_2024-12,0.9411764705882353
9af74c_2024-12,0.9411764705882353
9af74c_2025-03,0.9411764705882353
4fb2d3_2025-06,0.8928571428571429
92dcdd_2019-09,0.0
92dcdd_2022-12,0.8928571428571429
8e41cf_2025-08,0.5588235294117647
b26809_2025-03,0.8928571428571429
9befc8_2015-03,0.0
0f9e86_2023-03,0.8928571428571429
0e8d73_2024-05,0.0
b416b1_2025-01,1.0
f461d4_2019-10,0.42857142857142855
db4cd8_2014-11,0.0
259a19_2023-12,0.8928571428571429
8005b9_2017-02,0.5588235294117647
8005b9_2018-05,0.06382978723404255
375f2e_2024-09,0.8928571428571429
af81b0_2017-08,0.3709677419354839
3db670_2018-03,0.6744186046511629
06534f_2022-11,1.0
06534f_2023-11,0.8928571428571429
b73bc7_2014-04,0.020833333333333332
b73bc7_2015-04,0.06741573033707865
b73bc7_2018-12,0.6744186046511629
175155_2022-02,0.5588235294117647
bc4c03_2022-11,0.9411764705882353
a25664_2021-06,0.9411764705882353
987bc1_2015-09,0.020833333333333332
302d40_2023-12,0.020833333333333332
d86999_2015-03,0.0
d86999_2021-03,0.5588235294117647
dbb709_2023-11,0.020833333333333332
dbb709_2024-03,0.07692307692307693
6f5e2b_2021-09,0.8928571428571429
b416b1_2017-06,0.45454545454545453
4f2b6b_2025-02,0.07648198074861462
77b3b9_2019-06,0.45454545454545453
90abb1_2014-07,0.045454545454545456
90abb1_2014-12,0.020833333333333332
34889b_2021-12,0.45454545454545453
b08ec1_2014-12,0.0
b08ec1_2019-11,0.45454545454545453
4fb2d3_2023-07,0.8468458967662339
7a007d_2018-12,0.07692307692307693
29849f_2024-07,0.8928571428571429
29849f_2024-10,1.0
06534f_2023-04,0.9411764705882353
3a13b3_2018-03,0.384404780365061
f4604d_2024-11,0.8928571428571429
e2314a_2016-10,0.2465753424657534
6224d0_2016-09,0.2465753424657534
6224d0_2022-01,0.8928571428571429
e60b65_2014-05,0.020833333333333332
77b3b9_2022-03,1.0
fc77d0_2014-11,0.0
302d40_2024-09,0.2465753424657534
dbb709_2025-08,0.17142857142857143
0f9e86_2024-05,0.5588235294117647
29849f_2019-08,0.2465753424657534
4718d7_2019-08,0.5588235294117647
fb737b_2024-04,0.45454545454545453
bc4c03_2024-02,0.8928571428571429
d59611_2025-06,0.45454545454545453
1822ea_2022-10,0.6744186046511629
375f2e_2021-10,1.0
af81b0_2018-04,0.2465753424657534
29849f_2023-07,0.5
b1de95_2014-12,0.06666666666666667
e83244_2018-04,0.07692307692307693
1822ea_2020-03,1.0
0ffc2d_2020-09,0.0
987bc1_2025-02,1.0
92dcdd_2025-05,0.8928571428571429
731908_2017-06,0.3709677419354839
bfbeef_2023-07,0.8928571428571429
b26809_2022-05,0.45454545454545453
dc4b5e_2023-11,0.6744186046511629
9f1aa0_2024-02,0.5588235294117647
dbb709_2023-12,0.06741573033707865
8bd3ce_2023-06,0.45454545454545453
6224d0_2022-03,0.8928571428571429
8fabe0_2018-12,0.45454545454545453
bc4c03_2021-10,0.8928571428571429
92dcdd_2019-11,0.0
af81b0_2024-10,0.5588235294117647
f4604d_2019-08,0.2465753424657534
e2314a_2025-02,0.6666666666666666
a25664_2020-05,0.8928571428571429
1822ea_2023-09,0.6744186046511629
375f2e_2015-01,0.0
8e41cf_2023-02,0.5588235294117647
11f0e3_2023-02,0.45454545454545453
780a0b_2020-01,0.45454545454545453
8fb6f0_2015-12,0.0
8fb6f0_2024-09,0.5588235294117647
175155_2022-12,0.6744186046511629
6838b9_2022-12,0.8928571428571429
db4cd8_2014-06,0.020833333333333332
1698cf_2021-11,0.9411764705882353
34889b_2023-05,0.5588235294117647
b73bc7_2016-10,0.3709677419354839
f4604d_2015-01,0.020833333333333332
f4604d_2024-04,0.8928571428571429
531356_2015-03,0.0
e83244_2020-09,0.8928571428571429
e60b65_2019-07,0.5588235294117647
bc4c03_2025-07,0.8928571428571429
90abb1_2024-10,0.8928571428571429
1822ea_2022-04,0.8928571428571429
fc77d0_2025-01,1.0
265164_2024-08,0.020833333333333332
8e41cf_2023-10,0.5950993637571024
9befc8_2016-07,0.020833333333333332
8bd3ce_2022-09,0.45454545454545453
5a0174_2019-08,0.6744186046511629
8fabe0_2020-07,0.8928571428571429
bc4c03_2014-05,0.06382978723404255
34889b_2019-09,0.5588235294117647
e83244_2018-10,0.045454545454545456
6224d0_2014-05,0.045454545454545456
175155_2016-10,0.2465753424657534
731908_2017-01,0.2465753424657534
b26809_2024-01,0.8928571428571429
780a0b_2019-12,0.5588235294117647
8bd3ce_2023-09,0.5588235294117647
0f9e86_2015-08,0.020833333333333332
1822ea_2015-03,0.0
4fb2d3_2023-09,0.6744186046511629
8fabe0_2019-11,0.8928571428571429
b416b1_2020-07,0.8928571428571429
edda84_2025-03,0.06741573033707865
77b3b9_2014-07,0.020833333333333332
29849f_2023-04,0.45454545454545453
022433_2025-08,0.6744186046511629
e2314a_2018-01,0.17142857142857143
e83244_2023-08,0.6744186046511629
e83244_2025-04,0.8928571428571429
8fabe0_2022-08,0.8928571428571429
f25ffe_2023-05,0.020833333333333332
77b3b9_2019-02,0.45454545454545453
1822ea_2025-01,1.0
0ffc2d_2023-01,0.0
0ffc2d_2023-11,0.45454545454545453
265164_2025-08,0.3709677419354839
9af74c_2024-09,0.8928571428571429
731908_2015-11,0.0
d86999_2021-12,0.45454545454545453
9f1aa0_2021-07,0.45454545454545453
780a0b_2022-12,0.45454545454545453
fb737b_2024-08,0.5
b416b1_2019-07,0.45454545454545453
d59611_2023-05,0.8928571428571429
af81b0_2019-11,0.6744186046511629
531356_2017-06,0.2465753424657534
175155_2014-12,0.0
259a19_2024-09,0.5588235294117647
424c1b_2024-08,0.0
90abb1_2025-04,0.8928571428571429
0ffc2d_2019-07,0.06382978723404255
375f2e_2017-02,0.2465753424657534
8fb6f0_2018-06,0.17142857142857143
0f9e86_2025-08,0.45454545454545453
34889b_2021-08,0.9411764705882353
8005b9_2015-04,0.06666666666666667
b1de95_2024-08,1.0
06534f_2025-01,0.8928571428571429
022433_2025-06,0.5588235294117647
e2314a_2018-11,0.2465753424657534
175155_2019-06,0.45454545454545453
1822ea_2020-02,0.8928571428571429
9af74c_2023-09,0.8928571428571429
4fb2d3_2021-09,0.8928571428571429
302d40_2024-04,0.14285714285714285
731908_2018-11,0.38461538461538464
d86999_2018-08,0.3709677419354839
e427f8_2023-06,0.0
dc4b5e_2025-01,0.8928571428571429
9befc8_2021-03,0.5052357200373647
fc9334_2024-05,0.8
8bd3ce_2019-02,0.06741573033707865
b26809_2025-06,0.5588235294117647
c48018_2023-07,0.45454545454545453
bfbeef_2018-07,0.38461538461538464
8fb6f0_2024-06,0.5588235294117647
8bd3ce_2018-01,0.06382978723404255
8fb6f0_2020-08,0.5588235294117647
bfbeef_2025-02,0.5899565401396771
fc9334_2020-04,0.8928571428571429
8e41cf_2021-09,0.2465753424657534
18defd_2014-11,0.06382978723404255
18defd_2019-01,0.3709677419354839
18defd_2024-01,0.45454545454545453
8e41cf_2018-11,0.06685298941400529
8e41cf_2021-05,0.45454545454545453
b26809_2014-04,0.0
18defd_2019-03,0.3709677419354839
e7a56d_2021-11,0.8928571428571429
bfbeef_2022-06,0.6666666666666666
b26809_2019-02,0.5588235294117647
fc9334_2018-01,0.06666666666666667
0f9e86_2017-02,0.14285714285714285
8e41cf_2017-02,0.07692307692307693
8e41cf_2023-05,0.5588235294117647
b26809_2020-09,0.8928571428571429
bfbeef_2018-06,0.2465753424657534
74b7d1_2024-12,0.6744186046511629
6c1954_2024-09,0.8928571428571429
fc9334_2019-02,0.3709677419354839
e7a56d_2018-12,0.3709677419354839
e7a56d_2023-03,0.5588235294117647
8fb6f0_2020-09,0.5
fc9334_2017-03,0.14285714285714285
fc9334_2024-11,1.0
731908_2022-08,0.45454545454545453
b26809_2021-01,0.45454545454545453
8fb6f0_2022-05,0.8928571428571429
bfbeef_2021-09,0.45454545454545453
8bd3ce_2015-10,0.0
8bd3ce_2021-02,0.6744186046511629
bfbeef_2024-03,0.8928571428571429
e7a56d_2024-04,0.8928571428571429
8bd3ce_2017-06,0.346010485504318
dc4b5e_2019-10,0.0
dc4b5e_2024-01,0.8928571428571429
780a0b_2022-03,0.45454545454545453
8bd3ce_2018-11,0.045454545454545456
b26809_2015-07,0.0
8bd3ce_2021-09,0.45454545454545453
e7a56d_2023-09,0.8928571428571429
fc9334_2022-05,0.6744186046511629
18defd_2014-05,0.045454545454545456
8bd3ce_2016-05,0.0
bfbeef_2024-09,0.5588235294117647
6c1954_2023-08,0.3709677419354839
fc9334_2019-09,0.45454545454545453
8bd3ce_2018-05,0.06741573033707865
8e41cf_2016-03,0.0
8fb6f0_2024-04,0.6744186046511629
8e41cf_2019-06,0.45454545454545453
8e41cf_2020-03,0.5588235294117647
dc4b5e_2023-12,0.8928571428571429
d86999_2015-12,0.06382978723404255
8bd3ce_2018-12,0.06563415565263817
8e41cf_2023-03,0.6666666666666666
e7a56d_2023-12,0.6744186046511629
780a0b_2018-04,0.06741573033707865
b26809_2018-02,0.06741573033707865
6c1954_2023-04,0.06741573033707865
780a0b_2017-04,0.17142857142857143
fc9334_2023-10,0.5
8fb6f0_2022-09,0.42857142857142855
8e41cf_2017-11,0.2465753424657534
bfbeef_2025-04,0.6744186046511629
b26809_2017-11,0.06382978723404255
18defd_2023-09,0.45454545454545453
bfbeef_2025-05,0.8928571428571429
c48018_2018-12,0.3709677419354839
a97df3_2023-10,0.45454545454545453
8bd3ce_2020-04,0.8928571428571429
b26809_2018-01,0.06741573033707865
fc9334_2021-07,0.38461538461538464
18defd_2025-07,0.8928571428571429
780a0b_2017-03,0.07692307692307693
731908_2021-07,0.2465753424657534
780a0b_2022-01,0.38461538461538464
18defd_2024-02,0.3709677419354839
c48018_2025-02,0.8928571428571429
780a0b_2023-03,0.45454545454545453
8bd3ce_2020-01,0.5588235294117647
8e41cf_2023-04,0.5588235294117647
731908_2016-11,0.14285714285714285
731908_2024-03,0.5588235294117647
c48018_2024-11,1.0
bfbeef_2020-11,0.5588235294117647
bfbeef_2023-12,0.6744186046511629
8e41cf_2015-04,0.0
8bd3ce_2016-06,0.0
731908_2018-05,0.2465753424657534
bfbeef_2018-12,0.37480274115217155
14fe3a_2022-07,0.8928571428571429
fc9334_2016-10,0.0
8fb6f0_2022-08,0.45454545454545453
731908_2022-10,0.45454545454545453
b26809_2020-06,0.8928571428571429
b26809_2021-04,0.3709677419354839
0874ee_2018-01,0.06741573033707865
b26809_2016-04,0.14285714285714285
731908_2014-11,0.0
b26809_2023-09,0.5588235294117647
c48018_2023-04,0.3709677419354839
9f1aa0_2016-02,0.0
b07578_2024-12,0.06704478141344368
f461d4_2020-01,0.9411764705882353
90abb1_2017-06,0.2465753424657534
259a19_2024-05,1.0
7a007d_2014-11,0.020833333333333332
6f5e2b_2021-12,0.9411764705882353
510fbf_2023-12,0.2465753424657534
f500c5_2022-06,0.8928571428571429
513080_2023-11,0.020833333333333332
bc4c03_2023-08,1.0
f500c5_2022-05,0.8928571428571429
6c1954_2022-08,0.17142857142857143
d59611_2016-10,0.38461538461538464
b644ac_2025-06,0.06741573033707865
5a0174_2019-01,0.45454545454545453
db4cd8_2020-11,0.5588235294117647
bc4c03_2023-07,0.8928571428571429
7bf5c9_2015-04,0.0
6c1954_2023-05,0.06741573033707865
e60b65_2015-02,0.0
edda84_2025-08,0.06741573033707865
4f2b6b_2022-06,0.020833333333333332
9cf1af_2024-02,0.17142857142857143
34889b_2019-05,0.38461538461538464
14fe3a_2016-09,0.45454545454545453
14fe3a_2019-10,0.45454545454545453
f24317_2025-07,0.06741573033707865
77c35f_2024-01,0.0
6f5e2b_2019-08,0.8928571428571429
259a19_2017-03,0.3709677419354839
77b3b9_2018-10,0.5588235294117647
f1543b_2020-11,0.45454545454545453
f500c5_2019-01,0.42857142857142855
f461d4_2020-09,0.8928571428571429
b07578_2025-04,0.06741573033707865
5a0174_2020-09,0.8928571428571429
6c1954_2021-11,0.3832808332245698
9f1aa0_2016-08,0.3709677419354839
9f1aa0_2025-01,0.5588235294117647
510fbf_2024-07,0.45454545454545453
bf6f0d_2014-08,0.045454545454545456
510fbf_2025-02,0.2465753424657534
6f5e2b_2020-02,0.45454545454545453
259a19_2017-02,0.17142857142857143
259a19_2024-11,0.8928571428571429
db4cd8_2017-05,0.3709677419354839
f4d28d_2024-06,0.06741573033707865
77b3b9_2018-03,0.2465753424657534
948a11_2022-07,0.0
6c1954_2024-10,0.8928571428571429
9f1aa0_2015-11,0.0
9f1aa0_2025-07,0.5
fa8553_2023-04,0.020833333333333332
510fbf_2025-03,0.2465753424657534
513080_2025-06,0.45454545454545453
d59611_2022-09,0.8928571428571429
bc4c03_2014-09,0.06741573033707865
1822ea_2015-02,0.0
f461d4_2021-08,0.8928571428571429
d86999_2025-08,0.5588235294117647
1698cf_2016-10,0.2465753424657534
4718d7_2018-10,0.5
6f5e2b_2019-02,0.8928571428571429
f461d4_2024-05,0.8928571428571429
fb34b4_2025-06,0.07819326581239792
510fbf_2022-03,0.020833333333333332
510fbf_2023-10,0.020833333333333332
513080_2022-11,0.020833333333333332
bc4c03_2014-08,0.06741573033707865
259a19_2019-11,0.6744186046511629
9f1aa0_2018-07,0.5588235294117647
9f1aa0_2024-11,0.5588235294117647
b644ac_2025-01,0.06382978723404255
90abb1_2019-01,0.5588235294117647
fa8553_2021-07,0.020833333333333332
510fbf_2022-04,0.020833333333333332
513080_2025-07,0.5588235294117647
b07578_2024-10,0.06741573033707865
77c35f_2024-02,0.045454545454545456
9f1aa0_2015-12,0.0
513080_2025-01,0.2465753424657534
fc77d0_2020-07,0.8928571428571429
7bf5c9_2020-11,0.45454545454545453
6c1954_2021-10,0.3158384851503118
9af74c_2015-03,0.020833333333333332
bf6f0d_2024-09,0.6744186046511629
bc4c03_2024-11,0.8928571428571429
9f1aa0_2024-05,0.45454545454545453
fa8553_2021-06,0.0
fa8553_2023-09,0.38461538461538464
4f2b6b_2022-10,0.06741573033707865
f500c5_2024-08,0.5588235294117647
e427f8_2022-09,0.0
510fbf_2022-08,0.020833333333333332
d59611_2025-09,0.8928571428571429
14fe3a_2024-09,0.9411764705882353
4718d7_2021-12,0.8928571428571429
7199cf_2025-05,0.06531788717831745
fa8553_2023-12,0.3709677419354839
d59611_2022-12,0.8928571428571429
14fe3a_2019-07,0.45454545454545453
5a0174_2024-07,0.6744186046511629
7bf5c9_2020-05,0.45454545454545453
9f1aa0_2022-08,0.45454545454545453
1698cf_2015-08,0.020833333333333332
513080_2022-02,0.020833333333333332
513080_2025-02,0.2465753424657534
d59611_2016-12,0.3709677419354839
5a0174_2016-10,0.3709677419354839
7bf5c9_2014-11,0.0
f1543b_2022-02,0.6744186046511629
375f2e_2017-04,0.06741573033707865
db4cd8_2020-02,0.45454545454545453
0cecbd_2024-01,0.8928571428571429
db5006_2015-11,0.0
1822ea_2017-08,0.3709677419354839
bfbeef_2016-09,0.020833333333333332
0cecbd_2020-12,0.8928571428571429
11f0e3_2016-07,0.020833333333333332
8fb6f0_2020-05,0.8928571428571429
bfbeef_2015-06,0.020833333333333332
0cecbd_2022-01,0.8928571428571429
bfbeef_2015-11,0.0
0cecbd_2015-02,0.0
8fb6f0_2023-07,0.45454545454545453
0f9e86_2016-07,0.0
780a0b_2020-05,0.9411764705882353
11f0e3_2018-08,0.07692307692307693
0cecbd_2024-02,0.6744186046511629
bfbeef_2016-01,0.0
1822ea_2020-11,1.0
375f2e_2017-06,0.45454545454545453
8fb6f0_2018-07,0.3709677419354839
8fb6f0_2019-06,0.5588235294117647
0cecbd_2017-06,0.45454545454545453
731908_2019-05,0.45454545454545453
bfbeef_2015-01,0.0
bfbeef_2019-04,0.45454545454545453
11f0e3_2019-04,0.45454545454545453
9f1aa0_2024-07,0.5588235294117647
0cecbd_2022-10,0.6744186046511629
0cecbd_2024-05,0.8928571428571429
3db670_2018-10,0.9411764705882353
175155_2022-06,0.5588235294117647
e60b65_2024-04,0.5588235294117647
4f2b6b_2023-10,0.0
4f2b6b_2025-04,0.06666666666666667
4f2b6b_2025-07,0.06382978723404255
e3af0e_2014-12,0.020833333333333332
e3af0e_2017-03,0.3709677419354839
829a72_2015-02,0.0
829a72_2014-09,0.045454545454545456
60a0fd_2018-03,0.3709677419354839
14fe3a_2019-12,0.8928571428571429
98a151_2015-01,0.0
c3a69f_2015-08,0.0
4f2b6b_2023-07,0.0
894378_2024-09,0.8928571428571429
6c1954_2024-06,0.8928571428571429
bc4c03_2017-05,0.5
829a72_2014-07,0.0
90abb1_2017-02,0.38461538461538464
7aa803_2019-12,0.3709677419354839
7aa803_2025-07,0.8928571428571429
9b46ed_2023-10,0.5588235294117647
60a0fd_2025-02,0.6744186046511629
e3af0e_2020-12,0.8928571428571429
db5006_2019-03,0.2465753424657534
7bf5c9_2023-08,0.5588235294117647
e2e0ce_2018-01,0.2465753424657534
2ab8ad_2021-04,0.6744186046511629
2ab8ad_2024-12,0.8928571428571429
7aa803_2020-09,0.45454545454545453
e3af0e_2024-08,0.6744186046511629
948a11_2023-10,0.0
293190_2023-06,0.5588235294117647
e2e0ce_2022-10,0.5588235294117647
2ab8ad_2025-06,0.8928571428571429
7aa803_2021-06,0.5588235294117647
7bf5c9_2015-01,0.0
88a9a6_2018-02,0.06666666666666667
7bf5c9_2018-02,0.0675723933859064
c580aa_2020-02,0.8928571428571429
7a007d_2019-10,0.45454545454545453
e2e0ce_2022-03,0.8928571428571429
88a9a6_2021-05,0.8928571428571429
9b46ed_2019-02,0.06382978723404255
7bf5c9_2021-01,0.45454545454545453
94f933_2025-06,0.07692307692307693
e2e0ce_2019-03,0.17142857142857143
88a9a6_2025-07,0.45454545454545453
88a9a6_2024-12,0.8928571428571429
e3af0e_2023-03,0.5588235294117647
293190_2014-12,0.06666666666666667
293190_2023-05,0.5
e2e0ce_2016-03,0.020833333333333332
e2e0ce_2024-02,0.6744186046511629
9b46ed_2019-04,0.2465753424657534
2ab8ad_2020-04,0.45454545454545453
2ab8ad_2022-06,0.8928571428571429
2ab8ad_2024-10,0.8928571428571429
c5df88_2021-12,0.3709677419354839
74fb1f_2018-01,0.2465753424657534
7aa803_2023-11,0.5588235294117647
e2e0ce_2015-03,0.045454545454545456
88a9a6_2023-03,0.5588235294117647
f500c5_2023-11,0.5460899943499673
bf6f0d_2020-08,0.5588235294117647
e2e0ce_2025-03,1.0
c5df88_2021-03,0.45454545454545453
74fb1f_2019-03,0.17142857142857143
60a0fd_2019-10,0.6744186046511629
60a0fd_2024-11,0.8928571428571429
7bf5c9_2019-08,0.8928571428571429
6f5e2b_2021-10,0.6744186046511629
293190_2024-03,0.6744186046511629
88a9a6_2019-06,0.06741573033707865
60a0fd_2022-11,0.5588235294117647
60a0fd_2024-12,0.8928571428571429
db5006_2019-05,0.5588235294117647
293190_2014-07,0.06446407415835734
c5df88_2014-09,0.045454545454545456
7aa803_2019-11,0.2465753424657534
88a9a6_2022-10,0.45454545454545453
98a151_2022-01,0.6666666666666666
7bf5c9_2020-02,0.45454545454545453
fb34b4_2025-04,0.3709677419354839
1bdb97_2022-06,0.0071326889772899684
5a0174_2021-07,0.9411764705882353
e2e0ce_2021-09,0.8928571428571429
9b46ed_2019-01,0.06741573033707865
9b46ed_2022-02,0.2465753424657534
829a72_2022-12,0.45454545454545453
7bf5c9_2014-10,0.0
1bdb97_2025-05,0.06741573033707865
e2e0ce_2016-04,0.0
7aa803_2015-03,0.020833333333333332
e2e0ce_2022-05,0.5588235294117647
2ab8ad_2021-05,1.0
c5df88_2018-02,0.07692307692307693
74fb1f_2022-11,0.5588235294117647
e2e0ce_2025-05,0.8928571428571429
2ab8ad_2023-01,0.6744186046511629
c5df88_2022-04,0.2465753424657534
7aa803_2021-12,0.37189870388134805
293190_2023-07,0.5588235294117647
88a9a6_2023-11,0.45454545454545453
2ab8ad_2022-02,0.8928571428571429
2ab8ad_2023-03,0.8
7aa803_2022-09,0.3709677419354839
98a151_2024-09,0.8
829a72_2023-06,0.45454545454545453
db5006_2018-05,0.06741573033707865
7bf5c9_2019-09,0.45454545454545453
c580aa_2019-01,0.8928571428571429
293190_2022-05,0.5588235294117647
7aa803_2024-03,0.8928571428571429
2ab8ad_2020-02,0.45454545454545453
88a9a6_2025-08,0.45454545454545453
9b46ed_2022-10,0.2465753424657534
9b46ed_2024-10,0.45454545454545453
98a151_2018-12,0.45454545454545453
e3af0e_2024-07,0.5588235294117647
7bf5c9_2025-04,0.6744186046511629
f500c5_2024-12,0.5588235294117647
cd0e60_2021-08,0.14285714285714285
c5df88_2023-02,0.45454545454545453
7aa803_2019-10,0.2465753424657534
88a9a6_2019-08,0.06741573033707865
88a9a6_2025-01,0.8928571428571429
18defd_2024-09,0.8928571428571429
db5006_2017-04,0.2465753424657534
531356_2021-01,0.8928571428571429
b07578_2025-05,0.06741573033707865
e7a56d_2024-03,1.0
8fabe0_2018-02,0.07692307692307693
18defd_2020-01,0.5588235294117647
1b9e65_2020-04,0.8928571428571429
e7a56d_2014-09,0.020833333333333332
5a0174_2017-12,0.06741573033707865
e7a56d_2020-01,0.45454545454545453
db5006_2025-02,0.5588235294117647
1b9e65_2017-01,0.45454545454545453
1b9e65_2019-11,0.45454545454545453
1b9e65_2023-10,0.9411764705882353
e7a56d_2019-04,0.3709677419354839
4718d7_2017-02,0.08213898577429046
db5006_2015-05,0.06382978723404255
db5006_2024-09,0.8928571428571429
1b9e65_2016-10,0.06382978723404255
f461d4_2023-11,1.0
1698cf_2024-11,0.8736092082793973
4718d7_2014-10,0.0
db5006_2022-10,0.5588235294117647
db5006_2023-08,0.8928571428571429
e7a56d_2020-12,0.6744186046511629
1b9e65_2025-03,0.45454545454545453
cd0e60_2022-12,0.0
1b9e65_2023-07,0.5588235294117647
0ffc2d_2025-01,0.8928571428571429
cd0e60_2023-01,0.0
db5006_2020-09,0.8928571428571429
c48018_2015-02,0.020833333333333332
a42d13_2014-09,0.020833333333333332
4718d7_2025-09,0.8928571428571429
29849f_2024-05,0.8928571428571429
94f933_2023-09,0.0
18defd_2014-10,0.020833333333333332
db5006_2015-03,0.0
db5006_2022-11,0.5588235294117647
29849f_2014-10,0.020833333333333332
1698cf_2017-04,0.3709677419354839
f1543b_2021-08,1.0
db5006_2017-07,0.3709677419354839
db5006_2018-01,0.07692307692307693
db5006_2023-09,0.8928571428571429
db5006_2024-02,0.5588235294117647
db5006_2024-04,0.6744186046511629
db5006_2024-05,0.8
8fabe0_2019-09,0.8928571428571429
18defd_2019-04,0.45454545454545453
c48018_2019-07,0.45454545454545453
531356_2022-10,0.45454545454545453
1b9e65_2021-10,0.8928571428571429
db5006_2019-12,0.45454545454545453
531356_2014-11,0.0
fc77d0_2021-01,0.8928571428571429
1822ea_2017-10,0.42857142857142855
022433_2023-08,0.2465753424657534
0874ee_2020-12,0.8928571428571429
e4bc80_2023-03,0.45454545454545453
e361b7_2020-09,0.6744186046511629
c3a69f_2022-01,0.6744186046511629
c3a69f_2022-10,0.8928571428571429
c3a69f_2024-07,0.5
e361b7_2021-08,0.5063195778419218
b1de95_2022-01,1.0
439fde_2025-02,0.8928571428571429
894378_2021-01,0.42857142857142855
19fa84_2024-01,0.8202081723756085
fd589c_2025-06,0.8928571428571429
259a19_2020-08,0.8928571428571429
3a13b3_2020-09,1.0
b73bc7_2025-01,1.0
6f5e2b_2016-07,0.3709677419354839
e361b7_2024-11,0.8928571428571429
fd589c_2024-07,0.5588235294117647
e361b7_2022-07,0.45454545454545453
f1543b_2019-02,0.06741573033707865
3db670_2020-10,1.0
6f5e2b_2016-10,0.3799544307560083
894378_2020-10,0.8928571428571429
e361b7_2021-07,0.8928571428571429
e361b7_2024-08,0.6744186046511629
8ec563_2023-10,0.9411764705882353
19fa84_2021-08,0.7835185053309603
fd589c_2024-04,0.8928571428571429
e4bc80_2023-12,0.5588235294117647
74b7d1_2025-06,0.5588235294117647
74b7d1_2025-08,0.9411764705882353
c5816f_2021-10,0.5588235294117647
e361b7_2025-03,0.8928571428571429
439fde_2023-12,0.42857142857142855
fd589c_2021-03,0.8928571428571429
fd589c_2023-01,0.5588235294117647
fd589c_2025-07,0.8928571428571429
e361b7_2022-03,0.45454545454545453
e2e0ce_2024-01,0.8928571428571429
c5816f_2021-02,0.6666666666666666
19fa84_2023-08,0.5505265385821905
fd589c_2022-05,0.2465753424657534
e361b7_2024-07,0.8928571428571429
e4bc80_2025-03,0.8928571428571429
fd589c_2022-08,0.2465753424657534
429b22_2025-01,0.0
77e86b_2024-11,0.8928571428571429
8ec563_2019-08,0.8
60b690_2025-08,0.06741573033707865
8ec563_2023-05,0.8928571428571429
e361b7_2023-03,0.6744186046511629
894378_2022-01,0.3709677419354839
894378_2024-05,0.8024842449395048
0874ee_2021-04,0.8129781365980016
60b690_2025-07,0.06741573033707865
c5816f_2022-02,0.45454545454545453
29849f_2016-05,0.0
c3a69f_2021-08,0.8928571428571429
894378_2023-02,0.45454545454545453
fd589c_2025-05,0.8928571428571429
e361b7_2021-06,0.8928571428571429
7bf5c9_2023-07,0.5588235294117647
7bf5c9_2025-03,0.5588235294117647
3db670_2020-06,0.9411764705882353
fd589c_2022-01,0.2465753424657534
e4bc80_2024-01,0.5588235294117647
e361b7_2021-10,0.45454545454545453
e4bc80_2019-07,0.5588235294117647
f461d4_2024-12,0.8928571428571429
9b3bd5_2025-08,0.020833333333333332
c5816f_2021-08,0.8928571428571429
c5816f_2023-01,0.5588235294117647
e4bc80_2021-01,0.8928571428571429
894378_2019-10,0.42857142857142855
fd589c_2019-11,0.45454545454545453
fd589c_2023-10,0.8928571428571429
e361b7_2022-09,0.45454545454545453
f1543b_2015-01,0.0
439fde_2018-01,0.06741573033707865
8ec563_2021-07,0.5588235294117647
19fa84_2024-12,0.8928571428571429
e4bc80_2021-09,0.3709677419354839
d59611_2015-10,0.0
cd0e60_2020-06,0.020833333333333332
14fe3a_2016-12,0.45454545454545453
88a9a6_2016-01,0.0
bf6f0d_2020-03,0.8928571428571429
db4cd8_2015-06,0.0
d59611_2018-11,0.45454545454545453
14fe3a_2018-09,0.45454545454545453
bf6f0d_2021-11,0.8928571428571429
77e86b_2023-08,0.5588235294117647
77b3b9_2016-10,0.2465753424657534
14fe3a_2016-11,0.42857142857142855
bf6f0d_2020-02,0.8928571428571429
d59611_2017-10,0.3709677419354839
cd0e60_2022-02,0.2465753424657534
77e86b_2023-12,0.6744186046511629
7aa803_2015-08,0.0
bf6f0d_2020-01,0.8928571428571429
74b7d1_2022-12,0.45454545454545453
bf6f0d_2024-11,0.6744186046511629
b0ff51_2015-10,0.0
74b7d1_2024-01,0.5588235294117647
bf6f0d_2014-12,0.0
bf6f0d_2023-11,1.0
259a19_2017-10,0.2465753424657534
d59611_2017-09,0.3709677419354839
14fe3a_2015-12,0.0
cd0e60_2022-04,0.06741573033707865
cd0e60_2020-03,0.0
77e86b_2023-11,0.8928571428571429
74b7d1_2025-07,0.8549895239632866
cd0e60_2019-11,0.06382978723404255
c5df88_2015-04,0.06741573033707865
c5df88_2019-05,0.06741573033707865
2ab8ad_2015-06,0.045454545454545456
f1543b_2015-06,0.0
f1543b_2021-10,0.5588235294117647
c5df88_2019-04,0.06741573033707865
88a9a6_2025-04,0.8928571428571429
88a9a6_2019-07,0.06741573033707865
f1543b_2020-06,0.45454545454545453
293190_2019-02,0.06741573033707865
74fb1f_2020-01,0.45454545454545453
88a9a6_2022-11,0.45454545454545453
f1543b_2020-05,0.45454545454545453
f1543b_2023-11,0.5588235294117647
022433_2022-03,0.0
7aa803_2020-08,0.6744186046511629
022433_2023-06,0.2465753424657534
293190_2023-04,0.5368355981679747
e2e0ce_2020-03,0.5588235294117647
022433_2021-04,0.045454545454545456
f1543b_2023-06,0.8545958204600732
7aa803_2022-11,0.3709677419354839
c580aa_2019-02,0.5588235294117647
f1543b_2015-05,0.0
88a9a6_2018-06,0.06666666666666667
c5df88_2019-07,0.2465753424657534
f1543b_2024-09,0.8928571428571429
74fb1f_2021-11,0.8928571428571429
7bf5c9_2024-05,0.6744186046511629
c5df88_2023-06,0.45454545454545453
74fb1f_2022-03,0.6744186046511629
7aa803_2024-12,1.0
74fb1f_2017-04,0.14285714285714285
7bf5c9_2022-03,0.8928571428571429
f1543b_2016-11,0.045454545454545456
9b46ed_2021-04,0.5588235294117647
7bf5c9_2015-06,0.0
022433_2023-11,0.2465753424657534
9b46ed_2023-03,0.3709677419354839
c3a69f_2014-12,0.045454545454545456
34889b_2022-01,0.5353693130936247
77e86b_2018-02,0.14285714285714285
94f933_2024-04,0.0
18defd_2015-04,0.045454545454545456
77e86b_2023-09,0.8928571428571429
c3a69f_2014-10,0.06382978723404255
92dcdd_2021-01,0.2465753424657534
94f933_2025-03,0.06741573033707865
94f933_2024-11,0.0
94f933_2025-01,0.06382978723404255
92dcdd_2021-03,0.07692307692307693
7bf5c9_2017-04,0.2465753424657534
c580aa_2024-10,1.0
e2e0ce_2018-05,0.2465753424657534
c580aa_2025-08,1.0
e2e0ce_2018-04,0.2465753424657534
c580aa_2023-04,0.9411764705882353
e7a56d_2017-02,0.42857142857142855
e7a56d_2017-11,0.3709677419354839
98a151_2020-11,0.8928571428571429
60a0fd_2018-07,0.45454545454545453
60a0fd_2023-08,0.8928571428571429
7e646c_2024-06,0.045454545454545456
60a0fd_2021-02,0.8928571428571429
77e86b_2019-04,0.2465753424657534
98a151_2024-01,0.8928571428571429
0874ee_2014-07,0.045454545454545456
e3af0e_2025-05,0.6744186046511629
7e646c_2022-12,0.06382978723404255
6da35b_2024-05,0.030208304366413176
77e86b_2022-04,0.07692307692307693
e3af0e_2018-06,0.07692307692307693
7e646c_2025-01,0.3709677419354839
77e86b_2022-08,0.17142857142857143
7bf5c9_2022-11,0.45454545454545453
98a151_2017-12,0.5
7e646c_2025-02,0.3709677419354839
74b7d1_2023-06,0.6744186046511629
829a72_2019-08,0.6744186046511629
98a151_2017-10,0.45454545454545453
7e646c_2023-07,0.045454545454545456
7bf5c9_2018-07,0.45454545454545453
98a151_2021-01,0.8928571428571429
829a72_2017-02,0.2465753424657534
e3af0e_2019-04,0.3709677419354839
e3af0e_2019-06,0.45454545454545453
98a151_2019-04,0.45454545454545453
77e86b_2019-07,0.3709677419354839
74b7d1_2022-07,0.45454545454545453
77e86b_2019-12,0.45454545454545453
74b7d1_2024-09,0.6744186046511629
7e646c_2023-04,0.06382978723404255
e3af0e_2021-06,1.0
6da35b_2025-06,0.3709677419354839
cd0e60_2021-04,0.045454545454545456
98a151_2019-05,0.45454545454545453
7bf5c9_2025-05,1.0
829a72_2023-05,0.45454545454545453
77e86b_2019-09,0.3709677419354839
7bf5c9_2017-08,0.3709677419354839
3a13b3_2017-10,0.06741573033707865
18defd_2018-08,0.45454545454545453
375f2e_2023-01,1.0
6224d0_2020-05,0.9411764705882353
7bf5c9_2017-05,0.2465753424657534
8d0588_2015-02,0.045454545454545456
8d0588_2022-01,0.9411764705882353
b59bc0_2022-03,1.0
b0ff51_2017-12,0.45454545454545453
b0ff51_2024-12,1.0
b59bc0_2021-08,1.0
b0ff51_2017-02,0.8928571428571429
b0ff51_2016-08,0.6744186046511629
b0ff51_2020-02,0.6744186046511629
0cecbd_2019-08,0.45454545454545453
8d0588_2017-06,0.6666666666666666
b59bc0_2025-08,0.9411764705882353
b59bc0_2023-10,0.8928571428571429
b59bc0_2024-07,1.0
b59bc0_2020-11,1.0
b59bc0_2023-08,0.6744186046511629
b0ff51_2014-09,0.06382978723404255
b0ff51_2016-06,0.06741573033707865
b0ff51_2021-12,1.0
8d0588_2018-04,0.5588235294117647
b0ff51_2020-01,0.8928571428571429
b0ff51_2025-02,0.6744186046511629
b59bc0_2018-07,0.8928571428571429
b59bc0_2021-09,1.0
8d0588_2023-12,0.8928571428571429
b59bc0_2014-11,0.06382978723404255
8d0588_2025-06,0.9411764705882353
b0ff51_2014-07,0.06741573033707865
8d0588_2019-11,0.5588235294117647
8d0588_2020-02,0.8928571428571429
b0ff51_2023-01,0.8928571428571429
8d0588_2018-03,0.8928571428571429
8d0588_2019-10,0.5588235294117647
b0ff51_2016-01,0.06382978723404255
b0ff51_2022-08,0.8928571428571429
74b7d1_2023-09,0.5588235294117647
b0ff51_2023-07,1.0
b0ff51_2023-10,0.8928571428571429
b0ff51_2024-05,0.8928571428571429
b59bc0_2017-01,0.8757283104739465
b0ff51_2017-04,0.8928571428571429
b0ff51_2025-03,0.8928571428571429
b59bc0_2024-12,1.0
b0ff51_2022-04,0.8928571428571429
b59bc0_2019-02,0.6666666666666666
b59bc0_2021-11,1.0
8d0588_2021-02,0.8928571428571429
b59bc0_2022-09,0.5588235294117647
b59bc0_2023-01,0.8928571428571429
8d0588_2018-05,0.5588235294117647
8d0588_2022-05,0.8928571428571429
b59bc0_2021-07,0.6744186046511629
b59bc0_2024-06,0.8928571428571429
0cecbd_2019-03,0.3709677419354839
375f2e_2017-08,0.17142857142857143
4718d7_2024-12,0.9411764705882353
b08ec1_2016-01,0.0
3a13b3_2019-07,1.0
5ecf9b_2023-03,0.045454545454545456
545d15_2022-02,0.3709677419354839
545d15_2023-12,0.8928571428571429
5ecf9b_2022-12,0.0
5ecf9b_2025-04,0.3709677419354839
545d15_2021-08,0.2465753424657534
545d15_2025-04,0.8928571428571429
c580aa_2018-07,0.8928571428571429
92dcdd_2018-10,0.06382978723404255
545d15_2022-09,0.3709677419354839
545d15_2024-09,0.8928571428571429
ab32d7_2025-07,0.2465753424657534
1b9e65_2015-10,0.0
545d15_2024-06,0.8928571428571429
77e86b_2016-05,0.0
74b7d1_2019-12,0.8
0ffc2d_2021-04,0.17142857142857143
829a72_2023-01,0.38461538461538464
8b98f3_2021-12,0.045454545454545456
74b7d1_2017-07,0.2465753424657534
ab32d7_2022-05,0.0
8b98f3_2022-02,0.06741573033707865
948a11_2025-02,0.6744186046511629
b1de95_2015-05,0.020833333333333332
7bf5c9_2015-12,0.0
175155_2020-07,0.8928571428571429
fb34b4_2024-02,0.45454545454545453
7bf5c9_2022-04,0.8928571428571429
5a0174_2017-04,0.3709677419354839
4718d7_2020-12,0.8928571428571429
06534f_2015-05,0.06382978723404255
e361b7_2014-06,0.020833333333333332
e361b7_2023-12,0.8928571428571429
3a13b3_2020-04,1.0
e361b7_2018-11,0.6744186046511629
c5816f_2018-06,0.2465753424657534
8ec563_2015-02,0.0
e4bc80_2017-04,0.3709677419354839
3a13b3_2025-04,1.0
531356_2023-02,0.9411764705882353
e4bc80_2020-09,0.8928571428571429
894378_2017-04,0.2465753424657534
894378_2019-04,0.2465753424657534
3a13b3_2016-09,0.14285714285714285
b1de95_2020-07,1.0
fd589c_2015-04,0.06741573033707865
894378_2025-02,0.8928571428571429
c5816f_2014-10,0.020833333333333332
531356_2017-11,0.38461538461538464
06534f_2015-06,0.020833333333333332
c5816f_2022-10,0.45454545454545453
8ec563_2016-08,0.3709677419354839
06534f_2015-01,0.045454545454545456
c5816f_2014-05,0.020833333333333332
3db670_2024-02,1.0
06534f_2021-08,1.0
e361b7_2017-07,0.2465753424657534
3a13b3_2016-06,0.06666666666666667
b73bc7_2023-04,1.0
06534f_2014-09,0.06741573033707865
c580aa_2024-04,1.0
c5816f_2018-04,0.14285714285714285
3db670_2024-06,1.0
b1de95_2024-10,1.0
e4bc80_2018-03,0.2465753424657534
e4bc80_2020-03,0.8928571428571429
8ec563_2018-04,0.3709677419354839
8ec563_2022-01,0.5588235294117647
3a13b3_2024-05,1.0
fd589c_2018-02,0.06741573033707865
8ec563_2019-02,0.3709677419354839
06534f_2020-06,1.0
c5816f_2015-02,0.045454545454545456
19fa84_2018-01,0.07692307692307693
3a13b3_2020-12,1.0
b73bc7_2025-09,0.8928571428571429
c5816f_2019-03,0.45454545454545453
06534f_2015-02,0.06382978723404255
c580aa_2016-05,0.2465753424657534
19fa84_2021-06,0.8928571428571429
b73bc7_2021-09,1.0
c580aa_2020-10,1.0
e361b7_2023-01,0.5588235294117647
c5816f_2025-06,0.8928571428571429
8ec563_2022-08,0.45454545454545453
06534f_2016-02,0.0
c580aa_2025-07,1.0
b1de95_2020-12,1.0
1bdb97_2025-04,0.17142857142857143
c3a69f_2018-06,0.06741573033707865
c3a69f_2021-04,0.8928571428571429
db5006_2017-03,0.3709677419354839
439fde_2019-01,0.2465753424657534
5a0174_2018-06,0.06741573033707865
98a151_2017-03,0.2465753424657534
5a0174_2014-12,0.0
5a0174_2015-02,0.0
259a19_2016-12,0.38461538461538464
98a151_2015-08,0.0
db4cd8_2018-07,0.5588235294117647
8005b9_2025-09,1.0
c5df88_2017-05,0.3709677419354839
4718d7_2020-04,0.9411764705882353
531356_2018-10,0.3709677419354839
8005b9_2020-04,0.9411764705882353
1b9e65_2018-11,0.3709677419354839
18defd_2022-12,0.5588235294117647
439fde_2020-05,0.8928571428571429
14fe3a_2021-05,0.8928571428571429
74fb1f_2018-03,0.2465753424657534
e2e0ce_2018-03,0.06741573033707865
d59611_2015-06,0.020833333333333332
0874ee_2018-08,0.5588235294117647
f4604d_2021-12,0.8928571428571429
18defd_2017-10,0.2465753424657534
531356_2022-02,0.8928571428571429
d59611_2015-05,0.049239674946001455
c48018_2017-07,0.14285714285714285
3db670_2017-06,0.45454545454545453
e7a56d_2017-09,0.17142857142857143
c48018_2018-09,0.45454545454545453
18defd_2021-01,0.5588235294117647
c48018_2021-03,0.5588235294117647
e60b65_2016-04,0.2465753424657534
fc2511_2025-08,0.06382978723404255
e7a56d_2020-05,0.8928571428571429
c48018_2015-05,0.020833333333333332
18defd_2016-07,0.14285714285714285
259a19_2017-08,0.3709677419354839
3a13b3_2022-12,1.0
c580aa_2015-08,0.0
c3a69f_2015-02,0.06382978723404255
60a0fd_2020-04,0.6744186046511629
f461d4_2016-09,0.06818837438328136
60a0fd_2016-06,0.06741573033707865
b59bc0_2016-04,0.3709677419354839
6f5e2b_2017-08,0.2465753424657534
83894c_2022-05,0.3709677419354839
b08ec1_2020-10,0.8928571428571429
99c11c_2022-02,0.6744186046511629
f461d4_2017-01,0.3709677419354839
e3af0e_2015-05,0.0
98a151_2017-06,0.2465753424657534
e361b7_2017-04,0.3709677419354839
4718d7_2021-07,1.0
f461d4_2016-02,0.0
9b46ed_2017-05,0.2465753424657534
60a0fd_2016-07,0.06741573033707865
e3af0e_2016-10,0.17142857142857143
5a0174_2018-07,0.45454545454545453
8fabe0_2016-08,0.2465753424657534
f461d4_2017-05,0.45454545454545453
e3af0e_2016-07,0.07692307692307693
f4604d_2015-07,0.0
99c11c_2020-09,0.2465753424657534
8ec563_2017-07,0.42857142857142855
f461d4_2020-05,0.8928571428571429
98a151_2016-10,0.17142857142857143
829a72_2021-08,0.8928571428571429
fb34b4_2024-04,0.3709677419354839
5a0174_2020-05,0.8928571428571429
6f5e2b_2018-11,0.5588235294117647
83894c_2021-02,0.6744186046511629
5a0174_2016-04,0.0
8fabe0_2016-09,0.17142857142857143
8ec563_2017-06,0.3709677419354839
9af74c_2015-05,0.045454545454545456
e361b7_2017-12,0.3709677419354839
6f5e2b_2015-09,0.0
f1543b_2015-12,0.0
77c35f_2022-08,0.06382978723404255
fd589c_2017-07,0.42857142857142855
6f5e2b_2015-07,0.0
19fa84_2018-11,0.45454545454545453
77c35f_2022-12,0.020833333333333332
9cf1af_2022-06,0.06741573033707865
d86999_2024-02,0.45454545454545453
77c35f_2023-05,0.045454545454545456
e361b7_2016-10,0.3709677419354839
77c35f_2023-07,0.06382978723404255
9cf1af_2022-02,0.06382978723404255
6f5e2b_2015-08,0.0
302d40_2022-08,0.020833333333333332
db5006_2018-10,0.3709677419354839
29849f_2016-06,0.06741573033707865
8fabe0_2015-09,0.0
948a11_2024-01,0.5588235294117647
439fde_2020-02,0.45454545454545453
c3a69f_2019-09,0.45454545454545453
829a72_2020-05,0.8928571428571429
98a151_2020-05,0.8928571428571429
439fde_2024-02,0.45454545454545453
8b98f3_2025-05,0.17142857142857143
e3af0e_2020-08,0.9411764705882353
b1de95_2017-01,0.3709677419354839
8b98f3_2024-01,0.2465753424657534
bc4c03_2021-05,0.5588235294117647
fc77d0_2018-10,0.5588235294117647
9af74c_2016-06,0.45454545454545453
987bc1_2018-08,0.2465753424657534
375f2e_2017-10,0.2465753424657534
1822ea_2017-12,0.5588235294117647
9af74c_2017-02,0.45454545454545453
9af74c_2017-11,0.3709677419354839
375f2e_2017-03,0.17142857142857143
9af74c_2017-12,0.2465753424657534
439fde_2017-05,0.45454545454545453
99c11c_2023-01,0.3709677419354839
c3a69f_2022-05,0.8928571428571429
87cfea_2024-09,0.45454545454545453
83894c_2021-04,0.6744186046511629
c3a69f_2017-08,0.2465753424657534
83894c_2021-03,0.6744186046511629
99c11c_2022-12,0.3709677419354839
439fde_2021-10,0.8928571428571429
c3a69f_2019-07,0.3709677419354839
83894c_2019-11,0.07692307692307693
87cfea_2019-11,0.17142857142857143
99c11c_2023-02,0.3709677419354839
439fde_2020-07,0.8928571428571429
c3a69f_2016-09,0.06741573033707865
99c11c_2021-12,0.45454545454545453
c3a69f_2018-07,0.2465753424657534
83894c_2021-11,0.5588235294117647
87cfea_2024-03,0.9411764705882353
83894c_2018-12,0.06925423313547711
439fde_2017-08,0.2465753424657534
77e86b_2017-09,0.2465753424657534
c3a69f_2020-07,0.6744186046511629
99c11c_2021-07,0.6744186046511629
87cfea_2024-12,0.5588235294117647
439fde_2022-05,0.8928571428571429
99c11c_2016-05,0.06382978723404255
99c11c_2021-08,0.38461538461538464
99c11c_2024-12,0.8928571428571429
e60b65_2017-05,0.5245000070536152
6838b9_2021-02,0.06741573033707865
987bc1_2017-07,0.2465753424657534
34889b_2015-08,0.020833333333333332
83894c_2020-02,0.2465753424657534
29849f_2021-04,0.8928571428571429
fb34b4_2024-03,0.3709677419354839
29849f_2020-08,0.8928571428571429
90abb1_2017-10,0.2465753424657534
7aa803_2016-05,0.020833333333333332
c3a69f_2015-11,0.0
f4604d_2015-10,0.020833333333333332
175155_2021-01,0.8928571428571429
0cecbd_2017-07,0.3709677419354839
29849f_2021-12,0.8928571428571429
9b46ed_2020-08,0.8928571428571429
0cecbd_2015-04,0.0
e60b65_2015-06,0.020833333333333332
7aa803_2017-08,0.38461538461538464
f4604d_2018-08,0.07692307692307693
29849f_2022-02,0.8928571428571429
4fb2d3_2015-11,0.0
bf6f0d_2014-04,0.020833333333333332
9b46ed_2021-09,0.8928571428571429
b1de95_2021-03,1.0
b1de95_2021-06,1.0
f500c5_2018-09,0.5588235294117647
88a9a6_2017-08,0.2465753424657534
b73bc7_2022-03,1.0
c580aa_2022-07,1.0
3a13b3_2022-11,1.0
c580aa_2020-11,1.0
c580aa_2022-02,0.9411764705882353
a42d13_2016-11,0.5588235294117647
b73bc7_2023-11,1.0
f500c5_2018-08,0.5588235294117647
b73bc7_2022-06,0.9694789578843632
c580aa_2025-09,0.8928571428571429
439fde_2017-10,0.2465753424657534
19fa84_2017-05,0.3709677419354839
c580aa_2021-12,1.0
3db670_2021-05,0.8928571428571429
88a9a6_2017-10,0.17142857142857143
b73bc7_2018-08,0.8928571428571429
3db670_2016-12,0.5588235294117647
b73bc7_2024-02,1.0
8d0588_2015-10,0.0
8d0588_2016-03,0.2465753424657534
af81b0_2018-07,0.5588235294117647
74b7d1_2018-08,0.3709677419354839
77e86b_2020-04,0.8928571428571429
74b7d1_2016-01,0.0
83894c_2019-06,0.2465753424657534
74b7d1_2016-06,0.0
7bf5c9_2016-03,0.0
2ed4f9_2025-03,0.07692307692307693
0cecbd_2018-09,0.3709677419354839
77e86b_2021-08,0.6744186046511629
439fde_2018-11,0.3709677419354839
6224d0_2016-08,0.17142857142857143
83894c_2023-02,0.5588235294117647
83894c_2023-10,0.8928571428571429
fc77d0_2018-11,0.5588235294117647
e60b65_2017-07,0.45454545454545453
06534f_2017-09,0.6744186046511629
e3af0e_2018-11,0.3709677419354839
e2314a_2021-02,0.8928571428571429
83894c_2023-01,0.5588235294117647
87cfea_2018-06,0.2465753424657534
439fde_2018-08,0.45454545454545453
531356_2016-04,0.0
b416b1_2016-05,0.06382978723404255
af81b0_2015-12,0.0
375f2e_2020-05,0.8928571428571429
af81b0_2017-01,0.07692307692307693
af81b0_2020-05,0.45454545454545453
b416b1_2015-12,0.020833333333333332
88a9a6_2015-06,0.0
74fb1f_2015-12,0.020833333333333332
cd0e60_2023-08,0.35241565363331095
c3a69f_2017-01,0.045454545454545456
cd0e60_2023-11,0.45454545454545453
cd0e60_2024-10,0.5483994575027253
8005b9_2016-06,0.07692307692307693
c0f884_2025-09,0.06741573033707865
34889b_2021-01,0.8928571428571429
175155_2016-07,0.033928040362038
34889b_2021-02,0.8928571428571429
531356_2016-11,0.17142857142857143
894378_2017-05,0.2465753424657534
439fde_2015-11,0.0
77b3b9_2015-11,0.0
894378_2017-07,0.4178913784796055
c5816f_2015-05,0.045454545454545456
bf6f0d_2015-05,0.06666666666666667
98a151_2018-11,0.5
b416b1_2015-05,0.0
6838b9_2025-09,0.8928571428571429
b416b1_2017-12,0.3709677419354839
0874ee_2016-10,0.5
5a0174_2017-10,0.3709677419354839
175155_2015-08,0.06382978723404255
dc4b5e_2021-09,0.6744186046511629
a25664_2016-01,0.0
2ab8ad_2016-05,0.0
34889b_2018-07,0.6666666666666666
9b46ed_2016-07,0.0
2ab8ad_2017-09,0.45454545454545453
7aa803_2016-11,0.17142857142857143
2ab8ad_2016-03,0.0
34889b_2020-04,0.9411764705882353
dc4b5e_2021-07,0.8
8005b9_2015-08,0.0
2ab8ad_2016-04,0.0
8005b9_2015-07,0.0
b08ec1_2020-12,0.8928571428571429
9b46ed_2016-08,0.020833333333333332
dc4b5e_2020-11,0.06741573033707865
293190_2017-11,0.3709677419354839
dc4b5e_2021-03,0.5588235294117647
99c11c_2018-11,0.11099625848138661
99c11c_2019-01,0.17142857142857143
83894c_2017-07,0.020833333333333332
a97df3_2020-11,0.045454545454545456
a97df3_2021-02,0.3709677419354839
83894c_2017-11,0.0
99c11c_2025-01,0.8928571428571429
3a13b3_2018-10,0.8928571428571429
af81b0_2017-09,0.3709677419354839
0cecbd_2016-10,0.0
99c11c_2019-02,0.2465753424657534
a97df3_2021-04,0.45454545454545453
0cecbd_2016-06,0.0
3a13b3_2021-05,0.8928571428571429
894378_2018-07,0.5588235294117647
e7a56d_2015-11,0.06382978723404255
af81b0_2021-07,0.8928571428571429
af81b0_2020-11,0.8928571428571429
af81b0_2021-04,0.8928571428571429
af81b0_2021-10,0.8928571428571429
e2e0ce_2015-09,0.0
74fb1f_2016-08,0.06741573033707865
88a9a6_2016-11,0.2465753424657534
c5df88_2016-10,0.2465753424657534
e2e0ce_2015-10,0.0
c5df88_2016-11,0.3020562584771716
9f1aa0_2015-06,0.06741573033707865
e361b7_2018-08,0.5588235294117647
8ec563_2017-05,0.3709677419354839
db5006_2016-01,0.0
19fa84_2016-10,0.0
e4bc80_2020-07,0.8928571428571429
8ec563_2017-03,0.45454545454545453
894378_2017-01,0.3709677419354839
894378_2020-04,0.9411764705882353
894378_2015-07,0.0
e4bc80_2020-06,0.8928571428571429
894378_2016-10,0.045454545454545456
e361b7_2016-04,0.0
1698cf_2016-02,0.0
19fa84_2016-03,0.0
fd589c_2016-12,0.3709677419354839
1698cf_2016-01,0.0
e361b7_2017-03,0.3709677419354839
894378_2015-09,0.0
fd589c_2017-11,0.5
e4bc80_2017-09,0.45454545454545453
c5816f_2015-09,0.0
19fa84_2016-12,0.14285714285714285
f461d4_2018-11,0.45454545454545453
fd589c_2016-08,0.3709677419354839
8ec563_2018-08,0.45454545454545453
8d0588_2015-06,0.06741573033707865
b59bc0_2016-11,0.6744186046511629
94f933_2025-09,0.42857142857142855
83894c_2017-01,0.0
a42d13_2022-05,0.8928571428571429
a42d13_2019-09,0.6744186046511629
a42d13_2020-11,0.8928571428571429
a42d13_2021-02,0.8928571428571429
c48018_2016-01,0.0
a42d13_2020-06,0.8928571428571429
a42d13_2019-08,0.5588235294117647
a42d13_2020-07,0.8928571428571429
fb34b4_2022-09,0.020833333333333332
db5006_2016-09,0.0
6224d0_2025-09,0.8928571428571429
531356_2016-09,0.0
0cecbd_2017-09,0.2465753424657534
0cecbd_2021-09,0.8928571428571429
7aa803_2017-03,0.17142857142857143
531356_2016-02,0.0
bc4c03_2016-12,0.3709677419354839
99c11c_2017-11,0.0
f4604d_2020-02,0.9411764705882353
531356_2020-05,0.8928571428571429
29849f_2016-01,0.06741573033707865
531356_2017-09,0.2465753424657534
db5006_2021-08,0.8928571428571429
531356_2017-08,0.2465753424657534
db5006_2018-08,0.3709677419354839
1b9e65_2016-02,0.06382978723404255
c5df88_2024-07,0.8928571428571429
293190_2025-04,0.8928571428571429
b08ec1_2016-11,0.2465753424657534
293190_2026-03,0.8928571428571429
74fb1f_2017-03,0.2465753424657534
293190_2026-01,0.8928571428571429
c5df88_2025-12,0.8928571428571429
74fb1f_2016-11,0.2465753424657534
a25664_2017-07,0.3709677419354839
2ab8ad_2025-05,0.8928571428571429
7aa803_2015-05,0.0
c5df88_2024-02,0.8928571428571429
f4604d_2020-09,0.5588235294117647
1996b0_2023-09,0.0
1996b0_2024-01,0.0
1996b0_2023-02,0.0
06534f_2016-08,0.38461538461538464
7a007d_2016-02,0.020833333333333332
7a007d_2021-11,0.8928571428571429
7a007d_2022-06,0.8928571428571429
7a007d_2021-01,0.8639051296924729
7a007d_2022-12,0.8928571428571429
7a007d_2020-04,0.45454545454545453
7a007d_2016-01,0.020833333333333332
7a007d_2023-05,0.8928571428571429
90abb1_2020-06,0.6744186046511629
74b7d1_2016-12,0.06741573033707865
b08ec1_2015-07,0.06672694349343285
7a007d_2020-03,0.45454545454545453
7a007d_2022-11,0.8928571428571429
b0ff51_2020-04,1.0
8d0588_2017-12,0.8928571428571429
fb34b4_2023-02,0.020833333333333332
4fb2d3_2020-06,0.8928571428571429
fd589c_2020-11,0.8928571428571429
439fde_2015-06,0.045454545454545456
439fde_2015-05,0.06382978723404255
fd589c_2020-06,0.8928571428571429
2ab8ad_2015-10,0.0
439fde_2015-10,0.020833333333333332
d59611_2020-05,0.8928571428571429
987bc1_2016-02,0.0
6c1954_2021-04,0.17142857142857143
34889b_2017-01,0.45454545454545453
db4cd8_2020-06,0.8928571428571429
db4cd8_2015-07,0.0
6c1954_2020-05,0.06666666666666667
6c1954_2021-02,0.14285714285714285
77e86b_2022-11,0.17142857142857143
1b9e65_2020-03,0.8928571428571429
5ecf9b_2023-10,0.0
439fde_2024-10,0.5083992445053133
77e86b_2023-05,0.45454545454545453
c3a69f_2024-02,0.45454545454545453
1b9e65_2020-01,0.45454545454545453
5ecf9b_2023-08,0.00022082377019721447
2ed4f9_2025-08,0.06741573033707865
94f933_2023-11,0.0
c3a69f_2025-01,0.8928571428571429
439fde_2018-05,0.2465753424657534
c3a69f_2024-09,0.5588235294117647
77e86b_2024-03,0.8469275730445415
74b7d1_2023-07,0.45454545454545453
74b7d1_2023-08,0.45454545454545453
c3a69f_2024-06,0.45454545454545453
77e86b_2025-07,0.8
77e86b_2020-02,0.45454545454545453
439fde_2025-06,0.8928571428571429
77e86b_2015-03,0.045454545454545456
c3a69f_2024-08,0.5588235294117647
439fde_2014-11,0.06382978723404255
439fde_2025-04,0.6744186046511629
77e86b_2014-09,0.06382978723404255
77e86b_2024-05,0.8200726911121937
77e86b_2014-12,0.06382978723404255
94f933_2024-12,0.0
9befc8_2022-07,0.3709677419354839
d86999_2018-03,0.2465753424657534
d86999_2018-11,0.42857142857142855
8bd3ce_2016-08,0.06382978723404255
b26809_2020-05,0.9411764705882353
b08ec1_2024-10,0.6744186046511629
4fb2d3_2021-12,0.8928571428571429
a25664_2025-06,0.8928571428571429
2ab8ad_2015-03,0.045454545454545456
7aa803_2018-02,0.06720938554675816
88a9a6_2016-08,0.0
9b46ed_2019-03,0.06741573033707865
d86999_2016-10,0.2465753424657534
fc9334_2017-11,0.06693238995696699
b08ec1_2025-03,0.8928571428571429
293190_2014-10,0.06666666666666667
293190_2023-10,0.5588235294117647
74fb1f_2025-08,0.45454545454545453
8e41cf_2018-07,0.06741573033707865
fc9334_2019-06,0.3709677419354839
8e41cf_2024-02,0.5588235294117647
9af74c_2021-08,0.6744186046511629
e2e0ce_2021-01,1.0
74fb1f_2016-02,0.020833333333333332
74fb1f_2023-02,0.8928571428571429
7aa803_2022-12,0.3709677419354839
7aa803_2025-08,0.6744186046511629
e3af0e_2025-01,0.8928571428571429
e427f8_2025-02,0.2465753424657534
e3af0e_2019-01,0.3709677419354839
d86999_2021-05,0.6744186046511629
fc9334_2015-11,0.0
fc9334_2020-10,0.8928571428571429
8e41cf_2020-06,0.8928571428571429
a25664_2024-04,0.8928571428571429
293190_2019-03,0.17142857142857143
74fb1f_2023-05,0.5588235294117647
7aa803_2023-04,0.45454545454545453
0f9e86_2022-09,0.2465753424657534
bfbeef_2016-11,0.0
bfbeef_2022-04,0.5588235294117647
dbb709_2023-07,0.045454545454545456
9cf1af_2025-05,0.45454545454545453
e427f8_2024-04,0.45454545454545453
60a0fd_2025-07,0.6744186046511629
d86999_2019-06,0.6744186046511629
d86999_2020-12,0.5588235294117647
6c1954_2021-12,0.3709677419354839
fc9334_2020-01,0.45454545454545453
8bd3ce_2022-05,0.45454545454545453
b08ec1_2019-08,0.3709677419354839
265164_2024-04,0.0
e2e0ce_2015-08,0.0
e2e0ce_2024-07,0.6744186046511629
2ab8ad_2021-03,0.8928571428571429
98a151_2017-05,0.2465753424657534
98a151_2021-11,0.8928571428571429
d86999_2017-01,0.2465753424657534
d86999_2021-11,0.6744186046511629
8e41cf_2024-10,1.0
6f5e2b_2016-05,0.06741573033707865
2ab8ad_2024-08,0.8928571428571429
88a9a6_2022-04,0.3709677419354839
9befc8_2022-08,0.45454545454545453
98a151_2024-11,0.8928571428571429
d86999_2015-04,0.020833333333333332
fc9334_2016-08,0.0
8fb6f0_2015-10,0.0
9af74c_2023-08,0.8928571428571429
6224d0_2022-02,0.8928571428571429
175155_2019-12,0.8928571428571429
88a9a6_2017-12,0.06741573033707865
9b46ed_2017-02,0.3709677419354839
829a72_2024-04,0.5588235294117647
e427f8_2025-08,0.3709677419354839
b26809_2020-02,0.8928571428571429
fc9334_2023-08,0.45454545454545453
8e41cf_2015-08,0.0
8e41cf_2025-07,0.8928571428571429
4fb2d3_2015-02,0.0
bc4c03_2022-02,0.8928571428571429
829a72_2025-07,0.8691204965526467
9befc8_2024-02,0.6744186046511629
8bd3ce_2022-10,0.45454545454545453
9cf1af_2024-03,0.11639001103211474
9cf1af_2024-12,0.45454545454545453
fc9334_2020-12,0.8
fc9334_2024-08,0.5588235294117647
8bd3ce_2021-07,0.3709677419354839
8e41cf_2025-01,0.8928571428571429
4718d7_2019-07,0.8928571428571429
74fb1f_2021-05,0.8928571428571429
7aa803_2014-09,0.06382978723404255
3db670_2015-02,0.020833333333333332
9b46ed_2018-03,0.06741573033707865
bfbeef_2018-11,0.3709677419354839
98a151_2023-03,0.8928571428571429
8bd3ce_2017-01,0.2465753424657534
8bd3ce_2019-05,0.3709677419354839
8e41cf_2021-02,0.5588235294117647
2ab8ad_2024-11,0.6744186046511629
c5df88_2023-03,0.8928571428571429
88a9a6_2021-08,0.45454545454545453
60a0fd_2019-07,0.45454545454545453
780a0b_2016-02,0.0
fc9334_2024-12,0.8928571428571429
8fb6f0_2025-02,0.5588235294117647
b26809_2014-03,0.0
b26809_2016-03,0.07692307692307693
b26809_2016-10,0.07692307692307693
fc77d0_2020-10,0.8928571428571429
4718d7_2019-03,0.45454545454545453
bc4c03_2022-09,0.6666666666666666
db4cd8_2019-04,0.3709677419354839
74fb1f_2021-03,0.8928571428571429
9b46ed_2014-12,0.020833333333333332
11f0e3_2025-05,0.6744186046511629
bfbeef_2024-07,0.6744186046511629
829a72_2023-08,1.0
9cf1af_2023-06,0.0
d86999_2014-09,0.020833333333333332
8bd3ce_2019-06,0.45454545454545453
9af74c_2022-07,0.5588235294117647
4fb2d3_2023-10,0.8928571428571429
f25ffe_2023-09,0.06741573033707865
6224d0_2019-06,0.3709677419354839
293190_2022-02,0.3709677419354839
293190_2022-12,0.5588235294117647
e2e0ce_2024-08,1.0
74fb1f_2017-09,0.2465753424657534
dc4b5e_2024-03,0.6744186046511629
77c35f_2025-03,0.2465753424657534
8bd3ce_2018-09,0.06741573033707865
9cf1af_2024-11,0.45454545454545453
e427f8_2022-01,0.06382978723404255
e3af0e_2024-05,0.5588235294117647
8bd3ce_2020-11,0.5588235294117647
34889b_2024-11,0.8928571428571429
259a19_2020-02,0.5588235294117647
a25664_2015-02,0.0
e2e0ce_2017-02,0.17142857142857143
2ab8ad_2017-05,0.45454545454545453
c5df88_2016-05,0.020833333333333332
88a9a6_2016-02,0.0
9b46ed_2024-12,0.5588235294117647
11f0e3_2024-07,0.6744186046511629
293190_2015-11,0.0
9cf1af_2022-08,0.0
fc9334_2025-03,0.6744186046511629
8bd3ce_2023-04,0.5588235294117647
4fb2d3_2019-03,0.45454545454545453
a42d13_2025-05,0.8928571428571429
c5df88_2015-10,0.0
74fb1f_2017-10,0.17142857142857143
88a9a6_2022-06,0.45454545454545453
9cf1af_2023-05,0.0
98a151_2022-10,0.5588235294117647
829a72_2018-06,0.4007658587356798
e427f8_2024-11,0.45454545454545453
60a0fd_2019-03,0.3709677419354839
e3af0e_2022-08,0.45454545454545453
e3af0e_2024-02,0.5588235294117647
e3af0e_2024-03,0.5
d86999_2018-01,0.45454545454545453
8bd3ce_2022-08,0.45454545454545453
8e41cf_2015-01,0.0
34889b_2018-06,0.2465753424657534
6224d0_2023-08,0.5588235294117647
88a9a6_2015-03,0.06666666666666667
302d40_2023-09,0.0
302d40_2023-11,0.0
829a72_2025-03,0.6744186046511629
302d40_2024-07,0.3709677419354839
d86999_2025-01,0.8928571428571429
d59611_2023-01,0.8928571428571429
8fb6f0_2021-08,0.8928571428571429
8e41cf_2025-04,0.8928571428571429
b26809_2022-01,0.45454545454545453
f25ffe_2024-01,0.045454545454545456
1698cf_2019-03,0.8928571428571429
175155_2021-07,1.0
2ab8ad_2021-01,0.9411764705882353
7aa803_2023-10,0.5588235294117647
e7a56d_2014-07,0.020833333333333332
e427f8_2023-07,0.020833333333333332
829a72_2018-12,0.3709677419354839
8e41cf_2016-02,0.0
d86999_2021-08,0.45454545454545453
d86999_2023-06,0.6744186046511629
b26809_2016-08,0.07692307692307693
fc9334_2019-05,0.45454545454545453
8e41cf_2022-12,0.5588235294117647
731908_2024-06,0.5429030713988984
11f0e3_2024-12,0.5588235294117647
0e8d73_2025-04,0.2465753424657534
bc4c03_2019-09,0.45454545454545453
9b3bd5_2025-03,0.0
9b46ed_2015-04,0.010472329153650473
fc9334_2016-06,0.0
e427f8_2024-01,0.17142857142857143
bfbeef_2020-01,0.45454545454545453
dbb709_2023-01,0.0
60a0fd_2021-12,0.8928571428571429
302d40_2025-07,0.5588235294117647
8e41cf_2021-04,0.5588235294117647
b08ec1_2022-06,0.45454545454545453
fc77d0_2024-02,0.8928571428571429
f461d4_2017-07,0.45454545454545453
bc4c03_2018-06,0.045454545454545456
74fb1f_2022-06,0.45454545454545453
7aa803_2014-10,0.045454545454545456
7aa803_2024-04,0.8928571428571429
88a9a6_2021-06,0.5
9cf1af_2023-01,0.0
9cf1af_2024-01,0.2465753424657534
fc9334_2018-12,0.07692307692307693
fc9334_2022-03,0.45454545454545453
b26809_2020-03,0.6744186046511629
b26809_2024-02,0.8928571428571429
1698cf_2020-10,0.8928571428571429
db4cd8_2019-09,0.42857142857142855
375f2e_2015-09,0.0
7aa803_2022-04,0.3709677419354839
7aa803_2024-07,0.8928571428571429
dbb709_2022-01,0.020833333333333332
9cf1af_2024-09,0.3709677419354839
e3af0e_2022-10,0.45454545454545453
fc9334_2015-06,0.020833333333333332
b26809_2015-11,0.0
34889b_2025-02,0.8928571428571429
293190_2022-10,0.45454545454545453
2ab8ad_2023-05,0.8928571428571429
74fb1f_2021-04,0.5588235294117647
7aa803_2019-07,0.06741573033707865
60a0fd_2023-11,0.5588235294117647
8e41cf_2022-04,0.45454545454545453
265164_2024-12,0.0
4fb2d3_2023-03,0.5588235294117647
780a0b_2024-03,0.6744186046511629
60a0fd_2024-02,0.5588235294117647
9befc8_2021-05,0.45454545454545453
d86999_2015-09,0.0
b26809_2019-01,0.45454545454545453
8fb6f0_2014-06,0.06382978723404255
8e41cf_2019-04,0.3709677419354839
9af74c_2021-06,0.9411764705882353
4fb2d3_2023-02,0.45454545454545453
bc4c03_2019-05,0.45454545454545453
18defd_2014-12,0.06382978723404255
2ab8ad_2018-12,0.14285714285714285
8fb6f0_2024-03,0.6744186046511629
8bd3ce_2019-04,0.2465753424657534
d86999_2020-11,0.5588235294117647
b26809_2020-11,0.5588235294117647
e60b65_2018-02,0.0
6f5e2b_2019-04,0.8928571428571429
a25664_2023-03,0.5588235294117647
74fb1f_2021-06,0.5588235294117647
7aa803_2023-09,0.5588235294117647
7aa803_2024-02,0.8
3db670_2014-12,0.020833333333333332
98a151_2023-06,0.5588235294117647
e3af0e_2022-07,0.6744186046511629
fc9334_2023-12,0.6744186046511629
8bd3ce_2023-08,0.5588235294117647
8e41cf_2021-06,0.45454545454545453
b26809_2023-05,0.5588235294117647
b26809_2024-08,0.6744186046511629
14fe3a_2019-08,0.5588235294117647
b08ec1_2022-08,0.45454545454545453
6f5e2b_2019-07,0.6744186046511629
175155_2023-12,1.0
3a13b3_2014-09,0.06741573033707865
e2e0ce_2023-02,0.5588235294117647
74fb1f_2022-12,0.5588235294117647
829a72_2025-02,0.6744186046511629
bfbeef_2019-12,0.5
8bd3ce_2025-07,0.8928571428571429
8e41cf_2020-04,0.8928571428571429
fc77d0_2019-04,0.42857142857142855
a25664_2024-03,1.0
74fb1f_2015-04,0.06666666666666667
7aa803_2023-03,0.45454545454545453
88a9a6_2021-07,0.8928571428571429
3db670_2015-04,0.06741573033707865
9b46ed_2025-06,0.6744186046511629
9f1aa0_2018-06,0.2465753424657534
fd589c_2019-04,0.3709677419354839
513080_2024-01,0.2465753424657534
0f9e86_2015-11,0.0
19fa84_2019-04,0.2465753424657534
513080_2024-07,0.3709677419354839
f4604d_2022-08,0.5588235294117647
6c1954_2020-03,0.020833333333333332
fd589c_2023-03,0.5588235294117647
510fbf_2022-06,0.045454545454545456
fd589c_2022-04,0.5
9befc8_2022-01,0.45454545454545453
513080_2022-07,0.06382978723404255
c5816f_2024-01,0.5588235294117647
c5816f_2024-03,0.5588235294117647
6c1954_2022-12,0.06741573033707865
19fa84_2018-02,0.045454545454545456
fd589c_2022-10,0.5588235294117647
fa8553_2025-07,0.3709677419354839
894378_2019-12,0.45454545454545453
780a0b_2024-02,0.5588235294117647
513080_2023-07,0.06741573033707865
513080_2023-09,0.06741573033707865
11f0e3_2020-10,0.45454545454545453
8fb6f0_2021-06,0.2465753424657534
e361b7_2024-03,0.8928571428571429
510fbf_2024-05,0.45454545454545453
531356_2022-09,0.45454545454545453
894378_2020-01,0.8928571428571429
e4bc80_2022-09,0.45454545454545453
bc4c03_2021-11,1.0
513080_2024-10,0.45454545454545453
9f1aa0_2017-06,0.3709677419354839
fa8553_2024-12,0.3709677419354839
8ec563_2020-12,0.8928571428571429
fd589c_2021-01,0.8928571428571429
510fbf_2024-11,0.2465753424657534
731908_2016-01,0.0
8fb6f0_2015-04,0.0
8fb6f0_2017-02,0.2465753424657534
bc4c03_2024-12,0.8928571428571429
731908_2014-12,0.0
bfbeef_2018-10,0.3709677419354839
894378_2019-11,0.45454545454545453
8ec563_2025-06,0.8928571428571429
fd589c_2024-10,0.7820763937369286
fd589c_2024-11,0.6744186046511629
e361b7_2023-04,0.5588235294117647
29849f_2022-05,0.8928571428571429
8ec563_2018-05,0.5588235294117647
e361b7_2019-08,0.45454545454545453
e361b7_2020-11,0.45454545454545453
e4bc80_2019-10,0.6744186046511629
9f1aa0_2019-04,0.3709677419354839
9f1aa0_2020-03,0.45454545454545453
731908_2019-11,0.5
894378_2022-08,0.3709677419354839
fd589c_2024-09,0.6744186046511629
e361b7_2018-04,0.06382978723404255
e4bc80_2018-12,0.3709677419354839
9af74c_2019-12,0.8928571428571429
fa8553_2025-02,0.3709677419354839
bfbeef_2022-10,0.5588235294117647
8ec563_2024-12,0.6744186046511629
19fa84_2019-06,0.3709677419354839
fd589c_2022-02,0.45454545454545453
780a0b_2019-09,0.45454545454545453
f4604d_2022-11,0.45454545454545453
513080_2022-04,0.020833333333333332
513080_2022-10,0.020833333333333332
9f1aa0_2018-05,0.2465753424657534
8ec563_2018-03,0.3709677419354839
e361b7_2022-11,0.5588235294117647
e361b7_2023-05,0.8928571428571429
9f1aa0_2022-07,0.5588235294117647
bfbeef_2017-02,0.3709677419354839
fd589c_2019-05,0.3709677419354839
c5816f_2021-11,0.45454545454545453
8ec563_2020-10,0.6744186046511629
8ec563_2021-05,0.8928571428571429
e4bc80_2021-02,0.5588235294117647
9f1aa0_2019-05,0.17142857142857143
bfbeef_2015-04,0.0
e361b7_2018-02,0.06382978723404255
9f1aa0_2019-01,0.2465753424657534
e361b7_2022-02,0.45454545454545453
fa8553_2024-02,0.45454545454545453
8fb6f0_2021-05,0.2465753424657534
c5816f_2021-09,0.5588235294117647
19fa84_2023-12,0.5588235294117647
510fbf_2023-04,0.020833333333333332
bfbeef_2023-08,0.8928571428571429
894378_2017-03,0.3709677419354839
894378_2021-02,0.5588235294117647
c5816f_2023-10,1.0
9af74c_2021-05,0.9411764705882353
513080_2025-03,0.5588235294117647
9f1aa0_2016-04,0.42857142857142855
0f9e86_2015-06,0.020833333333333332
fd589c_2024-12,0.8928571428571429
9af74c_2021-09,0.8928571428571429
fd589c_2025-01,0.8928571428571429
513080_2024-12,0.45454545454545453
8fb6f0_2014-08,0.020833333333333332
19fa84_2023-06,0.5588235294117647
731908_2024-09,0.45454545454545453
11f0e3_2018-10,0.06741573033707865
f1543b_2019-05,0.17142857142857143
99c11c_2020-10,0.2465753424657534
731908_2018-07,0.17142857142857143
8fb6f0_2023-02,0.5588235294117647
f500c5_2021-03,0.5588235294117647
87cfea_2022-12,0.42857142857142855
731908_2017-05,0.2465753424657534
f1543b_2025-02,0.6744186046511629
f1543b_2023-07,0.5588235294117647
b1de95_2015-01,0.06382978723404255
731908_2016-09,0.2465753424657534
731908_2021-08,0.2465753424657534
731908_2024-01,0.45454545454545453
780a0b_2020-04,0.8928571428571429
780a0b_2022-04,0.45454545454545453
fc9334_2019-12,0.45454545454545453
7bf5c9_2015-03,0.0
7bf5c9_2020-04,0.5588235294117647
83894c_2022-09,0.45454545454545453
87cfea_2022-07,0.45454545454545453
8fb6f0_2017-06,0.09504239691137786
f1543b_2025-04,0.827935209959374
83894c_2019-01,0.06741573033707865
731908_2025-07,0.45454545454545453
90abb1_2019-04,0.45454545454545453
8e41cf_2019-09,0.45454545454545453
8fb6f0_2016-12,0.17142857142857143
8fb6f0_2022-02,0.2465753424657534
e3af0e_2019-11,0.3709677419354839
b1de95_2015-03,0.06382978723404255
b59bc0_2015-11,0.0
0f9e86_2021-02,0.45454545454545453
1b9e65_2025-08,0.6744186046511629
731908_2017-02,0.17142857142857143
731908_2023-04,0.5588235294117647
731908_2024-04,0.5588235294117647
8fb6f0_2020-10,0.8928571428571429
0f9e86_2018-07,0.2465753424657534
7bf5c9_2024-03,0.5
f1543b_2023-09,0.6744186046511629
87cfea_2023-02,0.3802455323075162
731908_2025-08,0.6744186046511629
731908_2023-02,0.5
9befc8_2022-02,0.2465753424657534
7bf5c9_2020-12,0.45454545454545453
99c11c_2019-09,0.2465753424657534
11f0e3_2020-02,0.5588235294117647
8fb6f0_2017-05,0.06741573033707865
9befc8_2020-03,0.45454545454545453
7bf5c9_2018-03,0.07692307692307693
7bf5c9_2024-04,0.5588235294117647
92dcdd_2021-11,0.2465753424657534
87cfea_2022-01,0.3709677419354839
731908_2025-06,0.5588235294117647
11f0e3_2023-06,0.3709677419354839
b26809_2019-11,0.5588235294117647
87cfea_2020-07,0.45454545454545453
f1543b_2021-12,0.5214133015496781
f500c5_2021-08,0.5588235294117647
87cfea_2021-06,0.3709677419354839
f1543b_2018-06,0.17142857142857143
f500c5_2022-03,0.5588235294117647
f500c5_2025-02,0.5588235294117647
f1543b_2018-12,0.06741573033707865
87cfea_2025-06,0.5588235294117647
11f0e3_2024-05,0.5588235294117647
99c11c_2021-06,0.42857142857142855
11f0e3_2022-11,0.42857142857142855
780a0b_2020-06,0.871961056016473
7bf5c9_2023-03,0.45454545454545453
731908_2021-06,0.3709677419354839
780a0b_2018-09,0.12646864586531492
780a0b_2023-10,0.45454545454545453
f500c5_2020-01,0.2465753424657534
731908_2019-04,0.45454545454545453
11f0e3_2017-09,0.2465753424657534
fc9334_2023-02,0.6744186046511629
9befc8_2021-04,0.45454545454545453
f500c5_2023-07,0.5
b26809_2019-07,0.45454545454545453
9befc8_2025-03,0.6744186046511629
b73bc7_2014-05,0.045454545454545456
83894c_2025-01,0.45454545454545453
11f0e3_2018-03,0.14285714285714285
780a0b_2023-05,0.45454545454545453
7bf5c9_2024-07,0.8928571428571429
83894c_2020-04,0.2465753424657534
99c11c_2020-06,0.3709677419354839
731908_2023-01,0.45454545454545453
c5816f_2014-06,0.020833333333333332
e361b7_2014-05,0.06382978723404255
f461d4_2025-01,1.0
92dcdd_2025-02,0.8928571428571429
5a0174_2015-04,0.020833333333333332
894378_2018-09,0.3709677419354839
c5816f_2017-05,0.3709677419354839
fd589c_2015-03,0.020833333333333332
14fe3a_2024-05,0.5588235294117647
8005b9_2019-06,0.45454545454545453
1698cf_2018-04,0.0
8ec563_2018-07,0.5371983634338832
fd589c_2014-11,0.020833333333333332
60a0fd_2022-10,0.45454545454545453
e7a56d_2021-12,0.45454545454545453
8fabe0_2014-12,0.0
db4cd8_2014-03,0.0
5a0174_2022-08,0.6744186046511629
f461d4_2023-01,0.8928571428571429
fd589c_2017-10,0.45454545454545453
db4cd8_2023-05,0.8928571428571429
d59611_2022-06,0.5
6838b9_2019-09,0.0
894378_2016-02,0.020833333333333332
e7a56d_2016-04,0.020833333333333332
34889b_2019-06,0.45454545454545453
14fe3a_2021-07,0.8928571428571429
6224d0_2019-05,0.2465753424657534
34889b_2018-05,0.07692307692307693
987bc1_2018-02,0.020833333333333332
c5816f_2017-07,0.2957988639170997
6c1954_2022-02,0.2465753424657534
e361b7_2016-03,0.0
5a0174_2014-09,0.020833333333333332
14fe3a_2019-01,0.5588235294117647
9af74c_2022-08,0.8928571428571429
1698cf_2020-01,0.8928571428571429
77b3b9_2015-01,0.0
894378_2019-08,0.45454545454545453
19fa84_2015-08,0.0
18defd_2018-05,0.07692307692307693
c48018_2025-03,0.8928571428571429
4718d7_2022-03,0.8928571428571429
8005b9_2019-02,0.17142857142857143
8005b9_2021-08,0.8928571428571429
0874ee_2022-02,0.07692307692307693
19fa84_2020-12,0.45454545454545453
c48018_2024-12,0.8928571428571429
8fabe0_2024-04,0.6744186046511629
175155_2019-11,0.8928571428571429
fc77d0_2018-04,0.020833333333333332
77b3b9_2022-04,0.8928571428571429
e7a56d_2017-04,0.2465753424657534
e7a56d_2022-11,0.45454545454545453
18defd_2024-12,1.0
f461d4_2024-11,0.6744186046511629
259a19_2021-11,0.9411764705882353
d59611_2015-01,0.020833333333333332
14fe3a_2024-01,1.0
4fb2d3_2019-12,0.6666666666666666
1698cf_2018-05,0.06741573033707865
77b3b9_2019-09,0.45454545454545453
894378_2017-06,0.17142857142857143
e361b7_2017-10,0.2465753424657534
e361b7_2025-08,0.6744186046511629
e7a56d_2019-06,0.45454545454545453
c48018_2015-01,0.020833333333333332
b416b1_2024-07,0.8928571428571429
259a19_2023-04,0.8928571428571429
db4cd8_2017-08,0.3709677419354839
d59611_2024-08,0.8928571428571429
948a11_2023-12,0.3709677419354839
6f5e2b_2018-03,0.2465753424657534
fd589c_2016-07,0.3709677419354839
e4bc80_2017-06,0.3709677419354839
e4bc80_2017-08,0.45454545454545453
c48018_2023-03,0.2465753424657534
c48018_2025-05,0.8928571428571429
b416b1_2022-08,0.45454545454545453
14fe3a_2021-08,0.8928571428571429
34889b_2023-09,0.8928571428571429
c5816f_2015-03,0.020833333333333332
c48018_2014-11,0.020833333333333332
4718d7_2020-03,0.9411764705882353
b416b1_2018-05,0.041671927058646786
bc4c03_2019-04,0.45454545454545453
34889b_2019-11,0.5588235294117647
f4d28d_2024-07,0.06741573033707865
987bc1_2018-05,0.020833333333333332
c5816f_2017-06,0.3709677419354839
8fabe0_2025-02,0.8928571428571429
b416b1_2023-11,0.8928571428571429
4718d7_2022-10,0.5588235294117647
f461d4_2022-08,0.8928571428571429
1822ea_2017-04,0.5588235294117647
894378_2016-05,0.0
8ec563_2017-12,0.5588235294117647
4718d7_2020-01,0.9411764705882353
8fabe0_2019-12,0.8928571428571429
9af74c_2015-04,0.06741573033707865
f461d4_2018-10,0.45454545454545453
f461d4_2022-01,0.8928571428571429
9af74c_2023-05,0.8928571428571429
c5816f_2020-02,0.45454545454545453
e7a56d_2022-02,0.812924616278726
5a0174_2019-06,0.45454545454545453
b416b1_2019-11,0.45454545454545453
1698cf_2025-01,0.9411764705882353
4fb2d3_2018-01,0.2465753424657534
18defd_2019-12,0.5588235294117647
8fabe0_2015-01,0.0
6f5e2b_2025-01,0.8928571428571429
259a19_2018-12,0.3709677419354839
d59611_2024-09,0.5588235294117647
14fe3a_2025-06,0.45454545454545453
77b3b9_2021-07,0.6744186046511629
d59611_2022-01,0.8928571428571429
34889b_2018-04,0.045454545454545456
34889b_2024-05,0.8928571428571429
987bc1_2018-12,0.06741573033707865
894378_2015-01,0.0
bc4c03_2019-01,0.8928571428571429
a25664_2019-08,0.45454545454545453
e3af0e_2018-05,0.1011331805471547
c48018_2025-07,0.8928571428571429
5a0174_2025-02,0.6744186046511629
5a0174_2023-04,0.8928571428571429
c5816f_2016-08,0.3709677419354839
e4bc80_2017-11,0.45454545454545453
e7a56d_2025-03,0.8928571428571429
6f5e2b_2024-12,0.8928571428571429
d59611_2022-04,0.45454545454545453
d59611_2024-11,0.5212716354893887
14fe3a_2025-04,0.6744186046511629
06534f_2018-03,0.8928571428571429
6f5e2b_2015-01,0.0
f461d4_2014-09,0.045454545454545456
bc4c03_2020-03,1.0
e7a56d_2023-04,0.3709677419354839
c48018_2014-12,0.020833333333333332
d59611_2021-05,0.8928571428571429
259a19_2014-12,0.0
f4d28d_2024-11,0.06666666666666667
c5816f_2016-04,0.2465753424657534
fd589c_2014-07,0.020833333333333332
e7a56d_2024-05,1.0
18defd_2024-05,0.6744186046511629
4718d7_2018-06,0.06741573033707865
b416b1_2023-07,0.8928571428571429
f461d4_2014-03,0.020833333333333332
259a19_2018-05,0.06741573033707865
d59611_2024-12,0.5588235294117647
6f5e2b_2017-06,0.2465753424657534
1822ea_2019-07,0.5588235294117647
fd589c_2021-05,0.8928571428571429
90abb1_2024-09,0.8928571428571429
8005b9_2025-05,0.9411764705882353
db4cd8_2021-11,0.8928571428571429
d59611_2020-01,0.8928571428571429
375f2e_2019-07,0.2465753424657534
c5816f_2014-12,0.045454545454545456
c5816f_2019-07,0.850212071903448
e7a56d_2022-06,0.38461538461538464
c48018_2024-07,0.6744186046511629
f461d4_2022-03,0.9411764705882353
d59611_2019-05,0.45454545454545453
8005b9_2022-04,0.45454545454545453
b08ec1_2019-12,0.45454545454545453
06534f_2018-12,0.5588235294117647
259a19_2023-01,0.8928571428571429
1822ea_2023-06,0.6744186046511629
b08ec1_2023-10,0.9411764705882353
375f2e_2020-02,0.9411764705882353
edda84_2025-04,0.06382978723404255
8ec563_2014-07,0.0
fd589c_2014-04,0.020833333333333332
18defd_2024-10,1.0
34889b_2024-01,0.8928571428571429
8005b9_2023-08,0.8928571428571429
bf6f0d_2015-09,0.0
259a19_2022-06,0.5588235294117647
db4cd8_2023-04,0.9411764705882353
4f2b6b_2024-07,0.06741573033707865
4718d7_2025-06,0.45454545454545453
77e86b_2023-10,0.8928571428571429
7e646c_2024-08,0.06382978723404255
ab32d7_2023-05,0.0
74b7d1_2024-03,0.6744186046511629
7e646c_2024-11,0.2465753424657534
5ecf9b_2022-08,0.06382978723404255
6da35b_2023-08,0.06382978723404255
7e646c_2023-12,0.045454545454545456
6f5e2b_2023-12,0.9411764705882353
259a19_2023-11,0.8928571428571429
1698cf_2024-07,0.8928571428571429
6da35b_2023-06,0.045454545454545456
74b7d1_2022-08,0.45454545454545453
0ffc2d_2023-06,0.17142857142857143
7e646c_2022-10,0.020833333333333332
8fabe0_2023-11,0.8
0ffc2d_2023-05,0.2465753424657534
1698cf_2023-06,0.6744186046511629
8fabe0_2024-01,0.9411764705882353
11f0e3_2016-02,0.0
11f0e3_2018-06,0.2465753424657534
60a0fd_2018-06,0.45454545454545453
0ffc2d_2024-05,0.5588235294117647
6f5e2b_2024-08,0.5588235294117647
11f0e3_2016-05,0.0
9befc8_2018-06,0.2465753424657534
77e86b_2025-03,0.6744186046511629
259a19_2024-03,0.9411764705882353
5ecf9b_2023-05,0.0
5a0174_2024-03,1.0
9befc8_2017-12,0.07692307692307693
0ffc2d_2020-07,0.0
6da35b_2023-12,0.06382978723404255
7e646c_2023-06,0.045454545454545456
9befc8_2018-08,0.3709677419354839
11f0e3_2017-10,0.2465753424657534
0f9e86_2015-12,0.0
b0ff51_2019-12,0.9411764705882353
b59bc0_2022-04,0.8928571428571429
99c11c_2023-10,0.45454545454545453
0874ee_2014-12,0.020833333333333332
8d0588_2019-07,0.5588235294117647
0cecbd_2019-09,0.45454545454545453
439fde_2019-07,0.3709677419354839
8d0588_2020-06,0.9411764705882353
8d0588_2022-12,0.6744186046511629
8d0588_2025-02,0.8928571428571429
b59bc0_2015-04,0.06741573033707865
0cecbd_2018-02,0.06382978723404255
8d0588_2018-08,0.8928571428571429
b59bc0_2020-06,1.0
8005b9_2022-02,0.5588235294117647
b0ff51_2019-02,0.6738274979433158
99c11c_2024-08,0.45454545454545453
b59bc0_2023-06,0.6744186046511629
99c11c_2018-01,0.0
b59bc0_2016-06,0.5588235294117647
b59bc0_2020-12,0.8928571428571429
b0ff51_2021-06,0.8928571428571429
8d0588_2024-08,0.8928571428571429
b59bc0_2021-02,0.8928571428571429
0874ee_2014-09,0.020833333333333332
8d0588_2019-03,0.6744186046511629
b59bc0_2016-08,0.5588235294117647
b0ff51_2021-01,0.8928571428571429
77e86b_2025-05,0.9411764705882353
b59bc0_2021-05,0.9411764705882353
b0ff51_2019-09,0.5588235294117647
439fde_2019-12,0.5588235294117647
74b7d1_2019-04,0.2465753424657534
8005b9_2019-11,0.5588235294117647
b59bc0_2018-06,0.5588235294117647
b0ff51_2018-12,0.5841491633923078
439fde_2014-12,0.06382978723404255
439fde_2020-12,0.8928571428571429
8d0588_2017-02,0.5588235294117647
b0ff51_2018-04,0.5588235294117647
8d0588_2023-01,0.8928571428571429
8d0588_2021-05,0.9411764705882353
b0ff51_2015-02,0.06382978723404255
8d0588_2024-05,0.8928571428571429
b0ff51_2017-05,0.5588235294117647
b0ff51_2024-10,0.8928571428571429
b0ff51_2024-06,1.0
83894c_2018-04,0.06741573033707865
b59bc0_2014-10,0.045454545454545456
b0ff51_2023-05,0.8928571428571429
8d0588_2014-12,0.045454545454545456
8d0588_2020-10,0.8928571428571429
34889b_2020-02,0.5
99c11c_2019-10,0.06741573033707865
b644ac_2024-03,0.06741573033707865
34889b_2022-11,0.45454545454545453
8005b9_2020-03,0.8928571428571429
dc4b5e_2022-09,0.10478394421774707
b416b1_2020-02,0.6744186046511629
87cfea_2017-02,0.0
a25664_2018-02,0.06666666666666667
d59611_2023-02,0.5588235294117647
987bc1_2024-09,0.8928571428571429
e60b65_2024-02,0.8
175155_2020-12,0.8928571428571429
175155_2021-02,0.8928571428571429
5a0174_2021-05,1.0
a25664_2015-03,0.0
fc77d0_2020-08,0.5
175155_2019-10,0.45454545454545453
6224d0_2020-09,0.6744186046511629
fb737b_2022-10,0.3709677419354839
8fabe0_2021-07,0.9411764705882353
259a19_2022-01,0.9411764705882353
259a19_2022-05,0.8928571428571429
a42d13_2021-07,0.8928571428571429
5a0174_2023-08,0.8928571428571429
8fabe0_2022-09,0.8928571428571429
532867_2024-07,0.020833333333333332
e60b65_2017-04,0.45454545454545453
e60b65_2018-06,0.06741573033707865
a42d13_2019-07,0.6666666666666666
a42d13_2023-01,0.8928571428571429
a42d13_2024-09,0.45454545454545453
987bc1_2019-03,0.3813268802216405
175155_2020-09,0.5588235294117647
175155_2023-09,0.6744186046511629
259a19_2019-09,0.6744186046511629
8b98f3_2025-03,0.3709677419354839
175155_2023-05,0.6744186046511629
6838b9_2024-03,0.8928571428571429
4718d7_2023-08,0.8928571428571429
8b98f3_2024-06,0.2465753424657534
f25ffe_2023-10,0.07692307692307693
0874ee_2019-08,0.3709677419354839
6224d0_2022-06,0.5588235294117647
6224d0_2024-11,1.0
175155_2025-06,0.8928571428571429
a42d13_2018-02,0.3709677419354839
a42d13_2022-12,0.8928571428571429
34889b_2014-05,0.0
1698cf_2021-09,0.8928571428571429
1698cf_2023-05,0.8928571428571429
4718d7_2017-04,0.06741573033707865
4f2b6b_2023-09,0.0
175155_2022-04,0.5588235294117647
a42d13_2024-12,1.0
7199cf_2024-01,0.06741573033707865
fb737b_2022-02,0.2465753424657534
c3a69f_2017-09,0.17142857142857143
0874ee_2018-10,0.45454545454545453
1698cf_2024-06,0.6744186046511629
f461d4_2019-12,0.8928571428571429
6838b9_2023-04,0.8928571428571429
9b46ed_2021-08,0.5588235294117647
8b98f3_2025-06,0.2465753424657534
987bc1_2018-03,0.17142857142857143
77e86b_2024-09,0.8928571428571429
175155_2020-08,0.5
a42d13_2019-05,0.8928571428571429
f25ffe_2025-08,0.3709677419354839
4fb2d3_2022-09,0.45454545454545453
4fb2d3_2024-10,0.8928571428571429
6224d0_2025-03,0.8928571428571429
a25664_2024-06,0.8928571428571429
f25ffe_2024-06,0.020833333333333332
0874ee_2018-02,0.045454545454545456
175155_2019-04,0.3709677419354839
a42d13_2019-11,0.6744186046511629
532867_2025-08,0.020833333333333332
ab32d7_2025-06,0.2465753424657534
0ffc2d_2021-02,0.045454545454545456
0874ee_2017-04,0.3709677419354839
6224d0_2024-10,0.8928571428571429
1822ea_2022-01,1.0
92dcdd_2024-10,0.8928571428571429
8fabe0_2020-02,0.6744186046511629
a25664_2022-11,0.8928571428571429
b644ac_2024-12,0.020833333333333332
6f5e2b_2022-08,0.6744186046511629
92dcdd_2024-06,0.6744186046511629
0874ee_2021-11,0.45454545454545453
1b9e65_2024-09,0.5588235294117647
fc77d0_2025-08,0.8
a42d13_2019-10,0.6744186046511629
cd0e60_2023-02,0.045454545454545456
439fde_2019-02,0.17142857142857143
db5006_2024-11,0.8928571428571429
a42d13_2021-06,0.8928571428571429
9af74c_2014-09,0.045454545454545456
4fb2d3_2014-07,0.06666666666666667
db4cd8_2025-07,0.8928571428571429
94f933_2024-03,0.0
175155_2022-05,0.5588235294117647
175155_2022-09,0.45454545454545453
14fe3a_2017-02,0.2465753424657534
987bc1_2023-09,0.6744186046511629
4718d7_2023-04,0.6744186046511629
8fabe0_2022-05,1.0
175155_2023-01,0.9411764705882353
e60b65_2023-05,0.45454545454545453
259a19_2018-01,0.3709677419354839
a25664_2021-03,0.8928571428571429
ab32d7_2025-02,0.17142857142857143
29849f_2023-08,0.9411764705882353
f461d4_2023-05,0.8928571428571429
5ecf9b_2022-09,0.045454545454545456
0874ee_2018-11,0.45454545454545453
0e8d73_2023-10,0.0
a42d13_2023-06,0.45454545454545453
a42d13_2024-10,0.6744186046511629
4718d7_2022-05,0.8928571428571429
8fabe0_2020-09,0.8928571428571429
8b98f3_2025-02,0.06741573033707865
0ffc2d_2023-02,0.020833333333333332
fc77d0_2024-12,1.0
1698cf_2021-08,0.8928571428571429
5a0174_2023-09,0.8928571428571429
77e86b_2024-10,1.0
ab32d7_2024-07,0.2465753424657534
6838b9_2023-05,0.5588235294117647
e60b65_2024-08,0.45454545454545453
8fabe0_2021-01,0.8928571428571429
6f5e2b_2024-07,0.5588235294117647
a25664_2016-08,0.0
c48018_2023-12,0.45454545454545453
8b98f3_2025-04,0.2465753424657534
532867_2025-06,0.020833333333333332
77b3b9_2022-11,0.8928571428571429
bf6f0d_2019-02,0.17142857142857143
6f5e2b_2016-03,0.06487377879108387
b416b1_2019-04,0.3709677419354839
b08ec1_2019-01,0.45454545454545453
375f2e_2025-08,0.8928571428571429
948a11_2024-10,0.5588235294117647
b08ec1_2014-10,0.020833333333333332
bf6f0d_2018-02,0.06741573033707865
948a11_2023-09,0.0
948a11_2024-11,0.6666666666666666
9befc8_2024-01,0.8928571428571429
1b9e65_2023-12,0.5588235294117647
1822ea_2022-06,0.8928571428571429
77b3b9_2025-03,1.0
bf6f0d_2018-03,0.3709677419354839
5a0174_2021-08,0.8928571428571429
e7a56d_2021-10,0.8928571428571429
8005b9_2024-02,0.8928571428571429
77b3b9_2022-05,0.5588235294117647
bf6f0d_2019-03,0.45454545454545453
9befc8_2024-09,0.5588235294117647
6224d0_2014-07,0.06382978723404255
4f2b6b_2023-11,0.0
bf6f0d_2024-03,0.8574963382536908
6838b9_2024-07,0.5588235294117647
90abb1_2019-09,0.45454545454545453
375f2e_2021-09,0.6744186046511629
948a11_2022-04,0.0
77b3b9_2021-05,0.8928571428571429
375f2e_2022-03,1.0
bf6f0d_2023-03,0.8928571428571429
731908_2022-05,0.45454545454545453
1822ea_2024-07,0.8928571428571429
fb737b_2021-11,0.3709677419354839
e60b65_2016-08,0.38461538461538464
1822ea_2021-04,1.0
e60b65_2016-06,0.45454545454545453
1996b0_2025-03,0.5
4ee2d2_2024-09,0.0
bf6f0d_2019-01,0.45454545454545453
1822ea_2023-02,0.5588235294117647
e60b65_2016-12,0.3709677419354839
1822ea_2017-06,0.45454545454545453
6f5e2b_2016-04,0.06741573033707865
c48018_2015-04,0.06741573033707865
90abb1_2022-05,0.6744186046511629
29849f_2025-07,0.8928571428571429
531356_2025-06,0.8928571428571429
987bc1_2016-03,0.0
545d15_2019-11,0.0
7a007d_2024-09,0.5588235294117647
e83244_2020-06,0.8928571428571429
db5006_2020-12,0.8928571428571429
db5006_2021-10,0.8928571428571429
b73bc7_2018-01,0.6744186046511629
531356_2023-07,0.8928571428571429
e83244_2021-12,0.9411764705882353
29849f_2023-01,0.45454545454545453
e2314a_2018-09,0.2465753424657534
e2314a_2019-04,0.45454545454545453
0cecbd_2019-01,0.06741573033707865
7a007d_2018-06,0.13636258838743823
c580aa_2024-01,1.0
b1de95_2025-08,1.0
f4604d_2023-02,0.45454545454545453
531356_2022-12,0.45454545454545453
531356_2024-05,0.8928571428571429
1b9e65_2021-12,0.8928571428571429
e83244_2023-03,0.6744186046511629
e3af0e_2014-09,0.045454545454545456
7a007d_2018-01,0.45454545454545453
3db670_2024-04,1.0
f4604d_2024-08,0.8928571428571429
531356_2020-03,0.9411764705882353
60a0fd_2015-04,0.020833333333333332
1b9e65_2017-11,0.3709677419354839
829a72_2015-04,0.0
0cecbd_2018-06,0.3709677419354839
b1de95_2025-02,1.0
f4604d_2024-02,0.8928571428571429
0cecbd_2020-10,0.9411764705882353
0cecbd_2023-07,0.6744186046511629
1b9e65_2018-08,0.2465753424657534
06534f_2024-03,1.0
0cecbd_2023-09,0.45454545454545453
0cecbd_2024-04,0.5588235294117647
b73bc7_2024-10,1.0
545d15_2018-10,0.0
531356_2018-04,0.020833333333333332
e83244_2016-01,0.0
e83244_2016-02,0.0
db5006_2022-03,0.6744186046511629
3a13b3_2023-07,1.0
1b9e65_2021-06,0.8928571428571429
1b9e65_2023-02,0.3709677419354839
af81b0_2019-04,0.3709677419354839
e2314a_2023-05,0.8928571428571429
b1de95_2025-05,0.8928571428571429
e3af0e_2014-11,0.020833333333333332
98a151_2015-04,0.020833333333333332
3a13b3_2024-12,1.0
f4604d_2023-05,0.45454545454545453
1b9e65_2023-08,1.0
7a007d_2024-11,0.45454545454545453
e83244_2022-09,0.9411764705882353
3db670_2023-09,1.0
3a13b3_2018-02,0.2465753424657534
e83244_2020-10,0.8928571428571429
06534f_2023-08,1.0
e2314a_2015-06,0.020833333333333332
b1de95_2020-03,1.0
db5006_2019-11,0.38461538461538464
175155_2024-09,0.8928571428571429
987bc1_2021-04,0.8928571428571429
545d15_2019-09,0.0
e83244_2015-07,0.06666666666666667
e83244_2018-01,0.2465753424657534
c580aa_2025-02,0.8928571428571429
3db670_2023-06,1.0
f4604d_2023-07,0.6744186046511629
0cecbd_2022-07,0.5588235294117647
0cecbd_2024-10,1.0
7bf5c9_2019-01,0.2465753424657534
c580aa_2023-06,0.9978692976805665
db5006_2023-10,1.0
b73bc7_2023-08,1.0
1b9e65_2015-01,0.06382978723404255
1b9e65_2019-08,0.5588235294117647
e2314a_2015-03,0.0
e83244_2017-10,0.2465753424657534
3db670_2018-05,0.3709677419354839
db5006_2021-04,0.506496674011317
b73bc7_2025-08,1.0
f4604d_2018-12,0.06741573033707865
531356_2019-04,0.2465753424657534
0cecbd_2025-03,0.9411764705882353
db5006_2025-03,0.6744186046511629
29849f_2019-04,0.2465753424657534
e83244_2017-04,0.06741573033707865
e83244_2022-08,0.9411764705882353
e3af0e_2018-03,0.3709677419354839
c580aa_2020-03,1.0
29849f_2024-02,0.8796298731605054
e2314a_2018-06,0.07692307692307693
7bf5c9_2019-11,0.45454545454545453
db5006_2019-06,0.45454545454545453
b73bc7_2020-02,0.8928571428571429
e2314a_2024-08,0.8928571428571429
e2314a_2024-12,0.8928571428571429
0cecbd_2019-06,0.42857142857142855
0cecbd_2022-04,0.6744186046511629
0cecbd_2024-03,0.8928571428571429
f1543b_2017-10,0.2465753424657534
e83244_2015-11,0.0
e83244_2017-01,0.06741573033707865
e83244_2019-04,0.5783764514169788
06534f_2024-01,0.8928571428571429
06534f_2025-05,0.8928571428571429
b73bc7_2015-09,0.0
db5006_2023-12,0.6744186046511629
29849f_2024-04,0.6744186046511629
f4604d_2019-01,0.06741573033707865
f4604d_2023-01,0.45454545454545453
e83244_2019-01,0.06741573033707865
7a007d_2019-03,0.14285714285714285
db5006_2015-07,0.0
3a13b3_2025-01,1.0
0cecbd_2025-01,0.8928571428571429
7bf5c9_2019-12,0.3709677419354839
3a13b3_2018-05,0.2465753424657534
1b9e65_2024-04,0.6744186046511629
e2314a_2017-03,0.06741573033707865
0cecbd_2024-07,0.8928571428571429
7a007d_2018-04,0.06741573033707865
e2314a_2016-11,0.08091919889038189
e2314a_2022-03,1.0
531356_2015-11,0.0
b73bc7_2019-12,1.0
7e646c_2024-07,0.045454545454545456
022433_2021-08,0.0
f4604d_2018-04,0.020833333333333332
c5816f_2017-12,0.45454545454545453
780a0b_2018-08,0.2465753424657534
022433_2021-02,0.06382978723404255
c580aa_2019-04,0.8928571428571429
29849f_2019-06,0.2465753424657534
af81b0_2019-05,0.3709677419354839
af81b0_2023-03,0.37975769192466874
c580aa_2018-02,0.5588235294117647
531356_2018-03,0.06741573033707865
829a72_2019-06,0.3709677419354839
7e646c_2024-10,0.2465753424657534
94f933_2025-04,0.07692307692307693
29849f_2018-06,0.07682916928033291
b73bc7_2020-01,0.8928571428571429
022433_2024-06,0.2465753424657534
3db670_2018-04,0.38461538461538464
29849f_2018-11,0.45454545454545453
98a151_2024-12,0.8928571428571429
bf6f0d_2019-06,0.3709677419354839
c48018_2015-11,0.0
34889b_2023-02,0.3709677419354839
b07578_2025-08,0.07692307692307693
1bdb97_2025-08,0.06741573033707865
6224d0_2024-12,0.8928571428571429
e60b65_2025-07,0.8
531356_2021-11,0.8928571428571429
375f2e_2022-11,0.8928571428571429
b416b1_2015-04,0.020833333333333332
531356_2020-08,0.8928571428571429
1822ea_2016-10,0.06741573033707865
bc4c03_2017-01,0.38461538461538464
af81b0_2014-08,0.0
7199cf_2023-09,0.06741573033707865
bf6f0d_2014-05,0.020833333333333332
bf6f0d_2015-01,0.0
439fde_2015-04,0.06666666666666667
b07578_2025-02,0.06741573033707865
6f5e2b_2018-07,0.45454545454545453
531356_2017-10,0.2465753424657534
af81b0_2014-04,0.0
4fb2d3_2014-11,0.020833333333333332
7199cf_2025-06,0.3709677419354839
e83244_2022-12,0.9411764705882353
8005b9_2017-04,0.5588235294117647
bf6f0d_2021-12,0.8928571428571429
f4604d_2021-02,0.8928571428571429
531356_2020-11,0.8928571428571429
1b9e65_2016-05,0.020833333333333332
1822ea_2018-01,0.2465753424657534
948a11_2022-03,0.0
948a11_2023-04,0.0
b416b1_2017-11,0.3709677419354839
5a0174_2020-10,0.8928571428571429
f4604d_2021-06,0.8928571428571429
a97df3_2025-07,0.8928571428571429
b1de95_2025-04,0.8928571428571429
375f2e_2024-07,1.0
77b3b9_2025-08,0.8928571428571429
531356_2021-03,0.8928571428571429
e2314a_2022-10,1.0
1822ea_2020-01,0.9411764705882353
f4604d_2021-03,0.8928571428571429
1b9e65_2016-03,0.045454545454545456
99c11c_2017-09,0.0
29849f_2017-09,0.45454545454545453
b73bc7_2022-12,1.0
bf6f0d_2014-09,0.06741573033707865
bf6f0d_2024-10,0.8928571428571429
f4604d_2020-04,0.8928571428571429
f4604d_2022-02,0.8928571428571429
1b9e65_2016-01,0.06690693039622864
06534f_2024-04,0.8928571428571429
8005b9_2017-10,0.45454545454545453
bf6f0d_2018-08,0.45454545454545453
bf6f0d_2020-09,0.8928571428571429
dc4b5e_2024-07,0.8928571428571429
bf6f0d_2022-10,0.5331755314803506
f4604d_2016-07,0.0
375f2e_2024-04,0.6744186046511629
1822ea_2017-02,0.45454545454545453
bf6f0d_2022-02,0.9411764705882353
e60b65_2023-08,0.45454545454545453
29849f_2021-02,0.8928571428571429
29849f_2016-07,0.06666666666666667
b07578_2025-03,0.06741573033707865
293190_2020-03,0.6744186046511629
293190_2020-11,0.45454545454545453
b08ec1_2014-09,0.045454545454545456
4fb2d3_2016-12,0.10296082195810492
db4cd8_2024-08,0.5588235294117647
92dcdd_2023-02,0.6744186046511629
2ab8ad_2019-09,0.06741573033707865
c5df88_2025-03,0.8928571428571429
dc4b5e_2019-07,0.045454545454545456
293190_2015-08,0.0
2ab8ad_2018-11,0.45454545454545453
e3af0e_2023-06,0.8928571428571429
9b46ed_2015-06,0.0
293190_2015-06,0.0
293190_2019-09,0.2465753424657534
e2e0ce_2016-11,0.2465753424657534
e2e0ce_2020-07,0.45454545454545453
92dcdd_2022-11,0.6744186046511629
9b46ed_2017-08,0.45454545454545453
a42d13_2024-07,0.45454545454545453
c5df88_2024-06,0.8928571428571429
cd0e60_2022-01,0.45454545454545453
bc4c03_2014-10,0.06741573033707865
98a151_2019-02,0.3709677419354839
60a0fd_2020-03,0.8928571428571429
c5df88_2026-05,0.8928571428571429
c5df88_2019-09,0.17142857142857143
6838b9_2022-01,0.45454545454545453
2ab8ad_2020-11,0.8928571428571429
9b46ed_2017-01,0.3709677419354839
9b46ed_2018-10,0.3709677419354839
2ab8ad_2025-03,0.9539523888201913
c5df88_2020-09,0.8928571428571429
90abb1_2015-01,0.020833333333333332
b07578_2025-01,0.06741573033707865
987bc1_2018-01,0.06741573033707865
c5df88_2025-10,0.8928571428571429
b08ec1_2016-12,0.2465753424657534
1bdb97_2023-12,0.45454545454545453
4718d7_2020-06,0.8928571428571429
829a72_2022-11,0.45454545454545453
60a0fd_2021-08,1.0
9b46ed_2020-02,0.5588235294117647
74fb1f_2017-05,0.3709677419354839
375f2e_2018-07,0.2465753424657534
5a0174_2020-11,0.8928571428571429
f1543b_2014-04,0.045454545454545456
90abb1_2023-09,0.8
9b46ed_2016-04,0.0
3db670_2019-05,0.6744186046511629
06534f_2019-08,0.5588235294117647
0e8d73_2024-10,0.045454545454545456
c5df88_2020-12,0.5
c580aa_2014-04,0.045454545454545456
b73bc7_2014-06,0.0
db4cd8_2025-01,0.8928571428571429
c5df88_2025-07,0.8928571428571429
88a9a6_2017-06,0.3709677419354839
e2e0ce_2019-07,0.2465753424657534
9b46ed_2021-01,0.8928571428571429
2ab8ad_2020-10,0.5348730452032892
6838b9_2022-03,0.45454545454545453
98a151_2024-02,0.6744186046511629
293190_2025-06,0.8928571428571429
88a9a6_2020-03,0.45454545454545453
cd0e60_2020-11,0.020833333333333332
1996b0_2023-05,0.0
11f0e3_2015-03,0.0
dc4b5e_2022-06,0.45454545454545453
1996b0_2024-05,0.0
8b98f3_2024-10,0.2465753424657534
dc4b5e_2019-12,0.045454545454545456
60a0fd_2021-03,0.8928571428571429
1996b0_2023-01,0.0
e361b7_2015-10,0.0
f500c5_2022-01,0.5588235294117647
1822ea_2022-03,1.0
f1543b_2020-03,0.42857142857142855
b1de95_2014-09,0.06741573033707865
e2314a_2020-06,0.8928571428571429
fc77d0_2014-05,0.0
b73bc7_2019-02,0.5588235294117647
fb34b4_2023-05,0.020833333333333332
b1de95_2019-09,0.8928571428571429
6224d0_2015-01,0.0
e7a56d_2021-08,0.8928571428571429
92dcdd_2021-10,0.2465753424657534
06534f_2016-05,0.0
b73bc7_2023-10,1.0
9af74c_2015-12,0.020833333333333332
0f9e86_2014-09,0.0
fb34b4_2025-03,0.45454545454545453
175155_2021-05,0.8928571428571429
6838b9_2025-06,0.6744186046511629
7bf5c9_2021-05,0.6744186046511629
9af74c_2016-02,0.020833333333333332
3db670_2023-08,1.0
f1543b_2019-08,0.3709677419354839
06534f_2015-07,0.0
06534f_2016-01,0.0
f1543b_2023-12,0.45454545454545453
f1543b_2020-10,0.45454545454545453
c580aa_2023-01,1.0
74fb1f_2015-10,0.0
8005b9_2020-11,1.0
375f2e_2015-02,0.0
fb737b_2025-07,0.6744186046511629
bc4c03_2016-01,0.0
4718d7_2015-12,0.0
c580aa_2024-09,1.0
f1543b_2021-09,0.9411764705882353
8005b9_2017-05,0.6744186046511629
bc4c03_2015-08,0.020833333333333332
7a007d_2023-01,0.8928571428571429
b1de95_2015-07,0.0
987bc1_2022-11,0.9411764705882353
987bc1_2016-05,0.020833333333333332
b644ac_2024-07,0.045454545454545456
7a007d_2016-03,0.020833333333333332
b08ec1_2015-09,0.0
fb737b_2024-09,0.45454545454545453
7a007d_2021-10,0.8928571428571429
f1543b_2022-06,0.8928571428571429
b73bc7_2017-08,0.45454545454545453
4ee2d2_2025-08,0.0
7a007d_2017-10,0.3709677419354839
7a007d_2020-10,0.6744186046511629
77b3b9_2023-11,1.0
bc4c03_2015-01,0.06382978723404255
9af74c_2017-03,0.45454545454545453
bc4c03_2014-11,0.06666666666666667
7a007d_2020-09,0.5588235294117647
0e8d73_2023-08,0.0
74b7d1_2016-11,0.07692307692307693
c580aa_2017-08,0.6666666666666666
7a007d_2017-05,0.3709677419354839
74b7d1_2017-12,0.07692307692307693
18defd_2017-11,0.07692307692307693
c0f884_2025-06,0.06382978723404255
4718d7_2020-09,0.8928571428571429
7a007d_2022-01,0.8928571428571429
7a007d_2021-08,0.8928571428571429
375f2e_2015-05,0.0
a42d13_2016-05,0.2465753424657534
dc4b5e_2024-04,0.6744186046511629
bf6f0d_2015-07,0.020833333333333332
7a007d_2023-04,0.8928571428571429
b59bc0_2017-11,0.5588235294117647
b59bc0_2018-11,0.8928571428571429
375f2e_2021-03,1.0
8d0588_2017-11,0.8928571428571429
a25664_2019-09,0.3709677419354839
3db670_2025-06,1.0
06534f_2022-12,1.0
b0ff51_2015-08,0.045454545454545456
5a0174_2017-07,0.45454545454545453
bf6f0d_2021-02,0.8928571428571429
8e41cf_2020-07,0.6883927026176188
bf6f0d_2021-01,0.6744186046511629
edda84_2025-01,0.0
e7a56d_2021-03,0.8928571428571429
bf6f0d_2020-12,0.6744186046511629
3a13b3_2018-11,0.8928571428571429
bf6f0d_2020-04,0.8928571428571429
c3a69f_2017-04,0.06741573033707865
3a13b3_2023-06,1.0
1822ea_2022-11,1.0
af81b0_2023-02,0.3709677419354839
a25664_2018-08,0.3709677419354839
af81b0_2025-07,0.8928571428571429
af81b0_2015-08,0.0
fc77d0_2020-05,0.8928571428571429
fc77d0_2015-12,0.0
bc4c03_2018-10,0.45454545454545453
92dcdd_2021-06,0.3709677419354839
8fabe0_2017-05,0.3709677419354839
fb737b_2024-01,0.6744186046511629
90abb1_2022-02,1.0
dc4b5e_2023-10,0.45454545454545453
fc77d0_2021-03,0.8928571428571429
4ee2d2_2023-12,0.06666666666666667
af81b0_2017-04,0.3709677419354839
4ee2d2_2023-11,0.020833333333333332
c3a69f_2017-05,0.37720403007404163
fc77d0_2020-04,0.8928571428571429
6224d0_2018-01,0.17142857142857143
fb34b4_2022-05,0.06741573033707865
a25664_2017-03,0.3709677419354839
259a19_2022-02,1.0
0cecbd_2016-01,0.0
f461d4_2021-02,0.8928571428571429
4718d7_2017-07,0.06741573033707865
e3af0e_2017-05,0.07452648234511697
987bc1_2017-08,0.2465753424657534
4fb2d3_2017-04,0.2465753424657534
1698cf_2017-12,0.2465753424657534
fc77d0_2017-03,0.5588235294117647
6c1954_2021-01,0.07692307692307693
b08ec1_2018-07,0.38461538461538464
db5006_2016-12,0.3709677419354839
d59611_2020-07,0.8928571428571429
8fabe0_2016-01,0.0
375f2e_2017-07,0.3709677419354839
af81b0_2024-01,0.8513739673707778
fb737b_2025-09,0.8928571428571429
510fbf_2025-07,0.5103857396351421
b416b1_2015-11,0.020833333333333332
af81b0_2016-02,0.0
b416b1_2015-10,0.020833333333333332
af81b0_2015-07,0.0
429b22_2025-08,0.020833333333333332
b08ec1_2017-06,0.2465753424657534
bc4c03_2017-08,0.12341692301909606
19fa84_2015-09,0.020833333333333332
4fb2d3_2018-09,0.2465753424657534
cd0e60_2024-04,0.5202745281903584
3db670_2016-03,0.0
2ab8ad_2017-07,0.38461538461538464
c3a69f_2017-03,0.17142857142857143
cd0e60_2024-11,0.5588235294117647
7aa803_2015-11,0.0
cd0e60_2023-06,0.2465753424657534
cd0e60_2025-04,0.8928571428571429
cd0e60_2025-01,0.6744186046511629
c5816f_2020-04,0.9589855402779348
e2e0ce_2018-07,0.45454545454545453
8005b9_2016-02,0.06666666666666667
34889b_2021-04,0.8928571428571429
74b7d1_2015-07,0.0
4718d7_2015-06,0.020833333333333332
34889b_2021-05,0.8928571428571429
7bf5c9_2017-11,0.07692307692307693
8005b9_2016-03,0.06741573033707865
6224d0_2017-03,0.06741573033707865
7bf5c9_2017-09,0.17142857142857143
375f2e_2016-07,0.0
8005b9_2016-08,0.07692307692307693
6838b9_2020-11,0.17142857142857143
293190_2015-05,0.06382978723404255
a42d13_2017-03,0.45454545454545453
19fa84_2015-10,0.0
fc77d0_2016-09,0.45454545454545453
1996b0_2022-10,0.06382978723404255
bf6f0d_2016-07,0.38461538461538464
6838b9_2021-05,0.45454545454545453
dc4b5e_2020-01,0.0
0e8d73_2023-03,0.06666666666666667
175155_2015-06,0.045454545454545456
60a0fd_2017-12,0.45454545454545453
b416b1_2015-06,0.0
0874ee_2017-01,0.5588235294117647
34889b_2017-11,0.3709677419354839
b08ec1_2020-07,0.8928571428571429
b416b1_2016-12,0.2465753424657534
b08ec1_2020-09,0.8928571428571429
b08ec1_2016-06,0.2465753424657534
9b46ed_2016-09,0.020833333333333332
a25664_2015-09,0.020833333333333332
c5df88_2018-07,0.2465753424657534
b08ec1_2020-08,0.8928571428571429
34889b_2020-05,0.8928571428571429
2ab8ad_2017-11,0.38461538461538464
b08ec1_2017-11,0.2465753424657534
dc4b5e_2020-07,0.06382978723404255
34889b_2020-10,0.8928571428571429
2ab8ad_2017-08,0.3709677419354839
34889b_2017-03,0.45454545454545453
a25664_2015-12,0.0
af81b0_2017-11,0.42857142857142855
3a13b3_2020-08,0.9411764705882353
3db670_2020-12,1.0
b73bc7_2021-07,1.0
259a19_2016-10,0.45454545454545453
3db670_2016-07,0.020833333333333332
3db670_2022-10,1.0
3db670_2020-11,1.0
3a13b3_2020-06,1.0
b1de95_2018-09,0.8928571428571429
b1de95_2020-10,1.0
74b7d1_2016-02,0.0
0cecbd_2016-07,0.0
3db670_2022-03,0.9411764705882353
fc77d0_2016-02,0.0
1698cf_2018-11,0.3709677419354839
a97df3_2021-03,0.45454545454545453
a97df3_2020-12,0.045454545454545456
894378_2017-09,0.45454545454545453
4718d7_2016-09,0.3709677419354839
99c11c_2018-09,0.06741573033707865
99c11c_2019-03,0.2465753424657534
b73bc7_2017-10,0.8
99c11c_2018-07,0.3709677419354839
e7a56d_2016-01,0.020833333333333332
8ec563_2020-04,0.8928571428571429
8ec563_2020-07,0.8928571428571429
0cecbd_2018-07,0.45454545454545453
1698cf_2017-09,0.2465753424657534
829a72_2020-06,0.8928571428571429
e3af0e_2015-11,0.06382978723404255
e4bc80_2018-08,0.5588235294117647
db4cd8_2016-04,0.06741573033707865
b1de95_2021-02,1.0
b1de95_2021-05,0.9411764705882353
98a151_2015-05,0.0
b73bc7_2022-09,1.0
b73bc7_2022-07,1.0
0874ee_2017-12,0.2465753424657534
c580aa_2022-04,1.0
9f1aa0_2018-09,0.45454545454545453
bf6f0d_2016-01,0.020833333333333332
af81b0_2022-04,0.8928571428571429
af81b0_2020-10,0.8928571428571429
af81b0_2022-02,0.8928571428571429
af81b0_2021-02,0.8928571428571429
c580aa_2018-10,0.8928571428571429
e7a56d_2014-12,0.020833333333333332
b1de95_2017-10,0.5588235294117647
e7a56d_2020-07,0.8928571428571429
18defd_2015-11,0.045454545454545456
e7a56d_2020-04,0.8928571428571429
259a19_2016-06,0.45454545454545453
18defd_2022-01,0.5588235294117647
e7a56d_2017-10,0.2465753424657534
c48018_2020-07,0.8928571428571429
c48018_2021-05,0.5588235294117647
e7a56d_2021-02,0.8928571428571429
c580aa_2017-11,0.6744186046511629
1822ea_2016-03,0.0
c48018_2020-05,0.8928571428571429
db4cd8_2016-06,0.42857142857142855
18defd_2022-02,0.5588235294117647
18defd_2018-07,0.38461538461538464
175155_2017-09,0.45454545454545453
18defd_2015-10,0.0
18defd_2022-06,0.5588235294117647
18defd_2020-04,0.8928571428571429
1822ea_2015-12,0.0
259a19_2017-12,0.3709677419354839
c580aa_2015-10,0.0
5a0174_2016-02,0.0
f461d4_2016-01,0.0
8fabe0_2017-07,0.38461538461538464
4718d7_2021-02,0.8928571428571429
e3af0e_2016-05,0.06741573033707865
8fabe0_2015-06,0.0
8ec563_2017-08,0.45454545454545453
8fabe0_2018-07,0.6666666666666666
5a0174_2021-11,0.9411764705882353
4718d7_2017-05,0.2465753424657534
b59bc0_2016-03,0.2465753424657534
1698cf_2020-12,0.8928571428571429
829a72_2020-12,0.8928571428571429
5a0174_2016-09,0.3709677419354839
829a72_2015-05,0.0
60a0fd_2016-02,0.0
60a0fd_2020-05,0.6744186046511629
8fabe0_2018-08,0.45454545454545453
90abb1_2016-06,0.45454545454545453
60a0fd_2016-03,0.0
4718d7_2020-05,0.8928571428571429
5a0174_2025-09,0.6744186046511629
b59bc0_2016-02,0.0
e4bc80_2016-09,0.14285714285714285
14fe3a_2020-10,0.8928571428571429
14fe3a_2020-06,0.8928571428571429
e4bc80_2016-12,0.2465753424657534
14fe3a_2021-03,0.8928571428571429
9befc8_2021-02,0.38461538461538464
34889b_2016-01,0.020833333333333332
11f0e3_2015-02,0.0
e3af0e_2018-09,0.45454545454545453
e3af0e_2020-09,0.8928571428571429
60a0fd_2020-08,0.8928571428571429
74b7d1_2016-10,0.07692307692307693
77b3b9_2016-08,0.2465753424657534
e3af0e_2017-09,0.45454545454545453
fc77d0_2015-09,0.0
e3af0e_2020-05,0.8928571428571429
bc4c03_2017-12,0.2465753424657534
375f2e_2016-10,0.0
fc77d0_2018-07,0.5588235294117647
b73bc7_2017-01,0.45454545454545453
9af74c_2016-11,0.45454545454545453
9af74c_2020-09,1.0
77b3b9_2015-07,0.0
77b3b9_2015-08,0.0
b73bc7_2016-12,0.45454545454545453
1822ea_2018-08,0.2465753424657534
b73bc7_2020-05,0.5588235294117647
1822ea_2018-07,0.3709677419354839
375f2e_2016-11,0.0
b73bc7_2021-03,1.0
bc4c03_2018-11,0.5588235294117647
439fde_2021-09,0.8928571428571429
439fde_2020-06,0.8928571428571429
439fde_2022-09,0.8928571428571429
439fde_2021-06,0.8928571428571429
439fde_2020-04,0.8928571428571429
439fde_2016-12,0.2465753424657534
439fde_2020-11,0.8928571428571429
87cfea_2016-12,0.0
c3a69f_2016-07,0.06741573033707865
c3a69f_2016-08,0.06741573033707865
c3a69f_2016-10,0.06741573033707865
8005b9_2018-08,0.3709677419354839
29849f_2021-07,0.8928571428571429
6838b9_2021-04,0.3709677419354839
7a007d_2016-08,0.06741573033707865
7a007d_2016-10,0.5588235294117647
77b3b9_2017-01,0.3709677419354839
7a007d_2016-11,0.5588235294117647
7aa803_2016-04,0.0
29849f_2020-04,0.8928571428571429
f4604d_2015-11,0.045454545454545456
88a9a6_2017-11,0.07692307692307693
a42d13_2016-12,0.5588235294117647
a42d13_2016-09,0.45454545454545453
c580aa_2020-08,1.0
e2e0ce_2017-05,0.3709677419354839
a42d13_2016-07,0.45454545454545453
439fde_2017-09,0.2465753424657534
1bdb97_2025-09,0.3709677419354839
7bf5c9_2016-02,0.0
77e86b_2021-04,0.6744186046511629
87cfea_2016-08,0.0
77e86b_2020-08,0.8928571428571429
77e86b_2021-03,0.6744186046511629
af81b0_2025-09,0.8928571428571429
77e86b_2021-07,0.6744186046511629
83894c_2023-05,0.5810176164508379
83894c_2024-01,0.8928571428571429
987bc1_2016-11,0.45454545454545453
6224d0_2016-06,0.2465753424657534
06534f_2017-10,0.8928571428571429
b416b1_2015-09,0.0
375f2e_2018-09,0.2465753424657534
375f2e_2018-08,0.2465753424657534
175155_2017-05,0.17142857142857143
e60b65_2022-09,0.8928571428571429
e60b65_2021-02,0.8928571428571429
e60b65_2019-12,0.8928571428571429
e60b65_2021-12,0.8928571428571429
e60b65_2019-02,0.5588235294117647
e60b65_2022-07,0.8928571428571429
e60b65_2019-03,0.5588235294117647
e60b65_2021-05,0.8928571428571429
8005b9_2020-06,0.9411764705882353
e60b65_2019-04,0.5588235294117647
9f1aa0_2017-09,0.3709677419354839
14fe3a_2015-07,0.020833333333333332
9f1aa0_2020-04,0.5588235294117647
a42d13_2016-02,0.0
f500c5_2015-06,0.06382978723404255
9f1aa0_2017-07,0.3709677419354839
bf6f0d_2016-11,0.2465753424657534
9f1aa0_2017-12,0.42857142857142855
9b46ed_2018-09,0.07692307692307693
f500c5_2016-10,0.2465753424657534
4fb2d3_2017-12,0.3709677419354839
a25664_2017-09,0.45454545454545453
14fe3a_2016-06,0.45454545454545453
db4cd8_2016-09,0.2465753424657534
14fe3a_2016-07,0.45454545454545453
d59611_2017-12,0.2465753424657534
f1543b_2015-07,0.0
293190_2016-07,0.3709677419354839
f1543b_2018-07,0.45454545454545453
f1543b_2016-12,0.06741573033707865
e7a56d_2015-05,0.020833333333333332
f1543b_2018-11,0.45454545454545453
60a0fd_2017-11,0.377118634043246
7bf5c9_2016-08,0.2465753424657534
7bf5c9_2025-07,0.8928571428571429
7bf5c9_2026-02,0.8928571428571429
77e86b_2015-09,0.0
175155_2015-05,0.06741573033707865
3a13b3_2017-09,0.06669933866986175
b0ff51_2018-08,0.8706450306745566
b0ff51_2025-09,0.8928571428571429
8d0588_2021-12,1.0
b0ff51_2016-03,0.020833333333333332
b08ec1_2015-10,0.0
b08ec1_2015-12,0.0
f500c5_2016-03,0.06741573033707865
545d15_2024-04,0.8928571428571429
545d15_2023-08,0.8928571428571429
545d15_2025-01,0.8928571428571429
c580aa_2018-09,0.8928571428571429
60b690_2025-05,0.06741573033707865
545d15_2023-11,0.8928571428571429
7a007d_2018-08,0.45454545454545453
545d15_2024-01,0.8928571428571429
74b7d1_2021-03,0.8644474413950067
74b7d1_2020-07,0.6744186046511629
74b7d1_2020-08,0.5588235294117647
74b7d1_2021-01,0.8928571428571429
c5816f_2016-11,0.45454545454545453
531356_2017-12,0.45454545454545453
06534f_2017-12,0.8928571428571429
c5816f_2020-10,0.8928571428571429
b1de95_2022-03,0.9411764705882353
3a13b3_2016-03,0.06382978723404255
c580aa_2017-03,0.8928571428571429
06534f_2022-04,1.0
06534f_2020-04,1.0
c580aa_2017-01,0.546292920160212
6224d0_2016-03,0.0
a25664_2017-12,0.43382369401281956
a97df3_2019-02,0.06741573033707865
1996b0_2025-01,0.3709677419354839
db4cd8_2018-08,0.5588235294117647
