id,aircraft_id,year_month,corrosion_risk
74b7d1_2020-01,74b7d1,2020-01,0.5
1b9e65_2022-06,1b9e65,2022-06,0.5
77e86b_2023-01,77e86b,2023-01,0.5
74b7d1_2020-02,74b7d1,2020-02,0.5
8b98f3_2023-11,8b98f3,2023-11,0.5
c3a69f_2025-03,c3a69f,2025-03,0.5
77e86b_2022-01,77e86b,2022-01,0.5
1996b0_2022-11,1996b0,2022-11,0.5
439fde_2024-12,439fde,2024-12,0.5
74b7d1_2025-03,74b7d1,2025-03,0.5
77e86b_2018-04,77e86b,2018-04,0.5
77e86b_2019-05,77e86b,2019-05,0.5
439fde_2025-05,439fde,2025-05,0.5
74b7d1_2018-04,74b7d1,2018-04,0.5
439fde_2024-03,439fde,2024-03,0.5
74b7d1_2019-03,74b7d1,2019-03,0.5
c3a69f_2025-05,c3a69f,2025-05,0.5
77e86b_2024-06,77e86b,2024-06,0.5
77e86b_2020-01,77e86b,2020-01,0.5
439fde_2019-05,439fde,2019-05,0.5
98a151_2019-06,98a151,2019-06,0.5
8bd3ce_2015-06,8bd3ce,2015-06,0.5
6c1954_2022-06,6c1954,2022-06,0.5
0f9e86_2024-09,0f9e86,2024-09,0.5
0874ee_2021-12,0874ee,2021-12,0.5
987bc1_2020-02,987bc1,2020-02,0.5
4718d7_2018-02,4718d7,2018-02,0.5
5a0174_2018-12,5a0174,2018-12,0.5
175155_2023-03,175155,2023-03,0.5
e2e0ce_2025-07,e2e0ce,2025-07,0.5
9b46ed_2021-05,9b46ed,2021-05,0.5
b26809_2019-09,b26809,2019-09,0.5
e3af0e_2022-11,e3af0e,2022-11,0.5
780a0b_2024-12,780a0b,2024-12,0.5
8bd3ce_2024-02,8bd3ce,2024-02,0.5
8e41cf_2017-04,8e41cf,2017-04,0.5
293190_2017-07,293190,2017-07,0.5
293190_2018-01,293190,2018-01,0.5
293190_2024-07,293190,2024-07,0.5
c5df88_2016-12,c5df88,2016-12,0.5
74fb1f_2014-10,74fb1f,2014-10,0.5
74fb1f_2017-02,74fb1f,2017-02,0.5
9b46ed_2015-01,9b46ed,2015-01,0.5
dc4b5e_2022-11,dc4b5e,2022-11,0.5
bfbeef_2018-04,bfbeef,2018-04,0.5
d86999_2022-08,d86999,2022-08,0.5
780a0b_2020-10,780a0b,2020-10,0.5
8bd3ce_2022-01,8bd3ce,2022-01,0.5
4fb2d3_2021-11,4fb2d3,2021-11,0.5
6224d0_2023-03,6224d0,2023-03,0.5
fb737b_2019-10,fb737b,2019-10,0.5
e60b65_2014-11,e60b65,2014-11,0.5
e60b65_2023-11,e60b65,2023-11,0.5
9b3bd5_2025-04,9b3bd5,2025-04,0.5
293190_2018-12,293190,2018-12,0.5
e2e0ce_2018-11,e2e0ce,2018-11,0.5
2ab8ad_2019-04,2ab8ad,2019-04,0.5
c5df88_2023-09,c5df88,2023-09,0.5
7aa803_2016-02,7aa803,2016-02,0.5
77c35f_2024-05,77c35f,2024-05,0.5
77c35f_2024-06,77c35f,2024-06,0.5
60a0fd_2024-10,60a0fd,2024-10,0.5
d86999_2016-04,d86999,2016-04,0.5
d86999_2017-12,d86999,2017-12,0.5
d86999_2025-05,d86999,2025-05,0.5
b08ec1_2024-12,b08ec1,2024-12,0.5
e2e0ce_2015-04,e2e0ce,2015-04,0.5
e2e0ce_2019-06,e2e0ce,2019-06,0.5
e2e0ce_2025-02,e2e0ce,2025-02,0.5
c5df88_2016-09,c5df88,2016-09,0.5
74fb1f_2024-06,74fb1f,2024-06,0.5
88a9a6_2019-05,88a9a6,2019-05,0.5
829a72_2025-01,829a72,2025-01,0.5
d86999_2018-05,d86999,2018-05,0.5
fc9334_2019-11,fc9334,2019-11,0.5
dbb709_2025-04,dbb709,2025-04,0.5
9cf1af_2024-07,9cf1af,2024-07,0.5
e427f8_2023-08,e427f8,2023-08,0.5
60a0fd_2023-07,60a0fd,2023-07,0.5
302d40_2023-07,302d40,2023-07,0.5
8e41cf_2019-03,8e41cf,2019-03,0.5
b26809_2020-07,b26809,2020-07,0.5
8fabe0_2019-02,8fabe0,2019-02,0.5
e2e0ce_2018-02,e2e0ce,2018-02,0.5
7aa803_2023-05,7aa803,2023-05,0.5
bfbeef_2021-08,bfbeef,2021-08,0.5
98a151_2025-02,98a151,2025-02,0.5
e3af0e_2022-09,e3af0e,2022-09,0.5
8bd3ce_2021-08,8bd3ce,2021-08,0.5
8e41cf_2014-12,8e41cf,2014-12,0.5
8e41cf_2021-11,8e41cf,2021-11,0.5
8e41cf_2022-02,8e41cf,2022-02,0.5
8e41cf_2024-08,8e41cf,2024-08,0.5
8fb6f0_2017-01,8fb6f0,2017-01,0.5
6224d0_2023-02,6224d0,2023-02,0.5
8fabe0_2019-08,8fabe0,2019-08,0.5
bc4c03_2024-01,bc4c03,2024-01,0.5
532867_2024-06,532867,2024-06,0.5
74fb1f_2018-08,74fb1f,2018-08,0.5
780a0b_2024-08,780a0b,2024-08,0.5
731908_2024-07,731908,2024-07,0.5
98a151_2025-04,98a151,2025-04,0.5
829a72_2025-04,829a72,2025-04,0.5
b26809_2018-04,b26809,2018-04,0.5
6f5e2b_2019-01,6f5e2b,2019-01,0.5
175155_2022-11,175155,2022-11,0.5
6838b9_2024-01,6838b9,2024-01,0.5
a25664_2023-09,a25664,2023-09,0.5
293190_2021-02,293190,2021-02,0.5
e2e0ce_2017-06,e2e0ce,2017-06,0.5
7aa803_2025-05,7aa803,2025-05,0.5
0f9e86_2024-01,0f9e86,2024-01,0.5
bfbeef_2021-10,bfbeef,2021-10,0.5
bfbeef_2024-10,bfbeef,2024-10,0.5
fa8553_2023-06,fa8553,2023-06,0.5
dbb709_2023-10,dbb709,2023-10,0.5
e427f8_2023-05,e427f8,2023-05,0.5
b26809_2015-10,b26809,2015-10,0.5
8e41cf_2019-10,8e41cf,2019-10,0.5
b26809_2014-08,b26809,2014-08,0.5
b26809_2025-02,b26809,2025-02,0.5
fc77d0_2022-01,fc77d0,2022-01,0.5
6224d0_2021-06,6224d0,2021-06,0.5
8fabe0_2020-01,8fabe0,2020-01,0.5
a25664_2024-01,a25664,2024-01,0.5
293190_2022-01,293190,2022-01,0.5
293190_2023-03,293190,2023-03,0.5
98a151_2019-10,98a151,2019-10,0.5
fc9334_2017-09,fc9334,2017-09,0.5
60a0fd_2022-04,60a0fd,2022-04,0.5
d86999_2017-10,d86999,2017-10,0.5
d86999_2021-07,d86999,2021-07,0.5
b26809_2018-08,b26809,2018-08,0.5
987bc1_2019-10,987bc1,2019-10,0.5
6f5e2b_2018-01,6f5e2b,2018-01,0.5
db4cd8_2019-07,db4cd8,2019-07,0.5
e2e0ce_2016-01,e2e0ce,2016-01,0.5
c5df88_2014-08,c5df88,2014-08,0.5
c5df88_2022-10,c5df88,2022-10,0.5
74fb1f_2019-02,74fb1f,2019-02,0.5
77c35f_2024-08,77c35f,2024-08,0.5
d86999_2015-10,d86999,2015-10,0.5
d86999_2018-12,d86999,2018-12,0.5
d86999_2024-07,d86999,2024-07,0.5
8bd3ce_2025-05,8bd3ce,2025-05,0.5
293190_2019-04,293190,2019-04,0.5
9b46ed_2023-01,9b46ed,2023-01,0.5
8fb6f0_2025-07,8fb6f0,2025-07,0.5
780a0b_2019-06,780a0b,2019-06,0.5
a97df3_2023-12,a97df3,2023-12,0.5
e3af0e_2024-10,e3af0e,2024-10,0.5
dbb709_2022-09,dbb709,2022-09,0.5
9af74c_2021-07,9af74c,2021-07,0.5
175155_2022-03,175155,2022-03,0.5
e2e0ce_2023-12,e2e0ce,2023-12,0.5
88a9a6_2023-09,88a9a6,2023-09,0.5
9b46ed_2022-08,9b46ed,2022-08,0.5
9b46ed_2023-08,9b46ed,2023-08,0.5
bfbeef_2017-12,bfbeef,2017-12,0.5
98a151_2024-03,98a151,2024-03,0.5
77c35f_2022-11,77c35f,2022-11,0.5
fc9334_2016-07,fc9334,2016-07,0.5
fc9334_2019-03,fc9334,2019-03,0.5
e3af0e_2021-08,e3af0e,2021-08,0.5
e3af0e_2023-11,e3af0e,2023-11,0.5
d86999_2016-05,d86999,2016-05,0.5
d86999_2019-10,d86999,2019-10,0.5
b26809_2015-05,b26809,2015-05,0.5
b26809_2018-09,b26809,2018-09,0.5
b08ec1_2019-07,b08ec1,2019-07,0.5
987bc1_2021-11,987bc1,2021-11,0.5
1698cf_2019-04,1698cf,2019-04,0.5
bc4c03_2018-04,bc4c03,2018-04,0.5
2ab8ad_2025-02,2ab8ad,2025-02,0.5
74fb1f_2015-06,74fb1f,2015-06,0.5
7aa803_2021-02,7aa803,2021-02,0.5
9b46ed_2022-07,9b46ed,2022-07,0.5
98a151_2022-05,98a151,2022-05,0.5
fc9334_2015-09,fc9334,2015-09,0.5
dbb709_2023-03,dbb709,2023-03,0.5
e427f8_2025-05,e427f8,2025-05,0.5
e3af0e_2023-04,e3af0e,2023-04,0.5
d86999_2017-07,d86999,2017-07,0.5
d86999_2024-01,d86999,2024-01,0.5
0f9e86_2022-07,0f9e86,2022-07,0.5
987bc1_2023-03,987bc1,2023-03,0.5
259a19_2018-04,259a19,2018-04,0.5
e2e0ce_2023-09,e2e0ce,2023-09,0.5
7aa803_2023-12,7aa803,2023-12,0.5
7aa803_2024-01,7aa803,2024-01,0.5
dbb709_2025-05,dbb709,2025-05,0.5
302d40_2023-05,302d40,2023-05,0.5
d86999_2014-12,d86999,2014-12,0.5
b26809_2015-03,b26809,2015-03,0.5
b26809_2025-01,b26809,2025-01,0.5
b08ec1_2025-01,b08ec1,2025-01,0.5
987bc1_2023-08,987bc1,2023-08,0.5
4718d7_2022-11,4718d7,2022-11,0.5
259a19_2020-03,259a19,2020-03,0.5
7aa803_2023-01,7aa803,2023-01,0.5
77c35f_2025-01,77c35f,2025-01,0.5
60a0fd_2023-12,60a0fd,2023-12,0.5
fc9334_2020-02,fc9334,2020-02,0.5
fc9334_2022-07,fc9334,2022-07,0.5
8e41cf_2019-01,8e41cf,2019-01,0.5
8e41cf_2021-01,8e41cf,2021-01,0.5
14fe3a_2018-06,14fe3a,2018-06,0.5
b08ec1_2023-06,b08ec1,2023-06,0.5
b08ec1_2025-02,b08ec1,2025-02,0.5
6224d0_2024-03,6224d0,2024-03,0.5
e60b65_2014-10,e60b65,2014-10,0.5
e2e0ce_2025-01,e2e0ce,2025-01,0.5
2ab8ad_2017-01,2ab8ad,2017-01,0.5
7aa803_2022-03,7aa803,2022-03,0.5
88a9a6_2024-07,88a9a6,2024-07,0.5
dc4b5e_2023-01,dc4b5e,2023-01,0.5
e3af0e_2021-03,e3af0e,2021-03,0.5
d86999_2021-01,d86999,2021-01,0.5
fc9334_2020-06,fc9334,2020-06,0.5
fc9334_2021-10,fc9334,2021-10,0.5
b26809_2022-02,b26809,2022-02,0.5
293190_2014-08,293190,2014-08,0.5
e2e0ce_2020-12,e2e0ce,2020-12,0.5
fc9334_2021-02,fc9334,2021-02,0.5
dbb709_2023-04,dbb709,2023-04,0.5
fc9334_2016-04,fc9334,2016-04,0.5
8bd3ce_2018-04,8bd3ce,2018-04,0.5
0874ee_2020-07,0874ee,2020-07,0.5
fc77d0_2021-11,fc77d0,2021-11,0.5
e60b65_2014-09,e60b65,2014-09,0.5
2ab8ad_2015-02,2ab8ad,2015-02,0.5
3db670_2014-11,3db670,2014-11,0.5
9b46ed_2025-07,9b46ed,2025-07,0.5
77c35f_2025-02,77c35f,2025-02,0.5
829a72_2024-02,829a72,2024-02,0.5
fc9334_2019-04,fc9334,2019-04,0.5
fc9334_2015-01,fc9334,2015-01,0.5
b26809_2023-12,b26809,2023-12,0.5
0874ee_2021-10,0874ee,2021-10,0.5
d59611_2019-02,d59611,2019-02,0.5
987bc1_2024-02,987bc1,2024-02,0.5
e2e0ce_2019-02,e2e0ce,2019-02,0.5
88a9a6_2021-01,88a9a6,2021-01,0.5
9b46ed_2022-05,9b46ed,2022-05,0.5
8fabe0_2019-05,8fabe0,2019-05,0.5
a97df3_2025-04,a97df3,2025-04,0.5
bfbeef_2021-03,bfbeef,2021-03,0.5
d86999_2015-01,d86999,2015-01,0.5
77c35f_2024-11,77c35f,2024-11,0.5
fc9334_2021-05,fc9334,2021-05,0.5
8bd3ce_2021-11,8bd3ce,2021-11,0.5
b26809_2019-03,b26809,2019-03,0.5
b26809_2022-06,b26809,2022-06,0.5
b26809_2023-02,b26809,2023-02,0.5
b73bc7_2014-08,b73bc7,2014-08,0.5
e2e0ce_2021-05,e2e0ce,2021-05,0.5
2ab8ad_2016-12,2ab8ad,2016-12,0.5
c5df88_2021-02,c5df88,2021-02,0.5
c5df88_2022-03,c5df88,2022-03,0.5
e427f8_2023-11,e427f8,2023-11,0.5
302d40_2024-06,302d40,2024-06,0.5
d86999_2014-10,d86999,2014-10,0.5
d86999_2019-03,d86999,2019-03,0.5
d86999_2019-12,d86999,2019-12,0.5
8bd3ce_2017-12,8bd3ce,2017-12,0.5
8bd3ce_2019-03,8bd3ce,2019-03,0.5
8bd3ce_2021-03,8bd3ce,2021-03,0.5
8bd3ce_2023-07,8bd3ce,2023-07,0.5
fc77d0_2024-06,fc77d0,2024-06,0.5
c5df88_2017-11,c5df88,2017-11,0.5
88a9a6_2025-06,88a9a6,2025-06,0.5
9cf1af_2024-08,9cf1af,2024-08,0.5
bfbeef_2016-07,bfbeef,2016-07,0.5
d86999_2015-02,d86999,2015-02,0.5
98a151_2023-09,98a151,2023-09,0.5
9f1aa0_2023-02,9f1aa0,2023-02,0.5
fc9334_2016-03,fc9334,2016-03,0.5
8fb6f0_2022-12,8fb6f0,2022-12,0.5
8fb6f0_2023-11,8fb6f0,2023-11,0.5
8bd3ce_2017-05,8bd3ce,2017-05,0.5
0874ee_2021-06,0874ee,2021-06,0.5
5a0174_2019-04,5a0174,2019-04,0.5
175155_2024-12,175155,2024-12,0.5
e2e0ce_2023-05,e2e0ce,2023-05,0.5
74fb1f_2019-09,74fb1f,2019-09,0.5
7aa803_2024-06,7aa803,2024-06,0.5
74fb1f_2023-09,74fb1f,2023-09,0.5
9befc8_2022-10,9befc8,2022-10,0.5
e427f8_2022-11,e427f8,2022-11,0.5
e427f8_2024-06,e427f8,2024-06,0.5
d86999_2023-05,d86999,2023-05,0.5
8e41cf_2018-05,8e41cf,2018-05,0.5
fc77d0_2024-01,fc77d0,2024-01,0.5
6224d0_2022-11,6224d0,2022-11,0.5
4ee2d2_2024-03,4ee2d2,2024-03,0.5
259a19_2019-02,259a19,2019-02,0.5
6838b9_2018-03,6838b9,2018-03,0.5
e2e0ce_2017-04,e2e0ce,2017-04,0.5
e2e0ce_2022-12,e2e0ce,2022-12,0.5
2ab8ad_2024-01,2ab8ad,2024-01,0.5
a97df3_2025-02,a97df3,2025-02,0.5
fc9334_2015-02,fc9334,2015-02,0.5
302d40_2022-03,302d40,2022-03,0.5
302d40_2024-08,302d40,2024-08,0.5
d86999_2015-06,d86999,2015-06,0.5
b26809_2017-12,b26809,2017-12,0.5
fc9334_2018-06,fc9334,2018-06,0.5
fc9334_2024-10,fc9334,2024-10,0.5
a25664_2023-02,a25664,2023-02,0.5
a42d13_2024-03,a42d13,2024-03,0.5
2ab8ad_2022-07,2ab8ad,2022-07,0.5
7aa803_2018-01,7aa803,2018-01,0.5
7aa803_2018-10,7aa803,2018-10,0.5
fc9334_2018-04,fc9334,2018-04,0.5
829a72_2023-11,829a72,2023-11,0.5
9cf1af_2022-11,9cf1af,2022-11,0.5
60a0fd_2023-02,60a0fd,2023-02,0.5
fc9334_2024-03,fc9334,2024-03,0.5
8bd3ce_2023-03,8bd3ce,2023-03,0.5
d59611_2019-09,d59611,2019-09,0.5
90abb1_2025-08,90abb1,2025-08,0.5
b08ec1_2024-02,b08ec1,2024-02,0.5
db4cd8_2018-12,db4cd8,2018-12,0.5
2ab8ad_2019-06,2ab8ad,2019-06,0.5
9b46ed_2018-01,9b46ed,2018-01,0.5
9b46ed_2025-02,9b46ed,2025-02,0.5
9f1aa0_2020-11,9f1aa0,2020-11,0.5
510fbf_2023-07,510fbf,2023-07,0.5
19fa84_2018-12,19fa84,2018-12,0.5
e361b7_2019-09,e361b7,2019-09,0.5
e361b7_2019-10,e361b7,2019-10,0.5
bc4c03_2019-07,bc4c03,2019-07,0.5
9f1aa0_2015-03,9f1aa0,2015-03,0.5
894378_2025-05,894378,2025-05,0.5
c5816f_2023-03,c5816f,2023-03,0.5
8ec563_2022-06,8ec563,2022-06,0.5
513080_2022-09,513080,2022-09,0.5
731908_2016-04,731908,2016-04,0.5
bfbeef_2021-04,bfbeef,2021-04,0.5
f4604d_2022-10,f4604d,2022-10,0.5
513080_2022-12,513080,2022-12,0.5
9f1aa0_2018-01,9f1aa0,2018-01,0.5
bfbeef_2020-06,bfbeef,2020-06,0.5
c5816f_2019-06,c5816f,2019-06,0.5
c5816f_2023-12,c5816f,2023-12,0.5
9f1aa0_2023-11,9f1aa0,2023-11,0.5
bfbeef_2020-02,bfbeef,2020-02,0.5
c5816f_2018-01,c5816f,2018-01,0.5
fd589c_2021-08,fd589c,2021-08,0.5
1b9e65_2015-09,1b9e65,2015-09,0.5
fa8553_2022-06,fa8553,2022-06,0.5
fa8553_2023-10,fa8553,2023-10,0.5
bfbeef_2016-04,bfbeef,2016-04,0.5
0f9e86_2015-07,0f9e86,2015-07,0.5
894378_2022-06,894378,2022-06,0.5
8ec563_2021-12,8ec563,2021-12,0.5
e361b7_2023-10,e361b7,2023-10,0.5
e4bc80_2022-12,e4bc80,2022-12,0.5
e4bc80_2025-06,e4bc80,2025-06,0.5
9af74c_2023-12,9af74c,2023-12,0.5
513080_2023-06,513080,2023-06,0.5
fa8553_2024-03,fa8553,2024-03,0.5
fa8553_2024-05,fa8553,2024-05,0.5
6c1954_2024-08,6c1954,2024-08,0.5
fa8553_2025-03,fa8553,2025-03,0.5
510fbf_2022-01,510fbf,2022-01,0.5
8ec563_2024-02,8ec563,2024-02,0.5
fd589c_2022-09,fd589c,2022-09,0.5
e4bc80_2019-12,e4bc80,2019-12,0.5
513080_2023-12,513080,2023-12,0.5
bfbeef_2020-08,bfbeef,2020-08,0.5
780a0b_2019-04,780a0b,2019-04,0.5
894378_2021-10,894378,2021-10,0.5
fd589c_2019-07,fd589c,2019-07,0.5
bfbeef_2019-03,bfbeef,2019-03,0.5
c5816f_2025-03,c5816f,2025-03,0.5
19fa84_2019-03,19fa84,2019-03,0.5
e361b7_2019-11,e361b7,2019-11,0.5
510fbf_2023-02,510fbf,2023-02,0.5
bfbeef_2020-03,bfbeef,2020-03,0.5
19fa84_2021-07,19fa84,2021-07,0.5
fd589c_2024-01,fd589c,2024-01,0.5
c48018_2015-10,c48018,2015-10,0.5
19fa84_2022-06,19fa84,2022-06,0.5
fd589c_2014-09,fd589c,2014-09,0.5
fd589c_2022-03,fd589c,2022-03,0.5
fa8553_2022-02,fa8553,2022-02,0.5
fa8553_2022-05,fa8553,2022-05,0.5
c5816f_2024-09,c5816f,2024-09,0.5
8ec563_2025-08,8ec563,2025-08,0.5
11f0e3_2015-04,11f0e3,2015-04,0.5
bfbeef_2015-05,bfbeef,2015-05,0.5
c5816f_2019-02,c5816f,2019-02,0.5
8ec563_2017-02,8ec563,2017-02,0.5
fd589c_2024-05,fd589c,2024-05,0.5
e361b7_2019-06,e361b7,2019-06,0.5
e4bc80_2019-11,e4bc80,2019-11,0.5
e4bc80_2025-02,e4bc80,2025-02,0.5
9f1aa0_2022-04,9f1aa0,2022-04,0.5
fa8553_2022-11,fa8553,2022-11,0.5
bfbeef_2024-11,bfbeef,2024-11,0.5
fd589c_2022-11,fd589c,2022-11,0.5
e4bc80_2024-11,e4bc80,2024-11,0.5
9f1aa0_2022-05,9f1aa0,2022-05,0.5
9f1aa0_2023-03,9f1aa0,2023-03,0.5
bfbeef_2017-08,bfbeef,2017-08,0.5
29849f_2022-10,29849f,2022-10,0.5
c5816f_2019-11,c5816f,2019-11,0.5
8ec563_2025-07,8ec563,2025-07,0.5
9f1aa0_2022-10,9f1aa0,2022-10,0.5
11f0e3_2022-06,11f0e3,2022-06,0.5
780a0b_2015-03,780a0b,2015-03,0.5
894378_2022-12,894378,2022-12,0.5
c5816f_2025-05,c5816f,2025-05,0.5
e4bc80_2021-10,e4bc80,2021-10,0.5
bc4c03_2019-08,bc4c03,2019-08,0.5
bc4c03_2020-02,bc4c03,2020-02,0.5
fd589c_2021-12,fd589c,2021-12,0.5
e361b7_2023-09,e361b7,2023-09,0.5
e4bc80_2022-11,e4bc80,2022-11,0.5
513080_2024-08,513080,2024-08,0.5
731908_2015-01,731908,2015-01,0.5
bfbeef_2016-06,bfbeef,2016-06,0.5
8ec563_2018-01,8ec563,2018-01,0.5
90abb1_2024-11,90abb1,2024-11,0.5
894378_2022-10,894378,2022-10,0.5
fd589c_2018-03,fd589c,2018-03,0.5
9f1aa0_2021-10,9f1aa0,2021-10,0.5
9f1aa0_2022-02,9f1aa0,2022-02,0.5
8fb6f0_2015-06,8fb6f0,2015-06,0.5
e361b7_2019-07,e361b7,2019-07,0.5
510fbf_2023-06,510fbf,2023-06,0.5
894378_2022-09,894378,2022-09,0.5
8ec563_2022-03,8ec563,2022-03,0.5
6c1954_2024-04,6c1954,2024-04,0.5
fd589c_2018-05,fd589c,2018-05,0.5
e361b7_2020-01,e361b7,2020-01,0.5
e4bc80_2023-08,e4bc80,2023-08,0.5
9f1aa0_2019-08,9f1aa0,2019-08,0.5
510fbf_2024-01,510fbf,2024-01,0.5
bfbeef_2017-10,bfbeef,2017-10,0.5
8fb6f0_2015-11,8fb6f0,2015-11,0.5
e4bc80_2025-04,e4bc80,2025-04,0.5
e361b7_2024-06,e361b7,2024-06,0.5
83894c_2025-07,83894c,2025-07,0.5
11f0e3_2018-07,11f0e3,2018-07,0.5
f1543b_2014-10,f1543b,2014-10,0.5
8fb6f0_2017-09,8fb6f0,2017-09,0.5
9befc8_2020-07,9befc8,2020-07,0.5
7bf5c9_2024-09,7bf5c9,2024-09,0.5
731908_2018-01,731908,2018-01,0.5
11f0e3_2022-10,11f0e3,2022-10,0.5
f1543b_2019-04,f1543b,2019-04,0.5
780a0b_2018-05,780a0b,2018-05,0.5
9befc8_2025-06,9befc8,2025-06,0.5
7bf5c9_2024-01,7bf5c9,2024-01,0.5
f1543b_2021-07,f1543b,2021-07,0.5
f500c5_2020-06,f500c5,2020-06,0.5
83894c_2019-08,83894c,2019-08,0.5
83894c_2020-06,83894c,2020-06,0.5
87cfea_2023-07,87cfea,2023-07,0.5
99c11c_2022-06,99c11c,2022-06,0.5
731908_2019-09,731908,2019-09,0.5
11f0e3_2021-06,11f0e3,2021-06,0.5
0f9e86_2017-10,0f9e86,2017-10,0.5
f500c5_2024-05,f500c5,2024-05,0.5
11f0e3_2020-12,11f0e3,2020-12,0.5
9befc8_2021-07,9befc8,2021-07,0.5
9befc8_2022-03,9befc8,2022-03,0.5
f500c5_2025-04,f500c5,2025-04,0.5
9befc8_2024-06,9befc8,2024-06,0.5
f500c5_2021-06,f500c5,2021-06,0.5
f500c5_2024-10,f500c5,2024-10,0.5
83894c_2018-10,83894c,2018-10,0.5
731908_2020-01,731908,2020-01,0.5
7bf5c9_2024-02,7bf5c9,2024-02,0.5
99c11c_2021-03,99c11c,2021-03,0.5
731908_2017-08,731908,2017-08,0.5
11f0e3_2021-03,11f0e3,2021-03,0.5
8fb6f0_2023-09,8fb6f0,2023-09,0.5
9befc8_2019-01,9befc8,2019-01,0.5
7bf5c9_2015-02,7bf5c9,2015-02,0.5
7bf5c9_2022-10,7bf5c9,2022-10,0.5
f1543b_2024-10,f1543b,2024-10,0.5
439fde_2019-11,439fde,2019-11,0.5
83894c_2024-07,83894c,2024-07,0.5
780a0b_2016-08,780a0b,2016-08,0.5
9befc8_2018-03,9befc8,2018-03,0.5
f500c5_2025-07,f500c5,2025-07,0.5
87cfea_2025-02,87cfea,2025-02,0.5
731908_2016-03,731908,2016-03,0.5
780a0b_2017-02,780a0b,2017-02,0.5
780a0b_2023-02,780a0b,2023-02,0.5
7bf5c9_2019-06,7bf5c9,2019-06,0.5
f500c5_2018-01,f500c5,2018-01,0.5
c3a69f_2019-12,c3a69f,2019-12,0.5
9f1aa0_2024-01,9f1aa0,2024-01,0.5
8fb6f0_2017-04,8fb6f0,2017-04,0.5
f1543b_2018-05,f1543b,2018-05,0.5
f500c5_2022-04,f500c5,2022-04,0.5
f500c5_2024-06,f500c5,2024-06,0.5
83894c_2019-04,83894c,2019-04,0.5
83894c_2021-08,83894c,2021-08,0.5
87cfea_2020-03,87cfea,2020-03,0.5
731908_2022-07,731908,2022-07,0.5
8bd3ce_2019-08,8bd3ce,2019-08,0.5
7bf5c9_2014-06,7bf5c9,2014-06,0.5
c580aa_2015-03,c580aa,2015-03,0.5
f500c5_2021-09,f500c5,2021-09,0.5
731908_2016-10,731908,2016-10,0.5
731908_2022-03,731908,2022-03,0.5
780a0b_2017-07,780a0b,2017-07,0.5
0f9e86_2019-06,0f9e86,2019-06,0.5
7a007d_2025-08,7a007d,2025-08,0.5
11f0e3_2021-07,11f0e3,2021-07,0.5
8e41cf_2020-09,8e41cf,2020-09,0.5
731908_2016-12,731908,2016-12,0.5
9f1aa0_2019-09,9f1aa0,2019-09,0.5
780a0b_2021-09,780a0b,2021-09,0.5
0f9e86_2022-10,0f9e86,2022-10,0.5
f500c5_2023-12,f500c5,2023-12,0.5
f500c5_2025-06,f500c5,2025-06,0.5
92dcdd_2023-09,92dcdd,2023-09,0.5
83894c_2018-06,83894c,2018-06,0.5
87cfea_2019-04,87cfea,2019-04,0.5
0f9e86_2025-02,0f9e86,2025-02,0.5
9befc8_2025-04,9befc8,2025-04,0.5
780a0b_2017-08,780a0b,2017-08,0.5
9befc8_2019-03,9befc8,2019-03,0.5
f1543b_2024-02,f1543b,2024-02,0.5
439fde_2023-04,439fde,2023-04,0.5
87cfea_2024-04,87cfea,2024-04,0.5
731908_2021-05,731908,2021-05,0.5
11f0e3_2019-05,11f0e3,2019-05,0.5
780a0b_2022-07,780a0b,2022-07,0.5
780a0b_2025-04,780a0b,2025-04,0.5
f1543b_2017-06,f1543b,2017-06,0.5
f1543b_2020-08,f1543b,2020-08,0.5
f500c5_2021-02,f500c5,2021-02,0.5
83894c_2025-03,83894c,2025-03,0.5
11f0e3_2020-01,11f0e3,2020-01,0.5
f1543b_2023-03,f1543b,2023-03,0.5
f500c5_2019-05,f500c5,2019-05,0.5
b1de95_2015-02,b1de95,2015-02,0.5
83894c_2019-09,83894c,2019-09,0.5
83894c_2021-09,83894c,2021-09,0.5
87cfea_2021-09,87cfea,2021-09,0.5
11f0e3_2018-04,11f0e3,2018-04,0.5
780a0b_2016-12,780a0b,2016-12,0.5
0f9e86_2020-02,0f9e86,2020-02,0.5
0f9e86_2021-04,0f9e86,2021-04,0.5
9befc8_2020-05,9befc8,2020-05,0.5
c580aa_2014-09,c580aa,2014-09,0.5
4f2b6b_2024-09,4f2b6b,2024-09,0.5
731908_2023-09,731908,2023-09,0.5
8fb6f0_2017-11,8fb6f0,2017-11,0.5
f1543b_2024-01,f1543b,2024-01,0.5
4f2b6b_2024-05,4f2b6b,2024-05,0.5
87cfea_2025-08,87cfea,2025-08,0.5
9f1aa0_2017-02,9f1aa0,2017-02,0.5
780a0b_2022-09,780a0b,2022-09,0.5
7bf5c9_2020-01,7bf5c9,2020-01,0.5
e361b7_2015-05,e361b7,2015-05,0.5
e7a56d_2023-08,e7a56d,2023-08,0.5
e7a56d_2023-10,e7a56d,2023-10,0.5
c48018_2024-06,c48018,2024-06,0.5
db4cd8_2014-04,db4cd8,2014-04,0.5
14fe3a_2018-08,14fe3a,2018-08,0.5
375f2e_2021-07,375f2e,2021-07,0.5
bc4c03_2015-03,bc4c03,2015-03,0.5
c5816f_2015-07,c5816f,2015-07,0.5
19fa84_2024-08,19fa84,2024-08,0.5
fd589c_2017-12,fd589c,2017-12,0.5
829a72_2021-09,829a72,2021-09,0.5
e4bc80_2024-06,e4bc80,2024-06,0.5
c48018_2025-01,c48018,2025-01,0.5
edda84_2025-07,edda84,2025-07,0.5
c48018_2018-02,c48018,2018-02,0.5
6f5e2b_2019-05,6f5e2b,2019-05,0.5
6f5e2b_2021-11,6f5e2b,2021-11,0.5
b416b1_2021-12,b416b1,2021-12,0.5
987bc1_2019-01,987bc1,2019-01,0.5
a42d13_2015-02,a42d13,2015-02,0.5
8ec563_2014-09,8ec563,2014-09,0.5
8ec563_2016-05,8ec563,2016-05,0.5
6c1954_2025-06,6c1954,2025-06,0.5
19fa84_2017-03,19fa84,2017-03,0.5
e361b7_2015-01,e361b7,2015-01,0.5
4718d7_2024-11,4718d7,2024-11,0.5
d59611_2024-04,d59611,2024-04,0.5
14fe3a_2018-07,14fe3a,2018-07,0.5
8005b9_2022-01,8005b9,2022-01,0.5
1698cf_2022-03,1698cf,2022-03,0.5
1822ea_2023-07,1822ea,2023-07,0.5
14fe3a_2022-10,14fe3a,2022-10,0.5
e361b7_2017-11,e361b7,2017-11,0.5
d59611_2018-01,d59611,2018-01,0.5
0874ee_2019-07,0874ee,2019-07,0.5
77b3b9_2023-02,77b3b9,2023-02,0.5
8ec563_2015-07,8ec563,2015-07,0.5
6c1954_2024-01,6c1954,2024-01,0.5
19fa84_2019-02,19fa84,2019-02,0.5
e7a56d_2019-03,e7a56d,2019-03,0.5
e7a56d_2025-01,e7a56d,2025-01,0.5
c48018_2025-04,c48018,2025-04,0.5
5a0174_2014-11,5a0174,2014-11,0.5
b416b1_2018-01,b416b1,2018-01,0.5
b416b1_2020-01,b416b1,2020-01,0.5
db4cd8_2022-11,db4cd8,2022-11,0.5
34889b_2022-05,34889b,2022-05,0.5
375f2e_2019-06,375f2e,2019-06,0.5
6f5e2b_2014-12,6f5e2b,2014-12,0.5
6f5e2b_2024-04,6f5e2b,2024-04,0.5
19fa84_2015-01,19fa84,2015-01,0.5
e361b7_2020-12,e361b7,2020-12,0.5
e4bc80_2016-06,e4bc80,2016-06,0.5
e7a56d_2015-02,e7a56d,2015-02,0.5
18defd_2015-02,18defd,2015-02,0.5
d59611_2024-02,d59611,2024-02,0.5
1822ea_2024-02,1822ea,2024-02,0.5
9af74c_2019-03,9af74c,2019-03,0.5
1698cf_2018-03,1698cf,2018-03,0.5
19fa84_2025-02,19fa84,2025-02,0.5
18defd_2014-08,18defd,2014-08,0.5
6f5e2b_2025-02,6f5e2b,2025-02,0.5
90abb1_2024-07,90abb1,2024-07,0.5
8005b9_2025-06,8005b9,2025-06,0.5
0874ee_2019-12,0874ee,2019-12,0.5
f461d4_2015-03,f461d4,2015-03,0.5
e7a56d_2022-03,e7a56d,2022-03,0.5
18defd_2024-04,18defd,2024-04,0.5
14fe3a_2022-12,14fe3a,2022-12,0.5
1698cf_2014-11,1698cf,2014-11,0.5
f461d4_2019-02,f461d4,2019-02,0.5
f461d4_2021-11,f461d4,2021-11,0.5
e7a56d_2022-10,e7a56d,2022-10,0.5
18defd_2014-07,18defd,2014-07,0.5
18defd_2020-03,18defd,2020-03,0.5
18defd_2025-03,18defd,2025-03,0.5
c48018_2018-01,c48018,2018-01,0.5
c48018_2019-05,c48018,2019-05,0.5
4718d7_2014-05,4718d7,2014-05,0.5
8005b9_2023-09,8005b9,2023-09,0.5
5a0174_2023-02,5a0174,2023-02,0.5
894378_2016-07,894378,2016-07,0.5
b416b1_2025-06,b416b1,2025-06,0.5
f461d4_2021-10,f461d4,2021-10,0.5
06534f_2019-12,06534f,2019-12,0.5
db4cd8_2022-07,db4cd8,2022-07,0.5
e4bc80_2015-01,e4bc80,2015-01,0.5
18defd_2019-11,18defd,2019-11,0.5
d59611_2025-02,d59611,2025-02,0.5
1822ea_2024-10,1822ea,2024-10,0.5
8005b9_2025-08,8005b9,2025-08,0.5
db4cd8_2023-01,db4cd8,2023-01,0.5
375f2e_2024-02,375f2e,2024-02,0.5
6c1954_2023-12,6c1954,2023-12,0.5
19fa84_2016-06,19fa84,2016-06,0.5
19fa84_2020-01,19fa84,2020-01,0.5
fd589c_2015-01,fd589c,2015-01,0.5
e7a56d_2019-09,e7a56d,2019-09,0.5
e7a56d_2019-11,e7a56d,2019-11,0.5
c48018_2023-11,c48018,2023-11,0.5
4718d7_2024-10,4718d7,2024-10,0.5
b416b1_2019-12,b416b1,2019-12,0.5
6838b9_2025-02,6838b9,2025-02,0.5
db4cd8_2023-06,db4cd8,2023-06,0.5
8fabe0_2024-02,8fabe0,2024-02,0.5
a25664_2019-11,a25664,2019-11,0.5
375f2e_2020-03,375f2e,2020-03,0.5
894378_2015-10,894378,2015-10,0.5
e361b7_2015-07,e361b7,2015-07,0.5
e7a56d_2020-02,e7a56d,2020-02,0.5
18defd_2024-06,18defd,2024-06,0.5
4718d7_2019-12,4718d7,2019-12,0.5
5a0174_2019-03,5a0174,2019-03,0.5
b416b1_2023-08,b416b1,2023-08,0.5
bc4c03_2023-10,bc4c03,2023-10,0.5
259a19_2015-02,259a19,2015-02,0.5
db4cd8_2024-03,db4cd8,2024-03,0.5
14fe3a_2025-02,14fe3a,2025-02,0.5
1822ea_2021-12,1822ea,2021-12,0.5
894378_2024-08,894378,2024-08,0.5
c5816f_2022-05,c5816f,2022-05,0.5
18defd_2019-10,18defd,2019-10,0.5
c48018_2018-05,c48018,2018-05,0.5
b416b1_2023-06,b416b1,2023-06,0.5
d59611_2021-10,d59611,2021-10,0.5
d59611_2021-12,d59611,2021-12,0.5
8005b9_2023-01,8005b9,2023-01,0.5
9af74c_2024-07,9af74c,2024-07,0.5
5a0174_2024-01,5a0174,2024-01,0.5
6c1954_2019-07,6c1954,2019-07,0.5
fd589c_2015-07,fd589c,2015-07,0.5
4718d7_2018-04,4718d7,2018-04,0.5
259a19_2019-08,259a19,2019-08,0.5
8005b9_2019-12,8005b9,2019-12,0.5
06534f_2018-04,06534f,2018-04,0.5
bf6f0d_2025-04,bf6f0d,2025-04,0.5
94f933_2023-06,94f933,2023-06,0.5
c5816f_2015-08,c5816f,2015-08,0.5
c5816f_2016-02,c5816f,2016-02,0.5
fd589c_2016-06,fd589c,2016-06,0.5
f461d4_2014-10,f461d4,2014-10,0.5
db4cd8_2020-03,db4cd8,2020-03,0.5
8005b9_2025-03,8005b9,2025-03,0.5
fd589c_2016-05,fd589c,2016-05,0.5
e4bc80_2016-05,e4bc80,2016-05,0.5
18defd_2025-05,18defd,2025-05,0.5
c48018_2014-07,c48018,2014-07,0.5
b416b1_2019-10,b416b1,2019-10,0.5
db4cd8_2014-07,db4cd8,2014-07,0.5
1698cf_2022-12,1698cf,2022-12,0.5
e7a56d_2024-10,e7a56d,2024-10,0.5
259a19_2014-06,259a19,2014-06,0.5
db4cd8_2022-05,db4cd8,2022-05,0.5
6224d0_2018-05,6224d0,2018-05,0.5
6838b9_2019-07,6838b9,2019-07,0.5
14fe3a_2023-09,14fe3a,2023-09,0.5
e361b7_2015-04,e361b7,2015-04,0.5
e361b7_2015-08,e361b7,2015-08,0.5
d59611_2023-09,d59611,2023-09,0.5
34889b_2022-03,34889b,2022-03,0.5
5a0174_2022-12,5a0174,2022-12,0.5
e361b7_2017-06,e361b7,2017-06,0.5
b416b1_2021-09,b416b1,2021-09,0.5
8005b9_2021-10,8005b9,2021-10,0.5
5a0174_2015-03,5a0174,2015-03,0.5
c48018_2017-06,c48018,2017-06,0.5
8fabe0_2015-03,8fabe0,2015-03,0.5
db4cd8_2018-04,db4cd8,2018-04,0.5
db4cd8_2025-08,db4cd8,2025-08,0.5
34889b_2022-07,34889b,2022-07,0.5
4718d7_2023-03,4718d7,2023-03,0.5
8fabe0_2015-04,8fabe0,2015-04,0.5
4fb2d3_2019-04,4fb2d3,2019-04,0.5
e60b65_2015-08,e60b65,2015-08,0.5
19fa84_2014-12,19fa84,2014-12,0.5
e361b7_2014-11,e361b7,2014-11,0.5
e7a56d_2018-07,e7a56d,2018-07,0.5
db4cd8_2024-06,db4cd8,2024-06,0.5
8005b9_2015-02,8005b9,2015-02,0.5
f461d4_2023-07,f461d4,2023-07,0.5
90abb1_2019-07,90abb1,2019-07,0.5
34889b_2014-09,34889b,2014-09,0.5
8005b9_2024-04,8005b9,2024-04,0.5
c5816f_2018-10,c5816f,2018-10,0.5
c48018_2024-10,c48018,2024-10,0.5
db4cd8_2017-10,db4cd8,2017-10,0.5
6f5e2b_2014-07,6f5e2b,2014-07,0.5
db4cd8_2019-02,db4cd8,2019-02,0.5
b08ec1_2019-04,b08ec1,2019-04,0.5
9af74c_2018-02,9af74c,2018-02,0.5
4fb2d3_2019-06,4fb2d3,2019-06,0.5
8fabe0_2025-08,8fabe0,2025-08,0.5
0ffc2d_2024-09,0ffc2d,2024-09,0.5
0ffc2d_2019-02,0ffc2d,2019-02,0.5
0ffc2d_2022-06,0ffc2d,2022-06,0.5
6da35b_2023-01,6da35b,2023-01,0.5
7e646c_2024-12,7e646c,2024-12,0.5
6da35b_2024-07,6da35b,2024-07,0.5
0ffc2d_2022-10,0ffc2d,2022-10,0.5
4718d7_2024-07,4718d7,2024-07,0.5
f1543b_2015-09,f1543b,2015-09,0.5
0ffc2d_2025-03,0ffc2d,2025-03,0.5
0ffc2d_2020-12,0ffc2d,2020-12,0.5
0ffc2d_2022-03,0ffc2d,2022-03,0.5
74b7d1_2019-01,74b7d1,2019-01,0.5
8b98f3_2022-10,8b98f3,2022-10,0.5
8b98f3_2022-01,8b98f3,2022-01,0.5
0874ee_2014-05,0874ee,2014-05,0.5
5a0174_2024-06,5a0174,2024-06,0.5
5a0174_2024-09,5a0174,2024-09,0.5
4718d7_2024-03,4718d7,2024-03,0.5
0f9e86_2017-03,0f9e86,2017-03,0.5
9befc8_2016-03,9befc8,2016-03,0.5
829a72_2019-10,829a72,2019-10,0.5
7e646c_2025-08,7e646c,2025-08,0.5
11f0e3_2015-12,11f0e3,2015-12,0.5
7e646c_2023-11,7e646c,2023-11,0.5
9befc8_2017-07,9befc8,2017-07,0.5
0ffc2d_2023-08,0ffc2d,2023-08,0.5
0ffc2d_2023-10,0ffc2d,2023-10,0.5
0ffc2d_2024-06,0ffc2d,2024-06,0.5
f1543b_2015-11,f1543b,2015-11,0.5
0ffc2d_2023-04,0ffc2d,2023-04,0.5
0ffc2d_2024-04,0ffc2d,2024-04,0.5
a97df3_2024-11,a97df3,2024-11,0.5
0ffc2d_2020-01,0ffc2d,2020-01,0.5
0f9e86_2015-09,0f9e86,2015-09,0.5
94f933_2023-07,94f933,2023-07,0.5
7e646c_2022-11,7e646c,2022-11,0.5
6f5e2b_2024-05,6f5e2b,2024-05,0.5
0ffc2d_2019-03,0ffc2d,2019-03,0.5
b0ff51_2019-05,b0ff51,2019-05,0.5
b0ff51_2024-08,b0ff51,2024-08,0.5
b0ff51_2025-05,b0ff51,2025-05,0.5
b59bc0_2019-05,b59bc0,2019-05,0.5
b0ff51_2020-09,b0ff51,2020-09,0.5
8bd3ce_2021-12,8bd3ce,2021-12,0.5
b59bc0_2014-04,b59bc0,2014-04,0.5
8d0588_2019-09,8d0588,2019-09,0.5
b59bc0_2019-07,b59bc0,2019-07,0.5
b59bc0_2024-08,b59bc0,2024-08,0.5
0cecbd_2018-03,0cecbd,2018-03,0.5
0cecbd_2020-03,0cecbd,2020-03,0.5
0cecbd_2019-02,0cecbd,2019-02,0.5
74b7d1_2018-06,74b7d1,2018-06,0.5
8d0588_2022-03,8d0588,2022-03,0.5
b0ff51_2024-11,b0ff51,2024-11,0.5
8d0588_2020-07,8d0588,2020-07,0.5
b0ff51_2024-03,b0ff51,2024-03,0.5
b0ff51_2020-03,b0ff51,2020-03,0.5
0cecbd_2021-01,0cecbd,2021-01,0.5
c3a69f_2023-07,c3a69f,2023-07,0.5
99c11c_2018-02,99c11c,2018-02,0.5
b0ff51_2021-07,b0ff51,2021-07,0.5
8d0588_2020-01,8d0588,2020-01,0.5
b59bc0_2023-03,b59bc0,2023-03,0.5
b59bc0_2025-06,b59bc0,2025-06,0.5
b0ff51_2018-05,b0ff51,2018-05,0.5
8d0588_2019-08,8d0588,2019-08,0.5
8d0588_2025-07,8d0588,2025-07,0.5
c3a69f_2022-09,c3a69f,2022-09,0.5
83894c_2018-03,83894c,2018-03,0.5
8d0588_2023-10,8d0588,2023-10,0.5
b59bc0_2018-05,b59bc0,2018-05,0.5
b59bc0_2023-05,b59bc0,2023-05,0.5
b644ac_2025-05,b644ac,2025-05,0.5
439fde_2023-05,439fde,2023-05,0.5
8d0588_2014-04,8d0588,2014-04,0.5
8d0588_2023-03,8d0588,2023-03,0.5
8d0588_2025-05,8d0588,2025-05,0.5
b59bc0_2021-06,b59bc0,2021-06,0.5
b0ff51_2018-03,b0ff51,2018-03,0.5
b0ff51_2018-06,b0ff51,2018-06,0.5
b59bc0_2019-10,b59bc0,2019-10,0.5
b0ff51_2019-06,b0ff51,2019-06,0.5
b0ff51_2019-07,b0ff51,2019-07,0.5
b0ff51_2022-03,b0ff51,2022-03,0.5
b416b1_2023-02,b416b1,2023-02,0.5
8d0588_2014-07,8d0588,2014-07,0.5
8d0588_2024-06,8d0588,2024-06,0.5
b0ff51_2023-08,b0ff51,2023-08,0.5
8d0588_2021-01,8d0588,2021-01,0.5
b0ff51_2022-02,b0ff51,2022-02,0.5
1bdb97_2024-11,1bdb97,2024-11,0.5
e361b7_2015-12,e361b7,2015-12,0.5
d59611_2022-08,d59611,2022-08,0.5
83894c_2018-01,83894c,2018-01,0.5
a25664_2020-08,a25664,2020-08,0.5
c3a69f_2022-08,c3a69f,2022-08,0.5
b416b1_2025-10,b416b1,2025-10,0.5
a97df3_2019-06,a97df3,2019-06,0.5
77e86b_2024-04,77e86b,2024-04,0.5
87cfea_2021-10,87cfea,2021-10,0.5
99c11c_2020-11,99c11c,2020-11,0.5
dc4b5e_2020-02,dc4b5e,2020-02,0.5
a97df3_2019-10,a97df3,2019-10,0.5
731908_2018-12,731908,2018-12,0.5
a97df3_2019-09,a97df3,2019-09,0.5
87cfea_2017-03,87cfea,2017-03,0.5
c48018_2015-12,c48018,2015-12,0.5
ab32d7_2024-06,ab32d7,2024-06,0.5
8b98f3_2025-08,8b98f3,2025-08,0.5
4fb2d3_2022-08,4fb2d3,2022-08,0.5
f25ffe_2024-09,f25ffe,2024-09,0.5
259a19_2020-11,259a19,2020-11,0.5
987bc1_2023-07,987bc1,2023-07,0.5
6224d0_2021-03,6224d0,2021-03,0.5
4718d7_2021-05,4718d7,2021-05,0.5
4ee2d2_2025-03,4ee2d2,2025-03,0.5
6f5e2b_2025-05,6f5e2b,2025-05,0.5
259a19_2021-05,259a19,2021-05,0.5
5ecf9b_2025-05,5ecf9b,2025-05,0.5
987bc1_2023-01,987bc1,2023-01,0.5
a42d13_2024-05,a42d13,2024-05,0.5
6224d0_2025-02,6224d0,2025-02,0.5
94f933_2024-07,94f933,2024-07,0.5
92dcdd_2020-08,92dcdd,2020-08,0.5
a42d13_2021-09,a42d13,2021-09,0.5
4fb2d3_2022-05,4fb2d3,2022-05,0.5
4fb2d3_2024-05,4fb2d3,2024-05,0.5
6224d0_2019-01,6224d0,2019-01,0.5
259a19_2023-05,259a19,2023-05,0.5
439fde_2018-06,439fde,2018-06,0.5
77e86b_2025-01,77e86b,2025-01,0.5
175155_2023-08,175155,2023-08,0.5
b08ec1_2017-02,b08ec1,2017-02,0.5
8fabe0_2023-05,8fabe0,2023-05,0.5
6838b9_2020-01,6838b9,2020-01,0.5
022433_2025-05,022433,2025-05,0.5
fc77d0_2020-02,fc77d0,2020-02,0.5
175155_2020-10,175155,2020-10,0.5
175155_2022-08,175155,2022-08,0.5
a42d13_2025-09,a42d13,2025-09,0.5
f25ffe_2024-11,f25ffe,2024-11,0.5
4718d7_2023-06,4718d7,2023-06,0.5
259a19_2020-06,259a19,2020-06,0.5
18defd_2024-03,18defd,2024-03,0.5
439fde_2019-08,439fde,2019-08,0.5
5ecf9b_2022-07,5ecf9b,2022-07,0.5
fc77d0_2018-03,fc77d0,2018-03,0.5
987bc1_2019-05,987bc1,2019-05,0.5
fc77d0_2020-11,fc77d0,2020-11,0.5
fc77d0_2025-06,fc77d0,2025-06,0.5
265164_2024-01,265164,2024-01,0.5
6838b9_2021-12,6838b9,2021-12,0.5
7e646c_2023-08,7e646c,2023-08,0.5
94f933_2025-02,94f933,2025-02,0.5
a42d13_2019-03,a42d13,2019-03,0.5
fb737b_2023-02,fb737b,2023-02,0.5
8fabe0_2022-12,8fabe0,2022-12,0.5
a25664_2021-10,a25664,2021-10,0.5
ab32d7_2023-04,ab32d7,2023-04,0.5
ab32d7_2024-12,ab32d7,2024-12,0.5
4fb2d3_2018-05,4fb2d3,2018-05,0.5
f25ffe_2024-12,f25ffe,2024-12,0.5
1698cf_2022-08,1698cf,2022-08,0.5
c3a69f_2021-03,c3a69f,2021-03,0.5
92dcdd_2024-01,92dcdd,2024-01,0.5
f461d4_2023-10,f461d4,2023-10,0.5
6224d0_2014-10,6224d0,2014-10,0.5
4ee2d2_2025-05,4ee2d2,2025-05,0.5
a42d13_2019-01,a42d13,2019-01,0.5
a42d13_2022-07,a42d13,2022-07,0.5
a42d13_2023-09,a42d13,2023-09,0.5
fb34b4_2025-08,fb34b4,2025-08,0.5
fb737b_2025-06,fb737b,2025-06,0.5
4ee2d2_2024-07,4ee2d2,2024-07,0.5
8fabe0_2020-08,8fabe0,2020-08,0.5
259a19_2022-07,259a19,2022-07,0.5
b08ec1_2015-02,b08ec1,2015-02,0.5
fb737b_2019-12,fb737b,2019-12,0.5
e60b65_2023-07,e60b65,2023-07,0.5
5a0174_2025-08,5a0174,2025-08,0.5
f461d4_2021-07,f461d4,2021-07,0.5
c3a69f_2019-01,c3a69f,2019-01,0.5
987bc1_2025-04,987bc1,2025-04,0.5
e60b65_2023-10,e60b65,2023-10,0.5
fc77d0_2021-05,fc77d0,2021-05,0.5
92dcdd_2025-08,92dcdd,2025-08,0.5
259a19_2022-04,259a19,2022-04,0.5
c48018_2019-06,c48018,2019-06,0.5
8b98f3_2024-03,8b98f3,2024-03,0.5
5ecf9b_2024-01,5ecf9b,2024-01,0.5
987bc1_2022-05,987bc1,2022-05,0.5
c3a69f_2018-12,c3a69f,2018-12,0.5
0ffc2d_2022-11,0ffc2d,2022-11,0.5
92dcdd_2023-12,92dcdd,2023-12,0.5
987bc1_2020-12,987bc1,2020-12,0.5
fb737b_2025-01,fb737b,2025-01,0.5
a42d13_2019-06,a42d13,2019-06,0.5
a42d13_2023-04,a42d13,2023-04,0.5
6224d0_2020-08,6224d0,2020-08,0.5
1bdb97_2021-12,1bdb97,2021-12,0.5
4718d7_2024-05,4718d7,2024-05,0.5
c48018_2020-02,c48018,2020-02,0.5
0874ee_2019-01,0874ee,2019-01,0.5
4fb2d3_2022-01,4fb2d3,2022-01,0.5
a42d13_2022-02,a42d13,2022-02,0.5
6f5e2b_2022-05,6f5e2b,2022-05,0.5
259a19_2023-09,259a19,2023-09,0.5
5ecf9b_2024-10,5ecf9b,2024-10,0.5
6838b9_2021-08,6838b9,2021-08,0.5
fc77d0_2024-10,fc77d0,2024-10,0.5
1698cf_2019-10,1698cf,2019-10,0.5
a25664_2024-07,a25664,2024-07,0.5
ab32d7_2024-02,ab32d7,2024-02,0.5
8b98f3_2022-07,8b98f3,2022-07,0.5
74b7d1_2019-10,74b7d1,2019-10,0.5
a42d13_2022-06,a42d13,2022-06,0.5
f25ffe_2023-12,f25ffe,2023-12,0.5
5a0174_2019-07,5a0174,2019-07,0.5
6f5e2b_2022-06,6f5e2b,2022-06,0.5
f461d4_2022-05,f461d4,2022-05,0.5
259a19_2021-10,259a19,2021-10,0.5
a25664_2019-04,a25664,2019-04,0.5
a25664_2025-02,a25664,2025-02,0.5
a42d13_2017-05,a42d13,2017-05,0.5
b08ec1_2015-03,b08ec1,2015-03,0.5
4fb2d3_2023-05,4fb2d3,2023-05,0.5
92dcdd_2024-07,92dcdd,2024-07,0.5
6224d0_2020-11,6224d0,2020-11,0.5
5a0174_2017-08,5a0174,2017-08,0.5
175155_2024-11,175155,2024-11,0.5
f461d4_2023-04,f461d4,2023-04,0.5
f461d4_2024-03,f461d4,2024-03,0.5
90abb1_2023-12,90abb1,2023-12,0.5
fb34b4_2022-08,fb34b4,2022-08,0.5
6224d0_2025-07,6224d0,2025-07,0.5
0e8d73_2024-01,0e8d73,2024-01,0.5
34889b_2018-03,34889b,2018-03,0.5
fb34b4_2024-01,fb34b4,2024-01,0.5
92dcdd_2019-01,92dcdd,2019-01,0.5
bf6f0d_2024-05,bf6f0d,2024-05,0.5
424c1b_2025-03,424c1b,2025-03,0.5
a25664_2023-10,a25664,2023-10,0.5
c48018_2017-04,c48018,2017-04,0.5
92dcdd_2024-08,92dcdd,2024-08,0.5
fb34b4_2023-09,fb34b4,2023-09,0.5
7199cf_2025-04,7199cf,2025-04,0.5
bf6f0d_2022-05,bf6f0d,2022-05,0.5
b08ec1_2022-11,b08ec1,2022-11,0.5
bf6f0d_2023-10,bf6f0d,2023-10,0.5
bf6f0d_2024-01,bf6f0d,2024-01,0.5
e60b65_2016-10,e60b65,2016-10,0.5
1822ea_2025-06,1822ea,2025-06,0.5
987bc1_2017-06,987bc1,2017-06,0.5
9befc8_2024-07,9befc8,2024-07,0.5
fa8553_2022-01,fa8553,2022-01,0.5
90abb1_2019-08,90abb1,2019-08,0.5
948a11_2022-11,948a11,2022-11,0.5
bf6f0d_2017-09,bf6f0d,2017-09,0.5
a42d13_2015-03,a42d13,2015-03,0.5
9af74c_2019-11,9af74c,2019-11,0.5
18defd_2016-05,18defd,2016-05,0.5
0f9e86_2023-07,0f9e86,2023-07,0.5
90abb1_2022-07,90abb1,2022-07,0.5
987bc1_2022-10,987bc1,2022-10,0.5
bf6f0d_2023-04,bf6f0d,2023-04,0.5
1822ea_2020-12,1822ea,2020-12,0.5
1822ea_2023-11,1822ea,2023-11,0.5
bc4c03_2025-06,bc4c03,2025-06,0.5
90abb1_2019-11,90abb1,2019-11,0.5
1822ea_2020-07,1822ea,2020-07,0.5
175155_2014-09,175155,2014-09,0.5
11f0e3_2023-05,11f0e3,2023-05,0.5
11f0e3_2025-03,11f0e3,2025-03,0.5
6224d0_2014-08,6224d0,2014-08,0.5
bf6f0d_2018-12,bf6f0d,2018-12,0.5
bf6f0d_2025-03,bf6f0d,2025-03,0.5
e60b65_2016-07,e60b65,2016-07,0.5
4ee2d2_2024-06,4ee2d2,2024-06,0.5
18defd_2017-06,18defd,2017-06,0.5
9f1aa0_2020-06,9f1aa0,2020-06,0.5
948a11_2022-09,948a11,2022-09,0.5
b08ec1_2023-02,b08ec1,2023-02,0.5
b1de95_2019-12,b1de95,2019-12,0.5
db5006_2015-02,db5006,2015-02,0.5
3a13b3_2024-11,3a13b3,2024-11,0.5
e83244_2017-02,e83244,2017-02,0.5
e83244_2019-05,e83244,2019-05,0.5
e83244_2023-04,e83244,2023-04,0.5
06534f_2024-07,06534f,2024-07,0.5
b1de95_2023-12,b1de95,2023-12,0.5
f4604d_2019-09,f4604d,2019-09,0.5
1b9e65_2023-09,1b9e65,2023-09,0.5
e2314a_2017-09,e2314a,2017-09,0.5
60a0fd_2017-06,60a0fd,2017-06,0.5
0cecbd_2018-05,0cecbd,2018-05,0.5
29849f_2025-08,29849f,2025-08,0.5
4fb2d3_2017-10,4fb2d3,2017-10,0.5
545d15_2019-05,545d15,2019-05,0.5
7a007d_2024-12,7a007d,2024-12,0.5
531356_2015-04,531356,2015-04,0.5
0cecbd_2025-07,0cecbd,2025-07,0.5
db5006_2023-11,db5006,2023-11,0.5
db5006_2025-05,db5006,2025-05,0.5
f4604d_2020-01,f4604d,2020-01,0.5
0cecbd_2021-03,0cecbd,2021-03,0.5
0cecbd_2024-08,0cecbd,2024-08,0.5
3a13b3_2025-02,3a13b3,2025-02,0.5
b73bc7_2024-11,b73bc7,2024-11,0.5
531356_2025-03,531356,2025-03,0.5
1b9e65_2021-09,1b9e65,2021-09,0.5
f500c5_2015-08,f500c5,2015-08,0.5
0cecbd_2022-03,0cecbd,2022-03,0.5
b1de95_2024-11,b1de95,2024-11,0.5
3a13b3_2024-09,3a13b3,2024-09,0.5
e83244_2017-12,e83244,2017-12,0.5
c580aa_2024-03,c580aa,2024-03,0.5
db5006_2017-05,db5006,2017-05,0.5
db5006_2020-03,db5006,2020-03,0.5
545d15_2020-09,545d15,2020-09,0.5
e83244_2014-12,e83244,2014-12,0.5
531356_2015-12,531356,2015-12,0.5
a25664_2020-11,a25664,2020-11,0.5
e2314a_2018-05,e2314a,2018-05,0.5
e2314a_2019-10,e2314a,2019-10,0.5
e83244_2015-05,e83244,2015-05,0.5
29849f_2023-03,29849f,2023-03,0.5
db5006_2016-02,db5006,2016-02,0.5
6224d0_2021-05,6224d0,2021-05,0.5
e2314a_2021-08,e2314a,2021-08,0.5
e83244_2018-02,e83244,2018-02,0.5
db5006_2014-12,db5006,2014-12,0.5
e3af0e_2015-02,e3af0e,2015-02,0.5
c580aa_2023-07,c580aa,2023-07,0.5
c580aa_2024-11,c580aa,2024-11,0.5
b1de95_2024-03,b1de95,2024-03,0.5
db5006_2018-06,db5006,2018-06,0.5
db5006_2019-07,db5006,2019-07,0.5
545d15_2020-02,545d15,2020-02,0.5
e83244_2023-01,e83244,2023-01,0.5
829a72_2014-12,829a72,2014-12,0.5
29849f_2020-11,29849f,2020-11,0.5
b73bc7_2019-11,b73bc7,2019-11,0.5
545d15_2019-01,545d15,2019-01,0.5
f4604d_2015-03,f4604d,2015-03,0.5
e83244_2022-01,e83244,2022-01,0.5
db5006_2020-05,db5006,2020-05,0.5
7a007d_2024-07,7a007d,2024-07,0.5
e2314a_2014-12,e2314a,2014-12,0.5
98a151_2014-07,98a151,2014-07,0.5
531356_2018-06,531356,2018-06,0.5
e2314a_2023-11,e2314a,2023-11,0.5
06534f_2018-05,06534f,2018-05,0.5
98a151_2014-12,98a151,2014-12,0.5
db5006_2020-04,db5006,2020-04,0.5
1b9e65_2021-08,1b9e65,2021-08,0.5
e83244_2023-06,e83244,2023-06,0.5
175155_2021-03,175155,2021-03,0.5
545d15_2020-10,545d15,2020-10,0.5
e2314a_2019-01,e2314a,2019-01,0.5
e83244_2017-11,e83244,2017-11,0.5
e83244_2023-11,e83244,2023-11,0.5
829a72_2018-01,829a72,2018-01,0.5
0cecbd_2023-06,0cecbd,2023-06,0.5
1b9e65_2021-04,1b9e65,2021-04,0.5
7a007d_2025-04,7a007d,2025-04,0.5
60a0fd_2017-04,60a0fd,2017-04,0.5
a25664_2021-01,a25664,2021-01,0.5
06534f_2023-05,06534f,2023-05,0.5
f4604d_2016-11,f4604d,2016-11,0.5
60a0fd_2017-02,60a0fd,2017-02,0.5
1b9e65_2020-09,1b9e65,2020-09,0.5
1b9e65_2024-10,1b9e65,2024-10,0.5
531356_2023-05,531356,2023-05,0.5
e2314a_2022-05,e2314a,2022-05,0.5
e3af0e_2018-01,e3af0e,2018-01,0.5
1b9e65_2020-08,1b9e65,2020-08,0.5
e2314a_2020-01,e2314a,2020-01,0.5
06534f_2019-06,06534f,2019-06,0.5
0cecbd_2022-06,0cecbd,2022-06,0.5
022433_2023-05,022433,2023-05,0.5
531356_2017-04,531356,2017-04,0.5
510fbf_2021-12,510fbf,2021-12,0.5
af81b0_2018-06,af81b0,2018-06,0.5
0874ee_2017-03,0874ee,2017-03,0.5
022433_2022-04,022433,2022-04,0.5
022433_2024-01,022433,2024-01,0.5
f4604d_2019-06,f4604d,2019-06,0.5
022433_2022-05,022433,2022-05,0.5
cd0e60_2025-08,cd0e60,2025-08,0.5
d86999_2020-09,d86999,2020-09,0.5
022433_2023-09,022433,2023-09,0.5
375f2e_2015-12,375f2e,2015-12,0.5
894378_2020-06,894378,2020-06,0.5
f4604d_2017-06,f4604d,2017-06,0.5
c5816f_2017-10,c5816f,2017-10,0.5
f4604d_2018-03,f4604d,2018-03,0.5
af81b0_2018-01,af81b0,2018-01,0.5
b73bc7_2019-01,b73bc7,2019-01,0.5
b1de95_2019-05,b1de95,2019-05,0.5
022433_2024-08,022433,2024-08,0.5
fa8553_2021-09,fa8553,2021-09,0.5
531356_2025-04,531356,2025-04,0.5
829a72_2024-11,829a72,2024-11,0.5
022433_2022-02,022433,2022-02,0.5
e361b7_2020-08,e361b7,2020-08,0.5
b73bc7_2018-02,b73bc7,2018-02,0.5
7a007d_2019-08,7a007d,2019-08,0.5
29849f_2018-12,29849f,2018-12,0.5
531356_2017-02,531356,2017-02,0.5
87cfea_2022-10,87cfea,2022-10,0.5
29849f_2020-12,29849f,2020-12,0.5
531356_2017-05,531356,2017-05,0.5
3a13b3_2020-03,3a13b3,2020-03,0.5
b08ec1_2019-02,b08ec1,2019-02,0.5
375f2e_2018-03,375f2e,2018-03,0.5
f4604d_2020-06,f4604d,2020-06,0.5
34889b_2017-02,34889b,2017-02,0.5
987bc1_2025-06,987bc1,2025-06,0.5
e7a56d_2023-01,e7a56d,2023-01,0.5
90abb1_2024-05,90abb1,2024-05,0.5
bf6f0d_2022-03,bf6f0d,2022-03,0.5
bc4c03_2023-11,bc4c03,2023-11,0.5
fb737b_2024-03,fb737b,2024-03,0.5
fb34b4_2024-05,fb34b4,2024-05,0.5
77b3b9_2024-08,77b3b9,2024-08,0.5
bf6f0d_2016-05,bf6f0d,2016-05,0.5
b73bc7_2019-03,b73bc7,2019-03,0.5
531356_2018-02,531356,2018-02,0.5
4fb2d3_2023-12,4fb2d3,2023-12,0.5
1822ea_2016-06,1822ea,2016-06,0.5
e83244_2021-01,e83244,2021-01,0.5
a97df3_2022-08,a97df3,2022-08,0.5
29849f_2018-10,29849f,2018-10,0.5
1822ea_2016-11,1822ea,2016-11,0.5
db5006_2015-06,db5006,2015-06,0.5
77b3b9_2018-02,77b3b9,2018-02,0.5
83894c_2024-10,83894c,2024-10,0.5
1822ea_2016-12,1822ea,2016-12,0.5
f4604d_2017-07,f4604d,2017-07,0.5
531356_2016-08,531356,2016-08,0.5
af81b0_2019-08,af81b0,2019-08,0.5
a97df3_2024-09,a97df3,2024-09,0.5
90abb1_2023-04,90abb1,2023-04,0.5
8005b9_2017-01,8005b9,2017-01,0.5
987bc1_2023-02,987bc1,2023-02,0.5
77b3b9_2025-01,77b3b9,2025-01,0.5
e2314a_2019-05,e2314a,2019-05,0.5
9af74c_2015-01,9af74c,2015-01,0.5
bc4c03_2017-02,bc4c03,2017-02,0.5
29849f_2016-02,29849f,2016-02,0.5
b73bc7_2017-05,b73bc7,2017-05,0.5
f4d28d_2024-08,f4d28d,2024-08,0.5
e7a56d_2017-12,e7a56d,2017-12,0.5
bf6f0d_2014-06,bf6f0d,2014-06,0.5
bf6f0d_2014-07,bf6f0d,2014-07,0.5
77b3b9_2022-09,77b3b9,2022-09,0.5
77b3b9_2024-03,77b3b9,2024-03,0.5
439fde_2015-01,439fde,2015-01,0.5
531356_2016-12,531356,2016-12,0.5
34889b_2023-01,34889b,2023-01,0.5
dc4b5e_2025-08,dc4b5e,2025-08,0.5
375f2e_2019-01,375f2e,2019-01,0.5
9af74c_2020-01,9af74c,2020-01,0.5
e2314a_2024-01,e2314a,2024-01,0.5
948a11_2024-09,948a11,2024-09,0.5
bf6f0d_2022-12,bf6f0d,2022-12,0.5
a97df3_2022-10,a97df3,2022-10,0.5
424c1b_2024-09,424c1b,2024-09,0.5
1bdb97_2022-09,1bdb97,2022-09,0.5
77b3b9_2020-03,77b3b9,2020-03,0.5
b1de95_2019-07,b1de95,2019-07,0.5
531356_2020-04,531356,2020-04,0.5
a97df3_2023-06,a97df3,2023-06,0.5
375f2e_2021-01,375f2e,2021-01,0.5
74fb1f_2018-04,74fb1f,2018-04,0.5
cd0e60_2020-07,cd0e60,2020-07,0.5
98a151_2021-04,98a151,2021-04,0.5
829a72_2020-01,829a72,2020-01,0.5
c5df88_2024-01,c5df88,2024-01,0.5
74fb1f_2020-10,74fb1f,2020-10,0.5
e2e0ce_2020-01,e2e0ce,2020-01,0.5
2ab8ad_2020-06,2ab8ad,2020-06,0.5
531356_2017-03,531356,2017-03,0.5
6838b9_2024-06,6838b9,2024-06,0.5
a42d13_2017-06,a42d13,2017-06,0.5
98a151_2022-11,98a151,2022-11,0.5
829a72_2022-07,829a72,2022-07,0.5
8fabe0_2016-05,8fabe0,2016-05,0.5
293190_2020-08,293190,2020-08,0.5
293190_2025-12,293190,2025-12,0.5
98a151_2024-08,98a151,2024-08,0.5
4f2b6b_2022-07,4f2b6b,2022-07,0.5
2ab8ad_2020-09,2ab8ad,2020-09,0.5
cd0e60_2021-02,cd0e60,2021-02,0.5
2ab8ad_2019-12,2ab8ad,2019-12,0.5
88a9a6_2018-07,88a9a6,2018-07,0.5
88a9a6_2025-03,88a9a6,2025-03,0.5
60a0fd_2020-11,60a0fd,2020-11,0.5
77b3b9_2023-10,77b3b9,2023-10,0.5
cd0e60_2020-01,cd0e60,2020-01,0.5
e3af0e_2020-11,e3af0e,2020-11,0.5
6838b9_2019-03,6838b9,2019-03,0.5
88a9a6_2020-08,88a9a6,2020-08,0.5
cd0e60_2019-07,cd0e60,2019-07,0.5
cd0e60_2021-01,cd0e60,2021-01,0.5
c5df88_2026-01,c5df88,2026-01,0.5
293190_2019-10,293190,2019-10,0.5
e2e0ce_2017-11,e2e0ce,2017-11,0.5
c5df88_2026-03,c5df88,2026-03,0.5
c5df88_2025-01,c5df88,2025-01,0.5
a25664_2019-01,a25664,2019-01,0.5
4fb2d3_2016-11,4fb2d3,2016-11,0.5
f25ffe_2024-04,f25ffe,2024-04,0.5
e3af0e_2021-09,e3af0e,2021-09,0.5
9af74c_2025-08,9af74c,2025-08,0.5
e2e0ce_2019-12,e2e0ce,2019-12,0.5
77b3b9_2018-01,77b3b9,2018-01,0.5
cd0e60_2019-08,cd0e60,2019-08,0.5
7aa803_2015-07,7aa803,2015-07,0.5
6224d0_2018-12,6224d0,2018-12,0.5
9b46ed_2016-01,9b46ed,2016-01,0.5
92dcdd_2022-02,92dcdd,2022-02,0.5
829a72_2021-10,829a72,2021-10,0.5
829a72_2022-03,829a72,2022-03,0.5
88a9a6_2017-05,88a9a6,2017-05,0.5
92dcdd_2020-12,92dcdd,2020-12,0.5
92dcdd_2023-04,92dcdd,2023-04,0.5
cd0e60_2021-11,cd0e60,2021-11,0.5
175155_2018-02,175155,2018-02,0.5
7bf5c9_2022-08,7bf5c9,2022-08,0.5
4f2b6b_2023-03,4f2b6b,2023-03,0.5
98a151_2020-01,98a151,2020-01,0.5
98a151_2021-08,98a151,2021-08,0.5
88a9a6_2020-11,88a9a6,2020-11,0.5
3a13b3_2015-06,3a13b3,2015-06,0.5
60a0fd_2021-11,60a0fd,2021-11,0.5
1996b0_2023-06,1996b0,2023-06,0.5
8b98f3_2021-10,8b98f3,2021-10,0.5
1996b0_2023-07,1996b0,2023-07,0.5
731908_2015-04,731908,2015-04,0.5
ab32d7_2022-04,ab32d7,2022-04,0.5
f500c5_2014-06,f500c5,2014-06,0.5
f500c5_2015-03,f500c5,2015-03,0.5
60a0fd_2019-09,60a0fd,2019-09,0.5
1996b0_2024-03,1996b0,2024-03,0.5
5ecf9b_2022-04,5ecf9b,2022-04,0.5
829a72_2017-12,829a72,2017-12,0.5
829a72_2017-08,829a72,2017-08,0.5
ab32d7_2022-03,ab32d7,2022-03,0.5
dc4b5e_2023-04,dc4b5e,2023-04,0.5
a97df3_2020-01,a97df3,2020-01,0.5
92dcdd_2025-07,92dcdd,2025-07,0.5
f500c5_2014-09,f500c5,2014-09,0.5
1996b0_2024-06,1996b0,2024-06,0.5
f500c5_2014-10,f500c5,2014-10,0.5
bc4c03_2025-04,bc4c03,2025-04,0.5
7a007d_2015-03,7a007d,2015-03,0.5
18defd_2017-03,18defd,2017-03,0.5
3db670_2014-10,3db670,2014-10,0.5
90abb1_2023-08,90abb1,2023-08,0.5
1698cf_2021-05,1698cf,2021-05,0.5
9befc8_2015-01,9befc8,2015-01,0.5
e2314a_2024-09,e2314a,2024-09,0.5
db4cd8_2019-12,db4cd8,2019-12,0.5
a42d13_2014-06,a42d13,2014-06,0.5
948a11_2023-05,948a11,2023-05,0.5
e7a56d_2021-09,e7a56d,2021-09,0.5
7a007d_2019-01,7a007d,2019-01,0.5
6224d0_2014-09,6224d0,2014-09,0.5
29849f_2016-12,29849f,2016-12,0.5
3db670_2020-02,3db670,2020-02,0.5
6224d0_2016-05,6224d0,2016-05,0.5
1698cf_2020-09,1698cf,2020-09,0.5
fb737b_2021-09,fb737b,2021-09,0.5
74b7d1_2019-02,74b7d1,2019-02,0.5
d86999_2020-05,d86999,2020-05,0.5
f25ffe_2025-05,f25ffe,2025-05,0.5
74b7d1_2024-04,74b7d1,2024-04,0.5
429b22_2025-05,429b22,2025-05,0.5
f500c5_2015-10,f500c5,2015-10,0.5
545d15_2021-02,545d15,2021-02,0.5
92dcdd_2025-04,92dcdd,2025-04,0.5
4718d7_2015-09,4718d7,2015-09,0.5
4718d7_2015-08,4718d7,2015-08,0.5
06534f_2015-08,06534f,2015-08,0.5
bc4c03_2015-11,bc4c03,2015-11,0.5
e7a56d_2016-12,e7a56d,2016-12,0.5
f1543b_2020-01,f1543b,2020-01,0.5
b73bc7_2019-06,b73bc7,2019-06,0.5
db5006_2016-11,db5006,2016-11,0.5
b416b1_2015-07,b416b1,2015-07,0.5
7bf5c9_2021-09,7bf5c9,2021-09,0.5
7a007d_2021-09,7a007d,2021-09,0.5
6224d0_2017-10,6224d0,2017-10,0.5
e7a56d_2016-06,e7a56d,2016-06,0.5
3a13b3_2019-04,3a13b3,2019-04,0.5
7a007d_2022-04,7a007d,2022-04,0.5
7a007d_2018-03,7a007d,2018-03,0.5
7a007d_2015-12,7a007d,2015-12,0.5
0cecbd_2022-11,0cecbd,2022-11,0.5
1bdb97_2023-08,1bdb97,2023-08,0.5
18defd_2017-01,18defd,2017-01,0.5
7a007d_2025-09,7a007d,2025-09,0.5
7a007d_2023-06,7a007d,2023-06,0.5
c3a69f_2021-02,c3a69f,2021-02,0.5
77e86b_2018-10,77e86b,2018-10,0.5
375f2e_2020-12,375f2e,2020-12,0.5
7a007d_2020-08,7a007d,2020-08,0.5
7a007d_2017-09,7a007d,2017-09,0.5
7a007d_2022-08,7a007d,2022-08,0.5
c580aa_2019-09,c580aa,2019-09,0.5
8fabe0_2021-11,8fabe0,2021-11,0.5
a97df3_2024-04,a97df3,2024-04,0.5
d59611_2020-09,d59611,2020-09,0.5
fb737b_2023-11,fb737b,2023-11,0.5
7a007d_2019-12,7a007d,2019-12,0.5
1bdb97_2023-09,1bdb97,2023-09,0.5
c580aa_2017-07,c580aa,2017-07,0.5
8d0588_2023-06,8d0588,2023-06,0.5
d59611_2021-02,d59611,2021-02,0.5
b0ff51_2015-07,b0ff51,2015-07,0.5
14fe3a_2017-05,14fe3a,2017-05,0.5
a42d13_2015-10,a42d13,2015-10,0.5
f461d4_2017-10,f461d4,2017-10,0.5
b0ff51_2018-09,b0ff51,2018-09,0.5
b59bc0_2017-08,b59bc0,2017-08,0.5
8d0588_2015-07,8d0588,2015-07,0.5
f461d4_2020-07,f461d4,2020-07,0.5
8d0588_2016-07,8d0588,2016-07,0.5
11f0e3_2015-01,11f0e3,2015-01,0.5
8d0588_2016-08,8d0588,2016-08,0.5
bf6f0d_2019-11,bf6f0d,2019-11,0.5
98a151_2020-07,98a151,2020-07,0.5
1822ea_2021-02,1822ea,2021-02,0.5
b73bc7_2020-07,b73bc7,2020-07,0.5
db4cd8_2016-05,db4cd8,2016-05,0.5
a25664_2018-01,a25664,2018-01,0.5
af81b0_2015-09,af81b0,2015-09,0.5
175155_2020-11,175155,2020-11,0.5
780a0b_2021-11,780a0b,2021-11,0.5
af81b0_2017-05,af81b0,2017-05,0.5
af81b0_2023-08,af81b0,2023-08,0.5
6f5e2b_2017-07,6f5e2b,2017-07,0.5
af81b0_2024-06,af81b0,2024-06,0.5
af81b0_2024-08,af81b0,2024-08,0.5
fb34b4_2022-06,fb34b4,2022-06,0.5
1822ea_2021-03,1822ea,2021-03,0.5
dc4b5e_2022-02,dc4b5e,2022-02,0.5
293190_2016-02,293190,2016-02,0.5
9f1aa0_2017-05,9f1aa0,2017-05,0.5
60a0fd_2018-11,60a0fd,2018-11,0.5
77b3b9_2016-05,77b3b9,2016-05,0.5
fb34b4_2022-04,fb34b4,2022-04,0.5
987bc1_2017-10,987bc1,2017-10,0.5
0cecbd_2015-12,0cecbd,2015-12,0.5
9befc8_2021-12,9befc8,2021-12,0.5
94f933_2023-03,94f933,2023-03,0.5
b1de95_2018-05,b1de95,2018-05,0.5
b1de95_2018-04,b1de95,2018-04,0.5
e3af0e_2015-09,e3af0e,2015-09,0.5
0f9e86_2023-11,0f9e86,2023-11,0.5
987bc1_2017-09,987bc1,2017-09,0.5
bc4c03_2018-07,bc4c03,2018-07,0.5
bc4c03_2018-09,bc4c03,2018-09,0.5
bc4c03_2018-08,bc4c03,2018-08,0.5
cd0e60_2020-04,cd0e60,2020-04,0.5
b08ec1_2021-09,b08ec1,2021-09,0.5
b1de95_2022-12,b1de95,2022-12,0.5
34889b_2016-12,34889b,2016-12,0.5
6c1954_2020-06,6c1954,2020-06,0.5
e361b7_2017-09,e361b7,2017-09,0.5
0ffc2d_2020-06,0ffc2d,2020-06,0.5
3a13b3_2019-10,3a13b3,2019-10,0.5
e60b65_2019-08,e60b65,2019-08,0.5
175155_2017-01,175155,2017-01,0.5
175155_2017-02,175155,2017-02,0.5
14fe3a_2016-05,14fe3a,2016-05,0.5
8005b9_2020-12,8005b9,2020-12,0.5
e60b65_2022-06,e60b65,2022-06,0.5
a25664_2020-06,a25664,2020-06,0.5
3db670_2018-12,3db670,2018-12,0.5
b416b1_2016-10,b416b1,2016-10,0.5
4fb2d3_2021-01,4fb2d3,2021-01,0.5
6f5e2b_2020-06,6f5e2b,2020-06,0.5
e60b65_2022-01,e60b65,2022-01,0.5
3a13b3_2015-12,3a13b3,2015-12,0.5
a25664_2015-08,a25664,2015-08,0.5
e60b65_2020-06,e60b65,2020-06,0.5
fc77d0_2017-07,fc77d0,2017-07,0.5
e60b65_2021-03,e60b65,2021-03,0.5
9befc8_2020-06,9befc8,2020-06,0.5
1698cf_2017-06,1698cf,2017-06,0.5
9b46ed_2015-09,9b46ed,2015-09,0.5
d59611_2017-03,d59611,2017-03,0.5
14fe3a_2015-05,14fe3a,2015-05,0.5
14fe3a_2015-06,14fe3a,2015-06,0.5
9f1aa0_2016-03,9f1aa0,2016-03,0.5
db4cd8_2016-08,db4cd8,2016-08,0.5
db4cd8_2016-11,db4cd8,2016-11,0.5
d59611_2020-08,d59611,2020-08,0.5
f500c5_2016-01,f500c5,2016-01,0.5
d59611_2020-11,d59611,2020-11,0.5
1822ea_2017-09,1822ea,2017-09,0.5
8bd3ce_2020-05,8bd3ce,2020-05,0.5
db4cd8_2015-09,db4cd8,2015-09,0.5
1822ea_2015-09,1822ea,2015-09,0.5
375f2e_2020-11,375f2e,2020-11,0.5
f500c5_2017-08,f500c5,2017-08,0.5
f500c5_2017-12,f500c5,2017-12,0.5
77b3b9_2015-09,77b3b9,2015-09,0.5
18defd_2017-12,18defd,2017-12,0.5
1b9e65_2016-07,1b9e65,2016-07,0.5
c48018_2018-10,c48018,2018-10,0.5
a25664_2017-10,a25664,2017-10,0.5
5a0174_2015-11,5a0174,2015-11,0.5
8fabe0_2017-08,8fabe0,2017-08,0.5
3a13b3_2022-03,3a13b3,2022-03,0.5
6f5e2b_2017-01,6f5e2b,2017-01,0.5
3db670_2020-05,3db670,2020-05,0.5
6f5e2b_2016-08,6f5e2b,2016-08,0.5
b73bc7_2016-07,b73bc7,2016-07,0.5
b1de95_2021-09,b1de95,2021-09,0.5
b73bc7_2021-06,b73bc7,2021-06,0.5
d59611_2017-07,d59611,2017-07,0.5
7aa803_2015-09,7aa803,2015-09,0.5
2ab8ad_2015-05,2ab8ad,2015-05,0.5
9b46ed_2024-03,9b46ed,2024-03,0.5
f1543b_2016-08,f1543b,2016-08,0.5
9b46ed_2024-04,9b46ed,2024-04,0.5
e7a56d_2021-06,e7a56d,2021-06,0.5
7bf5c9_2025-06,7bf5c9,2025-06,0.5
7bf5c9_2025-10,7bf5c9,2025-10,0.5
e3af0e_2017-07,e3af0e,2017-07,0.5
829a72_2017-11,829a72,2017-11,0.5
b73bc7_2018-11,b73bc7,2018-11,0.5
18defd_2018-09,18defd,2018-09,0.5
7bf5c9_2017-03,7bf5c9,2017-03,0.5
8d0588_2021-11,8d0588,2021-11,0.5
2ab8ad_2015-12,2ab8ad,2015-12,0.5
b08ec1_2016-04,b08ec1,2016-04,0.5
545d15_2021-10,545d15,2021-10,0.5
545d15_2024-05,545d15,2024-05,0.5
9b3bd5_2024-12,9b3bd5,2024-12,0.5
545d15_2024-12,545d15,2024-12,0.5
545d15_2025-03,545d15,2025-03,0.5
545d15_2025-09,545d15,2025-09,0.5
74b7d1_2020-09,74b7d1,2020-09,0.5
74b7d1_2021-05,74b7d1,2021-05,0.5
74b7d1_2021-10,74b7d1,2021-10,0.5
74b7d1_2021-02,74b7d1,2021-02,0.5
b73bc7_2021-11,b73bc7,2021-11,0.5
3db670_2022-08,3db670,2022-08,0.5
b1de95_2022-04,b1de95,2022-04,0.5
06534f_2021-05,06534f,2021-05,0.5
c5816f_2020-05,c5816f,2020-05,0.5
c580aa_2016-04,c580aa,2016-04,0.5
b1de95_2020-04,b1de95,2020-04,0.5
3a13b3_2021-01,3a13b3,2021-01,0.5
c5816f_2017-03,c5816f,2017-03,0.5
c580aa_2022-12,c580aa,2022-12,0.5
b1de95_2017-11,b1de95,2017-11,0.5
b1de95_2020-08,b1de95,2020-08,0.5
b73bc7_2020-04,b73bc7,2020-04,0.5
8005b9_2017-09,8005b9,2017-09,0.5
3a13b3_2021-11,3a13b3,2021-11,0.5
06534f_2020-05,06534f,2020-05,0.5
c5816f_2020-12,c5816f,2020-12,0.5
06534f_2021-06,06534f,2021-06,0.5
06534f_2016-04,06534f,2016-04,0.5
c580aa_2020-06,c580aa,2020-06,0.5
b1de95_2015-06,b1de95,2015-06,0.5
b1de95_2022-05,b1de95,2022-05,0.5
c580aa_2015-05,c580aa,2015-05,0.5
c5816f_2020-11,c5816f,2020-11,0.5
06534f_2014-10,06534f,2014-10,0.5
3a13b3_2016-02,3a13b3,2016-02,0.5
06534f_2021-04,06534f,2021-04,0.5
dc4b5e_2019-02,dc4b5e,2019-02,0.5
e3af0e_2017-10,e3af0e,2017-10,0.5
a97df3_2019-04,a97df3,2019-04,0.5
f500c5_2017-03,f500c5,2017-03,0.5
531356_2018-11,531356,2018-11,0.5
293190_2017-03,293190,2017-03,0.5
c48018_2020-04,c48018,2020-04,0.5
6f5e2b_2015-10,6f5e2b,2015-10,0.5
18defd_2021-12,18defd,2021-12,0.5
e7a56d_2018-08,e7a56d,2018-08,0.5
18defd_2020-08,18defd,2020-08,0.5
c48018_2020-08,c48018,2020-08,0.5
c48018_2022-01,c48018,2022-01,0.5
259a19_2016-08,259a19,2016-08,0.5
1822ea_2015-06,1822ea,2015-06,0.5
1822ea_2016-02,1822ea,2016-02,0.5
175155_2018-08,175155,2018-08,0.5
18defd_2020-09,18defd,2020-09,0.5
c580aa_2018-11,c580aa,2018-11,0.5
c48018_2022-06,c48018,2022-06,0.5
e7a56d_2020-09,e7a56d,2020-09,0.5
18defd_2023-01,18defd,2023-01,0.5
e7a56d_2018-09,e7a56d,2018-09,0.5
c48018_2017-12,c48018,2017-12,0.5
e7a56d_2017-03,e7a56d,2017-03,0.5
c48018_2022-02,c48018,2022-02,0.5
c48018_2021-06,c48018,2021-06,0.5
0874ee_2016-05,0874ee,2016-05,0.5
0874ee_2015-07,0874ee,2015-07,0.5
c48018_2017-01,c48018,2017-01,0.5
a97df3_2020-02,a97df3,2020-02,0.5
780a0b_2020-07,780a0b,2020-07,0.5
b59bc0_2015-12,b59bc0,2015-12,0.5
b59bc0_2016-01,b59bc0,2016-01,0.5
7aa803_2017-11,7aa803,2017-11,0.5
60a0fd_2017-03,60a0fd,2017-03,0.5
9af74c_2015-06,9af74c,2015-06,0.5
259a19_2020-05,259a19,2020-05,0.5
1698cf_2017-03,1698cf,2017-03,0.5
6f5e2b_2021-02,6f5e2b,2021-02,0.5
4718d7_2017-08,4718d7,2017-08,0.5
77e86b_2017-08,77e86b,2017-08,0.5
60a0fd_2016-01,60a0fd,2016-01,0.5
4718d7_2018-08,4718d7,2018-08,0.5
375f2e_2017-01,375f2e,2017-01,0.5
259a19_2018-07,259a19,2018-07,0.5
829a72_2020-08,829a72,2020-08,0.5
f461d4_2015-07,f461d4,2015-07,0.5
829a72_2016-12,829a72,2016-12,0.5
60a0fd_2017-05,60a0fd,2017-05,0.5
175155_2016-03,175155,2016-03,0.5
f461d4_2017-03,f461d4,2017-03,0.5
5a0174_2015-12,5a0174,2015-12,0.5
e3af0e_2015-08,e3af0e,2015-08,0.5
5a0174_2016-01,5a0174,2016-01,0.5
e3af0e_2015-06,e3af0e,2015-06,0.5
1698cf_2018-07,1698cf,2018-07,0.5
4718d7_2018-07,4718d7,2018-07,0.5
1698cf_2016-07,1698cf,2016-07,0.5
5a0174_2017-03,5a0174,2017-03,0.5
6f5e2b_2015-05,6f5e2b,2015-05,0.5
1698cf_2020-06,1698cf,2020-06,0.5
829a72_2016-11,829a72,2016-11,0.5
db5006_2017-11,db5006,2017-11,0.5
e361b7_2016-08,e361b7,2016-08,0.5
e361b7_2016-07,e361b7,2016-07,0.5
e361b7_2016-09,e361b7,2016-09,0.5
e60b65_2017-12,e60b65,2017-12,0.5
8ec563_2016-02,8ec563,2016-02,0.5
1bdb97_2024-01,1bdb97,2024-01,0.5
f461d4_2017-11,f461d4,2017-11,0.5
3a13b3_2015-09,3a13b3,2015-09,0.5
8ec563_2015-12,8ec563,2015-12,0.5
34889b_2015-10,34889b,2015-10,0.5
34889b_2015-12,34889b,2015-12,0.5
b416b1_2017-07,b416b1,2017-07,0.5
34889b_2016-03,34889b,2016-03,0.5
77e86b_2015-12,77e86b,2015-12,0.5
e3af0e_2020-04,e3af0e,2020-04,0.5
98a151_2018-07,98a151,2018-07,0.5
b1de95_2016-11,b1de95,2016-11,0.5
98a151_2018-08,98a151,2018-08,0.5
439fde_2016-04,439fde,2016-04,0.5
90abb1_2015-07,90abb1,2015-07,0.5
c580aa_2023-02,c580aa,2023-02,0.5
1822ea_2017-03,1822ea,2017-03,0.5
987bc1_2018-07,987bc1,2018-07,0.5
9af74c_2020-10,9af74c,2020-10,0.5
9af74c_2016-12,9af74c,2016-12,0.5
3a13b3_2021-03,3a13b3,2021-03,0.5
1822ea_2018-09,1822ea,2018-09,0.5
b1de95_2022-10,b1de95,2022-10,0.5
c3a69f_2015-06,c3a69f,2015-06,0.5
439fde_2021-02,439fde,2021-02,0.5
c3a69f_2023-01,c3a69f,2023-01,0.5
e60b65_2018-08,e60b65,2018-08,0.5
439fde_2016-09,439fde,2016-09,0.5
c3a69f_2021-01,c3a69f,2021-01,0.5
c3a69f_2022-12,c3a69f,2022-12,0.5
99c11c_2016-04,99c11c,2016-04,0.5
34889b_2017-10,34889b,2017-10,0.5
77b3b9_2020-04,77b3b9,2020-04,0.5
29849f_2021-09,29849f,2021-09,0.5
c3a69f_2015-12,c3a69f,2015-12,0.5
7a007d_2016-09,7a007d,2016-09,0.5
77b3b9_2017-12,77b3b9,2017-12,0.5
e60b65_2015-07,e60b65,2015-07,0.5
8005b9_2018-09,8005b9,2018-09,0.5
90abb1_2017-09,90abb1,2017-09,0.5
29849f_2021-05,29849f,2021-05,0.5
7a007d_2016-07,7a007d,2016-07,0.5
bc4c03_2015-09,bc4c03,2015-09,0.5
06534f_2020-09,06534f,2020-09,0.5
439fde_2017-12,439fde,2017-12,0.5
259a19_2016-03,259a19,2016-03,0.5
c580aa_2021-06,c580aa,2021-06,0.5
c580aa_2021-04,c580aa,2021-04,0.5
c580aa_2022-08,c580aa,2022-08,0.5
74fb1f_2018-10,74fb1f,2018-10,0.5
439fde_2017-11,439fde,2017-11,0.5
259a19_2015-11,259a19,2015-11,0.5
77e86b_2016-11,77e86b,2016-11,0.5
87cfea_2016-06,87cfea,2016-06,0.5
77e86b_2020-05,77e86b,2020-05,0.5
77e86b_2021-05,77e86b,2021-05,0.5
77e86b_2021-01,77e86b,2021-01,0.5
74b7d1_2017-03,74b7d1,2017-03,0.5
0cecbd_2018-08,0cecbd,2018-08,0.5
83894c_2023-04,83894c,2023-04,0.5
77b3b9_2017-11,77b3b9,2017-11,0.5
987bc1_2016-08,987bc1,2016-08,0.5
987bc1_2016-12,987bc1,2016-12,0.5
87cfea_2018-05,87cfea,2018-05,0.5
439fde_2018-10,439fde,2018-10,0.5
87cfea_2018-08,87cfea,2018-08,0.5
f461d4_2017-09,f461d4,2017-09,0.5
fb737b_2020-04,fb737b,2020-04,0.5
6838b9_2020-06,6838b9,2020-06,0.5
af81b0_2016-01,af81b0,2016-01,0.5
af81b0_2015-06,af81b0,2015-06,0.5
175155_2018-11,175155,2018-11,0.5
3db670_2015-11,3db670,2015-11,0.5
2ab8ad_2018-08,2ab8ad,2018-08,0.5
cd0e60_2025-03,cd0e60,2025-03,0.5
cd0e60_2025-06,cd0e60,2025-06,0.5
fb34b4_2024-12,fb34b4,2024-12,0.5
74fb1f_2016-01,74fb1f,2016-01,0.5
c3a69f_2017-10,c3a69f,2017-10,0.5
fc77d0_2016-06,fc77d0,2016-06,0.5
4fb2d3_2015-08,4fb2d3,2015-08,0.5
439fde_2016-02,439fde,2016-02,0.5
19fa84_2017-12,19fa84,2017-12,0.5
fc77d0_2016-12,fc77d0,2016-12,0.5
77b3b9_2015-12,77b3b9,2015-12,0.5
19fa84_2017-10,19fa84,2017-10,0.5
fc77d0_2016-08,fc77d0,2016-08,0.5
439fde_2015-12,439fde,2015-12,0.5
1996b0_2022-08,1996b0,2022-08,0.5
4718d7_2016-06,4718d7,2016-06,0.5
4718d7_2016-07,4718d7,2016-07,0.5
db4cd8_2016-01,db4cd8,2016-01,0.5
8005b9_2015-09,8005b9,2015-09,0.5
a25664_2015-11,a25664,2015-11,0.5
34889b_2025-09,34889b,2025-09,0.5
9af74c_2016-03,9af74c,2016-03,0.5
a25664_2016-02,a25664,2016-02,0.5
34889b_2017-08,34889b,2017-08,0.5
34889b_2020-08,34889b,2020-08,0.5
b08ec1_2021-05,b08ec1,2021-05,0.5
b08ec1_2020-11,b08ec1,2020-11,0.5
a97df3_2021-08,a97df3,2021-08,0.5
99c11c_2019-06,99c11c,2019-06,0.5
259a19_2016-09,259a19,2016-09,0.5
e4bc80_2016-04,e4bc80,2016-04,0.5
99c11c_2025-05,99c11c,2025-05,0.5
3a13b3_2022-09,3a13b3,2022-09,0.5
fc77d0_2016-01,fc77d0,2016-01,0.5
99c11c_2025-02,99c11c,2025-02,0.5
3db670_2017-12,3db670,2017-12,0.5
87cfea_2018-11,87cfea,2018-11,0.5
9f1aa0_2016-11,9f1aa0,2016-11,0.5
f461d4_2018-09,f461d4,2018-09,0.5
9f1aa0_2016-12,9f1aa0,2016-12,0.5
fb737b_2024-02,fb737b,2024-02,0.5
0cecbd_2020-04,0cecbd,2020-04,0.5
af81b0_2022-06,af81b0,2022-06,0.5
af81b0_2022-07,af81b0,2022-07,0.5
bf6f0d_2016-02,bf6f0d,2016-02,0.5
af81b0_2022-11,af81b0,2022-11,0.5
af81b0_2022-09,af81b0,2022-09,0.5
4718d7_2020-10,4718d7,2020-10,0.5
8fabe0_2014-10,8fabe0,2014-10,0.5
6f5e2b_2023-10,6f5e2b,2023-10,0.5
259a19_2014-07,259a19,2014-07,0.5
259a19_2024-01,259a19,2024-01,0.5
6838b9_2024-12,6838b9,2024-12,0.5
db4cd8_2019-03,db4cd8,2019-03,0.5
1698cf_2022-06,1698cf,2022-06,0.5
90abb1_2017-04,90abb1,2017-04,0.5
34889b_2019-10,34889b,2019-10,0.5
34889b_2023-03,34889b,2023-03,0.5
14fe3a_2022-01,14fe3a,2022-01,0.5
8005b9_2018-04,8005b9,2018-04,0.5
375f2e_2021-11,375f2e,2021-11,0.5
92dcdd_2019-12,92dcdd,2019-12,0.5
af81b0_2024-04,af81b0,2024-04,0.5
7a007d_2024-01,7a007d,2024-01,0.5
29849f_2023-09,29849f,2023-09,0.5
b1de95_2019-01,b1de95,2019-01,0.5
022433_2025-03,022433,2025-03,0.5
f4604d_2021-11,f4604d,2021-11,0.5
e2314a_2019-11,e2314a,2019-11,0.5
e2314a_2020-02,e2314a,2020-02,0.5
fb737b_2023-01,fb737b,2023-01,0.5
e60b65_2017-01,e60b65,2017-01,0.5
77b3b9_2018-04,77b3b9,2018-04,0.5
265164_2025-02,265164,2025-02,0.5
9af74c_2024-10,9af74c,2024-10,0.5
987bc1_2017-11,987bc1,2017-11,0.5
9befc8_2015-11,9befc8,2015-11,0.5
780a0b_2015-08,780a0b,2015-08,0.5
780a0b_2025-07,780a0b,2025-07,0.5
0f9e86_2019-10,0f9e86,2019-10,0.5
0f9e86_2019-11,0f9e86,2019-11,0.5
b416b1_2023-05,b416b1,2023-05,0.5
bc4c03_2018-05,bc4c03,2018-05,0.5
bc4c03_2021-08,bc4c03,2021-08,0.5
bc4c03_2022-07,bc4c03,2022-07,0.5
259a19_2021-12,259a19,2021-12,0.5
6838b9_2024-08,6838b9,2024-08,0.5
90abb1_2024-03,90abb1,2024-03,0.5
34889b_2014-06,34889b,2014-06,0.5
34889b_2014-07,34889b,2014-07,0.5
14fe3a_2024-08,14fe3a,2024-08,0.5
14fe3a_2025-07,14fe3a,2025-07,0.5
4fb2d3_2024-02,4fb2d3,2024-02,0.5
e83244_2016-12,e83244,2016-12,0.5
6224d0_2021-10,6224d0,2021-10,0.5
e60b65_2017-02,e60b65,2017-02,0.5
e60b65_2022-03,e60b65,2022-03,0.5
6838b9_2018-01,6838b9,2018-01,0.5
a25664_2015-07,a25664,2015-07,0.5
4fb2d3_2025-03,4fb2d3,2025-03,0.5
731908_2019-08,731908,2019-08,0.5
d86999_2015-05,d86999,2015-05,0.5
a97df3_2023-09,a97df3,2023-09,0.5
780a0b_2016-11,780a0b,2016-11,0.5
0f9e86_2017-12,0f9e86,2017-12,0.5
4718d7_2014-06,4718d7,2014-06,0.5
fb737b_2022-08,fb737b,2022-08,0.5
6f5e2b_2023-08,6f5e2b,2023-08,0.5
b416b1_2021-02,b416b1,2021-02,0.5
b416b1_2025-04,b416b1,2025-04,0.5
a25664_2022-01,a25664,2022-01,0.5
d59611_2014-08,d59611,2014-08,0.5
34889b_2014-04,34889b,2014-04,0.5
34889b_2024-06,34889b,2024-06,0.5
b08ec1_2023-08,b08ec1,2023-08,0.5
9af74c_2022-10,9af74c,2022-10,0.5
987bc1_2022-04,987bc1,2022-04,0.5
4fb2d3_2024-12,4fb2d3,2024-12,0.5
545d15_2019-12,545d15,2019-12,0.5
545d15_2020-03,545d15,2020-03,0.5
06534f_2024-12,06534f,2024-12,0.5
022433_2024-05,022433,2024-05,0.5
e2314a_2022-02,e2314a,2022-02,0.5
e83244_2017-05,e83244,2017-05,0.5
6224d0_2018-03,6224d0,2018-03,0.5
6224d0_2021-01,6224d0,2021-01,0.5
e60b65_2018-03,e60b65,2018-03,0.5
e60b65_2018-07,e60b65,2018-07,0.5
e60b65_2021-01,e60b65,2021-01,0.5
731908_2023-06,731908,2023-06,0.5
11f0e3_2024-11,11f0e3,2024-11,0.5
d86999_2018-10,d86999,2018-10,0.5
d86999_2021-04,d86999,2021-04,0.5
b26809_2023-03,b26809,2023-03,0.5
780a0b_2020-11,780a0b,2020-11,0.5
8bd3ce_2022-11,8bd3ce,2022-11,0.5
0f9e86_2017-09,0f9e86,2017-09,0.5
a97df3_2024-02,a97df3,2024-02,0.5
7199cf_2023-08,7199cf,2023-08,0.5
34889b_2023-04,34889b,2023-04,0.5
14fe3a_2014-12,14fe3a,2014-12,0.5
14fe3a_2024-07,14fe3a,2024-07,0.5
b08ec1_2023-07,b08ec1,2023-07,0.5
b08ec1_2024-11,b08ec1,2024-11,0.5
06534f_2025-07,06534f,2025-07,0.5
f4604d_2019-11,f4604d,2019-11,0.5
e83244_2016-07,e83244,2016-07,0.5
f4d28d_2025-07,f4d28d,2025-07,0.5
92dcdd_2023-06,92dcdd,2023-06,0.5
8e41cf_2023-12,8e41cf,2023-12,0.5
b26809_2022-10,b26809,2022-10,0.5
fc9334_2025-04,fc9334,2025-04,0.5
780a0b_2023-12,780a0b,2023-12,0.5
8fb6f0_2023-12,8fb6f0,2023-12,0.5
b26809_2022-12,b26809,2022-12,0.5
dc4b5e_2024-02,dc4b5e,2024-02,0.5
6c1954_2023-09,6c1954,2023-09,0.5
fc9334_2016-01,fc9334,2016-01,0.5
8e41cf_2015-06,8e41cf,2015-06,0.5
b26809_2019-04,b26809,2019-04,0.5
b26809_2019-08,b26809,2019-08,0.5
780a0b_2018-07,780a0b,2018-07,0.5
fc9334_2016-05,fc9334,2016-05,0.5
bfbeef_2024-06,bfbeef,2024-06,0.5
fc9334_2021-03,fc9334,2021-03,0.5
e7a56d_2022-09,e7a56d,2022-09,0.5
e7a56d_2023-11,e7a56d,2023-11,0.5
0874ee_2018-05,0874ee,2018-05,0.5
fc9334_2015-10,fc9334,2015-10,0.5
8bd3ce_2019-12,8bd3ce,2019-12,0.5
8e41cf_2017-05,8e41cf,2017-05,0.5
c48018_2014-10,c48018,2014-10,0.5
8fb6f0_2018-11,8fb6f0,2018-11,0.5
8e41cf_2017-06,8e41cf,2017-06,0.5
7199cf_2025-07,7199cf,2025-07,0.5
9f1aa0_2017-03,9f1aa0,2017-03,0.5
948a11_2024-06,948a11,2024-06,0.5
6c1954_2025-01,6c1954,2025-01,0.5
bf6f0d_2016-12,bf6f0d,2016-12,0.5
9f1aa0_2014-07,9f1aa0,2014-07,0.5
7aa803_2015-10,7aa803,2015-10,0.5
513080_2023-08,513080,2023-08,0.5
bc4c03_2015-02,bc4c03,2015-02,0.5
db4cd8_2016-12,db4cd8,2016-12,0.5
1822ea_2021-06,1822ea,2021-06,0.5
9f1aa0_2017-11,9f1aa0,2017-11,0.5
9f1aa0_2023-07,9f1aa0,2023-07,0.5
510fbf_2022-02,510fbf,2022-02,0.5
bfbeef_2016-10,bfbeef,2016-10,0.5
0f9e86_2018-08,0f9e86,2018-08,0.5
0cecbd_2023-01,0cecbd,2023-01,0.5
0cecbd_2022-12,0cecbd,2022-12,0.5
0cecbd_2020-01,0cecbd,2020-01,0.5
0cecbd_2018-04,0cecbd,2018-04,0.5
0cecbd_2021-04,0cecbd,2021-04,0.5
829a72_2015-03,829a72,2015-03,0.5
e3af0e_2017-02,e3af0e,2017-02,0.5
829a72_2015-01,829a72,2015-01,0.5
bf6f0d_2017-11,bf6f0d,2017-11,0.5
a97df3_2020-03,a97df3,2020-03,0.5
1bdb97_2024-08,1bdb97,2024-08,0.5
74fb1f_2023-04,74fb1f,2023-04,0.5
74fb1f_2025-03,74fb1f,2025-03,0.5
c5df88_2023-04,c5df88,2023-04,0.5
60a0fd_2022-07,60a0fd,2022-07,0.5
bf6f0d_2024-06,bf6f0d,2024-06,0.5
e2e0ce_2020-08,e2e0ce,2020-08,0.5
c5df88_2019-06,c5df88,2019-06,0.5
7aa803_2015-12,7aa803,2015-12,0.5
9b46ed_2017-06,9b46ed,2017-06,0.5
60a0fd_2025-04,60a0fd,2025-04,0.5
94f933_2023-08,94f933,2023-08,0.5
18defd_2018-10,18defd,2018-10,0.5
18defd_2024-07,18defd,2024-07,0.5
1b9e65_2021-01,1b9e65,2021-01,0.5
b1de95_2023-10,b1de95,2023-10,0.5
1822ea_2017-11,1822ea,2017-11,0.5
0ffc2d_2025-08,0ffc2d,2025-08,0.5
db4cd8_2018-01,db4cd8,2018-01,0.5
0ffc2d_2022-01,0ffc2d,2022-01,0.5
7bf5c9_2021-03,7bf5c9,2021-03,0.5
022433_2022-11,022433,2022-11,0.5
1b9e65_2023-06,1b9e65,2023-06,0.5
1b9e65_2025-05,1b9e65,2025-05,0.5
0ffc2d_2024-02,0ffc2d,2024-02,0.5
c5816f_2024-05,c5816f,2024-05,0.5
e4bc80_2022-03,e4bc80,2022-03,0.5
c3a69f_2023-11,c3a69f,2023-11,0.5
8ec563_2025-04,8ec563,2025-04,0.5
894378_2021-05,894378,2021-05,0.5
19fa84_2021-09,19fa84,2021-09,0.5
19fa84_2024-11,19fa84,2024-11,0.5
3db670_2021-11,3db670,2021-11,0.5
894378_2022-04,894378,2022-04,0.5
894378_2025-07,894378,2025-07,0.5
8ec563_2024-09,8ec563,2024-09,0.5
fd589c_2025-03,fd589c,2025-03,0.5
3a13b3_2024-03,3a13b3,2024-03,0.5
14fe3a_2017-03,14fe3a,2017-03,0.5
14fe3a_2021-06,14fe3a,2021-06,0.5
14fe3a_2017-01,14fe3a,2017-01,0.5
c5df88_2019-12,c5df88,2019-12,0.5
f1543b_2016-02,f1543b,2016-02,0.5
88a9a6_2023-10,88a9a6,2023-10,0.5
f1543b_2018-04,f1543b,2018-04,0.5
f1543b_2025-07,f1543b,2025-07,0.5
94f933_2024-05,94f933,2024-05,0.5
0874ee_2014-04,0874ee,2014-04,0.5
77e86b_2019-08,77e86b,2019-08,0.5
8005b9_2019-03,8005b9,2019-03,0.5
3a13b3_2023-04,3a13b3,2023-04,0.5
e83244_2023-10,e83244,2023-10,0.5
c5df88_2018-04,c5df88,2018-04,0.5
74b7d1_2018-02,74b7d1,2018-02,0.5
7e646c_2024-02,7e646c,2024-02,0.5
74b7d1_2019-09,74b7d1,2019-09,0.5
7bf5c9_2026-01,7bf5c9,2026-01,0.5
6da35b_2024-01,6da35b,2024-01,0.5
b0ff51_2016-02,b0ff51,2016-02,0.5
b0ff51_2017-09,b0ff51,2017-09,0.5
8d0588_2022-06,8d0588,2022-06,0.5
b59bc0_2018-01,b59bc0,2018-01,0.5
77e86b_2018-09,77e86b,2018-09,0.5
8fabe0_2024-11,8fabe0,2024-11,0.5
c580aa_2017-09,c580aa,2017-09,0.5
439fde_2025-08,439fde,2025-08,0.5
74b7d1_2020-03,74b7d1,2020-03,0.5
74b7d1_2021-09,74b7d1,2021-09,0.5
fd589c_2025-02,fd589c,2025-02,0.5
3a13b3_2024-10,3a13b3,2024-10,0.5
fd589c_2019-12,fd589c,2019-12,0.5
e361b7_2016-01,e361b7,2016-01,0.5
fd589c_2021-06,fd589c,2021-06,0.5
fd589c_2023-02,fd589c,2023-02,0.5
3db670_2024-05,3db670,2024-05,0.5
3db670_2025-05,3db670,2025-05,0.5
8ec563_2019-07,8ec563,2019-07,0.5
5a0174_2018-02,5a0174,2018-02,0.5
987bc1_2017-03,987bc1,2017-03,0.5
06534f_2018-08,06534f,2018-08,0.5
259a19_2016-05,259a19,2016-05,0.5
8ec563_2015-09,8ec563,2015-09,0.5
f461d4_2017-04,f461d4,2017-04,0.5
e7a56d_2020-11,e7a56d,2020-11,0.5
c48018_2021-04,c48018,2021-04,0.5
c48018_2022-09,c48018,2022-09,0.5
8fabe0_2021-06,8fabe0,2021-06,0.5
6f5e2b_2017-03,6f5e2b,2017-03,0.5
f461d4_2017-08,f461d4,2017-08,0.5
99c11c_2022-03,99c11c,2022-03,0.5
90abb1_2016-04,90abb1,2016-04,0.5
60a0fd_2016-09,60a0fd,2016-09,0.5
d86999_2023-11,d86999,2023-11,0.5
c48018_2016-08,c48018,2016-08,0.5
375f2e_2015-06,375f2e,2015-06,0.5
bc4c03_2017-11,bc4c03,2017-11,0.5
f500c5_2015-11,f500c5,2015-11,0.5
99c11c_2024-11,99c11c,2024-11,0.5
83894c_2021-10,83894c,2021-10,0.5
83894c_2021-12,83894c,2021-12,0.5
34889b_2015-09,34889b,2015-09,0.5
1b9e65_2015-12,1b9e65,2015-12,0.5
4718d7_2017-03,4718d7,2017-03,0.5
948a11_2023-01,948a11,2023-01,0.5
259a19_2016-04,259a19,2016-04,0.5
c580aa_2022-11,c580aa,2022-11,0.5
b1de95_2021-07,b1de95,2021-07,0.5
b73bc7_2022-05,b73bc7,2022-05,0.5
83894c_2023-08,83894c,2023-08,0.5
83894c_2024-02,83894c,2024-02,0.5
b08ec1_2021-06,b08ec1,2021-06,0.5
b416b1_2016-06,b416b1,2016-06,0.5
0cecbd_2015-07,0cecbd,2015-07,0.5
cd0e60_2024-06,cd0e60,2024-06,0.5
175155_2016-06,175155,2016-06,0.5
894378_2018-10,894378,2018-10,0.5
0e8d73_2023-01,0e8d73,2023-01,0.5
74fb1f_2018-09,74fb1f,2018-09,0.5
b08ec1_2018-09,b08ec1,2018-09,0.5
3db670_2017-07,3db670,2017-07,0.5
87cfea_2017-11,87cfea,2017-11,0.5
83894c_2017-12,83894c,2017-12,0.5
af81b0_2020-12,af81b0,2020-12,0.5
fd589c_2020-12,fd589c,2020-12,0.5
f1543b_2015-10,f1543b,2015-10,0.5
b0ff51_2016-09,b0ff51,2016-09,0.5
83894c_2017-02,83894c,2017-02,0.5
a42d13_2022-10,a42d13,2022-10,0.5
a42d13_2021-01,a42d13,2021-01,0.5
6f5e2b_2016-01,6f5e2b,2016-01,0.5
0cecbd_2021-10,0cecbd,2021-10,0.5
0cecbd_2021-08,0cecbd,2021-08,0.5
8005b9_2017-12,8005b9,2017-12,0.5
293190_2024-11,293190,2024-11,0.5
c5df88_2024-10,c5df88,2024-10,0.5
83894c_2017-05,83894c,2017-05,0.5
8d0588_2016-12,8d0588,2016-12,0.5
b59bc0_2015-06,b59bc0,2015-06,0.5
a25664_2025-09,a25664,2025-09,0.5
6c1954_2021-06,6c1954,2021-06,0.5
bc4c03_2019-06,bc4c03,2019-06,0.5
259a19_2014-11,259a19,2014-11,0.5
6838b9_2019-04,6838b9,2019-04,0.5
1822ea_2023-05,1822ea,2023-05,0.5
14fe3a_2014-10,14fe3a,2014-10,0.5
14fe3a_2025-05,14fe3a,2025-05,0.5
8005b9_2019-09,8005b9,2019-09,0.5
8005b9_2022-06,8005b9,2022-06,0.5
375f2e_2022-06,375f2e,2022-06,0.5
06534f_2024-10,06534f,2024-10,0.5
e2314a_2024-10,e2314a,2024-10,0.5
4ee2d2_2024-04,4ee2d2,2024-04,0.5
175155_2016-08,175155,2016-08,0.5
a25664_2017-04,a25664,2017-04,0.5
375f2e_2024-12,375f2e,2024-12,0.5
987bc1_2018-06,987bc1,2018-06,0.5
4fb2d3_2019-07,4fb2d3,2019-07,0.5
e427f8_2023-02,e427f8,2023-02,0.5
fc9334_2025-02,fc9334,2025-02,0.5
9cf1af_2024-05,9cf1af,2024-05,0.5
6224d0_2014-06,6224d0,2014-06,0.5
4718d7_2014-07,4718d7,2014-07,0.5
0e8d73_2023-11,0e8d73,2023-11,0.5
6f5e2b_2017-02,6f5e2b,2017-02,0.5
bc4c03_2025-03,bc4c03,2025-03,0.5
a42d13_2023-08,a42d13,2023-08,0.5
d59611_2018-06,d59611,2018-06,0.5
8005b9_2020-07,8005b9,2020-07,0.5
fc77d0_2022-02,fc77d0,2022-02,0.5
fc77d0_2025-03,fc77d0,2025-03,0.5
4fb2d3_2024-04,4fb2d3,2024-04,0.5
af81b0_2024-12,af81b0,2024-12,0.5
545d15_2020-08,545d15,2020-08,0.5
c580aa_2014-12,c580aa,2014-12,0.5
f4604d_2024-12,f4604d,2024-12,0.5
e83244_2019-06,e83244,2019-06,0.5
4fb2d3_2017-07,4fb2d3,2017-07,0.5
11f0e3_2015-05,11f0e3,2015-05,0.5
11f0e3_2015-06,11f0e3,2015-06,0.5
8fb6f0_2016-02,8fb6f0,2016-02,0.5
8fb6f0_2024-02,8fb6f0,2024-02,0.5
dbb709_2022-04,dbb709,2022-04,0.5
4718d7_2019-10,4718d7,2019-10,0.5
1996b0_2024-10,1996b0,2024-10,0.5
5a0174_2022-10,5a0174,2022-10,0.5
b416b1_2022-01,b416b1,2022-01,0.5
259a19_2020-01,259a19,2020-01,0.5
d59611_2022-07,d59611,2022-07,0.5
14fe3a_2020-02,14fe3a,2020-02,0.5
b08ec1_2025-04,b08ec1,2025-04,0.5
29849f_2015-03,29849f,2015-03,0.5
f4604d_2019-03,f4604d,2019-03,0.5
6838b9_2023-06,6838b9,2023-06,0.5
375f2e_2023-05,375f2e,2023-05,0.5
fc9334_2022-06,fc9334,2022-06,0.5
6224d0_2015-02,6224d0,2015-02,0.5
4718d7_2019-06,4718d7,2019-06,0.5
b416b1_2025-03,b416b1,2025-03,0.5
175155_2019-01,175155,2019-01,0.5
db4cd8_2014-08,db4cd8,2014-08,0.5
f25ffe_2023-11,f25ffe,2023-11,0.5
8005b9_2014-11,8005b9,2014-11,0.5
9af74c_2022-11,9af74c,2022-11,0.5
987bc1_2019-11,987bc1,2019-11,0.5
531356_2014-12,531356,2014-12,0.5
e83244_2025-06,e83244,2025-06,0.5
fc77d0_2021-07,fc77d0,2021-07,0.5
375f2e_2019-12,375f2e,2019-12,0.5
11f0e3_2023-03,11f0e3,2023-03,0.5
fc9334_2023-06,fc9334,2023-06,0.5
fb737b_2023-05,fb737b,2023-05,0.5
e60b65_2014-03,e60b65,2014-03,0.5
8fabe0_2023-12,8fabe0,2023-12,0.5
8fabe0_2018-05,8fabe0,2018-05,0.5
1822ea_2022-12,1822ea,2022-12,0.5
8005b9_2023-02,8005b9,2023-02,0.5
bf6f0d_2018-06,bf6f0d,2018-06,0.5
bf6f0d_2019-05,bf6f0d,2019-05,0.5
7a007d_2024-03,7a007d,2024-03,0.5
022433_2024-09,022433,2024-09,0.5
3a13b3_2017-06,3a13b3,2017-06,0.5
3a13b3_2019-01,3a13b3,2019-01,0.5
531356_2024-06,531356,2024-06,0.5
e2314a_2016-02,e2314a,2016-02,0.5
6838b9_2020-07,6838b9,2020-07,0.5
0ffc2d_2023-07,0ffc2d,2023-07,0.5
f4d28d_2024-12,f4d28d,2024-12,0.5
4fb2d3_2020-01,4fb2d3,2020-01,0.5
4fb2d3_2020-12,4fb2d3,2020-12,0.5
e427f8_2025-01,e427f8,2025-01,0.5
9befc8_2016-08,9befc8,2016-08,0.5
9f1aa0_2020-12,9f1aa0,2020-12,0.5
780a0b_2015-02,780a0b,2015-02,0.5
0f9e86_2023-08,0f9e86,2023-08,0.5
af81b0_2023-06,af81b0,2023-06,0.5
0ffc2d_2025-07,0ffc2d,2025-07,0.5
6f5e2b_2023-06,6f5e2b,2023-06,0.5
db4cd8_2014-09,db4cd8,2014-09,0.5
db4cd8_2024-11,db4cd8,2024-11,0.5
d59611_2024-05,d59611,2024-05,0.5
8005b9_2023-11,8005b9,2023-11,0.5
b08ec1_2015-04,b08ec1,2015-04,0.5
dbb709_2025-01,dbb709,2025-01,0.5
29849f_2016-08,29849f,2016-08,0.5
06534f_2019-10,06534f,2019-10,0.5
3a13b3_2018-04,3a13b3,2018-04,0.5
e2314a_2021-12,e2314a,2021-12,0.5
e2314a_2023-07,e2314a,2023-07,0.5
e83244_2021-09,e83244,2021-09,0.5
a42d13_2018-05,a42d13,2018-05,0.5
375f2e_2020-06,375f2e,2020-06,0.5
302d40_2024-11,302d40,2024-11,0.5
780a0b_2021-03,780a0b,2021-03,0.5
0f9e86_2019-03,0f9e86,2019-03,0.5
7199cf_2024-02,7199cf,2024-02,0.5
4718d7_2023-12,4718d7,2023-12,0.5
e60b65_2024-11,e60b65,2024-11,0.5
5a0174_2014-08,5a0174,2014-08,0.5
1822ea_2020-09,1822ea,2020-09,0.5
1822ea_2024-03,1822ea,2024-03,0.5
14fe3a_2018-03,14fe3a,2018-03,0.5
d59611_2021-04,d59611,2021-04,0.5
af81b0_2023-01,af81b0,2023-01,0.5
29849f_2017-04,29849f,2017-04,0.5
3a13b3_2017-02,3a13b3,2017-02,0.5
3a13b3_2024-02,3a13b3,2024-02,0.5
e2314a_2016-08,e2314a,2016-08,0.5
e83244_2015-03,e83244,2015-03,0.5
532867_2025-04,532867,2025-04,0.5
987bc1_2025-08,987bc1,2025-08,0.5
8e41cf_2024-09,8e41cf,2024-09,0.5
11f0e3_2016-06,11f0e3,2016-06,0.5
a97df3_2024-08,a97df3,2024-08,0.5
9befc8_2017-06,9befc8,2017-06,0.5
8fb6f0_2021-12,8fb6f0,2021-12,0.5
6224d0_2023-05,6224d0,2023-05,0.5
6224d0_2023-09,6224d0,2023-09,0.5
532867_2024-12,532867,2024-12,0.5
8005b9_2020-05,8005b9,2020-05,0.5
af81b0_2025-01,af81b0,2025-01,0.5
29849f_2018-02,29849f,2018-02,0.5
c580aa_2025-05,c580aa,2025-05,0.5
531356_2025-02,531356,2025-02,0.5
e2314a_2016-07,e2314a,2016-07,0.5
e2314a_2016-12,e2314a,2016-12,0.5
e2314a_2018-10,e2314a,2018-10,0.5
e83244_2021-05,e83244,2021-05,0.5
e60b65_2022-08,e60b65,2022-08,0.5
4ee2d2_2024-02,4ee2d2,2024-02,0.5
424c1b_2025-02,424c1b,2025-02,0.5
4fb2d3_2015-01,4fb2d3,2015-01,0.5
8bd3ce_2025-06,8bd3ce,2025-06,0.5
4718d7_2019-09,4718d7,2019-09,0.5
bc4c03_2022-06,bc4c03,2022-06,0.5
259a19_2019-04,259a19,2019-04,0.5
259a19_2020-09,259a19,2020-09,0.5
259a19_2023-10,259a19,2023-10,0.5
6838b9_2021-10,6838b9,2021-10,0.5
f25ffe_2024-02,f25ffe,2024-02,0.5
d59611_2014-12,d59611,2014-12,0.5
90abb1_2014-06,90abb1,2014-06,0.5
34889b_2024-08,34889b,2024-08,0.5
fc77d0_2019-08,fc77d0,2019-08,0.5
7a007d_2018-11,7a007d,2018-11,0.5
06534f_2019-04,06534f,2019-04,0.5
531356_2020-09,531356,2020-09,0.5
531356_2023-04,531356,2023-04,0.5
90abb1_2025-01,90abb1,2025-01,0.5
4fb2d3_2020-08,4fb2d3,2020-08,0.5
11f0e3_2016-09,11f0e3,2016-09,0.5
11f0e3_2022-05,11f0e3,2022-05,0.5
bfbeef_2024-02,bfbeef,2024-02,0.5
0f9e86_2019-02,0f9e86,2019-02,0.5
90abb1_2023-11,90abb1,2023-11,0.5
1822ea_2022-08,1822ea,2022-08,0.5
b08ec1_2020-03,b08ec1,2020-03,0.5
b08ec1_2021-08,b08ec1,2021-08,0.5
4fb2d3_2019-05,4fb2d3,2019-05,0.5
06534f_2020-03,06534f,2020-03,0.5
3a13b3_2024-01,3a13b3,2024-01,0.5
b73bc7_2015-03,b73bc7,2015-03,0.5
531356_2020-01,531356,2020-01,0.5
531356_2024-12,531356,2024-12,0.5
e2314a_2016-05,e2314a,2016-05,0.5
e2314a_2021-10,e2314a,2021-10,0.5
6224d0_2017-04,6224d0,2017-04,0.5
e60b65_2024-06,e60b65,2024-06,0.5
a25664_2022-03,a25664,2022-03,0.5
a42d13_2014-03,a42d13,2014-03,0.5
1822ea_2025-04,1822ea,2025-04,0.5
375f2e_2020-09,375f2e,2020-09,0.5
9af74c_2023-06,9af74c,2023-06,0.5
987bc1_2015-03,987bc1,2015-03,0.5
11f0e3_2021-05,11f0e3,2021-05,0.5
11f0e3_2021-11,11f0e3,2021-11,0.5
d86999_2017-05,d86999,2017-05,0.5
b26809_2024-10,b26809,2024-10,0.5
dbb709_2022-12,dbb709,2022-12,0.5
fb737b_2021-12,fb737b,2021-12,0.5
6f5e2b_2025-03,6f5e2b,2025-03,0.5
259a19_2024-04,259a19,2024-04,0.5
b416b1_2020-03,b416b1,2020-03,0.5
77b3b9_2023-05,77b3b9,2023-05,0.5
90abb1_2022-08,90abb1,2022-08,0.5
34889b_2022-12,34889b,2022-12,0.5
8005b9_2023-05,8005b9,2023-05,0.5
265164_2023-08,265164,2023-08,0.5
9af74c_2022-12,9af74c,2022-12,0.5
9af74c_2024-05,9af74c,2024-05,0.5
7a007d_2019-05,7a007d,2019-05,0.5
06534f_2020-02,06534f,2020-02,0.5
3a13b3_2017-03,3a13b3,2017-03,0.5
b73bc7_2014-10,b73bc7,2014-10,0.5
531356_2023-08,531356,2023-08,0.5
e60b65_2022-11,e60b65,2022-11,0.5
e60b65_2025-01,e60b65,2025-01,0.5
6838b9_2023-03,6838b9,2023-03,0.5
a42d13_2015-01,a42d13,2015-01,0.5
4fb2d3_2020-02,4fb2d3,2020-02,0.5
11f0e3_2019-10,11f0e3,2019-10,0.5
e427f8_2022-10,e427f8,2022-10,0.5
e427f8_2024-02,e427f8,2024-02,0.5
9befc8_2020-11,9befc8,2020-11,0.5
780a0b_2014-09,780a0b,2014-09,0.5
8fb6f0_2024-10,8fb6f0,2024-10,0.5
dbb709_2025-03,dbb709,2025-03,0.5
29849f_2025-04,29849f,2025-04,0.5
0e8d73_2023-12,0e8d73,2023-12,0.5
1996b0_2025-04,1996b0,2025-04,0.5
b416b1_2021-03,b416b1,2021-03,0.5
b416b1_2022-04,b416b1,2022-04,0.5
a42d13_2023-11,a42d13,2023-11,0.5
db4cd8_2023-09,db4cd8,2023-09,0.5
1698cf_2023-07,1698cf,2023-07,0.5
34889b_2024-04,34889b,2024-04,0.5
8005b9_2022-11,8005b9,2022-11,0.5
987bc1_2024-05,987bc1,2024-05,0.5
545d15_2020-05,545d15,2020-05,0.5
06534f_2022-10,06534f,2022-10,0.5
f4604d_2024-10,f4604d,2024-10,0.5
e2314a_2020-08,e2314a,2020-08,0.5
6224d0_2021-12,6224d0,2021-12,0.5
6224d0_2022-07,6224d0,2022-07,0.5
fb737b_2021-07,fb737b,2021-07,0.5
a25664_2021-09,a25664,2021-09,0.5
a42d13_2025-04,a42d13,2025-04,0.5
90abb1_2024-12,90abb1,2024-12,0.5
0ffc2d_2019-04,0ffc2d,2019-04,0.5
fc77d0_2022-08,fc77d0,2022-08,0.5
f4d28d_2025-06,f4d28d,2025-06,0.5
b26809_2025-08,b26809,2025-08,0.5
e60b65_2024-09,e60b65,2024-09,0.5
f461d4_2019-04,f461d4,2019-04,0.5
1698cf_2023-12,1698cf,2023-12,0.5
d59611_2023-06,d59611,2023-06,0.5
90abb1_2014-09,90abb1,2014-09,0.5
1822ea_2021-05,1822ea,2021-05,0.5
b08ec1_2019-10,b08ec1,2019-10,0.5
92dcdd_2023-10,92dcdd,2023-10,0.5
c580aa_2024-06,c580aa,2024-06,0.5
b1de95_2014-11,b1de95,2014-11,0.5
06534f_2023-02,06534f,2023-02,0.5
3a13b3_2018-12,3a13b3,2018-12,0.5
e2314a_2023-06,e2314a,2023-06,0.5
a25664_2020-10,a25664,2020-10,0.5
265164_2024-05,265164,2024-05,0.5
4fb2d3_2015-04,4fb2d3,2015-04,0.5
d86999_2016-02,d86999,2016-02,0.5
e427f8_2024-07,e427f8,2024-07,0.5
dc4b5e_2025-06,dc4b5e,2025-06,0.5
f4604d_2016-06,f4604d,2016-06,0.5
175155_2018-12,175155,2018-12,0.5
90abb1_2021-07,90abb1,2021-07,0.5
b08ec1_2023-12,b08ec1,2023-12,0.5
92dcdd_2020-02,92dcdd,2020-02,0.5
29849f_2019-05,29849f,2019-05,0.5
f4604d_2018-05,f4604d,2018-05,0.5
e2314a_2022-07,e2314a,2022-07,0.5
e83244_2022-02,e83244,2022-02,0.5
e60b65_2021-11,e60b65,2021-11,0.5
77b3b9_2019-11,77b3b9,2019-11,0.5
987bc1_2020-11,987bc1,2020-11,0.5
4fb2d3_2021-08,4fb2d3,2021-08,0.5
731908_2025-05,731908,2025-05,0.5
bfbeef_2022-07,bfbeef,2022-07,0.5
9befc8_2019-12,9befc8,2019-12,0.5
8fb6f0_2018-01,8fb6f0,2018-01,0.5
5a0174_2023-12,5a0174,2023-12,0.5
259a19_2018-02,259a19,2018-02,0.5
6838b9_2023-09,6838b9,2023-09,0.5
90abb1_2014-08,90abb1,2014-08,0.5
bf6f0d_2018-05,bf6f0d,2018-05,0.5
302d40_2025-08,302d40,2025-08,0.5
f4604d_2018-06,f4604d,2018-06,0.5
e2314a_2017-07,e2314a,2017-07,0.5
e2314a_2019-08,e2314a,2019-08,0.5
6224d0_2022-09,6224d0,2022-09,0.5
a25664_2020-07,a25664,2020-07,0.5
a25664_2022-05,a25664,2022-05,0.5
90abb1_2021-12,90abb1,2021-12,0.5
90abb1_2023-02,90abb1,2023-02,0.5
fc77d0_2017-08,fc77d0,2017-08,0.5
987bc1_2023-06,987bc1,2023-06,0.5
8fb6f0_2015-07,8fb6f0,2015-07,0.5
b416b1_2014-11,b416b1,2014-11,0.5
f461d4_2020-10,f461d4,2020-10,0.5
bc4c03_2023-04,bc4c03,2023-04,0.5
6838b9_2023-10,6838b9,2023-10,0.5
db4cd8_2022-02,db4cd8,2022-02,0.5
77b3b9_2014-12,77b3b9,2014-12,0.5
1822ea_2021-07,1822ea,2021-07,0.5
375f2e_2023-04,375f2e,2023-04,0.5
9af74c_2014-06,9af74c,2014-06,0.5
bf6f0d_2019-07,bf6f0d,2019-07,0.5
af81b0_2016-05,af81b0,2016-05,0.5
3db670_2018-06,3db670,2018-06,0.5
e60b65_2022-04,e60b65,2022-04,0.5
6f5e2b_2022-07,6f5e2b,2022-07,0.5
a25664_2021-08,a25664,2021-08,0.5
a25664_2025-07,a25664,2025-07,0.5
a42d13_2024-01,a42d13,2024-01,0.5
f25ffe_2024-08,f25ffe,2024-08,0.5
9af74c_2021-10,9af74c,2021-10,0.5
b26809_2023-10,b26809,2023-10,0.5
9befc8_2024-08,9befc8,2024-08,0.5
8bd3ce_2023-02,8bd3ce,2023-02,0.5
0f9e86_2019-05,0f9e86,2019-05,0.5
531356_2024-01,531356,2024-01,0.5
4718d7_2025-07,4718d7,2025-07,0.5
fb737b_2025-03,fb737b,2025-03,0.5
5a0174_2022-09,5a0174,2022-09,0.5
5a0174_2022-11,5a0174,2022-11,0.5
b416b1_2025-02,b416b1,2025-02,0.5
f461d4_2014-07,f461d4,2014-07,0.5
6838b9_2023-01,6838b9,2023-01,0.5
6838b9_2023-08,6838b9,2023-08,0.5
1698cf_2025-06,1698cf,2025-06,0.5
d59611_2024-01,d59611,2024-01,0.5
34889b_2015-01,34889b,2015-01,0.5
34889b_2020-03,34889b,2020-03,0.5
34889b_2022-06,34889b,2022-06,0.5
8005b9_2019-04,8005b9,2019-04,0.5
8005b9_2022-10,8005b9,2022-10,0.5
8005b9_2024-11,8005b9,2024-11,0.5
375f2e_2022-07,375f2e,2022-07,0.5
92dcdd_2025-01,92dcdd,2025-01,0.5
06534f_2020-01,06534f,2020-01,0.5
b73bc7_2014-12,b73bc7,2014-12,0.5
5a0174_2023-10,5a0174,2023-10,0.5
bc4c03_2014-12,bc4c03,2014-12,0.5
fc77d0_2015-08,fc77d0,2015-08,0.5
987bc1_2024-01,987bc1,2024-01,0.5
731908_2019-01,731908,2019-01,0.5
11f0e3_2017-06,11f0e3,2017-06,0.5
9befc8_2016-06,9befc8,2016-06,0.5
fc9334_2023-03,fc9334,2023-03,0.5
8fb6f0_2021-02,8fb6f0,2021-02,0.5
dbb709_2022-10,dbb709,2022-10,0.5
0f9e86_2021-11,0f9e86,2021-11,0.5
8fabe0_2023-08,8fabe0,2023-08,0.5
0e8d73_2025-02,0e8d73,2025-02,0.5
f461d4_2014-06,f461d4,2014-06,0.5
1698cf_2015-03,1698cf,2015-03,0.5
14fe3a_2025-03,14fe3a,2025-03,0.5
8005b9_2024-12,8005b9,2024-12,0.5
545d15_2020-07,545d15,2020-07,0.5
c580aa_2014-08,c580aa,2014-08,0.5
022433_2024-04,022433,2024-04,0.5
b73bc7_2025-07,b73bc7,2025-07,0.5
e83244_2019-12,e83244,2019-12,0.5
e83244_2021-10,e83244,2021-10,0.5
e60b65_2018-10,e60b65,2018-10,0.5
e60b65_2023-04,e60b65,2023-04,0.5
4ee2d2_2024-10,4ee2d2,2024-10,0.5
175155_2016-09,175155,2016-09,0.5
f461d4_2024-07,f461d4,2024-07,0.5
a42d13_2025-01,a42d13,2025-01,0.5
1698cf_2024-01,1698cf,2024-01,0.5
fc77d0_2025-04,fc77d0,2025-04,0.5
4fb2d3_2018-10,4fb2d3,2018-10,0.5
d86999_2016-01,d86999,2016-01,0.5
b26809_2024-05,b26809,2024-05,0.5
b26809_2024-11,b26809,2024-11,0.5
a97df3_2023-11,a97df3,2023-11,0.5
9befc8_2023-09,9befc8,2023-09,0.5
0f9e86_2023-10,0f9e86,2023-10,0.5
9cf1af_2024-06,9cf1af,2024-06,0.5
8e41cf_2022-11,8e41cf,2022-11,0.5
7199cf_2024-05,7199cf,2024-05,0.5
6224d0_2023-12,6224d0,2023-12,0.5
fb737b_2020-02,fb737b,2020-02,0.5
8fabe0_2015-02,8fabe0,2015-02,0.5
6838b9_2023-12,6838b9,2023-12,0.5
b08ec1_2021-12,b08ec1,2021-12,0.5
265164_2024-10,265164,2024-10,0.5
4fb2d3_2025-04,4fb2d3,2025-04,0.5
af81b0_2024-03,af81b0,2024-03,0.5
06534f_2019-11,06534f,2019-11,0.5
531356_2023-11,531356,2023-11,0.5
e2314a_2015-12,e2314a,2015-12,0.5
e83244_2016-06,e83244,2016-06,0.5
e83244_2017-08,e83244,2017-08,0.5
77b3b9_2017-04,77b3b9,2017-04,0.5
e427f8_2024-08,e427f8,2024-08,0.5
9cf1af_2025-08,9cf1af,2025-08,0.5
f25ffe_2024-05,f25ffe,2024-05,0.5
8fabe0_2024-05,8fabe0,2024-05,0.5
db4cd8_2018-02,db4cd8,2018-02,0.5
db4cd8_2025-02,db4cd8,2025-02,0.5
1698cf_2020-03,1698cf,2020-03,0.5
77b3b9_2025-02,77b3b9,2025-02,0.5
d59611_2017-02,d59611,2017-02,0.5
d59611_2024-06,d59611,2024-06,0.5
8005b9_2023-12,8005b9,2023-12,0.5
b08ec1_2014-11,b08ec1,2014-11,0.5
545d15_2019-03,545d15,2019-03,0.5
06534f_2016-12,06534f,2016-12,0.5
f4604d_2024-09,f4604d,2024-09,0.5
531356_2019-05,531356,2019-05,0.5
531356_2019-10,531356,2019-10,0.5
6224d0_2021-04,6224d0,2021-04,0.5
e60b65_2025-04,e60b65,2025-04,0.5
375f2e_2025-07,375f2e,2025-07,0.5
9af74c_2018-04,9af74c,2018-04,0.5
11f0e3_2017-07,11f0e3,2017-07,0.5
e427f8_2025-07,e427f8,2025-07,0.5
9befc8_2017-01,9befc8,2017-01,0.5
dbb709_2024-05,dbb709,2024-05,0.5
8bd3ce_2023-10,8bd3ce,2023-10,0.5
0f9e86_2025-07,0f9e86,2025-07,0.5
5a0174_2023-03,5a0174,2023-03,0.5
175155_2015-04,175155,2015-04,0.5
d59611_2021-06,d59611,2021-06,0.5
8005b9_2019-05,8005b9,2019-05,0.5
92dcdd_2019-05,92dcdd,2019-05,0.5
af81b0_2014-11,af81b0,2014-11,0.5
29849f_2023-10,29849f,2023-10,0.5
06534f_2023-03,06534f,2023-03,0.5
db5006_2023-06,db5006,2023-06,0.5
e60b65_2020-11,e60b65,2020-11,0.5
a25664_2022-10,a25664,2022-10,0.5
77b3b9_2020-01,77b3b9,2020-01,0.5
77b3b9_2020-02,77b3b9,2020-02,0.5
92dcdd_2023-08,92dcdd,2023-08,0.5
731908_2021-03,731908,2021-03,0.5
d86999_2022-01,d86999,2022-01,0.5
780a0b_2021-05,780a0b,2021-05,0.5
a25664_2024-02,a25664,2024-02,0.5
0e8d73_2024-07,0e8d73,2024-07,0.5
e60b65_2025-03,e60b65,2025-03,0.5
0874ee_2021-09,0874ee,2021-09,0.5
8fabe0_2022-07,8fabe0,2022-07,0.5
1698cf_2022-07,1698cf,2022-07,0.5
d59611_2018-03,d59611,2018-03,0.5
d59611_2021-09,d59611,2021-09,0.5
34889b_2014-08,34889b,2014-08,0.5
3db670_2019-03,3db670,2019-03,0.5
3db670_2020-01,3db670,2020-01,0.5
06534f_2024-06,06534f,2024-06,0.5
b73bc7_2024-08,b73bc7,2024-08,0.5
e83244_2019-03,e83244,2019-03,0.5
6224d0_2022-05,6224d0,2022-05,0.5
4718d7_2024-02,4718d7,2024-02,0.5
f4d28d_2025-03,f4d28d,2025-03,0.5
9befc8_2014-11,9befc8,2014-11,0.5
9befc8_2023-04,9befc8,2023-04,0.5
780a0b_2025-08,780a0b,2025-08,0.5
fc9334_2025-01,fc9334,2025-01,0.5
6224d0_2023-04,6224d0,2023-04,0.5
fb737b_2021-01,fb737b,2021-01,0.5
b416b1_2020-09,b416b1,2020-09,0.5
f461d4_2025-07,f461d4,2025-07,0.5
f461d4_2025-09,f461d4,2025-09,0.5
6838b9_2024-09,6838b9,2024-09,0.5
8005b9_2019-10,8005b9,2019-10,0.5
7a007d_2019-02,7a007d,2019-02,0.5
7a007d_2019-04,7a007d,2019-04,0.5
3a13b3_2017-05,3a13b3,2017-05,0.5
e2314a_2021-03,e2314a,2021-03,0.5
fb737b_2023-09,fb737b,2023-09,0.5
1822ea_2024-08,1822ea,2024-08,0.5
4fb2d3_2019-09,4fb2d3,2019-09,0.5
4fb2d3_2024-01,4fb2d3,2024-01,0.5
731908_2025-02,731908,2025-02,0.5
d86999_2020-02,d86999,2020-02,0.5
9befc8_2018-11,9befc8,2018-11,0.5
9f1aa0_2019-07,9f1aa0,2019-07,0.5
0f9e86_2018-01,0f9e86,2018-01,0.5
0f9e86_2021-05,0f9e86,2021-05,0.5
0f9e86_2021-09,0f9e86,2021-09,0.5
8fabe0_2022-11,8fabe0,2022-11,0.5
6f5e2b_2014-09,6f5e2b,2014-09,0.5
a42d13_2024-06,a42d13,2024-06,0.5
a42d13_2024-04,a42d13,2024-04,0.5
77b3b9_2022-06,77b3b9,2022-06,0.5
d59611_2023-07,d59611,2023-07,0.5
90abb1_2019-05,90abb1,2019-05,0.5
b08ec1_2024-03,b08ec1,2024-03,0.5
375f2e_2024-10,375f2e,2024-10,0.5
375f2e_2025-05,375f2e,2025-05,0.5
92dcdd_2020-03,92dcdd,2020-03,0.5
af81b0_2014-10,af81b0,2014-10,0.5
545d15_2019-10,545d15,2019-10,0.5
29849f_2023-12,29849f,2023-12,0.5
b1de95_2017-02,b1de95,2017-02,0.5
b73bc7_2025-06,b73bc7,2025-06,0.5
e83244_2018-09,e83244,2018-09,0.5
8fabe0_2023-01,8fabe0,2023-01,0.5
90abb1_2023-07,90abb1,2023-07,0.5
375f2e_2019-02,375f2e,2019-02,0.5
9af74c_2018-05,9af74c,2018-05,0.5
11f0e3_2024-04,11f0e3,2024-04,0.5
d86999_2017-11,d86999,2017-11,0.5
9befc8_2024-03,9befc8,2024-03,0.5
780a0b_2016-10,780a0b,2016-10,0.5
b416b1_2024-10,b416b1,2024-10,0.5
f461d4_2025-04,f461d4,2025-04,0.5
bc4c03_2023-05,bc4c03,2023-05,0.5
db4cd8_2023-08,db4cd8,2023-08,0.5
b416b1_2020-04,b416b1,2020-04,0.5
90abb1_2022-09,90abb1,2022-09,0.5
1822ea_2023-03,1822ea,2023-03,0.5
8005b9_2022-12,8005b9,2022-12,0.5
8005b9_2024-06,8005b9,2024-06,0.5
375f2e_2022-09,375f2e,2022-09,0.5
2167be_2025-08,2167be,2025-08,0.5
545d15_2018-11,545d15,2018-11,0.5
c580aa_2023-09,c580aa,2023-09,0.5
06534f_2024-02,06534f,2024-02,0.5
b73bc7_2020-03,b73bc7,2020-03,0.5
b73bc7_2024-09,b73bc7,2024-09,0.5
e2314a_2018-08,e2314a,2018-08,0.5
e2314a_2022-09,e2314a,2022-09,0.5
8fabe0_2024-09,8fabe0,2024-09,0.5
bc4c03_2023-02,bc4c03,2023-02,0.5
259a19_2022-10,259a19,2022-10,0.5
a25664_2015-05,a25664,2015-05,0.5
375f2e_2020-01,375f2e,2020-01,0.5
375f2e_2022-02,375f2e,2022-02,0.5
9af74c_2022-03,9af74c,2022-03,0.5
92dcdd_2022-04,92dcdd,2022-04,0.5
b26809_2022-09,b26809,2022-09,0.5
b26809_2024-03,b26809,2024-03,0.5
a97df3_2025-01,a97df3,2025-01,0.5
780a0b_2016-06,780a0b,2016-06,0.5
dbb709_2023-09,dbb709,2023-09,0.5
3a13b3_2019-02,3a13b3,2019-02,0.5
9befc8_2017-11,9befc8,2017-11,0.5
8fb6f0_2016-03,8fb6f0,2016-03,0.5
8fb6f0_2025-04,8fb6f0,2025-04,0.5
780a0b_2022-10,780a0b,2022-10,0.5
b26809_2020-04,b26809,2020-04,0.5
e7a56d_2022-12,e7a56d,2022-12,0.5
731908_2023-05,731908,2023-05,0.5
bfbeef_2019-01,bfbeef,2019-01,0.5
d86999_2019-09,d86999,2019-09,0.5
b26809_2014-09,b26809,2014-09,0.5
edda84_2025-06,edda84,2025-06,0.5
780a0b_2024-11,780a0b,2024-11,0.5
8bd3ce_2017-02,8bd3ce,2017-02,0.5
18defd_2024-08,18defd,2024-08,0.5
fc9334_2017-06,fc9334,2017-06,0.5
8e41cf_2015-02,8e41cf,2015-02,0.5
b26809_2021-07,b26809,2021-07,0.5
c48018_2024-01,c48018,2024-01,0.5
8fb6f0_2017-07,8fb6f0,2017-07,0.5
bfbeef_2017-03,bfbeef,2017-03,0.5
b26809_2017-04,b26809,2017-04,0.5
b26809_2018-06,b26809,2018-06,0.5
b26809_2018-12,b26809,2018-12,0.5
18defd_2018-04,18defd,2018-04,0.5
dc4b5e_2023-07,dc4b5e,2023-07,0.5
b26809_2015-01,b26809,2015-01,0.5
e7a56d_2014-11,e7a56d,2014-11,0.5
780a0b_2021-06,780a0b,2021-06,0.5
bfbeef_2024-08,bfbeef,2024-08,0.5
8e41cf_2019-08,8e41cf,2019-08,0.5
8e41cf_2020-11,8e41cf,2020-11,0.5
731908_2022-01,731908,2022-01,0.5
0874ee_2019-10,0874ee,2019-10,0.5
780a0b_2019-03,780a0b,2019-03,0.5
bfbeef_2020-07,bfbeef,2020-07,0.5
8bd3ce_2016-11,8bd3ce,2016-11,0.5
b26809_2016-01,b26809,2016-01,0.5
18defd_2023-03,18defd,2023-03,0.5
c48018_2020-01,c48018,2020-01,0.5
dc4b5e_2022-10,dc4b5e,2022-10,0.5
b26809_2023-04,b26809,2023-04,0.5
e7a56d_2024-08,e7a56d,2024-08,0.5
8bd3ce_2018-10,8bd3ce,2018-10,0.5
8bd3ce_2020-07,8bd3ce,2020-07,0.5
8e41cf_2014-11,8e41cf,2014-11,0.5
77e86b_2024-12,77e86b,2024-12,0.5
8bd3ce_2017-10,8bd3ce,2017-10,0.5
8e41cf_2015-11,8e41cf,2015-11,0.5
b26809_2017-03,b26809,2017-03,0.5
c48018_2023-06,c48018,2023-06,0.5
fc9334_2024-07,fc9334,2024-07,0.5
8bd3ce_2020-08,8bd3ce,2020-08,0.5
a97df3_2023-03,a97df3,2023-03,0.5
bfbeef_2017-07,bfbeef,2017-07,0.5
8bd3ce_2015-11,8bd3ce,2015-11,0.5
8e41cf_2016-12,8e41cf,2016-12,0.5
b26809_2014-11,b26809,2014-11,0.5
b26809_2019-12,b26809,2019-12,0.5
c48018_2024-04,c48018,2024-04,0.5
bfbeef_2020-09,bfbeef,2020-09,0.5
bfbeef_2020-12,bfbeef,2020-12,0.5
8bd3ce_2019-09,8bd3ce,2019-09,0.5
9befc8_2023-10,9befc8,2023-10,0.5
8bd3ce_2017-11,8bd3ce,2017-11,0.5
8e41cf_2017-09,8e41cf,2017-09,0.5
18defd_2023-07,18defd,2023-07,0.5
8bd3ce_2015-12,8bd3ce,2015-12,0.5
731908_2015-10,731908,2015-10,0.5
bfbeef_2025-08,bfbeef,2025-08,0.5
780a0b_2021-08,780a0b,2021-08,0.5
8bd3ce_2015-05,8bd3ce,2015-05,0.5
8bd3ce_2023-01,8bd3ce,2023-01,0.5
731908_2025-03,731908,2025-03,0.5
b26809_2014-05,b26809,2014-05,0.5
18defd_2018-06,18defd,2018-06,0.5
b26809_2015-06,b26809,2015-06,0.5
8e41cf_2015-10,8e41cf,2015-10,0.5
bfbeef_2019-05,bfbeef,2019-05,0.5
fc9334_2014-11,fc9334,2014-11,0.5
fc9334_2016-02,fc9334,2016-02,0.5
8e41cf_2016-04,8e41cf,2016-04,0.5
8e41cf_2018-12,8e41cf,2018-12,0.5
780a0b_2018-03,780a0b,2018-03,0.5
8fb6f0_2017-03,8fb6f0,2017-03,0.5
fc9334_2017-07,fc9334,2017-07,0.5
bfbeef_2025-03,bfbeef,2025-03,0.5
fc9334_2014-12,fc9334,2014-12,0.5
8bd3ce_2020-09,8bd3ce,2020-09,0.5
9befc8_2023-07,9befc8,2023-07,0.5
11f0e3_2023-09,11f0e3,2023-09,0.5
b26809_2018-07,b26809,2018-07,0.5
8fb6f0_2022-11,8fb6f0,2022-11,0.5
b26809_2014-10,b26809,2014-10,0.5
b26809_2018-11,b26809,2018-11,0.5
8e41cf_2018-08,8e41cf,2018-08,0.5
8e41cf_2019-05,8e41cf,2019-05,0.5
fc9334_2015-07,fc9334,2015-07,0.5
bfbeef_2018-08,bfbeef,2018-08,0.5
bfbeef_2019-09,bfbeef,2019-09,0.5
fc9334_2019-10,fc9334,2019-10,0.5
9af74c_2014-07,9af74c,2014-07,0.5
77b3b9_2014-06,77b3b9,2014-06,0.5
948a11_2025-05,948a11,2025-05,0.5
f500c5_2015-05,f500c5,2015-05,0.5
bf6f0d_2017-01,bf6f0d,2017-01,0.5
bf6f0d_2021-09,bf6f0d,2021-09,0.5
b644ac_2024-10,b644ac,2024-10,0.5
b644ac_2025-07,b644ac,2025-07,0.5
bc4c03_2018-02,bc4c03,2018-02,0.5
b644ac_2025-04,b644ac,2025-04,0.5
4718d7_2014-08,4718d7,2014-08,0.5
bc4c03_2014-07,bc4c03,2014-07,0.5
6c1954_2020-02,6c1954,2020-02,0.5
77c35f_2025-04,77c35f,2025-04,0.5
9f1aa0_2018-04,9f1aa0,2018-04,0.5
9af74c_2017-06,9af74c,2017-06,0.5
6c1954_2022-10,6c1954,2022-10,0.5
fa8553_2021-11,fa8553,2021-11,0.5
f1543b_2017-04,f1543b,2017-04,0.5
f500c5_2024-03,f500c5,2024-03,0.5
429b22_2025-07,429b22,2025-07,0.5
fa8553_2023-01,fa8553,2023-01,0.5
14fe3a_2018-12,14fe3a,2018-12,0.5
fb34b4_2023-08,fb34b4,2023-08,0.5
edda84_2025-05,edda84,2025-05,0.5
f500c5_2021-07,f500c5,2021-07,0.5
77c35f_2023-10,77c35f,2023-10,0.5
513080_2025-05,513080,2025-05,0.5
b644ac_2024-08,b644ac,2024-08,0.5
8fabe0_2020-10,8fabe0,2020-10,0.5
db4cd8_2020-07,db4cd8,2020-07,0.5
1822ea_2018-06,1822ea,2018-06,0.5
bc4c03_2019-12,bc4c03,2019-12,0.5
9f1aa0_2024-09,9f1aa0,2024-09,0.5
bf6f0d_2025-01,bf6f0d,2025-01,0.5
6c1954_2022-09,6c1954,2022-09,0.5
bf6f0d_2014-10,bf6f0d,2014-10,0.5
6c1954_2022-03,6c1954,2022-03,0.5
9f1aa0_2022-01,9f1aa0,2022-01,0.5
bf6f0d_2023-07,bf6f0d,2023-07,0.5
948a11_2023-08,948a11,2023-08,0.5
f500c5_2021-10,f500c5,2021-10,0.5
510fbf_2025-01,510fbf,2025-01,0.5
14fe3a_2016-08,14fe3a,2016-08,0.5
259a19_2025-03,259a19,2025-03,0.5
1822ea_2018-05,1822ea,2018-05,0.5
fb34b4_2024-10,fb34b4,2024-10,0.5
fc77d0_2014-09,fc77d0,2014-09,0.5
9f1aa0_2021-04,9f1aa0,2021-04,0.5
f1543b_2017-02,f1543b,2017-02,0.5
531356_2015-10,531356,2015-10,0.5
510fbf_2022-05,510fbf,2022-05,0.5
d59611_2017-01,d59611,2017-01,0.5
6c1954_2025-03,6c1954,2025-03,0.5
fb34b4_2024-06,fb34b4,2024-06,0.5
948a11_2023-06,948a11,2023-06,0.5
9f1aa0_2022-09,9f1aa0,2022-09,0.5
6c1954_2025-08,6c1954,2025-08,0.5
fb34b4_2024-08,fb34b4,2024-08,0.5
fa8553_2023-07,fa8553,2023-07,0.5
510fbf_2023-01,510fbf,2023-01,0.5
d59611_2019-10,d59611,2019-10,0.5
bf6f0d_2016-06,bf6f0d,2016-06,0.5
f500c5_2018-04,f500c5,2018-04,0.5
9f1aa0_2020-10,9f1aa0,2020-10,0.5
db4cd8_2021-10,db4cd8,2021-10,0.5
f461d4_2021-09,f461d4,2021-09,0.5
9f1aa0_2017-08,9f1aa0,2017-08,0.5
9f1aa0_2018-08,9f1aa0,2018-08,0.5
1698cf_2015-07,1698cf,2015-07,0.5
6f5e2b_2014-11,6f5e2b,2014-11,0.5
9f1aa0_2014-05,9f1aa0,2014-05,0.5
9f1aa0_2014-10,9f1aa0,2014-10,0.5
fa8553_2022-03,fa8553,2022-03,0.5
259a19_2019-10,259a19,2019-10,0.5
f500c5_2020-08,f500c5,2020-08,0.5
6c1954_2025-04,6c1954,2025-04,0.5
9f1aa0_2023-01,9f1aa0,2023-01,0.5
1698cf_2016-09,1698cf,2016-09,0.5
4718d7_2016-11,4718d7,2016-11,0.5
b07578_2024-07,b07578,2024-07,0.5
b644ac_2025-02,b644ac,2025-02,0.5
6838b9_2021-06,6838b9,2021-06,0.5
7bf5c9_2020-03,7bf5c9,2020-03,0.5
f1543b_2022-03,f1543b,2022-03,0.5
9f1aa0_2014-08,9f1aa0,2014-08,0.5
fa8553_2024-04,fa8553,2024-04,0.5
f500c5_2015-12,f500c5,2015-12,0.5
bf6f0d_2025-06,bf6f0d,2025-06,0.5
fa8553_2025-06,fa8553,2025-06,0.5
b07578_2024-08,b07578,2024-08,0.5
259a19_2024-08,259a19,2024-08,0.5
9f1aa0_2014-06,9f1aa0,2014-06,0.5
302d40_2022-10,302d40,2022-10,0.5
5a0174_2018-01,5a0174,2018-01,0.5
9f1aa0_2020-05,9f1aa0,2020-05,0.5
510fbf_2024-06,510fbf,2024-06,0.5
d59611_2017-04,d59611,2017-04,0.5
1698cf_2016-08,1698cf,2016-08,0.5
731908_2016-06,731908,2016-06,0.5
bfbeef_2023-04,bfbeef,2023-04,0.5
11f0e3_2018-05,11f0e3,2018-05,0.5
780a0b_2019-02,780a0b,2019-02,0.5
1822ea_2015-07,1822ea,2015-07,0.5
e361b7_2015-11,e361b7,2015-11,0.5
11f0e3_2016-04,11f0e3,2016-04,0.5
bfbeef_2018-02,bfbeef,2018-02,0.5
0cecbd_2023-11,0cecbd,2023-11,0.5
9befc8_2016-04,9befc8,2016-04,0.5
1822ea_2022-02,1822ea,2022-02,0.5
9befc8_2017-04,9befc8,2017-04,0.5
0cecbd_2019-11,0cecbd,2019-11,0.5
9befc8_2017-08,9befc8,2017-08,0.5
db4cd8_2015-08,db4cd8,2015-08,0.5
bfbeef_2016-12,bfbeef,2016-12,0.5
0cecbd_2023-08,0cecbd,2023-08,0.5
9f1aa0_2023-05,9f1aa0,2023-05,0.5
0cecbd_2020-02,0cecbd,2020-02,0.5
bfbeef_2015-08,bfbeef,2015-08,0.5
bfbeef_2017-01,bfbeef,2017-01,0.5
0f9e86_2017-07,0f9e86,2017-07,0.5
9befc8_2019-04,9befc8,2019-04,0.5
375f2e_2020-04,375f2e,2020-04,0.5
780a0b_2018-11,780a0b,2018-11,0.5
fc77d0_2023-03,fc77d0,2023-03,0.5
3db670_2019-02,3db670,2019-02,0.5
3a13b3_2015-04,3a13b3,2015-04,0.5
987bc1_2021-12,987bc1,2021-12,0.5
e3af0e_2014-05,e3af0e,2014-05,0.5
829a72_2018-02,829a72,2018-02,0.5
8fb6f0_2020-01,8fb6f0,2020-01,0.5
e3af0e_2014-07,e3af0e,2014-07,0.5
e3af0e_2016-11,e3af0e,2016-11,0.5
e3af0e_2017-04,e3af0e,2017-04,0.5
98a151_2014-08,98a151,2014-08,0.5
60a0fd_2014-10,60a0fd,2014-10,0.5
a97df3_2024-12,a97df3,2024-12,0.5
e3af0e_2014-06,e3af0e,2014-06,0.5
60a0fd_2015-01,60a0fd,2015-01,0.5
dbb709_2022-02,dbb709,2022-02,0.5
dc4b5e_2019-06,dc4b5e,2019-06,0.5
6c1954_2024-07,6c1954,2024-07,0.5
a97df3_2022-11,a97df3,2022-11,0.5
19fa84_2024-04,19fa84,2024-04,0.5
1bdb97_2023-06,1bdb97,2023-06,0.5
cd0e60_2022-10,cd0e60,2022-10,0.5
e2e0ce_2023-11,e2e0ce,2023-11,0.5
74fb1f_2025-02,74fb1f,2025-02,0.5
e3af0e_2025-07,e3af0e,2025-07,0.5
f500c5_2016-05,f500c5,2016-05,0.5
e2e0ce_2019-04,e2e0ce,2019-04,0.5
74fb1f_2022-08,74fb1f,2022-08,0.5
74fb1f_2024-01,74fb1f,2024-01,0.5
74fb1f_2024-04,74fb1f,2024-04,0.5
88a9a6_2023-12,88a9a6,2023-12,0.5
98a151_2025-07,98a151,2025-07,0.5
e3af0e_2024-11,e3af0e,2024-11,0.5
948a11_2025-06,948a11,2025-06,0.5
293190_2021-12,293190,2021-12,0.5
74fb1f_2021-01,74fb1f,2021-01,0.5
74fb1f_2022-10,74fb1f,2022-10,0.5
60a0fd_2025-06,60a0fd,2025-06,0.5
f500c5_2017-11,f500c5,2017-11,0.5
90abb1_2015-09,90abb1,2015-09,0.5
94f933_2025-07,94f933,2025-07,0.5
f500c5_2014-04,f500c5,2014-04,0.5
cd0e60_2022-09,cd0e60,2022-09,0.5
e2e0ce_2014-11,e2e0ce,2014-11,0.5
2ab8ad_2020-08,2ab8ad,2020-08,0.5
88a9a6_2023-07,88a9a6,2023-07,0.5
88a9a6_2024-01,88a9a6,2024-01,0.5
f500c5_2023-02,f500c5,2023-02,0.5
f500c5_2023-03,f500c5,2023-03,0.5
92dcdd_2018-06,92dcdd,2018-06,0.5
60a0fd_2021-01,60a0fd,2021-01,0.5
e3af0e_2025-03,e3af0e,2025-03,0.5
e2e0ce_2014-12,e2e0ce,2014-12,0.5
e2e0ce_2021-06,e2e0ce,2021-06,0.5
e2e0ce_2021-11,e2e0ce,2021-11,0.5
c5df88_2021-08,c5df88,2021-08,0.5
9b46ed_2019-08,9b46ed,2019-08,0.5
829a72_2023-03,829a72,2023-03,0.5
293190_2021-08,293190,2021-08,0.5
74fb1f_2019-01,74fb1f,2019-01,0.5
f500c5_2019-04,f500c5,2019-04,0.5
f500c5_2020-10,f500c5,2020-10,0.5
f461d4_2021-06,f461d4,2021-06,0.5
293190_2015-01,293190,2015-01,0.5
e2e0ce_2022-06,e2e0ce,2022-06,0.5
c5df88_2020-03,c5df88,2020-03,0.5
c5df88_2021-07,c5df88,2021-07,0.5
88a9a6_2022-03,88a9a6,2022-03,0.5
9b46ed_2021-02,9b46ed,2021-02,0.5
829a72_2022-01,829a72,2022-01,0.5
7bf5c9_2023-12,7bf5c9,2023-12,0.5
f500c5_2019-10,f500c5,2019-10,0.5
88a9a6_2024-04,88a9a6,2024-04,0.5
e7a56d_2024-02,e7a56d,2024-02,0.5
9b46ed_2020-09,9b46ed,2020-09,0.5
9b46ed_2025-01,9b46ed,2025-01,0.5
60a0fd_2023-06,60a0fd,2023-06,0.5
293190_2024-01,293190,2024-01,0.5
c48018_2024-05,c48018,2024-05,0.5
7aa803_2014-11,7aa803,2014-11,0.5
9b46ed_2024-08,9b46ed,2024-08,0.5
e3af0e_2022-12,e3af0e,2022-12,0.5
f500c5_2025-05,f500c5,2025-05,0.5
e2e0ce_2015-02,e2e0ce,2015-02,0.5
e2e0ce_2022-09,e2e0ce,2022-09,0.5
74fb1f_2022-01,74fb1f,2022-01,0.5
88a9a6_2022-08,88a9a6,2022-08,0.5
9b46ed_2021-11,9b46ed,2021-11,0.5
e3af0e_2024-06,e3af0e,2024-06,0.5
1bdb97_2024-10,1bdb97,2024-10,0.5
bf6f0d_2022-09,bf6f0d,2022-09,0.5
6224d0_2019-04,6224d0,2019-04,0.5
293190_2020-01,293190,2020-01,0.5
c5df88_2018-06,c5df88,2018-06,0.5
74fb1f_2025-06,74fb1f,2025-06,0.5
7aa803_2021-10,7aa803,2021-10,0.5
88a9a6_2020-09,88a9a6,2020-09,0.5
88a9a6_2021-11,88a9a6,2021-11,0.5
9b46ed_2017-12,9b46ed,2017-12,0.5
829a72_2023-12,829a72,2023-12,0.5
7bf5c9_2021-11,7bf5c9,2021-11,0.5
f500c5_2023-05,f500c5,2023-05,0.5
6f5e2b_2020-10,6f5e2b,2020-10,0.5
a25664_2025-05,a25664,2025-05,0.5
e2e0ce_2021-12,e2e0ce,2021-12,0.5
c5df88_2021-06,c5df88,2021-06,0.5
7aa803_2022-02,7aa803,2022-02,0.5
88a9a6_2019-03,88a9a6,2019-03,0.5
9b46ed_2023-09,9b46ed,2023-09,0.5
829a72_2019-04,829a72,2019-04,0.5
829a72_2023-04,829a72,2023-04,0.5
e3af0e_2024-09,e3af0e,2024-09,0.5
88a9a6_2022-02,88a9a6,2022-02,0.5
98a151_2023-04,98a151,2023-04,0.5
2ab8ad_2023-12,2ab8ad,2023-12,0.5
74fb1f_2022-09,74fb1f,2022-09,0.5
7aa803_2019-05,7aa803,2019-05,0.5
9b46ed_2021-03,9b46ed,2021-03,0.5
db5006_2020-08,db5006,2020-08,0.5
7bf5c9_2014-09,7bf5c9,2014-09,0.5
bf6f0d_2022-06,bf6f0d,2022-06,0.5
2ab8ad_2019-01,2ab8ad,2019-01,0.5
2ab8ad_2021-12,2ab8ad,2021-12,0.5
7aa803_2022-08,7aa803,2022-08,0.5
e3af0e_2019-02,e3af0e,2019-02,0.5
1bdb97_2025-07,1bdb97,2025-07,0.5
829a72_2024-12,829a72,2024-12,0.5
60a0fd_2024-07,60a0fd,2024-07,0.5
cd0e60_2022-07,cd0e60,2022-07,0.5
175155_2021-06,175155,2021-06,0.5
e2e0ce_2024-03,e2e0ce,2024-03,0.5
2ab8ad_2021-08,2ab8ad,2021-08,0.5
74fb1f_2024-03,74fb1f,2024-03,0.5
90abb1_2015-08,90abb1,2015-08,0.5
88a9a6_2018-01,88a9a6,2018-01,0.5
e3af0e_2023-02,e3af0e,2023-02,0.5
293190_2021-10,293190,2021-10,0.5
2ab8ad_2024-07,2ab8ad,2024-07,0.5
c5df88_2020-01,c5df88,2020-01,0.5
9b46ed_2022-04,9b46ed,2022-04,0.5
1bdb97_2022-11,1bdb97,2022-11,0.5
b416b1_2025-07,b416b1,2025-07,0.5
2ab8ad_2021-09,2ab8ad,2021-09,0.5
88a9a6_2021-09,88a9a6,2021-09,0.5
98a151_2022-09,98a151,2022-09,0.5
f500c5_2022-11,f500c5,2022-11,0.5
175155_2017-10,175155,2017-10,0.5
2ab8ad_2014-12,2ab8ad,2014-12,0.5
7aa803_2019-02,7aa803,2019-02,0.5
88a9a6_2014-11,88a9a6,2014-11,0.5
88a9a6_2014-12,88a9a6,2014-12,0.5
829a72_2019-05,829a72,2019-05,0.5
1698cf_2019-05,1698cf,2019-05,0.5
db5006_2025-09,db5006,2025-09,0.5
1b9e65_2022-04,1b9e65,2022-04,0.5
4fb2d3_2023-01,4fb2d3,2023-01,0.5
db5006_2021-05,db5006,2021-05,0.5
1b9e65_2019-02,1b9e65,2019-02,0.5
1b9e65_2023-11,1b9e65,2023-11,0.5
175155_2017-07,175155,2017-07,0.5
022433_2021-12,022433,2021-12,0.5
c48018_2015-03,c48018,2015-03,0.5
90abb1_2017-08,90abb1,2017-08,0.5
a42d13_2014-10,a42d13,2014-10,0.5
db5006_2020-07,db5006,2020-07,0.5
b07578_2025-07,b07578,2025-07,0.5
db5006_2015-12,db5006,2015-12,0.5
022433_2021-11,022433,2021-11,0.5
022433_2022-01,022433,2022-01,0.5
259a19_2020-07,259a19,2020-07,0.5
db5006_2022-04,db5006,2022-04,0.5
db5006_2023-07,db5006,2023-07,0.5
db5006_2024-06,db5006,2024-06,0.5
db5006_2023-04,db5006,2023-04,0.5
1b9e65_2019-12,1b9e65,2019-12,0.5
e7a56d_2024-12,e7a56d,2024-12,0.5
0ffc2d_2025-05,0ffc2d,2025-05,0.5
db5006_2021-01,db5006,2021-01,0.5
db5006_2021-06,db5006,2021-06,0.5
1b9e65_2022-10,1b9e65,2022-10,0.5
e7a56d_2019-08,e7a56d,2019-08,0.5
4fb2d3_2020-09,4fb2d3,2020-09,0.5
1698cf_2020-04,1698cf,2020-04,0.5
7bf5c9_2023-01,7bf5c9,2023-01,0.5
f461d4_2015-12,f461d4,2015-12,0.5
1b9e65_2014-11,1b9e65,2014-11,0.5
29849f_2022-12,29849f,2022-12,0.5
6f5e2b_2022-09,6f5e2b,2022-09,0.5
f461d4_2015-09,f461d4,2015-09,0.5
a25664_2017-08,a25664,2017-08,0.5
db5006_2022-07,db5006,2022-07,0.5
5a0174_2015-10,5a0174,2015-10,0.5
db5006_2019-09,db5006,2019-09,0.5
1b9e65_2015-03,1b9e65,2015-03,0.5
1b9e65_2017-08,1b9e65,2017-08,0.5
3db670_2015-07,3db670,2015-07,0.5
b08ec1_2018-01,b08ec1,2018-01,0.5
8fabe0_2020-11,8fabe0,2020-11,0.5
0ffc2d_2021-12,0ffc2d,2021-12,0.5
f461d4_2018-02,f461d4,2018-02,0.5
022433_2022-06,022433,2022-06,0.5
1bdb97_2023-02,1bdb97,2023-02,0.5
bc4c03_2017-04,bc4c03,2017-04,0.5
db5006_2020-11,db5006,2020-11,0.5
175155_2017-08,175155,2017-08,0.5
259a19_2025-01,259a19,2025-01,0.5
1b9e65_2015-02,1b9e65,2015-02,0.5
3db670_2023-11,3db670,2023-11,0.5
1bdb97_2022-03,1bdb97,2022-03,0.5
4718d7_2017-06,4718d7,2017-06,0.5
fc77d0_2014-10,fc77d0,2014-10,0.5
1bdb97_2021-09,1bdb97,2021-09,0.5
18defd_2019-07,18defd,2019-07,0.5
db5006_2015-04,db5006,2015-04,0.5
db5006_2023-01,db5006,2023-01,0.5
f4604d_2019-05,f4604d,2019-05,0.5
1b9e65_2018-02,1b9e65,2018-02,0.5
0ffc2d_2021-09,0ffc2d,2021-09,0.5
18defd_2019-06,18defd,2019-06,0.5
5a0174_2024-11,5a0174,2024-11,0.5
c48018_2019-02,c48018,2019-02,0.5
439fde_2014-10,439fde,2014-10,0.5
894378_2023-01,894378,2023-01,0.5
fd589c_2021-07,fd589c,2021-07,0.5
c580aa_2023-03,c580aa,2023-03,0.5
429b22_2025-02,429b22,2025-02,0.5
c5816f_2022-08,c5816f,2022-08,0.5
8ec563_2024-10,8ec563,2024-10,0.5
19fa84_2023-10,19fa84,2023-10,0.5
439fde_2024-09,439fde,2024-09,0.5
c3a69f_2014-07,c3a69f,2014-07,0.5
8ec563_2021-10,8ec563,2021-10,0.5
3db670_2023-03,3db670,2023-03,0.5
c3a69f_2014-08,c3a69f,2014-08,0.5
1698cf_2022-02,1698cf,2022-02,0.5
894378_2023-06,894378,2023-06,0.5
c5816f_2022-01,c5816f,2022-01,0.5
fd589c_2023-04,fd589c,2023-04,0.5
6838b9_2024-04,6838b9,2024-04,0.5
e4bc80_2020-12,e4bc80,2020-12,0.5
3db670_2017-04,3db670,2017-04,0.5
b73bc7_2024-07,b73bc7,2024-07,0.5
439fde_2018-04,439fde,2018-04,0.5
19fa84_2022-01,19fa84,2022-01,0.5
e361b7_2021-02,e361b7,2021-02,0.5
7bf5c9_2022-02,7bf5c9,2022-02,0.5
c3a69f_2018-04,c3a69f,2018-04,0.5
fd589c_2021-09,fd589c,2021-09,0.5
b73bc7_2018-06,b73bc7,2018-06,0.5
7bf5c9_2023-09,7bf5c9,2023-09,0.5
429b22_2025-04,429b22,2025-04,0.5
c5816f_2023-02,c5816f,2023-02,0.5
19fa84_2024-02,19fa84,2024-02,0.5
8ec563_2022-05,8ec563,2022-05,0.5
894378_2023-05,894378,2023-05,0.5
022433_2024-03,022433,2024-03,0.5
fd589c_2020-03,fd589c,2020-03,0.5
e4bc80_2023-11,e4bc80,2023-11,0.5
c3a69f_2022-03,c3a69f,2022-03,0.5
c580aa_2024-07,c580aa,2024-07,0.5
439fde_2023-06,439fde,2023-06,0.5
e4bc80_2022-01,e4bc80,2022-01,0.5
c3a69f_2021-10,c3a69f,2021-10,0.5
894378_2021-12,894378,2021-12,0.5
8ec563_2021-01,8ec563,2021-01,0.5
19fa84_2023-05,19fa84,2023-05,0.5
e4bc80_2023-01,e4bc80,2023-01,0.5
c5816f_2021-04,c5816f,2021-04,0.5
8ec563_2023-03,8ec563,2023-03,0.5
8ec563_2023-11,8ec563,2023-11,0.5
19fa84_2023-07,19fa84,2023-07,0.5
022433_2024-12,022433,2024-12,0.5
439fde_2018-02,439fde,2018-02,0.5
e7a56d_2015-09,e7a56d,2015-09,0.5
8ec563_2024-03,8ec563,2024-03,0.5
19fa84_2023-02,19fa84,2023-02,0.5
b1de95_2024-02,b1de95,2024-02,0.5
894378_2024-07,894378,2024-07,0.5
e361b7_2022-05,e361b7,2022-05,0.5
c3a69f_2015-03,c3a69f,2015-03,0.5
894378_2023-10,894378,2023-10,0.5
8ec563_2020-02,8ec563,2020-02,0.5
fd589c_2019-03,fd589c,2019-03,0.5
c5816f_2021-06,c5816f,2021-06,0.5
f1543b_2015-03,f1543b,2015-03,0.5
6f5e2b_2016-12,6f5e2b,2016-12,0.5
894378_2020-03,894378,2020-03,0.5
19fa84_2020-10,19fa84,2020-10,0.5
f1543b_2015-02,f1543b,2015-02,0.5
f1543b_2018-01,f1543b,2018-01,0.5
3db670_2021-10,3db670,2021-10,0.5
3a13b3_2019-11,3a13b3,2019-11,0.5
fd589c_2023-05,fd589c,2023-05,0.5
e361b7_2021-04,e361b7,2021-04,0.5
e361b7_2024-05,e361b7,2024-05,0.5
c580aa_2014-11,c580aa,2014-11,0.5
439fde_2023-10,439fde,2023-10,0.5
894378_2022-02,894378,2022-02,0.5
894378_2023-09,894378,2023-09,0.5
8ec563_2021-04,8ec563,2021-04,0.5
8ec563_2023-08,8ec563,2023-08,0.5
8ec563_2024-11,8ec563,2024-11,0.5
e4bc80_2020-02,e4bc80,2020-02,0.5
259a19_2015-08,259a19,2015-08,0.5
74b7d1_2022-05,74b7d1,2022-05,0.5
d59611_2015-11,d59611,2015-11,0.5
4fb2d3_2016-02,4fb2d3,2016-02,0.5
74b7d1_2014-12,74b7d1,2014-12,0.5
14fe3a_2017-06,14fe3a,2017-06,0.5
74b7d1_2022-02,74b7d1,2022-02,0.5
74b7d1_2024-02,74b7d1,2024-02,0.5
77e86b_2024-01,77e86b,2024-01,0.5
74b7d1_2015-01,74b7d1,2015-01,0.5
bf6f0d_2024-04,bf6f0d,2024-04,0.5
259a19_2015-07,259a19,2015-07,0.5
18defd_2015-09,18defd,2015-09,0.5
74b7d1_2022-04,74b7d1,2022-04,0.5
db4cd8_2015-11,db4cd8,2015-11,0.5
cd0e60_2020-08,cd0e60,2020-08,0.5
7a007d_2015-10,7a007d,2015-10,0.5
d59611_2016-09,d59611,2016-09,0.5
db4cd8_2017-03,db4cd8,2017-03,0.5
77e86b_2023-03,77e86b,2023-03,0.5
db4cd8_2015-10,db4cd8,2015-10,0.5
7a007d_2015-11,7a007d,2015-11,0.5
98a151_2015-11,98a151,2015-11,0.5
cd0e60_2020-02,cd0e60,2020-02,0.5
88a9a6_2019-09,88a9a6,2019-09,0.5
f1543b_2025-03,f1543b,2025-03,0.5
f1543b_2022-12,f1543b,2022-12,0.5
88a9a6_2022-05,88a9a6,2022-05,0.5
f1543b_2022-10,f1543b,2022-10,0.5
f1543b_2024-11,f1543b,2024-11,0.5
f1543b_2023-01,f1543b,2023-01,0.5
293190_2022-06,293190,2022-06,0.5
74fb1f_2023-01,74fb1f,2023-01,0.5
7aa803_2019-03,7aa803,2019-03,0.5
2ab8ad_2019-10,2ab8ad,2019-10,0.5
c5df88_2020-04,c5df88,2020-04,0.5
f1543b_2020-04,f1543b,2020-04,0.5
9b46ed_2020-10,9b46ed,2020-10,0.5
f1543b_2014-08,f1543b,2014-08,0.5
7aa803_2025-04,7aa803,2025-04,0.5
c5df88_2017-02,c5df88,2017-02,0.5
c5df88_2022-01,c5df88,2022-01,0.5
88a9a6_2024-02,88a9a6,2024-02,0.5
f1543b_2016-03,f1543b,2016-03,0.5
7aa803_2018-06,7aa803,2018-06,0.5
9b46ed_2024-01,9b46ed,2024-01,0.5
74fb1f_2020-09,74fb1f,2020-09,0.5
f1543b_2021-06,f1543b,2021-06,0.5
f1543b_2022-04,f1543b,2022-04,0.5
7aa803_2014-08,7aa803,2014-08,0.5
9b46ed_2024-02,9b46ed,2024-02,0.5
f1543b_2022-09,f1543b,2022-09,0.5
74fb1f_2014-11,74fb1f,2014-11,0.5
f1543b_2020-12,f1543b,2020-12,0.5
7aa803_2019-08,7aa803,2019-08,0.5
c5df88_2020-02,c5df88,2020-02,0.5
7aa803_2023-02,7aa803,2023-02,0.5
293190_2017-06,293190,2017-06,0.5
f1543b_2018-03,f1543b,2018-03,0.5
2ab8ad_2020-07,2ab8ad,2020-07,0.5
74fb1f_2019-12,74fb1f,2019-12,0.5
f1543b_2017-11,f1543b,2017-11,0.5
88a9a6_2020-01,88a9a6,2020-01,0.5
9b46ed_2020-11,9b46ed,2020-11,0.5
74b7d1_2018-01,74b7d1,2018-01,0.5
8005b9_2014-12,8005b9,2014-12,0.5
b416b1_2018-08,b416b1,2018-08,0.5
77e86b_2022-06,77e86b,2022-06,0.5
94f933_2023-12,94f933,2023-12,0.5
74b7d1_2018-03,74b7d1,2018-03,0.5
2ed4f9_2025-05,2ed4f9,2025-05,0.5
77e86b_2019-03,77e86b,2019-03,0.5
94f933_2024-10,94f933,2024-10,0.5
bf6f0d_2023-01,bf6f0d,2023-01,0.5
3db670_2023-01,3db670,2023-01,0.5
9f1aa0_2015-09,9f1aa0,2015-09,0.5
e83244_2020-04,e83244,2020-04,0.5
2ab8ad_2018-04,2ab8ad,2018-04,0.5
e7a56d_2017-07,e7a56d,2017-07,0.5
e7a56d_2021-04,e7a56d,2021-04,0.5
e7a56d_2015-06,e7a56d,2015-06,0.5
d86999_2024-09,d86999,2024-09,0.5
829a72_2019-01,829a72,2019-01,0.5
77e86b_2022-09,77e86b,2022-09,0.5
6da35b_2023-03,6da35b,2023-03,0.5
98a151_2019-01,98a151,2019-01,0.5
829a72_2021-11,829a72,2021-11,0.5
6da35b_2024-06,6da35b,2024-06,0.5
6da35b_2024-12,6da35b,2024-12,0.5
74b7d1_2025-04,74b7d1,2025-04,0.5
77e86b_2022-03,77e86b,2022-03,0.5
7e646c_2024-03,7e646c,2024-03,0.5
829a72_2017-09,829a72,2017-09,0.5
829a72_2024-08,829a72,2024-08,0.5
98a151_2018-05,98a151,2018-05,0.5
829a72_2021-12,829a72,2021-12,0.5
74b7d1_2014-10,74b7d1,2014-10,0.5
7e646c_2025-06,7e646c,2025-06,0.5
7e646c_2023-01,7e646c,2023-01,0.5
7e646c_2023-05,7e646c,2023-05,0.5
ab32d7_2022-10,ab32d7,2022-10,0.5
e3af0e_2023-07,e3af0e,2023-07,0.5
7bf5c9_2016-11,7bf5c9,2016-11,0.5
98a151_2021-07,98a151,2021-07,0.5
b1de95_2018-03,b1de95,2018-03,0.5
cd0e60_2021-05,cd0e60,2021-05,0.5
74b7d1_2022-09,74b7d1,2022-09,0.5
98a151_2021-09,98a151,2021-09,0.5
e3af0e_2020-06,e3af0e,2020-06,0.5
0874ee_2018-06,0874ee,2018-06,0.5
4f2b6b_2023-12,4f2b6b,2023-12,0.5
74b7d1_2019-08,74b7d1,2019-08,0.5
829a72_2018-05,829a72,2018-05,0.5
6da35b_2022-12,6da35b,2022-12,0.5
829a72_2024-01,829a72,2024-01,0.5
e3af0e_2017-12,e3af0e,2017-12,0.5
98a151_2017-08,98a151,2017-08,0.5
98a151_2020-12,98a151,2020-12,0.5
6da35b_2024-09,6da35b,2024-09,0.5
77e86b_2019-11,77e86b,2019-11,0.5
6da35b_2022-11,6da35b,2022-11,0.5
60a0fd_2021-06,60a0fd,2021-06,0.5
77e86b_2022-07,77e86b,2022-07,0.5
6da35b_2022-09,6da35b,2022-09,0.5
e3af0e_2019-08,e3af0e,2019-08,0.5
cd0e60_2022-03,cd0e60,2022-03,0.5
60a0fd_2023-04,60a0fd,2023-04,0.5
77e86b_2021-12,77e86b,2021-12,0.5
74b7d1_2023-11,74b7d1,2023-11,0.5
77e86b_2015-08,77e86b,2015-08,0.5
0cecbd_2015-10,0cecbd,2015-10,0.5
c5df88_2015-11,c5df88,2015-11,0.5
c580aa_2019-12,c580aa,2019-12,0.5
b59bc0_2025-02,b59bc0,2025-02,0.5
b0ff51_2020-10,b0ff51,2020-10,0.5
b59bc0_2014-08,b59bc0,2014-08,0.5
b59bc0_2020-02,b59bc0,2020-02,0.5
8d0588_2017-08,8d0588,2017-08,0.5
b59bc0_2018-03,b59bc0,2018-03,0.5
77e86b_2018-12,77e86b,2018-12,0.5
8d0588_2025-04,8d0588,2025-04,0.5
b59bc0_2020-08,b59bc0,2020-08,0.5
b59bc0_2024-10,b59bc0,2024-10,0.5
b0ff51_2025-08,b0ff51,2025-08,0.5
b0ff51_2021-03,b0ff51,2021-03,0.5
b59bc0_2020-04,b59bc0,2020-04,0.5
8d0588_2019-05,8d0588,2019-05,0.5
b59bc0_2014-05,b59bc0,2014-05,0.5
b59bc0_2015-03,b59bc0,2015-03,0.5
b0ff51_2014-12,b0ff51,2014-12,0.5
b0ff51_2017-11,b0ff51,2017-11,0.5
0cecbd_2018-10,0cecbd,2018-10,0.5
b59bc0_2022-10,b59bc0,2022-10,0.5
8d0588_2017-09,8d0588,2017-09,0.5
b0ff51_2018-02,b0ff51,2018-02,0.5
b59bc0_2022-05,b59bc0,2022-05,0.5
b59bc0_2025-01,b59bc0,2025-01,0.5
b0ff51_2022-06,b0ff51,2022-06,0.5
b0ff51_2023-04,b0ff51,2023-04,0.5
8d0588_2023-09,8d0588,2023-09,0.5
b59bc0_2015-07,b59bc0,2015-07,0.5
b59bc0_2025-07,b59bc0,2025-07,0.5
b0ff51_2023-11,b0ff51,2023-11,0.5
b0ff51_2024-07,b0ff51,2024-07,0.5
b59bc0_2014-09,b59bc0,2014-09,0.5
b59bc0_2017-03,b59bc0,2017-03,0.5
8d0588_2021-08,8d0588,2021-08,0.5
b59bc0_2015-02,b59bc0,2015-02,0.5
b59bc0_2023-11,b59bc0,2023-11,0.5
b59bc0_2024-09,b59bc0,2024-09,0.5
8d0588_2019-02,8d0588,2019-02,0.5
b0ff51_2017-07,b0ff51,2017-07,0.5
b59bc0_2019-03,b59bc0,2019-03,0.5
b59bc0_2021-12,b59bc0,2021-12,0.5
b59bc0_2022-11,b59bc0,2022-11,0.5
b0ff51_2015-03,b0ff51,2015-03,0.5
8d0588_2024-02,8d0588,2024-02,0.5
b0ff51_2023-09,b0ff51,2023-09,0.5
8d0588_2024-04,8d0588,2024-04,0.5
b59bc0_2024-11,b59bc0,2024-11,0.5
8005b9_2018-12,8005b9,2018-12,0.5
7a007d_2017-08,7a007d,2017-08,0.5
259a19_2024-12,259a19,2024-12,0.5
f461d4_2015-04,f461d4,2015-04,0.5
14fe3a_2017-07,14fe3a,2017-07,0.5
b416b1_2024-12,b416b1,2024-12,0.5
5a0174_2017-05,5a0174,2017-05,0.5
545d15_2022-04,545d15,2022-04,0.5
545d15_2021-07,545d15,2021-07,0.5
74b7d1_2022-11,74b7d1,2022-11,0.5
ab32d7_2022-06,ab32d7,2022-06,0.5
439fde_2025-03,439fde,2025-03,0.5
ab32d7_2025-03,ab32d7,2025-03,0.5
5ecf9b_2025-01,5ecf9b,2025-01,0.5
9b3bd5_2025-05,9b3bd5,2025-05,0.5
545d15_2024-11,545d15,2024-11,0.5
c580aa_2019-10,c580aa,2019-10,0.5
545d15_2022-01,545d15,2022-01,0.5
c580aa_2018-08,c580aa,2018-08,0.5
8b98f3_2022-03,8b98f3,2022-03,0.5
545d15_2025-06,545d15,2025-06,0.5
545d15_2022-10,545d15,2022-10,0.5
8b98f3_2024-12,8b98f3,2024-12,0.5
545d15_2022-08,545d15,2022-08,0.5
8b98f3_2022-05,8b98f3,2022-05,0.5
545d15_2024-03,545d15,2024-03,0.5
545d15_2025-02,545d15,2025-02,0.5
545d15_2022-05,545d15,2022-05,0.5
545d15_2023-09,545d15,2023-09,0.5
ab32d7_2024-09,ab32d7,2024-09,0.5
5ecf9b_2024-12,5ecf9b,2024-12,0.5
74b7d1_2015-02,74b7d1,2015-02,0.5
74b7d1_2021-07,74b7d1,2021-07,0.5
5ecf9b_2024-05,5ecf9b,2024-05,0.5
ab32d7_2025-05,ab32d7,2025-05,0.5
8b98f3_2023-07,8b98f3,2023-07,0.5
5ecf9b_2023-01,5ecf9b,2023-01,0.5
e361b7_2019-05,e361b7,2019-05,0.5
5ecf9b_2024-06,5ecf9b,2024-06,0.5
74b7d1_2024-06,74b7d1,2024-06,0.5
5ecf9b_2025-07,5ecf9b,2025-07,0.5
8b98f3_2024-08,8b98f3,2024-08,0.5
74b7d1_2020-06,74b7d1,2020-06,0.5
1698cf_2016-05,1698cf,2016-05,0.5
948a11_2024-04,948a11,2024-04,0.5
fb34b4_2025-02,fb34b4,2025-02,0.5
fb737b_2021-03,fb737b,2021-03,0.5
fc77d0_2017-04,fc77d0,2017-04,0.5
90abb1_2016-02,90abb1,2016-02,0.5
894378_2016-06,894378,2016-06,0.5
8ec563_2017-04,8ec563,2017-04,0.5
b73bc7_2015-06,b73bc7,2015-06,0.5
06534f_2022-05,06534f,2022-05,0.5
fd589c_2016-03,fd589c,2016-03,0.5
06534f_2017-03,06534f,2017-03,0.5
3db670_2023-07,3db670,2023-07,0.5
e4bc80_2018-04,e4bc80,2018-04,0.5
8ec563_2017-01,8ec563,2017-01,0.5
e4bc80_2021-05,e4bc80,2021-05,0.5
894378_2017-02,894378,2017-02,0.5
b73bc7_2014-03,b73bc7,2014-03,0.5
fd589c_2015-02,fd589c,2015-02,0.5
8ec563_2015-03,8ec563,2015-03,0.5
8ec563_2022-04,8ec563,2022-04,0.5
c580aa_2020-05,c580aa,2020-05,0.5
3db670_2020-08,3db670,2020-08,0.5
e361b7_2018-01,e361b7,2018-01,0.5
8ec563_2016-12,8ec563,2016-12,0.5
06534f_2021-02,06534f,2021-02,0.5
8ec563_2018-10,8ec563,2018-10,0.5
3a13b3_2023-08,3a13b3,2023-08,0.5
894378_2015-02,894378,2015-02,0.5
8ec563_2016-09,8ec563,2016-09,0.5
c580aa_2016-12,c580aa,2016-12,0.5
e4bc80_2019-02,e4bc80,2019-02,0.5
3db670_2024-11,3db670,2024-11,0.5
3db670_2021-04,3db670,2021-04,0.5
b1de95_2024-04,b1de95,2024-04,0.5
e361b7_2014-07,e361b7,2014-07,0.5
e361b7_2014-09,e361b7,2014-09,0.5
3a13b3_2016-07,3a13b3,2016-07,0.5
b73bc7_2016-01,b73bc7,2016-01,0.5
e4bc80_2022-05,e4bc80,2022-05,0.5
e4bc80_2022-10,e4bc80,2022-10,0.5
c5816f_2022-11,c5816f,2022-11,0.5
19fa84_2015-02,19fa84,2015-02,0.5
3a13b3_2025-07,3a13b3,2025-07,0.5
06534f_2015-04,06534f,2015-04,0.5
894378_2020-02,894378,2020-02,0.5
894378_2023-12,894378,2023-12,0.5
b73bc7_2021-10,b73bc7,2021-10,0.5
e361b7_2020-05,e361b7,2020-05,0.5
3a13b3_2016-04,3a13b3,2016-04,0.5
06534f_2017-07,06534f,2017-07,0.5
fd589c_2016-04,fd589c,2016-04,0.5
e361b7_2018-09,e361b7,2018-09,0.5
c580aa_2024-02,c580aa,2024-02,0.5
8ec563_2016-10,8ec563,2016-10,0.5
06534f_2021-03,06534f,2021-03,0.5
e361b7_2014-10,e361b7,2014-10,0.5
c5816f_2017-04,c5816f,2017-04,0.5
3db670_2016-06,3db670,2016-06,0.5
c580aa_2016-11,c580aa,2016-11,0.5
3db670_2015-06,3db670,2015-06,0.5
fd589c_2019-06,fd589c,2019-06,0.5
c5816f_2015-01,c5816f,2015-01,0.5
c5816f_2019-05,c5816f,2019-05,0.5
3db670_2015-05,3db670,2015-05,0.5
19fa84_2022-10,19fa84,2022-10,0.5
f4604d_2022-05,f4604d,2022-05,0.5
c5816f_2014-03,c5816f,2014-03,0.5
90abb1_2016-01,90abb1,2016-01,0.5
3a13b3_2024-08,3a13b3,2024-08,0.5
e4bc80_2020-11,e4bc80,2020-11,0.5
e4bc80_2024-05,e4bc80,2024-05,0.5
06534f_2017-06,06534f,2017-06,0.5
4f2b6b_2025-03,4f2b6b,2025-03,0.5
8fabe0_2021-05,8fabe0,2021-05,0.5
19fa84_2019-12,19fa84,2019-12,0.5
19fa84_2019-11,19fa84,2019-11,0.5
6224d0_2015-12,6224d0,2015-12,0.5
439fde_2024-11,439fde,2024-11,0.5
db5006_2017-08,db5006,2017-08,0.5
c3a69f_2021-09,c3a69f,2021-09,0.5
e3af0e_2023-01,e3af0e,2023-01,0.5
259a19_2018-11,259a19,2018-11,0.5
7aa803_2017-02,7aa803,2017-02,0.5
9b46ed_2019-12,9b46ed,2019-12,0.5
9b46ed_2015-10,9b46ed,2015-10,0.5
92dcdd_2018-09,92dcdd,2018-09,0.5
0874ee_2017-06,0874ee,2017-06,0.5
8fabe0_2020-06,8fabe0,2020-06,0.5
1698cf_2025-02,1698cf,2025-02,0.5
db4cd8_2018-09,db4cd8,2018-09,0.5
88a9a6_2018-04,88a9a6,2018-04,0.5
b1de95_2016-10,b1de95,2016-10,0.5
b416b1_2021-01,b416b1,2021-01,0.5
f4604d_2022-09,f4604d,2022-09,0.5
293190_2016-12,293190,2016-12,0.5
b1de95_2016-06,b1de95,2016-06,0.5
88a9a6_2020-06,88a9a6,2020-06,0.5
b08ec1_2017-07,b08ec1,2017-07,0.5
b1de95_2016-09,b1de95,2016-09,0.5
e2e0ce_2015-05,e2e0ce,2015-05,0.5
74fb1f_2016-05,74fb1f,2016-05,0.5
8fabe0_2016-03,8fabe0,2016-03,0.5
293190_2018-04,293190,2018-04,0.5
1698cf_2017-11,1698cf,2017-11,0.5
fc77d0_2021-02,fc77d0,2021-02,0.5
b1de95_2017-09,b1de95,2017-09,0.5
b1de95_2017-07,b1de95,2017-07,0.5
c48018_2021-07,c48018,2021-07,0.5
0874ee_2015-08,0874ee,2015-08,0.5
18defd_2021-11,18defd,2021-11,0.5
c48018_2017-08,c48018,2017-08,0.5
18defd_2017-07,18defd,2017-07,0.5
1822ea_2016-04,1822ea,2016-04,0.5
7aa803_2020-11,7aa803,2020-11,0.5
c48018_2017-11,c48018,2017-11,0.5
c48018_2021-09,c48018,2021-09,0.5
fc77d0_2017-05,fc77d0,2017-05,0.5
fc77d0_2020-06,fc77d0,2020-06,0.5
c48018_2022-10,c48018,2022-10,0.5
531356_2022-04,531356,2022-04,0.5
293190_2018-05,293190,2018-05,0.5
c48018_2017-10,c48018,2017-10,0.5
6f5e2b_2015-11,6f5e2b,2015-11,0.5
6f5e2b_2021-04,6f5e2b,2021-04,0.5
c48018_2016-05,c48018,2016-05,0.5
1bdb97_2025-03,1bdb97,2025-03,0.5
29849f_2017-08,29849f,2017-08,0.5
8fabe0_2017-11,8fabe0,2017-11,0.5
439fde_2019-10,439fde,2019-10,0.5
74b7d1_2017-06,74b7d1,2017-06,0.5
c3a69f_2014-09,c3a69f,2014-09,0.5
0874ee_2015-10,0874ee,2015-10,0.5
439fde_2019-06,439fde,2019-06,0.5
87cfea_2019-12,87cfea,2019-12,0.5
e4bc80_2015-10,e4bc80,2015-10,0.5
83894c_2022-04,83894c,2022-04,0.5
7aa803_2017-12,7aa803,2017-12,0.5
60a0fd_2015-10,60a0fd,2015-10,0.5
e3af0e_2016-08,e3af0e,2016-08,0.5
4718d7_2021-03,4718d7,2021-03,0.5
175155_2016-01,175155,2016-01,0.5
f4604d_2015-06,f4604d,2015-06,0.5
4718d7_2017-09,4718d7,2017-09,0.5
f461d4_2021-04,f461d4,2021-04,0.5
829a72_2020-11,829a72,2020-11,0.5
60a0fd_2017-01,60a0fd,2017-01,0.5
e3af0e_2016-01,e3af0e,2016-01,0.5
829a72_2021-03,829a72,2021-03,0.5
90abb1_2016-07,90abb1,2016-07,0.5
829a72_2021-06,829a72,2021-06,0.5
98a151_2016-09,98a151,2016-09,0.5
5a0174_2015-07,5a0174,2015-07,0.5
83894c_2020-09,83894c,2020-09,0.5
83894c_2025-08,83894c,2025-08,0.5
1698cf_2021-03,1698cf,2021-03,0.5
f461d4_2016-04,f461d4,2016-04,0.5
87cfea_2022-03,87cfea,2022-03,0.5
99c11c_2023-09,99c11c,2023-09,0.5
829a72_2016-09,829a72,2016-09,0.5
87cfea_2020-09,87cfea,2020-09,0.5
60a0fd_2015-08,60a0fd,2015-08,0.5
5a0174_2022-02,5a0174,2022-02,0.5
259a19_2018-08,259a19,2018-08,0.5
83894c_2020-08,83894c,2020-08,0.5
83894c_2021-01,83894c,2021-01,0.5
829a72_2020-07,829a72,2020-07,0.5
4718d7_2017-10,4718d7,2017-10,0.5
87cfea_2022-09,87cfea,2022-09,0.5
98a151_2016-08,98a151,2016-08,0.5
6f5e2b_2015-06,6f5e2b,2015-06,0.5
87cfea_2022-08,87cfea,2022-08,0.5
90abb1_2016-03,90abb1,2016-03,0.5
5a0174_2017-01,5a0174,2017-01,0.5
7aa803_2017-10,7aa803,2017-10,0.5
98a151_2016-04,98a151,2016-04,0.5
4718d7_2021-04,4718d7,2021-04,0.5
8fabe0_2016-06,8fabe0,2016-06,0.5
8fabe0_2018-11,8fabe0,2018-11,0.5
6f5e2b_2020-05,6f5e2b,2020-05,0.5
829a72_2020-10,829a72,2020-10,0.5
d86999_2022-11,d86999,2022-11,0.5
9cf1af_2023-02,9cf1af,2023-02,0.5
3a13b3_2015-10,3a13b3,2015-10,0.5
14fe3a_2020-08,14fe3a,2020-08,0.5
8ec563_2018-11,8ec563,2018-11,0.5
dbb709_2022-03,dbb709,2022-03,0.5
d86999_2023-01,d86999,2023-01,0.5
d86999_2023-10,d86999,2023-10,0.5
db5006_2018-09,db5006,2018-09,0.5
14fe3a_2021-01,14fe3a,2021-01,0.5
0cecbd_2020-11,0cecbd,2020-11,0.5
d86999_2023-04,d86999,2023-04,0.5
77c35f_2023-06,77c35f,2023-06,0.5
e4bc80_2015-06,e4bc80,2015-06,0.5
531356_2021-02,531356,2021-02,0.5
dbb709_2021-12,dbb709,2021-12,0.5
439fde_2020-03,439fde,2020-03,0.5
8fabe0_2015-10,8fabe0,2015-10,0.5
34889b_2016-02,34889b,2016-02,0.5
34889b_2015-11,34889b,2015-11,0.5
fc77d0_2015-10,fc77d0,2015-10,0.5
e3af0e_2020-07,e3af0e,2020-07,0.5
829a72_2017-05,829a72,2017-05,0.5
b1de95_2016-12,b1de95,2016-12,0.5
829a72_2018-10,829a72,2018-10,0.5
77b3b9_2016-09,77b3b9,2016-09,0.5
11f0e3_2020-05,11f0e3,2020-05,0.5
c48018_2016-07,c48018,2016-07,0.5
e2314a_2020-05,e2314a,2020-05,0.5
b73bc7_2021-01,b73bc7,2021-01,0.5
9af74c_2020-06,9af74c,2020-06,0.5
375f2e_2016-12,375f2e,2016-12,0.5
d86999_2022-10,d86999,2022-10,0.5
375f2e_2017-09,375f2e,2017-09,0.5
1822ea_2025-09,1822ea,2025-09,0.5
375f2e_2017-11,375f2e,2017-11,0.5
9af74c_2016-08,9af74c,2016-08,0.5
b1de95_2022-08,b1de95,2022-08,0.5
bc4c03_2015-05,bc4c03,2015-05,0.5
9af74c_2020-07,9af74c,2020-07,0.5
1822ea_2016-05,1822ea,2016-05,0.5
bc4c03_2017-09,bc4c03,2017-09,0.5
77b3b9_2017-08,77b3b9,2017-08,0.5
375f2e_2016-04,375f2e,2016-04,0.5
987bc1_2018-09,987bc1,2018-09,0.5
d86999_2022-05,d86999,2022-05,0.5
d86999_2022-06,d86999,2022-06,0.5
2167be_2025-09,2167be,2025-09,0.5
99c11c_2016-09,99c11c,2016-09,0.5
83894c_2024-08,83894c,2024-08,0.5
7bf5c9_2015-11,7bf5c9,2015-11,0.5
c3a69f_2020-09,c3a69f,2020-09,0.5
e60b65_2018-09,e60b65,2018-09,0.5
87cfea_2023-01,87cfea,2023-01,0.5
99c11c_2017-12,99c11c,2017-12,0.5
99c11c_2021-01,99c11c,2021-01,0.5
99c11c_2019-08,99c11c,2019-08,0.5
83894c_2020-03,83894c,2020-03,0.5
99c11c_2020-02,99c11c,2020-02,0.5
99c11c_2023-08,99c11c,2023-08,0.5
439fde_2021-05,439fde,2021-05,0.5
8005b9_2020-01,8005b9,2020-01,0.5
87cfea_2019-05,87cfea,2019-05,0.5
c3a69f_2020-08,c3a69f,2020-08,0.5
87cfea_2019-09,87cfea,2019-09,0.5
77e86b_2017-10,77e86b,2017-10,0.5
c3a69f_2021-05,c3a69f,2021-05,0.5
83894c_2025-04,83894c,2025-04,0.5
99c11c_2023-12,99c11c,2023-12,0.5
439fde_2022-03,439fde,2022-03,0.5
83894c_2018-08,83894c,2018-08,0.5
439fde_2023-01,439fde,2023-01,0.5
439fde_2021-01,439fde,2021-01,0.5
83894c_2024-12,83894c,2024-12,0.5
c3a69f_2016-06,c3a69f,2016-06,0.5
99c11c_2020-01,99c11c,2020-01,0.5
99c11c_2016-07,99c11c,2016-07,0.5
99c11c_2016-12,99c11c,2016-12,0.5
83894c_2025-02,83894c,2025-02,0.5
c3a69f_2018-08,c3a69f,2018-08,0.5
99c11c_2016-08,99c11c,2016-08,0.5
99c11c_2023-11,99c11c,2023-11,0.5
87cfea_2023-04,87cfea,2023-04,0.5
439fde_2021-04,439fde,2021-04,0.5
83894c_2018-09,83894c,2018-09,0.5
87cfea_2016-04,87cfea,2016-04,0.5
d59611_2018-07,d59611,2018-07,0.5
8005b9_2018-10,8005b9,2018-10,0.5
0cecbd_2017-05,0cecbd,2017-05,0.5
c3a69f_2016-01,c3a69f,2016-01,0.5
e60b65_2015-05,e60b65,2015-05,0.5
e2e0ce_2017-07,e2e0ce,2017-07,0.5
f4604d_2017-10,f4604d,2017-10,0.5
bf6f0d_2015-03,bf6f0d,2015-03,0.5
29849f_2020-06,29849f,2020-06,0.5
77b3b9_2020-06,77b3b9,2020-06,0.5
b1de95_2023-06,b1de95,2023-06,0.5
f500c5_2018-10,f500c5,2018-10,0.5
06534f_2022-01,06534f,2022-01,0.5
b1de95_2023-02,b1de95,2023-02,0.5
06534f_2021-09,06534f,2021-09,0.5
c5df88_2017-04,c5df88,2017-04,0.5
b73bc7_2022-08,b73bc7,2022-08,0.5
bf6f0d_2021-03,bf6f0d,2021-03,0.5
c580aa_2020-12,c580aa,2020-12,0.5
b73bc7_2022-10,b73bc7,2022-10,0.5
c580aa_2021-02,c580aa,2021-02,0.5
b73bc7_2022-04,b73bc7,2022-04,0.5
88a9a6_2018-10,88a9a6,2018-10,0.5
948a11_2023-11,948a11,2023-11,0.5
6224d0_2015-07,6224d0,2015-07,0.5
fb34b4_2023-11,fb34b4,2023-11,0.5
c580aa_2022-10,c580aa,2022-10,0.5
f500c5_2018-07,f500c5,2018-07,0.5
8d0588_2016-02,8d0588,2016-02,0.5
77e86b_2021-02,77e86b,2021-02,0.5
77e86b_2021-09,77e86b,2021-09,0.5
99c11c_2017-04,99c11c,2017-04,0.5
77e86b_2016-09,77e86b,2016-09,0.5
74b7d1_2015-08,74b7d1,2015-08,0.5
77e86b_2016-12,77e86b,2016-12,0.5
77e86b_2020-06,77e86b,2020-06,0.5
77e86b_2016-03,77e86b,2016-03,0.5
99c11c_2022-08,99c11c,2022-08,0.5
83894c_2023-07,83894c,2023-07,0.5
8fabe0_2021-02,8fabe0,2021-02,0.5
83894c_2023-06,83894c,2023-06,0.5
83894c_2022-11,83894c,2022-11,0.5
83894c_2017-06,83894c,2017-06,0.5
87cfea_2018-07,87cfea,2018-07,0.5
6224d0_2018-11,6224d0,2018-11,0.5
99c11c_2018-06,99c11c,2018-06,0.5
af81b0_2017-03,af81b0,2017-03,0.5
513080_2025-10,513080,2025-10,0.5
77b3b9_2025-09,77b3b9,2025-09,0.5
6838b9_2020-04,6838b9,2020-04,0.5
fb737b_2020-05,fb737b,2020-05,0.5
af81b0_2016-08,af81b0,2016-08,0.5
7aa803_2018-08,7aa803,2018-08,0.5
cd0e60_2023-07,cd0e60,2023-07,0.5
2ab8ad_2018-09,2ab8ad,2018-09,0.5
c5df88_2015-07,c5df88,2015-07,0.5
cd0e60_2025-05,cd0e60,2025-05,0.5
3db670_2016-01,3db670,2016-01,0.5
829a72_2016-01,829a72,2016-01,0.5
cd0e60_2024-03,cd0e60,2024-03,0.5
4718d7_2015-05,4718d7,2015-05,0.5
c3a69f_2017-12,c3a69f,2017-12,0.5
c3a69f_2017-11,c3a69f,2017-11,0.5
829a72_2015-09,829a72,2015-09,0.5
19fa84_2017-07,19fa84,2017-07,0.5
439fde_2016-01,439fde,2016-01,0.5
88a9a6_2017-07,88a9a6,2017-07,0.5
439fde_2016-03,439fde,2016-03,0.5
77b3b9_2016-02,77b3b9,2016-02,0.5
1698cf_2015-05,1698cf,2015-05,0.5
d86999_2024-03,d86999,2024-03,0.5
4718d7_2016-08,4718d7,2016-08,0.5
0874ee_2016-09,0874ee,2016-09,0.5
88a9a6_2018-09,88a9a6,2018-09,0.5
dc4b5e_2021-02,dc4b5e,2021-02,0.5
dc4b5e_2021-08,dc4b5e,2021-08,0.5
34889b_2017-09,34889b,2017-09,0.5
dc4b5e_2020-09,dc4b5e,2020-09,0.5
9b46ed_2016-10,9b46ed,2016-10,0.5
7aa803_2016-12,7aa803,2016-12,0.5
a97df3_2021-10,a97df3,2021-10,0.5
dc4b5e_2021-10,dc4b5e,2021-10,0.5
e2e0ce_2017-03,e2e0ce,2017-03,0.5
34889b_2020-07,34889b,2020-07,0.5
c5df88_2018-09,c5df88,2018-09,0.5
9af74c_2016-04,9af74c,2016-04,0.5
9b46ed_2017-07,9b46ed,2017-07,0.5
34889b_2016-04,34889b,2016-04,0.5
a97df3_2020-04,a97df3,2020-04,0.5
3db670_2021-07,3db670,2021-07,0.5
74b7d1_2016-03,74b7d1,2016-03,0.5
99c11c_2025-09,99c11c,2025-09,0.5
b73bc7_2017-11,b73bc7,2017-11,0.5
a97df3_2020-06,a97df3,2020-06,0.5
e4bc80_2016-02,e4bc80,2016-02,0.5
3db670_2022-01,3db670,2022-01,0.5
e4bc80_2016-03,e4bc80,2016-03,0.5
3a13b3_2018-07,3a13b3,2018-07,0.5
1b9e65_2017-05,1b9e65,2017-05,0.5
375f2e_2015-08,375f2e,2015-08,0.5
1b9e65_2024-07,1b9e65,2024-07,0.5
74b7d1_2015-09,74b7d1,2015-09,0.5
0874ee_2017-11,0874ee,2017-11,0.5
0874ee_2020-04,0874ee,2020-04,0.5
7aa803_2016-01,7aa803,2016-01,0.5
af81b0_2021-09,af81b0,2021-09,0.5
af81b0_2021-11,af81b0,2021-11,0.5
bf6f0d_2016-04,bf6f0d,2016-04,0.5
af81b0_2022-03,af81b0,2022-03,0.5
fb34b4_2022-12,fb34b4,2022-12,0.5
fb34b4_2023-01,fb34b4,2023-01,0.5
4fb2d3_2016-06,4fb2d3,2016-06,0.5
fc77d0_2015-11,fc77d0,2015-11,0.5
9f1aa0_2015-08,9f1aa0,2015-08,0.5
4fb2d3_2016-07,4fb2d3,2016-07,0.5
fb34b4_2022-02,fb34b4,2022-02,0.5
db5006_2016-06,db5006,2016-06,0.5
0cecbd_2016-02,0cecbd,2016-02,0.5
db5006_2016-07,db5006,2016-07,0.5
1b9e65_2015-11,1b9e65,2015-11,0.5
5a0174_2022-03,5a0174,2022-03,0.5
6f5e2b_2022-02,6f5e2b,2022-02,0.5
0cecbd_2016-03,0cecbd,2016-03,0.5
92dcdd_2018-07,92dcdd,2018-07,0.5
92dcdd_2025-09,92dcdd,2025-09,0.5
fd589c_2015-09,fd589c,2015-09,0.5
fd589c_2020-05,fd589c,2020-05,0.5
439fde_2015-07,439fde,2015-07,0.5
fd589c_2020-10,fd589c,2020-10,0.5
fd589c_2015-11,fd589c,2015-11,0.5
fd589c_2018-08,fd589c,2018-08,0.5
439fde_2015-09,439fde,2015-09,0.5
db4cd8_2020-04,db4cd8,2020-04,0.5
6c1954_2020-10,6c1954,2020-10,0.5
987bc1_2015-12,987bc1,2015-12,0.5
987bc1_2016-01,987bc1,2016-01,0.5
6c1954_2020-08,6c1954,2020-08,0.5
74fb1f_2016-10,74fb1f,2016-10,0.5
293190_2017-08,293190,2017-08,0.5
293190_2015-10,293190,2015-10,0.5
74fb1f_2016-06,74fb1f,2016-06,0.5
e2e0ce_2015-11,e2e0ce,2015-11,0.5
7aa803_2016-08,7aa803,2016-08,0.5
88a9a6_2016-09,88a9a6,2016-09,0.5
c5816f_2018-07,c5816f,2018-07,0.5
9f1aa0_2025-09,9f1aa0,2025-09,0.5
f1543b_2025-09,f1543b,2025-09,0.5
19fa84_2016-11,19fa84,2016-11,0.5
894378_2016-09,894378,2016-09,0.5
19fa84_2016-09,19fa84,2016-09,0.5
8ec563_2015-05,8ec563,2015-05,0.5
19fa84_2016-04,19fa84,2016-04,0.5
e7a56d_2016-03,e7a56d,2016-03,0.5
fd589c_2016-11,fd589c,2016-11,0.5
8ec563_2015-08,8ec563,2015-08,0.5
0874ee_2021-02,0874ee,2021-02,0.5
894378_2016-08,894378,2016-08,0.5
894378_2016-11,894378,2016-11,0.5
bf6f0d_2015-11,bf6f0d,2015-11,0.5
b59bc0_2017-07,b59bc0,2017-07,0.5
b59bc0_2016-07,b59bc0,2016-07,0.5
b644ac_2024-04,b644ac,2024-04,0.5
83894c_2016-11,83894c,2016-11,0.5
83894c_2016-10,83894c,2016-10,0.5
83894c_2016-06,83894c,2016-06,0.5
83894c_2016-07,83894c,2016-07,0.5
83894c_2016-12,83894c,2016-12,0.5
4fb2d3_2025-09,4fb2d3,2025-09,0.5
a42d13_2020-10,a42d13,2020-10,0.5
a42d13_2020-08,a42d13,2020-08,0.5
6838b9_2018-11,6838b9,2018-11,0.5
a42d13_2020-03,a42d13,2020-03,0.5
c48018_2016-02,c48018,2016-02,0.5
c48018_2016-03,c48018,2016-03,0.5
a42d13_2021-04,a42d13,2021-04,0.5
a42d13_2023-02,a42d13,2023-02,0.5
a25664_2016-11,a25664,2016-11,0.5
6f5e2b_2016-02,6f5e2b,2016-02,0.5
e60b65_2016-11,e60b65,2016-11,0.5
1b9e65_2020-11,1b9e65,2020-11,0.5
4fb2d3_2017-09,4fb2d3,2017-09,0.5
1b9e65_2020-10,1b9e65,2020-10,0.5
531356_2015-06,531356,2015-06,0.5
894378_2020-08,894378,2020-08,0.5
c5df88_2015-06,c5df88,2015-06,0.5
175155_2017-12,175155,2017-12,0.5
d86999_2020-10,d86999,2020-10,0.5
375f2e_2016-02,375f2e,2016-02,0.5
29849f_2016-03,29849f,2016-03,0.5
b416b1_2017-09,b416b1,2017-09,0.5
29849f_2017-11,29849f,2017-11,0.5
531356_2021-06,531356,2021-06,0.5
531356_2021-09,531356,2021-09,0.5
29849f_2015-07,29849f,2015-07,0.5
1822ea_2017-01,1822ea,2017-01,0.5
531356_2021-08,531356,2021-08,0.5
1b9e65_2015-06,1b9e65,2015-06,0.5
6838b9_2017-11,6838b9,2017-11,0.5
f4604d_2020-05,f4604d,2020-05,0.5
b73bc7_2016-02,b73bc7,2016-02,0.5
29849f_2016-10,29849f,2016-10,0.5
b73bc7_2016-03,b73bc7,2016-03,0.5
c5df88_2024-09,c5df88,2024-09,0.5
c5df88_2025-11,c5df88,2025-11,0.5
293190_2025-09,293190,2025-09,0.5
b08ec1_2016-10,b08ec1,2016-10,0.5
c5df88_2020-06,c5df88,2020-06,0.5
7aa803_2025-03,7aa803,2025-03,0.5
c5df88_2023-12,c5df88,2023-12,0.5
2ab8ad_2016-08,2ab8ad,2016-08,0.5
b73bc7_2017-12,b73bc7,2017-12,0.5
c5df88_2021-10,c5df88,2021-10,0.5
293190_2025-11,293190,2025-11,0.5
b08ec1_2016-09,b08ec1,2016-09,0.5
293190_2015-07,293190,2015-07,0.5
293190_2018-11,293190,2018-11,0.5
f4604d_2017-01,f4604d,2017-01,0.5
88a9a6_2016-04,88a9a6,2016-04,0.5
c5df88_2025-08,c5df88,2025-08,0.5
293190_2025-03,293190,2025-03,0.5
293190_2025-07,293190,2025-07,0.5
c580aa_2014-03,c580aa,2014-03,0.5
9af74c_2015-11,9af74c,2015-11,0.5
9af74c_2016-01,9af74c,2016-01,0.5
7a007d_2017-12,7a007d,2017-12,0.5
b416b1_2015-08,b416b1,2015-08,0.5
18defd_2015-05,18defd,2015-05,0.5
b08ec1_2015-05,b08ec1,2015-05,0.5
7a007d_2023-09,7a007d,2023-09,0.5
e7a56d_2016-05,e7a56d,2016-05,0.5
e7a56d_2016-09,e7a56d,2016-09,0.5
7a007d_2015-07,7a007d,2015-07,0.5
7a007d_2015-05,7a007d,2015-05,0.5
7a007d_2017-11,7a007d,2017-11,0.5
7a007d_2022-02,7a007d,2022-02,0.5
7a007d_2015-08,7a007d,2015-08,0.5
7a007d_2021-02,7a007d,2021-02,0.5
7a007d_2022-03,7a007d,2022-03,0.5
7a007d_2022-09,7a007d,2022-09,0.5
8d0588_2020-05,8d0588,2020-05,0.5
8d0588_2018-09,8d0588,2018-09,0.5
b59bc0_2018-09,b59bc0,2018-09,0.5
8d0588_2016-09,8d0588,2016-09,0.5
e60b65_2025-09,e60b65,2025-09,0.5
ab32d7_2024-03,ab32d7,2024-03,0.5
439fde_2023-08,439fde,2023-08,0.5
c3a69f_2024-03,c3a69f,2024-03,0.5
f4604d_2015-08,f4604d,2015-08,0.5
77e86b_2021-11,77e86b,2021-11,0.5
c3a69f_2023-12,c3a69f,2023-12,0.5
77e86b_2022-02,77e86b,2022-02,0.5
77e86b_2025-04,77e86b,2025-04,0.5
77e86b_2015-07,77e86b,2015-07,0.5
74b7d1_2023-10,74b7d1,2023-10,0.5
74b7d1_2015-03,74b7d1,2015-03,0.5
74b7d1_2024-05,74b7d1,2024-05,0.5
439fde_2025-07,439fde,2025-07,0.5
1b9e65_2022-09,1b9e65,2022-09,0.5
439fde_2023-09,439fde,2023-09,0.5
c3a69f_2025-08,c3a69f,2025-08,0.5
c3a69f_2025-07,c3a69f,2025-07,0.5
8b98f3_2023-09,8b98f3,2023-09,0.5
77e86b_2019-06,77e86b,2019-06,0.5
77e86b_2024-07,77e86b,2024-07,0.5
77e86b_2015-01,77e86b,2015-01,0.5
c3a69f_2024-04,c3a69f,2024-04,0.5
74b7d1_2022-01,74b7d1,2022-01,0.5
2ed4f9_2025-04,2ed4f9,2025-04,0.5
8b98f3_2023-08,8b98f3,2023-08,0.5
77e86b_2015-04,77e86b,2015-04,0.5
8b98f3_2024-05,8b98f3,2024-05,0.5
c3a69f_2022-02,c3a69f,2022-02,0.5
c3a69f_2014-11,c3a69f,2014-11,0.5
302d40_2025-01,302d40,2025-01,0.5
fc9334_2022-09,fc9334,2022-09,0.5
8e41cf_2021-10,8e41cf,2021-10,0.5
b26809_2023-11,b26809,2023-11,0.5
f461d4_2019-05,f461d4,2019-05,0.5
259a19_2018-06,259a19,2018-06,0.5
2ab8ad_2022-11,2ab8ad,2022-11,0.5
7aa803_2025-06,7aa803,2025-06,0.5
9b46ed_2021-07,9b46ed,2021-07,0.5
829a72_2025-08,829a72,2025-08,0.5
bfbeef_2024-12,bfbeef,2024-12,0.5
98a151_2019-03,98a151,2019-03,0.5
77c35f_2024-03,77c35f,2024-03,0.5
829a72_2024-06,829a72,2024-06,0.5
dbb709_2025-02,dbb709,2025-02,0.5
d86999_2020-03,d86999,2020-03,0.5
fc9334_2015-05,fc9334,2015-05,0.5
fc9334_2022-10,fc9334,2022-10,0.5
8e41cf_2018-04,8e41cf,2018-04,0.5
6224d0_2019-03,6224d0,2019-03,0.5
a25664_2015-01,a25664,2015-01,0.5
293190_2021-11,293190,2021-11,0.5
293190_2022-09,293190,2022-09,0.5
e2e0ce_2016-08,e2e0ce,2016-08,0.5
e2e0ce_2016-09,e2e0ce,2016-09,0.5
e2e0ce_2025-06,e2e0ce,2025-06,0.5
74fb1f_2015-07,74fb1f,2015-07,0.5
9b46ed_2019-09,9b46ed,2019-09,0.5
d86999_2017-04,d86999,2017-04,0.5
829a72_2023-10,829a72,2023-10,0.5
fc9334_2017-04,fc9334,2017-04,0.5
d86999_2018-02,d86999,2018-02,0.5
780a0b_2018-12,780a0b,2018-12,0.5
fc9334_2016-09,fc9334,2016-09,0.5
0874ee_2021-07,0874ee,2021-07,0.5
fc77d0_2024-11,fc77d0,2024-11,0.5
fb737b_2025-04,fb737b,2025-04,0.5
c5df88_2022-02,c5df88,2022-02,0.5
7aa803_2021-01,7aa803,2021-01,0.5
7aa803_2022-01,7aa803,2022-01,0.5
7aa803_2025-01,7aa803,2025-01,0.5
88a9a6_2019-01,88a9a6,2019-01,0.5
88a9a6_2024-06,88a9a6,2024-06,0.5
9b46ed_2015-08,9b46ed,2015-08,0.5
9b46ed_2023-04,9b46ed,2023-04,0.5
60a0fd_2024-08,60a0fd,2024-08,0.5
d86999_2022-09,d86999,2022-09,0.5
d86999_2023-09,d86999,2023-09,0.5
4fb2d3_2018-04,4fb2d3,2018-04,0.5
74fb1f_2019-05,74fb1f,2019-05,0.5
7aa803_2022-10,7aa803,2022-10,0.5
8fb6f0_2025-03,8fb6f0,2025-03,0.5
fc9334_2019-07,fc9334,2019-07,0.5
9cf1af_2022-01,9cf1af,2022-01,0.5
fc9334_2016-11,fc9334,2016-11,0.5
fc9334_2021-09,fc9334,2021-09,0.5
8fb6f0_2022-07,8fb6f0,2022-07,0.5
8bd3ce_2024-06,8bd3ce,2024-06,0.5
8e41cf_2023-06,8e41cf,2023-06,0.5
8e41cf_2024-03,8e41cf,2024-03,0.5
e60b65_2015-01,e60b65,2015-01,0.5
bc4c03_2021-09,bc4c03,2021-09,0.5
2ab8ad_2023-06,2ab8ad,2023-06,0.5
74fb1f_2023-11,74fb1f,2023-11,0.5
88a9a6_2017-02,88a9a6,2017-02,0.5
88a9a6_2019-04,88a9a6,2019-04,0.5
0f9e86_2025-06,0f9e86,2025-06,0.5
77c35f_2022-10,77c35f,2022-10,0.5
b26809_2016-12,b26809,2016-12,0.5
b26809_2023-07,b26809,2023-07,0.5
bc4c03_2022-03,bc4c03,2022-03,0.5
9b3bd5_2025-06,9b3bd5,2025-06,0.5
293190_2014-11,293190,2014-11,0.5
e2e0ce_2015-07,e2e0ce,2015-07,0.5
2ab8ad_2025-08,2ab8ad,2025-08,0.5
c5df88_2014-10,c5df88,2014-10,0.5
9b46ed_2018-06,9b46ed,2018-06,0.5
9b46ed_2019-06,9b46ed,2019-06,0.5
829a72_2024-05,829a72,2024-05,0.5
60a0fd_2022-12,60a0fd,2022-12,0.5
d86999_2022-03,d86999,2022-03,0.5
0ffc2d_2019-08,0ffc2d,2019-08,0.5
8e41cf_2015-03,8e41cf,2015-03,0.5
731908_2016-02,731908,2016-02,0.5
293190_2024-05,293190,2024-05,0.5
e2e0ce_2022-07,e2e0ce,2022-07,0.5
2ab8ad_2022-04,2ab8ad,2022-04,0.5
c5df88_2015-01,c5df88,2015-01,0.5
c5df88_2021-09,c5df88,2021-09,0.5
c5df88_2022-05,c5df88,2022-05,0.5
9b46ed_2018-12,9b46ed,2018-12,0.5
8fb6f0_2020-03,8fb6f0,2020-03,0.5
dbb709_2024-01,dbb709,2024-01,0.5
9befc8_2022-06,9befc8,2022-06,0.5
60a0fd_2021-04,60a0fd,2021-04,0.5
fc9334_2025-08,fc9334,2025-08,0.5
fc77d0_2022-03,fc77d0,2022-03,0.5
f461d4_2019-08,f461d4,2019-08,0.5
293190_2017-02,293190,2017-02,0.5
e2e0ce_2024-11,e2e0ce,2024-11,0.5
88a9a6_2021-04,88a9a6,2021-04,0.5
88a9a6_2023-01,88a9a6,2023-01,0.5
0f9e86_2022-12,0f9e86,2022-12,0.5
8bd3ce_2025-03,8bd3ce,2025-03,0.5
11f0e3_2021-12,11f0e3,2021-12,0.5
b26809_2017-02,b26809,2017-02,0.5
b26809_2021-05,b26809,2021-05,0.5
9af74c_2023-10,9af74c,2023-10,0.5
6224d0_2019-07,6224d0,2019-07,0.5
175155_2025-01,175155,2025-01,0.5
293190_2014-09,293190,2014-09,0.5
293190_2019-06,293190,2019-06,0.5
293190_2021-07,293190,2021-07,0.5
74fb1f_2025-05,74fb1f,2025-05,0.5
8e41cf_2024-04,8e41cf,2024-04,0.5
98a151_2022-06,98a151,2022-06,0.5
e427f8_2022-03,e427f8,2022-03,0.5
302d40_2023-03,302d40,2023-03,0.5
d86999_2025-02,d86999,2025-02,0.5
8bd3ce_2018-03,8bd3ce,2018-03,0.5
b26809_2022-07,b26809,2022-07,0.5
74fb1f_2020-12,74fb1f,2020-12,0.5
74fb1f_2021-12,74fb1f,2021-12,0.5
11f0e3_2023-04,11f0e3,2023-04,0.5
d86999_2019-08,d86999,2019-08,0.5
fc9334_2018-11,fc9334,2018-11,0.5
8e41cf_2024-11,8e41cf,2024-11,0.5
b26809_2021-12,b26809,2021-12,0.5
9b46ed_2015-03,9b46ed,2015-03,0.5
9b46ed_2024-11,9b46ed,2024-11,0.5
e2e0ce_2019-01,e2e0ce,2019-01,0.5
780a0b_2020-03,780a0b,2020-03,0.5
77c35f_2023-01,77c35f,2023-01,0.5
e427f8_2023-04,e427f8,2023-04,0.5
d86999_2015-07,d86999,2015-07,0.5
8bd3ce_2025-08,8bd3ce,2025-08,0.5
8bd3ce_2024-03,8bd3ce,2024-03,0.5
8e41cf_2022-07,8e41cf,2022-07,0.5
b26809_2014-06,b26809,2014-06,0.5
e2e0ce_2024-12,e2e0ce,2024-12,0.5
60a0fd_2022-05,60a0fd,2022-05,0.5
8bd3ce_2015-01,8bd3ce,2015-01,0.5
b26809_2022-04,b26809,2022-04,0.5
b26809_2022-08,b26809,2022-08,0.5
8fabe0_2019-01,8fabe0,2019-01,0.5
e2e0ce_2019-05,e2e0ce,2019-05,0.5
74fb1f_2018-06,74fb1f,2018-06,0.5
77c35f_2025-07,77c35f,2025-07,0.5
829a72_2018-03,829a72,2018-03,0.5
dbb709_2024-11,dbb709,2024-11,0.5
60a0fd_2024-09,60a0fd,2024-09,0.5
d86999_2024-06,d86999,2024-06,0.5
8bd3ce_2023-12,8bd3ce,2023-12,0.5
8e41cf_2020-02,8e41cf,2020-02,0.5
8e41cf_2022-09,8e41cf,2022-09,0.5
8e41cf_2022-10,8e41cf,2022-10,0.5
b26809_2022-03,b26809,2022-03,0.5
14fe3a_2019-04,14fe3a,2019-04,0.5
987bc1_2022-02,987bc1,2022-02,0.5
e60b65_2018-01,e60b65,2018-01,0.5
a25664_2017-02,a25664,2017-02,0.5
e2e0ce_2023-10,e2e0ce,2023-10,0.5
c5df88_2018-03,c5df88,2018-03,0.5
3db670_2015-01,3db670,2015-01,0.5
780a0b_2025-01,780a0b,2025-01,0.5
0f9e86_2022-04,0f9e86,2022-04,0.5
bfbeef_2023-02,bfbeef,2023-02,0.5
9cf1af_2025-03,9cf1af,2025-03,0.5
d86999_2017-02,d86999,2017-02,0.5
d86999_2018-04,d86999,2018-04,0.5
d86999_2020-01,d86999,2020-01,0.5
780a0b_2019-05,780a0b,2019-05,0.5
8bd3ce_2017-03,8bd3ce,2017-03,0.5
b26809_2024-06,b26809,2024-06,0.5
987bc1_2015-01,987bc1,2015-01,0.5
987bc1_2020-08,987bc1,2020-08,0.5
a42d13_2018-01,a42d13,2018-01,0.5
e2e0ce_2016-07,e2e0ce,2016-07,0.5
d86999_2023-08,d86999,2023-08,0.5
8bd3ce_2020-03,8bd3ce,2020-03,0.5
8e41cf_2025-05,8e41cf,2025-05,0.5
34889b_2019-02,34889b,2019-02,0.5
fc77d0_2022-12,fc77d0,2022-12,0.5
a25664_2025-08,a25664,2025-08,0.5
293190_2020-12,293190,2020-12,0.5
e2e0ce_2023-04,e2e0ce,2023-04,0.5
2ab8ad_2022-10,2ab8ad,2022-10,0.5
9b46ed_2025-04,9b46ed,2025-04,0.5
11f0e3_2023-07,11f0e3,2023-07,0.5
98a151_2022-07,98a151,2022-07,0.5
8bd3ce_2015-09,8bd3ce,2015-09,0.5
60a0fd_2022-03,60a0fd,2022-03,0.5
d86999_2018-07,d86999,2018-07,0.5
d86999_2023-03,d86999,2023-03,0.5
8e41cf_2021-08,8e41cf,2021-08,0.5
fc77d0_2023-04,fc77d0,2023-04,0.5
9af74c_2023-07,9af74c,2023-07,0.5
259a19_2019-05,259a19,2019-05,0.5
e2e0ce_2017-08,e2e0ce,2017-08,0.5
2ab8ad_2017-03,2ab8ad,2017-03,0.5
2ab8ad_2022-01,2ab8ad,2022-01,0.5
88a9a6_2020-12,88a9a6,2020-12,0.5
9b46ed_2022-09,9b46ed,2022-09,0.5
9b46ed_2023-11,9b46ed,2023-11,0.5
829a72_2019-07,829a72,2019-07,0.5
dbb709_2022-05,dbb709,2022-05,0.5
e427f8_2023-03,e427f8,2023-03,0.5
b26809_2016-06,b26809,2016-06,0.5
8bd3ce_2020-12,8bd3ce,2020-12,0.5
b26809_2015-04,b26809,2015-04,0.5
b26809_2020-12,b26809,2020-12,0.5
fc77d0_2018-05,fc77d0,2018-05,0.5
987bc1_2024-12,987bc1,2024-12,0.5
293190_2018-02,293190,2018-02,0.5
e2e0ce_2018-10,e2e0ce,2018-10,0.5
7aa803_2018-12,7aa803,2018-12,0.5
7aa803_2024-11,7aa803,2024-11,0.5
829a72_2025-06,829a72,2025-06,0.5
8bd3ce_2019-07,8bd3ce,2019-07,0.5
e3af0e_2023-09,e3af0e,2023-09,0.5
a25664_2024-12,a25664,2024-12,0.5
293190_2023-09,293190,2023-09,0.5
9b46ed_2023-06,9b46ed,2023-06,0.5
9befc8_2022-05,9befc8,2022-05,0.5
e3af0e_2025-04,e3af0e,2025-04,0.5
bfbeef_2022-12,bfbeef,2022-12,0.5
fc9334_2017-10,fc9334,2017-10,0.5
9cf1af_2022-03,9cf1af,2022-03,0.5
e427f8_2022-12,e427f8,2022-12,0.5
b26809_2015-12,b26809,2015-12,0.5
fc9334_2023-09,fc9334,2023-09,0.5
8bd3ce_2018-06,8bd3ce,2018-06,0.5
8bd3ce_2021-04,8bd3ce,2021-04,0.5
9af74c_2019-06,9af74c,2019-06,0.5
1698cf_2019-02,1698cf,2019-02,0.5
1698cf_2019-09,1698cf,2019-09,0.5
bc4c03_2023-01,bc4c03,2023-01,0.5
2ab8ad_2020-12,2ab8ad,2020-12,0.5
c5df88_2022-08,c5df88,2022-08,0.5
c5df88_2022-09,c5df88,2022-09,0.5
11f0e3_2025-08,11f0e3,2025-08,0.5
77c35f_2022-09,77c35f,2022-09,0.5
d86999_2017-03,d86999,2017-03,0.5
d86999_2024-12,d86999,2024-12,0.5
fc9334_2015-03,fc9334,2015-03,0.5
b26809_2024-07,b26809,2024-07,0.5
db4cd8_2019-05,db4cd8,2019-05,0.5
293190_2017-05,293190,2017-05,0.5
74fb1f_2021-09,74fb1f,2021-09,0.5
88a9a6_2018-12,88a9a6,2018-12,0.5
9b46ed_2025-03,9b46ed,2025-03,0.5
780a0b_2024-06,780a0b,2024-06,0.5
9befc8_2023-08,9befc8,2023-08,0.5
d86999_2019-01,d86999,2019-01,0.5
dbb709_2022-07,dbb709,2022-07,0.5
d86999_2019-11,d86999,2019-11,0.5
b26809_2022-11,b26809,2022-11,0.5
8bd3ce_2024-01,8bd3ce,2024-01,0.5
b26809_2021-11,b26809,2021-11,0.5
265164_2023-10,265164,2023-10,0.5
1698cf_2018-12,1698cf,2018-12,0.5
e60b65_2024-05,e60b65,2024-05,0.5
a25664_2021-11,a25664,2021-11,0.5
293190_2023-11,293190,2023-11,0.5
88a9a6_2015-01,88a9a6,2015-01,0.5
88a9a6_2016-10,88a9a6,2016-10,0.5
88a9a6_2023-02,88a9a6,2023-02,0.5
9b46ed_2022-11,9b46ed,2022-11,0.5
e2e0ce_2019-09,e2e0ce,2019-09,0.5
60a0fd_2025-03,60a0fd,2025-03,0.5
d86999_2016-03,d86999,2016-03,0.5
98a151_2021-03,98a151,2021-03,0.5
9cf1af_2023-09,9cf1af,2023-09,0.5
9cf1af_2024-04,9cf1af,2024-04,0.5
9cf1af_2025-02,9cf1af,2025-02,0.5
6838b9_2018-12,6838b9,2018-12,0.5
293190_2018-06,293190,2018-06,0.5
293190_2021-05,293190,2021-05,0.5
c5df88_2021-11,c5df88,2021-11,0.5
9cf1af_2023-10,9cf1af,2023-10,0.5
265164_2023-09,265164,2023-09,0.5
f461d4_2018-12,f461d4,2018-12,0.5
293190_2015-02,293190,2015-02,0.5
c5df88_2014-12,c5df88,2014-12,0.5
c5df88_2016-02,c5df88,2016-02,0.5
74fb1f_2023-03,74fb1f,2023-03,0.5
98a151_2020-10,98a151,2020-10,0.5
d86999_2025-04,d86999,2025-04,0.5
fc9334_2017-05,fc9334,2017-05,0.5
fc9334_2022-04,fc9334,2022-04,0.5
fc9334_2025-07,fc9334,2025-07,0.5
8bd3ce_2017-04,8bd3ce,2017-04,0.5
b26809_2019-05,b26809,2019-05,0.5
7aa803_2021-04,7aa803,2021-04,0.5
780a0b_2020-08,780a0b,2020-08,0.5
510fbf_2024-09,510fbf,2024-09,0.5
9befc8_2015-06,9befc8,2015-06,0.5
fd589c_2017-03,fd589c,2017-03,0.5
c5df88_2015-12,c5df88,2015-12,0.5
731908_2023-03,731908,2023-03,0.5
8fb6f0_2014-03,8fb6f0,2014-03,0.5
c5816f_2019-08,c5816f,2019-08,0.5
8ec563_2024-08,8ec563,2024-08,0.5
8ec563_2025-03,8ec563,2025-03,0.5
e361b7_2022-12,e361b7,2022-12,0.5
9f1aa0_2014-12,9f1aa0,2014-12,0.5
9f1aa0_2021-12,9f1aa0,2021-12,0.5
8ec563_2022-11,8ec563,2022-11,0.5
fa8553_2025-01,fa8553,2025-01,0.5
bfbeef_2022-01,bfbeef,2022-01,0.5
894378_2019-09,894378,2019-09,0.5
c5816f_2021-01,c5816f,2021-01,0.5
bc4c03_2024-06,bc4c03,2024-06,0.5
780a0b_2019-11,780a0b,2019-11,0.5
8fb6f0_2023-05,8fb6f0,2023-05,0.5
9af74c_2018-06,9af74c,2018-06,0.5
9af74c_2022-05,9af74c,2022-05,0.5
513080_2022-06,513080,2022-06,0.5
9f1aa0_2021-09,9f1aa0,2021-09,0.5
bfbeef_2015-10,bfbeef,2015-10,0.5
8fb6f0_2020-12,8fb6f0,2020-12,0.5
c5816f_2022-09,c5816f,2022-09,0.5
c5816f_2023-05,c5816f,2023-05,0.5
8ec563_2021-09,8ec563,2021-09,0.5
fd589c_2020-02,fd589c,2020-02,0.5
bc4c03_2024-07,bc4c03,2024-07,0.5
513080_2023-01,513080,2023-01,0.5
fa8553_2023-05,fa8553,2023-05,0.5
fa8553_2025-05,fa8553,2025-05,0.5
510fbf_2022-12,510fbf,2022-12,0.5
bfbeef_2023-11,bfbeef,2023-11,0.5
8ec563_2022-12,8ec563,2022-12,0.5
19fa84_2020-02,19fa84,2020-02,0.5
fd589c_2019-01,fd589c,2019-01,0.5
e361b7_2022-01,e361b7,2022-01,0.5
c5816f_2021-05,c5816f,2021-05,0.5
fd589c_2018-01,fd589c,2018-01,0.5
bc4c03_2025-05,bc4c03,2025-05,0.5
9f1aa0_2024-12,9f1aa0,2024-12,0.5
8fb6f0_2015-05,8fb6f0,2015-05,0.5
c5816f_2022-03,c5816f,2022-03,0.5
c5816f_2025-02,c5816f,2025-02,0.5
19fa84_2020-03,19fa84,2020-03,0.5
513080_2022-05,513080,2022-05,0.5
780a0b_2016-01,780a0b,2016-01,0.5
c5816f_2024-11,c5816f,2024-11,0.5
8ec563_2014-12,8ec563,2014-12,0.5
9af74c_2018-12,9af74c,2018-12,0.5
9af74c_2019-01,9af74c,2019-01,0.5
731908_2015-07,731908,2015-07,0.5
894378_2019-01,894378,2019-01,0.5
19fa84_2019-09,19fa84,2019-09,0.5
e4bc80_2018-05,e4bc80,2018-05,0.5
e4bc80_2023-10,e4bc80,2023-10,0.5
894378_2023-07,894378,2023-07,0.5
894378_2024-12,894378,2024-12,0.5
c5816f_2024-08,c5816f,2024-08,0.5
731908_2014-10,731908,2014-10,0.5
bfbeef_2021-01,bfbeef,2021-01,0.5
894378_2018-03,894378,2018-03,0.5
c5816f_2025-07,c5816f,2025-07,0.5
fd589c_2021-10,fd589c,2021-10,0.5
e361b7_2021-12,e361b7,2021-12,0.5
e4bc80_2021-08,e4bc80,2021-08,0.5
e4bc80_2021-12,e4bc80,2021-12,0.5
9f1aa0_2024-06,9f1aa0,2024-06,0.5
c5816f_2022-07,c5816f,2022-07,0.5
8ec563_2019-06,8ec563,2019-06,0.5
fd589c_2023-08,fd589c,2023-08,0.5
510fbf_2022-10,510fbf,2022-10,0.5
8fb6f0_2014-09,8fb6f0,2014-09,0.5
c5816f_2021-03,c5816f,2021-03,0.5
6c1954_2024-11,6c1954,2024-11,0.5
e361b7_2023-11,e361b7,2023-11,0.5
513080_2023-03,513080,2023-03,0.5
fa8553_2023-08,fa8553,2023-08,0.5
11f0e3_2015-08,11f0e3,2015-08,0.5
8ec563_2024-06,8ec563,2024-06,0.5
19fa84_2022-05,19fa84,2022-05,0.5
e361b7_2022-08,e361b7,2022-08,0.5
77b3b9_2025-07,77b3b9,2025-07,0.5
9f1aa0_2022-11,9f1aa0,2022-11,0.5
731908_2020-03,731908,2020-03,0.5
894378_2024-11,894378,2024-11,0.5
8ec563_2023-01,8ec563,2023-01,0.5
e4bc80_2022-02,e4bc80,2022-02,0.5
9af74c_2024-03,9af74c,2024-03,0.5
bfbeef_2016-03,bfbeef,2016-03,0.5
8fb6f0_2016-01,8fb6f0,2016-01,0.5
894378_2021-11,894378,2021-11,0.5
894378_2024-03,894378,2024-03,0.5
894378_2024-10,894378,2024-10,0.5
c5816f_2024-04,c5816f,2024-04,0.5
19fa84_2020-11,19fa84,2020-11,0.5
19fa84_2023-01,19fa84,2023-01,0.5
9f1aa0_2018-02,9f1aa0,2018-02,0.5
fa8553_2022-04,fa8553,2022-04,0.5
510fbf_2022-07,510fbf,2022-07,0.5
531356_2021-12,531356,2021-12,0.5
c5816f_2020-03,c5816f,2020-03,0.5
8ec563_2024-01,8ec563,2024-01,0.5
19fa84_2025-05,19fa84,2025-05,0.5
fd589c_2024-02,fd589c,2024-02,0.5
e4bc80_2022-04,e4bc80,2022-04,0.5
9f1aa0_2020-09,9f1aa0,2020-09,0.5
fa8553_2022-08,fa8553,2022-08,0.5
894378_2024-04,894378,2024-04,0.5
c5816f_2018-05,c5816f,2018-05,0.5
19fa84_2015-03,19fa84,2015-03,0.5
e361b7_2022-06,e361b7,2022-06,0.5
e4bc80_2024-12,e4bc80,2024-12,0.5
e4bc80_2025-05,e4bc80,2025-05,0.5
e361b7_2020-02,e361b7,2020-02,0.5
77b3b9_2024-11,77b3b9,2024-11,0.5
513080_2024-06,513080,2024-06,0.5
e4bc80_2021-07,e4bc80,2021-07,0.5
9af74c_2024-01,9af74c,2024-01,0.5
9f1aa0_2024-03,9f1aa0,2024-03,0.5
731908_2015-08,731908,2015-08,0.5
894378_2021-03,894378,2021-03,0.5
8ec563_2024-04,8ec563,2024-04,0.5
e361b7_2025-05,e361b7,2025-05,0.5
9f1aa0_2020-01,9f1aa0,2020-01,0.5
9f1aa0_2022-03,9f1aa0,2022-03,0.5
731908_2014-08,731908,2014-08,0.5
19fa84_2024-03,19fa84,2024-03,0.5
e4bc80_2019-03,e4bc80,2019-03,0.5
e4bc80_2019-04,e4bc80,2019-04,0.5
6c1954_2019-09,6c1954,2019-09,0.5
510fbf_2024-12,510fbf,2024-12,0.5
e4bc80_2020-10,e4bc80,2020-10,0.5
bc4c03_2019-02,bc4c03,2019-02,0.5
9af74c_2025-04,9af74c,2025-04,0.5
9f1aa0_2015-05,9f1aa0,2015-05,0.5
bfbeef_2025-01,bfbeef,2025-01,0.5
8fb6f0_2020-02,8fb6f0,2020-02,0.5
894378_2019-03,894378,2019-03,0.5
83894c_2019-10,83894c,2019-10,0.5
87cfea_2022-04,87cfea,2022-04,0.5
9befc8_2024-10,9befc8,2024-10,0.5
4f2b6b_2024-11,4f2b6b,2024-11,0.5
77e86b_2022-12,77e86b,2022-12,0.5
99c11c_2024-02,99c11c,2024-02,0.5
8fb6f0_2024-05,8fb6f0,2024-05,0.5
0f9e86_2016-08,0f9e86,2016-08,0.5
9befc8_2017-05,9befc8,2017-05,0.5
f500c5_2019-02,f500c5,2019-02,0.5
83894c_2022-08,83894c,2022-08,0.5
9befc8_2019-06,9befc8,2019-06,0.5
f1543b_2024-08,f1543b,2024-08,0.5
f500c5_2025-01,f500c5,2025-01,0.5
11f0e3_2016-12,11f0e3,2016-12,0.5
780a0b_2021-10,780a0b,2021-10,0.5
0f9e86_2021-12,0f9e86,2021-12,0.5
0f9e86_2025-03,0f9e86,2025-03,0.5
7bf5c9_2018-12,7bf5c9,2018-12,0.5
87cfea_2024-02,87cfea,2024-02,0.5
7bf5c9_2021-04,7bf5c9,2021-04,0.5
3db670_2018-02,3db670,2018-02,0.5
99c11c_2021-11,99c11c,2021-11,0.5
99c11c_2024-03,99c11c,2024-03,0.5
0f9e86_2018-10,0f9e86,2018-10,0.5
9befc8_2020-04,9befc8,2020-04,0.5
f1543b_2023-02,f1543b,2023-02,0.5
c3a69f_2023-05,c3a69f,2023-05,0.5
0f9e86_2016-12,0f9e86,2016-12,0.5
0f9e86_2017-01,0f9e86,2017-01,0.5
7bf5c9_2022-09,7bf5c9,2022-09,0.5
f1543b_2018-02,f1543b,2018-02,0.5
87cfea_2023-03,87cfea,2023-03,0.5
87cfea_2024-11,87cfea,2024-11,0.5
11f0e3_2018-11,11f0e3,2018-11,0.5
780a0b_2023-11,780a0b,2023-11,0.5
731908_2024-05,731908,2024-05,0.5
9befc8_2022-11,9befc8,2022-11,0.5
9befc8_2025-01,9befc8,2025-01,0.5
f1543b_2024-03,f1543b,2024-03,0.5
83894c_2024-09,83894c,2024-09,0.5
731908_2024-02,731908,2024-02,0.5
99c11c_2019-07,99c11c,2019-07,0.5
8fb6f0_2025-06,8fb6f0,2025-06,0.5
0f9e86_2022-05,0f9e86,2022-05,0.5
87cfea_2023-08,87cfea,2023-08,0.5
731908_2018-09,731908,2018-09,0.5
731908_2020-09,731908,2020-09,0.5
11f0e3_2020-08,11f0e3,2020-08,0.5
11f0e3_2021-09,11f0e3,2021-09,0.5
780a0b_2015-09,780a0b,2015-09,0.5
780a0b_2019-01,780a0b,2019-01,0.5
8fb6f0_2017-10,8fb6f0,2017-10,0.5
7bf5c9_2021-08,7bf5c9,2021-08,0.5
f500c5_2020-12,f500c5,2020-12,0.5
f500c5_2024-11,f500c5,2024-11,0.5
c3a69f_2019-11,c3a69f,2019-11,0.5
8fb6f0_2021-09,8fb6f0,2021-09,0.5
9befc8_2025-02,9befc8,2025-02,0.5
f500c5_2022-09,f500c5,2022-09,0.5
c3a69f_2023-02,c3a69f,2023-02,0.5
87cfea_2023-05,87cfea,2023-05,0.5
780a0b_2018-10,780a0b,2018-10,0.5
8fb6f0_2019-04,8fb6f0,2019-04,0.5
7bf5c9_2021-10,7bf5c9,2021-10,0.5
4f2b6b_2024-06,4f2b6b,2024-06,0.5
9befc8_2018-07,9befc8,2018-07,0.5
f1543b_2023-08,f1543b,2023-08,0.5
f500c5_2018-02,f500c5,2018-02,0.5
f500c5_2020-05,f500c5,2020-05,0.5
f500c5_2025-08,f500c5,2025-08,0.5
6838b9_2019-06,6838b9,2019-06,0.5
87cfea_2019-01,87cfea,2019-01,0.5
731908_2017-07,731908,2017-07,0.5
731908_2017-11,731908,2017-11,0.5
731908_2018-06,731908,2018-06,0.5
731908_2024-11,731908,2024-11,0.5
780a0b_2025-06,780a0b,2025-06,0.5
8fb6f0_2015-02,8fb6f0,2015-02,0.5
8fb6f0_2020-11,8fb6f0,2020-11,0.5
7bf5c9_2021-07,7bf5c9,2021-07,0.5
f1543b_2021-04,f1543b,2021-04,0.5
b1de95_2019-04,b1de95,2019-04,0.5
8e41cf_2019-12,8e41cf,2019-12,0.5
780a0b_2017-10,780a0b,2017-10,0.5
8fb6f0_2018-12,8fb6f0,2018-12,0.5
0f9e86_2021-01,0f9e86,2021-01,0.5
0f9e86_2023-04,0f9e86,2023-04,0.5
9befc8_2016-09,9befc8,2016-09,0.5
9befc8_2016-11,9befc8,2016-11,0.5
9befc8_2017-02,9befc8,2017-02,0.5
8fb6f0_2016-10,8fb6f0,2016-10,0.5
f500c5_2020-11,f500c5,2020-11,0.5
f500c5_2023-06,f500c5,2023-06,0.5
87cfea_2020-12,87cfea,2020-12,0.5
731908_2023-07,731908,2023-07,0.5
11f0e3_2020-03,11f0e3,2020-03,0.5
8fb6f0_2019-02,8fb6f0,2019-02,0.5
8fb6f0_2022-10,8fb6f0,2022-10,0.5
8fb6f0_2017-08,8fb6f0,2017-08,0.5
0f9e86_2017-11,0f9e86,2017-11,0.5
3db670_2019-06,3db670,2019-06,0.5
731908_2023-10,731908,2023-10,0.5
0f9e86_2020-12,0f9e86,2020-12,0.5
f1543b_2024-05,f1543b,2024-05,0.5
f1543b_2025-05,f1543b,2025-05,0.5
1b9e65_2025-02,1b9e65,2025-02,0.5
87cfea_2020-11,87cfea,2020-11,0.5
87cfea_2024-07,87cfea,2024-07,0.5
8e41cf_2020-08,8e41cf,2020-08,0.5
780a0b_2017-11,780a0b,2017-11,0.5
780a0b_2022-06,780a0b,2022-06,0.5
7bf5c9_2019-03,7bf5c9,2019-03,0.5
83894c_2022-10,83894c,2022-10,0.5
8fb6f0_2023-06,8fb6f0,2023-06,0.5
7bf5c9_2024-06,7bf5c9,2024-06,0.5
f1543b_2024-06,f1543b,2024-06,0.5
fd589c_2018-07,fd589c,2018-07,0.5
e7a56d_2018-04,e7a56d,2018-04,0.5
e7a56d_2024-06,e7a56d,2024-06,0.5
4718d7_2025-02,4718d7,2025-02,0.5
f461d4_2024-10,f461d4,2024-10,0.5
d59611_2019-12,d59611,2019-12,0.5
14fe3a_2018-01,14fe3a,2018-01,0.5
1698cf_2016-03,1698cf,2016-03,0.5
8fabe0_2019-04,8fabe0,2019-04,0.5
b416b1_2015-03,b416b1,2015-03,0.5
b08ec1_2025-06,b08ec1,2025-06,0.5
34889b_2023-10,34889b,2023-10,0.5
894378_2015-08,894378,2015-08,0.5
894378_2015-11,894378,2015-11,0.5
8fabe0_2024-06,8fabe0,2024-06,0.5
d59611_2023-10,d59611,2023-10,0.5
d59611_2025-05,d59611,2025-05,0.5
34889b_2022-02,34889b,2022-02,0.5
14fe3a_2019-03,14fe3a,2019-03,0.5
c5816f_2017-02,c5816f,2017-02,0.5
60a0fd_2019-04,60a0fd,2019-04,0.5
18defd_2023-04,18defd,2023-04,0.5
5a0174_2020-03,5a0174,2020-03,0.5
14fe3a_2024-11,14fe3a,2024-11,0.5
fc77d0_2025-07,fc77d0,2025-07,0.5
77b3b9_2015-03,77b3b9,2015-03,0.5
14fe3a_2022-11,14fe3a,2022-11,0.5
c48018_2019-03,c48018,2019-03,0.5
894378_2015-06,894378,2015-06,0.5
894378_2015-12,894378,2015-12,0.5
e60b65_2015-09,e60b65,2015-09,0.5
e361b7_2022-04,e361b7,2022-04,0.5
c48018_2025-06,c48018,2025-06,0.5
b416b1_2019-01,b416b1,2019-01,0.5
b416b1_2023-10,b416b1,2023-10,0.5
db4cd8_2020-08,db4cd8,2020-08,0.5
b08ec1_2022-07,b08ec1,2022-07,0.5
fc77d0_2025-02,fc77d0,2025-02,0.5
bf6f0d_2023-08,bf6f0d,2023-08,0.5
4718d7_2014-09,4718d7,2014-09,0.5
19fa84_2017-08,19fa84,2017-08,0.5
8fabe0_2022-03,8fabe0,2022-03,0.5
6224d0_2018-06,6224d0,2018-06,0.5
894378_2015-04,894378,2015-04,0.5
e60b65_2015-10,e60b65,2015-10,0.5
e4bc80_2020-08,e4bc80,2020-08,0.5
18defd_2018-12,18defd,2018-12,0.5
5a0174_2014-07,5a0174,2014-07,0.5
0874ee_2019-11,0874ee,2019-11,0.5
34889b_2023-11,34889b,2023-11,0.5
b08ec1_2024-07,b08ec1,2024-07,0.5
db4cd8_2022-01,db4cd8,2022-01,0.5
b08ec1_2024-05,b08ec1,2024-05,0.5
90abb1_2020-03,90abb1,2020-03,0.5
e4bc80_2015-03,e4bc80,2015-03,0.5
14fe3a_2024-12,14fe3a,2024-12,0.5
db4cd8_2024-10,db4cd8,2024-10,0.5
19fa84_2015-06,19fa84,2015-06,0.5
e4bc80_2017-12,e4bc80,2017-12,0.5
e7a56d_2018-02,e7a56d,2018-02,0.5
e7a56d_2018-03,e7a56d,2018-03,0.5
8fabe0_2024-10,8fabe0,2024-10,0.5
77b3b9_2023-04,77b3b9,2023-04,0.5
bf6f0d_2022-07,bf6f0d,2022-07,0.5
fc77d0_2019-09,fc77d0,2019-09,0.5
c5816f_2015-04,c5816f,2015-04,0.5
c5816f_2015-11,c5816f,2015-11,0.5
c48018_2019-04,c48018,2019-04,0.5
4718d7_2021-01,4718d7,2021-01,0.5
db4cd8_2024-12,db4cd8,2024-12,0.5
175155_2015-03,175155,2015-03,0.5
14fe3a_2023-06,14fe3a,2023-06,0.5
b416b1_2017-01,b416b1,2017-01,0.5
f461d4_2014-04,f461d4,2014-04,0.5
6838b9_2024-11,6838b9,2024-11,0.5
db4cd8_2014-05,db4cd8,2014-05,0.5
14fe3a_2021-11,14fe3a,2021-11,0.5
259a19_2022-08,259a19,2022-08,0.5
0ffc2d_2019-11,0ffc2d,2019-11,0.5
c5816f_2020-09,c5816f,2020-09,0.5
19fa84_2025-03,19fa84,2025-03,0.5
e4bc80_2014-11,e4bc80,2014-11,0.5
259a19_2015-03,259a19,2015-03,0.5
8005b9_2025-07,8005b9,2025-07,0.5
06534f_2019-03,06534f,2019-03,0.5
5a0174_2024-10,5a0174,2024-10,0.5
1822ea_2015-04,1822ea,2015-04,0.5
e7a56d_2015-04,e7a56d,2015-04,0.5
4718d7_2018-03,4718d7,2018-03,0.5
f461d4_2022-04,f461d4,2022-04,0.5
d59611_2014-07,d59611,2014-07,0.5
0874ee_2020-09,0874ee,2020-09,0.5
175155_2019-09,175155,2019-09,0.5
e4bc80_2017-07,e4bc80,2017-07,0.5
e7a56d_2018-05,e7a56d,2018-05,0.5
18defd_2015-03,18defd,2015-03,0.5
18defd_2023-06,18defd,2023-06,0.5
d59611_2019-11,d59611,2019-11,0.5
d59611_2023-12,d59611,2023-12,0.5
14fe3a_2022-03,14fe3a,2022-03,0.5
8005b9_2015-01,8005b9,2015-01,0.5
06534f_2018-02,06534f,2018-02,0.5
5a0174_2020-12,5a0174,2020-12,0.5
6838b9_2019-05,6838b9,2019-05,0.5
375f2e_2019-08,375f2e,2019-08,0.5
18defd_2025-02,18defd,2025-02,0.5
b416b1_2024-02,b416b1,2024-02,0.5
db4cd8_2024-05,db4cd8,2024-05,0.5
8005b9_2023-04,8005b9,2023-04,0.5
bf6f0d_2025-05,bf6f0d,2025-05,0.5
894378_2016-04,894378,2016-04,0.5
c48018_2019-10,c48018,2019-10,0.5
d59611_2022-10,d59611,2022-10,0.5
14fe3a_2022-02,14fe3a,2022-02,0.5
9af74c_2019-02,9af74c,2019-02,0.5
77b3b9_2025-04,77b3b9,2025-04,0.5
e7a56d_2021-01,e7a56d,2021-01,0.5
18defd_2018-01,18defd,2018-01,0.5
18defd_2020-02,18defd,2020-02,0.5
5a0174_2018-03,5a0174,2018-03,0.5
8fabe0_2018-06,8fabe0,2018-06,0.5
6838b9_2018-05,6838b9,2018-05,0.5
90abb1_2020-02,90abb1,2020-02,0.5
14fe3a_2019-11,14fe3a,2019-11,0.5
e7a56d_2025-04,e7a56d,2025-04,0.5
4718d7_2019-11,4718d7,2019-11,0.5
8fabe0_2020-03,8fabe0,2020-03,0.5
34889b_2021-11,34889b,2021-11,0.5
14fe3a_2014-09,14fe3a,2014-09,0.5
14fe3a_2018-02,14fe3a,2018-02,0.5
8005b9_2024-09,8005b9,2024-09,0.5
a25664_2018-06,a25664,2018-06,0.5
1822ea_2022-09,1822ea,2022-09,0.5
19fa84_2018-10,19fa84,2018-10,0.5
e7a56d_2025-08,e7a56d,2025-08,0.5
18defd_2019-09,18defd,2019-09,0.5
f461d4_2014-08,f461d4,2014-08,0.5
14fe3a_2024-03,14fe3a,2024-03,0.5
8005b9_2022-05,8005b9,2022-05,0.5
8fabe0_2014-09,8fabe0,2014-09,0.5
fc77d0_2019-10,fc77d0,2019-10,0.5
2167be_2025-07,2167be,2025-07,0.5
c5816f_2018-09,c5816f,2018-09,0.5
c48018_2023-05,c48018,2023-05,0.5
f461d4_2022-07,f461d4,2022-07,0.5
bc4c03_2023-09,bc4c03,2023-09,0.5
8005b9_2025-04,8005b9,2025-04,0.5
77b3b9_2022-10,77b3b9,2022-10,0.5
fb737b_2022-03,fb737b,2022-03,0.5
db4cd8_2022-09,db4cd8,2022-09,0.5
90abb1_2018-04,90abb1,2018-04,0.5
90abb1_2025-06,90abb1,2025-06,0.5
fd589c_2014-12,fd589c,2014-12,0.5
c48018_2014-08,c48018,2014-08,0.5
5a0174_2024-12,5a0174,2024-12,0.5
db4cd8_2018-03,db4cd8,2018-03,0.5
375f2e_2024-06,375f2e,2024-06,0.5
e60b65_2014-12,e60b65,2014-12,0.5
e4bc80_2014-09,e4bc80,2014-09,0.5
18defd_2023-10,18defd,2023-10,0.5
5a0174_2019-12,5a0174,2019-12,0.5
f461d4_2018-05,f461d4,2018-05,0.5
d59611_2025-04,d59611,2025-04,0.5
8005b9_2021-07,8005b9,2021-07,0.5
6224d0_2017-02,6224d0,2017-02,0.5
f461d4_2023-02,f461d4,2023-02,0.5
34889b_2024-09,34889b,2024-09,0.5
894378_2021-08,894378,2021-08,0.5
18defd_2018-03,18defd,2018-03,0.5
8005b9_2023-03,8005b9,2023-03,0.5
375f2e_2024-08,375f2e,2024-08,0.5
8fabe0_2014-05,8fabe0,2014-05,0.5
1698cf_2022-09,1698cf,2022-09,0.5
fd589c_2016-10,fd589c,2016-10,0.5
e361b7_2021-05,e361b7,2021-05,0.5
4718d7_2015-01,4718d7,2015-01,0.5
14fe3a_2014-11,14fe3a,2014-11,0.5
375f2e_2023-06,375f2e,2023-06,0.5
0ffc2d_2019-12,0ffc2d,2019-12,0.5
5ecf9b_2023-06,5ecf9b,2023-06,0.5
7e646c_2023-02,7e646c,2023-02,0.5
5a0174_2024-05,5a0174,2024-05,0.5
6f5e2b_2025-06,6f5e2b,2025-06,0.5
ab32d7_2022-12,ab32d7,2022-12,0.5
8fabe0_2023-06,8fabe0,2023-06,0.5
9befc8_2017-03,9befc8,2017-03,0.5
0ffc2d_2020-02,0ffc2d,2020-02,0.5
1698cf_2024-08,1698cf,2024-08,0.5
0f9e86_2018-06,0f9e86,2018-06,0.5
11f0e3_2016-03,11f0e3,2016-03,0.5
7e646c_2023-03,7e646c,2023-03,0.5
0ffc2d_2024-11,0ffc2d,2024-11,0.5
6da35b_2024-11,6da35b,2024-11,0.5
5ecf9b_2023-09,5ecf9b,2023-09,0.5
9befc8_2016-02,9befc8,2016-02,0.5
ab32d7_2022-11,ab32d7,2022-11,0.5
8b98f3_2023-02,8b98f3,2023-02,0.5
74b7d1_2019-11,74b7d1,2019-11,0.5
7e646c_2024-09,7e646c,2024-09,0.5
9befc8_2018-01,9befc8,2018-01,0.5
0ffc2d_2024-03,0ffc2d,2024-03,0.5
259a19_2023-07,259a19,2023-07,0.5
1698cf_2024-02,1698cf,2024-02,0.5
259a19_2025-07,259a19,2025-07,0.5
0ffc2d_2024-07,0ffc2d,2024-07,0.5
5ecf9b_2023-02,5ecf9b,2023-02,0.5
cd0e60_2023-03,cd0e60,2023-03,0.5
0ffc2d_2024-10,0ffc2d,2024-10,0.5
8b98f3_2022-04,8b98f3,2022-04,0.5
1698cf_2023-11,1698cf,2023-11,0.5
0874ee_2015-03,0874ee,2015-03,0.5
77e86b_2023-07,77e86b,2023-07,0.5
8fabe0_2025-04,8fabe0,2025-04,0.5
7e646c_2025-05,7e646c,2025-05,0.5
8fabe0_2024-08,8fabe0,2024-08,0.5
0f9e86_2015-10,0f9e86,2015-10,0.5
0ffc2d_2023-09,0ffc2d,2023-09,0.5
259a19_2023-06,259a19,2023-06,0.5
6da35b_2022-10,6da35b,2022-10,0.5
0f9e86_2016-03,0f9e86,2016-03,0.5
6da35b_2023-05,6da35b,2023-05,0.5
74b7d1_2018-12,74b7d1,2018-12,0.5
8fabe0_2024-03,8fabe0,2024-03,0.5
439fde_2019-09,439fde,2019-09,0.5
8d0588_2024-03,8d0588,2024-03,0.5
b59bc0_2014-12,b59bc0,2014-12,0.5
b0ff51_2021-02,b0ff51,2021-02,0.5
8d0588_2019-12,8d0588,2019-12,0.5
87cfea_2025-04,87cfea,2025-04,0.5
b59bc0_2019-12,b59bc0,2019-12,0.5
b59bc0_2021-04,b59bc0,2021-04,0.5
b59bc0_2023-12,b59bc0,2023-12,0.5
b59bc0_2025-03,b59bc0,2025-03,0.5
b0ff51_2014-08,b0ff51,2014-08,0.5
b0ff51_2020-11,b0ff51,2020-11,0.5
c3a69f_2023-04,c3a69f,2023-04,0.5
b59bc0_2016-09,b59bc0,2016-09,0.5
b0ff51_2025-01,b0ff51,2025-01,0.5
c3a69f_2018-03,c3a69f,2018-03,0.5
8d0588_2018-01,8d0588,2018-01,0.5
b59bc0_2020-10,b59bc0,2020-10,0.5
b0ff51_2014-11,b0ff51,2014-11,0.5
b0ff51_2020-12,b0ff51,2020-12,0.5
b59bc0_2023-04,b59bc0,2023-04,0.5
b59bc0_2024-05,b59bc0,2024-05,0.5
b0ff51_2023-03,b0ff51,2023-03,0.5
b0ff51_2018-10,b0ff51,2018-10,0.5
8d0588_2018-10,8d0588,2018-10,0.5
b59bc0_2022-01,b59bc0,2022-01,0.5
b0ff51_2017-06,b0ff51,2017-06,0.5
439fde_2023-07,439fde,2023-07,0.5
c3a69f_2018-01,c3a69f,2018-01,0.5
77e86b_2025-08,77e86b,2025-08,0.5
8d0588_2022-07,8d0588,2022-07,0.5
b59bc0_2017-02,b59bc0,2017-02,0.5
b59bc0_2018-12,b59bc0,2018-12,0.5
b0ff51_2021-04,b0ff51,2021-04,0.5
b59bc0_2024-03,b59bc0,2024-03,0.5
b0ff51_2025-07,b0ff51,2025-07,0.5
0cecbd_2018-01,0cecbd,2018-01,0.5
8d0588_2018-12,8d0588,2018-12,0.5
b59bc0_2022-07,b59bc0,2022-07,0.5
c3a69f_2019-04,c3a69f,2019-04,0.5
83894c_2018-02,83894c,2018-02,0.5
8d0588_2014-09,8d0588,2014-09,0.5
8d0588_2014-10,8d0588,2014-10,0.5
8d0588_2025-08,8d0588,2025-08,0.5
b59bc0_2019-09,b59bc0,2019-09,0.5
8d0588_2021-06,8d0588,2021-06,0.5
b59bc0_2020-07,b59bc0,2020-07,0.5
0874ee_2015-01,0874ee,2015-01,0.5
b59bc0_2016-12,b59bc0,2016-12,0.5
b0ff51_2019-11,b0ff51,2019-11,0.5
439fde_2018-03,439fde,2018-03,0.5
8d0588_2023-08,8d0588,2023-08,0.5
b59bc0_2024-04,b59bc0,2024-04,0.5
b59bc0_2025-04,b59bc0,2025-04,0.5
b0ff51_2019-03,b0ff51,2019-03,0.5
0874ee_2020-11,0874ee,2020-11,0.5
b0ff51_2020-06,b0ff51,2020-06,0.5
8d0588_2022-10,8d0588,2022-10,0.5
b59bc0_2022-02,b59bc0,2022-02,0.5
b0ff51_2023-02,b0ff51,2023-02,0.5
8d0588_2014-08,8d0588,2014-08,0.5
8d0588_2018-06,8d0588,2018-06,0.5
8d0588_2019-06,8d0588,2019-06,0.5
b59bc0_2020-03,b59bc0,2020-03,0.5
b0ff51_2019-08,b0ff51,2019-08,0.5
8d0588_2014-11,8d0588,2014-11,0.5
8d0588_2021-10,8d0588,2021-10,0.5
a97df3_2019-05,a97df3,2019-05,0.5
dc4b5e_2023-02,dc4b5e,2023-02,0.5
a97df3_2022-06,a97df3,2022-06,0.5
b416b1_2024-04,b416b1,2024-04,0.5
99c11c_2019-12,99c11c,2019-12,0.5
b416b1_2021-05,b416b1,2021-05,0.5
99c11c_2023-05,99c11c,2023-05,0.5
7aa803_2015-04,7aa803,2015-04,0.5
83894c_2020-01,83894c,2020-01,0.5
8005b9_2021-09,8005b9,2021-09,0.5
7199cf_2025-08,7199cf,2025-08,0.5
db4cd8_2015-04,db4cd8,2015-04,0.5
dc4b5e_2019-11,dc4b5e,2019-11,0.5
99c11c_2022-10,99c11c,2022-10,0.5
db4cd8_2021-04,db4cd8,2021-04,0.5
99c11c_2018-03,99c11c,2018-03,0.5
fc77d0_2018-06,fc77d0,2018-06,0.5
fc77d0_2023-05,fc77d0,2023-05,0.5
175155_2025-08,175155,2025-08,0.5
34889b_2015-03,34889b,2015-03,0.5
1698cf_2024-05,1698cf,2024-05,0.5
8fabe0_2023-07,8fabe0,2023-07,0.5
259a19_2025-06,259a19,2025-06,0.5
532867_2023-12,532867,2023-12,0.5
e60b65_2018-05,e60b65,2018-05,0.5
265164_2024-03,265164,2024-03,0.5
987bc1_2017-02,987bc1,2017-02,0.5
74b7d1_2024-07,74b7d1,2024-07,0.5
94f933_2024-02,94f933,2024-02,0.5
987bc1_2025-05,987bc1,2025-05,0.5
92dcdd_2022-03,92dcdd,2022-03,0.5
5a0174_2019-09,5a0174,2019-09,0.5
532867_2024-09,532867,2024-09,0.5
ab32d7_2025-01,ab32d7,2025-01,0.5
a42d13_2018-10,a42d13,2018-10,0.5
1698cf_2023-03,1698cf,2023-03,0.5
e60b65_2017-03,e60b65,2017-03,0.5
5a0174_2022-01,5a0174,2022-01,0.5
8fabe0_2025-06,8fabe0,2025-06,0.5
6f5e2b_2023-05,6f5e2b,2023-05,0.5
a25664_2016-07,a25664,2016-07,0.5
f25ffe_2024-07,f25ffe,2024-07,0.5
175155_2018-04,175155,2018-04,0.5
7199cf_2024-03,7199cf,2024-03,0.5
6f5e2b_2020-11,6f5e2b,2020-11,0.5
74b7d1_2024-11,74b7d1,2024-11,0.5
1822ea_2019-04,1822ea,2019-04,0.5
ab32d7_2025-04,ab32d7,2025-04,0.5
fb737b_2023-04,fb737b,2023-04,0.5
e60b65_2023-12,e60b65,2023-12,0.5
259a19_2021-07,259a19,2021-07,0.5
259a19_2025-05,259a19,2025-05,0.5
f461d4_2021-12,f461d4,2021-12,0.5
175155_2025-04,175155,2025-04,0.5
5ecf9b_2025-08,5ecf9b,2025-08,0.5
92dcdd_2019-06,92dcdd,2019-06,0.5
fb737b_2022-07,fb737b,2022-07,0.5
8fabe0_2023-02,8fabe0,2023-02,0.5
987bc1_2024-06,987bc1,2024-06,0.5
4fb2d3_2023-11,4fb2d3,2023-11,0.5
f25ffe_2025-03,f25ffe,2025-03,0.5
92dcdd_2023-01,92dcdd,2023-01,0.5
a42d13_2022-11,a42d13,2022-11,0.5
fc77d0_2021-09,fc77d0,2021-09,0.5
9af74c_2024-04,9af74c,2024-04,0.5
4718d7_2022-04,4718d7,2022-04,0.5
4718d7_2022-12,4718d7,2022-12,0.5
fb737b_2022-09,fb737b,2022-09,0.5
8fabe0_2020-12,8fabe0,2020-12,0.5
7199cf_2024-06,7199cf,2024-06,0.5
fc77d0_2020-03,fc77d0,2020-03,0.5
e60b65_2024-12,e60b65,2024-12,0.5
a42d13_2023-05,a42d13,2023-05,0.5
6224d0_2018-02,6224d0,2018-02,0.5
6f5e2b_2020-01,6f5e2b,2020-01,0.5
532867_2025-07,532867,2025-07,0.5
8b98f3_2023-05,8b98f3,2023-05,0.5
6838b9_2023-07,6838b9,2023-07,0.5
6da35b_2023-10,6da35b,2023-10,0.5
265164_2024-06,265164,2024-06,0.5
4ee2d2_2025-01,4ee2d2,2025-01,0.5
ab32d7_2023-02,ab32d7,2023-02,0.5
5ecf9b_2024-08,5ecf9b,2024-08,0.5
6838b9_2021-09,6838b9,2021-09,0.5
a42d13_2018-11,a42d13,2018-11,0.5
8b98f3_2025-01,8b98f3,2025-01,0.5
0874ee_2018-04,0874ee,2018-04,0.5
987bc1_2020-09,987bc1,2020-09,0.5
92dcdd_2020-07,92dcdd,2020-07,0.5
987bc1_2021-07,987bc1,2021-07,0.5
439fde_2017-06,439fde,2017-06,0.5
0874ee_2019-05,0874ee,2019-05,0.5
a42d13_2020-02,a42d13,2020-02,0.5
a42d13_2021-08,a42d13,2021-08,0.5
8fabe0_2021-10,8fabe0,2021-10,0.5
4f2b6b_2022-08,4f2b6b,2022-08,0.5
022433_2025-04,022433,2025-04,0.5
4fb2d3_2021-10,4fb2d3,2021-10,0.5
4fb2d3_2024-06,4fb2d3,2024-06,0.5
a42d13_2025-08,a42d13,2025-08,0.5
6f5e2b_2022-03,6f5e2b,2022-03,0.5
5ecf9b_2024-04,5ecf9b,2024-04,0.5
8fabe0_2019-07,8fabe0,2019-07,0.5
f461d4_2022-02,f461d4,2022-02,0.5
ab32d7_2024-10,ab32d7,2024-10,0.5
987bc1_2022-09,987bc1,2022-09,0.5
6f5e2b_2021-07,6f5e2b,2021-07,0.5
6f5e2b_2022-11,6f5e2b,2022-11,0.5
5ecf9b_2023-07,5ecf9b,2023-07,0.5
5ecf9b_2024-02,5ecf9b,2024-02,0.5
92dcdd_2022-07,92dcdd,2022-07,0.5
1b9e65_2022-08,1b9e65,2022-08,0.5
e60b65_2014-06,e60b65,2014-06,0.5
a25664_2016-05,a25664,2016-05,0.5
90abb1_2021-10,90abb1,2021-10,0.5
1698cf_2019-06,1698cf,2019-06,0.5
5ecf9b_2024-11,5ecf9b,2024-11,0.5
0874ee_2014-08,0874ee,2014-08,0.5
a25664_2016-12,a25664,2016-12,0.5
375f2e_2025-02,375f2e,2025-02,0.5
c48018_2014-05,c48018,2014-05,0.5
90abb1_2022-06,90abb1,2022-06,0.5
375f2e_2022-04,375f2e,2022-04,0.5
bf6f0d_2018-01,bf6f0d,2018-01,0.5
1822ea_2023-04,1822ea,2023-04,0.5
92dcdd_2024-12,92dcdd,2024-12,0.5
77b3b9_2024-04,77b3b9,2024-04,0.5
6224d0_2021-07,6224d0,2021-07,0.5
e60b65_2016-05,e60b65,2016-05,0.5
4f2b6b_2024-12,4f2b6b,2024-12,0.5
0f9e86_2024-03,0f9e86,2024-03,0.5
34889b_2014-10,34889b,2014-10,0.5
987bc1_2017-05,987bc1,2017-05,0.5
b416b1_2018-03,b416b1,2018-03,0.5
bc4c03_2025-01,bc4c03,2025-01,0.5
375f2e_2023-11,375f2e,2023-11,0.5
375f2e_2023-03,375f2e,2023-03,0.5
bf6f0d_2022-04,bf6f0d,2022-04,0.5
11f0e3_2022-12,11f0e3,2022-12,0.5
90abb1_2018-05,90abb1,2018-05,0.5
77b3b9_2022-12,77b3b9,2022-12,0.5
fb34b4_2024-09,fb34b4,2024-09,0.5
90abb1_2018-01,90abb1,2018-01,0.5
1822ea_2024-12,1822ea,2024-12,0.5
fc77d0_2014-12,fc77d0,2014-12,0.5
fc77d0_2020-12,fc77d0,2020-12,0.5
948a11_2025-03,948a11,2025-03,0.5
bf6f0d_2020-07,bf6f0d,2020-07,0.5
1822ea_2021-10,1822ea,2021-10,0.5
375f2e_2021-06,375f2e,2021-06,0.5
9befc8_2024-04,9befc8,2024-04,0.5
fc77d0_2024-07,fc77d0,2024-07,0.5
4f2b6b_2022-11,4f2b6b,2022-11,0.5
bf6f0d_2019-04,bf6f0d,2019-04,0.5
90abb1_2023-10,90abb1,2023-10,0.5
375f2e_2015-03,375f2e,2015-03,0.5
375f2e_2020-07,375f2e,2020-07,0.5
6f5e2b_2022-12,6f5e2b,2022-12,0.5
34889b_2024-02,34889b,2024-02,0.5
b416b1_2017-04,b416b1,2017-04,0.5
b416b1_2018-12,b416b1,2018-12,0.5
34889b_2014-03,34889b,2014-03,0.5
375f2e_2021-04,375f2e,2021-04,0.5
948a11_2022-12,948a11,2022-12,0.5
bf6f0d_2024-08,bf6f0d,2024-08,0.5
375f2e_2024-03,375f2e,2024-03,0.5
259a19_2021-09,259a19,2021-09,0.5
e60b65_2016-09,e60b65,2016-09,0.5
77b3b9_2024-09,77b3b9,2024-09,0.5
fb737b_2021-04,fb737b,2021-04,0.5
1822ea_2018-02,1822ea,2018-02,0.5
1822ea_2025-03,1822ea,2025-03,0.5
375f2e_2022-10,375f2e,2022-10,0.5
e60b65_2023-06,e60b65,2023-06,0.5
1822ea_2024-11,1822ea,2024-11,0.5
375f2e_2022-01,375f2e,2022-01,0.5
375f2e_2025-03,375f2e,2025-03,0.5
531356_2025-01,531356,2025-01,0.5
29849f_2015-02,29849f,2015-02,0.5
e83244_2022-07,e83244,2022-07,0.5
829a72_2014-08,829a72,2014-08,0.5
829a72_2016-04,829a72,2016-04,0.5
db5006_2016-03,db5006,2016-03,0.5
e83244_2016-05,e83244,2016-05,0.5
e83244_2018-06,e83244,2018-06,0.5
db5006_2019-01,db5006,2019-01,0.5
545d15_2020-06,545d15,2020-06,0.5
f4604d_2021-01,f4604d,2021-01,0.5
f4604d_2023-04,f4604d,2023-04,0.5
1b9e65_2019-06,1b9e65,2019-06,0.5
1b9e65_2023-04,1b9e65,2023-04,0.5
987bc1_2025-03,987bc1,2025-03,0.5
531356_2024-07,531356,2024-07,0.5
0cecbd_2014-12,0cecbd,2014-12,0.5
f4604d_2025-01,f4604d,2025-01,0.5
531356_2022-03,531356,2022-03,0.5
e2314a_2016-09,e2314a,2016-09,0.5
e2314a_2020-12,e2314a,2020-12,0.5
e83244_2020-01,e83244,2020-01,0.5
b1de95_2020-02,b1de95,2020-02,0.5
98a151_2014-05,98a151,2014-05,0.5
98a151_2014-06,98a151,2014-06,0.5
3a13b3_2023-10,3a13b3,2023-10,0.5
e2314a_2015-02,e2314a,2015-02,0.5
e2314a_2023-02,e2314a,2023-02,0.5
e2314a_2024-07,e2314a,2024-07,0.5
7a007d_2019-09,7a007d,2019-09,0.5
db5006_2022-12,db5006,2022-12,0.5
b73bc7_2025-02,b73bc7,2025-02,0.5
f4604d_2022-12,f4604d,2022-12,0.5
531356_2019-02,531356,2019-02,0.5
e2314a_2023-10,e2314a,2023-10,0.5
e2314a_2024-05,e2314a,2024-05,0.5
e83244_2018-07,e83244,2018-07,0.5
e83244_2020-03,e83244,2020-03,0.5
0cecbd_2025-06,0cecbd,2025-06,0.5
531356_2025-05,531356,2025-05,0.5
e2314a_2022-12,e2314a,2022-12,0.5
e2314a_2025-03,e2314a,2025-03,0.5
e83244_2019-07,e83244,2019-07,0.5
e83244_2024-09,e83244,2024-09,0.5
0cecbd_2021-06,0cecbd,2021-06,0.5
3a13b3_2023-05,3a13b3,2023-05,0.5
f4604d_2021-07,f4604d,2021-07,0.5
1b9e65_2021-05,1b9e65,2021-05,0.5
7a007d_2024-05,7a007d,2024-05,0.5
531356_2015-02,531356,2015-02,0.5
e2314a_2018-03,e2314a,2018-03,0.5
e83244_2020-02,e83244,2020-02,0.5
e83244_2022-11,e83244,2022-11,0.5
829a72_2014-10,829a72,2014-10,0.5
f4604d_2023-08,f4604d,2023-08,0.5
6224d0_2025-08,6224d0,2025-08,0.5
987bc1_2021-03,987bc1,2021-03,0.5
e2314a_2017-10,e2314a,2017-10,0.5
29849f_2024-11,29849f,2024-11,0.5
987bc1_2020-05,987bc1,2020-05,0.5
29849f_2024-03,29849f,2024-03,0.5
db5006_2018-11,db5006,2018-11,0.5
1b9e65_2018-03,1b9e65,2018-03,0.5
545d15_2020-11,545d15,2020-11,0.5
e2314a_2023-09,e2314a,2023-09,0.5
e3af0e_2014-10,e3af0e,2014-10,0.5
60a0fd_2022-02,60a0fd,2022-02,0.5
f4604d_2024-05,f4604d,2024-05,0.5
06534f_2025-02,06534f,2025-02,0.5
29849f_2024-09,29849f,2024-09,0.5
e83244_2021-11,e83244,2021-11,0.5
e83244_2023-12,e83244,2023-12,0.5
e83244_2024-03,e83244,2024-03,0.5
98a151_2014-11,98a151,2014-11,0.5
b1de95_2024-06,b1de95,2024-06,0.5
db5006_2024-12,db5006,2024-12,0.5
f4604d_2022-06,f4604d,2022-06,0.5
531356_2022-01,531356,2022-01,0.5
531356_2025-07,531356,2025-07,0.5
f1543b_2017-08,f1543b,2017-08,0.5
e83244_2017-07,e83244,2017-07,0.5
829a72_2015-08,829a72,2015-08,0.5
0cecbd_2016-05,0cecbd,2016-05,0.5
29849f_2020-02,29849f,2020-02,0.5
3db670_2018-01,3db670,2018-01,0.5
db5006_2021-11,db5006,2021-11,0.5
1b9e65_2019-10,1b9e65,2019-10,0.5
e2314a_2018-07,e2314a,2018-07,0.5
06534f_2025-08,06534f,2025-08,0.5
6224d0_2024-06,6224d0,2024-06,0.5
e2314a_2019-07,e2314a,2019-07,0.5
29849f_2018-05,29849f,2018-05,0.5
e3af0e_2015-04,e3af0e,2015-04,0.5
60a0fd_2018-04,60a0fd,2018-04,0.5
db5006_2016-05,db5006,2016-05,0.5
db5006_2018-02,db5006,2018-02,0.5
db5006_2023-05,db5006,2023-05,0.5
1b9e65_2024-06,1b9e65,2024-06,0.5
e2314a_2024-04,e2314a,2024-04,0.5
e83244_2016-04,e83244,2016-04,0.5
88a9a6_2015-12,88a9a6,2015-12,0.5
e3af0e_2014-04,e3af0e,2014-04,0.5
0cecbd_2023-04,0cecbd,2023-04,0.5
e2314a_2021-04,e2314a,2021-04,0.5
e83244_2019-09,e83244,2019-09,0.5
98a151_2018-04,98a151,2018-04,0.5
c580aa_2023-08,c580aa,2023-08,0.5
f4604d_2023-09,f4604d,2023-09,0.5
531356_2016-10,531356,2016-10,0.5
531356_2019-07,531356,2019-07,0.5
29849f_2025-06,29849f,2025-06,0.5
db5006_2019-02,db5006,2019-02,0.5
e2314a_2017-11,e2314a,2017-11,0.5
60a0fd_2014-09,60a0fd,2014-09,0.5
29849f_2019-02,29849f,2019-02,0.5
e83244_2015-09,e83244,2015-09,0.5
e83244_2019-02,e83244,2019-02,0.5
06534f_2024-05,06534f,2024-05,0.5
98a151_2014-10,98a151,2014-10,0.5
f4604d_2022-01,f4604d,2022-01,0.5
6da35b_2024-04,6da35b,2024-04,0.5
7a007d_2017-06,7a007d,2017-06,0.5
175155_2018-10,175155,2018-10,0.5
af81b0_2019-02,af81b0,2019-02,0.5
022433_2021-10,022433,2021-10,0.5
022433_2024-02,022433,2024-02,0.5
7e646c_2025-04,7e646c,2025-04,0.5
022433_2023-07,022433,2023-07,0.5
531356_2019-06,531356,2019-06,0.5
7a007d_2018-10,7a007d,2018-10,0.5
731908_2017-12,731908,2017-12,0.5
022433_2024-07,022433,2024-07,0.5
7a007d_2024-10,7a007d,2024-10,0.5
d86999_2020-08,d86999,2020-08,0.5
f500c5_2019-12,f500c5,2019-12,0.5
c580aa_2019-06,c580aa,2019-06,0.5
c5816f_2017-11,c5816f,2017-11,0.5
531356_2024-11,531356,2024-11,0.5
6da35b_2025-07,6da35b,2025-07,0.5
531356_2024-10,531356,2024-10,0.5
98a151_2022-08,98a151,2022-08,0.5
022433_2021-09,022433,2021-09,0.5
af81b0_2014-12,af81b0,2014-12,0.5
fa8553_2021-10,fa8553,2021-10,0.5
022433_2021-07,022433,2021-07,0.5
f4604d_2019-07,f4604d,2019-07,0.5
531356_2025-08,531356,2025-08,0.5
c580aa_2019-05,c580aa,2019-05,0.5
7a007d_2015-02,7a007d,2015-02,0.5
e83244_2021-02,e83244,2021-02,0.5
dc4b5e_2023-08,dc4b5e,2023-08,0.5
fb34b4_2024-07,fb34b4,2024-07,0.5
af81b0_2014-05,af81b0,2014-05,0.5
83894c_2017-04,83894c,2017-04,0.5
531356_2016-07,531356,2016-07,0.5
1822ea_2024-06,1822ea,2024-06,0.5
77b3b9_2014-11,77b3b9,2014-11,0.5
f4604d_2025-03,f4604d,2025-03,0.5
dc4b5e_2024-06,dc4b5e,2024-06,0.5
dc4b5e_2024-08,dc4b5e,2024-08,0.5
1bdb97_2024-05,1bdb97,2024-05,0.5
4ee2d2_2024-05,4ee2d2,2024-05,0.5
424c1b_2025-08,424c1b,2025-08,0.5
1698cf_2017-02,1698cf,2017-02,0.5
1822ea_2019-08,1822ea,2019-08,0.5
29849f_2017-12,29849f,2017-12,0.5
531356_2016-05,531356,2016-05,0.5
424c1b_2024-12,424c1b,2024-12,0.5
b1de95_2019-08,b1de95,2019-08,0.5
424c1b_2025-05,424c1b,2025-05,0.5
90abb1_2019-06,90abb1,2019-06,0.5
f4d28d_2025-05,f4d28d,2025-05,0.5
6224d0_2020-12,6224d0,2020-12,0.5
4ee2d2_2025-07,4ee2d2,2025-07,0.5
f4604d_2017-08,f4604d,2017-08,0.5
bf6f0d_2022-01,bf6f0d,2022-01,0.5
b08ec1_2022-12,b08ec1,2022-12,0.5
265164_2024-07,265164,2024-07,0.5
948a11_2022-05,948a11,2022-05,0.5
4fb2d3_2017-02,4fb2d3,2017-02,0.5
1bdb97_2025-06,1bdb97,2025-06,0.5
90abb1_2021-11,90abb1,2021-11,0.5
af81b0_2017-02,af81b0,2017-02,0.5
dc4b5e_2024-05,dc4b5e,2024-05,0.5
db5006_2021-07,db5006,2021-07,0.5
9af74c_2020-03,9af74c,2020-03,0.5
424c1b_2025-01,424c1b,2025-01,0.5
29849f_2018-09,29849f,2018-09,0.5
1822ea_2016-07,1822ea,2016-07,0.5
1bdb97_2023-11,1bdb97,2023-11,0.5
fb737b_2021-05,fb737b,2021-05,0.5
531356_2020-10,531356,2020-10,0.5
8005b9_2018-02,8005b9,2018-02,0.5
531356_2016-06,531356,2016-06,0.5
531356_2019-08,531356,2019-08,0.5
db5006_2018-07,db5006,2018-07,0.5
74b7d1_2023-03,74b7d1,2023-03,0.5
531356_2017-01,531356,2017-01,0.5
bc4c03_2015-04,bc4c03,2015-04,0.5
af81b0_2019-06,af81b0,2019-06,0.5
f4604d_2017-05,f4604d,2017-05,0.5
dc4b5e_2023-05,dc4b5e,2023-05,0.5
b73bc7_2019-07,b73bc7,2019-07,0.5
531356_2016-03,531356,2016-03,0.5
b08ec1_2023-01,b08ec1,2023-01,0.5
429b22_2025-03,429b22,2025-03,0.5
1822ea_2019-03,1822ea,2019-03,0.5
6838b9_2023-11,6838b9,2023-11,0.5
293190_2020-09,293190,2020-09,0.5
7aa803_2020-04,7aa803,2020-04,0.5
88a9a6_2020-07,88a9a6,2020-07,0.5
bc4c03_2025-02,bc4c03,2025-02,0.5
9af74c_2015-02,9af74c,2015-02,0.5
e7a56d_2017-08,e7a56d,2017-08,0.5
3db670_2019-01,3db670,2019-01,0.5
9b46ed_2019-07,9b46ed,2019-07,0.5
9b46ed_2020-04,9b46ed,2020-04,0.5
375f2e_2016-05,375f2e,2016-05,0.5
9b46ed_2018-11,9b46ed,2018-11,0.5
e2e0ce_2020-04,e2e0ce,2020-04,0.5
c5df88_2017-12,c5df88,2017-12,0.5
c5df88_2026-02,c5df88,2026-02,0.5
4fb2d3_2016-10,4fb2d3,2016-10,0.5
9b46ed_2018-07,9b46ed,2018-07,0.5
0ffc2d_2021-07,0ffc2d,2021-07,0.5
1bdb97_2021-10,1bdb97,2021-10,0.5
1bdb97_2024-04,1bdb97,2024-04,0.5
e3af0e_2018-08,e3af0e,2018-08,0.5
14fe3a_2018-10,14fe3a,2018-10,0.5
829a72_2024-09,829a72,2024-09,0.5
90abb1_2018-02,90abb1,2018-02,0.5
9b46ed_2017-03,9b46ed,2017-03,0.5
18defd_2023-02,18defd,2023-02,0.5
2ab8ad_2025-04,2ab8ad,2025-04,0.5
c5df88_2024-11,c5df88,2024-11,0.5
0ffc2d_2021-03,0ffc2d,2021-03,0.5
6838b9_2020-08,6838b9,2020-08,0.5
9b46ed_2020-07,9b46ed,2020-07,0.5
7aa803_2020-02,7aa803,2020-02,0.5
7aa803_2020-10,7aa803,2020-10,0.5
8fabe0_2023-04,8fabe0,2023-04,0.5
a42d13_2014-08,a42d13,2014-08,0.5
2ab8ad_2020-01,2ab8ad,2020-01,0.5
88a9a6_2016-05,88a9a6,2016-05,0.5
1822ea_2017-07,1822ea,2017-07,0.5
6838b9_2020-12,6838b9,2020-12,0.5
db4cd8_2023-10,db4cd8,2023-10,0.5
af81b0_2019-10,af81b0,2019-10,0.5
293190_2020-05,293190,2020-05,0.5
cd0e60_2020-12,cd0e60,2020-12,0.5
6838b9_2022-09,6838b9,2022-09,0.5
259a19_2022-09,259a19,2022-09,0.5
c5df88_2020-07,c5df88,2020-07,0.5
88a9a6_2019-12,88a9a6,2019-12,0.5
5a0174_2022-06,5a0174,2022-06,0.5
0cecbd_2020-09,0cecbd,2020-09,0.5
9b46ed_2020-05,9b46ed,2020-05,0.5
4fb2d3_2024-09,4fb2d3,2024-09,0.5
f500c5_2022-02,f500c5,2022-02,0.5
2ab8ad_2018-06,2ab8ad,2018-06,0.5
c5df88_2024-03,c5df88,2024-03,0.5
7aa803_2020-03,7aa803,2020-03,0.5
88a9a6_2021-02,88a9a6,2021-02,0.5
f1543b_2019-01,f1543b,2019-01,0.5
88a9a6_2019-10,88a9a6,2019-10,0.5
8fabe0_2021-08,8fabe0,2021-08,0.5
60a0fd_2022-06,60a0fd,2022-06,0.5
c5df88_2025-02,c5df88,2025-02,0.5
74fb1f_2020-08,74fb1f,2020-08,0.5
d59611_2024-07,d59611,2024-07,0.5
0e8d73_2023-05,0e8d73,2023-05,0.5
6838b9_2019-02,6838b9,2019-02,0.5
88a9a6_2016-06,88a9a6,2016-06,0.5
a25664_2022-04,a25664,2022-04,0.5
6838b9_2019-11,6838b9,2019-11,0.5
f461d4_2019-07,f461d4,2019-07,0.5
9b46ed_2019-05,9b46ed,2019-05,0.5
e2e0ce_2020-06,e2e0ce,2020-06,0.5
e2e0ce_2020-10,e2e0ce,2020-10,0.5
74fb1f_2020-02,74fb1f,2020-02,0.5
3a13b3_2025-05,3a13b3,2025-05,0.5
e2e0ce_2020-09,e2e0ce,2020-09,0.5
74fb1f_2020-11,74fb1f,2020-11,0.5
0e8d73_2024-03,0e8d73,2024-03,0.5
7a007d_2018-05,7a007d,2018-05,0.5
829a72_2019-12,829a72,2019-12,0.5
1996b0_2023-03,1996b0,2023-03,0.5
1996b0_2023-11,1996b0,2023-11,0.5
60a0fd_2019-08,60a0fd,2019-08,0.5
f500c5_2014-12,f500c5,2014-12,0.5
731908_2018-03,731908,2018-03,0.5
1996b0_2024-09,1996b0,2024-09,0.5
1996b0_2024-07,1996b0,2024-07,0.5
e3af0e_2018-10,e3af0e,2018-10,0.5
1996b0_2023-04,1996b0,2023-04,0.5
f1543b_2020-07,f1543b,2020-07,0.5
f1543b_2015-04,f1543b,2015-04,0.5
e2314a_2020-04,e2314a,2020-04,0.5
29849f_2017-01,29849f,2017-01,0.5
fb34b4_2023-06,fb34b4,2023-06,0.5
f1543b_2019-10,f1543b,2019-10,0.5
429b22_2025-06,429b22,2025-06,0.5
c580aa_2023-10,c580aa,2023-10,0.5
948a11_2022-06,948a11,2022-06,0.5
fb737b_2021-08,fb737b,2021-08,0.5
fb737b_2021-10,fb737b,2021-10,0.5
f500c5_2020-02,f500c5,2020-02,0.5
9af74c_2015-10,9af74c,2015-10,0.5
e83244_2020-05,e83244,2020-05,0.5
4f2b6b_2025-06,4f2b6b,2025-06,0.5
e83244_2020-07,e83244,2020-07,0.5
c580aa_2015-01,c580aa,2015-01,0.5
e2314a_2022-04,e2314a,2022-04,0.5
d59611_2020-10,d59611,2020-10,0.5
11f0e3_2014-12,11f0e3,2014-12,0.5
92dcdd_2024-02,92dcdd,2024-02,0.5
11f0e3_2020-06,11f0e3,2020-06,0.5
f1543b_2019-07,f1543b,2019-07,0.5
29849f_2025-09,29849f,2025-09,0.5
7bf5c9_2019-10,7bf5c9,2019-10,0.5
545d15_2021-04,545d15,2021-04,0.5
6224d0_2020-03,6224d0,2020-03,0.5
9af74c_2018-11,9af74c,2018-11,0.5
e7a56d_2015-08,e7a56d,2015-08,0.5
259a19_2017-04,259a19,2017-04,0.5
8005b9_2017-06,8005b9,2017-06,0.5
06534f_2015-09,06534f,2015-09,0.5
3db670_2024-10,3db670,2024-10,0.5
c48018_2017-03,c48018,2017-03,0.5
4718d7_2015-11,4718d7,2015-11,0.5
3a13b3_2023-11,3a13b3,2023-11,0.5
4718d7_2016-03,4718d7,2016-03,0.5
4718d7_2016-01,4718d7,2016-01,0.5
6f5e2b_2017-04,6f5e2b,2017-04,0.5
98a151_2016-06,98a151,2016-06,0.5
7a007d_2021-12,7a007d,2021-12,0.5
a97df3_2019-07,a97df3,2019-07,0.5
8fabe0_2021-04,8fabe0,2021-04,0.5
7a007d_2015-09,7a007d,2015-09,0.5
1822ea_2018-10,1822ea,2018-10,0.5
7a007d_2020-05,7a007d,2020-05,0.5
90abb1_2021-05,90abb1,2021-05,0.5
77b3b9_2015-04,77b3b9,2015-04,0.5
1bdb97_2024-06,1bdb97,2024-06,0.5
bf6f0d_2015-06,bf6f0d,2015-06,0.5
8005b9_2017-08,8005b9,2017-08,0.5
b08ec1_2016-05,b08ec1,2016-05,0.5
7a007d_2021-07,7a007d,2021-07,0.5
bf6f0d_2019-10,bf6f0d,2019-10,0.5
7a007d_2015-06,7a007d,2015-06,0.5
829a72_2016-05,829a72,2016-05,0.5
375f2e_2018-10,375f2e,2018-10,0.5
18defd_2016-12,18defd,2016-12,0.5
b08ec1_2017-04,b08ec1,2017-04,0.5
77b3b9_2022-01,77b3b9,2022-01,0.5
7199cf_2023-07,7199cf,2023-07,0.5
7a007d_2020-12,7a007d,2020-12,0.5
1822ea_2024-09,1822ea,2024-09,0.5
bf6f0d_2015-08,bf6f0d,2015-08,0.5
d59611_2016-01,d59611,2016-01,0.5
1bdb97_2023-07,1bdb97,2023-07,0.5
7a007d_2020-11,7a007d,2020-11,0.5
3db670_2022-07,3db670,2022-07,0.5
b73bc7_2025-03,b73bc7,2025-03,0.5
7a007d_2023-10,7a007d,2023-10,0.5
e7a56d_2021-07,e7a56d,2021-07,0.5
bf6f0d_2020-11,bf6f0d,2020-11,0.5
4718d7_2018-09,4718d7,2018-09,0.5
bf6f0d_2017-06,bf6f0d,2017-06,0.5
a42d13_2017-08,a42d13,2017-08,0.5
b0ff51_2020-05,b0ff51,2020-05,0.5
fb737b_2020-03,fb737b,2020-03,0.5
b0ff51_2020-07,b0ff51,2020-07,0.5
af81b0_2024-02,af81b0,2024-02,0.5
77b3b9_2016-06,77b3b9,2016-06,0.5
34889b_2021-07,34889b,2021-07,0.5
b73bc7_2023-06,b73bc7,2023-06,0.5
af81b0_2023-12,af81b0,2023-12,0.5
af81b0_2025-05,af81b0,2025-05,0.5
8005b9_2021-03,8005b9,2021-03,0.5
293190_2016-04,293190,2016-04,0.5
a97df3_2023-04,a97df3,2023-04,0.5
a97df3_2022-01,a97df3,2022-01,0.5
9befc8_2020-10,9befc8,2020-10,0.5
375f2e_2021-05,375f2e,2021-05,0.5
948a11_2022-01,948a11,2022-01,0.5
fc77d0_2021-04,fc77d0,2021-04,0.5
4fb2d3_2020-04,4fb2d3,2020-04,0.5
375f2e_2021-02,375f2e,2021-02,0.5
af81b0_2025-06,af81b0,2025-06,0.5
439fde_2021-07,439fde,2021-07,0.5
829a72_2022-05,829a72,2022-05,0.5
fb34b4_2022-07,fb34b4,2022-07,0.5
259a19_2025-09,259a19,2025-09,0.5
439fde_2016-07,439fde,2016-07,0.5
f461d4_2020-06,f461d4,2020-06,0.5
92dcdd_2018-08,92dcdd,2018-08,0.5
439fde_2016-06,439fde,2016-06,0.5
f500c5_2019-07,f500c5,2019-07,0.5
b1de95_2018-06,b1de95,2018-06,0.5
6f5e2b_2021-05,6f5e2b,2021-05,0.5
2ab8ad_2015-09,2ab8ad,2015-09,0.5
e60b65_2017-10,e60b65,2017-10,0.5
fd589c_2015-10,fd589c,2015-10,0.5
1bdb97_2024-02,1bdb97,2024-02,0.5
77e86b_2016-04,77e86b,2016-04,0.5
6838b9_2021-03,6838b9,2021-03,0.5
fd589c_2015-12,fd589c,2015-12,0.5
8fabe0_2015-12,8fabe0,2015-12,0.5
a42d13_2018-08,a42d13,2018-08,0.5
5a0174_2016-05,5a0174,2016-05,0.5
db4cd8_2017-07,db4cd8,2017-07,0.5
d59611_2020-04,d59611,2020-04,0.5
6c1954_2020-04,6c1954,2020-04,0.5
6c1954_2020-11,6c1954,2020-11,0.5
8005b9_2020-08,8005b9,2020-08,0.5
b73bc7_2017-02,b73bc7,2017-02,0.5
b73bc7_2024-12,b73bc7,2024-12,0.5
d59611_2017-05,d59611,2017-05,0.5
cd0e60_2019-10,cd0e60,2019-10,0.5
a42d13_2018-09,a42d13,2018-09,0.5
fc77d0_2017-06,fc77d0,2017-06,0.5
34889b_2016-09,34889b,2016-09,0.5
db4cd8_2017-06,db4cd8,2017-06,0.5
fb737b_2020-11,fb737b,2020-11,0.5
b416b1_2016-07,b416b1,2016-07,0.5
9af74c_2018-09,9af74c,2018-09,0.5
af81b0_2015-05,af81b0,2015-05,0.5
af81b0_2020-06,af81b0,2020-06,0.5
fb737b_2020-06,fb737b,2020-06,0.5
1822ea_2020-05,1822ea,2020-05,0.5
f461d4_2017-06,f461d4,2017-06,0.5
77b3b9_2018-07,77b3b9,2018-07,0.5
a25664_2018-10,a25664,2018-10,0.5
cd0e60_2025-02,cd0e60,2025-02,0.5
c5df88_2017-03,c5df88,2017-03,0.5
3db670_2016-02,3db670,2016-02,0.5
cd0e60_2023-10,cd0e60,2023-10,0.5
c3a69f_2016-12,c3a69f,2016-12,0.5
cd0e60_2024-01,cd0e60,2024-01,0.5
cd0e60_2024-05,cd0e60,2024-05,0.5
cd0e60_2024-07,cd0e60,2024-07,0.5
2ab8ad_2018-07,2ab8ad,2018-07,0.5
fb34b4_2025-01,fb34b4,2025-01,0.5
cd0e60_2024-12,cd0e60,2024-12,0.5
8005b9_2016-09,8005b9,2016-09,0.5
bf6f0d_2017-05,bf6f0d,2017-05,0.5
375f2e_2016-06,375f2e,2016-06,0.5
7bf5c9_2017-10,7bf5c9,2017-10,0.5
74b7d1_2017-05,74b7d1,2017-05,0.5
34889b_2020-12,34889b,2020-12,0.5
8005b9_2016-05,8005b9,2016-05,0.5
77b3b9_2016-01,77b3b9,2016-01,0.5
19fa84_2017-11,19fa84,2017-11,0.5
8ec563_2014-06,8ec563,2014-06,0.5
6224d0_2017-08,6224d0,2017-08,0.5
c5816f_2018-11,c5816f,2018-11,0.5
8fabe0_2015-07,8fabe0,2015-07,0.5
c5816f_2015-06,c5816f,2015-06,0.5
77b3b9_2015-10,77b3b9,2015-10,0.5
19fa84_2018-07,19fa84,2018-07,0.5
175155_2015-07,175155,2015-07,0.5
db4cd8_2015-12,db4cd8,2015-12,0.5
e3af0e_2017-06,e3af0e,2017-06,0.5
fd589c_2018-11,fd589c,2018-11,0.5
e3af0e_2017-08,e3af0e,2017-08,0.5
8005b9_2015-10,8005b9,2015-10,0.5
f1543b_2016-01,f1543b,2016-01,0.5
a25664_2016-03,a25664,2016-03,0.5
a97df3_2022-03,a97df3,2022-03,0.5
b08ec1_2018-11,b08ec1,2018-11,0.5
b08ec1_2020-06,b08ec1,2020-06,0.5
dc4b5e_2020-12,dc4b5e,2020-12,0.5
b08ec1_2021-03,b08ec1,2021-03,0.5
dc4b5e_2020-10,dc4b5e,2020-10,0.5
dc4b5e_2021-05,dc4b5e,2021-05,0.5
88a9a6_2020-05,88a9a6,2020-05,0.5
9b46ed_2017-09,9b46ed,2017-09,0.5
c5df88_2018-08,c5df88,2018-08,0.5
34889b_2018-09,34889b,2018-09,0.5
8005b9_2017-03,8005b9,2017-03,0.5
dc4b5e_2020-06,dc4b5e,2020-06,0.5
2ab8ad_2017-12,2ab8ad,2017-12,0.5
b1de95_2018-01,b1de95,2018-01,0.5
0cecbd_2016-09,0cecbd,2016-09,0.5
b73bc7_2020-09,b73bc7,2020-09,0.5
3db670_2022-06,3db670,2022-06,0.5
a97df3_2021-05,a97df3,2021-05,0.5
b1de95_2021-08,b1de95,2021-08,0.5
0cecbd_2017-01,0cecbd,2017-01,0.5
3db670_2020-04,3db670,2020-04,0.5
b73bc7_2021-05,b73bc7,2021-05,0.5
b1de95_2021-10,b1de95,2021-10,0.5
c580aa_2021-10,c580aa,2021-10,0.5
3db670_2017-03,3db670,2017-03,0.5
3db670_2021-01,3db670,2021-01,0.5
175155_2015-10,175155,2015-10,0.5
1822ea_2015-11,1822ea,2015-11,0.5
3a13b3_2020-10,3a13b3,2020-10,0.5
3a13b3_2020-11,3a13b3,2020-11,0.5
3db670_2020-09,3db670,2020-09,0.5
3db670_2022-09,3db670,2022-09,0.5
3db670_2016-09,3db670,2016-09,0.5
531356_2015-09,531356,2015-09,0.5
c580aa_2021-09,c580aa,2021-09,0.5
3a13b3_2018-08,3a13b3,2018-08,0.5
06534f_2018-11,06534f,2018-11,0.5
a42d13_2015-08,a42d13,2015-08,0.5
8ec563_2020-08,8ec563,2020-08,0.5
92dcdd_2020-05,92dcdd,2020-05,0.5
d59611_2015-09,d59611,2015-09,0.5
6224d0_2018-07,6224d0,2018-07,0.5
9f1aa0_2017-01,9f1aa0,2017-01,0.5
0874ee_2020-05,0874ee,2020-05,0.5
3a13b3_2023-02,3a13b3,2023-02,0.5
b1de95_2022-07,b1de95,2022-07,0.5
b73bc7_2022-02,b73bc7,2022-02,0.5
c580aa_2021-08,c580aa,2021-08,0.5
98a151_2015-07,98a151,2015-07,0.5
b1de95_2023-09,b1de95,2023-09,0.5
c580aa_2022-01,c580aa,2022-01,0.5
b73bc7_2022-01,b73bc7,2022-01,0.5
98a151_2016-03,98a151,2016-03,0.5
af81b0_2021-03,af81b0,2021-03,0.5
af81b0_2022-12,af81b0,2022-12,0.5
af81b0_2021-05,af81b0,2021-05,0.5
af81b0_2020-09,af81b0,2020-09,0.5
af81b0_2020-08,af81b0,2020-08,0.5
8fabe0_2016-04,8fabe0,2016-04,0.5
e60b65_2021-06,e60b65,2021-06,0.5
e60b65_2020-03,e60b65,2020-03,0.5
0f9e86_2014-10,0f9e86,2014-10,0.5
8005b9_2021-01,8005b9,2021-01,0.5
3a13b3_2015-11,3a13b3,2015-11,0.5
1996b0_2024-11,1996b0,2024-11,0.5
6224d0_2015-06,6224d0,2015-06,0.5
e60b65_2019-09,e60b65,2019-09,0.5
1996b0_2024-12,1996b0,2024-12,0.5
3a13b3_2017-08,3a13b3,2017-08,0.5
e60b65_2021-08,e60b65,2021-08,0.5
9af74c_2018-08,9af74c,2018-08,0.5
d59611_2020-12,d59611,2020-12,0.5
db4cd8_2021-03,db4cd8,2021-03,0.5
db4cd8_2020-10,db4cd8,2020-10,0.5
6224d0_2018-09,6224d0,2018-09,0.5
510fbf_2023-09,510fbf,2023-09,0.5
14fe3a_2025-09,14fe3a,2025-09,0.5
5a0174_2016-12,5a0174,2016-12,0.5
1822ea_2015-08,1822ea,2015-08,0.5
60a0fd_2017-07,60a0fd,2017-07,0.5
e3af0e_2017-01,e3af0e,2017-01,0.5
90abb1_2016-11,90abb1,2016-11,0.5
c3a69f_2015-09,c3a69f,2015-09,0.5
90abb1_2015-10,90abb1,2015-10,0.5
b416b1_2020-08,b416b1,2020-08,0.5
6224d0_2017-09,6224d0,2017-09,0.5
6f5e2b_2016-06,6f5e2b,2016-06,0.5
db4cd8_2016-10,db4cd8,2016-10,0.5
d59611_2017-11,d59611,2017-11,0.5
bf6f0d_2025-09,bf6f0d,2025-09,0.5
14fe3a_2016-04,14fe3a,2016-04,0.5
4fb2d3_2016-01,4fb2d3,2016-01,0.5
14fe3a_2016-10,14fe3a,2016-10,0.5
4fb2d3_2015-12,4fb2d3,2015-12,0.5
db4cd8_2018-11,db4cd8,2018-11,0.5
293190_2016-08,293190,2016-08,0.5
f1543b_2016-04,f1543b,2016-04,0.5
9b46ed_2024-05,9b46ed,2024-05,0.5
8fb6f0_2020-06,8fb6f0,2020-06,0.5
f1543b_2018-08,f1543b,2018-08,0.5
f1543b_2018-10,f1543b,2018-10,0.5
7bf5c9_2016-07,7bf5c9,2016-07,0.5
7bf5c9_2025-08,7bf5c9,2025-08,0.5
9af74c_2020-04,9af74c,2020-04,0.5
b0ff51_2018-07,b0ff51,2018-07,0.5
b08ec1_2015-11,b08ec1,2015-11,0.5
77b3b9_2015-05,77b3b9,2015-05,0.5
4718d7_2017-11,4718d7,2017-11,0.5
545d15_2023-05,545d15,2023-05,0.5
7a007d_2018-09,7a007d,2018-09,0.5
545d15_2021-12,545d15,2021-12,0.5
545d15_2025-08,545d15,2025-08,0.5
545d15_2023-03,545d15,2023-03,0.5
74b7d1_2021-08,74b7d1,2021-08,0.5
74b7d1_2020-10,74b7d1,2020-10,0.5
74b7d1_2020-05,74b7d1,2020-05,0.5
74b7d1_2021-04,74b7d1,2021-04,0.5
74b7d1_2018-10,74b7d1,2018-10,0.5
8fabe0_2017-09,8fabe0,2017-09,0.5
74b7d1_2018-07,74b7d1,2018-07,0.5
c5816f_2017-01,c5816f,2017-01,0.5
3a13b3_2021-07,3a13b3,2021-07,0.5
3db670_2018-08,3db670,2018-08,0.5
3a13b3_2021-09,3a13b3,2021-09,0.5
c580aa_2016-07,c580aa,2016-07,0.5
3a13b3_2017-01,3a13b3,2017-01,0.5
c5816f_2016-10,c5816f,2016-10,0.5
c580aa_2017-10,c580aa,2017-10,0.5
c580aa_2015-12,c580aa,2015-12,0.5
3a13b3_2016-12,3a13b3,2016-12,0.5
b73bc7_2023-02,b73bc7,2023-02,0.5
b1de95_2015-12,b1de95,2015-12,0.5
c5816f_2020-06,c5816f,2020-06,0.5
90abb1_2015-11,90abb1,2015-11,0.5
dc4b5e_2019-03,dc4b5e,2019-03,0.5
18defd_2016-02,18defd,2016-02,0.5
b1de95_2016-08,b1de95,2016-08,0.5
18defd_2015-12,18defd,2015-12,0.5
18defd_2022-10,18defd,2022-10,0.5
d59611_2015-07,d59611,2015-07,0.5
18defd_2021-08,18defd,2021-08,0.5
b1de95_2018-11,b1de95,2018-11,0.5
18defd_2022-11,18defd,2022-11,0.5
c48018_2022-05,c48018,2022-05,0.5
0874ee_2018-09,0874ee,2018-09,0.5
c48018_2016-11,c48018,2016-11,0.5
18defd_2021-04,18defd,2021-04,0.5
c48018_2021-02,c48018,2021-02,0.5
18defd_2021-06,18defd,2021-06,0.5
c48018_2016-09,c48018,2016-09,0.5
c48018_2020-09,c48018,2020-09,0.5
259a19_2016-07,259a19,2016-07,0.5
0874ee_2015-05,0874ee,2015-05,0.5
5a0174_2018-08,5a0174,2018-08,0.5
0874ee_2018-07,0874ee,2018-07,0.5
18defd_2022-03,18defd,2022-03,0.5
8fabe0_2015-05,8fabe0,2015-05,0.5
e7a56d_2020-10,e7a56d,2020-10,0.5
18defd_2020-05,18defd,2020-05,0.5
18defd_2016-04,18defd,2016-04,0.5
18defd_2022-07,18defd,2022-07,0.5
18defd_2022-08,18defd,2022-08,0.5
c48018_2022-03,c48018,2022-03,0.5
829a72_2018-11,829a72,2018-11,0.5
8fabe0_2017-12,8fabe0,2017-12,0.5
6f5e2b_2025-09,6f5e2b,2025-09,0.5
e3af0e_2016-03,e3af0e,2016-03,0.5
5a0174_2015-06,5a0174,2015-06,0.5
f461d4_2016-10,f461d4,2016-10,0.5
8fabe0_2016-07,8fabe0,2016-07,0.5
8fabe0_2017-01,8fabe0,2017-01,0.5
8fabe0_2021-12,8fabe0,2021-12,0.5
8ec563_2017-10,8ec563,2017-10,0.5
60a0fd_2016-11,60a0fd,2016-11,0.5
829a72_2016-07,829a72,2016-07,0.5
829a72_2017-01,829a72,2017-01,0.5
90abb1_2016-05,90abb1,2016-05,0.5
1698cf_2020-05,1698cf,2020-05,0.5
f461d4_2016-03,f461d4,2016-03,0.5
1698cf_2021-04,1698cf,2021-04,0.5
5a0174_2016-07,5a0174,2016-07,0.5
60a0fd_2015-12,60a0fd,2015-12,0.5
829a72_2020-09,829a72,2020-09,0.5
98a151_2016-01,98a151,2016-01,0.5
60a0fd_2016-10,60a0fd,2016-10,0.5
14fe3a_2017-12,14fe3a,2017-12,0.5
8fabe0_2016-11,8fabe0,2016-11,0.5
5a0174_2021-06,5a0174,2021-06,0.5
e2e0ce_2017-09,e2e0ce,2017-09,0.5
f461d4_2016-11,f461d4,2016-11,0.5
f461d4_2016-06,f461d4,2016-06,0.5
1698cf_2021-01,1698cf,2021-01,0.5
f461d4_2015-05,f461d4,2015-05,0.5
e3af0e_2016-09,e3af0e,2016-09,0.5
90abb1_2016-08,90abb1,2016-08,0.5
6f5e2b_2021-06,6f5e2b,2021-06,0.5
6f5e2b_2020-04,6f5e2b,2020-04,0.5
1bdb97_2021-11,1bdb97,2021-11,0.5
14fe3a_2020-12,14fe3a,2020-12,0.5
e361b7_2016-11,e361b7,2016-11,0.5
14fe3a_2020-11,14fe3a,2020-11,0.5
e60b65_2017-11,e60b65,2017-11,0.5
e361b7_2016-06,e361b7,2016-06,0.5
e361b7_2016-12,e361b7,2016-12,0.5
9af74c_2017-07,9af74c,2017-07,0.5
b73bc7_2021-04,b73bc7,2021-04,0.5
1822ea_2018-11,1822ea,2018-11,0.5
9af74c_2020-11,9af74c,2020-11,0.5
bc4c03_2016-04,bc4c03,2016-04,0.5
b73bc7_2020-06,b73bc7,2020-06,0.5
424c1b_2024-04,424c1b,2024-04,0.5
9af74c_2016-10,9af74c,2016-10,0.5
1822ea_2017-05,1822ea,2017-05,0.5
bc4c03_2015-06,bc4c03,2015-06,0.5
77b3b9_2017-09,77b3b9,2017-09,0.5
987bc1_2018-11,987bc1,2018-11,0.5
b73bc7_2018-10,b73bc7,2018-10,0.5
439fde_2022-01,439fde,2022-01,0.5
c3a69f_2018-10,c3a69f,2018-10,0.5
439fde_2022-02,439fde,2022-02,0.5
439fde_2021-12,439fde,2021-12,0.5
439fde_2016-11,439fde,2016-11,0.5
99c11c_2016-10,99c11c,2016-10,0.5
c3a69f_2016-11,c3a69f,2016-11,0.5
bfbeef_2020-05,bfbeef,2020-05,0.5
439fde_2021-11,439fde,2021-11,0.5
87cfea_2017-01,87cfea,2017-01,0.5
439fde_2022-10,439fde,2022-10,0.5
c3a69f_2017-07,c3a69f,2017-07,0.5
87cfea_2016-05,87cfea,2016-05,0.5
77b3b9_2020-05,77b3b9,2020-05,0.5
375f2e_2017-12,375f2e,2017-12,0.5
29849f_2021-11,29849f,2021-11,0.5
7a007d_2017-01,7a007d,2017-01,0.5
d59611_2018-08,d59611,2018-08,0.5
8005b9_2018-11,8005b9,2018-11,0.5
8005b9_2018-07,8005b9,2018-07,0.5
29849f_2020-05,29849f,2020-05,0.5
c3a69f_2018-11,c3a69f,2018-11,0.5
a42d13_2017-01,a42d13,2017-01,0.5
c580aa_2022-09,c580aa,2022-09,0.5
06534f_2021-12,06534f,2021-12,0.5
b73bc7_2024-01,b73bc7,2024-01,0.5
88a9a6_2017-09,88a9a6,2017-09,0.5
259a19_2016-02,259a19,2016-02,0.5
259a19_2015-12,259a19,2015-12,0.5
a42d13_2016-06,a42d13,2016-06,0.5
948a11_2021-12,948a11,2021-12,0.5
f500c5_2018-11,f500c5,2018-11,0.5
259a19_2016-01,259a19,2016-01,0.5
8d0588_2015-09,8d0588,2015-09,0.5
77e86b_2017-03,77e86b,2017-03,0.5
99c11c_2020-05,99c11c,2020-05,0.5
83894c_2023-09,83894c,2023-09,0.5
90abb1_2018-09,90abb1,2018-09,0.5
259a19_2021-03,259a19,2021-03,0.5
83894c_2023-11,83894c,2023-11,0.5
83894c_2023-03,83894c,2023-03,0.5
83894c_2023-12,83894c,2023-12,0.5
83894c_2022-12,83894c,2022-12,0.5
b416b1_2016-01,b416b1,2016-01,0.5
4718d7_2023-10,4718d7,2023-10,0.5
e60b65_2024-01,e60b65,2024-01,0.5
0874ee_2020-08,0874ee,2020-08,0.5
b416b1_2022-06,b416b1,2022-06,0.5
a25664_2023-12,a25664,2023-12,0.5
db4cd8_2021-09,db4cd8,2021-09,0.5
8005b9_2024-01,8005b9,2024-01,0.5
fc77d0_2019-01,fc77d0,2019-01,0.5
9af74c_2019-09,9af74c,2019-09,0.5
b1de95_2019-02,b1de95,2019-02,0.5
531356_2024-09,531356,2024-09,0.5
e83244_2021-06,e83244,2021-06,0.5
6838b9_2018-08,6838b9,2018-08,0.5
a42d13_2015-04,a42d13,2015-04,0.5
0ffc2d_2021-06,0ffc2d,2021-06,0.5
9af74c_2024-06,9af74c,2024-06,0.5
731908_2015-12,731908,2015-12,0.5
bfbeef_2021-05,bfbeef,2021-05,0.5
8fb6f0_2025-08,8fb6f0,2025-08,0.5
0f9e86_2022-08,0f9e86,2022-08,0.5
8fabe0_2018-03,8fabe0,2018-03,0.5
b416b1_2022-11,b416b1,2022-11,0.5
db4cd8_2018-06,db4cd8,2018-06,0.5
b416b1_2020-06,b416b1,2020-06,0.5
f461d4_2015-01,f461d4,2015-01,0.5
d59611_2021-07,d59611,2021-07,0.5
1822ea_2023-08,1822ea,2023-08,0.5
14fe3a_2023-07,14fe3a,2023-07,0.5
14fe3a_2023-10,14fe3a,2023-10,0.5
4fb2d3_2022-12,4fb2d3,2022-12,0.5
06534f_2023-06,06534f,2023-06,0.5
06534f_2023-07,06534f,2023-07,0.5
e83244_2025-01,e83244,2025-01,0.5
7199cf_2025-03,7199cf,2025-03,0.5
e60b65_2019-11,e60b65,2019-11,0.5
77b3b9_2019-12,77b3b9,2019-12,0.5
fc77d0_2015-06,fc77d0,2015-06,0.5
987bc1_2021-10,987bc1,2021-10,0.5
bfbeef_2022-08,bfbeef,2022-08,0.5
d86999_2017-06,d86999,2017-06,0.5
8fb6f0_2016-04,8fb6f0,2016-04,0.5
5a0174_2023-11,5a0174,2023-11,0.5
8fabe0_2023-03,8fabe0,2023-03,0.5
6838b9_2019-10,6838b9,2019-10,0.5
77b3b9_2018-11,77b3b9,2018-11,0.5
375f2e_2022-05,375f2e,2022-05,0.5
af81b0_2018-03,af81b0,2018-03,0.5
29849f_2017-06,29849f,2017-06,0.5
b1de95_2023-05,b1de95,2023-05,0.5
022433_2025-07,022433,2025-07,0.5
6224d0_2016-11,6224d0,2016-11,0.5
fb737b_2025-02,fb737b,2025-02,0.5
e60b65_2023-01,e60b65,2023-01,0.5
e60b65_2025-02,e60b65,2025-02,0.5
bc4c03_2022-08,bc4c03,2022-08,0.5
a25664_2020-09,a25664,2020-09,0.5
90abb1_2019-02,90abb1,2019-02,0.5
375f2e_2018-12,375f2e,2018-12,0.5
9af74c_2021-11,9af74c,2021-11,0.5
bfbeef_2024-01,bfbeef,2024-01,0.5
b26809_2023-06,b26809,2023-06,0.5
9befc8_2022-04,9befc8,2022-04,0.5
fc9334_2025-05,fc9334,2025-05,0.5
8fb6f0_2019-01,8fb6f0,2019-01,0.5
dbb709_2022-11,dbb709,2022-11,0.5
0f9e86_2020-03,0f9e86,2020-03,0.5
0f9e86_2020-09,0f9e86,2020-09,0.5
0f9e86_2022-02,0f9e86,2022-02,0.5
9cf1af_2023-04,9cf1af,2023-04,0.5
92dcdd_2018-12,92dcdd,2018-12,0.5
9befc8_2021-01,9befc8,2021-01,0.5
4718d7_2015-03,4718d7,2015-03,0.5
fb737b_2022-11,fb737b,2022-11,0.5
1698cf_2024-04,1698cf,2024-04,0.5
77b3b9_2019-05,77b3b9,2019-05,0.5
77b3b9_2022-07,77b3b9,2022-07,0.5
34889b_2017-04,34889b,2017-04,0.5
14fe3a_2019-06,14fe3a,2019-06,0.5
14fe3a_2024-06,14fe3a,2024-06,0.5
8005b9_2018-01,8005b9,2018-01,0.5
fc77d0_2015-01,fc77d0,2015-01,0.5
92dcdd_2022-05,92dcdd,2022-05,0.5
29849f_2015-01,29849f,2015-01,0.5
29849f_2023-11,29849f,2023-11,0.5
06534f_2023-09,06534f,2023-09,0.5
3a13b3_2015-03,3a13b3,2015-03,0.5
e2314a_2023-01,e2314a,2023-01,0.5
e83244_2016-11,e83244,2016-11,0.5
bc4c03_2018-12,bc4c03,2018-12,0.5
1698cf_2023-04,1698cf,2023-04,0.5
77b3b9_2025-06,77b3b9,2025-06,0.5
4fb2d3_2018-08,4fb2d3,2018-08,0.5
92dcdd_2019-03,92dcdd,2019-03,0.5
8e41cf_2023-08,8e41cf,2023-08,0.5
8e41cf_2024-12,8e41cf,2024-12,0.5
d86999_2016-12,d86999,2016-12,0.5
9befc8_2018-05,9befc8,2018-05,0.5
0f9e86_2018-09,0f9e86,2018-09,0.5
7199cf_2024-10,7199cf,2024-10,0.5
7199cf_2025-02,7199cf,2025-02,0.5
fb737b_2020-01,fb737b,2020-01,0.5
175155_2023-10,175155,2023-10,0.5
34889b_2019-12,34889b,2019-12,0.5
987bc1_2025-01,987bc1,2025-01,0.5
af81b0_2018-05,af81b0,2018-05,0.5
3db670_2019-09,3db670,2019-09,0.5
b73bc7_2025-04,b73bc7,2025-04,0.5
e83244_2015-02,e83244,2015-02,0.5
e83244_2018-12,e83244,2018-12,0.5
e83244_2022-03,e83244,2022-03,0.5
6224d0_2020-07,6224d0,2020-07,0.5
4718d7_2023-07,4718d7,2023-07,0.5
fb737b_2022-05,fb737b,2022-05,0.5
6f5e2b_2024-11,6f5e2b,2024-11,0.5
a25664_2018-03,a25664,2018-03,0.5
a42d13_2015-05,a42d13,2015-05,0.5
424c1b_2025-07,424c1b,2025-07,0.5
90abb1_2025-07,90abb1,2025-07,0.5
265164_2024-11,265164,2024-11,0.5
987bc1_2014-11,987bc1,2014-11,0.5
987bc1_2025-07,987bc1,2025-07,0.5
8e41cf_2022-05,8e41cf,2022-05,0.5
731908_2023-08,731908,2023-08,0.5
11f0e3_2015-09,11f0e3,2015-09,0.5
d86999_2018-06,d86999,2018-06,0.5
d86999_2019-02,d86999,2019-02,0.5
9befc8_2016-05,9befc8,2016-05,0.5
780a0b_2016-05,780a0b,2016-05,0.5
0f9e86_2019-08,0f9e86,2019-08,0.5
0f9e86_2019-12,0f9e86,2019-12,0.5
9cf1af_2022-10,9cf1af,2022-10,0.5
0e8d73_2024-04,0e8d73,2024-04,0.5
5a0174_2023-05,5a0174,2023-05,0.5
bc4c03_2023-06,bc4c03,2023-06,0.5
259a19_2024-02,259a19,2024-02,0.5
db4cd8_2014-10,db4cd8,2014-10,0.5
14fe3a_2025-08,14fe3a,2025-08,0.5
8005b9_2018-06,8005b9,2018-06,0.5
b08ec1_2022-05,b08ec1,2022-05,0.5
fc77d0_2020-09,fc77d0,2020-09,0.5
9af74c_2023-01,9af74c,2023-01,0.5
f1543b_2020-02,f1543b,2020-02,0.5
c580aa_2014-10,c580aa,2014-10,0.5
e83244_2020-11,e83244,2020-11,0.5
6f5e2b_2023-01,6f5e2b,2023-01,0.5
175155_2020-03,175155,2020-03,0.5
175155_2024-08,175155,2024-08,0.5
532867_2024-03,532867,2024-03,0.5
90abb1_2015-02,90abb1,2015-02,0.5
9af74c_2019-07,9af74c,2019-07,0.5
987bc1_2019-02,987bc1,2019-02,0.5
4fb2d3_2021-05,4fb2d3,2021-05,0.5
8e41cf_2022-06,8e41cf,2022-06,0.5
11f0e3_2020-07,11f0e3,2020-07,0.5
6224d0_2015-03,6224d0,2015-03,0.5
0e8d73_2024-11,0e8d73,2024-11,0.5
f461d4_2014-12,f461d4,2014-12,0.5
6838b9_2023-02,6838b9,2023-02,0.5
a25664_2023-04,a25664,2023-04,0.5
b08ec1_2018-04,b08ec1,2018-04,0.5
92dcdd_2019-07,92dcdd,2019-07,0.5
af81b0_2023-05,af81b0,2023-05,0.5
af81b0_2023-11,af81b0,2023-11,0.5
af81b0_2024-11,af81b0,2024-11,0.5
29849f_2019-07,29849f,2019-07,0.5
3a13b3_2017-07,3a13b3,2017-07,0.5
f4604d_2023-10,f4604d,2023-10,0.5
90abb1_2025-05,90abb1,2025-05,0.5
92dcdd_2022-08,92dcdd,2022-08,0.5
11f0e3_2025-07,11f0e3,2025-07,0.5
b26809_2024-09,b26809,2024-09,0.5
9befc8_2015-10,9befc8,2015-10,0.5
9befc8_2020-02,9befc8,2020-02,0.5
780a0b_2017-06,780a0b,2017-06,0.5
780a0b_2024-09,780a0b,2024-09,0.5
fc9334_2024-01,fc9334,2024-01,0.5
9cf1af_2023-08,9cf1af,2023-08,0.5
6f5e2b_2018-06,6f5e2b,2018-06,0.5
6f5e2b_2020-12,6f5e2b,2020-12,0.5
db4cd8_2019-11,db4cd8,2019-11,0.5
90abb1_2024-06,90abb1,2024-06,0.5
1822ea_2021-08,1822ea,2021-08,0.5
3a13b3_2019-05,3a13b3,2019-05,0.5
e2314a_2025-06,e2314a,2025-06,0.5
e83244_2016-08,e83244,2016-08,0.5
6224d0_2021-08,6224d0,2021-08,0.5
987bc1_2017-04,987bc1,2017-04,0.5
4fb2d3_2018-02,4fb2d3,2018-02,0.5
4fb2d3_2022-07,4fb2d3,2022-07,0.5
8e41cf_2022-08,8e41cf,2022-08,0.5
731908_2016-08,731908,2016-08,0.5
9f1aa0_2022-12,9f1aa0,2022-12,0.5
fc9334_2022-02,fc9334,2022-02,0.5
fc9334_2022-11,fc9334,2022-11,0.5
8fabe0_2019-03,8fabe0,2019-03,0.5
b416b1_2021-06,b416b1,2021-06,0.5
a25664_2024-05,a25664,2024-05,0.5
db4cd8_2025-05,db4cd8,2025-05,0.5
d59611_2019-04,d59611,2019-04,0.5
34889b_2018-02,34889b,2018-02,0.5
1822ea_2024-04,1822ea,2024-04,0.5
14fe3a_2014-07,14fe3a,2014-07,0.5
14fe3a_2018-05,14fe3a,2018-05,0.5
b08ec1_2018-05,b08ec1,2018-05,0.5
af81b0_2019-09,af81b0,2019-09,0.5
545d15_2021-05,545d15,2021-05,0.5
b1de95_2014-10,b1de95,2014-10,0.5
f4604d_2018-01,f4604d,2018-01,0.5
531356_2014-10,531356,2014-10,0.5
e2314a_2015-07,e2314a,2015-07,0.5
e83244_2024-12,e83244,2024-12,0.5
0e8d73_2025-01,0e8d73,2025-01,0.5
1996b0_2025-08,1996b0,2025-08,0.5
e60b65_2020-07,e60b65,2020-07,0.5
175155_2023-06,175155,2023-06,0.5
a25664_2020-03,a25664,2020-03,0.5
a25664_2021-07,a25664,2021-07,0.5
77b3b9_2019-08,77b3b9,2019-08,0.5
4fb2d3_2021-06,4fb2d3,2021-06,0.5
8e41cf_2025-03,8e41cf,2025-03,0.5
bfbeef_2021-07,bfbeef,2021-07,0.5
780a0b_2021-04,780a0b,2021-04,0.5
780a0b_2025-02,780a0b,2025-02,0.5
987bc1_2020-04,987bc1,2020-04,0.5
6224d0_2019-10,6224d0,2019-10,0.5
4718d7_2022-01,4718d7,2022-01,0.5
0e8d73_2024-08,0e8d73,2024-08,0.5
0e8d73_2024-09,0e8d73,2024-09,0.5
8fabe0_2022-06,8fabe0,2022-06,0.5
a42d13_2017-07,a42d13,2017-07,0.5
259a19_2021-08,259a19,2021-08,0.5
90abb1_2022-01,90abb1,2022-01,0.5
3db670_2019-08,3db670,2019-08,0.5
b73bc7_2018-04,b73bc7,2018-04,0.5
531356_2019-03,531356,2019-03,0.5
e2314a_2023-12,e2314a,2023-12,0.5
e83244_2024-06,e83244,2024-06,0.5
fb737b_2020-07,fb737b,2020-07,0.5
a42d13_2025-06,a42d13,2025-06,0.5
90abb1_2015-03,90abb1,2015-03,0.5
1822ea_2019-02,1822ea,2019-02,0.5
fc77d0_2021-06,fc77d0,2021-06,0.5
4fb2d3_2019-02,4fb2d3,2019-02,0.5
302d40_2024-01,302d40,2024-01,0.5
11f0e3_2021-02,11f0e3,2021-02,0.5
e427f8_2024-12,e427f8,2024-12,0.5
9befc8_2015-05,9befc8,2015-05,0.5
9befc8_2015-07,9befc8,2015-07,0.5
9befc8_2019-05,9befc8,2019-05,0.5
780a0b_2017-12,780a0b,2017-12,0.5
8fb6f0_2014-10,8fb6f0,2014-10,0.5
c580aa_2014-07,c580aa,2014-07,0.5
5a0174_2024-08,5a0174,2024-08,0.5
a42d13_2023-10,a42d13,2023-10,0.5
db4cd8_2021-05,db4cd8,2021-05,0.5
f461d4_2023-06,f461d4,2023-06,0.5
77b3b9_2021-08,77b3b9,2021-08,0.5
90abb1_2023-05,90abb1,2023-05,0.5
1822ea_2015-01,1822ea,2015-01,0.5
1822ea_2024-05,1822ea,2024-05,0.5
14fe3a_2023-05,14fe3a,2023-05,0.5
375f2e_2021-08,375f2e,2021-08,0.5
29849f_2023-02,29849f,2023-02,0.5
531356_2024-08,531356,2024-08,0.5
e2314a_2018-04,e2314a,2018-04,0.5
e2314a_2020-07,e2314a,2020-07,0.5
e83244_2025-02,e83244,2025-02,0.5
11f0e3_2016-08,11f0e3,2016-08,0.5
11f0e3_2019-07,11f0e3,2019-07,0.5
11f0e3_2024-03,11f0e3,2024-03,0.5
9befc8_2019-07,9befc8,2019-07,0.5
8fb6f0_2024-07,8fb6f0,2024-07,0.5
0f9e86_2022-11,0f9e86,2022-11,0.5
0f9e86_2023-02,0f9e86,2023-02,0.5
0f9e86_2023-05,0f9e86,2023-05,0.5
0f9e86_2024-06,0f9e86,2024-06,0.5
fc77d0_2014-04,fc77d0,2014-04,0.5
bc4c03_2024-03,bc4c03,2024-03,0.5
532867_2024-02,532867,2024-02,0.5
db4cd8_2023-12,db4cd8,2023-12,0.5
77b3b9_2021-12,77b3b9,2021-12,0.5
14fe3a_2017-04,14fe3a,2017-04,0.5
b08ec1_2022-01,b08ec1,2022-01,0.5
9af74c_2023-04,9af74c,2023-04,0.5
545d15_2019-02,545d15,2019-02,0.5
e2314a_2021-07,e2314a,2021-07,0.5
e60b65_2019-10,e60b65,2019-10,0.5
e60b65_2023-02,e60b65,2023-02,0.5
a25664_2023-01,a25664,2023-01,0.5
4fb2d3_2023-08,4fb2d3,2023-08,0.5
92dcdd_2022-06,92dcdd,2022-06,0.5
302d40_2022-04,302d40,2022-04,0.5
731908_2025-01,731908,2025-01,0.5
d86999_2019-04,d86999,2019-04,0.5
e427f8_2022-04,e427f8,2022-04,0.5
e427f8_2024-05,e427f8,2024-05,0.5
9befc8_2016-01,9befc8,2016-01,0.5
9befc8_2015-12,9befc8,2015-12,0.5
8fb6f0_2016-09,8fb6f0,2016-09,0.5
a25664_2019-12,a25664,2019-12,0.5
77b3b9_2021-10,77b3b9,2021-10,0.5
34889b_2022-09,34889b,2022-09,0.5
92dcdd_2024-09,92dcdd,2024-09,0.5
29849f_2022-04,29849f,2022-04,0.5
a42d13_2014-04,a42d13,2014-04,0.5
987bc1_2020-01,987bc1,2020-01,0.5
987bc1_2023-12,987bc1,2023-12,0.5
4fb2d3_2021-07,4fb2d3,2021-07,0.5
302d40_2024-03,302d40,2024-03,0.5
9befc8_2019-11,9befc8,2019-11,0.5
780a0b_2014-10,780a0b,2014-10,0.5
8fb6f0_2016-11,8fb6f0,2016-11,0.5
8fb6f0_2019-10,8fb6f0,2019-10,0.5
8bd3ce_2024-09,8bd3ce,2024-09,0.5
0e8d73_2025-06,0e8d73,2025-06,0.5
f461d4_2016-05,f461d4,2016-05,0.5
db4cd8_2014-12,db4cd8,2014-12,0.5
90abb1_2022-10,90abb1,2022-10,0.5
8005b9_2022-03,8005b9,2022-03,0.5
b08ec1_2024-09,b08ec1,2024-09,0.5
fc77d0_2022-10,fc77d0,2022-10,0.5
375f2e_2023-10,375f2e,2023-10,0.5
987bc1_2024-11,987bc1,2024-11,0.5
7a007d_2024-08,7a007d,2024-08,0.5
6838b9_2020-03,6838b9,2020-03,0.5
1822ea_2025-07,1822ea,2025-07,0.5
4fb2d3_2018-12,4fb2d3,2018-12,0.5
8e41cf_2023-09,8e41cf,2023-09,0.5
11f0e3_2015-07,11f0e3,2015-07,0.5
bfbeef_2023-03,bfbeef,2023-03,0.5
bfbeef_2023-06,bfbeef,2023-06,0.5
dc4b5e_2022-12,dc4b5e,2022-12,0.5
9befc8_2019-10,9befc8,2019-10,0.5
dbb709_2024-06,dbb709,2024-06,0.5
8bd3ce_2022-04,8bd3ce,2022-04,0.5
0f9e86_2020-10,0f9e86,2020-10,0.5
5a0174_2020-02,5a0174,2020-02,0.5
5a0174_2025-03,5a0174,2025-03,0.5
6f5e2b_2019-06,6f5e2b,2019-06,0.5
175155_2025-03,175155,2025-03,0.5
6838b9_2018-04,6838b9,2018-04,0.5
90abb1_2024-08,90abb1,2024-08,0.5
34889b_2021-09,34889b,2021-09,0.5
14fe3a_2019-09,14fe3a,2019-09,0.5
fc77d0_2015-04,fc77d0,2015-04,0.5
fc77d0_2019-07,fc77d0,2019-07,0.5
4fb2d3_2023-06,4fb2d3,2023-06,0.5
af81b0_2017-07,af81b0,2017-07,0.5
af81b0_2025-02,af81b0,2025-02,0.5
af81b0_2025-03,af81b0,2025-03,0.5
545d15_2019-08,545d15,2019-08,0.5
29849f_2016-09,29849f,2016-09,0.5
3a13b3_2024-04,3a13b3,2024-04,0.5
e2314a_2015-01,e2314a,2015-01,0.5
e2314a_2018-12,e2314a,2018-12,0.5
424c1b_2024-07,424c1b,2024-07,0.5
77b3b9_2021-04,77b3b9,2021-04,0.5
1822ea_2019-10,1822ea,2019-10,0.5
8e41cf_2025-06,8e41cf,2025-06,0.5
d86999_2018-09,d86999,2018-09,0.5
e427f8_2025-06,e427f8,2025-06,0.5
9befc8_2017-09,9befc8,2017-09,0.5
9befc8_2018-09,9befc8,2018-09,0.5
9befc8_2020-09,9befc8,2020-09,0.5
fc77d0_2015-07,fc77d0,2015-07,0.5
4718d7_2024-06,4718d7,2024-06,0.5
e60b65_2025-06,e60b65,2025-06,0.5
5a0174_2021-09,5a0174,2021-09,0.5
b416b1_2018-04,b416b1,2018-04,0.5
b416b1_2022-07,b416b1,2022-07,0.5
b416b1_2024-03,b416b1,2024-03,0.5
259a19_2019-03,259a19,2019-03,0.5
7a007d_2025-06,7a007d,2025-06,0.5
06534f_2024-11,06534f,2024-11,0.5
022433_2024-10,022433,2024-10,0.5
e60b65_2019-01,e60b65,2019-01,0.5
e60b65_2021-10,e60b65,2021-10,0.5
175155_2017-03,175155,2017-03,0.5
a25664_2017-05,a25664,2017-05,0.5
1822ea_2023-01,1822ea,2023-01,0.5
265164_2025-05,265164,2025-05,0.5
375f2e_2018-05,375f2e,2018-05,0.5
987bc1_2015-07,987bc1,2015-07,0.5
987bc1_2017-12,987bc1,2017-12,0.5
8e41cf_2024-05,8e41cf,2024-05,0.5
302d40_2023-06,302d40,2023-06,0.5
302d40_2023-10,302d40,2023-10,0.5
302d40_2024-05,302d40,2024-05,0.5
e427f8_2023-12,e427f8,2023-12,0.5
5a0174_2018-05,5a0174,2018-05,0.5
6f5e2b_2018-12,6f5e2b,2018-12,0.5
bc4c03_2024-05,bc4c03,2024-05,0.5
90abb1_2021-06,90abb1,2021-06,0.5
fc77d0_2015-03,fc77d0,2015-03,0.5
9af74c_2020-02,9af74c,2020-02,0.5
9af74c_2022-04,9af74c,2022-04,0.5
e2314a_2015-10,e2314a,2015-10,0.5
e2314a_2025-05,e2314a,2025-05,0.5
6224d0_2024-04,6224d0,2024-04,0.5
4718d7_2023-01,4718d7,2023-01,0.5
f25ffe_2025-02,f25ffe,2025-02,0.5
1822ea_2019-05,1822ea,2019-05,0.5
92dcdd_2023-11,92dcdd,2023-11,0.5
e427f8_2023-01,e427f8,2023-01,0.5
9f1aa0_2025-02,9f1aa0,2025-02,0.5
780a0b_2022-02,780a0b,2022-02,0.5
0f9e86_2021-06,0f9e86,2021-06,0.5
0f9e86_2025-04,0f9e86,2025-04,0.5
f461d4_2024-01,f461d4,2024-01,0.5
8fb6f0_2015-09,8fb6f0,2015-09,0.5
dbb709_2025-06,dbb709,2025-06,0.5
4718d7_2023-02,4718d7,2023-02,0.5
6f5e2b_2023-02,6f5e2b,2023-02,0.5
175155_2023-07,175155,2023-07,0.5
f461d4_2022-06,f461d4,2022-06,0.5
1698cf_2024-03,1698cf,2024-03,0.5
77b3b9_2024-01,77b3b9,2024-01,0.5
4fb2d3_2019-10,4fb2d3,2019-10,0.5
92dcdd_2019-10,92dcdd,2019-10,0.5
2167be_2025-06,2167be,2025-06,0.5
3a13b3_2023-12,3a13b3,2023-12,0.5
531356_2018-05,531356,2018-05,0.5
e83244_2015-08,e83244,2015-08,0.5
0874ee_2021-08,0874ee,2021-08,0.5
987bc1_2015-02,987bc1,2015-02,0.5
4fb2d3_2014-09,4fb2d3,2014-09,0.5
d86999_2019-07,d86999,2019-07,0.5
9f1aa0_2018-12,9f1aa0,2018-12,0.5
8fb6f0_2017-12,8fb6f0,2017-12,0.5
4718d7_2023-09,4718d7,2023-09,0.5
4718d7_2024-04,4718d7,2024-04,0.5
5a0174_2021-12,5a0174,2021-12,0.5
6f5e2b_2019-09,6f5e2b,2019-09,0.5
14fe3a_2019-05,14fe3a,2019-05,0.5
b08ec1_2025-05,b08ec1,2025-05,0.5
3db670_2023-05,3db670,2023-05,0.5
531356_2015-01,531356,2015-01,0.5
531356_2024-03,531356,2024-03,0.5
e83244_2016-10,e83244,2016-10,0.5
175155_2024-02,175155,2024-02,0.5
90abb1_2022-11,90abb1,2022-11,0.5
302d40_2022-12,302d40,2022-12,0.5
e427f8_2025-04,e427f8,2025-04,0.5
dc4b5e_2025-05,dc4b5e,2025-05,0.5
9befc8_2020-12,9befc8,2020-12,0.5
9f1aa0_2025-04,9f1aa0,2025-04,0.5
8fb6f0_2020-04,8fb6f0,2020-04,0.5
3db670_2015-03,3db670,2015-03,0.5
f25ffe_2024-03,f25ffe,2024-03,0.5
77c35f_2025-06,77c35f,2025-06,0.5
fb737b_2025-08,fb737b,2025-08,0.5
e60b65_2024-10,e60b65,2024-10,0.5
bc4c03_2021-12,bc4c03,2021-12,0.5
90abb1_2014-10,90abb1,2014-10,0.5
90abb1_2014-11,90abb1,2014-11,0.5
34889b_2019-07,34889b,2019-07,0.5
34889b_2025-01,34889b,2025-01,0.5
1822ea_2022-07,1822ea,2022-07,0.5
b07578_2025-06,b07578,2025-06,0.5
545d15_2020-01,545d15,2020-01,0.5
f4604d_2015-04,f4604d,2015-04,0.5
f4604d_2018-10,f4604d,2018-10,0.5
f4604d_2023-12,f4604d,2023-12,0.5
175155_2020-02,175155,2020-02,0.5
175155_2021-11,175155,2021-11,0.5
77b3b9_2014-10,77b3b9,2014-10,0.5
d59611_2024-03,d59611,2024-03,0.5
fc9334_2024-04,fc9334,2024-04,0.5
8fb6f0_2019-12,8fb6f0,2019-12,0.5
8bd3ce_2025-04,8bd3ce,2025-04,0.5
6224d0_2024-08,6224d0,2024-08,0.5
4718d7_2025-03,4718d7,2025-03,0.5
b416b1_2020-11,b416b1,2020-11,0.5
f461d4_2019-09,f461d4,2019-09,0.5
259a19_2015-01,259a19,2015-01,0.5
a25664_2023-07,a25664,2023-07,0.5
f25ffe_2024-10,f25ffe,2024-10,0.5
d59611_2015-04,d59611,2015-04,0.5
af81b0_2023-09,af81b0,2023-09,0.5
29849f_2019-01,29849f,2019-01,0.5
29849f_2022-06,29849f,2022-06,0.5
f4604d_2019-12,f4604d,2019-12,0.5
e83244_2017-06,e83244,2017-06,0.5
4ee2d2_2024-08,4ee2d2,2024-08,0.5
4ee2d2_2025-04,4ee2d2,2025-04,0.5
bc4c03_2022-12,bc4c03,2022-12,0.5
a42d13_2018-04,a42d13,2018-04,0.5
11f0e3_2025-04,11f0e3,2025-04,0.5
8fb6f0_2019-07,8fb6f0,2019-07,0.5
8fb6f0_2022-01,8fb6f0,2022-01,0.5
8bd3ce_2024-07,8bd3ce,2024-07,0.5
fb737b_2022-04,fb737b,2022-04,0.5
e60b65_2023-09,e60b65,2023-09,0.5
f461d4_2018-04,f461d4,2018-04,0.5
bc4c03_2024-08,bc4c03,2024-08,0.5
77b3b9_2021-11,77b3b9,2021-11,0.5
34889b_2018-01,34889b,2018-01,0.5
8005b9_2024-07,8005b9,2024-07,0.5
375f2e_2023-02,375f2e,2023-02,0.5
92dcdd_2022-09,92dcdd,2022-09,0.5
af81b0_2015-03,af81b0,2015-03,0.5
3a13b3_2018-01,3a13b3,2018-01,0.5
e2314a_2021-05,e2314a,2021-05,0.5
e83244_2019-10,e83244,2019-10,0.5
e83244_2024-01,e83244,2024-01,0.5
fc77d0_2020-01,fc77d0,2020-01,0.5
d86999_2015-11,d86999,2015-11,0.5
b26809_2025-07,b26809,2025-07,0.5
0f9e86_2021-03,0f9e86,2021-03,0.5
7a007d_2019-06,7a007d,2019-06,0.5
7199cf_2023-12,7199cf,2023-12,0.5
0e8d73_2023-09,0e8d73,2023-09,0.5
1996b0_2025-02,1996b0,2025-02,0.5
db4cd8_2024-09,db4cd8,2024-09,0.5
d59611_2019-08,d59611,2019-08,0.5
d59611_2022-05,d59611,2022-05,0.5
34889b_2023-06,34889b,2023-06,0.5
b08ec1_2018-06,b08ec1,2018-06,0.5
29849f_2018-01,29849f,2018-01,0.5
29849f_2018-04,29849f,2018-04,0.5
29849f_2019-03,29849f,2019-03,0.5
e2314a_2017-06,e2314a,2017-06,0.5
e2314a_2018-02,e2314a,2018-02,0.5
e83244_2015-12,e83244,2015-12,0.5
6f5e2b_2023-09,6f5e2b,2023-09,0.5
175155_2017-06,175155,2017-06,0.5
6838b9_2022-10,6838b9,2022-10,0.5
a25664_2022-07,a25664,2022-07,0.5
11f0e3_2014-10,11f0e3,2014-10,0.5
11f0e3_2022-03,11f0e3,2022-03,0.5
b26809_2024-12,b26809,2024-12,0.5
dbb709_2025-07,dbb709,2025-07,0.5
0f9e86_2024-11,0f9e86,2024-11,0.5
fb737b_2025-05,fb737b,2025-05,0.5
8fabe0_2014-08,8fabe0,2014-08,0.5
6f5e2b_2024-06,6f5e2b,2024-06,0.5
b416b1_2023-04,b416b1,2023-04,0.5
259a19_2015-04,259a19,2015-04,0.5
a25664_2019-07,a25664,2019-07,0.5
6838b9_2022-06,6838b9,2022-06,0.5
d59611_2018-05,d59611,2018-05,0.5
14fe3a_2023-02,14fe3a,2023-02,0.5
29849f_2023-05,29849f,2023-05,0.5
29849f_2024-08,29849f,2024-08,0.5
3a13b3_2014-10,3a13b3,2014-10,0.5
3a13b3_2019-06,3a13b3,2019-06,0.5
531356_2019-09,531356,2019-09,0.5
531356_2024-04,531356,2024-04,0.5
e83244_2022-06,e83244,2022-06,0.5
e83244_2023-07,e83244,2023-07,0.5
175155_2023-11,175155,2023-11,0.5
77b3b9_2019-04,77b3b9,2019-04,0.5
1822ea_2018-03,1822ea,2018-03,0.5
1822ea_2020-06,1822ea,2020-06,0.5
0ffc2d_2022-09,0ffc2d,2022-09,0.5
987bc1_2024-08,987bc1,2024-08,0.5
780a0b_2015-01,780a0b,2015-01,0.5
780a0b_2016-04,780a0b,2016-04,0.5
dbb709_2022-08,dbb709,2022-08,0.5
dbb709_2024-12,dbb709,2024-12,0.5
e427f8_2024-03,e427f8,2024-03,0.5
8e41cf_2018-02,8e41cf,2018-02,0.5
14fe3a_2023-03,14fe3a,2023-03,0.5
fc9334_2019-01,fc9334,2019-01,0.5
8bd3ce_2024-04,8bd3ce,2024-04,0.5
731908_2024-08,731908,2024-08,0.5
fc9334_2016-12,fc9334,2016-12,0.5
8fb6f0_2024-08,8fb6f0,2024-08,0.5
8e41cf_2018-10,8e41cf,2018-10,0.5
8e41cf_2020-12,8e41cf,2020-12,0.5
8e41cf_2015-07,8e41cf,2015-07,0.5
b26809_2014-07,b26809,2014-07,0.5
780a0b_2023-08,780a0b,2023-08,0.5
8fb6f0_2022-04,8fb6f0,2022-04,0.5
8bd3ce_2016-01,8bd3ce,2016-01,0.5
8bd3ce_2018-08,8bd3ce,2018-08,0.5
8e41cf_2015-12,8e41cf,2015-12,0.5
e7a56d_2019-10,e7a56d,2019-10,0.5
74b7d1_2014-11,74b7d1,2014-11,0.5
8fb6f0_2022-06,8fb6f0,2022-06,0.5
8bd3ce_2024-05,8bd3ce,2024-05,0.5
c48018_2019-01,c48018,2019-01,0.5
bfbeef_2020-10,bfbeef,2020-10,0.5
8bd3ce_2018-07,8bd3ce,2018-07,0.5
b26809_2017-08,b26809,2017-08,0.5
8bd3ce_2021-10,8bd3ce,2021-10,0.5
fc9334_2020-09,fc9334,2020-09,0.5
9befc8_2023-02,9befc8,2023-02,0.5
e7a56d_2025-07,e7a56d,2025-07,0.5
b26809_2023-01,b26809,2023-01,0.5
b26809_2017-05,b26809,2017-05,0.5
b26809_2016-09,b26809,2016-09,0.5
bfbeef_2018-01,bfbeef,2018-01,0.5
731908_2014-09,731908,2014-09,0.5
731908_2015-03,731908,2015-03,0.5
b26809_2018-03,b26809,2018-03,0.5
b26809_2018-10,b26809,2018-10,0.5
b26809_2021-09,b26809,2021-09,0.5
9f1aa0_2015-04,9f1aa0,2015-04,0.5
731908_2015-09,731908,2015-09,0.5
731908_2022-12,731908,2022-12,0.5
8bd3ce_2016-02,8bd3ce,2016-02,0.5
8fb6f0_2019-03,8fb6f0,2019-03,0.5
731908_2020-12,731908,2020-12,0.5
fc9334_2018-05,fc9334,2018-05,0.5
b26809_2017-10,b26809,2017-10,0.5
731908_2022-04,731908,2022-04,0.5
bfbeef_2024-04,bfbeef,2024-04,0.5
74b7d1_2025-01,74b7d1,2025-01,0.5
fc9334_2021-01,fc9334,2021-01,0.5
8e41cf_2020-10,8e41cf,2020-10,0.5
e7a56d_2025-05,e7a56d,2025-05,0.5
bfbeef_2019-08,bfbeef,2019-08,0.5
fc9334_2017-02,fc9334,2017-02,0.5
8bd3ce_2018-02,8bd3ce,2018-02,0.5
8e41cf_2021-07,8e41cf,2021-07,0.5
8e41cf_2024-06,8e41cf,2024-06,0.5
b26809_2014-12,b26809,2014-12,0.5
fc9334_2018-08,fc9334,2018-08,0.5
731908_2022-11,731908,2022-11,0.5
bfbeef_2019-07,bfbeef,2019-07,0.5
bfbeef_2022-02,bfbeef,2022-02,0.5
fc9334_2018-03,fc9334,2018-03,0.5
8bd3ce_2021-06,8bd3ce,2021-06,0.5
731908_2023-11,731908,2023-11,0.5
780a0b_2023-04,780a0b,2023-04,0.5
fc9334_2017-08,fc9334,2017-08,0.5
8bd3ce_2020-02,8bd3ce,2020-02,0.5
8e41cf_2018-06,8e41cf,2018-06,0.5
e7a56d_2024-07,e7a56d,2024-07,0.5
0874ee_2014-11,0874ee,2014-11,0.5
731908_2021-02,731908,2021-02,0.5
8e41cf_2017-01,8e41cf,2017-01,0.5
731908_2022-09,731908,2022-09,0.5
dc4b5e_2023-03,dc4b5e,2023-03,0.5
fc9334_2017-12,fc9334,2017-12,0.5
8bd3ce_2019-11,8bd3ce,2019-11,0.5
b26809_2017-06,b26809,2017-06,0.5
0874ee_2014-10,0874ee,2014-10,0.5
a97df3_2022-05,a97df3,2022-05,0.5
a97df3_2025-06,a97df3,2025-06,0.5
731908_2021-01,731908,2021-01,0.5
4718d7_2018-05,4718d7,2018-05,0.5
9f1aa0_2016-07,9f1aa0,2016-07,0.5
9f1aa0_2019-12,9f1aa0,2019-12,0.5
b08ec1_2019-03,b08ec1,2019-03,0.5
4718d7_2021-09,4718d7,2021-09,0.5
5a0174_2014-10,5a0174,2014-10,0.5
fa8553_2021-08,fa8553,2021-08,0.5
fa8553_2021-12,fa8553,2021-12,0.5
513080_2025-04,513080,2025-04,0.5
14fe3a_2024-02,14fe3a,2024-02,0.5
fb34b4_2023-07,fb34b4,2023-07,0.5
bf6f0d_2019-08,bf6f0d,2019-08,0.5
fa8553_2024-07,fa8553,2024-07,0.5
513080_2021-12,513080,2021-12,0.5
dbb709_2023-05,dbb709,2023-05,0.5
d59611_2025-07,d59611,2025-07,0.5
6f5e2b_2014-06,6f5e2b,2014-06,0.5
77b3b9_2018-05,77b3b9,2018-05,0.5
948a11_2023-07,948a11,2023-07,0.5
7bf5c9_2020-10,7bf5c9,2020-10,0.5
d59611_2020-03,d59611,2020-03,0.5
175155_2018-07,175155,2018-07,0.5
9f1aa0_2023-04,9f1aa0,2023-04,0.5
a25664_2019-06,a25664,2019-06,0.5
9f1aa0_2014-04,9f1aa0,2014-04,0.5
fa8553_2023-11,fa8553,2023-11,0.5
5a0174_2016-11,5a0174,2016-11,0.5
f500c5_2017-07,f500c5,2017-07,0.5
6c1954_2023-06,6c1954,2023-06,0.5
510fbf_2024-02,510fbf,2024-02,0.5
d59611_2021-01,d59611,2021-01,0.5
5a0174_2021-10,5a0174,2021-10,0.5
6f5e2b_2015-02,6f5e2b,2015-02,0.5
f500c5_2018-03,f500c5,2018-03,0.5
6c1954_2019-08,6c1954,2019-08,0.5
9f1aa0_2014-09,9f1aa0,2014-09,0.5
d59611_2018-10,d59611,2018-10,0.5
375f2e_2022-12,375f2e,2022-12,0.5
9f1aa0_2016-01,9f1aa0,2016-01,0.5
513080_2024-02,513080,2024-02,0.5
14fe3a_2015-04,14fe3a,2015-04,0.5
b644ac_2024-11,b644ac,2024-11,0.5
77b3b9_2019-03,77b3b9,2019-03,0.5
77b3b9_2022-02,77b3b9,2022-02,0.5
4718d7_2019-05,4718d7,2019-05,0.5
9f1aa0_2018-11,9f1aa0,2018-11,0.5
9f1aa0_2019-03,9f1aa0,2019-03,0.5
fa8553_2022-07,fa8553,2022-07,0.5
d86999_2025-03,d86999,2025-03,0.5
d86999_2025-06,d86999,2025-06,0.5
948a11_2025-07,948a11,2025-07,0.5
175155_2021-08,175155,2021-08,0.5
fa8553_2023-02,fa8553,2023-02,0.5
d86999_2021-10,d86999,2021-10,0.5
d86999_2025-07,d86999,2025-07,0.5
6f5e2b_2020-07,6f5e2b,2020-07,0.5
6c1954_2024-12,6c1954,2024-12,0.5
375f2e_2020-10,375f2e,2020-10,0.5
77b3b9_2021-09,77b3b9,2021-09,0.5
bf6f0d_2025-07,bf6f0d,2025-07,0.5
bc4c03_2016-08,bc4c03,2016-08,0.5
7bf5c9_2020-08,7bf5c9,2020-08,0.5
9f1aa0_2017-04,9f1aa0,2017-04,0.5
302d40_2022-11,302d40,2022-11,0.5
d59611_2015-02,d59611,2015-02,0.5
f500c5_2019-03,f500c5,2019-03,0.5
e427f8_2022-07,e427f8,2022-07,0.5
513080_2024-09,513080,2024-09,0.5
f500c5_2015-04,f500c5,2015-04,0.5
4718d7_2018-01,4718d7,2018-01,0.5
a42d13_2014-11,a42d13,2014-11,0.5
92dcdd_2021-07,92dcdd,2021-07,0.5
948a11_2024-08,948a11,2024-08,0.5
8fabe0_2021-09,8fabe0,2021-09,0.5
8fabe0_2025-07,8fabe0,2025-07,0.5
9f1aa0_2021-08,9f1aa0,2021-08,0.5
510fbf_2023-08,510fbf,2023-08,0.5
510fbf_2025-08,510fbf,2025-08,0.5
a42d13_2016-04,a42d13,2016-04,0.5
7a007d_2014-12,7a007d,2014-12,0.5
f500c5_2024-04,f500c5,2024-04,0.5
513080_2022-03,513080,2022-03,0.5
7bf5c9_2015-09,7bf5c9,2015-09,0.5
948a11_2024-07,948a11,2024-07,0.5
510fbf_2022-09,510fbf,2022-09,0.5
510fbf_2023-05,510fbf,2023-05,0.5
d59611_2019-07,d59611,2019-07,0.5
1698cf_2021-10,1698cf,2021-10,0.5
d59611_2023-03,d59611,2023-03,0.5
e60b65_2015-03,e60b65,2015-03,0.5
f500c5_2024-02,f500c5,2024-02,0.5
9f1aa0_2021-11,9f1aa0,2021-11,0.5
510fbf_2022-11,510fbf,2022-11,0.5
11f0e3_2019-01,11f0e3,2019-01,0.5
bfbeef_2015-03,bfbeef,2015-03,0.5
0cecbd_2019-12,0cecbd,2019-12,0.5
bc4c03_2020-04,bc4c03,2020-04,0.5
bfbeef_2016-08,bfbeef,2016-08,0.5
0cecbd_2024-06,0cecbd,2024-06,0.5
8fb6f0_2019-05,8fb6f0,2019-05,0.5
0f9e86_2018-05,0f9e86,2018-05,0.5
11f0e3_2017-05,11f0e3,2017-05,0.5
af81b0_2018-10,af81b0,2018-10,0.5
0cecbd_2023-12,0cecbd,2023-12,0.5
11f0e3_2019-03,11f0e3,2019-03,0.5
0f9e86_2016-05,0f9e86,2016-05,0.5
0cecbd_2018-12,0cecbd,2018-12,0.5
0cecbd_2019-05,0cecbd,2019-05,0.5
b73bc7_2019-09,b73bc7,2019-09,0.5
175155_2024-04,175155,2024-04,0.5
11f0e3_2014-09,11f0e3,2014-09,0.5
4fb2d3_2024-07,4fb2d3,2024-07,0.5
6224d0_2021-11,6224d0,2021-11,0.5
987bc1_2018-04,987bc1,2018-04,0.5
98a151_2015-03,98a151,2015-03,0.5
dc4b5e_2019-08,dc4b5e,2019-08,0.5
e3af0e_2015-01,e3af0e,2015-01,0.5
60a0fd_2014-12,60a0fd,2014-12,0.5
60a0fd_2019-11,60a0fd,2019-11,0.5
894378_2025-06,894378,2025-06,0.5
e3af0e_2018-02,e3af0e,2018-02,0.5
98a151_2014-09,98a151,2014-09,0.5
60a0fd_2015-02,60a0fd,2015-02,0.5
a97df3_2021-11,a97df3,2021-11,0.5
60a0fd_2018-01,60a0fd,2018-01,0.5
60a0fd_2014-07,60a0fd,2014-07,0.5
60a0fd_2014-08,60a0fd,2014-08,0.5
7a007d_2025-01,7a007d,2025-01,0.5
98a151_2015-02,98a151,2015-02,0.5
375f2e_2019-10,375f2e,2019-10,0.5
7bf5c9_2023-05,7bf5c9,2023-05,0.5
1bdb97_2023-10,1bdb97,2023-10,0.5
88a9a6_2024-08,88a9a6,2024-08,0.5
829a72_2024-10,829a72,2024-10,0.5
f500c5_2017-05,f500c5,2017-05,0.5
c5df88_2022-06,c5df88,2022-06,0.5
98a151_2019-12,98a151,2019-12,0.5
4f2b6b_2023-05,4f2b6b,2023-05,0.5
e2e0ce_2020-05,e2e0ce,2020-05,0.5
2ab8ad_2017-02,2ab8ad,2017-02,0.5
2ab8ad_2020-03,2ab8ad,2020-03,0.5
c5df88_2023-07,c5df88,2023-07,0.5
7aa803_2020-12,7aa803,2020-12,0.5
f500c5_2014-11,f500c5,2014-11,0.5
1698cf_2021-07,1698cf,2021-07,0.5
e2e0ce_2024-04,e2e0ce,2024-04,0.5
74fb1f_2023-12,74fb1f,2023-12,0.5
f500c5_2022-10,f500c5,2022-10,0.5
293190_2014-06,293190,2014-06,0.5
2ab8ad_2025-01,2ab8ad,2025-01,0.5
7aa803_2020-01,7aa803,2020-01,0.5
e3af0e_2021-04,e3af0e,2021-04,0.5
e3af0e_2025-02,e3af0e,2025-02,0.5
7bf5c9_2017-02,7bf5c9,2017-02,0.5
bf6f0d_2018-04,bf6f0d,2018-04,0.5
2ab8ad_2020-05,2ab8ad,2020-05,0.5
7aa803_2021-03,7aa803,2021-03,0.5
34889b_2017-06,34889b,2017-06,0.5
34889b_2017-07,34889b,2017-07,0.5
2ab8ad_2022-12,2ab8ad,2022-12,0.5
2ab8ad_2023-10,2ab8ad,2023-10,0.5
c5df88_2021-01,c5df88,2021-01,0.5
74fb1f_2023-08,74fb1f,2023-08,0.5
e3af0e_2025-06,e3af0e,2025-06,0.5
f500c5_2016-02,f500c5,2016-02,0.5
f500c5_2019-09,f500c5,2019-09,0.5
18defd_2015-01,18defd,2015-01,0.5
e2e0ce_2022-08,e2e0ce,2022-08,0.5
2ab8ad_2023-08,2ab8ad,2023-08,0.5
7aa803_2021-05,7aa803,2021-05,0.5
c580aa_2018-04,c580aa,2018-04,0.5
f500c5_2018-06,f500c5,2018-06,0.5
2ab8ad_2022-08,2ab8ad,2022-08,0.5
74fb1f_2020-07,74fb1f,2020-07,0.5
9b46ed_2022-06,9b46ed,2022-06,0.5
d86999_2024-04,d86999,2024-04,0.5
7a007d_2016-05,7a007d,2016-05,0.5
1bdb97_2022-08,1bdb97,2022-08,0.5
c5df88_2015-02,c5df88,2015-02,0.5
f1543b_2019-06,f1543b,2019-06,0.5
b08ec1_2014-06,b08ec1,2014-06,0.5
293190_2021-09,293190,2021-09,0.5
e2e0ce_2018-12,e2e0ce,2018-12,0.5
74fb1f_2021-07,74fb1f,2021-07,0.5
f1543b_2021-05,f1543b,2021-05,0.5
f500c5_2017-02,f500c5,2017-02,0.5
f500c5_2021-04,f500c5,2021-04,0.5
b08ec1_2014-05,b08ec1,2014-05,0.5
6f5e2b_2020-08,6f5e2b,2020-08,0.5
293190_2022-07,293190,2022-07,0.5
18defd_2023-12,18defd,2023-12,0.5
2ab8ad_2024-02,2ab8ad,2024-02,0.5
74fb1f_2015-02,74fb1f,2015-02,0.5
88a9a6_2024-05,88a9a6,2024-05,0.5
c3a69f_2022-06,c3a69f,2022-06,0.5
9b46ed_2021-06,9b46ed,2021-06,0.5
9b46ed_2022-12,9b46ed,2022-12,0.5
829a72_2022-10,829a72,2022-10,0.5
e3af0e_2022-04,e3af0e,2022-04,0.5
c580aa_2018-05,c580aa,2018-05,0.5
fb34b4_2025-07,fb34b4,2025-07,0.5
1698cf_2020-08,1698cf,2020-08,0.5
c3a69f_2022-07,c3a69f,2022-07,0.5
c5df88_2021-05,c5df88,2021-05,0.5
7aa803_2025-02,7aa803,2025-02,0.5
9b46ed_2021-12,9b46ed,2021-12,0.5
98a151_2023-10,98a151,2023-10,0.5
f500c5_2017-09,f500c5,2017-09,0.5
f500c5_2024-01,f500c5,2024-01,0.5
cd0e60_2022-06,cd0e60,2022-06,0.5
cd0e60_2022-08,cd0e60,2022-08,0.5
7aa803_2015-01,7aa803,2015-01,0.5
98a151_2021-10,98a151,2021-10,0.5
94f933_2025-08,94f933,2025-08,0.5
293190_2021-06,293190,2021-06,0.5
c5df88_2014-11,c5df88,2014-11,0.5
98a151_2019-07,98a151,2019-07,0.5
829a72_2019-09,829a72,2019-09,0.5
7bf5c9_2024-08,7bf5c9,2024-08,0.5
34889b_2022-10,34889b,2022-10,0.5
8fabe0_2025-05,8fabe0,2025-05,0.5
293190_2020-10,293190,2020-10,0.5
e2e0ce_2020-11,e2e0ce,2020-11,0.5
88a9a6_2024-11,88a9a6,2024-11,0.5
f500c5_2019-11,f500c5,2019-11,0.5
fb34b4_2023-10,fb34b4,2023-10,0.5
5a0174_2020-08,5a0174,2020-08,0.5
7aa803_2022-05,7aa803,2022-05,0.5
9b46ed_2022-01,9b46ed,2022-01,0.5
98a151_2019-11,98a151,2019-11,0.5
98a151_2023-08,98a151,2023-08,0.5
7bf5c9_2019-04,7bf5c9,2019-04,0.5
74fb1f_2015-01,74fb1f,2015-01,0.5
293190_2021-04,293190,2021-04,0.5
2ab8ad_2024-05,2ab8ad,2024-05,0.5
7aa803_2020-07,7aa803,2020-07,0.5
829a72_2022-08,829a72,2022-08,0.5
60a0fd_2025-08,60a0fd,2025-08,0.5
db5006_2021-03,db5006,2021-03,0.5
74fb1f_2023-06,74fb1f,2023-06,0.5
60a0fd_2024-06,60a0fd,2024-06,0.5
b08ec1_2022-10,b08ec1,2022-10,0.5
e2e0ce_2024-05,e2e0ce,2024-05,0.5
829a72_2025-05,829a72,2025-05,0.5
a97df3_2025-08,a97df3,2025-08,0.5
f500c5_2022-08,f500c5,2022-08,0.5
293190_2024-04,293190,2024-04,0.5
7bf5c9_2019-05,7bf5c9,2019-05,0.5
74fb1f_2024-08,74fb1f,2024-08,0.5
60a0fd_2023-05,60a0fd,2023-05,0.5
0ffc2d_2021-11,0ffc2d,2021-11,0.5
022433_2023-10,022433,2023-10,0.5
1b9e65_2015-04,1b9e65,2015-04,0.5
8fabe0_2023-09,8fabe0,2023-09,0.5
e7a56d_2019-12,e7a56d,2019-12,0.5
db5006_2017-06,db5006,2017-06,0.5
1b9e65_2024-02,1b9e65,2024-02,0.5
0ffc2d_2023-03,0ffc2d,2023-03,0.5
259a19_2017-06,259a19,2017-06,0.5
c48018_2019-09,c48018,2019-09,0.5
db5006_2020-02,db5006,2020-02,0.5
db5006_2022-01,db5006,2022-01,0.5
1b9e65_2018-01,1b9e65,2018-01,0.5
29849f_2023-06,29849f,2023-06,0.5
b07578_2024-06,b07578,2024-06,0.5
db5006_2022-06,db5006,2022-06,0.5
c48018_2014-06,c48018,2014-06,0.5
1bdb97_2025-02,1bdb97,2025-02,0.5
1b9e65_2022-12,1b9e65,2022-12,0.5
fc77d0_2014-07,fc77d0,2014-07,0.5
1bdb97_2023-04,1bdb97,2023-04,0.5
18defd_2025-04,18defd,2025-04,0.5
1b9e65_2024-11,1b9e65,2024-11,0.5
db5006_2024-07,db5006,2024-07,0.5
fc77d0_2018-12,fc77d0,2018-12,0.5
f4604d_2022-04,f4604d,2022-04,0.5
531356_2022-08,531356,2022-08,0.5
0ffc2d_2022-04,0ffc2d,2022-04,0.5
bc4c03_2018-01,bc4c03,2018-01,0.5
f4604d_2022-07,f4604d,2022-07,0.5
1b9e65_2017-04,1b9e65,2017-04,0.5
6224d0_2018-10,6224d0,2018-10,0.5
db5006_2024-03,db5006,2024-03,0.5
f4604d_2017-04,f4604d,2017-04,0.5
1b9e65_2019-03,1b9e65,2019-03,0.5
34889b_2018-12,34889b,2018-12,0.5
f461d4_2015-08,f461d4,2015-08,0.5
e7a56d_2022-01,e7a56d,2022-01,0.5
5a0174_2017-11,5a0174,2017-11,0.5
c48018_2019-12,c48018,2019-12,0.5
db5006_2021-02,db5006,2021-02,0.5
29849f_2022-09,29849f,2022-09,0.5
6838b9_2019-01,6838b9,2019-01,0.5
1b9e65_2022-11,1b9e65,2022-11,0.5
1b9e65_2023-03,1b9e65,2023-03,0.5
92dcdd_2021-09,92dcdd,2021-09,0.5
022433_2023-01,022433,2023-01,0.5
531356_2018-01,531356,2018-01,0.5
1b9e65_2024-08,1b9e65,2024-08,0.5
f461d4_2015-10,f461d4,2015-10,0.5
022433_2023-02,022433,2023-02,0.5
db5006_2014-11,db5006,2014-11,0.5
db5006_2019-10,db5006,2019-10,0.5
db5006_2025-08,db5006,2025-08,0.5
e7a56d_2024-01,e7a56d,2024-01,0.5
0ffc2d_2020-08,0ffc2d,2020-08,0.5
1b9e65_2019-09,1b9e65,2019-09,0.5
175155_2021-09,175155,2021-09,0.5
7bf5c9_2021-06,7bf5c9,2021-06,0.5
db5006_2022-09,db5006,2022-09,0.5
29849f_2018-03,29849f,2018-03,0.5
b59bc0_2015-09,b59bc0,2015-09,0.5
db5006_2019-08,db5006,2019-08,0.5
022433_2022-09,022433,2022-09,0.5
3db670_2019-10,3db670,2019-10,0.5
c48018_2024-02,c48018,2024-02,0.5
1b9e65_2020-06,1b9e65,2020-06,0.5
db5006_2020-01,db5006,2020-01,0.5
022433_2023-03,022433,2023-03,0.5
f4604d_2021-10,f4604d,2021-10,0.5
1b9e65_2018-04,1b9e65,2018-04,0.5
c3a69f_2021-11,c3a69f,2021-11,0.5
fd589c_2019-09,fd589c,2019-09,0.5
c5816f_2024-07,c5816f,2024-07,0.5
c3a69f_2025-04,c3a69f,2025-04,0.5
e361b7_2021-03,e361b7,2021-03,0.5
6c1954_2025-02,6c1954,2025-02,0.5
e361b7_2023-06,e361b7,2023-06,0.5
3db670_2016-04,3db670,2016-04,0.5
259a19_2020-12,259a19,2020-12,0.5
19fa84_2022-12,19fa84,2022-12,0.5
e4bc80_2019-08,e4bc80,2019-08,0.5
8ec563_2023-12,8ec563,2023-12,0.5
8ec563_2024-07,8ec563,2024-07,0.5
19fa84_2022-07,19fa84,2022-07,0.5
fd589c_2019-08,fd589c,2019-08,0.5
b73bc7_2016-05,b73bc7,2016-05,0.5
c5816f_2023-07,c5816f,2023-07,0.5
19fa84_2023-11,19fa84,2023-11,0.5
fd589c_2020-01,fd589c,2020-01,0.5
e361b7_2023-08,e361b7,2023-08,0.5
e361b7_2025-01,e361b7,2025-01,0.5
e4bc80_2022-06,e4bc80,2022-06,0.5
e4bc80_2024-03,e4bc80,2024-03,0.5
7bf5c9_2020-07,7bf5c9,2020-07,0.5
3db670_2021-09,3db670,2021-09,0.5
894378_2020-11,894378,2020-11,0.5
c5816f_2023-09,c5816f,2023-09,0.5
c5816f_2024-10,c5816f,2024-10,0.5
6c1954_2023-02,6c1954,2023-02,0.5
b73bc7_2019-05,b73bc7,2019-05,0.5
60b690_2025-06,60b690,2025-06,0.5
c5816f_2023-11,c5816f,2023-11,0.5
8ec563_2023-06,8ec563,2023-06,0.5
fd589c_2024-08,fd589c,2024-08,0.5
7bf5c9_2024-11,7bf5c9,2024-11,0.5
3db670_2021-08,3db670,2021-08,0.5
894378_2022-11,894378,2022-11,0.5
e361b7_2024-10,e361b7,2024-10,0.5
19fa84_2021-12,19fa84,2021-12,0.5
c580aa_2024-05,c580aa,2024-05,0.5
439fde_2024-08,439fde,2024-08,0.5
c5816f_2025-04,c5816f,2025-04,0.5
8ec563_2020-11,8ec563,2020-11,0.5
8ec563_2025-01,8ec563,2025-01,0.5
fd589c_2022-12,fd589c,2022-12,0.5
f1543b_2014-11,f1543b,2014-11,0.5
c3a69f_2024-10,c3a69f,2024-10,0.5
894378_2023-04,894378,2023-04,0.5
8ec563_2019-03,8ec563,2019-03,0.5
19fa84_2023-09,19fa84,2023-09,0.5
fd589c_2023-11,fd589c,2023-11,0.5
e4bc80_2019-09,e4bc80,2019-09,0.5
b73bc7_2025-05,b73bc7,2025-05,0.5
c3a69f_2020-02,c3a69f,2020-02,0.5
c3a69f_2024-11,c3a69f,2024-11,0.5
894378_2023-03,894378,2023-03,0.5
8ec563_2022-02,8ec563,2022-02,0.5
e361b7_2025-02,e361b7,2025-02,0.5
3db670_2025-02,3db670,2025-02,0.5
3a13b3_2020-05,3a13b3,2020-05,0.5
c5816f_2021-12,c5816f,2021-12,0.5
fd589c_2021-11,fd589c,2021-11,0.5
c3a69f_2024-12,c3a69f,2024-12,0.5
1bdb97_2024-12,1bdb97,2024-12,0.5
894378_2023-08,894378,2023-08,0.5
19fa84_2022-08,19fa84,2022-08,0.5
19fa84_2024-10,19fa84,2024-10,0.5
7a007d_2025-02,7a007d,2025-02,0.5
8ec563_2023-09,8ec563,2023-09,0.5
c3a69f_2023-10,c3a69f,2023-10,0.5
894378_2019-05,894378,2019-05,0.5
e4bc80_2023-04,e4bc80,2023-04,0.5
e4bc80_2024-04,e4bc80,2024-04,0.5
8fabe0_2022-01,8fabe0,2022-01,0.5
894378_2024-02,894378,2024-02,0.5
e361b7_2020-03,e361b7,2020-03,0.5
c3a69f_2018-02,c3a69f,2018-02,0.5
e4bc80_2023-02,e4bc80,2023-02,0.5
8ec563_2022-10,8ec563,2022-10,0.5
b1de95_2020-11,b1de95,2020-11,0.5
894378_2024-06,894378,2024-06,0.5
fd589c_2022-06,fd589c,2022-06,0.5
fd589c_2024-06,fd589c,2024-06,0.5
e361b7_2024-09,e361b7,2024-09,0.5
e4bc80_2023-06,e4bc80,2023-06,0.5
14fe3a_2015-11,14fe3a,2015-11,0.5
bf6f0d_2016-08,bf6f0d,2016-08,0.5
db5006_2015-08,db5006,2015-08,0.5
98a151_2015-12,98a151,2015-12,0.5
bf6f0d_2023-12,bf6f0d,2023-12,0.5
db4cd8_2015-05,db4cd8,2015-05,0.5
db4cd8_2020-01,db4cd8,2020-01,0.5
14fe3a_2017-09,14fe3a,2017-09,0.5
14fe3a_2017-10,14fe3a,2017-10,0.5
cd0e60_2019-09,cd0e60,2019-09,0.5
d59611_2017-08,d59611,2017-08,0.5
259a19_2015-06,259a19,2015-06,0.5
4f2b6b_2025-01,4f2b6b,2025-01,0.5
bf6f0d_2016-09,bf6f0d,2016-09,0.5
cd0e60_2020-10,cd0e60,2020-10,0.5
cd0e60_2022-05,cd0e60,2022-05,0.5
f1543b_2025-06,f1543b,2025-06,0.5
022433_2021-05,022433,2021-05,0.5
293190_2019-01,293190,2019-01,0.5
7aa803_2017-04,7aa803,2017-04,0.5
f1543b_2024-07,f1543b,2024-07,0.5
022433_2021-06,022433,2021-06,0.5
7aa803_2019-09,7aa803,2019-09,0.5
7bf5c9_2024-12,7bf5c9,2024-12,0.5
f1543b_2014-07,f1543b,2014-07,0.5
f1543b_2024-12,f1543b,2024-12,0.5
2ab8ad_2021-02,2ab8ad,2021-02,0.5
f1543b_2017-12,f1543b,2017-12,0.5
f1543b_2022-05,f1543b,2022-05,0.5
dc4b5e_2019-05,dc4b5e,2019-05,0.5
e2e0ce_2022-11,e2e0ce,2022-11,0.5
2ab8ad_2024-09,2ab8ad,2024-09,0.5
022433_2020-12,022433,2020-12,0.5
293190_2016-09,293190,2016-09,0.5
74fb1f_2021-08,74fb1f,2021-08,0.5
9b46ed_2023-07,9b46ed,2023-07,0.5
f1543b_2014-05,f1543b,2014-05,0.5
293190_2019-08,293190,2019-08,0.5
c5df88_2022-11,c5df88,2022-11,0.5
f1543b_2022-08,f1543b,2022-08,0.5
7bf5c9_2022-12,7bf5c9,2022-12,0.5
7aa803_2020-06,7aa803,2020-06,0.5
7aa803_2023-07,7aa803,2023-07,0.5
9b46ed_2023-12,9b46ed,2023-12,0.5
293190_2016-06,293190,2016-06,0.5
f1543b_2014-09,f1543b,2014-09,0.5
e2e0ce_2020-02,e2e0ce,2020-02,0.5
74fb1f_2020-04,74fb1f,2020-04,0.5
2ab8ad_2019-08,2ab8ad,2019-08,0.5
74fb1f_2017-06,74fb1f,2017-06,0.5
74fb1f_2018-05,74fb1f,2018-05,0.5
f1543b_2016-05,f1543b,2016-05,0.5
f1543b_2024-04,f1543b,2024-04,0.5
f500c5_2014-03,f500c5,2014-03,0.5
a42d13_2017-11,a42d13,2017-11,0.5
6224d0_2017-06,6224d0,2017-06,0.5
77e86b_2025-02,77e86b,2025-02,0.5
94f933_2024-06,94f933,2024-06,0.5
c3a69f_2023-08,c3a69f,2023-08,0.5
94f933_2024-09,94f933,2024-09,0.5
18defd_2024-11,18defd,2024-11,0.5
94f933_2024-01,94f933,2024-01,0.5
948a11_2025-04,948a11,2025-04,0.5
948a11_2024-12,948a11,2024-12,0.5
7aa803_2018-04,7aa803,2018-04,0.5
f1543b_2018-09,f1543b,2018-09,0.5
c5df88_2018-05,c5df88,2018-05,0.5
29849f_2017-02,29849f,2017-02,0.5
c580aa_2023-11,c580aa,2023-11,0.5
293190_2019-12,293190,2019-12,0.5
e7a56d_2014-10,e7a56d,2014-10,0.5
829a72_2022-04,829a72,2022-04,0.5
74b7d1_2023-05,74b7d1,2023-05,0.5
829a72_2017-10,829a72,2017-10,0.5
e3af0e_2023-08,e3af0e,2023-08,0.5
cd0e60_2021-12,cd0e60,2021-12,0.5
74b7d1_2022-06,74b7d1,2022-06,0.5
2ed4f9_2025-07,2ed4f9,2025-07,0.5
60a0fd_2024-05,60a0fd,2024-05,0.5
cd0e60_2023-05,cd0e60,2023-05,0.5
7bf5c9_2015-05,7bf5c9,2015-05,0.5
7bf5c9_2018-10,7bf5c9,2018-10,0.5
b1de95_2017-06,b1de95,2017-06,0.5
e3af0e_2021-02,e3af0e,2021-02,0.5
7bf5c9_2026-03,7bf5c9,2026-03,0.5
60a0fd_2021-05,60a0fd,2021-05,0.5
e3af0e_2025-08,e3af0e,2025-08,0.5
0874ee_2017-02,0874ee,2017-02,0.5
98a151_2017-09,98a151,2017-09,0.5
c48018_2015-07,c48018,2015-07,0.5
6da35b_2024-02,6da35b,2024-02,0.5
98a151_2022-02,98a151,2022-02,0.5
6da35b_2024-10,6da35b,2024-10,0.5
7e646c_2023-10,7e646c,2023-10,0.5
6da35b_2025-05,6da35b,2025-05,0.5
98a151_2023-11,98a151,2023-11,0.5
77e86b_2022-05,77e86b,2022-05,0.5
e3af0e_2018-12,e3af0e,2018-12,0.5
6da35b_2025-01,6da35b,2025-01,0.5
5ecf9b_2022-10,5ecf9b,2022-10,0.5
829a72_2017-04,829a72,2017-04,0.5
829a72_2017-07,829a72,2017-07,0.5
829a72_2022-02,829a72,2022-02,0.5
6da35b_2023-04,6da35b,2023-04,0.5
60a0fd_2021-09,60a0fd,2021-09,0.5
7e646c_2024-01,7e646c,2024-01,0.5
98a151_2016-11,98a151,2016-11,0.5
60a0fd_2023-03,60a0fd,2023-03,0.5
e3af0e_2021-11,e3af0e,2021-11,0.5
6da35b_2024-08,6da35b,2024-08,0.5
7e646c_2023-09,7e646c,2023-09,0.5
b644ac_2024-02,b644ac,2024-02,0.5
7bf5c9_2025-12,7bf5c9,2025-12,0.5
7bf5c9_2025-01,7bf5c9,2025-01,0.5
7bf5c9_2025-02,7bf5c9,2025-02,0.5
77e86b_2025-06,77e86b,2025-06,0.5
e3af0e_2022-02,e3af0e,2022-02,0.5
98a151_2020-03,98a151,2020-03,0.5
6da35b_2024-03,6da35b,2024-03,0.5
98a151_2018-06,98a151,2018-06,0.5
829a72_2022-06,829a72,2022-06,0.5
e3af0e_2019-10,e3af0e,2019-10,0.5
e3af0e_2021-05,e3af0e,2021-05,0.5
19fa84_2015-12,19fa84,2015-12,0.5
6da35b_2023-02,6da35b,2023-02,0.5
7bf5c9_2016-09,7bf5c9,2016-09,0.5
19fa84_2016-01,19fa84,2016-01,0.5
7bf5c9_2022-06,7bf5c9,2022-06,0.5
c5df88_2019-11,c5df88,2019-11,0.5
6224d0_2020-04,6224d0,2020-04,0.5
6224d0_2020-06,6224d0,2020-06,0.5
2ab8ad_2015-08,2ab8ad,2015-08,0.5
8d0588_2024-09,8d0588,2024-09,0.5
b0ff51_2015-04,b0ff51,2015-04,0.5
b0ff51_2022-12,b0ff51,2022-12,0.5
b0ff51_2023-12,b0ff51,2023-12,0.5
8d0588_2017-10,8d0588,2017-10,0.5
b59bc0_2017-04,b59bc0,2017-04,0.5
2ab8ad_2016-01,2ab8ad,2016-01,0.5
8d0588_2014-06,8d0588,2014-06,0.5
b59bc0_2014-06,b59bc0,2014-06,0.5
b59bc0_2019-01,b59bc0,2019-01,0.5
b59bc0_2020-01,b59bc0,2020-01,0.5
b0ff51_2016-04,b0ff51,2016-04,0.5
b0ff51_2025-04,b0ff51,2025-04,0.5
8d0588_2024-10,8d0588,2024-10,0.5
b59bc0_2014-07,b59bc0,2014-07,0.5
8d0588_2017-03,8d0588,2017-03,0.5
8d0588_2015-03,8d0588,2015-03,0.5
8d0588_2022-09,8d0588,2022-09,0.5
b0ff51_2020-08,b0ff51,2020-08,0.5
b59bc0_2023-02,b59bc0,2023-02,0.5
b0ff51_2014-10,b0ff51,2014-10,0.5
b0ff51_2024-01,b0ff51,2024-01,0.5
8d0588_2021-04,8d0588,2021-04,0.5
f1543b_2017-03,f1543b,2017-03,0.5
77e86b_2019-10,77e86b,2019-10,0.5
b0ff51_2021-11,b0ff51,2021-11,0.5
8d0588_2022-11,8d0588,2022-11,0.5
b59bc0_2014-03,b59bc0,2014-03,0.5
b59bc0_2022-12,b59bc0,2022-12,0.5
b0ff51_2021-05,b0ff51,2021-05,0.5
b59bc0_2015-01,b59bc0,2015-01,0.5
b0ff51_2024-09,b0ff51,2024-09,0.5
b59bc0_2019-08,b59bc0,2019-08,0.5
b59bc0_2019-11,b59bc0,2019-11,0.5
8d0588_2017-05,8d0588,2017-05,0.5
8d0588_2021-09,8d0588,2021-09,0.5
b0ff51_2017-03,b0ff51,2017-03,0.5
b59bc0_2018-04,b59bc0,2018-04,0.5
b59bc0_2025-05,b59bc0,2025-05,0.5
b0ff51_2022-05,b0ff51,2022-05,0.5
b0ff51_2025-06,b0ff51,2025-06,0.5
829a72_2015-10,829a72,2015-10,0.5
98a151_2015-09,98a151,2015-09,0.5
b08ec1_2016-03,b08ec1,2016-03,0.5
b416b1_2017-02,b416b1,2017-02,0.5
77e86b_2018-08,77e86b,2018-08,0.5
545d15_2023-01,545d15,2023-01,0.5
ab32d7_2024-08,ab32d7,2024-08,0.5
6224d0_2015-09,6224d0,2015-09,0.5
74b7d1_2021-12,74b7d1,2021-12,0.5
c580aa_2020-01,c580aa,2020-01,0.5
ab32d7_2023-08,ab32d7,2023-08,0.5
9b3bd5_2025-01,9b3bd5,2025-01,0.5
545d15_2025-11,545d15,2025-11,0.5
545d15_2022-07,545d15,2022-07,0.5
ab32d7_2022-07,ab32d7,2022-07,0.5
5ecf9b_2024-07,5ecf9b,2024-07,0.5
c580aa_2017-02,c580aa,2017-02,0.5
ab32d7_2023-09,ab32d7,2023-09,0.5
545d15_2024-07,545d15,2024-07,0.5
545d15_2024-10,545d15,2024-10,0.5
545d15_2025-10,545d15,2025-10,0.5
ab32d7_2023-06,ab32d7,2023-06,0.5
8b98f3_2022-12,8b98f3,2022-12,0.5
545d15_2022-12,545d15,2022-12,0.5
545d15_2023-06,545d15,2023-06,0.5
4f2b6b_2023-01,4f2b6b,2023-01,0.5
0cecbd_2021-11,0cecbd,2021-11,0.5
7a007d_2018-07,7a007d,2018-07,0.5
4718d7_2020-11,4718d7,2020-11,0.5
74b7d1_2020-04,74b7d1,2020-04,0.5
8b98f3_2022-11,8b98f3,2022-11,0.5
74b7d1_2020-11,74b7d1,2020-11,0.5
5ecf9b_2025-06,5ecf9b,2025-06,0.5
ab32d7_2023-10,ab32d7,2023-10,0.5
5ecf9b_2024-03,5ecf9b,2024-03,0.5
8b98f3_2022-09,8b98f3,2022-09,0.5
8b98f3_2023-10,8b98f3,2023-10,0.5
ab32d7_2023-03,ab32d7,2023-03,0.5
77e86b_2015-02,77e86b,2015-02,0.5
259a19_2017-05,259a19,2017-05,0.5
948a11_2024-03,948a11,2024-03,0.5
1698cf_2021-02,1698cf,2021-02,0.5
6f5e2b_2014-10,6f5e2b,2014-10,0.5
e361b7_2015-03,e361b7,2015-03,0.5
b73bc7_2017-04,b73bc7,2017-04,0.5
b73bc7_2023-05,b73bc7,2023-05,0.5
fd589c_2015-06,fd589c,2015-06,0.5
894378_2021-06,894378,2021-06,0.5
8ec563_2016-07,8ec563,2016-07,0.5
e4bc80_2021-06,e4bc80,2021-06,0.5
894378_2018-05,894378,2018-05,0.5
19fa84_2017-06,19fa84,2017-06,0.5
c580aa_2016-02,c580aa,2016-02,0.5
3db670_2022-02,3db670,2022-02,0.5
3db670_2018-11,3db670,2018-11,0.5
19fa84_2017-02,19fa84,2017-02,0.5
19fa84_2022-02,19fa84,2022-02,0.5
06534f_2022-06,06534f,2022-06,0.5
e361b7_2019-02,e361b7,2019-02,0.5
3a13b3_2023-09,3a13b3,2023-09,0.5
8ec563_2019-05,8ec563,2019-05,0.5
06534f_2017-11,06534f,2017-11,0.5
fd589c_2016-02,fd589c,2016-02,0.5
e361b7_2018-03,e361b7,2018-03,0.5
e361b7_2019-01,e361b7,2019-01,0.5
e4bc80_2019-01,e4bc80,2019-01,0.5
19fa84_2015-04,19fa84,2015-04,0.5
3a13b3_2023-03,3a13b3,2023-03,0.5
e361b7_2018-10,e361b7,2018-10,0.5
1bdb97_2024-03,1bdb97,2024-03,0.5
3a13b3_2022-07,3a13b3,2022-07,0.5
b73bc7_2015-07,b73bc7,2015-07,0.5
b73bc7_2020-10,b73bc7,2020-10,0.5
e361b7_2019-12,e361b7,2019-12,0.5
c5816f_2024-02,c5816f,2024-02,0.5
8ec563_2018-12,8ec563,2018-12,0.5
8ec563_2020-01,8ec563,2020-01,0.5
c5816f_2018-03,c5816f,2018-03,0.5
fd589c_2014-06,fd589c,2014-06,0.5
894378_2021-07,894378,2021-07,0.5
74b7d1_2019-05,74b7d1,2019-05,0.5
3a13b3_2024-06,3a13b3,2024-06,0.5
19fa84_2016-05,19fa84,2016-05,0.5
3a13b3_2025-03,3a13b3,2025-03,0.5
c580aa_2025-01,c580aa,2025-01,0.5
3db670_2024-12,3db670,2024-12,0.5
b1de95_2021-04,b1de95,2021-04,0.5
b1de95_2022-06,b1de95,2022-06,0.5
e361b7_2016-02,e361b7,2016-02,0.5
0874ee_2014-06,0874ee,2014-06,0.5
b73bc7_2023-07,b73bc7,2023-07,0.5
3db670_2018-07,3db670,2018-07,0.5
fd589c_2016-01,fd589c,2016-01,0.5
e4bc80_2019-06,e4bc80,2019-06,0.5
894378_2019-07,894378,2019-07,0.5
3db670_2015-08,3db670,2015-08,0.5
3db670_2025-09,3db670,2025-09,0.5
894378_2025-03,894378,2025-03,0.5
3db670_2015-09,3db670,2015-09,0.5
b1de95_2022-11,b1de95,2022-11,0.5
3a13b3_2016-08,3a13b3,2016-08,0.5
3db670_2018-09,3db670,2018-09,0.5
e361b7_2020-04,e361b7,2020-04,0.5
06534f_2014-12,06534f,2014-12,0.5
8ec563_2019-04,8ec563,2019-04,0.5
c580aa_2016-06,c580aa,2016-06,0.5
19fa84_2019-05,19fa84,2019-05,0.5
3a13b3_2021-02,3a13b3,2021-02,0.5
3a13b3_2024-07,3a13b3,2024-07,0.5
c580aa_2025-06,c580aa,2025-06,0.5
06534f_2021-07,06534f,2021-07,0.5
e361b7_2017-05,e361b7,2017-05,0.5
e4bc80_2018-01,e4bc80,2018-01,0.5
894378_2018-01,894378,2018-01,0.5
894378_2019-02,894378,2019-02,0.5
06534f_2022-09,06534f,2022-09,0.5
0e8d73_2025-09,0e8d73,2025-09,0.5
19fa84_2019-10,19fa84,2019-10,0.5
d59611_2022-02,d59611,2022-02,0.5
4f2b6b_2024-02,4f2b6b,2024-02,0.5
c3a69f_2015-04,c3a69f,2015-04,0.5
c3a69f_2018-05,c3a69f,2018-05,0.5
a25664_2017-11,a25664,2017-11,0.5
74b7d1_2018-11,74b7d1,2018-11,0.5
98a151_2018-09,98a151,2018-09,0.5
2ab8ad_2019-07,2ab8ad,2019-07,0.5
98a151_2023-01,98a151,2023-01,0.5
98a151_2017-04,98a151,2017-04,0.5
60a0fd_2022-09,60a0fd,2022-09,0.5
a42d13_2014-07,a42d13,2014-07,0.5
06534f_2018-07,06534f,2018-07,0.5
77e86b_2017-04,77e86b,2017-04,0.5
06534f_2018-09,06534f,2018-09,0.5
0874ee_2022-01,0874ee,2022-01,0.5
0874ee_2020-01,0874ee,2020-01,0.5
259a19_2016-11,259a19,2016-11,0.5
b1de95_2016-05,b1de95,2016-05,0.5
74fb1f_2017-12,74fb1f,2017-12,0.5
293190_2018-09,293190,2018-09,0.5
8ec563_2015-10,8ec563,2015-10,0.5
293190_2017-01,293190,2017-01,0.5
293190_2017-04,293190,2017-04,0.5
e2e0ce_2015-06,e2e0ce,2015-06,0.5
7aa803_2017-07,7aa803,2017-07,0.5
b1de95_2016-07,b1de95,2016-07,0.5
2ab8ad_2017-06,2ab8ad,2017-06,0.5
c580aa_2016-03,c580aa,2016-03,0.5
6f5e2b_2017-10,6f5e2b,2017-10,0.5
e7a56d_2015-01,e7a56d,2015-01,0.5
e7a56d_2017-05,e7a56d,2017-05,0.5
c48018_2020-10,c48018,2020-10,0.5
e7a56d_2018-10,e7a56d,2018-10,0.5
0874ee_2020-10,0874ee,2020-10,0.5
987bc1_2020-06,987bc1,2020-06,0.5
0874ee_2017-07,0874ee,2017-07,0.5
c48018_2016-10,c48018,2016-10,0.5
c48018_2023-02,c48018,2023-02,0.5
b1de95_2018-10,b1de95,2018-10,0.5
e7a56d_2018-11,e7a56d,2018-11,0.5
7aa803_2018-03,7aa803,2018-03,0.5
175155_2020-06,175155,2020-06,0.5
18defd_2022-05,18defd,2022-05,0.5
c48018_2022-11,c48018,2022-11,0.5
18defd_2020-11,18defd,2020-11,0.5
18defd_2021-05,18defd,2021-05,0.5
18defd_2021-07,18defd,2021-07,0.5
987bc1_2021-02,987bc1,2021-02,0.5
18defd_2016-08,18defd,2016-08,0.5
c48018_2016-04,c48018,2016-04,0.5
c48018_2022-04,c48018,2022-04,0.5
5a0174_2017-06,5a0174,2017-06,0.5
4718d7_2015-04,4718d7,2015-04,0.5
c48018_2020-12,c48018,2020-12,0.5
bc4c03_2017-07,bc4c03,2017-07,0.5
e7a56d_2020-06,e7a56d,2020-06,0.5
259a19_2018-09,259a19,2018-09,0.5
d59611_2016-08,d59611,2016-08,0.5
c48018_2021-11,c48018,2021-11,0.5
1822ea_2016-01,1822ea,2016-01,0.5
a25664_2021-02,a25664,2021-02,0.5
c48018_2021-08,c48018,2021-08,0.5
d59611_2015-08,d59611,2015-08,0.5
1698cf_2018-10,1698cf,2018-10,0.5
c3a69f_2019-10,c3a69f,2019-10,0.5
c3a69f_2019-05,c3a69f,2019-05,0.5
c3a69f_2019-08,c3a69f,2019-08,0.5
c580aa_2015-09,c580aa,2015-09,0.5
439fde_2017-02,439fde,2017-02,0.5
4718d7_2021-06,4718d7,2021-06,0.5
87cfea_2022-06,87cfea,2022-06,0.5
83894c_2022-02,83894c,2022-02,0.5
34889b_2016-05,34889b,2016-05,0.5
83894c_2019-07,83894c,2019-07,0.5
5a0174_2015-05,5a0174,2015-05,0.5
e3af0e_2014-03,e3af0e,2014-03,0.5
83894c_2020-12,83894c,2020-12,0.5
e3af0e_2015-07,e3af0e,2015-07,0.5
5a0174_2020-06,5a0174,2020-06,0.5
87cfea_2024-01,87cfea,2024-01,0.5
99c11c_2022-01,99c11c,2022-01,0.5
90abb1_2016-10,90abb1,2016-10,0.5
77b3b9_2017-05,77b3b9,2017-05,0.5
6f5e2b_2017-05,6f5e2b,2017-05,0.5
99c11c_2022-04,99c11c,2022-04,0.5
83894c_2020-11,83894c,2020-11,0.5
99c11c_2023-07,99c11c,2023-07,0.5
98a151_2016-02,98a151,2016-02,0.5
829a72_2021-07,829a72,2021-07,0.5
e3af0e_2016-04,e3af0e,2016-04,0.5
6f5e2b_2017-09,6f5e2b,2017-09,0.5
f461d4_2021-05,f461d4,2021-05,0.5
99c11c_2020-03,99c11c,2020-03,0.5
60a0fd_2015-07,60a0fd,2015-07,0.5
175155_2016-02,175155,2016-02,0.5
8fabe0_2018-10,8fabe0,2018-10,0.5
8fabe0_2025-09,8fabe0,2025-09,0.5
83894c_2024-11,83894c,2024-11,0.5
6f5e2b_2018-09,6f5e2b,2018-09,0.5
db4cd8_2017-11,db4cd8,2017-11,0.5
8fabe0_2020-05,8fabe0,2020-05,0.5
f461d4_2016-12,f461d4,2016-12,0.5
829a72_2021-05,829a72,2021-05,0.5
175155_2016-04,175155,2016-04,0.5
1698cf_2025-09,1698cf,2025-09,0.5
5a0174_2016-03,5a0174,2016-03,0.5
8fabe0_2016-10,8fabe0,2016-10,0.5
8fabe0_2017-03,8fabe0,2017-03,0.5
259a19_2017-01,259a19,2017-01,0.5
fd589c_2017-04,fd589c,2017-04,0.5
e3af0e_2017-11,e3af0e,2017-11,0.5
829a72_2015-07,829a72,2015-07,0.5
f461d4_2020-04,f461d4,2020-04,0.5
d59611_2016-04,d59611,2016-04,0.5
87cfea_2019-07,87cfea,2019-07,0.5
175155_2015-12,175155,2015-12,0.5
e7a56d_2016-02,e7a56d,2016-02,0.5
14fe3a_2020-04,14fe3a,2020-04,0.5
e427f8_2022-06,e427f8,2022-06,0.5
d86999_2024-05,d86999,2024-05,0.5
29849f_2022-03,29849f,2022-03,0.5
8ec563_2018-09,8ec563,2018-09,0.5
77c35f_2022-07,77c35f,2022-07,0.5
e427f8_2022-02,e427f8,2022-02,0.5
f461d4_2017-12,f461d4,2017-12,0.5
88a9a6_2015-10,88a9a6,2015-10,0.5
14fe3a_2021-02,14fe3a,2021-02,0.5
e4bc80_2016-10,e4bc80,2016-10,0.5
1bdb97_2025-01,1bdb97,2025-01,0.5
e4bc80_2016-07,e4bc80,2016-07,0.5
e4bc80_2017-01,e4bc80,2017-01,0.5
d86999_2024-11,d86999,2024-11,0.5
d86999_2023-02,d86999,2023-02,0.5
14fe3a_2020-09,14fe3a,2020-09,0.5
8ec563_2016-04,8ec563,2016-04,0.5
894378_2017-12,894378,2017-12,0.5
e4bc80_2017-02,e4bc80,2017-02,0.5
8ec563_2016-01,8ec563,2016-01,0.5
14fe3a_2020-07,14fe3a,2020-07,0.5
c3a69f_2019-03,c3a69f,2019-03,0.5
c3a69f_2020-03,c3a69f,2020-03,0.5
439fde_2018-12,439fde,2018-12,0.5
bf6f0d_2017-04,bf6f0d,2017-04,0.5
0f9e86_2020-06,0f9e86,2020-06,0.5
60a0fd_2018-08,60a0fd,2018-08,0.5
98a151_2020-08,98a151,2020-08,0.5
829a72_2018-08,829a72,2018-08,0.5
439fde_2016-05,439fde,2016-05,0.5
77e86b_2018-07,77e86b,2018-07,0.5
9af74c_2021-01,9af74c,2021-01,0.5
375f2e_2016-09,375f2e,2016-09,0.5
bc4c03_2015-07,bc4c03,2015-07,0.5
bc4c03_2017-03,bc4c03,2017-03,0.5
77b3b9_2015-06,77b3b9,2015-06,0.5
90abb1_2015-05,90abb1,2015-05,0.5
9af74c_2017-08,9af74c,2017-08,0.5
92dcdd_2020-06,92dcdd,2020-06,0.5
3a13b3_2021-12,3a13b3,2021-12,0.5
77b3b9_2016-03,77b3b9,2016-03,0.5
c3a69f_2021-12,c3a69f,2021-12,0.5
439fde_2022-12,439fde,2022-12,0.5
439fde_2022-04,439fde,2022-04,0.5
87cfea_2021-07,87cfea,2021-07,0.5
87cfea_2023-10,87cfea,2023-10,0.5
99c11c_2024-05,99c11c,2024-05,0.5
83894c_2019-02,83894c,2019-02,0.5
87cfea_2023-12,87cfea,2023-12,0.5
439fde_2024-01,439fde,2024-01,0.5
87cfea_2017-07,87cfea,2017-07,0.5
87cfea_2023-06,87cfea,2023-06,0.5
87cfea_2025-07,87cfea,2025-07,0.5
c3a69f_2020-12,c3a69f,2020-12,0.5
439fde_2017-04,439fde,2017-04,0.5
99c11c_2023-04,99c11c,2023-04,0.5
c3a69f_2015-05,c3a69f,2015-05,0.5
87cfea_2022-11,87cfea,2022-11,0.5
87cfea_2023-11,87cfea,2023-11,0.5
99c11c_2021-09,99c11c,2021-09,0.5
99c11c_2022-11,99c11c,2022-11,0.5
c3a69f_2015-07,c3a69f,2015-07,0.5
c3a69f_2020-05,c3a69f,2020-05,0.5
83894c_2019-12,83894c,2019-12,0.5
87cfea_2024-10,87cfea,2024-10,0.5
87cfea_2025-05,87cfea,2025-05,0.5
83894c_2022-01,83894c,2022-01,0.5
87cfea_2023-09,87cfea,2023-09,0.5
99c11c_2019-11,99c11c,2019-11,0.5
87cfea_2022-02,87cfea,2022-02,0.5
83894c_2018-07,83894c,2018-07,0.5
439fde_2017-01,439fde,2017-01,0.5
99c11c_2021-10,99c11c,2021-10,0.5
99c11c_2017-02,99c11c,2017-02,0.5
439fde_2016-10,439fde,2016-10,0.5
83894c_2021-05,83894c,2021-05,0.5
87cfea_2021-04,87cfea,2021-04,0.5
439fde_2020-10,439fde,2020-10,0.5
83894c_2021-06,83894c,2021-06,0.5
99c11c_2023-06,99c11c,2023-06,0.5
34889b_2015-06,34889b,2015-06,0.5
a25664_2017-06,a25664,2017-06,0.5
34889b_2018-11,34889b,2018-11,0.5
34889b_2015-05,34889b,2015-05,0.5
7199cf_2023-06,7199cf,2023-06,0.5
34889b_2017-05,34889b,2017-05,0.5
87cfea_2020-01,87cfea,2020-01,0.5
29849f_2021-10,29849f,2021-10,0.5
f4604d_2017-11,f4604d,2017-11,0.5
29849f_2021-03,29849f,2021-03,0.5
d59611_2018-09,d59611,2018-09,0.5
29849f_2020-07,29849f,2020-07,0.5
29849f_2021-06,29849f,2021-06,0.5
29849f_2021-08,29849f,2021-08,0.5
7aa803_2016-03,7aa803,2016-03,0.5
7aa803_2017-09,7aa803,2017-09,0.5
f4604d_2018-07,f4604d,2018-07,0.5
bf6f0d_2014-11,bf6f0d,2014-11,0.5
531356_2020-12,531356,2020-12,0.5
77b3b9_2016-12,77b3b9,2016-12,0.5
29849f_2015-05,29849f,2015-05,0.5
06534f_2020-10,06534f,2020-10,0.5
3a13b3_2022-06,3a13b3,2022-06,0.5
a42d13_2016-10,a42d13,2016-10,0.5
3a13b3_2022-05,3a13b3,2022-05,0.5
c580aa_2021-01,c580aa,2021-01,0.5
88a9a6_2018-11,88a9a6,2018-11,0.5
0cecbd_2015-11,0cecbd,2015-11,0.5
948a11_2025-01,948a11,2025-01,0.5
06534f_2020-08,06534f,2020-08,0.5
a42d13_2016-08,a42d13,2016-08,0.5
c580aa_2021-05,c580aa,2021-05,0.5
8d0588_2015-12,8d0588,2015-12,0.5
87cfea_2016-10,87cfea,2016-10,0.5
af81b0_2018-08,af81b0,2018-08,0.5
87cfea_2016-07,87cfea,2016-07,0.5
fc2511_2025-06,fc2511,2025-06,0.5
74b7d1_2016-07,74b7d1,2016-07,0.5
77e86b_2016-10,77e86b,2016-10,0.5
77e86b_2016-08,77e86b,2016-08,0.5
88a9a6_2015-11,88a9a6,2015-11,0.5
87cfea_2018-04,87cfea,2018-04,0.5
bf6f0d_2020-06,bf6f0d,2020-06,0.5
6224d0_2016-07,6224d0,2016-07,0.5
5a0174_2021-04,5a0174,2021-04,0.5
90abb1_2018-08,90abb1,2018-08,0.5
5a0174_2021-03,5a0174,2021-03,0.5
87cfea_2018-10,87cfea,2018-10,0.5
87cfea_2018-03,87cfea,2018-03,0.5
af81b0_2020-07,af81b0,2020-07,0.5
af81b0_2016-04,af81b0,2016-04,0.5
4fb2d3_2016-05,4fb2d3,2016-05,0.5
af81b0_2016-06,af81b0,2016-06,0.5
bc4c03_2020-06,bc4c03,2020-06,0.5
af81b0_2020-04,af81b0,2020-04,0.5
b416b1_2016-04,b416b1,2016-04,0.5
fb34b4_2022-10,fb34b4,2022-10,0.5
af81b0_2016-09,af81b0,2016-09,0.5
77b3b9_2018-08,77b3b9,2018-08,0.5
e2e0ce_2017-12,e2e0ce,2017-12,0.5
cd0e60_2024-02,cd0e60,2024-02,0.5
7aa803_2016-06,7aa803,2016-06,0.5
cd0e60_2025-07,cd0e60,2025-07,0.5
6c1954_2019-05,6c1954,2019-05,0.5
8005b9_2015-12,8005b9,2015-12,0.5
34889b_2021-06,34889b,2021-06,0.5
c5df88_2015-08,c5df88,2015-08,0.5
f4604d_2015-09,f4604d,2015-09,0.5
fc77d0_2016-11,fc77d0,2016-11,0.5
c5df88_2017-09,c5df88,2017-09,0.5
fc77d0_2016-10,fc77d0,2016-10,0.5
fc77d0_2017-01,fc77d0,2017-01,0.5
fd589c_2018-10,fd589c,2018-10,0.5
0874ee_2016-12,0874ee,2016-12,0.5
1698cf_2016-04,1698cf,2016-04,0.5
293190_2017-10,293190,2017-10,0.5
c5df88_2017-07,c5df88,2017-07,0.5
9b46ed_2025-09,9b46ed,2025-09,0.5
9b46ed_2017-11,9b46ed,2017-11,0.5
34889b_2017-12,34889b,2017-12,0.5
b08ec1_2016-07,b08ec1,2016-07,0.5
b08ec1_2017-10,b08ec1,2017-10,0.5
7aa803_2018-11,7aa803,2018-11,0.5
dc4b5e_2021-04,dc4b5e,2021-04,0.5
b08ec1_2021-01,b08ec1,2021-01,0.5
0cecbd_2016-08,0cecbd,2016-08,0.5
99c11c_2018-12,99c11c,2018-12,0.5
99c11c_2025-06,99c11c,2025-06,0.5
fc77d0_2016-04,fc77d0,2016-04,0.5
b1de95_2017-03,b1de95,2017-03,0.5
fc77d0_2016-03,fc77d0,2016-03,0.5
99c11c_2019-05,99c11c,2019-05,0.5
99c11c_2025-03,99c11c,2025-03,0.5
a97df3_2020-10,a97df3,2020-10,0.5
87cfea_2017-10,87cfea,2017-10,0.5
99c11c_2018-08,99c11c,2018-08,0.5
894378_2017-10,894378,2017-10,0.5
74b7d1_2016-04,74b7d1,2016-04,0.5
b1de95_2017-12,b1de95,2017-12,0.5
dc4b5e_2020-04,dc4b5e,2020-04,0.5
99c11c_2025-04,99c11c,2025-04,0.5
0cecbd_2016-11,0cecbd,2016-11,0.5
3a13b3_2018-09,3a13b3,2018-09,0.5
829a72_2018-09,829a72,2018-09,0.5
8ec563_2020-06,8ec563,2020-06,0.5
b0ff51_2015-12,b0ff51,2015-12,0.5
829a72_2015-11,829a72,2015-11,0.5
af81b0_2022-05,af81b0,2022-05,0.5
af81b0_2021-08,af81b0,2021-08,0.5
af81b0_2021-01,af81b0,2021-01,0.5
af81b0_2022-01,af81b0,2022-01,0.5
60a0fd_2015-09,60a0fd,2015-09,0.5
fc77d0_2017-09,fc77d0,2017-09,0.5
b1de95_2015-08,b1de95,2015-08,0.5
4fb2d3_2016-04,4fb2d3,2016-04,0.5
c5df88_2015-09,c5df88,2015-09,0.5
94f933_2023-02,94f933,2023-02,0.5
19fa84_2020-07,19fa84,2020-07,0.5
19fa84_2020-09,19fa84,2020-09,0.5
fd589c_2020-07,fd589c,2020-07,0.5
fd589c_2020-04,fd589c,2020-04,0.5
6c1954_2020-12,6c1954,2020-12,0.5
b416b1_2018-11,b416b1,2018-11,0.5
6c1954_2020-09,6c1954,2020-09,0.5
c5df88_2016-06,c5df88,2016-06,0.5
74fb1f_2018-07,74fb1f,2018-07,0.5
74fb1f_2017-08,74fb1f,2017-08,0.5
74fb1f_2015-05,74fb1f,2015-05,0.5
c5df88_2016-07,c5df88,2016-07,0.5
7aa803_2016-09,7aa803,2016-09,0.5
74fb1f_2015-11,74fb1f,2015-11,0.5
9b46ed_2015-07,9b46ed,2015-07,0.5
e2e0ce_2015-12,e2e0ce,2015-12,0.5
c5df88_2016-03,c5df88,2016-03,0.5
83894c_2020-05,83894c,2020-05,0.5
87cfea_2020-04,87cfea,2020-04,0.5
c5816f_2016-07,c5816f,2016-07,0.5
e4bc80_2020-05,e4bc80,2020-05,0.5
db4cd8_2017-09,db4cd8,2017-09,0.5
90abb1_2018-11,90abb1,2018-11,0.5
fd589c_2016-09,fd589c,2016-09,0.5
8ec563_2015-06,8ec563,2015-06,0.5
1698cf_2015-11,1698cf,2015-11,0.5
894378_2016-03,894378,2016-03,0.5
e4bc80_2017-03,e4bc80,2017-03,0.5
b0ff51_2016-10,b0ff51,2016-10,0.5
83894c_2016-09,83894c,2016-09,0.5
a42d13_2022-08,a42d13,2022-08,0.5
a42d13_2021-11,a42d13,2021-11,0.5
a42d13_2022-09,a42d13,2022-09,0.5
a25664_2017-01,a25664,2017-01,0.5
a42d13_2021-10,a42d13,2021-10,0.5
439fde_2017-07,439fde,2017-07,0.5
a25664_2016-06,a25664,2016-06,0.5
a42d13_2019-02,a42d13,2019-02,0.5
77e86b_2017-01,77e86b,2017-01,0.5
a42d13_2021-05,a42d13,2021-05,0.5
a42d13_2019-04,a42d13,2019-04,0.5
1b9e65_2018-07,1b9e65,2018-07,0.5
db5006_2016-04,db5006,2016-04,0.5
f4604d_2016-09,f4604d,2016-09,0.5
175155_2020-05,175155,2020-05,0.5
f4604d_2016-12,f4604d,2016-12,0.5
531356_2015-05,531356,2015-05,0.5
375f2e_2016-01,375f2e,2016-01,0.5
7a007d_2017-07,7a007d,2017-07,0.5
c5df88_2015-05,c5df88,2015-05,0.5
894378_2020-09,894378,2020-09,0.5
e361b7_2020-06,e361b7,2020-06,0.5
b73bc7_2016-04,b73bc7,2016-04,0.5
1822ea_2016-08,1822ea,2016-08,0.5
1b9e65_2015-05,1b9e65,2015-05,0.5
bf6f0d_2018-09,bf6f0d,2018-09,0.5
531356_2021-04,531356,2021-04,0.5
db5006_2021-09,db5006,2021-09,0.5
f4604d_2021-04,f4604d,2021-04,0.5
1b9e65_2016-04,1b9e65,2016-04,0.5
531356_2021-05,531356,2021-05,0.5
29849f_2015-08,29849f,2015-08,0.5
29849f_2018-08,29849f,2018-08,0.5
29849f_2016-04,29849f,2016-04,0.5
6f5e2b_2018-08,6f5e2b,2018-08,0.5
293190_2024-08,293190,2024-08,0.5
88a9a6_2016-03,88a9a6,2016-03,0.5
14fe3a_2018-11,14fe3a,2018-11,0.5
293190_2024-12,293190,2024-12,0.5
2ab8ad_2016-10,2ab8ad,2016-10,0.5
c5df88_2026-04,c5df88,2026-04,0.5
c5df88_2024-04,c5df88,2024-04,0.5
c5df88_2025-09,c5df88,2025-09,0.5
c5df88_2025-05,c5df88,2025-05,0.5
293190_2025-10,293190,2025-10,0.5
c5df88_2020-08,c5df88,2020-08,0.5
293190_2025-08,293190,2025-08,0.5
c5df88_2025-06,c5df88,2025-06,0.5
9b46ed_2016-11,9b46ed,2016-11,0.5
9b46ed_2016-03,9b46ed,2016-03,0.5
293190_2025-02,293190,2025-02,0.5
f4604d_2020-07,f4604d,2020-07,0.5
1996b0_2023-12,1996b0,2023-12,0.5
e3af0e_2018-07,e3af0e,2018-07,0.5
f4604d_2020-08,f4604d,2020-08,0.5
1996b0_2022-12,1996b0,2022-12,0.5
1996b0_2023-08,1996b0,2023-08,0.5
f4604d_2020-10,f4604d,2020-10,0.5
1996b0_2024-02,1996b0,2024-02,0.5
1996b0_2024-08,1996b0,2024-08,0.5
f4604d_2020-11,f4604d,2020-11,0.5
e361b7_2015-09,e361b7,2015-09,0.5
e83244_2025-09,e83244,2025-09,0.5
d86999_2020-04,d86999,2020-04,0.5
06534f_2015-12,06534f,2015-12,0.5
4718d7_2016-02,4718d7,2016-02,0.5
4718d7_2016-04,4718d7,2016-04,0.5
4718d7_2015-10,4718d7,2015-10,0.5
7a007d_2021-03,7a007d,2021-03,0.5
90abb1_2020-05,90abb1,2020-05,0.5
7a007d_2022-05,7a007d,2022-05,0.5
74b7d1_2017-01,74b7d1,2017-01,0.5
7a007d_2020-01,7a007d,2020-01,0.5
7a007d_2022-07,7a007d,2022-07,0.5
b08ec1_2015-08,b08ec1,2015-08,0.5
d59611_2016-03,d59611,2016-03,0.5
7a007d_2020-06,7a007d,2020-06,0.5
7a007d_2022-10,7a007d,2022-10,0.5
e7a56d_2016-08,e7a56d,2016-08,0.5
e7a56d_2016-07,e7a56d,2016-07,0.5
7a007d_2023-07,7a007d,2023-07,0.5
bf6f0d_2018-07,bf6f0d,2018-07,0.5
b59bc0_2015-05,b59bc0,2015-05,0.5
bf6f0d_2020-05,bf6f0d,2020-05,0.5
b0ff51_2015-05,b0ff51,2015-05,0.5
8d0588_2016-10,8d0588,2016-10,0.5
0cecbd_2017-11,0cecbd,2017-11,0.5
b0ff51_2015-09,b0ff51,2015-09,0.5
e60b65_2018-04,e60b65,2018-04,0.5
b416b1_2018-02,b416b1,2018-02,0.5
f461d4_2022-09,f461d4,2022-09,0.5
bc4c03_2024-04,bc4c03,2024-04,0.5
db4cd8_2023-02,db4cd8,2023-02,0.5
d59611_2021-08,d59611,2021-08,0.5
d59611_2023-04,d59611,2023-04,0.5
d59611_2025-03,d59611,2025-03,0.5
987bc1_2022-03,987bc1,2022-03,0.5
92dcdd_2020-01,92dcdd,2020-01,0.5
92dcdd_2023-03,92dcdd,2023-03,0.5
3db670_2025-01,3db670,2025-01,0.5
06534f_2016-11,06534f,2016-11,0.5
3a13b3_2014-07,3a13b3,2014-07,0.5
e2314a_2019-09,e2314a,2019-09,0.5
e2314a_2023-04,e2314a,2023-04,0.5
1b9e65_2024-03,1b9e65,2024-03,0.5
fb737b_2024-11,fb737b,2024-11,0.5
e60b65_2020-12,e60b65,2020-12,0.5
e60b65_2022-12,e60b65,2022-12,0.5
a25664_2025-01,a25664,2025-01,0.5
77b3b9_2023-07,77b3b9,2023-07,0.5
90abb1_2019-10,90abb1,2019-10,0.5
fc77d0_2018-01,fc77d0,2018-01,0.5
375f2e_2024-01,375f2e,2024-01,0.5
987bc1_2022-07,987bc1,2022-07,0.5
11f0e3_2018-12,11f0e3,2018-12,0.5
11f0e3_2021-01,11f0e3,2021-01,0.5
fc9334_2022-08,fc9334,2022-08,0.5
8bd3ce_2024-08,8bd3ce,2024-08,0.5
8bd3ce_2025-02,8bd3ce,2025-02,0.5
0f9e86_2021-07,0f9e86,2021-07,0.5
9cf1af_2024-10,9cf1af,2024-10,0.5
4718d7_2014-11,4718d7,2014-11,0.5
5a0174_2015-01,5a0174,2015-01,0.5
4ee2d2_2025-02,4ee2d2,2025-02,0.5
b416b1_2022-12,b416b1,2022-12,0.5
b416b1_2024-05,b416b1,2024-05,0.5
175155_2024-06,175155,2024-06,0.5
db4cd8_2024-04,db4cd8,2024-04,0.5
db4cd8_2018-05,db4cd8,2018-05,0.5
14fe3a_2018-04,14fe3a,2018-04,0.5
8005b9_2022-08,8005b9,2022-08,0.5
b08ec1_2014-08,b08ec1,2014-08,0.5
b08ec1_2023-05,b08ec1,2023-05,0.5
9af74c_2022-01,9af74c,2022-01,0.5
29849f_2019-12,29849f,2019-12,0.5
06534f_2025-03,06534f,2025-03,0.5
6224d0_2015-05,6224d0,2015-05,0.5
0874ee_2020-03,0874ee,2020-03,0.5
175155_2018-05,175155,2018-05,0.5
6838b9_2021-07,6838b9,2021-07,0.5
532867_2023-10,532867,2023-10,0.5
f25ffe_2023-07,f25ffe,2023-07,0.5
987bc1_2015-06,987bc1,2015-06,0.5
731908_2017-03,731908,2017-03,0.5
8fb6f0_2024-11,8fb6f0,2024-11,0.5
fb737b_2019-11,fb737b,2019-11,0.5
6838b9_2022-04,6838b9,2022-04,0.5
1698cf_2019-07,1698cf,2019-07,0.5
34889b_2019-03,34889b,2019-03,0.5
14fe3a_2015-03,14fe3a,2015-03,0.5
b08ec1_2019-09,b08ec1,2019-09,0.5
92dcdd_2019-04,92dcdd,2019-04,0.5
af81b0_2020-02,af81b0,2020-02,0.5
f4604d_2025-08,f4604d,2025-08,0.5
e2314a_2016-03,e2314a,2016-03,0.5
e83244_2019-08,e83244,2019-08,0.5
f25ffe_2025-01,f25ffe,2025-01,0.5
0ffc2d_2022-08,0ffc2d,2022-08,0.5
e427f8_2024-10,e427f8,2024-10,0.5
e427f8_2025-03,e427f8,2025-03,0.5
9befc8_2025-05,9befc8,2025-05,0.5
4718d7_2025-05,4718d7,2025-05,0.5
5a0174_2019-10,5a0174,2019-10,0.5
5a0174_2023-07,5a0174,2023-07,0.5
b416b1_2019-05,b416b1,2019-05,0.5
f461d4_2014-05,f461d4,2014-05,0.5
f461d4_2017-02,f461d4,2017-02,0.5
b416b1_2020-05,b416b1,2020-05,0.5
34889b_2014-11,34889b,2014-11,0.5
34889b_2021-10,34889b,2021-10,0.5
14fe3a_2021-12,14fe3a,2021-12,0.5
b08ec1_2014-07,b08ec1,2014-07,0.5
375f2e_2023-08,375f2e,2023-08,0.5
987bc1_2019-06,987bc1,2019-06,0.5
b73bc7_2014-09,b73bc7,2014-09,0.5
531356_2018-07,531356,2018-07,0.5
e2314a_2020-03,e2314a,2020-03,0.5
e83244_2025-08,e83244,2025-08,0.5
6224d0_2016-10,6224d0,2016-10,0.5
77b3b9_2019-07,77b3b9,2019-07,0.5
90abb1_2025-02,90abb1,2025-02,0.5
9af74c_2021-04,9af74c,2021-04,0.5
11f0e3_2021-04,11f0e3,2021-04,0.5
11f0e3_2024-01,11f0e3,2024-01,0.5
bfbeef_2023-10,bfbeef,2023-10,0.5
77c35f_2025-08,77c35f,2025-08,0.5
fa8553_2024-10,fa8553,2024-10,0.5
11f0e3_2017-03,11f0e3,2017-03,0.5
fb737b_2024-10,fb737b,2024-10,0.5
6f5e2b_2024-02,6f5e2b,2024-02,0.5
259a19_2019-06,259a19,2019-06,0.5
259a19_2025-04,259a19,2025-04,0.5
d59611_2023-11,d59611,2023-11,0.5
90abb1_2018-06,90abb1,2018-06,0.5
14fe3a_2025-01,14fe3a,2025-01,0.5
8005b9_2019-07,8005b9,2019-07,0.5
fc77d0_2018-02,fc77d0,2018-02,0.5
3a13b3_2016-01,3a13b3,2016-01,0.5
06534f_2024-09,06534f,2024-09,0.5
e83244_2024-08,e83244,2024-08,0.5
e60b65_2018-11,e60b65,2018-11,0.5
6838b9_2025-08,6838b9,2025-08,0.5
532867_2023-11,532867,2023-11,0.5
77b3b9_2014-09,77b3b9,2014-09,0.5
375f2e_2024-11,375f2e,2024-11,0.5
302d40_2023-08,302d40,2023-08,0.5
11f0e3_2024-06,11f0e3,2024-06,0.5
a97df3_2023-05,a97df3,2023-05,0.5
780a0b_2015-04,780a0b,2015-04,0.5
0f9e86_2019-01,0f9e86,2019-01,0.5
9cf1af_2022-07,9cf1af,2022-07,0.5
6f5e2b_2015-04,6f5e2b,2015-04,0.5
b416b1_2016-08,b416b1,2016-08,0.5
175155_2024-07,175155,2024-07,0.5
34889b_2025-05,34889b,2025-05,0.5
8005b9_2019-08,8005b9,2019-08,0.5
8005b9_2021-02,8005b9,2021-02,0.5
375f2e_2019-09,375f2e,2019-09,0.5
9af74c_2014-05,9af74c,2014-05,0.5
4fb2d3_2024-08,4fb2d3,2024-08,0.5
af81b0_2019-01,af81b0,2019-01,0.5
29849f_2024-06,29849f,2024-06,0.5
06534f_2016-10,06534f,2016-10,0.5
e2314a_2015-08,e2314a,2015-08,0.5
e2314a_2017-01,e2314a,2017-01,0.5
e2314a_2017-08,e2314a,2017-08,0.5
6224d0_2015-04,6224d0,2015-04,0.5
6838b9_2022-08,6838b9,2022-08,0.5
987bc1_2014-12,987bc1,2014-12,0.5
11f0e3_2017-01,11f0e3,2017-01,0.5
dc4b5e_2024-11,dc4b5e,2024-11,0.5
780a0b_2017-01,780a0b,2017-01,0.5
fc9334_2023-04,fc9334,2023-04,0.5
a25664_2022-12,a25664,2022-12,0.5
a25664_2019-03,a25664,2019-03,0.5
34889b_2019-04,34889b,2019-04,0.5
14fe3a_2022-05,14fe3a,2022-05,0.5
8005b9_2021-04,8005b9,2021-04,0.5
8005b9_2025-02,8005b9,2025-02,0.5
b08ec1_2021-07,b08ec1,2021-07,0.5
b08ec1_2025-07,b08ec1,2025-07,0.5
375f2e_2015-04,375f2e,2015-04,0.5
3db670_2017-05,3db670,2017-05,0.5
f4604d_2023-03,f4604d,2023-03,0.5
e2314a_2017-05,e2314a,2017-05,0.5
bc4c03_2019-11,bc4c03,2019-11,0.5
a25664_2018-04,a25664,2018-04,0.5
4fb2d3_2014-08,4fb2d3,2014-08,0.5
92dcdd_2024-04,92dcdd,2024-04,0.5
11f0e3_2023-08,11f0e3,2023-08,0.5
9befc8_2014-12,9befc8,2014-12,0.5
9befc8_2021-06,9befc8,2021-06,0.5
9befc8_2024-05,9befc8,2024-05,0.5
8fb6f0_2021-11,8fb6f0,2021-11,0.5
0f9e86_2016-06,0f9e86,2016-06,0.5
0f9e86_2023-12,0f9e86,2023-12,0.5
8fabe0_2022-04,8fabe0,2022-04,0.5
bc4c03_2022-04,bc4c03,2022-04,0.5
1698cf_2018-06,1698cf,2018-06,0.5
1698cf_2023-10,1698cf,2023-10,0.5
1698cf_2025-07,1698cf,2025-07,0.5
34889b_2019-08,34889b,2019-08,0.5
34889b_2024-10,34889b,2024-10,0.5
fc77d0_2021-12,fc77d0,2021-12,0.5
9af74c_2019-10,9af74c,2019-10,0.5
e2314a_2022-08,e2314a,2022-08,0.5
e83244_2024-05,e83244,2024-05,0.5
bc4c03_2024-10,bc4c03,2024-10,0.5
fc77d0_2019-03,fc77d0,2019-03,0.5
9af74c_2025-05,9af74c,2025-05,0.5
513080_2025-08,513080,2025-08,0.5
11f0e3_2017-08,11f0e3,2017-08,0.5
780a0b_2016-09,780a0b,2016-09,0.5
dbb709_2023-06,dbb709,2023-06,0.5
0f9e86_2020-08,0f9e86,2020-08,0.5
0f9e86_2016-01,0f9e86,2016-01,0.5
fb737b_2023-06,fb737b,2023-06,0.5
d59611_2024-10,d59611,2024-10,0.5
987bc1_2019-04,987bc1,2019-04,0.5
b1de95_2015-04,b1de95,2015-04,0.5
06534f_2025-04,06534f,2025-04,0.5
b73bc7_2023-09,b73bc7,2023-09,0.5
6224d0_2023-06,6224d0,2023-06,0.5
e60b65_2014-08,e60b65,2014-08,0.5
e60b65_2021-07,e60b65,2021-07,0.5
5a0174_2022-07,5a0174,2022-07,0.5
1822ea_2014-12,1822ea,2014-12,0.5
9af74c_2018-07,9af74c,2018-07,0.5
302d40_2024-02,302d40,2024-02,0.5
11f0e3_2022-09,11f0e3,2022-09,0.5
e427f8_2023-09,e427f8,2023-09,0.5
9cf1af_2023-07,9cf1af,2023-07,0.5
f4604d_2014-12,f4604d,2014-12,0.5
4718d7_2019-01,4718d7,2019-01,0.5
f461d4_2014-11,f461d4,2014-11,0.5
f461d4_2025-06,f461d4,2025-06,0.5
db4cd8_2021-06,db4cd8,2021-06,0.5
d59611_2014-05,d59611,2014-05,0.5
90abb1_2021-09,90abb1,2021-09,0.5
375f2e_2023-07,375f2e,2023-07,0.5
987bc1_2023-04,987bc1,2023-04,0.5
af81b0_2015-04,af81b0,2015-04,0.5
af81b0_2018-12,af81b0,2018-12,0.5
f4604d_2023-06,f4604d,2023-06,0.5
e2314a_2015-11,e2314a,2015-11,0.5
e2314a_2017-12,e2314a,2017-12,0.5
e2314a_2022-01,e2314a,2022-01,0.5
e83244_2017-03,e83244,2017-03,0.5
e83244_2021-04,e83244,2021-04,0.5
4718d7_2022-08,4718d7,2022-08,0.5
4718d7_2022-09,4718d7,2022-09,0.5
1698cf_2020-02,1698cf,2020-02,0.5
11f0e3_2018-01,11f0e3,2018-01,0.5
9befc8_2023-11,9befc8,2023-11,0.5
8bd3ce_2025-01,8bd3ce,2025-01,0.5
0f9e86_2018-02,0f9e86,2018-02,0.5
9cf1af_2025-01,9cf1af,2025-01,0.5
4718d7_2014-12,4718d7,2014-12,0.5
8fabe0_2019-10,8fabe0,2019-10,0.5
b416b1_2016-09,b416b1,2016-09,0.5
f461d4_2025-05,f461d4,2025-05,0.5
259a19_2025-08,259a19,2025-08,0.5
a25664_2025-03,a25664,2025-03,0.5
a42d13_2017-04,a42d13,2017-04,0.5
db4cd8_2024-02,db4cd8,2024-02,0.5
b08ec1_2020-02,b08ec1,2020-02,0.5
9af74c_2019-05,9af74c,2019-05,0.5
9af74c_2024-02,9af74c,2024-02,0.5
06534f_2018-06,06534f,2018-06,0.5
e2314a_2022-06,e2314a,2022-06,0.5
e83244_2015-10,e83244,2015-10,0.5
e83244_2023-05,e83244,2023-05,0.5
e60b65_2019-05,e60b65,2019-05,0.5
a25664_2021-04,a25664,2021-04,0.5
f25ffe_2023-08,f25ffe,2023-08,0.5
fc77d0_2015-05,fc77d0,2015-05,0.5
4fb2d3_2019-01,4fb2d3,2019-01,0.5
4fb2d3_2022-11,4fb2d3,2022-11,0.5
8e41cf_2022-03,8e41cf,2022-03,0.5
11f0e3_2019-09,11f0e3,2019-09,0.5
dc4b5e_2023-06,dc4b5e,2023-06,0.5
9f1aa0_2019-06,9f1aa0,2019-06,0.5
780a0b_2017-05,780a0b,2017-05,0.5
dbb709_2024-07,dbb709,2024-07,0.5
b416b1_2021-08,b416b1,2021-08,0.5
175155_2024-10,175155,2024-10,0.5
bc4c03_2023-03,bc4c03,2023-03,0.5
6838b9_2019-08,6838b9,2019-08,0.5
6838b9_2024-10,6838b9,2024-10,0.5
1698cf_2017-05,1698cf,2017-05,0.5
d59611_2017-06,d59611,2017-06,0.5
b08ec1_2021-11,b08ec1,2021-11,0.5
4fb2d3_2022-06,4fb2d3,2022-06,0.5
29849f_2019-09,29849f,2019-09,0.5
29849f_2025-01,29849f,2025-01,0.5
06534f_2025-06,06534f,2025-06,0.5
e60b65_2020-04,e60b65,2020-04,0.5
0874ee_2020-02,0874ee,2020-02,0.5
a25664_2023-05,a25664,2023-05,0.5
fc77d0_2021-10,fc77d0,2021-10,0.5
265164_2025-04,265164,2025-04,0.5
987bc1_2024-03,987bc1,2024-03,0.5
4fb2d3_2020-11,4fb2d3,2020-11,0.5
11f0e3_2020-11,11f0e3,2020-11,0.5
731908_2019-03,731908,2019-03,0.5
94f933_2023-04,94f933,2023-04,0.5
532867_2024-04,532867,2024-04,0.5
4f2b6b_2023-08,4f2b6b,2023-08,0.5
1698cf_2015-04,1698cf,2015-04,0.5
1698cf_2024-10,1698cf,2024-10,0.5
d59611_2015-03,d59611,2015-03,0.5
14fe3a_2022-09,14fe3a,2022-09,0.5
fc77d0_2023-08,fc77d0,2023-08,0.5
7a007d_2018-02,7a007d,2018-02,0.5
f4604d_2020-03,f4604d,2020-03,0.5
e83244_2022-05,e83244,2022-05,0.5
6224d0_2020-01,6224d0,2020-01,0.5
0e8d73_2023-07,0e8d73,2023-07,0.5
6838b9_2021-11,6838b9,2021-11,0.5
92dcdd_2022-01,92dcdd,2022-01,0.5
bfbeef_2022-03,bfbeef,2022-03,0.5
77b3b9_2015-02,77b3b9,2015-02,0.5
4718d7_2014-04,4718d7,2014-04,0.5
b416b1_2021-04,b416b1,2021-04,0.5
a25664_2019-02,a25664,2019-02,0.5
a25664_2020-02,a25664,2020-02,0.5
db4cd8_2022-04,db4cd8,2022-04,0.5
d59611_2022-11,d59611,2022-11,0.5
90abb1_2024-02,90abb1,2024-02,0.5
14fe3a_2023-12,14fe3a,2023-12,0.5
af81b0_2023-10,af81b0,2023-10,0.5
29849f_2025-05,29849f,2025-05,0.5
4ee2d2_2024-01,4ee2d2,2024-01,0.5
175155_2015-01,175155,2015-01,0.5
175155_2018-01,175155,2018-01,0.5
175155_2023-04,175155,2023-04,0.5
a25664_2024-10,a25664,2024-10,0.5
0ffc2d_2019-05,0ffc2d,2019-05,0.5
0ffc2d_2019-10,0ffc2d,2019-10,0.5
fc77d0_2022-06,fc77d0,2022-06,0.5
8e41cf_2024-01,8e41cf,2024-01,0.5
731908_2015-05,731908,2015-05,0.5
dc4b5e_2025-02,dc4b5e,2025-02,0.5
9befc8_2015-09,9befc8,2015-09,0.5
780a0b_2014-11,780a0b,2014-11,0.5
780a0b_2024-10,780a0b,2024-10,0.5
8fb6f0_2025-05,8fb6f0,2025-05,0.5
dbb709_2024-09,dbb709,2024-09,0.5
8bd3ce_2022-12,8bd3ce,2022-12,0.5
9cf1af_2022-04,9cf1af,2022-04,0.5
d86999_2015-08,d86999,2015-08,0.5
4718d7_2025-08,4718d7,2025-08,0.5
0e8d73_2025-03,0e8d73,2025-03,0.5
b416b1_2017-05,b416b1,2017-05,0.5
b416b1_2020-10,b416b1,2020-10,0.5
f461d4_2019-11,f461d4,2019-11,0.5
a42d13_2014-05,a42d13,2014-05,0.5
db4cd8_2022-08,db4cd8,2022-08,0.5
1698cf_2023-02,1698cf,2023-02,0.5
92dcdd_2021-08,92dcdd,2021-08,0.5
af81b0_2023-07,af81b0,2023-07,0.5
29849f_2014-11,29849f,2014-11,0.5
06534f_2024-08,06534f,2024-08,0.5
4fb2d3_2025-08,4fb2d3,2025-08,0.5
8e41cf_2023-11,8e41cf,2023-11,0.5
731908_2019-07,731908,2019-07,0.5
11f0e3_2015-10,11f0e3,2015-10,0.5
bfbeef_2021-02,bfbeef,2021-02,0.5
bfbeef_2021-11,bfbeef,2021-11,0.5
780a0b_2023-09,780a0b,2023-09,0.5
8fb6f0_2014-11,8fb6f0,2014-11,0.5
0f9e86_2016-09,0f9e86,2016-09,0.5
6224d0_2022-10,6224d0,2022-10,0.5
5a0174_2023-01,5a0174,2023-01,0.5
b416b1_2018-06,b416b1,2018-06,0.5
a25664_2021-12,a25664,2021-12,0.5
a25664_2024-09,a25664,2024-09,0.5
6f5e2b_2020-03,6f5e2b,2020-03,0.5
1698cf_2019-01,1698cf,2019-01,0.5
77b3b9_2018-12,77b3b9,2018-12,0.5
d59611_2014-06,d59611,2014-06,0.5
af81b0_2023-04,af81b0,2023-04,0.5
545d15_2021-01,545d15,2021-01,0.5
7a007d_2019-07,7a007d,2019-07,0.5
c580aa_2025-03,c580aa,2025-03,0.5
3a13b3_2014-08,3a13b3,2014-08,0.5
e2314a_2021-06,e2314a,2021-06,0.5
e2314a_2021-09,e2314a,2021-09,0.5
e83244_2019-11,e83244,2019-11,0.5
6224d0_2019-12,6224d0,2019-12,0.5
e60b65_2020-01,e60b65,2020-01,0.5
bc4c03_2024-09,bc4c03,2024-09,0.5
265164_2023-05,265164,2023-05,0.5
4fb2d3_2014-12,4fb2d3,2014-12,0.5
dc4b5e_2025-04,dc4b5e,2025-04,0.5
fc9334_2022-12,fc9334,2022-12,0.5
9f1aa0_2025-08,9f1aa0,2025-08,0.5
5a0174_2022-05,5a0174,2022-05,0.5
8fabe0_2017-06,8fabe0,2017-06,0.5
34889b_2023-07,34889b,2023-07,0.5
8005b9_2021-06,8005b9,2021-06,0.5
8005b9_2023-06,8005b9,2023-06,0.5
29849f_2022-11,29849f,2022-11,0.5
531356_2023-09,531356,2023-09,0.5
e83244_2018-08,e83244,2018-08,0.5
6224d0_2018-04,6224d0,2018-04,0.5
e60b65_2023-03,e60b65,2023-03,0.5
9af74c_2014-10,9af74c,2014-10,0.5
302d40_2025-03,302d40,2025-03,0.5
e427f8_2024-09,e427f8,2024-09,0.5
9befc8_2016-10,9befc8,2016-10,0.5
9befc8_2023-12,9befc8,2023-12,0.5
9f1aa0_2025-03,9f1aa0,2025-03,0.5
8fb6f0_2014-05,8fb6f0,2014-05,0.5
fc77d0_2023-12,fc77d0,2023-12,0.5
4718d7_2015-02,4718d7,2015-02,0.5
fb737b_2021-06,fb737b,2021-06,0.5
e60b65_2015-04,e60b65,2015-04,0.5
8fabe0_2017-02,8fabe0,2017-02,0.5
bc4c03_2022-10,bc4c03,2022-10,0.5
6838b9_2022-05,6838b9,2022-05,0.5
db4cd8_2021-08,db4cd8,2021-08,0.5
db4cd8_2023-11,db4cd8,2023-11,0.5
14fe3a_2023-04,14fe3a,2023-04,0.5
fc77d0_2023-07,fc77d0,2023-07,0.5
987bc1_2023-05,987bc1,2023-05,0.5
af81b0_2017-06,af81b0,2017-06,0.5
b73bc7_2016-11,b73bc7,2016-11,0.5
531356_2019-11,531356,2019-11,0.5
531356_2023-03,531356,2023-03,0.5
e2314a_2021-11,e2314a,2021-11,0.5
175155_2019-02,175155,2019-02,0.5
1822ea_2019-09,1822ea,2019-09,0.5
4fb2d3_2021-02,4fb2d3,2021-02,0.5
92dcdd_2025-06,92dcdd,2025-06,0.5
302d40_2022-06,302d40,2022-06,0.5
731908_2024-12,731908,2024-12,0.5
dc4b5e_2024-12,dc4b5e,2024-12,0.5
780a0b_2018-01,780a0b,2018-01,0.5
8fb6f0_2016-08,8fb6f0,2016-08,0.5
e83244_2016-09,e83244,2016-09,0.5
9befc8_2018-02,9befc8,2018-02,0.5
fb737b_2020-08,fb737b,2020-08,0.5
8fabe0_2018-01,8fabe0,2018-01,0.5
6f5e2b_2022-01,6f5e2b,2022-01,0.5
175155_2025-05,175155,2025-05,0.5
90abb1_2021-08,90abb1,2021-08,0.5
14fe3a_2015-02,14fe3a,2015-02,0.5
14fe3a_2019-02,14fe3a,2019-02,0.5
8005b9_2020-02,8005b9,2020-02,0.5
4fb2d3_2022-03,4fb2d3,2022-03,0.5
c580aa_2014-06,c580aa,2014-06,0.5
f4604d_2018-11,f4604d,2018-11,0.5
f4604d_2025-07,f4604d,2025-07,0.5
175155_2017-04,175155,2017-04,0.5
a42d13_2024-02,a42d13,2024-02,0.5
77b3b9_2023-09,77b3b9,2023-09,0.5
0ffc2d_2022-07,0ffc2d,2022-07,0.5
fc77d0_2025-09,fc77d0,2025-09,0.5
375f2e_2025-06,375f2e,2025-06,0.5
9af74c_2025-02,9af74c,2025-02,0.5
d86999_2019-05,d86999,2019-05,0.5
dc4b5e_2024-10,dc4b5e,2024-10,0.5
0f9e86_2015-05,0f9e86,2015-05,0.5
0f9e86_2018-04,0f9e86,2018-04,0.5
0e8d73_2025-07,0e8d73,2025-07,0.5
8fabe0_2014-03,8fabe0,2014-03,0.5
6f5e2b_2024-09,6f5e2b,2024-09,0.5
6f5e2b_2025-04,6f5e2b,2025-04,0.5
175155_2024-03,175155,2024-03,0.5
6838b9_2022-11,6838b9,2022-11,0.5
532867_2025-02,532867,2025-02,0.5
db4cd8_2019-01,db4cd8,2019-01,0.5
14fe3a_2021-09,14fe3a,2021-09,0.5
14fe3a_2024-04,14fe3a,2024-04,0.5
8005b9_2021-12,8005b9,2021-12,0.5
9af74c_2025-06,9af74c,2025-06,0.5
29849f_2025-03,29849f,2025-03,0.5
e60b65_2014-04,e60b65,2014-04,0.5
175155_2025-02,175155,2025-02,0.5
0ffc2d_2021-10,0ffc2d,2021-10,0.5
fc77d0_2024-04,fc77d0,2024-04,0.5
302d40_2023-01,302d40,2023-01,0.5
bfbeef_2022-05,bfbeef,2022-05,0.5
d86999_2014-11,d86999,2014-11,0.5
d86999_2016-09,d86999,2016-09,0.5
9befc8_2018-04,9befc8,2018-04,0.5
9befc8_2021-09,9befc8,2021-09,0.5
780a0b_2015-05,780a0b,2015-05,0.5
780a0b_2021-02,780a0b,2021-02,0.5
0f9e86_2015-03,0f9e86,2015-03,0.5
0f9e86_2016-02,0f9e86,2016-02,0.5
0f9e86_2020-07,0f9e86,2020-07,0.5
7199cf_2024-11,7199cf,2024-11,0.5
4718d7_2014-03,4718d7,2014-03,0.5
5a0174_2023-06,5a0174,2023-06,0.5
8fabe0_2025-03,8fabe0,2025-03,0.5
6f5e2b_2023-04,6f5e2b,2023-04,0.5
f461d4_2024-08,f461d4,2024-08,0.5
bc4c03_2021-06,bc4c03,2021-06,0.5
259a19_2022-12,259a19,2022-12,0.5
77b3b9_2014-08,77b3b9,2014-08,0.5
375f2e_2022-08,375f2e,2022-08,0.5
9af74c_2023-11,9af74c,2023-11,0.5
06534f_2023-10,06534f,2023-10,0.5
022433_2024-11,022433,2024-11,0.5
e83244_2018-11,e83244,2018-11,0.5
e83244_2021-07,e83244,2021-07,0.5
6224d0_2021-02,6224d0,2021-02,0.5
e60b65_2020-09,e60b65,2020-09,0.5
a25664_2015-04,a25664,2015-04,0.5
1698cf_2024-09,1698cf,2024-09,0.5
77b3b9_2024-05,77b3b9,2024-05,0.5
987bc1_2023-10,987bc1,2023-10,0.5
8e41cf_2022-01,8e41cf,2022-01,0.5
302d40_2025-06,302d40,2025-06,0.5
11f0e3_2019-12,11f0e3,2019-12,0.5
780a0b_2016-07,780a0b,2016-07,0.5
0f9e86_2014-11,0f9e86,2014-11,0.5
0f9e86_2019-04,0f9e86,2019-04,0.5
780a0b_2023-06,780a0b,2023-06,0.5
0f9e86_2024-10,0f9e86,2024-10,0.5
7199cf_2024-04,7199cf,2024-04,0.5
5a0174_2019-05,5a0174,2019-05,0.5
a42d13_2023-12,a42d13,2023-12,0.5
1698cf_2014-12,1698cf,2014-12,0.5
8005b9_2023-10,8005b9,2023-10,0.5
29849f_2025-02,29849f,2025-02,0.5
b1de95_2020-01,b1de95,2020-01,0.5
e60b65_2019-06,e60b65,2019-06,0.5
f25ffe_2023-06,f25ffe,2023-06,0.5
265164_2025-01,265164,2025-01,0.5
f4d28d_2025-04,f4d28d,2025-04,0.5
11f0e3_2016-10,11f0e3,2016-10,0.5
11f0e3_2017-02,11f0e3,2017-02,0.5
11f0e3_2022-04,11f0e3,2022-04,0.5
11f0e3_2022-07,11f0e3,2022-07,0.5
0f9e86_2016-11,0f9e86,2016-11,0.5
0f9e86_2018-11,0f9e86,2018-11,0.5
6f5e2b_2021-08,6f5e2b,2021-08,0.5
6f5e2b_2024-01,6f5e2b,2024-01,0.5
db4cd8_2025-06,db4cd8,2025-06,0.5
d59611_2018-12,d59611,2018-12,0.5
34889b_2020-01,34889b,2020-01,0.5
9af74c_2021-12,9af74c,2021-12,0.5
3a13b3_2020-01,3a13b3,2020-01,0.5
e60b65_2020-02,e60b65,2020-02,0.5
e60b65_2020-08,e60b65,2020-08,0.5
259a19_2023-03,259a19,2023-03,0.5
a42d13_2024-11,a42d13,2024-11,0.5
fc77d0_2021-08,fc77d0,2021-08,0.5
265164_2024-02,265164,2024-02,0.5
11f0e3_2022-08,11f0e3,2022-08,0.5
dc4b5e_2022-01,dc4b5e,2022-01,0.5
9befc8_2020-01,9befc8,2020-01,0.5
8fb6f0_2018-10,8fb6f0,2018-10,0.5
0f9e86_2021-08,0f9e86,2021-08,0.5
8fabe0_2014-04,8fabe0,2014-04,0.5
8fabe0_2022-10,8fabe0,2022-10,0.5
b416b1_2025-05,b416b1,2025-05,0.5
db4cd8_2020-09,db4cd8,2020-09,0.5
77b3b9_2017-06,77b3b9,2017-06,0.5
fc77d0_2023-02,fc77d0,2023-02,0.5
29849f_2019-10,29849f,2019-10,0.5
06534f_2019-05,06534f,2019-05,0.5
b73bc7_2016-09,b73bc7,2016-09,0.5
a25664_2022-06,a25664,2022-06,0.5
a42d13_2018-03,a42d13,2018-03,0.5
a42d13_2025-07,a42d13,2025-07,0.5
90abb1_2022-12,90abb1,2022-12,0.5
1822ea_2025-08,1822ea,2025-08,0.5
375f2e_2023-12,375f2e,2023-12,0.5
9af74c_2018-03,9af74c,2018-03,0.5
8e41cf_2024-07,8e41cf,2024-07,0.5
d86999_2016-11,d86999,2016-11,0.5
a97df3_2025-03,a97df3,2025-03,0.5
6224d0_2025-05,6224d0,2025-05,0.5
c48018_2020-03,c48018,2020-03,0.5
0874ee_2019-04,0874ee,2019-04,0.5
8fb6f0_2018-03,8fb6f0,2018-03,0.5
8e41cf_2021-03,8e41cf,2021-03,0.5
b26809_2017-07,b26809,2017-07,0.5
a97df3_2023-07,a97df3,2023-07,0.5
731908_2018-10,731908,2018-10,0.5
bfbeef_2017-11,bfbeef,2017-11,0.5
8bd3ce_2016-10,8bd3ce,2016-10,0.5
b26809_2015-02,b26809,2015-02,0.5
e7a56d_2023-05,e7a56d,2023-05,0.5
11f0e3_2021-10,11f0e3,2021-10,0.5
fc9334_2020-07,fc9334,2020-07,0.5
8fb6f0_2023-10,8fb6f0,2023-10,0.5
8e41cf_2016-01,8e41cf,2016-01,0.5
731908_2021-09,731908,2021-09,0.5
b26809_2021-08,b26809,2021-08,0.5
dc4b5e_2022-05,dc4b5e,2022-05,0.5
780a0b_2022-11,780a0b,2022-11,0.5
fc9334_2021-08,fc9334,2021-08,0.5
8e41cf_2015-09,8e41cf,2015-09,0.5
8e41cf_2019-07,8e41cf,2019-07,0.5
b26809_2016-05,b26809,2016-05,0.5
c48018_2023-10,c48018,2023-10,0.5
780a0b_2024-04,780a0b,2024-04,0.5
8e41cf_2018-09,8e41cf,2018-09,0.5
8fb6f0_2019-09,8fb6f0,2019-09,0.5
dc4b5e_2024-09,dc4b5e,2024-09,0.5
fc9334_2020-03,fc9334,2020-03,0.5
8fb6f0_2015-01,8fb6f0,2015-01,0.5
a97df3_2024-03,a97df3,2024-03,0.5
77c35f_2025-05,77c35f,2025-05,0.5
bfbeef_2017-06,bfbeef,2017-06,0.5
fc9334_2018-02,fc9334,2018-02,0.5
fc9334_2020-11,fc9334,2020-11,0.5
0f9e86_2024-07,0f9e86,2024-07,0.5
11f0e3_2021-08,11f0e3,2021-08,0.5
e7a56d_2014-08,e7a56d,2014-08,0.5
e7a56d_2023-07,e7a56d,2023-07,0.5
dc4b5e_2022-04,dc4b5e,2022-04,0.5
b26809_2015-08,b26809,2015-08,0.5
8bd3ce_2016-03,8bd3ce,2016-03,0.5
8bd3ce_2016-04,8bd3ce,2016-04,0.5
8bd3ce_2017-07,8bd3ce,2017-07,0.5
8bd3ce_2021-01,8bd3ce,2021-01,0.5
8e41cf_2017-07,8e41cf,2017-07,0.5
731908_2023-12,731908,2023-12,0.5
c48018_2014-09,c48018,2014-09,0.5
e7a56d_2023-02,e7a56d,2023-02,0.5
8bd3ce_2015-02,8bd3ce,2015-02,0.5
bfbeef_2021-12,bfbeef,2021-12,0.5
b26809_2016-07,b26809,2016-07,0.5
8fb6f0_2024-01,8fb6f0,2024-01,0.5
9f1aa0_2015-02,9f1aa0,2015-02,0.5
780a0b_2023-01,780a0b,2023-01,0.5
731908_2016-05,731908,2016-05,0.5
b26809_2020-01,b26809,2020-01,0.5
b26809_2021-10,b26809,2021-10,0.5
8fb6f0_2016-06,8fb6f0,2016-06,0.5
fc9334_2018-07,fc9334,2018-07,0.5
c48018_2024-03,c48018,2024-03,0.5
dc4b5e_2022-08,dc4b5e,2022-08,0.5
77e86b_2024-02,77e86b,2024-02,0.5
8e41cf_2016-11,8e41cf,2016-11,0.5
18defd_2025-01,18defd,2025-01,0.5
e7a56d_2025-02,e7a56d,2025-02,0.5
780a0b_2015-11,780a0b,2015-11,0.5
bfbeef_2018-05,bfbeef,2018-05,0.5
8e41cf_2017-10,8e41cf,2017-10,0.5
8fb6f0_2022-03,8fb6f0,2022-03,0.5
8bd3ce_2014-12,8bd3ce,2014-12,0.5
8e41cf_2016-08,8e41cf,2016-08,0.5
731908_2020-10,731908,2020-10,0.5
74b7d1_2023-12,74b7d1,2023-12,0.5
dc4b5e_2023-09,dc4b5e,2023-09,0.5
8e41cf_2015-05,8e41cf,2015-05,0.5
8e41cf_2016-05,8e41cf,2016-05,0.5
fc9334_2019-08,fc9334,2019-08,0.5
8bd3ce_2015-03,8bd3ce,2015-03,0.5
c48018_2018-03,c48018,2018-03,0.5
c48018_2023-08,c48018,2023-08,0.5
e7a56d_2019-01,e7a56d,2019-01,0.5
a97df3_2023-08,a97df3,2023-08,0.5
8e41cf_2016-06,8e41cf,2016-06,0.5
8e41cf_2016-09,8e41cf,2016-09,0.5
b26809_2021-06,b26809,2021-06,0.5
18defd_2025-06,18defd,2025-06,0.5
bfbeef_2019-11,bfbeef,2019-11,0.5
fc9334_2021-04,fc9334,2021-04,0.5
c48018_2024-08,c48018,2024-08,0.5
e7a56d_2022-08,e7a56d,2022-08,0.5
731908_2018-04,731908,2018-04,0.5
11f0e3_2024-02,11f0e3,2024-02,0.5
780a0b_2024-01,780a0b,2024-01,0.5
fc9334_2021-11,fc9334,2021-11,0.5
8fb6f0_2023-01,8fb6f0,2023-01,0.5
8e41cf_2019-02,8e41cf,2019-02,0.5
fc9334_2018-09,fc9334,2018-09,0.5
8bd3ce_2016-09,8bd3ce,2016-09,0.5
8bd3ce_2021-05,8bd3ce,2021-05,0.5
9befc8_2025-07,9befc8,2025-07,0.5
731908_2022-02,731908,2022-02,0.5
bfbeef_2019-06,bfbeef,2019-06,0.5
bfbeef_2025-07,bfbeef,2025-07,0.5
9cf1af_2023-03,9cf1af,2023-03,0.5
513080_2023-02,513080,2023-02,0.5
1698cf_2015-06,1698cf,2015-06,0.5
4718d7_2023-11,4718d7,2023-11,0.5
db4cd8_2020-12,db4cd8,2020-12,0.5
f461d4_2019-06,f461d4,2019-06,0.5
77c35f_2023-12,77c35f,2023-12,0.5
6c1954_2021-08,6c1954,2021-08,0.5
948a11_2022-08,948a11,2022-08,0.5
9f1aa0_2020-02,9f1aa0,2020-02,0.5
fa8553_2024-06,fa8553,2024-06,0.5
d59611_2019-03,d59611,2019-03,0.5
1698cf_2019-12,1698cf,2019-12,0.5
bc4c03_2017-06,bc4c03,2017-06,0.5
7bf5c9_2014-12,7bf5c9,2014-12,0.5
f500c5_2024-07,f500c5,2024-07,0.5
b644ac_2024-05,b644ac,2024-05,0.5
9f1aa0_2016-09,9f1aa0,2016-09,0.5
fb34b4_2025-05,fb34b4,2025-05,0.5
4718d7_2024-08,4718d7,2024-08,0.5
bc4c03_2020-01,bc4c03,2020-01,0.5
7bf5c9_2018-05,7bf5c9,2018-05,0.5
9f1aa0_2018-03,9f1aa0,2018-03,0.5
510fbf_2024-04,510fbf,2024-04,0.5
1698cf_2017-01,1698cf,2017-01,0.5
b644ac_2025-03,b644ac,2025-03,0.5
9f1aa0_2017-10,9f1aa0,2017-10,0.5
9af74c_2019-04,9af74c,2019-04,0.5
7a007d_2014-10,7a007d,2014-10,0.5
fa8553_2024-01,fa8553,2024-01,0.5
77c35f_2024-12,77c35f,2024-12,0.5
fa8553_2024-09,fa8553,2024-09,0.5
513080_2022-08,513080,2022-08,0.5
513080_2024-11,513080,2024-11,0.5
d86999_2021-09,d86999,2021-09,0.5
74fb1f_2018-02,74fb1f,2018-02,0.5
7bf5c9_2018-04,7bf5c9,2018-04,0.5
77c35f_2023-08,77c35f,2023-08,0.5
513080_2024-04,513080,2024-04,0.5
a42d13_2015-11,a42d13,2015-11,0.5
375f2e_2021-12,375f2e,2021-12,0.5
77b3b9_2018-09,77b3b9,2018-09,0.5
9f1aa0_2024-08,9f1aa0,2024-08,0.5
f1543b_2021-11,f1543b,2021-11,0.5
8fabe0_2017-04,8fabe0,2017-04,0.5
259a19_2024-06,259a19,2024-06,0.5
f500c5_2023-08,f500c5,2023-08,0.5
fa8553_2024-11,fa8553,2024-11,0.5
7bf5c9_2014-08,7bf5c9,2014-08,0.5
6c1954_2022-07,6c1954,2022-07,0.5
9f1aa0_2018-10,9f1aa0,2018-10,0.5
b07578_2024-11,b07578,2024-11,0.5
8fabe0_2014-11,8fabe0,2014-11,0.5
6c1954_2025-05,6c1954,2025-05,0.5
9f1aa0_2020-07,9f1aa0,2020-07,0.5
9f1aa0_2021-01,9f1aa0,2021-01,0.5
9f1aa0_2024-04,9f1aa0,2024-04,0.5
a42d13_2016-03,a42d13,2016-03,0.5
b644ac_2025-08,b644ac,2025-08,0.5
5a0174_2025-04,5a0174,2025-04,0.5
a25664_2022-02,a25664,2022-02,0.5
948a11_2024-05,948a11,2024-05,0.5
f1543b_2017-05,f1543b,2017-05,0.5
510fbf_2023-11,510fbf,2023-11,0.5
14fe3a_2022-04,14fe3a,2022-04,0.5
4718d7_2016-05,4718d7,2016-05,0.5
90abb1_2022-03,90abb1,2022-03,0.5
77c35f_2023-09,77c35f,2023-09,0.5
9f1aa0_2023-09,9f1aa0,2023-09,0.5
9cf1af_2025-06,9cf1af,2025-06,0.5
510fbf_2025-06,510fbf,2025-06,0.5
f461d4_2019-01,f461d4,2019-01,0.5
9f1aa0_2014-03,9f1aa0,2014-03,0.5
9f1aa0_2023-06,9f1aa0,2023-06,0.5
fa8553_2022-10,fa8553,2022-10,0.5
4f2b6b_2024-08,4f2b6b,2024-08,0.5
77c35f_2024-09,77c35f,2024-09,0.5
fa8553_2024-08,fa8553,2024-08,0.5
fa8553_2025-04,fa8553,2025-04,0.5
fa8553_2025-08,fa8553,2025-08,0.5
510fbf_2024-03,510fbf,2024-03,0.5
d59611_2016-11,d59611,2016-11,0.5
90abb1_2020-01,90abb1,2020-01,0.5
1822ea_2021-01,1822ea,2021-01,0.5
948a11_2025-08,948a11,2025-08,0.5
77c35f_2024-07,77c35f,2024-07,0.5
9f1aa0_2023-08,9f1aa0,2023-08,0.5
94f933_2023-05,94f933,2023-05,0.5
f500c5_2014-08,f500c5,2014-08,0.5
9f1aa0_2014-11,9f1aa0,2014-11,0.5
bf6f0d_2022-11,bf6f0d,2022-11,0.5
4718d7_2016-10,4718d7,2016-10,0.5
e60b65_2017-08,e60b65,2017-08,0.5
f500c5_2020-03,f500c5,2020-03,0.5
6c1954_2023-01,6c1954,2023-01,0.5
bf6f0d_2024-02,bf6f0d,2024-02,0.5
6f5e2b_2015-03,6f5e2b,2015-03,0.5
db4cd8_2015-03,db4cd8,2015-03,0.5
0cecbd_2022-02,0cecbd,2022-02,0.5
9befc8_2019-02,9befc8,2019-02,0.5
0cecbd_2025-04,0cecbd,2025-04,0.5
731908_2014-07,731908,2014-07,0.5
0cecbd_2021-12,0cecbd,2021-12,0.5
11f0e3_2019-02,11f0e3,2019-02,0.5
375f2e_2017-05,375f2e,2017-05,0.5
bfbeef_2015-07,bfbeef,2015-07,0.5
bfbeef_2015-09,bfbeef,2015-09,0.5
11f0e3_2019-11,11f0e3,2019-11,0.5
0cecbd_2022-09,0cecbd,2022-09,0.5
0cecbd_2019-10,0cecbd,2019-10,0.5
0cecbd_2022-05,0cecbd,2022-05,0.5
bc4c03_2020-05,bc4c03,2020-05,0.5
0cecbd_2023-05,0cecbd,2023-05,0.5
0cecbd_2015-01,0cecbd,2015-01,0.5
bfbeef_2014-12,bfbeef,2014-12,0.5
bfbeef_2015-02,bfbeef,2015-02,0.5
bfbeef_2018-03,bfbeef,2018-03,0.5
731908_2018-08,731908,2018-08,0.5
3a13b3_2019-03,3a13b3,2019-03,0.5
06534f_2017-05,06534f,2017-05,0.5
6224d0_2024-07,6224d0,2024-07,0.5
987bc1_2020-03,987bc1,2020-03,0.5
6c1954_2024-02,6c1954,2024-02,0.5
fc9334_2020-05,fc9334,2020-05,0.5
6224d0_2025-04,6224d0,2025-04,0.5
e3af0e_2015-03,e3af0e,2015-03,0.5
98a151_2018-03,98a151,2018-03,0.5
829a72_2018-04,829a72,2018-04,0.5
829a72_2014-11,829a72,2014-11,0.5
98a151_2014-04,98a151,2014-04,0.5
19fa84_2025-04,19fa84,2025-04,0.5
dc4b5e_2019-09,dc4b5e,2019-09,0.5
19fa84_2024-07,19fa84,2024-07,0.5
19fa84_2025-06,19fa84,2025-06,0.5
e3af0e_2016-12,e3af0e,2016-12,0.5
98a151_2018-02,98a151,2018-02,0.5
a97df3_2023-02,a97df3,2023-02,0.5
302d40_2023-02,302d40,2023-02,0.5
894378_2025-08,894378,2025-08,0.5
98a151_2014-03,98a151,2014-03,0.5
98a151_2017-02,98a151,2017-02,0.5
829a72_2023-09,829a72,2023-09,0.5
90abb1_2016-12,90abb1,2016-12,0.5
e3af0e_2014-08,e3af0e,2014-08,0.5
60a0fd_2014-11,60a0fd,2014-11,0.5
19fa84_2025-01,19fa84,2025-01,0.5
7bf5c9_2020-09,7bf5c9,2020-09,0.5
f500c5_2020-09,f500c5,2020-09,0.5
293190_2022-11,293190,2022-11,0.5
2ab8ad_2024-03,2ab8ad,2024-03,0.5
9b46ed_2018-08,9b46ed,2018-08,0.5
88a9a6_2015-04,88a9a6,2015-04,0.5
2ab8ad_2021-06,2ab8ad,2021-06,0.5
2ab8ad_2022-09,2ab8ad,2022-09,0.5
2ab8ad_2023-04,2ab8ad,2023-04,0.5
2ab8ad_2024-04,2ab8ad,2024-04,0.5
c5df88_2015-03,c5df88,2015-03,0.5
c5df88_2019-03,c5df88,2019-03,0.5
7aa803_2024-05,7aa803,2024-05,0.5
9b46ed_2020-03,9b46ed,2020-03,0.5
98a151_2021-02,98a151,2021-02,0.5
829a72_2024-07,829a72,2024-07,0.5
c5df88_2023-08,c5df88,2023-08,0.5
98a151_2019-08,98a151,2019-08,0.5
7bf5c9_2022-01,7bf5c9,2022-01,0.5
e2e0ce_2019-10,e2e0ce,2019-10,0.5
2ab8ad_2021-10,2ab8ad,2021-10,0.5
829a72_2019-02,829a72,2019-02,0.5
7bf5c9_2021-02,7bf5c9,2021-02,0.5
f500c5_2016-09,f500c5,2016-09,0.5
bf6f0d_2021-05,bf6f0d,2021-05,0.5
db5006_2015-09,db5006,2015-09,0.5
293190_2024-02,293190,2024-02,0.5
e2e0ce_2021-04,e2e0ce,2021-04,0.5
88a9a6_2022-09,88a9a6,2022-09,0.5
88a9a6_2024-09,88a9a6,2024-09,0.5
9b46ed_2023-05,9b46ed,2023-05,0.5
98a151_2022-12,98a151,2022-12,0.5
60a0fd_2021-10,60a0fd,2021-10,0.5
293190_2021-01,293190,2021-01,0.5
e2e0ce_2023-06,e2e0ce,2023-06,0.5
c5df88_2019-10,c5df88,2019-10,0.5
74fb1f_2019-04,74fb1f,2019-04,0.5
98a151_2024-06,98a151,2024-06,0.5
7a007d_2017-02,7a007d,2017-02,0.5
f500c5_2024-09,f500c5,2024-09,0.5
1bdb97_2022-07,1bdb97,2022-07,0.5
bf6f0d_2015-04,bf6f0d,2015-04,0.5
293190_2022-04,293190,2022-04,0.5
e2e0ce_2021-07,e2e0ce,2021-07,0.5
8005b9_2024-08,8005b9,2024-08,0.5
1bdb97_2023-05,1bdb97,2023-05,0.5
18defd_2018-02,18defd,2018-02,0.5
2ab8ad_2015-01,2ab8ad,2015-01,0.5
74fb1f_2025-01,74fb1f,2025-01,0.5
7aa803_2024-09,7aa803,2024-09,0.5
98a151_2025-08,98a151,2025-08,0.5
2ab8ad_2022-03,2ab8ad,2022-03,0.5
2ab8ad_2023-07,2ab8ad,2023-07,0.5
2ab8ad_2024-06,2ab8ad,2024-06,0.5
db5006_2018-12,db5006,2018-12,0.5
e2e0ce_2016-02,e2e0ce,2016-02,0.5
9b46ed_2023-02,9b46ed,2023-02,0.5
dc4b5e_2020-03,dc4b5e,2020-03,0.5
f500c5_2023-09,f500c5,2023-09,0.5
f500c5_2025-03,f500c5,2025-03,0.5
4f2b6b_2023-06,4f2b6b,2023-06,0.5
2ab8ad_2021-07,2ab8ad,2021-07,0.5
74fb1f_2019-08,74fb1f,2019-08,0.5
60a0fd_2019-06,60a0fd,2019-06,0.5
60a0fd_2020-02,60a0fd,2020-02,0.5
e3af0e_2022-01,e3af0e,2022-01,0.5
e3af0e_2024-04,e3af0e,2024-04,0.5
f500c5_2023-01,f500c5,2023-01,0.5
18defd_2023-05,18defd,2023-05,0.5
88a9a6_2021-03,88a9a6,2021-03,0.5
293190_2015-03,293190,2015-03,0.5
7aa803_2019-04,7aa803,2019-04,0.5
98a151_2024-05,98a151,2024-05,0.5
e3af0e_2020-03,e3af0e,2020-03,0.5
f500c5_2021-11,f500c5,2021-11,0.5
293190_2021-03,293190,2021-03,0.5
e2e0ce_2025-04,e2e0ce,2025-04,0.5
2ab8ad_2017-04,2ab8ad,2017-04,0.5
88a9a6_2015-02,88a9a6,2015-02,0.5
9b46ed_2017-04,9b46ed,2017-04,0.5
98a151_2023-07,98a151,2023-07,0.5
e3af0e_2019-09,e3af0e,2019-09,0.5
d86999_2024-10,d86999,2024-10,0.5
1bdb97_2024-07,1bdb97,2024-07,0.5
e2e0ce_2023-08,e2e0ce,2023-08,0.5
74fb1f_2023-07,74fb1f,2023-07,0.5
7aa803_2022-06,7aa803,2022-06,0.5
88a9a6_2023-08,88a9a6,2023-08,0.5
f500c5_2023-10,f500c5,2023-10,0.5
18defd_2014-04,18defd,2014-04,0.5
e2e0ce_2021-02,e2e0ce,2021-02,0.5
88a9a6_2023-05,88a9a6,2023-05,0.5
9b46ed_2024-07,9b46ed,2024-07,0.5
293190_2020-02,293190,2020-02,0.5
18defd_2023-11,18defd,2023-11,0.5
2ab8ad_2018-01,2ab8ad,2018-01,0.5
2ab8ad_2025-07,2ab8ad,2025-07,0.5
74fb1f_2019-10,74fb1f,2019-10,0.5
7a007d_2015-04,7a007d,2015-04,0.5
bf6f0d_2020-10,bf6f0d,2020-10,0.5
e2e0ce_2015-01,e2e0ce,2015-01,0.5
2ab8ad_2023-11,2ab8ad,2023-11,0.5
829a72_2020-02,829a72,2020-02,0.5
c580aa_2018-03,c580aa,2018-03,0.5
4f2b6b_2022-09,4f2b6b,2022-09,0.5
c5df88_2020-10,c5df88,2020-10,0.5
74fb1f_2022-07,74fb1f,2022-07,0.5
f500c5_2017-04,f500c5,2017-04,0.5
bf6f0d_2021-07,bf6f0d,2021-07,0.5
cd0e60_2021-07,cd0e60,2021-07,0.5
293190_2022-03,293190,2022-03,0.5
293190_2023-08,293190,2023-08,0.5
18defd_2017-04,18defd,2017-04,0.5
e2e0ce_2022-04,e2e0ce,2022-04,0.5
2ab8ad_2022-05,2ab8ad,2022-05,0.5
60a0fd_2019-01,60a0fd,2019-01,0.5
2ab8ad_2019-05,2ab8ad,2019-05,0.5
c5df88_2023-10,c5df88,2023-10,0.5
7aa803_2023-08,7aa803,2023-08,0.5
98a151_2021-12,98a151,2021-12,0.5
98a151_2022-04,98a151,2022-04,0.5
7aa803_2022-07,7aa803,2022-07,0.5
88a9a6_2023-04,88a9a6,2023-04,0.5
e3af0e_2022-06,e3af0e,2022-06,0.5
9b46ed_2020-01,9b46ed,2020-01,0.5
60a0fd_2023-10,60a0fd,2023-10,0.5
f500c5_2021-05,f500c5,2021-05,0.5
e2e0ce_2019-11,e2e0ce,2019-11,0.5
e2e0ce_2024-06,e2e0ce,2024-06,0.5
c5df88_2019-02,c5df88,2019-02,0.5
74fb1f_2025-07,74fb1f,2025-07,0.5
7aa803_2014-12,7aa803,2014-12,0.5
98a151_2025-05,98a151,2025-05,0.5
60a0fd_2022-08,60a0fd,2022-08,0.5
f461d4_2020-11,f461d4,2020-11,0.5
db5006_2018-03,db5006,2018-03,0.5
db5006_2022-02,db5006,2022-02,0.5
a25664_2018-07,a25664,2018-07,0.5
0ffc2d_2025-04,0ffc2d,2025-04,0.5
db5006_2023-02,db5006,2023-02,0.5
1b9e65_2021-03,1b9e65,2021-03,0.5
1b9e65_2022-03,1b9e65,2022-03,0.5
cd0e60_2022-11,cd0e60,2022-11,0.5
5a0174_2017-02,5a0174,2017-02,0.5
5a0174_2020-07,5a0174,2020-07,0.5
1b9e65_2022-05,1b9e65,2022-05,0.5
1b9e65_2017-02,1b9e65,2017-02,0.5
0ffc2d_2025-02,0ffc2d,2025-02,0.5
1b9e65_2017-06,1b9e65,2017-06,0.5
4fb2d3_2018-07,4fb2d3,2018-07,0.5
7bf5c9_2014-07,7bf5c9,2014-07,0.5
db5006_2025-01,db5006,2025-01,0.5
1b9e65_2024-05,1b9e65,2024-05,0.5
db5006_2015-01,db5006,2015-01,0.5
db5006_2021-12,db5006,2021-12,0.5
1b9e65_2015-07,1b9e65,2015-07,0.5
3db670_2023-12,3db670,2023-12,0.5
f461d4_2015-11,f461d4,2015-11,0.5
b73bc7_2019-04,b73bc7,2019-04,0.5
1b9e65_2017-12,1b9e65,2017-12,0.5
1b9e65_2024-12,1b9e65,2024-12,0.5
1bdb97_2022-04,1bdb97,2022-04,0.5
f461d4_2020-02,f461d4,2020-02,0.5
90abb1_2017-03,90abb1,2017-03,0.5
29849f_2021-01,29849f,2021-01,0.5
db5006_2025-07,db5006,2025-07,0.5
18defd_2019-02,18defd,2019-02,0.5
1b9e65_2014-12,1b9e65,2014-12,0.5
1b9e65_2020-07,1b9e65,2020-07,0.5
fc77d0_2014-06,fc77d0,2014-06,0.5
a42d13_2014-12,a42d13,2014-12,0.5
db5006_2025-04,db5006,2025-04,0.5
022433_2022-07,022433,2022-07,0.5
022433_2022-08,022433,2022-08,0.5
1b9e65_2018-12,1b9e65,2018-12,0.5
1b9e65_2020-02,1b9e65,2020-02,0.5
1b9e65_2023-05,1b9e65,2023-05,0.5
1b9e65_2018-05,1b9e65,2018-05,0.5
1b9e65_2021-11,1b9e65,2021-11,0.5
18defd_2019-08,18defd,2019-08,0.5
b59bc0_2015-10,b59bc0,2015-10,0.5
77b3b9_2017-02,77b3b9,2017-02,0.5
e7a56d_2019-05,e7a56d,2019-05,0.5
0ffc2d_2021-08,0ffc2d,2021-08,0.5
4fb2d3_2020-10,4fb2d3,2020-10,0.5
db5006_2022-05,db5006,2022-05,0.5
18defd_2019-05,18defd,2019-05,0.5
7bf5c9_2023-04,7bf5c9,2023-04,0.5
1b9e65_2018-06,1b9e65,2018-06,0.5
14fe3a_2014-06,14fe3a,2014-06,0.5
1698cf_2018-01,1698cf,2018-01,0.5
022433_2022-10,022433,2022-10,0.5
5a0174_2015-09,5a0174,2015-09,0.5
3db670_2023-10,3db670,2023-10,0.5
b1de95_2020-05,b1de95,2020-05,0.5
90abb1_2017-12,90abb1,2017-12,0.5
f4604d_2021-09,f4604d,2021-09,0.5
1b9e65_2021-02,1b9e65,2021-02,0.5
a42d13_2023-07,a42d13,2023-07,0.5
db5006_2016-10,db5006,2016-10,0.5
f4604d_2015-02,f4604d,2015-02,0.5
c580aa_2023-12,c580aa,2023-12,0.5
90abb1_2017-11,90abb1,2017-11,0.5
0ffc2d_2022-02,0ffc2d,2022-02,0.5
0ffc2d_2025-06,0ffc2d,2025-06,0.5
1b9e65_2019-04,1b9e65,2019-04,0.5
1b9e65_2022-07,1b9e65,2022-07,0.5
8ec563_2021-11,8ec563,2021-11,0.5
77e86b_2024-08,77e86b,2024-08,0.5
c3a69f_2020-01,c3a69f,2020-01,0.5
c5816f_2022-06,c5816f,2022-06,0.5
8ec563_2021-02,8ec563,2021-02,0.5
6c1954_2025-07,6c1954,2025-07,0.5
e361b7_2018-12,e361b7,2018-12,0.5
b1de95_2021-01,b1de95,2021-01,0.5
fd589c_2025-04,fd589c,2025-04,0.5
e4bc80_2025-01,e4bc80,2025-01,0.5
3db670_2023-02,3db670,2023-02,0.5
b73bc7_2021-08,b73bc7,2021-08,0.5
c3a69f_2022-04,c3a69f,2022-04,0.5
c5816f_2025-01,c5816f,2025-01,0.5
e361b7_2023-07,e361b7,2023-07,0.5
439fde_2019-03,439fde,2019-03,0.5
e361b7_2019-03,e361b7,2019-03,0.5
e361b7_2024-02,e361b7,2024-02,0.5
3a13b3_2021-04,3a13b3,2021-04,0.5
c5816f_2019-04,c5816f,2019-04,0.5
8ec563_2025-05,8ec563,2025-05,0.5
e361b7_2024-12,e361b7,2024-12,0.5
439fde_2024-06,439fde,2024-06,0.5
c3a69f_2023-09,c3a69f,2023-09,0.5
894378_2020-12,894378,2020-12,0.5
c5816f_2024-12,c5816f,2024-12,0.5
e361b7_2021-09,e361b7,2021-09,0.5
b1de95_2024-01,b1de95,2024-01,0.5
c5816f_2023-04,c5816f,2023-04,0.5
4718d7_2021-10,4718d7,2021-10,0.5
c5816f_2022-04,c5816f,2022-04,0.5
19fa84_2024-09,19fa84,2024-09,0.5
e4bc80_2024-08,e4bc80,2024-08,0.5
3a13b3_2019-12,3a13b3,2019-12,0.5
b73bc7_2024-06,b73bc7,2024-06,0.5
439fde_2024-05,439fde,2024-05,0.5
c3a69f_2023-03,c3a69f,2023-03,0.5
74b7d1_2024-10,74b7d1,2024-10,0.5
8ec563_2019-12,8ec563,2019-12,0.5
e4bc80_2025-08,e4bc80,2025-08,0.5
4718d7_2020-07,4718d7,2020-07,0.5
19fa84_2023-03,19fa84,2023-03,0.5
f4604d_2017-02,f4604d,2017-02,0.5
3db670_2023-04,3db670,2023-04,0.5
b1de95_2021-11,b1de95,2021-11,0.5
e4bc80_2024-02,e4bc80,2024-02,0.5
022433_2025-02,022433,2025-02,0.5
c3a69f_2021-06,c3a69f,2021-06,0.5
fd589c_2023-12,fd589c,2023-12,0.5
894378_2021-09,894378,2021-09,0.5
e361b7_2023-02,e361b7,2023-02,0.5
e4bc80_2020-01,e4bc80,2020-01,0.5
b1de95_2020-09,b1de95,2020-09,0.5
022433_2023-12,022433,2023-12,0.5
8ec563_2023-07,8ec563,2023-07,0.5
439fde_2024-07,439fde,2024-07,0.5
e4bc80_2023-07,e4bc80,2023-07,0.5
19fa84_2019-08,19fa84,2019-08,0.5
6f5e2b_2021-01,6f5e2b,2021-01,0.5
fd589c_2018-12,fd589c,2018-12,0.5
e4bc80_2024-07,e4bc80,2024-07,0.5
3db670_2021-12,3db670,2021-12,0.5
8ec563_2021-03,8ec563,2021-03,0.5
6f5e2b_2016-11,6f5e2b,2016-11,0.5
e4bc80_2015-09,e4bc80,2015-09,0.5
c5816f_2023-08,c5816f,2023-08,0.5
fd589c_2025-08,fd589c,2025-08,0.5
e361b7_2022-10,e361b7,2022-10,0.5
e361b7_2025-06,e361b7,2025-06,0.5
e4bc80_2023-09,e4bc80,2023-09,0.5
1698cf_2021-06,1698cf,2021-06,0.5
fd589c_2023-06,fd589c,2023-06,0.5
74b7d1_2023-01,74b7d1,2023-01,0.5
4fb2d3_2016-03,4fb2d3,2016-03,0.5
d59611_2016-05,d59611,2016-05,0.5
74b7d1_2025-02,74b7d1,2025-02,0.5
14fe3a_2017-11,14fe3a,2017-11,0.5
bf6f0d_2023-09,bf6f0d,2023-09,0.5
cd0e60_2020-09,cd0e60,2020-09,0.5
d59611_2022-03,d59611,2022-03,0.5
bf6f0d_2019-12,bf6f0d,2019-12,0.5
d59611_2020-02,d59611,2020-02,0.5
77e86b_2023-04,77e86b,2023-04,0.5
77e86b_2023-06,77e86b,2023-06,0.5
db4cd8_2017-04,db4cd8,2017-04,0.5
14fe3a_2017-08,14fe3a,2017-08,0.5
db4cd8_2018-10,db4cd8,2018-10,0.5
74b7d1_2022-03,74b7d1,2022-03,0.5
77e86b_2014-10,77e86b,2014-10,0.5
77e86b_2023-02,77e86b,2023-02,0.5
259a19_2017-09,259a19,2017-09,0.5
cd0e60_2021-10,cd0e60,2021-10,0.5
74b7d1_2025-05,74b7d1,2025-05,0.5
cd0e60_2019-06,cd0e60,2019-06,0.5
88a9a6_2021-12,88a9a6,2021-12,0.5
2ab8ad_2023-09,2ab8ad,2023-09,0.5
f1543b_2021-01,f1543b,2021-01,0.5
74fb1f_2023-10,74fb1f,2023-10,0.5
f1543b_2022-07,f1543b,2022-07,0.5
9b46ed_2020-12,9b46ed,2020-12,0.5
f1543b_2019-03,f1543b,2019-03,0.5
293190_2019-05,293190,2019-05,0.5
88a9a6_2025-05,88a9a6,2025-05,0.5
74fb1f_2014-09,74fb1f,2014-09,0.5
74fb1f_2021-10,74fb1f,2021-10,0.5
293190_2019-11,293190,2019-11,0.5
f1543b_2015-08,f1543b,2015-08,0.5
7aa803_2019-06,7aa803,2019-06,0.5
2ab8ad_2015-04,2ab8ad,2015-04,0.5
f1543b_2023-04,f1543b,2023-04,0.5
88a9a6_2025-02,88a9a6,2025-02,0.5
f1543b_2014-06,f1543b,2014-06,0.5
f1543b_2021-03,f1543b,2021-03,0.5
293190_2020-06,293190,2020-06,0.5
f1543b_2017-07,f1543b,2017-07,0.5
293190_2023-02,293190,2023-02,0.5
c5df88_2019-01,c5df88,2019-01,0.5
9b46ed_2024-09,9b46ed,2024-09,0.5
022433_2023-04,022433,2023-04,0.5
88a9a6_2024-03,88a9a6,2024-03,0.5
74fb1f_2020-03,74fb1f,2020-03,0.5
293190_2016-05,293190,2016-05,0.5
022433_2021-01,022433,2021-01,0.5
88a9a6_2020-02,88a9a6,2020-02,0.5
7bf5c9_2016-05,7bf5c9,2016-05,0.5
fb34b4_2024-11,fb34b4,2024-11,0.5
5a0174_2021-01,5a0174,2021-01,0.5
439fde_2014-09,439fde,2014-09,0.5
b08ec1_2022-02,b08ec1,2022-02,0.5
74b7d1_2018-05,74b7d1,2018-05,0.5
92dcdd_2021-04,92dcdd,2021-04,0.5
77e86b_2019-01,77e86b,2019-01,0.5
bf6f0d_2023-02,bf6f0d,2023-02,0.5
94f933_2024-08,94f933,2024-08,0.5
b416b1_2018-10,b416b1,2018-10,0.5
e7a56d_2015-07,e7a56d,2015-07,0.5
77c35f_2024-04,77c35f,2024-04,0.5
e7a56d_2021-05,e7a56d,2021-05,0.5
18defd_2017-05,18defd,2017-05,0.5
18defd_2016-03,18defd,2016-03,0.5
d86999_2024-08,d86999,2024-08,0.5
b1de95_2025-07,b1de95,2025-07,0.5
2ab8ad_2018-05,2ab8ad,2018-05,0.5
60a0fd_2019-12,60a0fd,2019-12,0.5
98a151_2020-02,98a151,2020-02,0.5
77e86b_2017-06,77e86b,2017-06,0.5
7bf5c9_2019-07,7bf5c9,2019-07,0.5
98a151_2018-01,98a151,2018-01,0.5
60a0fd_2020-01,60a0fd,2020-01,0.5
19fa84_2016-02,19fa84,2016-02,0.5
e3af0e_2020-10,e3af0e,2020-10,0.5
e3af0e_2019-12,e3af0e,2019-12,0.5
2ed4f9_2025-06,2ed4f9,2025-06,0.5
6da35b_2025-04,6da35b,2025-04,0.5
60a0fd_2021-07,60a0fd,2021-07,0.5
6da35b_2023-07,6da35b,2023-07,0.5
98a151_2021-05,98a151,2021-05,0.5
60a0fd_2019-02,60a0fd,2019-02,0.5
60a0fd_2020-07,60a0fd,2020-07,0.5
74b7d1_2023-02,74b7d1,2023-02,0.5
7bf5c9_2025-09,7bf5c9,2025-09,0.5
74b7d1_2017-02,74b7d1,2017-02,0.5
98a151_2016-12,98a151,2016-12,0.5
0ffc2d_2024-12,0ffc2d,2024-12,0.5
7bf5c9_2016-10,7bf5c9,2016-10,0.5
77e86b_2022-10,77e86b,2022-10,0.5
7bf5c9_2016-12,7bf5c9,2016-12,0.5
60a0fd_2024-01,60a0fd,2024-01,0.5
60a0fd_2020-09,60a0fd,2020-09,0.5
829a72_2024-03,829a72,2024-03,0.5
e3af0e_2022-03,e3af0e,2022-03,0.5
6da35b_2025-02,6da35b,2025-02,0.5
77e86b_2018-06,77e86b,2018-06,0.5
7e646c_2024-05,7e646c,2024-05,0.5
7bf5c9_2018-11,7bf5c9,2018-11,0.5
98a151_2022-03,98a151,2022-03,0.5
60a0fd_2017-09,60a0fd,2017-09,0.5
e3af0e_2023-12,e3af0e,2023-12,0.5
0cecbd_2015-09,0cecbd,2015-09,0.5
e7a56d_2020-03,e7a56d,2020-03,0.5
3a13b3_2017-12,3a13b3,2017-12,0.5
7bf5c9_2015-07,7bf5c9,2015-07,0.5
948a11_2023-03,948a11,2023-03,0.5
b59bc0_2023-07,b59bc0,2023-07,0.5
b59bc0_2021-10,b59bc0,2021-10,0.5
8d0588_2017-04,8d0588,2017-04,0.5
8d0588_2024-12,8d0588,2024-12,0.5
b59bc0_2020-05,b59bc0,2020-05,0.5
2ab8ad_2016-02,2ab8ad,2016-02,0.5
b59bc0_2020-09,b59bc0,2020-09,0.5
8d0588_2021-03,8d0588,2021-03,0.5
8d0588_2022-08,8d0588,2022-08,0.5
b59bc0_2024-01,b59bc0,2024-01,0.5
b59bc0_2017-12,b59bc0,2017-12,0.5
8d0588_2020-03,8d0588,2020-03,0.5
b59bc0_2019-06,b59bc0,2019-06,0.5
b59bc0_2022-08,b59bc0,2022-08,0.5
b59bc0_2024-02,b59bc0,2024-02,0.5
b0ff51_2017-08,b0ff51,2017-08,0.5
0cecbd_2017-08,0cecbd,2017-08,0.5
8d0588_2015-01,8d0588,2015-01,0.5
8d0588_2021-07,8d0588,2021-07,0.5
b59bc0_2017-06,b59bc0,2017-06,0.5
8d0588_2014-03,8d0588,2014-03,0.5
8d0588_2016-05,8d0588,2016-05,0.5
b0ff51_2024-02,b0ff51,2024-02,0.5
8d0588_2022-02,8d0588,2022-02,0.5
b0ff51_2018-01,b0ff51,2018-01,0.5
8d0588_2023-11,8d0588,2023-11,0.5
b59bc0_2015-08,b59bc0,2015-08,0.5
b0ff51_2016-07,b0ff51,2016-07,0.5
f1543b_2016-09,f1543b,2016-09,0.5
b0ff51_2019-01,b0ff51,2019-01,0.5
8d0588_2024-07,8d0588,2024-07,0.5
8d0588_2024-11,8d0588,2024-11,0.5
8d0588_2025-01,8d0588,2025-01,0.5
b0ff51_2022-11,b0ff51,2022-11,0.5
b0ff51_2023-06,b0ff51,2023-06,0.5
8d0588_2020-09,8d0588,2020-09,0.5
b59bc0_2018-02,b59bc0,2018-02,0.5
b0ff51_2015-01,b0ff51,2015-01,0.5
77e86b_2017-02,77e86b,2017-02,0.5
b59bc0_2019-04,b59bc0,2019-04,0.5
b0ff51_2019-04,b0ff51,2019-04,0.5
b0ff51_2021-09,b0ff51,2021-09,0.5
4f2b6b_2022-12,4f2b6b,2022-12,0.5
b416b1_2015-01,b416b1,2015-01,0.5
8fabe0_2025-01,8fabe0,2025-01,0.5
259a19_2025-02,259a19,2025-02,0.5
6838b9_2021-01,6838b9,2021-01,0.5
f500c5_2016-04,f500c5,2016-04,0.5
545d15_2024-02,545d15,2024-02,0.5
545d15_2025-05,545d15,2025-05,0.5
5ecf9b_2022-06,5ecf9b,2022-06,0.5
5ecf9b_2023-11,5ecf9b,2023-11,0.5
545d15_2022-03,545d15,2022-03,0.5
8b98f3_2023-03,8b98f3,2023-03,0.5
8b98f3_2022-06,8b98f3,2022-06,0.5
545d15_2023-07,545d15,2023-07,0.5
ab32d7_2025-08,ab32d7,2025-08,0.5
5ecf9b_2022-05,5ecf9b,2022-05,0.5
74b7d1_2017-08,74b7d1,2017-08,0.5
ab32d7_2024-05,ab32d7,2024-05,0.5
8b98f3_2024-02,8b98f3,2024-02,0.5
74b7d1_2018-09,74b7d1,2018-09,0.5
74b7d1_2020-12,74b7d1,2020-12,0.5
7e646c_2022-09,7e646c,2022-09,0.5
ab32d7_2023-01,ab32d7,2023-01,0.5
ab32d7_2024-04,ab32d7,2024-04,0.5
74b7d1_2021-06,74b7d1,2021-06,0.5
5ecf9b_2022-03,5ecf9b,2022-03,0.5
74b7d1_2015-04,74b7d1,2015-04,0.5
8b98f3_2023-04,8b98f3,2023-04,0.5
8b98f3_2024-11,8b98f3,2024-11,0.5
8b98f3_2023-01,8b98f3,2023-01,0.5
ab32d7_2023-12,ab32d7,2023-12,0.5
ab32d7_2022-09,ab32d7,2022-09,0.5
74b7d1_2021-11,74b7d1,2021-11,0.5
6224d0_2015-08,6224d0,2015-08,0.5
8b98f3_2023-12,8b98f3,2023-12,0.5
0874ee_2015-09,0874ee,2015-09,0.5
987bc1_2017-01,987bc1,2017-01,0.5
1698cf_2015-01,1698cf,2015-01,0.5
f461d4_2025-02,f461d4,2025-02,0.5
7bf5c9_2022-05,7bf5c9,2022-05,0.5
6838b9_2024-02,6838b9,2024-02,0.5
fd589c_2018-06,fd589c,2018-06,0.5
fd589c_2021-04,fd589c,2021-04,0.5
8ec563_2016-06,8ec563,2016-06,0.5
3a13b3_2016-11,3a13b3,2016-11,0.5
fd589c_2022-07,fd589c,2022-07,0.5
e4bc80_2018-10,e4bc80,2018-10,0.5
c5816f_2018-12,c5816f,2018-12,0.5
19fa84_2021-05,19fa84,2021-05,0.5
06534f_2022-03,06534f,2022-03,0.5
c580aa_2016-01,c580aa,2016-01,0.5
894378_2015-03,894378,2015-03,0.5
894378_2018-04,894378,2018-04,0.5
c580aa_2024-12,c580aa,2024-12,0.5
e361b7_2019-04,e361b7,2019-04,0.5
e361b7_2018-06,e361b7,2018-06,0.5
b73bc7_2015-08,b73bc7,2015-08,0.5
531356_2018-09,531356,2018-09,0.5
c580aa_2016-09,c580aa,2016-09,0.5
894378_2018-02,894378,2018-02,0.5
8ec563_2019-10,8ec563,2019-10,0.5
3db670_2024-03,3db670,2024-03,0.5
e4bc80_2021-03,e4bc80,2021-03,0.5
c5816f_2016-09,c5816f,2016-09,0.5
06534f_2017-01,06534f,2017-01,0.5
b1de95_2023-11,b1de95,2023-11,0.5
fd589c_2017-01,fd589c,2017-01,0.5
e361b7_2014-12,e361b7,2014-12,0.5
c5816f_2019-01,c5816f,2019-01,0.5
c580aa_2016-10,c580aa,2016-10,0.5
b1de95_2024-12,b1de95,2024-12,0.5
8ec563_2018-06,8ec563,2018-06,0.5
3a13b3_2021-06,3a13b3,2021-06,0.5
e4bc80_2017-05,e4bc80,2017-05,0.5
894378_2019-06,894378,2019-06,0.5
c5816f_2014-04,c5816f,2014-04,0.5
3a13b3_2025-06,3a13b3,2025-06,0.5
e361b7_2017-08,e361b7,2017-08,0.5
c5816f_2024-06,c5816f,2024-06,0.5
06534f_2015-03,06534f,2015-03,0.5
b1de95_2024-05,b1de95,2024-05,0.5
e4bc80_2014-07,e4bc80,2014-07,0.5
3a13b3_2021-10,3a13b3,2021-10,0.5
3db670_2024-07,3db670,2024-07,0.5
fd589c_2014-05,fd589c,2014-05,0.5
fd589c_2024-03,fd589c,2024-03,0.5
c580aa_2020-04,c580aa,2020-04,0.5
b73bc7_2024-03,b73bc7,2024-03,0.5
06534f_2021-01,06534f,2021-01,0.5
3db670_2024-01,3db670,2024-01,0.5
b1de95_2020-06,b1de95,2020-06,0.5
e4bc80_2015-02,e4bc80,2015-02,0.5
e4bc80_2018-02,e4bc80,2018-02,0.5
e4bc80_2019-05,e4bc80,2019-05,0.5
c5816f_2020-08,c5816f,2020-08,0.5
8ec563_2020-03,8ec563,2020-03,0.5
b73bc7_2023-03,b73bc7,2023-03,0.5
c5816f_2014-07,c5816f,2014-07,0.5
19fa84_2019-07,19fa84,2019-07,0.5
06534f_2016-03,06534f,2016-03,0.5
b1de95_2015-11,b1de95,2015-11,0.5
fd589c_2014-10,fd589c,2014-10,0.5
894378_2018-06,894378,2018-06,0.5
c5816f_2019-10,c5816f,2019-10,0.5
8ec563_2014-10,8ec563,2014-10,0.5
90abb1_2015-12,90abb1,2015-12,0.5
19fa84_2022-04,19fa84,2022-04,0.5
8ec563_2015-04,8ec563,2015-04,0.5
3a13b3_2016-10,3a13b3,2016-10,0.5
06534f_2022-08,06534f,2022-08,0.5
fd589c_2019-02,fd589c,2019-02,0.5
c580aa_2015-06,c580aa,2015-06,0.5
c580aa_2023-05,c580aa,2023-05,0.5
1b9e65_2017-09,1b9e65,2017-09,0.5
c48018_2017-02,c48018,2017-02,0.5
6224d0_2016-01,6224d0,2016-01,0.5
6224d0_2015-10,6224d0,2015-10,0.5
6224d0_2016-02,6224d0,2016-02,0.5
f461d4_2018-06,f461d4,2018-06,0.5
0874ee_2021-01,0874ee,2021-01,0.5
98a151_2020-06,98a151,2020-06,0.5
a97df3_2019-03,a97df3,2019-03,0.5
18defd_2016-01,18defd,2016-01,0.5
b08ec1_2017-08,b08ec1,2017-08,0.5
6f5e2b_2017-11,6f5e2b,2017-11,0.5
c48018_2016-06,c48018,2016-06,0.5
c48018_2017-09,c48018,2017-09,0.5
c48018_2022-07,c48018,2022-07,0.5
18defd_2022-09,18defd,2022-09,0.5
c48018_2018-11,c48018,2018-11,0.5
c5df88_2017-06,c5df88,2017-06,0.5
b1de95_2017-08,b1de95,2017-08,0.5
1698cf_2017-07,1698cf,2017-07,0.5
18defd_2017-09,18defd,2017-09,0.5
18defd_2021-09,18defd,2021-09,0.5
c48018_2021-12,c48018,2021-12,0.5
18defd_2016-06,18defd,2016-06,0.5
18defd_2022-04,18defd,2022-04,0.5
c48018_2018-07,c48018,2018-07,0.5
1b9e65_2018-10,1b9e65,2018-10,0.5
18defd_2020-10,18defd,2020-10,0.5
1822ea_2015-05,1822ea,2015-05,0.5
90abb1_2017-07,90abb1,2017-07,0.5
0874ee_2015-06,0874ee,2015-06,0.5
18defd_2015-07,18defd,2015-07,0.5
18defd_2020-12,18defd,2020-12,0.5
c48018_2021-01,c48018,2021-01,0.5
d59611_2016-06,d59611,2016-06,0.5
c48018_2020-06,c48018,2020-06,0.5
293190_2018-03,293190,2018-03,0.5
3db670_2017-08,3db670,2017-08,0.5
e7a56d_2015-10,e7a56d,2015-10,0.5
f4604d_2018-09,f4604d,2018-09,0.5
c3a69f_2014-06,c3a69f,2014-06,0.5
c3a69f_2025-06,c3a69f,2025-06,0.5
c48018_2016-12,c48018,2016-12,0.5
b73bc7_2022-11,b73bc7,2022-11,0.5
5a0174_2018-11,5a0174,2018-11,0.5
99c11c_2020-12,99c11c,2020-12,0.5
8fabe0_2016-12,8fabe0,2016-12,0.5
60a0fd_2015-11,60a0fd,2015-11,0.5
9af74c_2015-08,9af74c,2015-08,0.5
1698cf_2020-07,1698cf,2020-07,0.5
99c11c_2024-06,99c11c,2024-06,0.5
99c11c_2022-07,99c11c,2022-07,0.5
5a0174_2015-08,5a0174,2015-08,0.5
259a19_2021-06,259a19,2021-06,0.5
9af74c_2015-09,9af74c,2015-09,0.5
db4cd8_2017-12,db4cd8,2017-12,0.5
83894c_2020-10,83894c,2020-10,0.5
99c11c_2020-08,99c11c,2020-08,0.5
60a0fd_2015-06,60a0fd,2015-06,0.5
1698cf_2018-08,1698cf,2018-08,0.5
14fe3a_2015-09,14fe3a,2015-09,0.5
5a0174_2020-04,5a0174,2020-04,0.5
bc4c03_2016-06,bc4c03,2016-06,0.5
8fabe0_2017-10,8fabe0,2017-10,0.5
f461d4_2015-06,f461d4,2015-06,0.5
829a72_2021-02,829a72,2021-02,0.5
1bdb97_2022-02,1bdb97,2022-02,0.5
829a72_2016-06,829a72,2016-06,0.5
175155_2015-11,175155,2015-11,0.5
7e646c_2025-03,7e646c,2025-03,0.5
829a72_2015-06,829a72,2015-06,0.5
259a19_2015-05,259a19,2015-05,0.5
259a19_2020-04,259a19,2020-04,0.5
2ab8ad_2018-10,2ab8ad,2018-10,0.5
1698cf_2017-08,1698cf,2017-08,0.5
5a0174_2016-08,5a0174,2016-08,0.5
f461d4_2020-12,f461d4,2020-12,0.5
f461d4_2021-01,f461d4,2021-01,0.5
f461d4_2021-03,f461d4,2021-03,0.5
83894c_2022-07,83894c,2022-07,0.5
e4bc80_2016-08,e4bc80,2016-08,0.5
14fe3a_2020-05,14fe3a,2020-05,0.5
fd589c_2017-08,fd589c,2017-08,0.5
e427f8_2022-05,e427f8,2022-05,0.5
531356_2022-06,531356,2022-06,0.5
29849f_2017-07,29849f,2017-07,0.5
14fe3a_2021-04,14fe3a,2021-04,0.5
dbb709_2022-06,dbb709,2022-06,0.5
29849f_2020-10,29849f,2020-10,0.5
302d40_2022-07,302d40,2022-07,0.5
e427f8_2021-12,e427f8,2021-12,0.5
e361b7_2017-01,e361b7,2017-01,0.5
f4604d_2017-12,f4604d,2017-12,0.5
8ec563_2016-03,8ec563,2016-03,0.5
9cf1af_2022-05,9cf1af,2022-05,0.5
e361b7_2016-05,e361b7,2016-05,0.5
8ec563_2015-11,8ec563,2015-11,0.5
894378_2017-08,894378,2017-08,0.5
e4bc80_2015-05,e4bc80,2015-05,0.5
1698cf_2015-10,1698cf,2015-10,0.5
db5006_2017-12,db5006,2017-12,0.5
0874ee_2016-11,0874ee,2016-11,0.5
8005b9_2020-09,8005b9,2020-09,0.5
fb34b4_2023-12,fb34b4,2023-12,0.5
c3a69f_2019-02,c3a69f,2019-02,0.5
829a72_2017-03,829a72,2017-03,0.5
0874ee_2020-06,0874ee,2020-06,0.5
c3a69f_2019-06,c3a69f,2019-06,0.5
829a72_2020-04,829a72,2020-04,0.5
e2314a_2020-10,e2314a,2020-10,0.5
731908_2020-05,731908,2020-05,0.5
731908_2020-04,731908,2020-04,0.5
60a0fd_2020-06,60a0fd,2020-06,0.5
98a151_2018-10,98a151,2018-10,0.5
11f0e3_2020-04,11f0e3,2020-04,0.5
77e86b_2015-11,77e86b,2015-11,0.5
9af74c_2021-02,9af74c,2021-02,0.5
bc4c03_2017-10,bc4c03,2017-10,0.5
b73bc7_2021-12,b73bc7,2021-12,0.5
9af74c_2020-12,9af74c,2020-12,0.5
bc4c03_2016-02,bc4c03,2016-02,0.5
987bc1_2018-10,987bc1,2018-10,0.5
18defd_2015-08,18defd,2015-08,0.5
1822ea_2020-04,1822ea,2020-04,0.5
9af74c_2017-04,9af74c,2017-04,0.5
9af74c_2020-08,9af74c,2020-08,0.5
1822ea_2019-01,1822ea,2019-01,0.5
1822ea_2018-12,1822ea,2018-12,0.5
375f2e_2016-08,375f2e,2016-08,0.5
375f2e_2015-07,375f2e,2015-07,0.5
3a13b3_2022-01,3a13b3,2022-01,0.5
bc4c03_2016-07,bc4c03,2016-07,0.5
439fde_2017-03,439fde,2017-03,0.5
c3a69f_2020-06,c3a69f,2020-06,0.5
87cfea_2021-08,87cfea,2021-08,0.5
87cfea_2025-01,87cfea,2025-01,0.5
99c11c_2021-04,99c11c,2021-04,0.5
83894c_2019-03,83894c,2019-03,0.5
87cfea_2021-05,87cfea,2021-05,0.5
99c11c_2024-09,99c11c,2024-09,0.5
87cfea_2019-08,87cfea,2019-08,0.5
83894c_2025-05,83894c,2025-05,0.5
439fde_2016-08,439fde,2016-08,0.5
83894c_2019-05,83894c,2019-05,0.5
87cfea_2021-11,87cfea,2021-11,0.5
c3a69f_2018-09,c3a69f,2018-09,0.5
439fde_2021-03,439fde,2021-03,0.5
87cfea_2018-01,87cfea,2018-01,0.5
99c11c_2024-10,99c11c,2024-10,0.5
bf6f0d_2017-12,bf6f0d,2017-12,0.5
439fde_2020-09,439fde,2020-09,0.5
87cfea_2024-08,87cfea,2024-08,0.5
99c11c_2023-03,99c11c,2023-03,0.5
99c11c_2024-07,99c11c,2024-07,0.5
87cfea_2021-01,87cfea,2021-01,0.5
87cfea_2018-12,87cfea,2018-12,0.5
83894c_2018-05,83894c,2018-05,0.5
99c11c_2020-07,99c11c,2020-07,0.5
87cfea_2017-06,87cfea,2017-06,0.5
87cfea_2021-12,87cfea,2021-12,0.5
a25664_2018-11,a25664,2018-11,0.5
99c11c_2021-05,99c11c,2021-05,0.5
92dcdd_2021-05,92dcdd,2021-05,0.5
4fb2d3_2018-11,4fb2d3,2018-11,0.5
34889b_2015-07,34889b,2015-07,0.5
531356_2022-05,531356,2022-05,0.5
9b46ed_2020-06,9b46ed,2020-06,0.5
29849f_2022-01,29849f,2022-01,0.5
c3a69f_2016-02,c3a69f,2016-02,0.5
90abb1_2017-05,90abb1,2017-05,0.5
c3a69f_2015-10,c3a69f,2015-10,0.5
29849f_2020-09,29849f,2020-09,0.5
bc4c03_2015-10,bc4c03,2015-10,0.5
c3a69f_2016-04,c3a69f,2016-04,0.5
fb34b4_2023-04,fb34b4,2023-04,0.5
b416b1_2017-08,b416b1,2017-08,0.5
06534f_2022-02,06534f,2022-02,0.5
c580aa_2021-07,c580aa,2021-07,0.5
b73bc7_2018-07,b73bc7,2018-07,0.5
b1de95_2023-01,b1de95,2023-01,0.5
b73bc7_2020-12,b73bc7,2020-12,0.5
c580aa_2022-05,c580aa,2022-05,0.5
06534f_2020-11,06534f,2020-11,0.5
3a13b3_2022-04,3a13b3,2022-04,0.5
3a13b3_2023-01,3a13b3,2023-01,0.5
06534f_2022-07,06534f,2022-07,0.5
3db670_2017-01,3db670,2017-01,0.5
b1de95_2018-08,b1de95,2018-08,0.5
06534f_2023-01,06534f,2023-01,0.5
c580aa_2020-07,c580aa,2020-07,0.5
3db670_2016-10,3db670,2016-10,0.5
8d0588_2015-11,8d0588,2015-11,0.5
83894c_2018-11,83894c,2018-11,0.5
77e86b_2020-07,77e86b,2020-07,0.5
77e86b_2020-10,77e86b,2020-10,0.5
77e86b_2016-07,77e86b,2016-07,0.5
87cfea_2024-05,87cfea,2024-05,0.5
74b7d1_2016-08,74b7d1,2016-08,0.5
77e86b_2018-11,77e86b,2018-11,0.5
77e86b_2020-09,77e86b,2020-09,0.5
87cfea_2019-02,87cfea,2019-02,0.5
87cfea_2019-03,87cfea,2019-03,0.5
dc4b5e_2020-05,dc4b5e,2020-05,0.5
8005b9_2017-07,8005b9,2017-07,0.5
5a0174_2021-02,5a0174,2021-02,0.5
99c11c_2018-05,99c11c,2018-05,0.5
90abb1_2018-10,90abb1,2018-10,0.5
987bc1_2016-07,987bc1,2016-07,0.5
99c11c_2020-04,99c11c,2020-04,0.5
87cfea_2018-09,87cfea,2018-09,0.5
83894c_2024-05,83894c,2024-05,0.5
259a19_2021-02,259a19,2021-02,0.5
83894c_2024-04,83894c,2024-04,0.5
439fde_2018-07,439fde,2018-07,0.5
83894c_2024-06,83894c,2024-06,0.5
987bc1_2016-06,987bc1,2016-06,0.5
af81b0_2015-10,af81b0,2015-10,0.5
af81b0_2016-03,af81b0,2016-03,0.5
6838b9_2020-05,6838b9,2020-05,0.5
af81b0_2016-12,af81b0,2016-12,0.5
af81b0_2015-11,af81b0,2015-11,0.5
af81b0_2016-07,af81b0,2016-07,0.5
4fb2d3_2015-05,4fb2d3,2015-05,0.5
af81b0_2016-10,af81b0,2016-10,0.5
0874ee_2017-09,0874ee,2017-09,0.5
a25664_2018-09,a25664,2018-09,0.5
3db670_2015-12,3db670,2015-12,0.5
88a9a6_2015-05,88a9a6,2015-05,0.5
7aa803_2018-07,7aa803,2018-07,0.5
19fa84_2021-04,19fa84,2021-04,0.5
74b7d1_2015-05,74b7d1,2015-05,0.5
2ab8ad_2018-03,2ab8ad,2018-03,0.5
cd0e60_2024-09,cd0e60,2024-09,0.5
3db670_2015-10,3db670,2015-10,0.5
34889b_2020-11,34889b,2020-11,0.5
4718d7_2015-07,4718d7,2015-07,0.5
8005b9_2016-01,8005b9,2016-01,0.5
8005b9_2016-10,8005b9,2016-10,0.5
f500c5_2015-09,f500c5,2015-09,0.5
b416b1_2017-03,b416b1,2017-03,0.5
894378_2018-11,894378,2018-11,0.5
19fa84_2017-09,19fa84,2017-09,0.5
19fa84_2018-08,19fa84,2018-08,0.5
4fb2d3_2015-06,4fb2d3,2015-06,0.5
19fa84_2017-04,19fa84,2017-04,0.5
894378_2015-05,894378,2015-05,0.5
77e86b_2017-12,77e86b,2017-12,0.5
fd589c_2015-08,fd589c,2015-08,0.5
19fa84_2018-09,19fa84,2018-09,0.5
e4bc80_2015-07,e4bc80,2015-07,0.5
0874ee_2016-08,0874ee,2016-08,0.5
74fb1f_2015-08,74fb1f,2015-08,0.5
db4cd8_2016-03,db4cd8,2016-03,0.5
1996b0_2022-09,1996b0,2022-09,0.5
db4cd8_2016-02,db4cd8,2016-02,0.5
0874ee_2016-06,0874ee,2016-06,0.5
5a0174_2017-09,5a0174,2017-09,0.5
b08ec1_2018-10,b08ec1,2018-10,0.5
0cecbd_2017-10,0cecbd,2017-10,0.5
34889b_2018-10,34889b,2018-10,0.5
b08ec1_2017-12,b08ec1,2017-12,0.5
e2e0ce_2018-08,e2e0ce,2018-08,0.5
2ab8ad_2017-10,2ab8ad,2017-10,0.5
b08ec1_2017-09,b08ec1,2017-09,0.5
34889b_2020-06,34889b,2020-06,0.5
dc4b5e_2021-06,dc4b5e,2021-06,0.5
9b46ed_2016-06,9b46ed,2016-06,0.5
dc4b5e_2021-01,dc4b5e,2021-01,0.5
9b46ed_2015-12,9b46ed,2015-12,0.5
f461d4_2018-07,f461d4,2018-07,0.5
9b46ed_2015-11,9b46ed,2015-11,0.5
b08ec1_2021-02,b08ec1,2021-02,0.5
b08ec1_2021-04,b08ec1,2021-04,0.5
8005b9_2015-06,8005b9,2015-06,0.5
9af74c_2017-05,9af74c,2017-05,0.5
3db670_2017-11,3db670,2017-11,0.5
af81b0_2017-12,af81b0,2017-12,0.5
3a13b3_2020-07,3a13b3,2020-07,0.5
a97df3_2020-08,a97df3,2020-08,0.5
a97df3_2020-07,a97df3,2020-07,0.5
b73bc7_2017-09,b73bc7,2017-09,0.5
1698cf_2015-09,1698cf,2015-09,0.5
0cecbd_2016-12,0cecbd,2016-12,0.5
3db670_2022-05,3db670,2022-05,0.5
b73bc7_2020-08,b73bc7,2020-08,0.5
3db670_2017-09,3db670,2017-09,0.5
99c11c_2025-08,99c11c,2025-08,0.5
3db670_2022-04,3db670,2022-04,0.5
a97df3_2021-06,a97df3,2021-06,0.5
a97df3_2020-09,a97df3,2020-09,0.5
99c11c_2019-04,99c11c,2019-04,0.5
99c11c_2022-09,99c11c,2022-09,0.5
3a13b3_2022-08,3a13b3,2022-08,0.5
1822ea_2015-10,1822ea,2015-10,0.5
9f1aa0_2016-10,9f1aa0,2016-10,0.5
0cecbd_2020-05,0cecbd,2020-05,0.5
375f2e_2015-11,375f2e,2015-11,0.5
e4bc80_2021-04,e4bc80,2021-04,0.5
8ec563_2020-09,8ec563,2020-09,0.5
98a151_2015-06,98a151,2015-06,0.5
0874ee_2017-10,0874ee,2017-10,0.5
bf6f0d_2015-12,bf6f0d,2015-12,0.5
af81b0_2022-10,af81b0,2022-10,0.5
bf6f0d_2016-03,bf6f0d,2016-03,0.5
c5df88_2018-11,c5df88,2018-11,0.5
74fb1f_2016-12,74fb1f,2016-12,0.5
2ab8ad_2016-07,2ab8ad,2016-07,0.5
e2e0ce_2016-10,e2e0ce,2016-10,0.5
88a9a6_2016-12,88a9a6,2016-12,0.5
293190_2017-12,293190,2017-12,0.5
88a9a6_2015-08,88a9a6,2015-08,0.5
e2e0ce_2016-06,e2e0ce,2016-06,0.5
9f1aa0_2015-07,9f1aa0,2015-07,0.5
c5df88_2016-01,c5df88,2016-01,0.5
9f1aa0_2016-06,9f1aa0,2016-06,0.5
7bf5c9_2015-08,7bf5c9,2015-08,0.5
87cfea_2020-05,87cfea,2020-05,0.5
1698cf_2015-12,1698cf,2015-12,0.5
fd589c_2017-09,fd589c,2017-09,0.5
fd589c_2018-09,fd589c,2018-09,0.5
894378_2016-12,894378,2016-12,0.5
c5816f_2016-03,c5816f,2016-03,0.5
19fa84_2016-08,19fa84,2016-08,0.5
e4bc80_2018-11,e4bc80,2018-11,0.5
c5816f_2017-08,c5816f,2017-08,0.5
6f5e2b_2017-12,6f5e2b,2017-12,0.5
c5816f_2015-10,c5816f,2015-10,0.5
19fa84_2016-07,19fa84,2016-07,0.5
19fa84_2015-07,19fa84,2015-07,0.5
b59bc0_2016-10,b59bc0,2016-10,0.5
b0ff51_2016-12,b0ff51,2016-12,0.5
34889b_2025-03,34889b,2025-03,0.5
87cfea_2017-09,87cfea,2017-09,0.5
83894c_2016-05,83894c,2016-05,0.5
a42d13_2020-01,a42d13,2020-01,0.5
a42d13_2018-12,a42d13,2018-12,0.5
a42d13_2021-12,a42d13,2021-12,0.5
a42d13_2020-05,a42d13,2020-05,0.5
a42d13_2020-04,a42d13,2020-04,0.5
a42d13_2022-01,a42d13,2022-01,0.5
a42d13_2019-12,a42d13,2019-12,0.5
a42d13_2023-03,a42d13,2023-03,0.5
6f5e2b_2015-12,6f5e2b,2015-12,0.5
f1543b_2017-09,f1543b,2017-09,0.5
829a72_2016-02,829a72,2016-02,0.5
531356_2015-07,531356,2015-07,0.5
1b9e65_2020-05,1b9e65,2020-05,0.5
d86999_2020-07,d86999,2020-07,0.5
c5816f_2017-09,c5816f,2017-09,0.5
894378_2020-07,894378,2020-07,0.5
375f2e_2016-03,375f2e,2016-03,0.5
29849f_2017-10,29849f,2017-10,0.5
531356_2016-01,531356,2016-01,0.5
77e86b_2015-05,77e86b,2015-05,0.5
83894c_2017-03,83894c,2017-03,0.5
8005b9_2017-11,8005b9,2017-11,0.5
8005b9_2016-11,8005b9,2016-11,0.5
8005b9_2016-12,8005b9,2016-12,0.5
bc4c03_2016-11,bc4c03,2016-11,0.5
29849f_2018-07,29849f,2018-07,0.5
f4604d_2025-06,f4604d,2025-06,0.5
293190_2025-05,293190,2025-05,0.5
88a9a6_2018-08,88a9a6,2018-08,0.5
4fb2d3_2016-08,4fb2d3,2016-08,0.5
c5df88_2024-08,c5df88,2024-08,0.5
293190_2024-10,293190,2024-10,0.5
c5df88_2024-05,c5df88,2024-05,0.5
7aa803_2021-08,7aa803,2021-08,0.5
293190_2026-02,293190,2026-02,0.5
4fb2d3_2016-09,4fb2d3,2016-09,0.5
7aa803_2015-06,7aa803,2015-06,0.5
c5df88_2024-12,c5df88,2024-12,0.5
7aa803_2021-09,7aa803,2021-09,0.5
88a9a6_2016-07,88a9a6,2016-07,0.5
293190_2025-01,293190,2025-01,0.5
74fb1f_2024-11,74fb1f,2024-11,0.5
c5df88_2020-05,c5df88,2020-05,0.5
9b46ed_2021-10,9b46ed,2021-10,0.5
1996b0_2024-04,1996b0,2024-04,0.5
f4604d_2020-12,f4604d,2020-12,0.5
06534f_2014-08,06534f,2014-08,0.5
06534f_2016-06,06534f,2016-06,0.5
f4604d_2016-10,f4604d,2016-10,0.5
18defd_2018-11,18defd,2018-11,0.5
06534f_2016-07,06534f,2016-07,0.5
375f2e_2018-11,375f2e,2018-11,0.5
7a007d_2023-08,7a007d,2023-08,0.5
7a007d_2021-05,7a007d,2021-05,0.5
7a007d_2021-06,7a007d,2021-06,0.5
60a0fd_2015-05,60a0fd,2015-05,0.5
7a007d_2023-03,7a007d,2023-03,0.5
18defd_2016-10,18defd,2016-10,0.5
7a007d_2023-02,7a007d,2023-02,0.5
7a007d_2019-11,7a007d,2019-11,0.5
9af74c_2025-09,9af74c,2025-09,0.5
b08ec1_2015-06,b08ec1,2015-06,0.5
e7a56d_2016-10,e7a56d,2016-10,0.5
4718d7_2017-01,4718d7,2017-01,0.5
b59bc0_2018-10,b59bc0,2018-10,0.5
b59bc0_2017-10,b59bc0,2017-10,0.5
b59bc0_2018-08,b59bc0,2018-08,0.5
0cecbd_2017-12,0cecbd,2017-12,0.5
b59bc0_2017-09,b59bc0,2017-09,0.5
8d0588_2018-11,8d0588,2018-11,0.5
b1de95_2015-10,b1de95,2015-10,0.5
94f933_2023-01,94f933,2023-01,0.5
1b9e65_2025-04,1b9e65,2025-04,0.5
0cecbd_2016-04,0cecbd,2016-04,0.5
a25664_2020-04,a25664,2020-04,0.5
fd589c_2020-09,fd589c,2020-09,0.5
0ffc2d_2018-11,0ffc2d,2018-11,0.5
d59611_2020-06,d59611,2020-06,0.5
34889b_2016-07,34889b,2016-07,0.5
34889b_2016-08,34889b,2016-08,0.5
bf6f0d_2017-03,bf6f0d,2017-03,0.5
db5006_2017-01,db5006,2017-01,0.5
0ffc2d_2020-05,0ffc2d,2020-05,0.5
6c1954_2021-03,6c1954,2021-03,0.5
34889b_2016-10,34889b,2016-10,0.5
6c1954_2021-05,6c1954,2021-05,0.5
8fabe0_2015-11,8fabe0,2015-11,0.5
0ffc2d_2020-04,0ffc2d,2020-04,0.5
8fabe0_2016-02,8fabe0,2016-02,0.5
db4cd8_2020-05,db4cd8,2020-05,0.5
34889b_2016-11,34889b,2016-11,0.5
b08ec1_2018-08,b08ec1,2018-08,0.5
5ecf9b_2023-12,5ecf9b,2023-12,0.5
77e86b_2018-03,77e86b,2018-03,0.5
74b7d1_2019-06,74b7d1,2019-06,0.5
439fde_2023-11,439fde,2023-11,0.5
439fde_2024-04,439fde,2024-04,0.5
1b9e65_2023-01,1b9e65,2023-01,0.5
db5006_2023-03,db5006,2023-03,0.5
74b7d1_2022-10,74b7d1,2022-10,0.5
db5006_2024-10,db5006,2024-10,0.5
ab32d7_2023-11,ab32d7,2023-11,0.5
77e86b_2019-02,77e86b,2019-02,0.5
c3a69f_2024-05,c3a69f,2024-05,0.5
439fde_2025-01,439fde,2025-01,0.5
77e86b_2014-11,77e86b,2014-11,0.5
439fde_2020-01,439fde,2020-01,0.5
c3a69f_2024-01,c3a69f,2024-01,0.5
77e86b_2020-03,77e86b,2020-03,0.5
77e86b_2018-05,77e86b,2018-05,0.5
94f933_2025-05,94f933,2025-05,0.5
c3a69f_2025-02,c3a69f,2025-02,0.5
829a72_2023-02,829a72,2023-02,0.5
6224d0_2023-10,6224d0,2023-10,0.5
293190_2023-01,293190,2023-01,0.5
293190_2023-12,293190,2023-12,0.5
2ab8ad_2016-06,2ab8ad,2016-06,0.5
88a9a6_2022-12,88a9a6,2022-12,0.5
9b46ed_2025-05,9b46ed,2025-05,0.5
fc9334_2022-01,fc9334,2022-01,0.5
8bd3ce_2015-07,8bd3ce,2015-07,0.5
fc9334_2017-01,fc9334,2017-01,0.5
8e41cf_2018-01,8e41cf,2018-01,0.5
8e41cf_2019-11,8e41cf,2019-11,0.5
b26809_2020-08,b26809,2020-08,0.5
fc77d0_2019-06,fc77d0,2019-06,0.5
6224d0_2019-11,6224d0,2019-11,0.5
a25664_2018-12,a25664,2018-12,0.5
c5df88_2023-05,c5df88,2023-05,0.5
7aa803_2021-11,7aa803,2021-11,0.5
7aa803_2024-10,7aa803,2024-10,0.5
98a151_2023-05,98a151,2023-05,0.5
98a151_2025-03,98a151,2025-03,0.5
60a0fd_2023-09,60a0fd,2023-09,0.5
8bd3ce_2020-06,8bd3ce,2020-06,0.5
4fb2d3_2020-03,4fb2d3,2020-03,0.5
e60b65_2024-03,e60b65,2024-03,0.5
74fb1f_2016-03,74fb1f,2016-03,0.5
60a0fd_2025-01,60a0fd,2025-01,0.5
9cf1af_2022-12,9cf1af,2022-12,0.5
d86999_2023-07,d86999,2023-07,0.5
d86999_2023-12,d86999,2023-12,0.5
175155_2014-10,175155,2014-10,0.5
293190_2022-08,293190,2022-08,0.5
2ab8ad_2019-02,2ab8ad,2019-02,0.5
2ab8ad_2019-03,2ab8ad,2019-03,0.5
c5df88_2022-07,c5df88,2022-07,0.5
74fb1f_2018-12,74fb1f,2018-12,0.5
7aa803_2024-08,7aa803,2024-08,0.5
9b46ed_2018-02,9b46ed,2018-02,0.5
11f0e3_2025-06,11f0e3,2025-06,0.5
98a151_2023-12,98a151,2023-12,0.5
9befc8_2023-05,9befc8,2023-05,0.5
302d40_2024-12,302d40,2024-12,0.5
e3af0e_2023-05,e3af0e,2023-05,0.5
6c1954_2022-11,6c1954,2022-11,0.5
8bd3ce_2022-07,8bd3ce,2022-07,0.5
b26809_2020-10,b26809,2020-10,0.5
a25664_2014-12,a25664,2014-12,0.5
e2e0ce_2021-10,e2e0ce,2021-10,0.5
74fb1f_2014-12,74fb1f,2014-12,0.5
74fb1f_2021-02,74fb1f,2021-02,0.5
8fb6f0_2023-03,8fb6f0,2023-03,0.5
731908_2021-12,731908,2021-12,0.5
829a72_2023-07,829a72,2023-07,0.5
fc9334_2015-04,fc9334,2015-04,0.5
60a0fd_2018-05,60a0fd,2018-05,0.5
d86999_2016-07,d86999,2016-07,0.5
d86999_2022-12,d86999,2022-12,0.5
6c1954_2023-10,6c1954,2023-10,0.5
b26809_2017-01,b26809,2017-01,0.5
4fb2d3_2022-02,4fb2d3,2022-02,0.5
1698cf_2018-02,1698cf,2018-02,0.5
4718d7_2020-08,4718d7,2020-08,0.5
6f5e2b_2018-02,6f5e2b,2018-02,0.5
e2e0ce_2021-08,e2e0ce,2021-08,0.5
c5df88_2019-08,c5df88,2019-08,0.5
88a9a6_2019-02,88a9a6,2019-02,0.5
780a0b_2020-02,780a0b,2020-02,0.5
a97df3_2024-01,a97df3,2024-01,0.5
bfbeef_2019-02,bfbeef,2019-02,0.5
b26809_2018-05,b26809,2018-05,0.5
77c35f_2024-10,77c35f,2024-10,0.5
829a72_2022-09,829a72,2022-09,0.5
60a0fd_2018-12,60a0fd,2018-12,0.5
e3af0e_2021-07,e3af0e,2021-07,0.5
fc9334_2023-01,fc9334,2023-01,0.5
fc9334_2024-09,fc9334,2024-09,0.5
987bc1_2021-06,987bc1,2021-06,0.5
6224d0_2023-01,6224d0,2023-01,0.5
88a9a6_2022-07,88a9a6,2022-07,0.5
302d40_2023-04,302d40,2023-04,0.5
d86999_2016-06,d86999,2016-06,0.5
fc9334_2015-12,fc9334,2015-12,0.5
8bd3ce_2017-08,8bd3ce,2017-08,0.5
8e41cf_2018-03,8e41cf,2018-03,0.5
5a0174_2020-01,5a0174,2020-01,0.5
e2e0ce_2018-09,e2e0ce,2018-09,0.5
74fb1f_2015-03,74fb1f,2015-03,0.5
74fb1f_2019-07,74fb1f,2019-07,0.5
e3af0e_2024-12,e3af0e,2024-12,0.5
98a151_2021-06,98a151,2021-06,0.5
9cf1af_2022-09,9cf1af,2022-09,0.5
b26809_2016-11,b26809,2016-11,0.5
9befc8_2024-11,9befc8,2024-11,0.5
b08ec1_2018-03,b08ec1,2018-03,0.5
2ab8ad_2018-02,2ab8ad,2018-02,0.5
c5df88_2021-04,c5df88,2021-04,0.5
7aa803_2016-10,7aa803,2016-10,0.5
7aa803_2017-06,7aa803,2017-06,0.5
88a9a6_2022-01,88a9a6,2022-01,0.5
0f9e86_2024-08,0f9e86,2024-08,0.5
98a151_2025-06,98a151,2025-06,0.5
60a0fd_2024-04,60a0fd,2024-04,0.5
e3af0e_2024-01,e3af0e,2024-01,0.5
8bd3ce_2019-01,8bd3ce,2019-01,0.5
b26809_2015-09,b26809,2015-09,0.5
e2e0ce_2024-10,e2e0ce,2024-10,0.5
c5df88_2022-12,c5df88,2022-12,0.5
74fb1f_2025-04,74fb1f,2025-04,0.5
0f9e86_2025-01,0f9e86,2025-01,0.5
fc9334_2015-08,fc9334,2015-08,0.5
dbb709_2023-08,dbb709,2023-08,0.5
60a0fd_2025-05,60a0fd,2025-05,0.5
d86999_2016-08,d86999,2016-08,0.5
98a151_2019-09,98a151,2019-09,0.5
dbb709_2024-04,dbb709,2024-04,0.5
e3af0e_2019-07,e3af0e,2019-07,0.5
b26809_2023-08,b26809,2023-08,0.5
b08ec1_2018-12,b08ec1,2018-12,0.5
4fb2d3_2015-03,4fb2d3,2015-03,0.5
e2e0ce_2023-01,e2e0ce,2023-01,0.5
74fb1f_2022-04,74fb1f,2022-04,0.5
7aa803_2016-07,7aa803,2016-07,0.5
8fb6f0_2021-03,8fb6f0,2021-03,0.5
11f0e3_2023-01,11f0e3,2023-01,0.5
11f0e3_2023-11,11f0e3,2023-11,0.5
dbb709_2024-02,dbb709,2024-02,0.5
8e41cf_2016-10,8e41cf,2016-10,0.5
e3af0e_2019-05,e3af0e,2019-05,0.5
8e41cf_2017-08,8e41cf,2017-08,0.5
8e41cf_2023-01,8e41cf,2023-01,0.5
fc77d0_2023-11,fc77d0,2023-11,0.5
c5df88_2018-01,c5df88,2018-01,0.5
74fb1f_2024-05,74fb1f,2024-05,0.5
74fb1f_2024-09,74fb1f,2024-09,0.5
88a9a6_2015-07,88a9a6,2015-07,0.5
302d40_2022-05,302d40,2022-05,0.5
e3af0e_2021-01,e3af0e,2021-01,0.5
b26809_2016-02,b26809,2016-02,0.5
8e41cf_2021-12,8e41cf,2021-12,0.5
6838b9_2018-06,6838b9,2018-06,0.5
74fb1f_2019-06,74fb1f,2019-06,0.5
98a151_2025-01,98a151,2025-01,0.5
0f9e86_2024-04,0f9e86,2024-04,0.5
829a72_2019-03,829a72,2019-03,0.5
d86999_2017-09,d86999,2017-09,0.5
6c1954_2023-07,6c1954,2023-07,0.5
b26809_2019-06,b26809,2019-06,0.5
8bd3ce_2024-12,8bd3ce,2024-12,0.5
8e41cf_2016-07,8e41cf,2016-07,0.5
b26809_2021-02,b26809,2021-02,0.5
b08ec1_2024-08,b08ec1,2024-08,0.5
9af74c_2022-02,9af74c,2022-02,0.5
6f5e2b_2019-10,6f5e2b,2019-10,0.5
c5df88_2018-10,c5df88,2018-10,0.5
74fb1f_2017-01,74fb1f,2017-01,0.5
9b46ed_2015-02,9b46ed,2015-02,0.5
780a0b_2024-05,780a0b,2024-05,0.5
8fb6f0_2020-07,8fb6f0,2020-07,0.5
77c35f_2023-03,77c35f,2023-03,0.5
d86999_2021-06,d86999,2021-06,0.5
8bd3ce_2017-09,8bd3ce,2017-09,0.5
b26809_2017-09,b26809,2017-09,0.5
b26809_2021-03,b26809,2021-03,0.5
bc4c03_2021-07,bc4c03,2021-07,0.5
259a19_2018-03,259a19,2018-03,0.5
532867_2024-10,532867,2024-10,0.5
e2e0ce_2019-08,e2e0ce,2019-08,0.5
e2e0ce_2023-03,e2e0ce,2023-03,0.5
c5df88_2017-08,c5df88,2017-08,0.5
c5df88_2023-01,c5df88,2023-01,0.5
7aa803_2015-02,7aa803,2015-02,0.5
7aa803_2021-07,7aa803,2021-07,0.5
9b46ed_2022-03,9b46ed,2022-03,0.5
175155_2020-01,175155,2020-01,0.5
60a0fd_2020-12,60a0fd,2020-12,0.5
fc2511_2025-07,fc2511,2025-07,0.5
b26809_2025-04,b26809,2025-04,0.5
34889b_2025-07,34889b,2025-07,0.5
fc77d0_2022-11,fc77d0,2022-11,0.5
e2e0ce_2021-03,e2e0ce,2021-03,0.5
74fb1f_2022-02,74fb1f,2022-02,0.5
74fb1f_2024-07,74fb1f,2024-07,0.5
bfbeef_2016-02,bfbeef,2016-02,0.5
bfbeef_2023-05,bfbeef,2023-05,0.5
98a151_2024-10,98a151,2024-10,0.5
e3af0e_2020-01,e3af0e,2020-01,0.5
d86999_2021-02,d86999,2021-02,0.5
d86999_2022-07,d86999,2022-07,0.5
6c1954_2022-01,6c1954,2022-01,0.5
8e41cf_2025-02,8e41cf,2025-02,0.5
175155_2022-10,175155,2022-10,0.5
a25664_2024-11,a25664,2024-11,0.5
293190_2015-04,293190,2015-04,0.5
293190_2016-10,293190,2016-10,0.5
293190_2017-09,293190,2017-09,0.5
e2e0ce_2025-08,e2e0ce,2025-08,0.5
74fb1f_2022-05,74fb1f,2022-05,0.5
7aa803_2019-01,7aa803,2019-01,0.5
302d40_2025-05,302d40,2025-05,0.5
6c1954_2021-09,6c1954,2021-09,0.5
db4cd8_2022-12,db4cd8,2022-12,0.5
8bd3ce_2016-07,8bd3ce,2016-07,0.5
265164_2023-11,265164,2023-11,0.5
175155_2024-01,175155,2024-01,0.5
c5df88_2016-08,c5df88,2016-08,0.5
88a9a6_2023-06,88a9a6,2023-06,0.5
77c35f_2023-04,77c35f,2023-04,0.5
fc9334_2018-10,fc9334,2018-10,0.5
8bd3ce_2016-12,8bd3ce,2016-12,0.5
60a0fd_2022-01,60a0fd,2022-01,0.5
302d40_2024-10,302d40,2024-10,0.5
e3af0e_2023-10,e3af0e,2023-10,0.5
bc4c03_2025-08,bc4c03,2025-08,0.5
3a13b3_2014-11,3a13b3,2014-11,0.5
e2e0ce_2024-09,e2e0ce,2024-09,0.5
c5df88_2018-12,c5df88,2018-12,0.5
74fb1f_2016-04,74fb1f,2016-04,0.5
74fb1f_2024-10,74fb1f,2024-10,0.5
88a9a6_2017-01,88a9a6,2017-01,0.5
780a0b_2024-07,780a0b,2024-07,0.5
d86999_2017-08,d86999,2017-08,0.5
fc9334_2021-06,fc9334,2021-06,0.5
fc9334_2021-12,fc9334,2021-12,0.5
fc9334_2023-07,fc9334,2023-07,0.5
8bd3ce_2023-11,8bd3ce,2023-11,0.5
34889b_2019-01,34889b,2019-01,0.5
34889b_2024-03,34889b,2024-03,0.5
18defd_2014-06,18defd,2014-06,0.5
e2e0ce_2023-07,e2e0ce,2023-07,0.5
74fb1f_2017-11,74fb1f,2017-11,0.5
98a151_2023-02,98a151,2023-02,0.5
e3af0e_2020-02,e3af0e,2020-02,0.5
d86999_2022-02,d86999,2022-02,0.5
fc9334_2024-02,fc9334,2024-02,0.5
8bd3ce_2022-02,8bd3ce,2022-02,0.5
fc77d0_2015-02,fc77d0,2015-02,0.5
6224d0_2023-11,6224d0,2023-11,0.5
293190_2024-06,293190,2024-06,0.5
e2e0ce_2016-05,e2e0ce,2016-05,0.5
e2e0ce_2018-06,e2e0ce,2018-06,0.5
2ab8ad_2021-11,2ab8ad,2021-11,0.5
7aa803_2018-09,7aa803,2018-09,0.5
7aa803_2023-06,7aa803,2023-06,0.5
88a9a6_2021-10,88a9a6,2021-10,0.5
9b46ed_2025-08,9b46ed,2025-08,0.5
77c35f_2023-11,77c35f,2023-11,0.5
8bd3ce_2015-08,8bd3ce,2015-08,0.5
8e41cf_2017-12,8e41cf,2017-12,0.5
6c1954_2023-03,6c1954,2023-03,0.5
8e41cf_2023-07,8e41cf,2023-07,0.5
d59611_2019-01,d59611,2019-01,0.5
b08ec1_2020-01,b08ec1,2020-01,0.5
265164_2025-03,265164,2025-03,0.5
88a9a6_2024-10,88a9a6,2024-10,0.5
98a151_2024-07,98a151,2024-07,0.5
77c35f_2023-02,77c35f,2023-02,0.5
8bd3ce_2015-04,8bd3ce,2015-04,0.5
8bd3ce_2024-10,8bd3ce,2024-10,0.5
b08ec1_2025-08,b08ec1,2025-08,0.5
4718d7_2019-02,4718d7,2019-02,0.5
375f2e_2015-10,375f2e,2015-10,0.5
2ab8ad_2023-02,2ab8ad,2023-02,0.5
bfbeef_2015-12,bfbeef,2015-12,0.5
60a0fd_2024-03,60a0fd,2024-03,0.5
302d40_2022-09,302d40,2022-09,0.5
d86999_2022-04,d86999,2022-04,0.5
8e41cf_2017-03,8e41cf,2017-03,0.5
175155_2018-06,175155,2018-06,0.5
9b3bd5_2025-07,9b3bd5,2025-07,0.5
74fb1f_2024-02,74fb1f,2024-02,0.5
9f1aa0_2020-08,9f1aa0,2020-08,0.5
510fbf_2025-04,510fbf,2025-04,0.5
731908_2015-06,731908,2015-06,0.5
bfbeef_2017-09,bfbeef,2017-09,0.5
894378_2022-05,894378,2022-05,0.5
6c1954_2020-01,6c1954,2020-01,0.5
19fa84_2021-03,19fa84,2021-03,0.5
19fa84_2021-11,19fa84,2021-11,0.5
9f1aa0_2016-05,9f1aa0,2016-05,0.5
bfbeef_2016-05,bfbeef,2016-05,0.5
8ec563_2021-08,8ec563,2021-08,0.5
fd589c_2023-09,fd589c,2023-09,0.5
e361b7_2018-05,e361b7,2018-05,0.5
e4bc80_2024-09,e4bc80,2024-09,0.5
bfbeef_2017-04,bfbeef,2017-04,0.5
29849f_2022-08,29849f,2022-08,0.5
8ec563_2024-05,8ec563,2024-05,0.5
fd589c_2014-08,fd589c,2014-08,0.5
fd589c_2019-10,fd589c,2019-10,0.5
e361b7_2021-11,e361b7,2021-11,0.5
9af74c_2024-11,9af74c,2024-11,0.5
9f1aa0_2015-01,9f1aa0,2015-01,0.5
fa8553_2023-03,fa8553,2023-03,0.5
8ec563_2025-02,8ec563,2025-02,0.5
19fa84_2022-03,19fa84,2022-03,0.5
513080_2024-05,513080,2024-05,0.5
9f1aa0_2019-02,9f1aa0,2019-02,0.5
fa8553_2022-09,fa8553,2022-09,0.5
bfbeef_2017-05,bfbeef,2017-05,0.5
19fa84_2018-05,19fa84,2018-05,0.5
e361b7_2014-08,e361b7,2014-08,0.5
e361b7_2015-02,e361b7,2015-02,0.5
9af74c_2024-08,9af74c,2024-08,0.5
513080_2023-10,513080,2023-10,0.5
510fbf_2024-10,510fbf,2024-10,0.5
bfbeef_2019-10,bfbeef,2019-10,0.5
8fb6f0_2019-11,8fb6f0,2019-11,0.5
894378_2022-07,894378,2022-07,0.5
c5816f_2019-12,c5816f,2019-12,0.5
19fa84_2018-06,19fa84,2018-06,0.5
e361b7_2024-04,e361b7,2024-04,0.5
e4bc80_2024-10,e4bc80,2024-10,0.5
e4bc80_2025-07,e4bc80,2025-07,0.5
513080_2022-01,513080,2022-01,0.5
8ec563_2018-02,8ec563,2018-02,0.5
8ec563_2023-02,8ec563,2023-02,0.5
e361b7_2021-01,e361b7,2021-01,0.5
e4bc80_2014-10,e4bc80,2014-10,0.5
894378_2021-04,894378,2021-04,0.5
894378_2024-01,894378,2024-01,0.5
8ec563_2022-09,8ec563,2022-09,0.5
9f1aa0_2019-11,9f1aa0,2019-11,0.5
9f1aa0_2021-05,9f1aa0,2021-05,0.5
9f1aa0_2023-12,9f1aa0,2023-12,0.5
510fbf_2024-08,510fbf,2024-08,0.5
bfbeef_2023-01,bfbeef,2023-01,0.5
c5816f_2014-08,c5816f,2014-08,0.5
19fa84_2022-09,19fa84,2022-09,0.5
19fa84_2025-07,19fa84,2025-07,0.5
e361b7_2024-01,e361b7,2024-01,0.5
bfbeef_2025-09,bfbeef,2025-09,0.5
780a0b_2014-08,780a0b,2014-08,0.5
e4bc80_2022-07,e4bc80,2022-07,0.5
513080_2023-05,513080,2023-05,0.5
510fbf_2023-03,510fbf,2023-03,0.5
c5816f_2025-08,c5816f,2025-08,0.5
19fa84_2022-11,19fa84,2022-11,0.5
e361b7_2020-10,e361b7,2020-10,0.5
9f1aa0_2021-06,9f1aa0,2021-06,0.5
fa8553_2022-12,fa8553,2022-12,0.5
bfbeef_2024-05,bfbeef,2024-05,0.5
8ec563_2019-11,8ec563,2019-11,0.5
6c1954_2022-05,6c1954,2022-05,0.5
513080_2024-03,513080,2024-03,0.5
894378_2022-03,894378,2022-03,0.5
8ec563_2019-09,8ec563,2019-09,0.5
19fa84_2021-01,19fa84,2021-01,0.5
19fa84_2021-02,19fa84,2021-02,0.5
9f1aa0_2021-02,9f1aa0,2021-02,0.5
9f1aa0_2023-10,9f1aa0,2023-10,0.5
780a0b_2015-12,780a0b,2015-12,0.5
9befc8_2015-08,9befc8,2015-08,0.5
c5816f_2019-09,c5816f,2019-09,0.5
8ec563_2019-01,8ec563,2019-01,0.5
fd589c_2017-02,fd589c,2017-02,0.5
6c1954_2019-12,6c1954,2019-12,0.5
19fa84_2018-03,19fa84,2018-03,0.5
e4bc80_2023-05,e4bc80,2023-05,0.5
bfbeef_2018-09,bfbeef,2018-09,0.5
bfbeef_2023-09,bfbeef,2023-09,0.5
894378_2023-11,894378,2023-11,0.5
9f1aa0_2025-06,9f1aa0,2025-06,0.5
bfbeef_2025-06,bfbeef,2025-06,0.5
c5816f_2018-02,c5816f,2018-02,0.5
8ec563_2014-11,8ec563,2014-11,0.5
19fa84_2018-04,19fa84,2018-04,0.5
19fa84_2023-04,19fa84,2023-04,0.5
e361b7_2025-04,e361b7,2025-04,0.5
e361b7_2025-07,e361b7,2025-07,0.5
9f1aa0_2024-10,9f1aa0,2024-10,0.5
894378_2025-01,894378,2025-01,0.5
fd589c_2018-04,fd589c,2018-04,0.5
fd589c_2021-02,fd589c,2021-02,0.5
894378_2025-04,894378,2025-04,0.5
8ec563_2022-07,8ec563,2022-07,0.5
8ec563_2023-04,8ec563,2023-04,0.5
fd589c_2017-06,fd589c,2017-06,0.5
e361b7_2018-07,e361b7,2018-07,0.5
e4bc80_2022-08,e4bc80,2022-08,0.5
9f1aa0_2022-06,9f1aa0,2022-06,0.5
8fb6f0_2014-07,8fb6f0,2014-07,0.5
8fb6f0_2018-09,8fb6f0,2018-09,0.5
731908_2021-10,731908,2021-10,0.5
731908_2024-10,731908,2024-10,0.5
780a0b_2020-12,780a0b,2020-12,0.5
9befc8_2015-04,9befc8,2015-04,0.5
c5816f_2014-09,c5816f,2014-09,0.5
c5816f_2021-07,c5816f,2021-07,0.5
6c1954_2022-04,6c1954,2022-04,0.5
19fa84_2019-01,19fa84,2019-01,0.5
bfbeef_2022-11,bfbeef,2022-11,0.5
c5816f_2022-12,c5816f,2022-12,0.5
e4bc80_2018-06,e4bc80,2018-06,0.5
513080_2023-04,513080,2023-04,0.5
9f1aa0_2021-03,9f1aa0,2021-03,0.5
9f1aa0_2025-05,9f1aa0,2025-05,0.5
731908_2019-10,731908,2019-10,0.5
780a0b_2015-10,780a0b,2015-10,0.5
0f9e86_2022-06,0f9e86,2022-06,0.5
531356_2022-07,531356,2022-07,0.5
894378_2018-12,894378,2018-12,0.5
c5816f_2023-06,c5816f,2023-06,0.5
19fa84_2021-10,19fa84,2021-10,0.5
11f0e3_2024-08,11f0e3,2024-08,0.5
b26809_2019-10,b26809,2019-10,0.5
780a0b_2025-05,780a0b,2025-05,0.5
7bf5c9_2019-02,7bf5c9,2019-02,0.5
7bf5c9_2022-07,7bf5c9,2022-07,0.5
f500c5_2021-01,f500c5,2021-01,0.5
265164_2025-07,265164,2025-07,0.5
439fde_2023-03,439fde,2023-03,0.5
83894c_2022-06,83894c,2022-06,0.5
87cfea_2021-03,87cfea,2021-03,0.5
99c11c_2021-02,99c11c,2021-02,0.5
11f0e3_2017-11,11f0e3,2017-11,0.5
780a0b_2015-07,780a0b,2015-07,0.5
8fb6f0_2016-05,8fb6f0,2016-05,0.5
f1543b_2021-02,f1543b,2021-02,0.5
1b9e65_2025-06,1b9e65,2025-06,0.5
780a0b_2022-08,780a0b,2022-08,0.5
8fb6f0_2023-08,8fb6f0,2023-08,0.5
0f9e86_2023-01,0f9e86,2023-01,0.5
7bf5c9_2020-06,7bf5c9,2020-06,0.5
3a13b3_2015-01,3a13b3,2015-01,0.5
11f0e3_2022-02,11f0e3,2022-02,0.5
780a0b_2019-07,780a0b,2019-07,0.5
8fb6f0_2021-07,8fb6f0,2021-07,0.5
8fb6f0_2025-01,8fb6f0,2025-01,0.5
0f9e86_2022-03,0f9e86,2022-03,0.5
f1543b_2014-12,f1543b,2014-12,0.5
f1543b_2020-09,f1543b,2020-09,0.5
f500c5_2022-07,f500c5,2022-07,0.5
9befc8_2019-08,9befc8,2019-08,0.5
7bf5c9_2018-06,7bf5c9,2018-06,0.5
87cfea_2024-06,87cfea,2024-06,0.5
7bf5c9_2023-02,7bf5c9,2023-02,0.5
bc4c03_2019-10,bc4c03,2019-10,0.5
780a0b_2017-09,780a0b,2017-09,0.5
8fb6f0_2014-04,8fb6f0,2014-04,0.5
8bd3ce_2019-10,8bd3ce,2019-10,0.5
0f9e86_2023-06,0f9e86,2023-06,0.5
f1543b_2022-11,f1543b,2022-11,0.5
f500c5_2020-07,f500c5,2020-07,0.5
4f2b6b_2024-03,4f2b6b,2024-03,0.5
11f0e3_2016-11,11f0e3,2016-11,0.5
11f0e3_2024-10,11f0e3,2024-10,0.5
f500c5_2019-06,f500c5,2019-06,0.5
c3a69f_2020-10,c3a69f,2020-10,0.5
780a0b_2019-10,780a0b,2019-10,0.5
780a0b_2021-01,780a0b,2021-01,0.5
0f9e86_2017-04,0f9e86,2017-04,0.5
c580aa_2014-05,c580aa,2014-05,0.5
4f2b6b_2024-10,4f2b6b,2024-10,0.5
83894c_2021-07,83894c,2021-07,0.5
11f0e3_2023-10,11f0e3,2023-10,0.5
8fb6f0_2021-01,8fb6f0,2021-01,0.5
0f9e86_2019-09,0f9e86,2019-09,0.5
0f9e86_2025-05,0f9e86,2025-05,0.5
9befc8_2025-08,9befc8,2025-08,0.5
f1543b_2023-05,f1543b,2023-05,0.5
0f9e86_2024-12,0f9e86,2024-12,0.5
87cfea_2020-06,87cfea,2020-06,0.5
99c11c_2024-04,99c11c,2024-04,0.5
731908_2020-07,731908,2020-07,0.5
11f0e3_2020-09,11f0e3,2020-09,0.5
0f9e86_2023-09,0f9e86,2023-09,0.5
9befc8_2021-08,9befc8,2021-08,0.5
9befc8_2022-12,9befc8,2022-12,0.5
0874ee_2018-03,0874ee,2018-03,0.5
7bf5c9_2018-01,7bf5c9,2018-01,0.5
7bf5c9_2023-06,7bf5c9,2023-06,0.5
f500c5_2018-12,f500c5,2018-12,0.5
87cfea_2019-10,87cfea,2019-10,0.5
87cfea_2025-03,87cfea,2025-03,0.5
780a0b_2019-08,780a0b,2019-08,0.5
11f0e3_2018-09,11f0e3,2018-09,0.5
8bd3ce_2020-10,8bd3ce,2020-10,0.5
9befc8_2023-01,9befc8,2023-01,0.5
7bf5c9_2024-10,7bf5c9,2024-10,0.5
f1543b_2025-01,f1543b,2025-01,0.5
f500c5_2023-04,f500c5,2023-04,0.5
83894c_2020-07,83894c,2020-07,0.5
87cfea_2019-06,87cfea,2019-06,0.5
9befc8_2017-10,9befc8,2017-10,0.5
4f2b6b_2024-04,4f2b6b,2024-04,0.5
11f0e3_2019-06,11f0e3,2019-06,0.5
fc9334_2020-08,fc9334,2020-08,0.5
731908_2020-02,731908,2020-02,0.5
9befc8_2018-10,9befc8,2018-10,0.5
b73bc7_2015-02,b73bc7,2015-02,0.5
11f0e3_2017-04,11f0e3,2017-04,0.5
11f0e3_2019-08,11f0e3,2019-08,0.5
11f0e3_2025-01,11f0e3,2025-01,0.5
0f9e86_2020-11,0f9e86,2020-11,0.5
0f9e86_2021-10,0f9e86,2021-10,0.5
f500c5_2020-04,f500c5,2020-04,0.5
c3a69f_2022-11,c3a69f,2022-11,0.5
8fb6f0_2018-08,8fb6f0,2018-08,0.5
9befc8_2016-12,9befc8,2016-12,0.5
f1543b_2023-10,f1543b,2023-10,0.5
3a13b3_2015-02,3a13b3,2015-02,0.5
83894c_2022-03,83894c,2022-03,0.5
731908_2022-06,731908,2022-06,0.5
731908_2025-04,731908,2025-04,0.5
8fb6f0_2021-04,8fb6f0,2021-04,0.5
8fb6f0_2021-10,8fb6f0,2021-10,0.5
8fb6f0_2024-12,8fb6f0,2024-12,0.5
0f9e86_2016-10,0f9e86,2016-10,0.5
4f2b6b_2025-08,4f2b6b,2025-08,0.5
87cfea_2022-05,87cfea,2022-05,0.5
8e41cf_2020-01,8e41cf,2020-01,0.5
9befc8_2020-08,9befc8,2020-08,0.5
87cfea_2021-02,87cfea,2021-02,0.5
780a0b_2025-03,780a0b,2025-03,0.5
8fb6f0_2023-04,8fb6f0,2023-04,0.5
9befc8_2024-12,9befc8,2024-12,0.5
f1543b_2025-08,f1543b,2025-08,0.5
87cfea_2020-08,87cfea,2020-08,0.5
87cfea_2020-10,87cfea,2020-10,0.5
731908_2019-12,731908,2019-12,0.5
731908_2021-04,731908,2021-04,0.5
9befc8_2019-09,9befc8,2019-09,0.5
87cfea_2020-02,87cfea,2020-02,0.5
731908_2017-09,731908,2017-09,0.5
780a0b_2020-09,780a0b,2020-09,0.5
0f9e86_2022-01,0f9e86,2022-01,0.5
7a007d_2025-07,7a007d,2025-07,0.5
b1de95_2019-03,b1de95,2019-03,0.5
1b9e65_2025-01,1b9e65,2025-01,0.5
6c1954_2019-11,6c1954,2019-11,0.5
e4bc80_2021-11,e4bc80,2021-11,0.5
4718d7_2020-02,4718d7,2020-02,0.5
b416b1_2019-06,b416b1,2019-06,0.5
db4cd8_2015-01,db4cd8,2015-01,0.5
d59611_2025-08,d59611,2025-08,0.5
b08ec1_2024-04,b08ec1,2024-04,0.5
c5816f_2016-05,c5816f,2016-05,0.5
f461d4_2024-04,f461d4,2024-04,0.5
259a19_2024-10,259a19,2024-10,0.5
db4cd8_2024-07,db4cd8,2024-07,0.5
db4cd8_2025-03,db4cd8,2025-03,0.5
1698cf_2018-09,1698cf,2018-09,0.5
db4cd8_2022-06,db4cd8,2022-06,0.5
c5816f_2016-06,c5816f,2016-06,0.5
c5816f_2020-01,c5816f,2020-01,0.5
6c1954_2024-05,6c1954,2024-05,0.5
c48018_2025-08,c48018,2025-08,0.5
b416b1_2023-03,b416b1,2023-03,0.5
06534f_2018-01,06534f,2018-01,0.5
175155_2015-02,175155,2015-02,0.5
f461d4_2015-02,f461d4,2015-02,0.5
f461d4_2022-10,f461d4,2022-10,0.5
90abb1_2018-03,90abb1,2018-03,0.5
90abb1_2018-12,90abb1,2018-12,0.5
c5816f_2014-11,c5816f,2014-11,0.5
8fabe0_2024-12,8fabe0,2024-12,0.5
d59611_2018-02,d59611,2018-02,0.5
6838b9_2020-02,6838b9,2020-02,0.5
c5816f_2016-01,c5816f,2016-01,0.5
e4bc80_2014-08,e4bc80,2014-08,0.5
e7a56d_2025-06,e7a56d,2025-06,0.5
4718d7_2023-05,4718d7,2023-05,0.5
259a19_2014-09,259a19,2014-09,0.5
34889b_2022-08,34889b,2022-08,0.5
8005b9_2023-07,8005b9,2023-07,0.5
77b3b9_2021-06,77b3b9,2021-06,0.5
db4cd8_2022-03,db4cd8,2022-03,0.5
9af74c_2019-08,9af74c,2019-08,0.5
6c1954_2019-06,6c1954,2019-06,0.5
19fa84_2015-05,19fa84,2015-05,0.5
19fa84_2025-08,19fa84,2025-08,0.5
e7a56d_2024-11,e7a56d,2024-11,0.5
a42d13_2025-03,a42d13,2025-03,0.5
14fe3a_2022-06,14fe3a,2022-06,0.5
fb737b_2021-02,fb737b,2021-02,0.5
175155_2014-11,175155,2014-11,0.5
b08ec1_2019-05,b08ec1,2019-05,0.5
894378_2017-11,894378,2017-11,0.5
fd589c_2023-07,fd589c,2023-07,0.5
e361b7_2015-06,e361b7,2015-06,0.5
e4bc80_2020-04,e4bc80,2020-04,0.5
e7a56d_2015-03,e7a56d,2015-03,0.5
e7a56d_2019-07,e7a56d,2019-07,0.5
e7a56d_2023-06,e7a56d,2023-06,0.5
259a19_2019-01,259a19,2019-01,0.5
db4cd8_2024-01,db4cd8,2024-01,0.5
34889b_2024-12,34889b,2024-12,0.5
bf6f0d_2025-08,bf6f0d,2025-08,0.5
fc77d0_2019-05,fc77d0,2019-05,0.5
e4bc80_2015-08,e4bc80,2015-08,0.5
e7a56d_2022-04,e7a56d,2022-04,0.5
c48018_2019-11,c48018,2019-11,0.5
259a19_2023-08,259a19,2023-08,0.5
0ffc2d_2019-09,0ffc2d,2019-09,0.5
4fb2d3_2017-11,4fb2d3,2017-11,0.5
c5816f_2018-08,c5816f,2018-08,0.5
19fa84_2024-06,19fa84,2024-06,0.5
e4bc80_2015-04,e4bc80,2015-04,0.5
e7a56d_2018-06,e7a56d,2018-06,0.5
6f5e2b_2024-10,6f5e2b,2024-10,0.5
1822ea_2018-04,1822ea,2018-04,0.5
0ffc2d_2018-12,0ffc2d,2018-12,0.5
4718d7_2025-01,4718d7,2025-01,0.5
b416b1_2022-10,b416b1,2022-10,0.5
259a19_2024-07,259a19,2024-07,0.5
d59611_2014-03,d59611,2014-03,0.5
b08ec1_2022-09,b08ec1,2022-09,0.5
77b3b9_2022-08,77b3b9,2022-08,0.5
259a19_2017-07,259a19,2017-07,0.5
8ec563_2015-01,8ec563,2015-01,0.5
14fe3a_2020-01,14fe3a,2020-01,0.5
b08ec1_2022-04,b08ec1,2022-04,0.5
259a19_2018-10,259a19,2018-10,0.5
0ffc2d_2019-01,0ffc2d,2019-01,0.5
4fb2d3_2018-06,4fb2d3,2018-06,0.5
1698cf_2022-11,1698cf,2022-11,0.5
bf6f0d_2015-10,bf6f0d,2015-10,0.5
5a0174_2019-11,5a0174,2019-11,0.5
6f5e2b_2019-12,6f5e2b,2019-12,0.5
db4cd8_2021-07,db4cd8,2021-07,0.5
90abb1_2025-03,90abb1,2025-03,0.5
8005b9_2024-10,8005b9,2024-10,0.5
375f2e_2019-03,375f2e,2019-03,0.5
894378_2016-01,894378,2016-01,0.5
e7a56d_2019-02,e7a56d,2019-02,0.5
e7a56d_2024-09,e7a56d,2024-09,0.5
5a0174_2025-01,5a0174,2025-01,0.5
d59611_2021-11,d59611,2021-11,0.5
8005b9_2022-09,8005b9,2022-09,0.5
1698cf_2025-03,1698cf,2025-03,0.5
6f5e2b_2023-03,6f5e2b,2023-03,0.5
1822ea_2024-01,1822ea,2024-01,0.5
8ec563_2014-08,8ec563,2014-08,0.5
fd589c_2015-05,fd589c,2015-05,0.5
c48018_2024-09,c48018,2024-09,0.5
424c1b_2025-04,424c1b,2025-04,0.5
4fb2d3_2019-08,4fb2d3,2019-08,0.5
e361b7_2017-02,e361b7,2017-02,0.5
60a0fd_2019-05,60a0fd,2019-05,0.5
c48018_2019-08,c48018,2019-08,0.5
b416b1_2022-05,b416b1,2022-05,0.5
b416b1_2022-09,b416b1,2022-09,0.5
259a19_2014-08,259a19,2014-08,0.5
8005b9_2022-07,8005b9,2022-07,0.5
77b3b9_2019-01,77b3b9,2019-01,0.5
6c1954_2019-10,6c1954,2019-10,0.5
19fa84_2024-05,19fa84,2024-05,0.5
e4bc80_2014-06,e4bc80,2014-06,0.5
18defd_2014-09,18defd,2014-09,0.5
18defd_2023-08,18defd,2023-08,0.5
4718d7_2021-11,4718d7,2021-11,0.5
8fabe0_2014-06,8fabe0,2014-06,0.5
6f5e2b_2014-08,6f5e2b,2014-08,0.5
b416b1_2015-02,b416b1,2015-02,0.5
b416b1_2023-09,b416b1,2023-09,0.5
db4cd8_2015-02,db4cd8,2015-02,0.5
d59611_2018-04,d59611,2018-04,0.5
b08ec1_2023-11,b08ec1,2023-11,0.5
175155_2019-07,175155,2019-07,0.5
6c1954_2021-07,6c1954,2021-07,0.5
19fa84_2017-01,19fa84,2017-01,0.5
c48018_2018-06,c48018,2018-06,0.5
14fe3a_2015-01,14fe3a,2015-01,0.5
1822ea_2023-10,1822ea,2023-10,0.5
fc77d0_2019-02,fc77d0,2019-02,0.5
c48018_2018-04,c48018,2018-04,0.5
5a0174_2019-02,5a0174,2019-02,0.5
5a0174_2018-04,5a0174,2018-04,0.5
a25664_2019-10,a25664,2019-10,0.5
a25664_2020-01,a25664,2020-01,0.5
b416b1_2025-08,b416b1,2025-08,0.5
8005b9_2019-01,8005b9,2019-01,0.5
424c1b_2024-10,424c1b,2024-10,0.5
0874ee_2021-03,0874ee,2021-03,0.5
375f2e_2024-05,375f2e,2024-05,0.5
6c1954_2023-11,6c1954,2023-11,0.5
fd589c_2014-03,fd589c,2014-03,0.5
e4bc80_2014-12,e4bc80,2014-12,0.5
e4bc80_2017-10,e4bc80,2017-10,0.5
e7a56d_2018-01,e7a56d,2018-01,0.5
e7a56d_2022-05,e7a56d,2022-05,0.5
18defd_2025-08,18defd,2025-08,0.5
c48018_2023-09,c48018,2023-09,0.5
b08ec1_2019-06,b08ec1,2019-06,0.5
259a19_2022-11,259a19,2022-11,0.5
d59611_2023-08,d59611,2023-08,0.5
9af74c_2014-12,9af74c,2014-12,0.5
8ec563_2021-06,8ec563,2021-06,0.5
fd589c_2017-05,fd589c,2017-05,0.5
e7a56d_2022-07,e7a56d,2022-07,0.5
6f5e2b_2018-04,6f5e2b,2018-04,0.5
14fe3a_2020-03,14fe3a,2020-03,0.5
bf6f0d_2022-08,bf6f0d,2022-08,0.5
0874ee_2019-06,0874ee,2019-06,0.5
f461d4_2018-01,f461d4,2018-01,0.5
8ec563_2017-11,8ec563,2017-11,0.5
18defd_2017-02,18defd,2017-02,0.5
1698cf_2019-11,1698cf,2019-11,0.5
1698cf_2024-12,1698cf,2024-12,0.5
bf6f0d_2023-06,bf6f0d,2023-06,0.5
6f5e2b_2022-10,6f5e2b,2022-10,0.5
a25664_2018-05,a25664,2018-05,0.5
db4cd8_2019-10,db4cd8,2019-10,0.5
9af74c_2018-01,9af74c,2018-01,0.5
1698cf_2015-02,1698cf,2015-02,0.5
c5816f_2015-12,c5816f,2015-12,0.5
b416b1_2024-01,b416b1,2024-01,0.5
14fe3a_2024-10,14fe3a,2024-10,0.5
db4cd8_2023-03,db4cd8,2023-03,0.5
8b98f3_2022-08,8b98f3,2022-08,0.5
7e646c_2025-07,7e646c,2025-07,0.5
0f9e86_2016-04,0f9e86,2016-04,0.5
0ffc2d_2022-05,0ffc2d,2022-05,0.5
0ffc2d_2024-01,0ffc2d,2024-01,0.5
74b7d1_2023-04,74b7d1,2023-04,0.5
4718d7_2024-01,4718d7,2024-01,0.5
77e86b_2018-01,77e86b,2018-01,0.5
ab32d7_2023-07,ab32d7,2023-07,0.5
f461d4_2023-09,f461d4,2023-09,0.5
11f0e3_2018-02,11f0e3,2018-02,0.5
6f5e2b_2025-07,6f5e2b,2025-07,0.5
5ecf9b_2022-11,5ecf9b,2022-11,0.5
cd0e60_2023-04,cd0e60,2023-04,0.5
6f5e2b_2023-07,6f5e2b,2023-07,0.5
0f9e86_2018-03,0f9e86,2018-03,0.5
0ffc2d_2024-08,0ffc2d,2024-08,0.5
0f9e86_2017-08,0f9e86,2017-08,0.5
99c11c_2024-01,99c11c,2024-01,0.5
7e646c_2024-04,7e646c,2024-04,0.5
5a0174_2025-07,5a0174,2025-07,0.5
94f933_2023-10,94f933,2023-10,0.5
0ffc2d_2021-01,0ffc2d,2021-01,0.5
f461d4_2024-06,f461d4,2024-06,0.5
5ecf9b_2023-04,5ecf9b,2023-04,0.5
4718d7_2024-09,4718d7,2024-09,0.5
6f5e2b_2024-03,6f5e2b,2024-03,0.5
0f9e86_2018-12,0f9e86,2018-12,0.5
0ffc2d_2020-11,0ffc2d,2020-11,0.5
0874ee_2015-04,0874ee,2015-04,0.5
11f0e3_2015-11,11f0e3,2015-11,0.5
0f9e86_2017-06,0f9e86,2017-06,0.5
6da35b_2023-09,6da35b,2023-09,0.5
74b7d1_2024-08,74b7d1,2024-08,0.5
8b98f3_2023-06,8b98f3,2023-06,0.5
ab32d7_2022-08,ab32d7,2022-08,0.5
9befc8_2018-12,9befc8,2018-12,0.5
11f0e3_2017-12,11f0e3,2017-12,0.5
6da35b_2025-08,6da35b,2025-08,0.5
1698cf_2023-08,1698cf,2023-08,0.5
1698cf_2025-08,1698cf,2025-08,0.5
f461d4_2024-09,f461d4,2024-09,0.5
dc4b5e_2025-03,dc4b5e,2025-03,0.5
8d0588_2023-04,8d0588,2023-04,0.5
b59bc0_2021-01,b59bc0,2021-01,0.5
b0ff51_2022-07,b0ff51,2022-07,0.5
439fde_2022-06,439fde,2022-06,0.5
8d0588_2017-07,8d0588,2017-07,0.5
8d0588_2020-08,8d0588,2020-08,0.5
8d0588_2023-07,8d0588,2023-07,0.5
8d0588_2024-01,8d0588,2024-01,0.5
0cecbd_2021-02,0cecbd,2021-02,0.5
439fde_2015-02,439fde,2015-02,0.5
87cfea_2018-02,87cfea,2018-02,0.5
0874ee_2019-02,0874ee,2019-02,0.5
8d0588_2023-05,8d0588,2023-05,0.5
99c11c_2022-05,99c11c,2022-05,0.5
8d0588_2022-04,8d0588,2022-04,0.5
b0ff51_2019-10,b0ff51,2019-10,0.5
b0ff51_2022-09,b0ff51,2022-09,0.5
99c11c_2017-05,99c11c,2017-05,0.5
b0ff51_2016-05,b0ff51,2016-05,0.5
b416b1_2014-12,b416b1,2014-12,0.5
8005b9_2015-03,8005b9,2015-03,0.5
8d0588_2015-05,8d0588,2015-05,0.5
8d0588_2018-02,8d0588,2018-02,0.5
b59bc0_2021-03,b59bc0,2021-03,0.5
b59bc0_2022-06,b59bc0,2022-06,0.5
99c11c_2018-04,99c11c,2018-04,0.5
8d0588_2020-12,8d0588,2020-12,0.5
0cecbd_2019-07,0cecbd,2019-07,0.5
b0ff51_2024-04,b0ff51,2024-04,0.5
8d0588_2015-04,8d0588,2015-04,0.5
8d0588_2019-04,8d0588,2019-04,0.5
b59bc0_2023-09,b59bc0,2023-09,0.5
439fde_2022-07,439fde,2022-07,0.5
8d0588_2014-05,8d0588,2014-05,0.5
8d0588_2023-02,8d0588,2023-02,0.5
c3a69f_2023-06,c3a69f,2023-06,0.5
b416b1_2019-02,b416b1,2019-02,0.5
8d0588_2025-03,8d0588,2025-03,0.5
b0ff51_2017-01,b0ff51,2017-01,0.5
b0ff51_2018-11,b0ff51,2018-11,0.5
0cecbd_2023-03,0cecbd,2023-03,0.5
74b7d1_2017-04,74b7d1,2017-04,0.5
b416b1_2019-09,b416b1,2019-09,0.5
b416b1_2022-03,b416b1,2022-03,0.5
b59bc0_2017-05,b59bc0,2017-05,0.5
0cecbd_2024-09,0cecbd,2024-09,0.5
34889b_2025-04,34889b,2025-04,0.5
8d0588_2018-07,8d0588,2018-07,0.5
8d0588_2020-11,8d0588,2020-11,0.5
b59bc0_2016-05,b59bc0,2016-05,0.5
b0ff51_2021-08,b0ff51,2021-08,0.5
b0ff51_2022-10,b0ff51,2022-10,0.5
c3a69f_2020-11,c3a69f,2020-11,0.5
8d0588_2019-01,8d0588,2019-01,0.5
77e86b_2014-08,77e86b,2014-08,0.5
b0ff51_2016-11,b0ff51,2016-11,0.5
0874ee_2021-05,0874ee,2021-05,0.5
b0ff51_2021-10,b0ff51,2021-10,0.5
87cfea_2017-12,87cfea,2017-12,0.5
99c11c_2017-06,99c11c,2017-06,0.5
74b7d1_2019-07,74b7d1,2019-07,0.5
fc77d0_2022-04,fc77d0,2022-04,0.5
87cfea_2017-08,87cfea,2017-08,0.5
fc77d0_2019-12,fc77d0,2019-12,0.5
83894c_2016-08,83894c,2016-08,0.5
87cfea_2017-05,87cfea,2017-05,0.5
87cfea_2017-04,87cfea,2017-04,0.5
b416b1_2025-09,b416b1,2025-09,0.5
14fe3a_2022-08,14fe3a,2022-08,0.5
8b98f3_2024-07,8b98f3,2024-07,0.5
fc77d0_2023-09,fc77d0,2023-09,0.5
a42d13_2022-03,a42d13,2022-03,0.5
9af74c_2016-05,9af74c,2016-05,0.5
7199cf_2024-09,7199cf,2024-09,0.5
fb737b_2023-12,fb737b,2023-12,0.5
f461d4_2020-08,f461d4,2020-08,0.5
a25664_2023-06,a25664,2023-06,0.5
fc77d0_2022-07,fc77d0,2022-07,0.5
fc77d0_2024-09,fc77d0,2024-09,0.5
1822ea_2023-12,1822ea,2023-12,0.5
77b3b9_2025-05,77b3b9,2025-05,0.5
8b98f3_2024-09,8b98f3,2024-09,0.5
4fb2d3_2023-04,4fb2d3,2023-04,0.5
6224d0_2022-08,6224d0,2022-08,0.5
fc77d0_2024-08,fc77d0,2024-08,0.5
265164_2023-07,265164,2023-07,0.5
6f5e2b_2022-04,6f5e2b,2022-04,0.5
6224d0_2025-06,6224d0,2025-06,0.5
a42d13_2022-04,a42d13,2022-04,0.5
9af74c_2025-07,9af74c,2025-07,0.5
987bc1_2019-09,987bc1,2019-09,0.5
175155_2024-05,175155,2024-05,0.5
a42d13_2020-12,a42d13,2020-12,0.5
4fb2d3_2017-05,4fb2d3,2017-05,0.5
1698cf_2025-05,1698cf,2025-05,0.5
6f5e2b_2023-11,6f5e2b,2023-11,0.5
a25664_2023-08,a25664,2023-08,0.5
987bc1_2022-08,987bc1,2022-08,0.5
fc77d0_2023-10,fc77d0,2023-10,0.5
92dcdd_2021-12,92dcdd,2021-12,0.5
1698cf_2023-01,1698cf,2023-01,0.5
f461d4_2019-03,f461d4,2019-03,0.5
6838b9_2017-12,6838b9,2017-12,0.5
90abb1_2023-03,90abb1,2023-03,0.5
7199cf_2024-07,7199cf,2024-07,0.5
7199cf_2025-01,7199cf,2025-01,0.5
259a19_2014-10,259a19,2014-10,0.5
92dcdd_2022-10,92dcdd,2022-10,0.5
ab32d7_2024-11,ab32d7,2024-11,0.5
022433_2025-01,022433,2025-01,0.5
829a72_2015-12,829a72,2015-12,0.5
987bc1_2021-01,987bc1,2021-01,0.5
987bc1_2021-08,987bc1,2021-08,0.5
175155_2022-07,175155,2022-07,0.5
259a19_2021-01,259a19,2021-01,0.5
1bdb97_2022-01,1bdb97,2022-01,0.5
c3a69f_2015-01,c3a69f,2015-01,0.5
c0f884_2025-08,c0f884,2025-08,0.5
1698cf_2020-11,1698cf,2020-11,0.5
259a19_2019-07,259a19,2019-07,0.5
8b98f3_2024-04,8b98f3,2024-04,0.5
5ecf9b_2025-02,5ecf9b,2025-02,0.5
0874ee_2015-02,0874ee,2015-02,0.5
14fe3a_2023-01,14fe3a,2023-01,0.5
1b9e65_2024-01,1b9e65,2024-01,0.5
fc77d0_2022-09,fc77d0,2022-09,0.5
4fb2d3_2025-02,4fb2d3,2025-02,0.5
7199cf_2023-11,7199cf,2023-11,0.5
6224d0_2019-09,6224d0,2019-09,0.5
c3a69f_2021-07,c3a69f,2021-07,0.5
0e8d73_2024-06,0e8d73,2024-06,0.5
532867_2024-05,532867,2024-05,0.5
439fde_2019-04,439fde,2019-04,0.5
6f5e2b_2020-09,6f5e2b,2020-09,0.5
5ecf9b_2025-03,5ecf9b,2025-03,0.5
0874ee_2019-09,0874ee,2019-09,0.5
6838b9_2018-10,6838b9,2018-10,0.5
9af74c_2023-02,9af74c,2023-02,0.5
4fb2d3_2019-11,4fb2d3,2019-11,0.5
1698cf_2021-12,1698cf,2021-12,0.5
259a19_2020-10,259a19,2020-10,0.5
8b98f3_2025-07,8b98f3,2025-07,0.5
fc77d0_2017-02,fc77d0,2017-02,0.5
6838b9_2018-02,6838b9,2018-02,0.5
a42d13_2020-09,a42d13,2020-09,0.5
b08ec1_2015-01,b08ec1,2015-01,0.5
fb737b_2024-05,fb737b,2024-05,0.5
6f5e2b_2019-03,6f5e2b,2019-03,0.5
e60b65_2025-05,e60b65,2025-05,0.5
fc77d0_2023-01,fc77d0,2023-01,0.5
265164_2023-12,265164,2023-12,0.5
fb737b_2024-12,fb737b,2024-12,0.5
f461d4_2022-12,f461d4,2022-12,0.5
4fb2d3_2022-10,4fb2d3,2022-10,0.5
a42d13_2021-03,a42d13,2021-03,0.5
fb737b_2022-01,fb737b,2022-01,0.5
a25664_2016-09,a25664,2016-09,0.5
ab32d7_2024-01,ab32d7,2024-01,0.5
bc4c03_2022-01,bc4c03,2022-01,0.5
532867_2024-08,532867,2024-08,0.5
987bc1_2021-09,987bc1,2021-09,0.5
34889b_2014-12,34889b,2014-12,0.5
987bc1_2021-05,987bc1,2021-05,0.5
6224d0_2021-09,6224d0,2021-09,0.5
5a0174_2025-06,5a0174,2025-06,0.5
0874ee_2017-05,0874ee,2017-05,0.5
4fb2d3_2025-05,4fb2d3,2025-05,0.5
6224d0_2023-07,6224d0,2023-07,0.5
0e8d73_2025-08,0e8d73,2025-08,0.5
34889b_2015-02,34889b,2015-02,0.5
265164_2025-06,265164,2025-06,0.5
6224d0_2020-10,6224d0,2020-10,0.5
f461d4_2023-08,f461d4,2023-08,0.5
a25664_2016-10,a25664,2016-10,0.5
fc77d0_2022-05,fc77d0,2022-05,0.5
6838b9_2025-03,6838b9,2025-03,0.5
532867_2025-05,532867,2025-05,0.5
4718d7_2022-07,4718d7,2022-07,0.5
92dcdd_2024-03,92dcdd,2024-03,0.5
0874ee_2018-12,0874ee,2018-12,0.5
6838b9_2024-05,6838b9,2024-05,0.5
987bc1_2015-04,987bc1,2015-04,0.5
4fb2d3_2025-07,4fb2d3,2025-07,0.5
6224d0_2024-05,6224d0,2024-05,0.5
6224d0_2025-01,6224d0,2025-01,0.5
4718d7_2022-06,4718d7,2022-06,0.5
8fabe0_2014-07,8fabe0,2014-07,0.5
948a11_2022-10,948a11,2022-10,0.5
1822ea_2021-09,1822ea,2021-09,0.5
bf6f0d_2017-08,bf6f0d,2017-08,0.5
0e8d73_2024-12,0e8d73,2024-12,0.5
bf6f0d_2025-02,bf6f0d,2025-02,0.5
1822ea_2022-05,1822ea,2022-05,0.5
92dcdd_2019-02,92dcdd,2019-02,0.5
e7a56d_2014-06,e7a56d,2014-06,0.5
b08ec1_2022-03,b08ec1,2022-03,0.5
77b3b9_2023-12,77b3b9,2023-12,0.5
6838b9_2025-07,6838b9,2025-07,0.5
6838b9_2025-05,6838b9,2025-05,0.5
8005b9_2021-11,8005b9,2021-11,0.5
f4d28d_2025-08,f4d28d,2025-08,0.5
375f2e_2018-04,375f2e,2018-04,0.5
bf6f0d_2023-05,bf6f0d,2023-05,0.5
4f2b6b_2023-04,4f2b6b,2023-04,0.5
731908_2020-11,731908,2020-11,0.5
9befc8_2023-06,9befc8,2023-06,0.5
1822ea_2021-11,1822ea,2021-11,0.5
b08ec1_2023-04,b08ec1,2023-04,0.5
424c1b_2024-11,424c1b,2024-11,0.5
77b3b9_2023-03,77b3b9,2023-03,0.5
b416b1_2023-12,b416b1,2023-12,0.5
b416b1_2024-06,b416b1,2024-06,0.5
a25664_2023-11,a25664,2023-11,0.5
4f2b6b_2024-01,4f2b6b,2024-01,0.5
fb34b4_2023-03,fb34b4,2023-03,0.5
9befc8_2023-03,9befc8,2023-03,0.5
77b3b9_2023-06,77b3b9,2023-06,0.5
bc4c03_2014-06,bc4c03,2014-06,0.5
4fb2d3_2014-10,4fb2d3,2014-10,0.5
948a11_2023-02,948a11,2023-02,0.5
a25664_2020-12,a25664,2020-12,0.5
90abb1_2024-01,90abb1,2024-01,0.5
90abb1_2015-04,90abb1,2015-04,0.5
90abb1_2024-04,90abb1,2024-04,0.5
77b3b9_2024-06,77b3b9,2024-06,0.5
b08ec1_2023-03,b08ec1,2023-03,0.5
1822ea_2020-08,1822ea,2020-08,0.5
9af74c_2023-03,9af74c,2023-03,0.5
77b3b9_2024-10,77b3b9,2024-10,0.5
34889b_2015-04,34889b,2015-04,0.5
948a11_2024-02,948a11,2024-02,0.5
c48018_2017-05,c48018,2017-05,0.5
92dcdd_2024-11,92dcdd,2024-11,0.5
6224d0_2014-11,6224d0,2014-11,0.5
948a11_2022-02,948a11,2022-02,0.5
531356_2023-01,531356,2023-01,0.5
e2314a_2015-05,e2314a,2015-05,0.5
e2314a_2015-09,e2314a,2015-09,0.5
60a0fd_2015-03,60a0fd,2015-03,0.5
7a007d_2025-03,7a007d,2025-03,0.5
e2314a_2017-04,e2314a,2017-04,0.5
e2314a_2025-07,e2314a,2025-07,0.5
0cecbd_2021-05,0cecbd,2021-05,0.5
0cecbd_2024-11,0cecbd,2024-11,0.5
531356_2015-08,531356,2015-08,0.5
06534f_2019-07,06534f,2019-07,0.5
0cecbd_2017-02,0cecbd,2017-02,0.5
0cecbd_2025-08,0cecbd,2025-08,0.5
3db670_2024-09,3db670,2024-09,0.5
b1de95_2023-07,b1de95,2023-07,0.5
b1de95_2025-01,b1de95,2025-01,0.5
db5006_2016-08,db5006,2016-08,0.5
db5006_2024-08,db5006,2024-08,0.5
531356_2019-12,531356,2019-12,0.5
e83244_2024-07,e83244,2024-07,0.5
b1de95_2023-03,b1de95,2023-03,0.5
b1de95_2025-06,b1de95,2025-06,0.5
1b9e65_2019-05,1b9e65,2019-05,0.5
e83244_2025-05,e83244,2025-05,0.5
b1de95_2025-03,b1de95,2025-03,0.5
1b9e65_2022-01,1b9e65,2022-01,0.5
e2314a_2016-06,e2314a,2016-06,0.5
e2314a_2023-03,e2314a,2023-03,0.5
e83244_2022-10,e83244,2022-10,0.5
0cecbd_2022-08,0cecbd,2022-08,0.5
0cecbd_2023-02,0cecbd,2023-02,0.5
e83244_2024-11,e83244,2024-11,0.5
06534f_2017-04,06534f,2017-04,0.5
0cecbd_2024-12,0cecbd,2024-12,0.5
f4604d_2019-04,f4604d,2019-04,0.5
e83244_2015-01,e83244,2015-01,0.5
0cecbd_2025-02,0cecbd,2025-02,0.5
b73bc7_2015-01,b73bc7,2015-01,0.5
1b9e65_2025-07,1b9e65,2025-07,0.5
531356_2023-10,531356,2023-10,0.5
e2314a_2014-11,e2314a,2014-11,0.5
e2314a_2019-02,e2314a,2019-02,0.5
e83244_2024-10,e83244,2024-10,0.5
531356_2020-02,531356,2020-02,0.5
531356_2020-06,531356,2020-06,0.5
db5006_2020-06,db5006,2020-06,0.5
175155_2020-04,175155,2020-04,0.5
e2314a_2015-04,e2314a,2015-04,0.5
e83244_2023-09,e83244,2023-09,0.5
0cecbd_2017-04,0cecbd,2017-04,0.5
29849f_2024-12,29849f,2024-12,0.5
f4604d_2023-11,f4604d,2023-11,0.5
987bc1_2016-04,987bc1,2016-04,0.5
531356_2018-12,531356,2018-12,0.5
e2314a_2021-01,e2314a,2021-01,0.5
60a0fd_2014-06,60a0fd,2014-06,0.5
3db670_2024-08,3db670,2024-08,0.5
db5006_2024-01,db5006,2024-01,0.5
29849f_2024-01,29849f,2024-01,0.5
e2314a_2019-12,e2314a,2019-12,0.5
e2314a_2025-08,e2314a,2025-08,0.5
e83244_2023-02,e83244,2023-02,0.5
e83244_2024-04,e83244,2024-04,0.5
06534f_2019-01,06534f,2019-01,0.5
0cecbd_2021-07,0cecbd,2021-07,0.5
1b9e65_2019-07,1b9e65,2019-07,0.5
1b9e65_2021-07,1b9e65,2021-07,0.5
f4604d_2016-08,f4604d,2016-08,0.5
e83244_2015-04,e83244,2015-04,0.5
0cecbd_2023-10,0cecbd,2023-10,0.5
b1de95_2019-11,b1de95,2019-11,0.5
db5006_2019-04,db5006,2019-04,0.5
b73bc7_2018-05,b73bc7,2018-05,0.5
1b9e65_2017-10,1b9e65,2017-10,0.5
1b9e65_2022-02,1b9e65,2022-02,0.5
e2314a_2016-04,e2314a,2016-04,0.5
0cecbd_2015-03,0cecbd,2015-03,0.5
0cecbd_2025-05,0cecbd,2025-05,0.5
1b9e65_2018-09,1b9e65,2018-09,0.5
1b9e65_2019-01,1b9e65,2019-01,0.5
1b9e65_2020-12,1b9e65,2020-12,0.5
f4604d_2019-10,f4604d,2019-10,0.5
db5006_2018-04,db5006,2018-04,0.5
db5006_2025-06,db5006,2025-06,0.5
0cecbd_2015-06,0cecbd,2015-06,0.5
e83244_2018-05,e83244,2018-05,0.5
531356_2022-11,531356,2022-11,0.5
545d15_2019-07,545d15,2019-07,0.5
e2314a_2025-01,e2314a,2025-01,0.5
e2314a_2025-04,e2314a,2025-04,0.5
e83244_2016-03,e83244,2016-03,0.5
f4604d_2021-08,f4604d,2021-08,0.5
e83244_2024-02,e83244,2024-02,0.5
06534f_2023-12,06534f,2023-12,0.5
29849f_2022-07,29849f,2022-07,0.5
db5006_2017-02,db5006,2017-02,0.5
531356_2024-02,531356,2024-02,0.5
545d15_2018-12,545d15,2018-12,0.5
531356_2023-06,531356,2023-06,0.5
e2314a_2019-03,e2314a,2019-03,0.5
e83244_2018-03,e83244,2018-03,0.5
e3af0e_2018-04,e3af0e,2018-04,0.5
0cecbd_2015-05,0cecbd,2015-05,0.5
e83244_2025-03,e83244,2025-03,0.5
3db670_2019-11,3db670,2019-11,0.5
b1de95_2019-10,b1de95,2019-10,0.5
db5006_2022-08,db5006,2022-08,0.5
f4604d_2024-01,f4604d,2024-01,0.5
f4604d_2024-07,f4604d,2024-07,0.5
531356_2023-12,531356,2023-12,0.5
e2314a_2024-03,e2314a,2024-03,0.5
60a0fd_2018-02,60a0fd,2018-02,0.5
29849f_2020-01,29849f,2020-01,0.5
f4604d_2024-06,f4604d,2024-06,0.5
175155_2021-04,175155,2021-04,0.5
7a007d_2024-06,7a007d,2024-06,0.5
29849f_2017-03,29849f,2017-03,0.5
06534f_2019-02,06534f,2019-02,0.5
829a72_2016-03,829a72,2016-03,0.5
0cecbd_2019-04,0cecbd,2019-04,0.5
b73bc7_2018-03,b73bc7,2018-03,0.5
c580aa_2018-06,c580aa,2018-06,0.5
3a13b3_2019-09,3a13b3,2019-09,0.5
175155_2017-11,175155,2017-11,0.5
022433_2021-03,022433,2021-03,0.5
af81b0_2020-03,af81b0,2020-03,0.5
b1de95_2018-12,b1de95,2018-12,0.5
8fb6f0_2018-05,8fb6f0,2018-05,0.5
6da35b_2025-03,6da35b,2025-03,0.5
29849f_2014-12,29849f,2014-12,0.5
29849f_2017-05,29849f,2017-05,0.5
af81b0_2020-01,af81b0,2020-01,0.5
c580aa_2019-11,c580aa,2019-11,0.5
7a007d_2014-09,7a007d,2014-09,0.5
98a151_2015-10,98a151,2015-10,0.5
e361b7_2020-07,e361b7,2020-07,0.5
8fb6f0_2018-02,8fb6f0,2018-02,0.5
c580aa_2019-03,c580aa,2019-03,0.5
f4604d_2018-02,f4604d,2018-02,0.5
f1543b_2019-11,f1543b,2019-11,0.5
894378_2020-05,894378,2020-05,0.5
e3af0e_2019-03,e3af0e,2019-03,0.5
7bf5c9_2023-10,7bf5c9,2023-10,0.5
7bf5c9_2023-11,7bf5c9,2023-11,0.5
3db670_2019-04,3db670,2019-04,0.5
6da35b_2023-11,6da35b,2023-11,0.5
db5006_2015-10,db5006,2015-10,0.5
022433_2022-12,022433,2022-12,0.5
175155_2018-09,175155,2018-09,0.5
f4604d_2014-11,f4604d,2014-11,0.5
af81b0_2015-01,af81b0,2015-01,0.5
d86999_2020-06,d86999,2020-06,0.5
7a007d_2015-01,7a007d,2015-01,0.5
c580aa_2018-12,c580aa,2018-12,0.5
1b9e65_2017-07,1b9e65,2017-07,0.5
f4604d_2025-02,f4604d,2025-02,0.5
af81b0_2015-02,af81b0,2015-02,0.5
c580aa_2015-07,c580aa,2015-07,0.5
b1de95_2019-06,b1de95,2019-06,0.5
022433_2020-11,022433,2020-11,0.5
545d15_2021-06,545d15,2021-06,0.5
f4604d_2025-05,f4604d,2025-05,0.5
db5006_2020-10,db5006,2020-10,0.5
b08ec1_2021-10,b08ec1,2021-10,0.5
f4d28d_2024-10,f4d28d,2024-10,0.5
77e86b_2015-06,77e86b,2015-06,0.5
375f2e_2019-05,375f2e,2019-05,0.5
c580aa_2019-08,c580aa,2019-08,0.5
b1de95_2023-04,b1de95,2023-04,0.5
e60b65_2014-07,e60b65,2014-07,0.5
b73bc7_2024-04,b73bc7,2024-04,0.5
531356_2021-10,531356,2021-10,0.5
99c11c_2017-10,99c11c,2017-10,0.5
29849f_2015-04,29849f,2015-04,0.5
e2314a_2022-11,e2314a,2022-11,0.5
83894c_2025-06,83894c,2025-06,0.5
90abb1_2023-06,90abb1,2023-06,0.5
bf6f0d_2015-02,bf6f0d,2015-02,0.5
af81b0_2014-07,af81b0,2014-07,0.5
a97df3_2025-05,a97df3,2025-05,0.5
90abb1_2023-01,90abb1,2023-01,0.5
b416b1_2017-10,b416b1,2017-10,0.5
531356_2017-07,531356,2017-07,0.5
531356_2019-01,531356,2019-01,0.5
439fde_2015-03,439fde,2015-03,0.5
77e86b_2015-10,77e86b,2015-10,0.5
1b9e65_2015-08,1b9e65,2015-08,0.5
8005b9_2020-10,8005b9,2020-10,0.5
bf6f0d_2018-10,bf6f0d,2018-10,0.5
532867_2024-01,532867,2024-01,0.5
e83244_2020-12,e83244,2020-12,0.5
1822ea_2016-09,1822ea,2016-09,0.5
375f2e_2020-08,375f2e,2020-08,0.5
77b3b9_2024-02,77b3b9,2024-02,0.5
bf6f0d_2021-08,bf6f0d,2021-08,0.5
bf6f0d_2024-12,bf6f0d,2024-12,0.5
af81b0_2019-03,af81b0,2019-03,0.5
987bc1_2022-06,987bc1,2022-06,0.5
6838b9_2025-01,6838b9,2025-01,0.5
c580aa_2019-07,c580aa,2019-07,0.5
f4604d_2025-04,f4604d,2025-04,0.5
dc4b5e_2022-07,dc4b5e,2022-07,0.5
531356_2020-07,531356,2020-07,0.5
c3a69f_2017-02,c3a69f,2017-02,0.5
a97df3_2022-07,a97df3,2022-07,0.5
fb737b_2022-12,fb737b,2022-12,0.5
4ee2d2_2025-06,4ee2d2,2025-06,0.5
29849f_2016-11,29849f,2016-11,0.5
3db670_2025-03,3db670,2025-03,0.5
f4d28d_2024-09,f4d28d,2024-09,0.5
3a13b3_2018-06,3a13b3,2018-06,0.5
f4604d_2016-05,f4604d,2016-05,0.5
f4604d_2021-05,f4604d,2021-05,0.5
af81b0_2019-07,af81b0,2019-07,0.5
a97df3_2022-09,a97df3,2022-09,0.5
bf6f0d_2017-02,bf6f0d,2017-02,0.5
99c11c_2017-08,99c11c,2017-08,0.5
f4604d_2022-03,f4604d,2022-03,0.5
e2314a_2020-11,e2314a,2020-11,0.5
a97df3_2024-10,a97df3,2024-10,0.5
9af74c_2014-11,9af74c,2014-11,0.5
bf6f0d_2021-06,bf6f0d,2021-06,0.5
af81b0_2019-12,af81b0,2019-12,0.5
b416b1_2021-11,b416b1,2021-11,0.5
f4604d_2015-05,f4604d,2015-05,0.5
bf6f0d_2021-10,bf6f0d,2021-10,0.5
bf6f0d_2024-07,bf6f0d,2024-07,0.5
1b9e65_2016-06,1b9e65,2016-06,0.5
8b98f3_2021-11,8b98f3,2021-11,0.5
c580aa_2024-08,c580aa,2024-08,0.5
1bdb97_2024-09,1bdb97,2024-09,0.5
bc4c03_2016-10,bc4c03,2016-10,0.5
bf6f0d_2019-09,bf6f0d,2019-09,0.5
b73bc7_2019-10,b73bc7,2019-10,0.5
531356_2021-07,531356,2021-07,0.5
e83244_2021-03,e83244,2021-03,0.5
1bdb97_2022-05,1bdb97,2022-05,0.5
1bdb97_2022-10,1bdb97,2022-10,0.5
7199cf_2023-10,7199cf,2023-10,0.5
b644ac_2024-06,b644ac,2024-06,0.5
88a9a6_2018-03,88a9a6,2018-03,0.5
4fb2d3_2017-01,4fb2d3,2017-01,0.5
1bdb97_2022-12,1bdb97,2022-12,0.5
60a0fd_2023-01,60a0fd,2023-01,0.5
88a9a6_2020-10,88a9a6,2020-10,0.5
1bdb97_2021-08,1bdb97,2021-08,0.5
db4cd8_2017-02,db4cd8,2017-02,0.5
293190_2026-04,293190,2026-04,0.5
88a9a6_2018-05,88a9a6,2018-05,0.5
b08ec1_2017-01,b08ec1,2017-01,0.5
a25664_2022-09,a25664,2022-09,0.5
9b46ed_2016-05,9b46ed,2016-05,0.5
f461d4_2020-03,f461d4,2020-03,0.5
293190_2019-07,293190,2019-07,0.5
98a151_2024-04,98a151,2024-04,0.5
9b46ed_2018-05,9b46ed,2018-05,0.5
293190_2020-07,293190,2020-07,0.5
74fb1f_2019-11,74fb1f,2019-11,0.5
88a9a6_2017-04,88a9a6,2017-04,0.5
4fb2d3_2020-07,4fb2d3,2020-07,0.5
829a72_2018-07,829a72,2018-07,0.5
9b46ed_2016-12,9b46ed,2016-12,0.5
293190_2024-09,293190,2024-09,0.5
e2e0ce_2017-10,e2e0ce,2017-10,0.5
cd0e60_2019-12,cd0e60,2019-12,0.5
e3af0e_2021-12,e3af0e,2021-12,0.5
9b46ed_2019-10,9b46ed,2019-10,0.5
f500c5_2021-12,f500c5,2021-12,0.5
e7a56d_2017-06,e7a56d,2017-06,0.5
b1de95_2024-09,b1de95,2024-09,0.5
4f2b6b_2023-02,4f2b6b,2023-02,0.5
f500c5_2018-05,f500c5,2018-05,0.5
9b46ed_2015-05,9b46ed,2015-05,0.5
1bdb97_2023-03,1bdb97,2023-03,0.5
293190_2020-04,293190,2020-04,0.5
c5df88_2023-11,c5df88,2023-11,0.5
a25664_2025-04,a25664,2025-04,0.5
60a0fd_2020-10,60a0fd,2020-10,0.5
1bdb97_2023-01,1bdb97,2023-01,0.5
cd0e60_2021-03,cd0e60,2021-03,0.5
e3af0e_2021-10,e3af0e,2021-10,0.5
2ab8ad_2019-11,2ab8ad,2019-11,0.5
74fb1f_2020-06,74fb1f,2020-06,0.5
88a9a6_2019-11,88a9a6,2019-11,0.5
b644ac_2024-09,b644ac,2024-09,0.5
f1543b_2019-09,f1543b,2019-09,0.5
9b46ed_2016-02,9b46ed,2016-02,0.5
3a13b3_2015-07,3a13b3,2015-07,0.5
3a13b3_2015-08,3a13b3,2015-08,0.5
92dcdd_2024-05,92dcdd,2024-05,0.5
9b46ed_2019-11,9b46ed,2019-11,0.5
2ab8ad_2016-09,2ab8ad,2016-09,0.5
fc77d0_2019-11,fc77d0,2019-11,0.5
6838b9_2022-02,6838b9,2022-02,0.5
74fb1f_2020-05,74fb1f,2020-05,0.5
b08ec1_2016-08,b08ec1,2016-08,0.5
cd0e60_2020-05,cd0e60,2020-05,0.5
88a9a6_2020-04,88a9a6,2020-04,0.5
293190_2016-11,293190,2016-11,0.5
e2e0ce_2016-12,e2e0ce,2016-12,0.5
c5df88_2020-11,c5df88,2020-11,0.5
74fb1f_2024-12,74fb1f,2024-12,0.5
92dcdd_2019-08,92dcdd,2019-08,0.5
92dcdd_2025-03,92dcdd,2025-03,0.5
829a72_2020-03,829a72,2020-03,0.5
9b46ed_2018-04,9b46ed,2018-04,0.5
9b46ed_2024-06,9b46ed,2024-06,0.5
293190_2015-09,293190,2015-09,0.5
c5df88_2025-04,c5df88,2025-04,0.5
7aa803_2018-05,7aa803,2018-05,0.5
e3af0e_2022-05,e3af0e,2022-05,0.5
7199cf_2024-08,7199cf,2024-08,0.5
f500c5_2014-05,f500c5,2014-05,0.5
f500c5_2014-07,f500c5,2014-07,0.5
a97df3_2019-08,a97df3,2019-08,0.5
f500c5_2015-01,f500c5,2015-01,0.5
f500c5_2022-12,f500c5,2022-12,0.5
f500c5_2015-02,f500c5,2015-02,0.5
5ecf9b_2024-09,5ecf9b,2024-09,0.5
1996b0_2023-10,1996b0,2023-10,0.5
a97df3_2019-11,a97df3,2019-11,0.5
829a72_2019-11,829a72,2019-11,0.5
7bf5c9_2021-12,7bf5c9,2021-12,0.5
cd0e60_2021-09,cd0e60,2021-09,0.5
06534f_2014-11,06534f,2014-11,0.5
7bf5c9_2017-06,7bf5c9,2017-06,0.5
e2314a_2020-09,e2314a,2020-09,0.5
b07578_2024-09,b07578,2024-09,0.5
b1de95_2017-04,b1de95,2017-04,0.5
06534f_2016-09,06534f,2016-09,0.5
92dcdd_2023-05,92dcdd,2023-05,0.5
fb737b_2020-09,fb737b,2020-09,0.5
fc77d0_2014-08,fc77d0,2014-08,0.5
b1de95_2017-05,b1de95,2017-05,0.5
3db670_2025-07,3db670,2025-07,0.5
b73bc7_2014-07,b73bc7,2014-07,0.5
cd0e60_2021-06,cd0e60,2021-06,0.5
e83244_2022-04,e83244,2022-04,0.5
3db670_2019-07,3db670,2019-07,0.5
7bf5c9_2016-04,7bf5c9,2016-04,0.5
fb737b_2020-10,fb737b,2020-10,0.5
4f2b6b_2025-05,4f2b6b,2025-05,0.5
6838b9_2025-04,6838b9,2025-04,0.5
731908_2016-07,731908,2016-07,0.5
e2314a_2024-02,e2314a,2024-02,0.5
7a007d_2017-04,7a007d,2017-04,0.5
c580aa_2025-04,c580aa,2025-04,0.5
a25664_2021-05,a25664,2021-05,0.5
0e8d73_2025-05,0e8d73,2025-05,0.5
e3af0e_2015-10,e3af0e,2015-10,0.5
f1543b_2022-01,f1543b,2022-01,0.5
88a9a6_2015-09,88a9a6,2015-09,0.5
06534f_2015-11,06534f,2015-11,0.5
bc4c03_2015-12,bc4c03,2015-12,0.5
06534f_2015-10,06534f,2015-10,0.5
af81b0_2018-11,af81b0,2018-11,0.5
e7a56d_2017-01,e7a56d,2017-01,0.5
6838b9_2020-10,6838b9,2020-10,0.5
5ecf9b_2025-09,5ecf9b,2025-09,0.5
bc4c03_2018-03,bc4c03,2018-03,0.5
60a0fd_2016-05,60a0fd,2016-05,0.5
f500c5_2017-06,f500c5,2017-06,0.5
c580aa_2018-01,c580aa,2018-01,0.5
d59611_2016-02,d59611,2016-02,0.5
18defd_2015-06,18defd,2015-06,0.5
74b7d1_2017-11,74b7d1,2017-11,0.5
7a007d_2020-02,7a007d,2020-02,0.5
c580aa_2017-06,c580aa,2017-06,0.5
92dcdd_2021-02,92dcdd,2021-02,0.5
259a19_2022-03,259a19,2022-03,0.5
edda84_2025-02,edda84,2025-02,0.5
1996b0_2025-07,1996b0,2025-07,0.5
18defd_2016-11,18defd,2016-11,0.5
7a007d_2021-04,7a007d,2021-04,0.5
7a007d_2023-11,7a007d,2023-11,0.5
db4cd8_2021-01,db4cd8,2021-01,0.5
1996b0_2025-06,1996b0,2025-06,0.5
d59611_2015-12,d59611,2015-12,0.5
e7a56d_2016-11,e7a56d,2016-11,0.5
9af74c_2017-10,9af74c,2017-10,0.5
4718d7_2016-12,4718d7,2016-12,0.5
5a0174_2024-02,5a0174,2024-02,0.5
18defd_2016-09,18defd,2016-09,0.5
780a0b_2018-02,780a0b,2018-02,0.5
5a0174_2022-04,5a0174,2022-04,0.5
8fabe0_2022-02,8fabe0,2022-02,0.5
98a151_2016-05,98a151,2016-05,0.5
7a007d_2020-07,7a007d,2020-07,0.5
3db670_2016-05,3db670,2016-05,0.5
f461d4_2025-08,f461d4,2025-08,0.5
90abb1_2020-04,90abb1,2020-04,0.5
8d0588_2020-04,8d0588,2020-04,0.5
b0ff51_2022-01,b0ff51,2022-01,0.5
6f5e2b_2018-10,6f5e2b,2018-10,0.5
a42d13_2015-09,a42d13,2015-09,0.5
bf6f0d_2017-07,bf6f0d,2017-07,0.5
b0ff51_2017-10,b0ff51,2017-10,0.5
8d0588_2016-11,8d0588,2016-11,0.5
b0ff51_2015-06,b0ff51,2015-06,0.5
8d0588_2016-06,8d0588,2016-06,0.5
8d0588_2017-01,8d0588,2017-01,0.5
a97df3_2022-04,a97df3,2022-04,0.5
9af74c_2018-10,9af74c,2018-10,0.5
74fb1f_2015-09,74fb1f,2015-09,0.5
4fb2d3_2017-08,4fb2d3,2017-08,0.5
fb34b4_2022-11,fb34b4,2022-11,0.5
14fe3a_2015-10,14fe3a,2015-10,0.5
293190_2016-03,293190,2016-03,0.5
77e86b_2017-11,77e86b,2017-11,0.5
a97df3_2023-01,a97df3,2023-01,0.5
2ab8ad_2015-07,2ab8ad,2015-07,0.5
b1de95_2015-09,b1de95,2015-09,0.5
a97df3_2021-12,a97df3,2021-12,0.5
293190_2016-01,293190,2016-01,0.5
293190_2015-12,293190,2015-12,0.5
9af74c_2020-05,9af74c,2020-05,0.5
259a19_2021-04,259a19,2021-04,0.5
4fb2d3_2020-05,4fb2d3,2020-05,0.5
fb34b4_2022-03,fb34b4,2022-03,0.5
77b3b9_2016-07,77b3b9,2016-07,0.5
77b3b9_2017-07,77b3b9,2017-07,0.5
1822ea_2020-10,1822ea,2020-10,0.5
af81b0_2024-05,af81b0,2024-05,0.5
f500c5_2019-08,f500c5,2019-08,0.5
1bdb97_2021-07,1bdb97,2021-07,0.5
3a13b3_2019-08,3a13b3,2019-08,0.5
bf6f0d_2021-04,bf6f0d,2021-04,0.5
fd589c_2020-08,fd589c,2020-08,0.5
19fa84_2020-06,19fa84,2020-06,0.5
19fa84_2020-04,19fa84,2020-04,0.5
92dcdd_2020-04,92dcdd,2020-04,0.5
c3a69f_2016-05,c3a69f,2016-05,0.5
19fa84_2020-05,19fa84,2020-05,0.5
e4bc80_2018-09,e4bc80,2018-09,0.5
19fa84_2020-08,19fa84,2020-08,0.5
2ab8ad_2015-11,2ab8ad,2015-11,0.5
439fde_2015-08,439fde,2015-08,0.5
0ffc2d_2021-05,0ffc2d,2021-05,0.5
3db670_2022-11,3db670,2022-11,0.5
bf6f0d_2016-10,bf6f0d,2016-10,0.5
9f1aa0_2015-10,9f1aa0,2015-10,0.5
987bc1_2015-11,987bc1,2015-11,0.5
34889b_2016-06,34889b,2016-06,0.5
3db670_2025-04,3db670,2025-04,0.5
c3a69f_2017-06,c3a69f,2017-06,0.5
0ffc2d_2025-09,0ffc2d,2025-09,0.5
4fb2d3_2017-06,4fb2d3,2017-06,0.5
987bc1_2015-10,987bc1,2015-10,0.5
3db670_2022-12,3db670,2022-12,0.5
6c1954_2020-07,6c1954,2020-07,0.5
a25664_2015-06,a25664,2015-06,0.5
6838b9_2018-09,6838b9,2018-09,0.5
4fb2d3_2017-03,4fb2d3,2017-03,0.5
b416b1_2016-11,b416b1,2016-11,0.5
e60b65_2020-10,e60b65,2020-10,0.5
fc77d0_2016-05,fc77d0,2016-05,0.5
11f0e3_2014-11,11f0e3,2014-11,0.5
987bc1_2015-08,987bc1,2015-08,0.5
e60b65_2021-04,e60b65,2021-04,0.5
6224d0_2022-04,6224d0,2022-04,0.5
e60b65_2021-09,e60b65,2021-09,0.5
e60b65_2022-05,e60b65,2022-05,0.5
4fb2d3_2021-03,4fb2d3,2021-03,0.5
e60b65_2022-02,e60b65,2022-02,0.5
b73bc7_2016-08,b73bc7,2016-08,0.5
9befc8_2015-02,9befc8,2015-02,0.5
175155_2016-05,175155,2016-05,0.5
175155_2016-11,175155,2016-11,0.5
06534f_2020-07,06534f,2020-07,0.5
0f9e86_2014-12,0f9e86,2014-12,0.5
0f9e86_2015-01,0f9e86,2015-01,0.5
6224d0_2016-12,6224d0,2016-12,0.5
3a13b3_2017-04,3a13b3,2017-04,0.5
175155_2016-12,175155,2016-12,0.5
6224d0_2017-12,6224d0,2017-12,0.5
a42d13_2015-12,a42d13,2015-12,0.5
a42d13_2016-01,a42d13,2016-01,0.5
6224d0_2018-08,6224d0,2018-08,0.5
f500c5_2015-07,f500c5,2015-07,0.5
1698cf_2016-12,1698cf,2016-12,0.5
d59611_2021-03,d59611,2021-03,0.5
1698cf_2016-11,1698cf,2016-11,0.5
db4cd8_2017-01,db4cd8,2017-01,0.5
6f5e2b_2021-03,6f5e2b,2021-03,0.5
8d0588_2015-08,8d0588,2015-08,0.5
bc4c03_2016-09,bc4c03,2016-09,0.5
14fe3a_2015-08,14fe3a,2015-08,0.5
4718d7_2018-11,4718d7,2018-11,0.5
a25664_2016-04,a25664,2016-04,0.5
db4cd8_2021-02,db4cd8,2021-02,0.5
af81b0_2018-09,af81b0,2018-09,0.5
3a13b3_2016-05,3a13b3,2016-05,0.5
90abb1_2017-01,90abb1,2017-01,0.5
90abb1_2025-09,90abb1,2025-09,0.5
bf6f0d_2017-10,bf6f0d,2017-10,0.5
7a007d_2016-04,7a007d,2016-04,0.5
c580aa_2017-04,c580aa,2017-04,0.5
f500c5_2017-10,f500c5,2017-10,0.5
77b3b9_2017-03,77b3b9,2017-03,0.5
a42d13_2017-10,a42d13,2017-10,0.5
1b9e65_2016-12,1b9e65,2016-12,0.5
1b9e65_2016-08,1b9e65,2016-08,0.5
1b9e65_2016-11,1b9e65,2016-11,0.5
1b9e65_2016-09,1b9e65,2016-09,0.5
bc4c03_2016-05,bc4c03,2016-05,0.5
3db670_2021-02,3db670,2021-02,0.5
b1de95_2023-08,b1de95,2023-08,0.5
3db670_2020-07,3db670,2020-07,0.5
b73bc7_2016-06,b73bc7,2016-06,0.5
6f5e2b_2016-09,6f5e2b,2016-09,0.5
259a19_2015-09,259a19,2015-09,0.5
8005b9_2015-11,8005b9,2015-11,0.5
77b3b9_2016-11,77b3b9,2016-11,0.5
14fe3a_2016-02,14fe3a,2016-02,0.5
bf6f0d_2018-11,bf6f0d,2018-11,0.5
14fe3a_2016-01,14fe3a,2016-01,0.5
14fe3a_2016-03,14fe3a,2016-03,0.5
7a007d_2017-03,7a007d,2017-03,0.5
f1543b_2016-10,f1543b,2016-10,0.5
dc4b5e_2019-04,dc4b5e,2019-04,0.5
f1543b_2017-01,f1543b,2017-01,0.5
8e41cf_2020-05,8e41cf,2020-05,0.5
74fb1f_2017-07,74fb1f,2017-07,0.5
6224d0_2017-07,6224d0,2017-07,0.5
b416b1_2018-07,b416b1,2018-07,0.5
b416b1_2018-09,b416b1,2018-09,0.5
b73bc7_2024-05,b73bc7,2024-05,0.5
19fa84_2015-11,19fa84,2015-11,0.5
7bf5c9_2018-09,7bf5c9,2018-09,0.5
7bf5c9_2018-08,7bf5c9,2018-08,0.5
98a151_2017-07,98a151,2017-07,0.5
829a72_2017-06,829a72,2017-06,0.5
b1de95_2018-02,b1de95,2018-02,0.5
c48018_2015-06,c48018,2015-06,0.5
60a0fd_2017-10,60a0fd,2017-10,0.5
60a0fd_2018-10,60a0fd,2018-10,0.5
98a151_2020-09,98a151,2020-09,0.5
60a0fd_2017-08,60a0fd,2017-08,0.5
98a151_2017-01,98a151,2017-01,0.5
7bf5c9_2025-11,7bf5c9,2025-11,0.5
7bf5c9_2017-01,7bf5c9,2017-01,0.5
98a151_2017-11,98a151,2017-11,0.5
3a13b3_2017-11,3a13b3,2017-11,0.5
b08ec1_2016-02,b08ec1,2016-02,0.5
545d15_2023-10,545d15,2023-10,0.5
545d15_2021-11,545d15,2021-11,0.5
545d15_2025-07,545d15,2025-07,0.5
545d15_2022-11,545d15,2022-11,0.5
545d15_2023-04,545d15,2023-04,0.5
545d15_2021-09,545d15,2021-09,0.5
545d15_2023-02,545d15,2023-02,0.5
c580aa_2017-05,c580aa,2017-05,0.5
545d15_2022-06,545d15,2022-06,0.5
545d15_2024-08,545d15,2024-08,0.5
92dcdd_2018-11,92dcdd,2018-11,0.5
9b3bd5_2025-02,9b3bd5,2025-02,0.5
77e86b_2016-06,77e86b,2016-06,0.5
7bf5c9_2016-01,7bf5c9,2016-01,0.5
a42d13_2017-12,a42d13,2017-12,0.5
7bf5c9_2016-06,7bf5c9,2016-06,0.5
7bf5c9_2017-12,7bf5c9,2017-12,0.5
7bf5c9_2017-07,7bf5c9,2017-07,0.5
3a13b3_2015-05,3a13b3,2015-05,0.5
531356_2018-08,531356,2018-08,0.5
c5816f_2016-12,c5816f,2016-12,0.5
3a13b3_2021-08,3a13b3,2021-08,0.5
c580aa_2017-12,c580aa,2017-12,0.5
8ec563_2016-11,8ec563,2016-11,0.5
06534f_2017-08,06534f,2017-08,0.5
f4604d_2017-03,f4604d,2017-03,0.5
3db670_2021-03,3db670,2021-03,0.5
b73bc7_2015-05,b73bc7,2015-05,0.5
c5816f_2020-07,c5816f,2020-07,0.5
c580aa_2016-08,c580aa,2016-08,0.5
c580aa_2020-09,c580aa,2020-09,0.5
b1de95_2022-02,b1de95,2022-02,0.5
b1de95_2021-12,b1de95,2021-12,0.5
6224d0_2015-11,6224d0,2015-11,0.5
db5006_2017-09,db5006,2017-09,0.5
6224d0_2016-04,6224d0,2016-04,0.5
18defd_2017-08,18defd,2017-08,0.5
06534f_2018-10,06534f,2018-10,0.5
0e8d73_2023-04,0e8d73,2023-04,0.5
af81b0_2016-11,af81b0,2016-11,0.5
f1543b_2016-07,f1543b,2016-07,0.5
a42d13_2018-07,a42d13,2018-07,0.5
cd0e60_2023-09,cd0e60,2023-09,0.5
cd0e60_2023-12,cd0e60,2023-12,0.5
cd0e60_2024-08,cd0e60,2024-08,0.5
0cecbd_2015-08,0cecbd,2015-08,0.5
7aa803_2017-05,7aa803,2017-05,0.5
34889b_2021-03,34889b,2021-03,0.5
8005b9_2016-04,8005b9,2016-04,0.5
0874ee_2017-08,0874ee,2017-08,0.5
8005b9_2016-07,8005b9,2016-07,0.5
b08ec1_2017-03,b08ec1,2017-03,0.5
b08ec1_2017-05,b08ec1,2017-05,0.5
74b7d1_2015-06,74b7d1,2015-06,0.5
8fabe0_2015-08,8fabe0,2015-08,0.5
e60b65_2017-09,e60b65,2017-09,0.5
77e86b_2017-05,77e86b,2017-05,0.5
fc77d0_2016-07,fc77d0,2016-07,0.5
c5df88_2017-10,c5df88,2017-10,0.5
4fb2d3_2015-10,4fb2d3,2015-10,0.5
4fb2d3_2015-09,4fb2d3,2015-09,0.5
4fb2d3_2015-07,4fb2d3,2015-07,0.5
0e8d73_2023-02,0e8d73,2023-02,0.5
0874ee_2016-07,0874ee,2016-07,0.5
dc4b5e_2021-11,dc4b5e,2021-11,0.5
34889b_2018-08,34889b,2018-08,0.5
dc4b5e_2020-08,dc4b5e,2020-08,0.5
a97df3_2022-02,a97df3,2022-02,0.5
9b46ed_2017-10,9b46ed,2017-10,0.5
b08ec1_2025-09,b08ec1,2025-09,0.5
b08ec1_2020-04,b08ec1,2020-04,0.5
a25664_2015-10,a25664,2015-10,0.5
b08ec1_2020-05,b08ec1,2020-05,0.5
34889b_2020-09,34889b,2020-09,0.5
8005b9_2015-05,8005b9,2015-05,0.5
a97df3_2021-07,a97df3,2021-07,0.5
74b7d1_2016-05,74b7d1,2016-05,0.5
a97df3_2021-09,a97df3,2021-09,0.5
3a13b3_2022-02,3a13b3,2022-02,0.5
af81b0_2017-10,af81b0,2017-10,0.5
a97df3_2020-05,a97df3,2020-05,0.5
99c11c_2025-07,99c11c,2025-07,0.5
a97df3_2021-01,a97df3,2021-01,0.5
99c11c_2018-10,99c11c,2018-10,0.5
3a13b3_2022-10,3a13b3,2022-10,0.5
3db670_2016-08,3db670,2016-08,0.5
3db670_2017-10,3db670,2017-10,0.5
b73bc7_2017-07,b73bc7,2017-07,0.5
894378_2018-08,894378,2018-08,0.5
f461d4_2018-08,f461d4,2018-08,0.5
8ec563_2020-05,8ec563,2020-05,0.5
e4bc80_2018-07,e4bc80,2018-07,0.5
0cecbd_2020-06,0cecbd,2020-06,0.5
0cecbd_2020-08,0cecbd,2020-08,0.5
60a0fd_2018-09,60a0fd,2018-09,0.5
0cecbd_2020-07,0cecbd,2020-07,0.5
e7a56d_2015-12,e7a56d,2015-12,0.5
b0ff51_2015-11,b0ff51,2015-11,0.5
b73bc7_2021-02,b73bc7,2021-02,0.5
c580aa_2022-03,c580aa,2022-03,0.5
c580aa_2022-06,c580aa,2022-06,0.5
c580aa_2021-11,c580aa,2021-11,0.5
06534f_2021-10,06534f,2021-10,0.5
b73bc7_2020-11,b73bc7,2020-11,0.5
06534f_2020-12,06534f,2020-12,0.5
b1de95_2022-09,b1de95,2022-09,0.5
c580aa_2021-03,c580aa,2021-03,0.5
af81b0_2022-08,af81b0,2022-08,0.5
af81b0_2021-12,af81b0,2021-12,0.5
af81b0_2021-06,af81b0,2021-06,0.5
293190_2018-10,293190,2018-10,0.5
e7a56d_2020-08,e7a56d,2020-08,0.5
5a0174_2018-09,5a0174,2018-09,0.5
c48018_2022-08,c48018,2022-08,0.5
18defd_2020-06,18defd,2020-06,0.5
c48018_2020-11,c48018,2020-11,0.5
d59611_2016-07,d59611,2016-07,0.5
18defd_2021-02,18defd,2021-02,0.5
c48018_2021-10,c48018,2021-10,0.5
c48018_2023-01,c48018,2023-01,0.5
c48018_2018-08,c48018,2018-08,0.5
18defd_2021-10,18defd,2021-10,0.5
c48018_2022-12,c48018,2022-12,0.5
db4cd8_2016-07,db4cd8,2016-07,0.5
18defd_2020-07,18defd,2020-07,0.5
18defd_2021-03,18defd,2021-03,0.5
1698cf_2017-10,1698cf,2017-10,0.5
c580aa_2015-11,c580aa,2015-11,0.5
439fde_2022-08,439fde,2022-08,0.5
8fabe0_2020-04,8fabe0,2020-04,0.5
90abb1_2016-09,90abb1,2016-09,0.5
829a72_2021-04,829a72,2021-04,0.5
60a0fd_2016-04,60a0fd,2016-04,0.5
829a72_2016-08,829a72,2016-08,0.5
259a19_2017-11,259a19,2017-11,0.5
5a0174_2018-10,5a0174,2018-10,0.5
60a0fd_2016-12,60a0fd,2016-12,0.5
60a0fd_2016-08,60a0fd,2016-08,0.5
8ec563_2017-09,8ec563,2017-09,0.5
5a0174_2016-06,5a0174,2016-06,0.5
77e86b_2017-07,77e86b,2017-07,0.5
e3af0e_2016-02,e3af0e,2016-02,0.5
829a72_2016-10,829a72,2016-10,0.5
829a72_2021-01,829a72,2021-01,0.5
9af74c_2015-07,9af74c,2015-07,0.5
e3af0e_2016-06,e3af0e,2016-06,0.5
4718d7_2017-12,4718d7,2017-12,0.5
f461d4_2016-07,f461d4,2016-07,0.5
e4bc80_2016-11,e4bc80,2016-11,0.5
db5006_2017-10,db5006,2017-10,0.5
98a151_2020-04,98a151,2020-04,0.5
0f9e86_2020-05,0f9e86,2020-05,0.5
c48018_2015-08,c48018,2015-08,0.5
98a151_2016-07,98a151,2016-07,0.5
0f9e86_2020-04,0f9e86,2020-04,0.5
9af74c_2021-03,9af74c,2021-03,0.5
90abb1_2015-06,90abb1,2015-06,0.5
fc77d0_2018-08,fc77d0,2018-08,0.5
90abb1_2018-07,90abb1,2018-07,0.5
9af74c_2016-09,9af74c,2016-09,0.5
9af74c_2017-01,9af74c,2017-01,0.5
9af74c_2017-09,9af74c,2017-09,0.5
fc77d0_2018-09,fc77d0,2018-09,0.5
9af74c_2016-07,9af74c,2016-07,0.5
424c1b_2024-05,424c1b,2024-05,0.5
77b3b9_2017-10,77b3b9,2017-10,0.5
b73bc7_2018-09,b73bc7,2018-09,0.5
77b3b9_2016-04,77b3b9,2016-04,0.5
bc4c03_2016-03,bc4c03,2016-03,0.5
439fde_2020-08,439fde,2020-08,0.5
439fde_2021-08,439fde,2021-08,0.5
7bf5c9_2015-10,7bf5c9,2015-10,0.5
6da35b_2025-09,6da35b,2025-09,0.5
99c11c_2016-06,99c11c,2016-06,0.5
c3a69f_2020-04,c3a69f,2020-04,0.5
439fde_2022-11,439fde,2022-11,0.5
99c11c_2016-11,99c11c,2016-11,0.5
439fde_2023-02,439fde,2023-02,0.5
87cfea_2016-03,87cfea,2016-03,0.5
c3a69f_2016-03,c3a69f,2016-03,0.5
7a007d_2016-06,7a007d,2016-06,0.5
f4604d_2017-09,f4604d,2017-09,0.5
7a007d_2016-12,7a007d,2016-12,0.5
0cecbd_2017-03,0cecbd,2017-03,0.5
b73bc7_2017-03,b73bc7,2017-03,0.5
74fb1f_2018-11,74fb1f,2018-11,0.5
e3af0e_2015-12,e3af0e,2015-12,0.5
b1de95_2018-07,b1de95,2018-07,0.5
3db670_2016-11,3db670,2016-11,0.5
259a19_2015-10,259a19,2015-10,0.5
b73bc7_2023-12,b73bc7,2023-12,0.5
06534f_2021-11,06534f,2021-11,0.5
1698cf_2016-06,1698cf,2016-06,0.5
8d0588_2016-01,8d0588,2016-01,0.5
8d0588_2016-04,8d0588,2016-04,0.5
a42d13_2017-09,a42d13,2017-09,0.5
77e86b_2021-06,77e86b,2021-06,0.5
77e86b_2020-11,77e86b,2020-11,0.5
77e86b_2020-12,77e86b,2020-12,0.5
74b7d1_2016-09,74b7d1,2016-09,0.5
87cfea_2016-09,87cfea,2016-09,0.5
77e86b_2021-10,77e86b,2021-10,0.5
987bc1_2016-10,987bc1,2016-10,0.5
439fde_2018-09,439fde,2018-09,0.5
987bc1_2016-09,987bc1,2016-09,0.5
8fabe0_2021-03,8fabe0,2021-03,0.5
83894c_2024-03,83894c,2024-03,0.5
513080_2025-09,513080,2025-09,0.5
b416b1_2016-03,b416b1,2016-03,0.5
b416b1_2016-02,b416b1,2016-02,0.5
4718d7_2025-04,4718d7,2025-04,0.5
fb737b_2023-10,fb737b,2023-10,0.5
f461d4_2022-11,f461d4,2022-11,0.5
f461d4_2023-12,f461d4,2023-12,0.5
f461d4_2025-03,f461d4,2025-03,0.5
d59611_2014-04,d59611,2014-04,0.5
90abb1_2022-04,90abb1,2022-04,0.5
8005b9_2024-05,8005b9,2024-05,0.5
b08ec1_2018-02,b08ec1,2018-02,0.5
92dcdd_2020-09,92dcdd,2020-09,0.5
29849f_2019-11,29849f,2019-11,0.5
e2314a_2024-11,e2314a,2024-11,0.5
6224d0_2020-02,6224d0,2020-02,0.5
e60b65_2022-10,e60b65,2022-10,0.5
f461d4_2024-02,f461d4,2024-02,0.5
a42d13_2017-02,a42d13,2017-02,0.5
4fb2d3_2018-03,4fb2d3,2018-03,0.5
92dcdd_2020-10,92dcdd,2020-10,0.5
731908_2019-02,731908,2019-02,0.5
11f0e3_2016-01,11f0e3,2016-01,0.5
e427f8_2023-10,e427f8,2023-10,0.5
9befc8_2021-10,9befc8,2021-10,0.5
780a0b_2014-12,780a0b,2014-12,0.5
780a0b_2016-03,780a0b,2016-03,0.5
9cf1af_2023-11,9cf1af,2023-11,0.5
9cf1af_2025-07,9cf1af,2025-07,0.5
532867_2024-11,532867,2024-11,0.5
fb737b_2024-06,fb737b,2024-06,0.5
1698cf_2025-04,1698cf,2025-04,0.5
77b3b9_2023-01,77b3b9,2023-01,0.5
8005b9_2018-03,8005b9,2018-03,0.5
fc77d0_2023-06,fc77d0,2023-06,0.5
375f2e_2023-09,375f2e,2023-09,0.5
af81b0_2024-09,af81b0,2024-09,0.5
545d15_2019-06,545d15,2019-06,0.5
e2314a_2024-06,e2314a,2024-06,0.5
e83244_2015-06,e83244,2015-06,0.5
e60b65_2017-06,e60b65,2017-06,0.5
a25664_2024-08,a25664,2024-08,0.5
1822ea_2025-05,1822ea,2025-05,0.5
731908_2017-04,731908,2017-04,0.5
731908_2021-11,731908,2021-11,0.5
11f0e3_2022-01,11f0e3,2022-01,0.5
a97df3_2024-06,a97df3,2024-06,0.5
6224d0_2019-02,6224d0,2019-02,0.5
b416b1_2019-08,b416b1,2019-08,0.5
bc4c03_2019-03,bc4c03,2019-03,0.5
14fe3a_2023-08,14fe3a,2023-08,0.5
375f2e_2019-11,375f2e,2019-11,0.5
545d15_2020-12,545d15,2020-12,0.5
e2314a_2016-01,e2314a,2016-01,0.5
c0f884_2025-07,c0f884,2025-07,0.5
bfbeef_2022-09,bfbeef,2022-09,0.5
b26809_2024-04,b26809,2024-04,0.5
dc4b5e_2025-07,dc4b5e,2025-07,0.5
780a0b_2021-12,780a0b,2021-12,0.5
8fb6f0_2014-12,8fb6f0,2014-12,0.5
fb737b_2023-07,fb737b,2023-07,0.5
175155_2021-10,175155,2021-10,0.5
bc4c03_2023-12,bc4c03,2023-12,0.5
db4cd8_2019-08,db4cd8,2019-08,0.5
34889b_2023-12,34889b,2023-12,0.5
fc77d0_2024-05,fc77d0,2024-05,0.5
302d40_2025-04,302d40,2025-04,0.5
b73bc7_2017-06,b73bc7,2017-06,0.5
987bc1_2022-01,987bc1,2022-01,0.5
987bc1_2024-04,987bc1,2024-04,0.5
780a0b_2022-05,780a0b,2022-05,0.5
8fb6f0_2016-07,8fb6f0,2016-07,0.5
8bd3ce_2023-05,8bd3ce,2023-05,0.5
8bd3ce_2024-11,8bd3ce,2024-11,0.5
0f9e86_2020-01,0f9e86,2020-01,0.5
9cf1af_2023-12,9cf1af,2023-12,0.5
0ffc2d_2022-12,0ffc2d,2022-12,0.5
6f5e2b_2025-08,6f5e2b,2025-08,0.5
175155_2023-02,175155,2023-02,0.5
db4cd8_2019-06,db4cd8,2019-06,0.5
f461d4_2018-03,f461d4,2018-03,0.5
1698cf_2014-10,1698cf,2014-10,0.5
1822ea_2019-06,1822ea,2019-06,0.5
1822ea_2025-02,1822ea,2025-02,0.5
fc77d0_2024-03,fc77d0,2024-03,0.5
af81b0_2014-09,af81b0,2014-09,0.5
545d15_2020-04,545d15,2020-04,0.5
7a007d_2025-05,7a007d,2025-05,0.5
29849f_2020-03,29849f,2020-03,0.5
3a13b3_2020-02,3a13b3,2020-02,0.5
b73bc7_2014-11,b73bc7,2014-11,0.5
e83244_2020-08,e83244,2020-08,0.5
6224d0_2024-01,6224d0,2024-01,0.5
fb737b_2020-12,fb737b,2020-12,0.5
6838b9_2022-07,6838b9,2022-07,0.5
a42d13_2018-06,a42d13,2018-06,0.5
375f2e_2018-02,375f2e,2018-02,0.5
9af74c_2025-01,9af74c,2025-01,0.5
987bc1_2023-11,987bc1,2023-11,0.5
987bc1_2024-07,987bc1,2024-07,0.5
92dcdd_2020-11,92dcdd,2020-11,0.5
f24317_2025-08,f24317,2025-08,0.5
11f0e3_2024-09,11f0e3,2024-09,0.5
e427f8_2022-08,e427f8,2022-08,0.5
8fb6f0_2015-03,8fb6f0,2015-03,0.5
8fb6f0_2018-04,8fb6f0,2018-04,0.5
8bd3ce_2022-03,8bd3ce,2022-03,0.5
8bd3ce_2022-06,8bd3ce,2022-06,0.5
0f9e86_2015-04,0f9e86,2015-04,0.5
6224d0_2014-12,6224d0,2014-12,0.5
fb737b_2022-06,fb737b,2022-06,0.5
1698cf_2022-04,1698cf,2022-04,0.5
34889b_2024-07,34889b,2024-07,0.5
9af74c_2022-06,9af74c,2022-06,0.5
92dcdd_2023-07,92dcdd,2023-07,0.5
c580aa_2015-04,c580aa,2015-04,0.5
3a13b3_2025-08,3a13b3,2025-08,0.5
e2314a_2017-02,e2314a,2017-02,0.5
e2314a_2019-06,e2314a,2019-06,0.5
4ee2d2_2024-12,4ee2d2,2024-12,0.5
6838b9_2018-07,6838b9,2018-07,0.5
a42d13_2024-08,a42d13,2024-08,0.5
1822ea_2019-12,1822ea,2019-12,0.5
0ffc2d_2023-12,0ffc2d,2023-12,0.5
302d40_2025-02,302d40,2025-02,0.5
731908_2019-06,731908,2019-06,0.5
780a0b_2023-07,780a0b,2023-07,0.5
9befc8_2022-09,9befc8,2022-09,0.5
7199cf_2024-12,7199cf,2024-12,0.5
4718d7_2022-02,4718d7,2022-02,0.5
e60b65_2024-07,e60b65,2024-07,0.5
175155_2021-12,175155,2021-12,0.5
db4cd8_2022-10,db4cd8,2022-10,0.5
db4cd8_2025-04,db4cd8,2025-04,0.5
1698cf_2022-01,1698cf,2022-01,0.5
34889b_2023-08,34889b,2023-08,0.5
b08ec1_2024-06,b08ec1,2024-06,0.5
987bc1_2019-07,987bc1,2019-07,0.5
4fb2d3_2022-04,4fb2d3,2022-04,0.5
e83244_2021-08,e83244,2021-08,0.5
6224d0_2017-01,6224d0,2017-01,0.5
e60b65_2018-12,e60b65,2018-12,0.5
f25ffe_2025-06,f25ffe,2025-06,0.5
f25ffe_2025-07,f25ffe,2025-07,0.5
1698cf_2022-10,1698cf,2022-10,0.5
90abb1_2019-03,90abb1,2019-03,0.5
0ffc2d_2019-06,0ffc2d,2019-06,0.5
987bc1_2020-10,987bc1,2020-10,0.5
fc9334_2023-11,fc9334,2023-11,0.5
b1de95_2024-07,b1de95,2024-07,0.5
1996b0_2025-05,1996b0,2025-05,0.5
6f5e2b_2018-05,6f5e2b,2018-05,0.5
6f5e2b_2019-11,6f5e2b,2019-11,0.5
b416b1_2024-08,b416b1,2024-08,0.5
d59611_2025-01,d59611,2025-01,0.5
8005b9_2024-03,8005b9,2024-03,0.5
987bc1_2019-12,987bc1,2019-12,0.5
545d15_2019-04,545d15,2019-04,0.5
7a007d_2024-02,7a007d,2024-02,0.5
c580aa_2015-02,c580aa,2015-02,0.5
3db670_2017-02,3db670,2017-02,0.5
3db670_2019-12,3db670,2019-12,0.5
3db670_2020-03,3db670,2020-03,0.5
06534f_2017-02,06534f,2017-02,0.5
b73bc7_2023-01,b73bc7,2023-01,0.5
bc4c03_2022-05,bc4c03,2022-05,0.5
77b3b9_2019-10,77b3b9,2019-10,0.5
77b3b9_2024-07,77b3b9,2024-07,0.5
0ffc2d_2020-03,0ffc2d,2020-03,0.5
987bc1_2019-08,987bc1,2019-08,0.5
4fb2d3_2024-11,4fb2d3,2024-11,0.5
731908_2017-10,731908,2017-10,0.5
6224d0_2024-02,6224d0,2024-02,0.5
b416b1_2019-03,b416b1,2019-03,0.5
532867_2025-03,532867,2025-03,0.5
259a19_2019-12,259a19,2019-12,0.5
db4cd8_2021-12,db4cd8,2021-12,0.5
77b3b9_2023-08,77b3b9,2023-08,0.5
d59611_2014-09,d59611,2014-09,0.5
d59611_2014-11,d59611,2014-11,0.5
34889b_2025-06,34889b,2025-06,0.5
14fe3a_2023-11,14fe3a,2023-11,0.5
6224d0_2024-09,6224d0,2024-09,0.5
8fabe0_2023-10,8fabe0,2023-10,0.5
fc77d0_2025-05,fc77d0,2025-05,0.5
375f2e_2025-01,375f2e,2025-01,0.5
731908_2018-02,731908,2018-02,0.5
731908_2020-08,731908,2020-08,0.5
9f1aa0_2019-10,9f1aa0,2019-10,0.5
fb737b_2024-07,fb737b,2024-07,0.5
8fabe0_2024-07,8fabe0,2024-07,0.5
6838b9_2019-12,6838b9,2019-12,0.5
1698cf_2022-05,1698cf,2022-05,0.5
d59611_2019-06,d59611,2019-06,0.5
9af74c_2022-09,9af74c,2022-09,0.5
af81b0_2018-02,af81b0,2018-02,0.5
f1543b_2019-12,f1543b,2019-12,0.5
e83244_2017-09,e83244,2017-09,0.5
6224d0_2017-05,6224d0,2017-05,0.5
175155_2019-03,175155,2019-03,0.5
f461d4_2023-03,f461d4,2023-03,0.5
f25ffe_2025-04,f25ffe,2025-04,0.5
375f2e_2018-06,375f2e,2018-06,0.5
4fb2d3_2024-03,4fb2d3,2024-03,0.5
780a0b_2021-07,780a0b,2021-07,0.5
0f9e86_2015-02,0f9e86,2015-02,0.5
6224d0_2022-12,6224d0,2022-12,0.5
0e8d73_2024-02,0e8d73,2024-02,0.5
fb737b_2023-03,fb737b,2023-03,0.5
b416b1_2022-02,b416b1,2022-02,0.5
b416b1_2024-09,b416b1,2024-09,0.5
b416b1_2024-11,b416b1,2024-11,0.5
1698cf_2019-08,1698cf,2019-08,0.5
34889b_2022-04,34889b,2022-04,0.5
34889b_2025-08,34889b,2025-08,0.5
14fe3a_2014-08,14fe3a,2014-08,0.5
8005b9_2021-05,8005b9,2021-05,0.5
9af74c_2014-08,9af74c,2014-08,0.5
7a007d_2024-04,7a007d,2024-04,0.5
e2314a_2014-10,e2314a,2014-10,0.5
e83244_2025-07,e83244,2025-07,0.5
e60b65_2020-05,e60b65,2020-05,0.5
4ee2d2_2024-11,4ee2d2,2024-11,0.5
a25664_2019-05,a25664,2019-05,0.5
424c1b_2024-06,424c1b,2024-06,0.5
90abb1_2019-12,90abb1,2019-12,0.5
0ffc2d_2020-10,0ffc2d,2020-10,0.5
987bc1_2020-07,987bc1,2020-07,0.5
bfbeef_2021-06,bfbeef,2021-06,0.5
dc4b5e_2021-12,dc4b5e,2021-12,0.5
dbb709_2024-08,dbb709,2024-08,0.5
5a0174_2024-04,5a0174,2024-04,0.5
b416b1_2020-12,b416b1,2020-12,0.5
b416b1_2021-10,b416b1,2021-10,0.5
b416b1_2023-01,b416b1,2023-01,0.5
175155_2022-01,175155,2022-01,0.5
b08ec1_2023-09,b08ec1,2023-09,0.5
987bc1_2024-10,987bc1,2024-10,0.5
175155_2025-07,175155,2025-07,0.5
af81b0_2014-06,af81b0,2014-06,0.5
06534f_2019-09,06534f,2019-09,0.5
f4604d_2024-03,f4604d,2024-03,0.5
6224d0_2017-11,6224d0,2017-11,0.5
175155_2018-03,175155,2018-03,0.5
265164_2024-09,265164,2024-09,0.5
375f2e_2018-01,375f2e,2018-01,0.5
4fb2d3_2021-04,4fb2d3,2021-04,0.5
731908_2015-02,731908,2015-02,0.5
510fbf_2025-05,510fbf,2025-05,0.5
a97df3_2024-07,a97df3,2024-07,0.5
780a0b_2015-06,780a0b,2015-06,0.5
780a0b_2018-06,780a0b,2018-06,0.5
fc9334_2024-06,fc9334,2024-06,0.5
dbb709_2023-02,dbb709,2023-02,0.5
dbb709_2024-10,dbb709,2024-10,0.5
259a19_2023-02,259a19,2023-02,0.5
a42d13_2025-02,a42d13,2025-02,0.5
77b3b9_2018-06,77b3b9,2018-06,0.5
af81b0_2024-07,af81b0,2024-07,0.5
7a007d_2023-12,7a007d,2023-12,0.5
3a13b3_2014-12,3a13b3,2014-12,0.5
fc77d0_2014-03,fc77d0,2014-03,0.5
f4d28d_2025-01,f4d28d,2025-01,0.5
4fb2d3_2025-01,4fb2d3,2025-01,0.5
dc4b5e_2022-03,dc4b5e,2022-03,0.5
a97df3_2019-12,a97df3,2019-12,0.5
a97df3_2022-12,a97df3,2022-12,0.5
fc9334_2025-06,fc9334,2025-06,0.5
8fb6f0_2015-08,8fb6f0,2015-08,0.5
8fb6f0_2019-08,8fb6f0,2019-08,0.5
0f9e86_2017-05,0f9e86,2017-05,0.5
f4604d_2019-02,f4604d,2019-02,0.5
6224d0_2019-08,6224d0,2019-08,0.5
8fabe0_2019-06,8fabe0,2019-06,0.5
db4cd8_2023-07,db4cd8,2023-07,0.5
8005b9_2025-01,8005b9,2025-01,0.5
af81b0_2025-04,af81b0,2025-04,0.5
af81b0_2025-08,af81b0,2025-08,0.5
545d15_2021-03,545d15,2021-03,0.5
b73bc7_2019-08,b73bc7,2019-08,0.5
532867_2025-01,532867,2025-01,0.5
424c1b_2025-06,424c1b,2025-06,0.5
1822ea_2019-11,1822ea,2019-11,0.5
265164_2023-06,265164,2023-06,0.5
f4d28d_2025-02,f4d28d,2025-02,0.5
375f2e_2025-04,375f2e,2025-04,0.5
987bc1_2022-12,987bc1,2022-12,0.5
11f0e3_2025-02,11f0e3,2025-02,0.5
b26809_2025-05,b26809,2025-05,0.5
a97df3_2024-05,a97df3,2024-05,0.5
9befc8_2021-11,9befc8,2021-11,0.5
0f9e86_2019-07,0f9e86,2019-07,0.5
fc9334_2023-05,fc9334,2023-05,0.5
4718d7_2019-04,4718d7,2019-04,0.5
4718d7_2021-08,4718d7,2021-08,0.5
0e8d73_2023-06,0e8d73,2023-06,0.5
fb737b_2023-08,fb737b,2023-08,0.5
e60b65_2025-08,e60b65,2025-08,0.5
8fabe0_2018-04,8fabe0,2018-04,0.5
b416b1_2021-07,b416b1,2021-07,0.5
1698cf_2023-09,1698cf,2023-09,0.5
14fe3a_2021-10,14fe3a,2021-10,0.5
b08ec1_2024-01,b08ec1,2024-01,0.5
6838b9_2020-09,6838b9,2020-09,0.5
11f0e3_2023-12,11f0e3,2023-12,0.5
0f9e86_2024-02,0f9e86,2024-02,0.5
9cf1af_2025-04,9cf1af,2025-04,0.5
375f2e_2019-04,375f2e,2019-04,0.5
4718d7_2018-12,4718d7,2018-12,0.5
0874ee_2019-03,0874ee,2019-03,0.5
5a0174_2025-05,5a0174,2025-05,0.5
d59611_2014-10,d59611,2014-10,0.5
3db670_2025-08,3db670,2025-08,0.5
e2314a_2023-08,e2314a,2023-08,0.5
175155_2019-05,175155,2019-05,0.5
175155_2019-08,175155,2019-08,0.5
a25664_2022-08,a25664,2022-08,0.5
77b3b9_2024-12,77b3b9,2024-12,0.5
9af74c_2024-12,9af74c,2024-12,0.5
9af74c_2025-03,9af74c,2025-03,0.5
4fb2d3_2025-06,4fb2d3,2025-06,0.5
92dcdd_2019-09,92dcdd,2019-09,0.5
92dcdd_2022-12,92dcdd,2022-12,0.5
8e41cf_2025-08,8e41cf,2025-08,0.5
b26809_2025-03,b26809,2025-03,0.5
9befc8_2015-03,9befc8,2015-03,0.5
0f9e86_2023-03,0f9e86,2023-03,0.5
0e8d73_2024-05,0e8d73,2024-05,0.5
b416b1_2025-01,b416b1,2025-01,0.5
f461d4_2019-10,f461d4,2019-10,0.5
db4cd8_2014-11,db4cd8,2014-11,0.5
259a19_2023-12,259a19,2023-12,0.5
8005b9_2017-02,8005b9,2017-02,0.5
8005b9_2018-05,8005b9,2018-05,0.5
375f2e_2024-09,375f2e,2024-09,0.5
af81b0_2017-08,af81b0,2017-08,0.5
3db670_2018-03,3db670,2018-03,0.5
06534f_2022-11,06534f,2022-11,0.5
06534f_2023-11,06534f,2023-11,0.5
b73bc7_2014-04,b73bc7,2014-04,0.5
b73bc7_2015-04,b73bc7,2015-04,0.5
b73bc7_2018-12,b73bc7,2018-12,0.5
175155_2022-02,175155,2022-02,0.5
bc4c03_2022-11,bc4c03,2022-11,0.5
a25664_2021-06,a25664,2021-06,0.5
987bc1_2015-09,987bc1,2015-09,0.5
302d40_2023-12,302d40,2023-12,0.5
d86999_2015-03,d86999,2015-03,0.5
d86999_2021-03,d86999,2021-03,0.5
dbb709_2023-11,dbb709,2023-11,0.5
dbb709_2024-03,dbb709,2024-03,0.5
6f5e2b_2021-09,6f5e2b,2021-09,0.5
b416b1_2017-06,b416b1,2017-06,0.5
4f2b6b_2025-02,4f2b6b,2025-02,0.5
77b3b9_2019-06,77b3b9,2019-06,0.5
90abb1_2014-07,90abb1,2014-07,0.5
90abb1_2014-12,90abb1,2014-12,0.5
34889b_2021-12,34889b,2021-12,0.5
b08ec1_2014-12,b08ec1,2014-12,0.5
b08ec1_2019-11,b08ec1,2019-11,0.5
4fb2d3_2023-07,4fb2d3,2023-07,0.5
7a007d_2018-12,7a007d,2018-12,0.5
29849f_2024-07,29849f,2024-07,0.5
29849f_2024-10,29849f,2024-10,0.5
06534f_2023-04,06534f,2023-04,0.5
3a13b3_2018-03,3a13b3,2018-03,0.5
f4604d_2024-11,f4604d,2024-11,0.5
e2314a_2016-10,e2314a,2016-10,0.5
6224d0_2016-09,6224d0,2016-09,0.5
6224d0_2022-01,6224d0,2022-01,0.5
e60b65_2014-05,e60b65,2014-05,0.5
77b3b9_2022-03,77b3b9,2022-03,0.5
fc77d0_2014-11,fc77d0,2014-11,0.5
302d40_2024-09,302d40,2024-09,0.5
dbb709_2025-08,dbb709,2025-08,0.5
0f9e86_2024-05,0f9e86,2024-05,0.5
29849f_2019-08,29849f,2019-08,0.5
4718d7_2019-08,4718d7,2019-08,0.5
fb737b_2024-04,fb737b,2024-04,0.5
bc4c03_2024-02,bc4c03,2024-02,0.5
d59611_2025-06,d59611,2025-06,0.5
1822ea_2022-10,1822ea,2022-10,0.5
375f2e_2021-10,375f2e,2021-10,0.5
af81b0_2018-04,af81b0,2018-04,0.5
29849f_2023-07,29849f,2023-07,0.5
b1de95_2014-12,b1de95,2014-12,0.5
e83244_2018-04,e83244,2018-04,0.5
1822ea_2020-03,1822ea,2020-03,0.5
0ffc2d_2020-09,0ffc2d,2020-09,0.5
987bc1_2025-02,987bc1,2025-02,0.5
92dcdd_2025-05,92dcdd,2025-05,0.5
731908_2017-06,731908,2017-06,0.5
bfbeef_2023-07,bfbeef,2023-07,0.5
b26809_2022-05,b26809,2022-05,0.5
dc4b5e_2023-11,dc4b5e,2023-11,0.5
9f1aa0_2024-02,9f1aa0,2024-02,0.5
dbb709_2023-12,dbb709,2023-12,0.5
8bd3ce_2023-06,8bd3ce,2023-06,0.5
6224d0_2022-03,6224d0,2022-03,0.5
8fabe0_2018-12,8fabe0,2018-12,0.5
bc4c03_2021-10,bc4c03,2021-10,0.5
92dcdd_2019-11,92dcdd,2019-11,0.5
af81b0_2024-10,af81b0,2024-10,0.5
f4604d_2019-08,f4604d,2019-08,0.5
e2314a_2025-02,e2314a,2025-02,0.5
a25664_2020-05,a25664,2020-05,0.5
1822ea_2023-09,1822ea,2023-09,0.5
375f2e_2015-01,375f2e,2015-01,0.5
8e41cf_2023-02,8e41cf,2023-02,0.5
11f0e3_2023-02,11f0e3,2023-02,0.5
780a0b_2020-01,780a0b,2020-01,0.5
8fb6f0_2015-12,8fb6f0,2015-12,0.5
8fb6f0_2024-09,8fb6f0,2024-09,0.5
175155_2022-12,175155,2022-12,0.5
6838b9_2022-12,6838b9,2022-12,0.5
db4cd8_2014-06,db4cd8,2014-06,0.5
1698cf_2021-11,1698cf,2021-11,0.5
34889b_2023-05,34889b,2023-05,0.5
b73bc7_2016-10,b73bc7,2016-10,0.5
f4604d_2015-01,f4604d,2015-01,0.5
f4604d_2024-04,f4604d,2024-04,0.5
531356_2015-03,531356,2015-03,0.5
e83244_2020-09,e83244,2020-09,0.5
e60b65_2019-07,e60b65,2019-07,0.5
bc4c03_2025-07,bc4c03,2025-07,0.5
90abb1_2024-10,90abb1,2024-10,0.5
1822ea_2022-04,1822ea,2022-04,0.5
fc77d0_2025-01,fc77d0,2025-01,0.5
265164_2024-08,265164,2024-08,0.5
8e41cf_2023-10,8e41cf,2023-10,0.5
9befc8_2016-07,9befc8,2016-07,0.5
8bd3ce_2022-09,8bd3ce,2022-09,0.5
5a0174_2019-08,5a0174,2019-08,0.5
8fabe0_2020-07,8fabe0,2020-07,0.5
bc4c03_2014-05,bc4c03,2014-05,0.5
34889b_2019-09,34889b,2019-09,0.5
e83244_2018-10,e83244,2018-10,0.5
6224d0_2014-05,6224d0,2014-05,0.5
175155_2016-10,175155,2016-10,0.5
731908_2017-01,731908,2017-01,0.5
b26809_2024-01,b26809,2024-01,0.5
780a0b_2019-12,780a0b,2019-12,0.5
8bd3ce_2023-09,8bd3ce,2023-09,0.5
0f9e86_2015-08,0f9e86,2015-08,0.5
1822ea_2015-03,1822ea,2015-03,0.5
4fb2d3_2023-09,4fb2d3,2023-09,0.5
8fabe0_2019-11,8fabe0,2019-11,0.5
b416b1_2020-07,b416b1,2020-07,0.5
edda84_2025-03,edda84,2025-03,0.5
77b3b9_2014-07,77b3b9,2014-07,0.5
29849f_2023-04,29849f,2023-04,0.5
022433_2025-08,022433,2025-08,0.5
e2314a_2018-01,e2314a,2018-01,0.5
e83244_2023-08,e83244,2023-08,0.5
e83244_2025-04,e83244,2025-04,0.5
8fabe0_2022-08,8fabe0,2022-08,0.5
f25ffe_2023-05,f25ffe,2023-05,0.5
77b3b9_2019-02,77b3b9,2019-02,0.5
1822ea_2025-01,1822ea,2025-01,0.5
0ffc2d_2023-01,0ffc2d,2023-01,0.5
0ffc2d_2023-11,0ffc2d,2023-11,0.5
265164_2025-08,265164,2025-08,0.5
9af74c_2024-09,9af74c,2024-09,0.5
731908_2015-11,731908,2015-11,0.5
d86999_2021-12,d86999,2021-12,0.5
9f1aa0_2021-07,9f1aa0,2021-07,0.5
780a0b_2022-12,780a0b,2022-12,0.5
fb737b_2024-08,fb737b,2024-08,0.5
b416b1_2019-07,b416b1,2019-07,0.5
d59611_2023-05,d59611,2023-05,0.5
af81b0_2019-11,af81b0,2019-11,0.5
531356_2017-06,531356,2017-06,0.5
175155_2014-12,175155,2014-12,0.5
259a19_2024-09,259a19,2024-09,0.5
424c1b_2024-08,424c1b,2024-08,0.5
90abb1_2025-04,90abb1,2025-04,0.5
0ffc2d_2019-07,0ffc2d,2019-07,0.5
375f2e_2017-02,375f2e,2017-02,0.5
8fb6f0_2018-06,8fb6f0,2018-06,0.5
0f9e86_2025-08,0f9e86,2025-08,0.5
34889b_2021-08,34889b,2021-08,0.5
8005b9_2015-04,8005b9,2015-04,0.5
b1de95_2024-08,b1de95,2024-08,0.5
06534f_2025-01,06534f,2025-01,0.5
022433_2025-06,022433,2025-06,0.5
e2314a_2018-11,e2314a,2018-11,0.5
175155_2019-06,175155,2019-06,0.5
1822ea_2020-02,1822ea,2020-02,0.5
9af74c_2023-09,9af74c,2023-09,0.5
4fb2d3_2021-09,4fb2d3,2021-09,0.5
302d40_2024-04,302d40,2024-04,0.5
731908_2018-11,731908,2018-11,0.5
d86999_2018-08,d86999,2018-08,0.5
e427f8_2023-06,e427f8,2023-06,0.5
dc4b5e_2025-01,dc4b5e,2025-01,0.5
9befc8_2021-03,9befc8,2021-03,0.5
fc9334_2024-05,fc9334,2024-05,0.5
8bd3ce_2019-02,8bd3ce,2019-02,0.5
b26809_2025-06,b26809,2025-06,0.5
c48018_2023-07,c48018,2023-07,0.5
bfbeef_2018-07,bfbeef,2018-07,0.5
8fb6f0_2024-06,8fb6f0,2024-06,0.5
8bd3ce_2018-01,8bd3ce,2018-01,0.5
8fb6f0_2020-08,8fb6f0,2020-08,0.5
bfbeef_2025-02,bfbeef,2025-02,0.5
fc9334_2020-04,fc9334,2020-04,0.5
8e41cf_2021-09,8e41cf,2021-09,0.5
18defd_2014-11,18defd,2014-11,0.5
18defd_2019-01,18defd,2019-01,0.5
18defd_2024-01,18defd,2024-01,0.5
8e41cf_2018-11,8e41cf,2018-11,0.5
8e41cf_2021-05,8e41cf,2021-05,0.5
b26809_2014-04,b26809,2014-04,0.5
18defd_2019-03,18defd,2019-03,0.5
e7a56d_2021-11,e7a56d,2021-11,0.5
bfbeef_2022-06,bfbeef,2022-06,0.5
b26809_2019-02,b26809,2019-02,0.5
fc9334_2018-01,fc9334,2018-01,0.5
0f9e86_2017-02,0f9e86,2017-02,0.5
8e41cf_2017-02,8e41cf,2017-02,0.5
8e41cf_2023-05,8e41cf,2023-05,0.5
b26809_2020-09,b26809,2020-09,0.5
bfbeef_2018-06,bfbeef,2018-06,0.5
74b7d1_2024-12,74b7d1,2024-12,0.5
6c1954_2024-09,6c1954,2024-09,0.5
fc9334_2019-02,fc9334,2019-02,0.5
e7a56d_2018-12,e7a56d,2018-12,0.5
e7a56d_2023-03,e7a56d,2023-03,0.5
8fb6f0_2020-09,8fb6f0,2020-09,0.5
fc9334_2017-03,fc9334,2017-03,0.5
fc9334_2024-11,fc9334,2024-11,0.5
731908_2022-08,731908,2022-08,0.5
b26809_2021-01,b26809,2021-01,0.5
8fb6f0_2022-05,8fb6f0,2022-05,0.5
bfbeef_2021-09,bfbeef,2021-09,0.5
8bd3ce_2015-10,8bd3ce,2015-10,0.5
8bd3ce_2021-02,8bd3ce,2021-02,0.5
bfbeef_2024-03,bfbeef,2024-03,0.5
e7a56d_2024-04,e7a56d,2024-04,0.5
8bd3ce_2017-06,8bd3ce,2017-06,0.5
dc4b5e_2019-10,dc4b5e,2019-10,0.5
dc4b5e_2024-01,dc4b5e,2024-01,0.5
780a0b_2022-03,780a0b,2022-03,0.5
8bd3ce_2018-11,8bd3ce,2018-11,0.5
b26809_2015-07,b26809,2015-07,0.5
8bd3ce_2021-09,8bd3ce,2021-09,0.5
e7a56d_2023-09,e7a56d,2023-09,0.5
fc9334_2022-05,fc9334,2022-05,0.5
18defd_2014-05,18defd,2014-05,0.5
8bd3ce_2016-05,8bd3ce,2016-05,0.5
bfbeef_2024-09,bfbeef,2024-09,0.5
6c1954_2023-08,6c1954,2023-08,0.5
fc9334_2019-09,fc9334,2019-09,0.5
8bd3ce_2018-05,8bd3ce,2018-05,0.5
8e41cf_2016-03,8e41cf,2016-03,0.5
8fb6f0_2024-04,8fb6f0,2024-04,0.5
8e41cf_2019-06,8e41cf,2019-06,0.5
8e41cf_2020-03,8e41cf,2020-03,0.5
dc4b5e_2023-12,dc4b5e,2023-12,0.5
d86999_2015-12,d86999,2015-12,0.5
8bd3ce_2018-12,8bd3ce,2018-12,0.5
8e41cf_2023-03,8e41cf,2023-03,0.5
e7a56d_2023-12,e7a56d,2023-12,0.5
780a0b_2018-04,780a0b,2018-04,0.5
b26809_2018-02,b26809,2018-02,0.5
6c1954_2023-04,6c1954,2023-04,0.5
780a0b_2017-04,780a0b,2017-04,0.5
fc9334_2023-10,fc9334,2023-10,0.5
8fb6f0_2022-09,8fb6f0,2022-09,0.5
8e41cf_2017-11,8e41cf,2017-11,0.5
bfbeef_2025-04,bfbeef,2025-04,0.5
b26809_2017-11,b26809,2017-11,0.5
18defd_2023-09,18defd,2023-09,0.5
bfbeef_2025-05,bfbeef,2025-05,0.5
c48018_2018-12,c48018,2018-12,0.5
a97df3_2023-10,a97df3,2023-10,0.5
8bd3ce_2020-04,8bd3ce,2020-04,0.5
b26809_2018-01,b26809,2018-01,0.5
fc9334_2021-07,fc9334,2021-07,0.5
18defd_2025-07,18defd,2025-07,0.5
780a0b_2017-03,780a0b,2017-03,0.5
731908_2021-07,731908,2021-07,0.5
780a0b_2022-01,780a0b,2022-01,0.5
18defd_2024-02,18defd,2024-02,0.5
c48018_2025-02,c48018,2025-02,0.5
780a0b_2023-03,780a0b,2023-03,0.5
8bd3ce_2020-01,8bd3ce,2020-01,0.5
8e41cf_2023-04,8e41cf,2023-04,0.5
731908_2016-11,731908,2016-11,0.5
731908_2024-03,731908,2024-03,0.5
c48018_2024-11,c48018,2024-11,0.5
bfbeef_2020-11,bfbeef,2020-11,0.5
bfbeef_2023-12,bfbeef,2023-12,0.5
8e41cf_2015-04,8e41cf,2015-04,0.5
8bd3ce_2016-06,8bd3ce,2016-06,0.5
731908_2018-05,731908,2018-05,0.5
bfbeef_2018-12,bfbeef,2018-12,0.5
14fe3a_2022-07,14fe3a,2022-07,0.5
fc9334_2016-10,fc9334,2016-10,0.5
8fb6f0_2022-08,8fb6f0,2022-08,0.5
731908_2022-10,731908,2022-10,0.5
b26809_2020-06,b26809,2020-06,0.5
b26809_2021-04,b26809,2021-04,0.5
0874ee_2018-01,0874ee,2018-01,0.5
b26809_2016-04,b26809,2016-04,0.5
731908_2014-11,731908,2014-11,0.5
b26809_2023-09,b26809,2023-09,0.5
c48018_2023-04,c48018,2023-04,0.5
9f1aa0_2016-02,9f1aa0,2016-02,0.5
b07578_2024-12,b07578,2024-12,0.5
f461d4_2020-01,f461d4,2020-01,0.5
90abb1_2017-06,90abb1,2017-06,0.5
259a19_2024-05,259a19,2024-05,0.5
7a007d_2014-11,7a007d,2014-11,0.5
6f5e2b_2021-12,6f5e2b,2021-12,0.5
510fbf_2023-12,510fbf,2023-12,0.5
f500c5_2022-06,f500c5,2022-06,0.5
513080_2023-11,513080,2023-11,0.5
bc4c03_2023-08,bc4c03,2023-08,0.5
f500c5_2022-05,f500c5,2022-05,0.5
6c1954_2022-08,6c1954,2022-08,0.5
d59611_2016-10,d59611,2016-10,0.5
b644ac_2025-06,b644ac,2025-06,0.5
5a0174_2019-01,5a0174,2019-01,0.5
db4cd8_2020-11,db4cd8,2020-11,0.5
bc4c03_2023-07,bc4c03,2023-07,0.5
7bf5c9_2015-04,7bf5c9,2015-04,0.5
6c1954_2023-05,6c1954,2023-05,0.5
e60b65_2015-02,e60b65,2015-02,0.5
edda84_2025-08,edda84,2025-08,0.5
4f2b6b_2022-06,4f2b6b,2022-06,0.5
9cf1af_2024-02,9cf1af,2024-02,0.5
34889b_2019-05,34889b,2019-05,0.5
14fe3a_2016-09,14fe3a,2016-09,0.5
14fe3a_2019-10,14fe3a,2019-10,0.5
f24317_2025-07,f24317,2025-07,0.5
77c35f_2024-01,77c35f,2024-01,0.5
6f5e2b_2019-08,6f5e2b,2019-08,0.5
259a19_2017-03,259a19,2017-03,0.5
77b3b9_2018-10,77b3b9,2018-10,0.5
f1543b_2020-11,f1543b,2020-11,0.5
f500c5_2019-01,f500c5,2019-01,0.5
f461d4_2020-09,f461d4,2020-09,0.5
b07578_2025-04,b07578,2025-04,0.5
5a0174_2020-09,5a0174,2020-09,0.5
6c1954_2021-11,6c1954,2021-11,0.5
9f1aa0_2016-08,9f1aa0,2016-08,0.5
9f1aa0_2025-01,9f1aa0,2025-01,0.5
510fbf_2024-07,510fbf,2024-07,0.5
bf6f0d_2014-08,bf6f0d,2014-08,0.5
510fbf_2025-02,510fbf,2025-02,0.5
6f5e2b_2020-02,6f5e2b,2020-02,0.5
259a19_2017-02,259a19,2017-02,0.5
259a19_2024-11,259a19,2024-11,0.5
db4cd8_2017-05,db4cd8,2017-05,0.5
f4d28d_2024-06,f4d28d,2024-06,0.5
77b3b9_2018-03,77b3b9,2018-03,0.5
948a11_2022-07,948a11,2022-07,0.5
6c1954_2024-10,6c1954,2024-10,0.5
9f1aa0_2015-11,9f1aa0,2015-11,0.5
9f1aa0_2025-07,9f1aa0,2025-07,0.5
fa8553_2023-04,fa8553,2023-04,0.5
510fbf_2025-03,510fbf,2025-03,0.5
513080_2025-06,513080,2025-06,0.5
d59611_2022-09,d59611,2022-09,0.5
bc4c03_2014-09,bc4c03,2014-09,0.5
1822ea_2015-02,1822ea,2015-02,0.5
f461d4_2021-08,f461d4,2021-08,0.5
d86999_2025-08,d86999,2025-08,0.5
1698cf_2016-10,1698cf,2016-10,0.5
4718d7_2018-10,4718d7,2018-10,0.5
6f5e2b_2019-02,6f5e2b,2019-02,0.5
f461d4_2024-05,f461d4,2024-05,0.5
fb34b4_2025-06,fb34b4,2025-06,0.5
510fbf_2022-03,510fbf,2022-03,0.5
510fbf_2023-10,510fbf,2023-10,0.5
513080_2022-11,513080,2022-11,0.5
bc4c03_2014-08,bc4c03,2014-08,0.5
259a19_2019-11,259a19,2019-11,0.5
9f1aa0_2018-07,9f1aa0,2018-07,0.5
9f1aa0_2024-11,9f1aa0,2024-11,0.5
b644ac_2025-01,b644ac,2025-01,0.5
90abb1_2019-01,90abb1,2019-01,0.5
fa8553_2021-07,fa8553,2021-07,0.5
510fbf_2022-04,510fbf,2022-04,0.5
513080_2025-07,513080,2025-07,0.5
b07578_2024-10,b07578,2024-10,0.5
77c35f_2024-02,77c35f,2024-02,0.5
9f1aa0_2015-12,9f1aa0,2015-12,0.5
513080_2025-01,513080,2025-01,0.5
fc77d0_2020-07,fc77d0,2020-07,0.5
7bf5c9_2020-11,7bf5c9,2020-11,0.5
6c1954_2021-10,6c1954,2021-10,0.5
9af74c_2015-03,9af74c,2015-03,0.5
bf6f0d_2024-09,bf6f0d,2024-09,0.5
bc4c03_2024-11,bc4c03,2024-11,0.5
9f1aa0_2024-05,9f1aa0,2024-05,0.5
fa8553_2021-06,fa8553,2021-06,0.5
fa8553_2023-09,fa8553,2023-09,0.5
4f2b6b_2022-10,4f2b6b,2022-10,0.5
f500c5_2024-08,f500c5,2024-08,0.5
e427f8_2022-09,e427f8,2022-09,0.5
510fbf_2022-08,510fbf,2022-08,0.5
d59611_2025-09,d59611,2025-09,0.5
14fe3a_2024-09,14fe3a,2024-09,0.5
4718d7_2021-12,4718d7,2021-12,0.5
7199cf_2025-05,7199cf,2025-05,0.5
fa8553_2023-12,fa8553,2023-12,0.5
d59611_2022-12,d59611,2022-12,0.5
14fe3a_2019-07,14fe3a,2019-07,0.5
5a0174_2024-07,5a0174,2024-07,0.5
7bf5c9_2020-05,7bf5c9,2020-05,0.5
9f1aa0_2022-08,9f1aa0,2022-08,0.5
1698cf_2015-08,1698cf,2015-08,0.5
513080_2022-02,513080,2022-02,0.5
513080_2025-02,513080,2025-02,0.5
d59611_2016-12,d59611,2016-12,0.5
5a0174_2016-10,5a0174,2016-10,0.5
7bf5c9_2014-11,7bf5c9,2014-11,0.5
f1543b_2022-02,f1543b,2022-02,0.5
375f2e_2017-04,375f2e,2017-04,0.5
db4cd8_2020-02,db4cd8,2020-02,0.5
0cecbd_2024-01,0cecbd,2024-01,0.5
db5006_2015-11,db5006,2015-11,0.5
1822ea_2017-08,1822ea,2017-08,0.5
bfbeef_2016-09,bfbeef,2016-09,0.5
0cecbd_2020-12,0cecbd,2020-12,0.5
11f0e3_2016-07,11f0e3,2016-07,0.5
8fb6f0_2020-05,8fb6f0,2020-05,0.5
bfbeef_2015-06,bfbeef,2015-06,0.5
0cecbd_2022-01,0cecbd,2022-01,0.5
bfbeef_2015-11,bfbeef,2015-11,0.5
0cecbd_2015-02,0cecbd,2015-02,0.5
8fb6f0_2023-07,8fb6f0,2023-07,0.5
0f9e86_2016-07,0f9e86,2016-07,0.5
780a0b_2020-05,780a0b,2020-05,0.5
11f0e3_2018-08,11f0e3,2018-08,0.5
0cecbd_2024-02,0cecbd,2024-02,0.5
bfbeef_2016-01,bfbeef,2016-01,0.5
1822ea_2020-11,1822ea,2020-11,0.5
375f2e_2017-06,375f2e,2017-06,0.5
8fb6f0_2018-07,8fb6f0,2018-07,0.5
8fb6f0_2019-06,8fb6f0,2019-06,0.5
0cecbd_2017-06,0cecbd,2017-06,0.5
731908_2019-05,731908,2019-05,0.5
bfbeef_2015-01,bfbeef,2015-01,0.5
bfbeef_2019-04,bfbeef,2019-04,0.5
11f0e3_2019-04,11f0e3,2019-04,0.5
9f1aa0_2024-07,9f1aa0,2024-07,0.5
0cecbd_2022-10,0cecbd,2022-10,0.5
0cecbd_2024-05,0cecbd,2024-05,0.5
3db670_2018-10,3db670,2018-10,0.5
175155_2022-06,175155,2022-06,0.5
e60b65_2024-04,e60b65,2024-04,0.5
4f2b6b_2023-10,4f2b6b,2023-10,0.5
4f2b6b_2025-04,4f2b6b,2025-04,0.5
4f2b6b_2025-07,4f2b6b,2025-07,0.5
e3af0e_2014-12,e3af0e,2014-12,0.5
e3af0e_2017-03,e3af0e,2017-03,0.5
829a72_2015-02,829a72,2015-02,0.5
829a72_2014-09,829a72,2014-09,0.5
60a0fd_2018-03,60a0fd,2018-03,0.5
14fe3a_2019-12,14fe3a,2019-12,0.5
98a151_2015-01,98a151,2015-01,0.5
c3a69f_2015-08,c3a69f,2015-08,0.5
4f2b6b_2023-07,4f2b6b,2023-07,0.5
894378_2024-09,894378,2024-09,0.5
6c1954_2024-06,6c1954,2024-06,0.5
bc4c03_2017-05,bc4c03,2017-05,0.5
829a72_2014-07,829a72,2014-07,0.5
90abb1_2017-02,90abb1,2017-02,0.5
7aa803_2019-12,7aa803,2019-12,0.5
7aa803_2025-07,7aa803,2025-07,0.5
9b46ed_2023-10,9b46ed,2023-10,0.5
60a0fd_2025-02,60a0fd,2025-02,0.5
e3af0e_2020-12,e3af0e,2020-12,0.5
db5006_2019-03,db5006,2019-03,0.5
7bf5c9_2023-08,7bf5c9,2023-08,0.5
e2e0ce_2018-01,e2e0ce,2018-01,0.5
2ab8ad_2021-04,2ab8ad,2021-04,0.5
2ab8ad_2024-12,2ab8ad,2024-12,0.5
7aa803_2020-09,7aa803,2020-09,0.5
e3af0e_2024-08,e3af0e,2024-08,0.5
948a11_2023-10,948a11,2023-10,0.5
293190_2023-06,293190,2023-06,0.5
e2e0ce_2022-10,e2e0ce,2022-10,0.5
2ab8ad_2025-06,2ab8ad,2025-06,0.5
7aa803_2021-06,7aa803,2021-06,0.5
7bf5c9_2015-01,7bf5c9,2015-01,0.5
88a9a6_2018-02,88a9a6,2018-02,0.5
7bf5c9_2018-02,7bf5c9,2018-02,0.5
c580aa_2020-02,c580aa,2020-02,0.5
7a007d_2019-10,7a007d,2019-10,0.5
e2e0ce_2022-03,e2e0ce,2022-03,0.5
88a9a6_2021-05,88a9a6,2021-05,0.5
9b46ed_2019-02,9b46ed,2019-02,0.5
7bf5c9_2021-01,7bf5c9,2021-01,0.5
94f933_2025-06,94f933,2025-06,0.5
e2e0ce_2019-03,e2e0ce,2019-03,0.5
88a9a6_2025-07,88a9a6,2025-07,0.5
88a9a6_2024-12,88a9a6,2024-12,0.5
e3af0e_2023-03,e3af0e,2023-03,0.5
293190_2014-12,293190,2014-12,0.5
293190_2023-05,293190,2023-05,0.5
e2e0ce_2016-03,e2e0ce,2016-03,0.5
e2e0ce_2024-02,e2e0ce,2024-02,0.5
9b46ed_2019-04,9b46ed,2019-04,0.5
2ab8ad_2020-04,2ab8ad,2020-04,0.5
2ab8ad_2022-06,2ab8ad,2022-06,0.5
2ab8ad_2024-10,2ab8ad,2024-10,0.5
c5df88_2021-12,c5df88,2021-12,0.5
74fb1f_2018-01,74fb1f,2018-01,0.5
7aa803_2023-11,7aa803,2023-11,0.5
e2e0ce_2015-03,e2e0ce,2015-03,0.5
88a9a6_2023-03,88a9a6,2023-03,0.5
f500c5_2023-11,f500c5,2023-11,0.5
bf6f0d_2020-08,bf6f0d,2020-08,0.5
e2e0ce_2025-03,e2e0ce,2025-03,0.5
c5df88_2021-03,c5df88,2021-03,0.5
74fb1f_2019-03,74fb1f,2019-03,0.5
60a0fd_2019-10,60a0fd,2019-10,0.5
60a0fd_2024-11,60a0fd,2024-11,0.5
7bf5c9_2019-08,7bf5c9,2019-08,0.5
6f5e2b_2021-10,6f5e2b,2021-10,0.5
293190_2024-03,293190,2024-03,0.5
88a9a6_2019-06,88a9a6,2019-06,0.5
60a0fd_2022-11,60a0fd,2022-11,0.5
60a0fd_2024-12,60a0fd,2024-12,0.5
db5006_2019-05,db5006,2019-05,0.5
293190_2014-07,293190,2014-07,0.5
c5df88_2014-09,c5df88,2014-09,0.5
7aa803_2019-11,7aa803,2019-11,0.5
88a9a6_2022-10,88a9a6,2022-10,0.5
98a151_2022-01,98a151,2022-01,0.5
7bf5c9_2020-02,7bf5c9,2020-02,0.5
fb34b4_2025-04,fb34b4,2025-04,0.5
1bdb97_2022-06,1bdb97,2022-06,0.5
5a0174_2021-07,5a0174,2021-07,0.5
e2e0ce_2021-09,e2e0ce,2021-09,0.5
9b46ed_2019-01,9b46ed,2019-01,0.5
9b46ed_2022-02,9b46ed,2022-02,0.5
829a72_2022-12,829a72,2022-12,0.5
7bf5c9_2014-10,7bf5c9,2014-10,0.5
1bdb97_2025-05,1bdb97,2025-05,0.5
e2e0ce_2016-04,e2e0ce,2016-04,0.5
7aa803_2015-03,7aa803,2015-03,0.5
e2e0ce_2022-05,e2e0ce,2022-05,0.5
2ab8ad_2021-05,2ab8ad,2021-05,0.5
c5df88_2018-02,c5df88,2018-02,0.5
74fb1f_2022-11,74fb1f,2022-11,0.5
e2e0ce_2025-05,e2e0ce,2025-05,0.5
2ab8ad_2023-01,2ab8ad,2023-01,0.5
c5df88_2022-04,c5df88,2022-04,0.5
7aa803_2021-12,7aa803,2021-12,0.5
293190_2023-07,293190,2023-07,0.5
88a9a6_2023-11,88a9a6,2023-11,0.5
2ab8ad_2022-02,2ab8ad,2022-02,0.5
2ab8ad_2023-03,2ab8ad,2023-03,0.5
7aa803_2022-09,7aa803,2022-09,0.5
98a151_2024-09,98a151,2024-09,0.5
829a72_2023-06,829a72,2023-06,0.5
db5006_2018-05,db5006,2018-05,0.5
7bf5c9_2019-09,7bf5c9,2019-09,0.5
c580aa_2019-01,c580aa,2019-01,0.5
293190_2022-05,293190,2022-05,0.5
7aa803_2024-03,7aa803,2024-03,0.5
2ab8ad_2020-02,2ab8ad,2020-02,0.5
88a9a6_2025-08,88a9a6,2025-08,0.5
9b46ed_2022-10,9b46ed,2022-10,0.5
9b46ed_2024-10,9b46ed,2024-10,0.5
98a151_2018-12,98a151,2018-12,0.5
e3af0e_2024-07,e3af0e,2024-07,0.5
7bf5c9_2025-04,7bf5c9,2025-04,0.5
f500c5_2024-12,f500c5,2024-12,0.5
cd0e60_2021-08,cd0e60,2021-08,0.5
c5df88_2023-02,c5df88,2023-02,0.5
7aa803_2019-10,7aa803,2019-10,0.5
88a9a6_2019-08,88a9a6,2019-08,0.5
88a9a6_2025-01,88a9a6,2025-01,0.5
18defd_2024-09,18defd,2024-09,0.5
db5006_2017-04,db5006,2017-04,0.5
531356_2021-01,531356,2021-01,0.5
b07578_2025-05,b07578,2025-05,0.5
e7a56d_2024-03,e7a56d,2024-03,0.5
8fabe0_2018-02,8fabe0,2018-02,0.5
18defd_2020-01,18defd,2020-01,0.5
1b9e65_2020-04,1b9e65,2020-04,0.5
e7a56d_2014-09,e7a56d,2014-09,0.5
5a0174_2017-12,5a0174,2017-12,0.5
e7a56d_2020-01,e7a56d,2020-01,0.5
db5006_2025-02,db5006,2025-02,0.5
1b9e65_2017-01,1b9e65,2017-01,0.5
1b9e65_2019-11,1b9e65,2019-11,0.5
1b9e65_2023-10,1b9e65,2023-10,0.5
e7a56d_2019-04,e7a56d,2019-04,0.5
4718d7_2017-02,4718d7,2017-02,0.5
db5006_2015-05,db5006,2015-05,0.5
db5006_2024-09,db5006,2024-09,0.5
1b9e65_2016-10,1b9e65,2016-10,0.5
f461d4_2023-11,f461d4,2023-11,0.5
1698cf_2024-11,1698cf,2024-11,0.5
4718d7_2014-10,4718d7,2014-10,0.5
db5006_2022-10,db5006,2022-10,0.5
db5006_2023-08,db5006,2023-08,0.5
e7a56d_2020-12,e7a56d,2020-12,0.5
1b9e65_2025-03,1b9e65,2025-03,0.5
cd0e60_2022-12,cd0e60,2022-12,0.5
1b9e65_2023-07,1b9e65,2023-07,0.5
0ffc2d_2025-01,0ffc2d,2025-01,0.5
cd0e60_2023-01,cd0e60,2023-01,0.5
db5006_2020-09,db5006,2020-09,0.5
c48018_2015-02,c48018,2015-02,0.5
a42d13_2014-09,a42d13,2014-09,0.5
4718d7_2025-09,4718d7,2025-09,0.5
29849f_2024-05,29849f,2024-05,0.5
94f933_2023-09,94f933,2023-09,0.5
18defd_2014-10,18defd,2014-10,0.5
db5006_2015-03,db5006,2015-03,0.5
db5006_2022-11,db5006,2022-11,0.5
29849f_2014-10,29849f,2014-10,0.5
1698cf_2017-04,1698cf,2017-04,0.5
f1543b_2021-08,f1543b,2021-08,0.5
db5006_2017-07,db5006,2017-07,0.5
db5006_2018-01,db5006,2018-01,0.5
db5006_2023-09,db5006,2023-09,0.5
db5006_2024-02,db5006,2024-02,0.5
db5006_2024-04,db5006,2024-04,0.5
db5006_2024-05,db5006,2024-05,0.5
8fabe0_2019-09,8fabe0,2019-09,0.5
18defd_2019-04,18defd,2019-04,0.5
c48018_2019-07,c48018,2019-07,0.5
531356_2022-10,531356,2022-10,0.5
1b9e65_2021-10,1b9e65,2021-10,0.5
db5006_2019-12,db5006,2019-12,0.5
531356_2014-11,531356,2014-11,0.5
fc77d0_2021-01,fc77d0,2021-01,0.5
1822ea_2017-10,1822ea,2017-10,0.5
022433_2023-08,022433,2023-08,0.5
0874ee_2020-12,0874ee,2020-12,0.5
e4bc80_2023-03,e4bc80,2023-03,0.5
e361b7_2020-09,e361b7,2020-09,0.5
c3a69f_2022-01,c3a69f,2022-01,0.5
c3a69f_2022-10,c3a69f,2022-10,0.5
c3a69f_2024-07,c3a69f,2024-07,0.5
e361b7_2021-08,e361b7,2021-08,0.5
b1de95_2022-01,b1de95,2022-01,0.5
439fde_2025-02,439fde,2025-02,0.5
894378_2021-01,894378,2021-01,0.5
19fa84_2024-01,19fa84,2024-01,0.5
fd589c_2025-06,fd589c,2025-06,0.5
259a19_2020-08,259a19,2020-08,0.5
3a13b3_2020-09,3a13b3,2020-09,0.5
b73bc7_2025-01,b73bc7,2025-01,0.5
6f5e2b_2016-07,6f5e2b,2016-07,0.5
e361b7_2024-11,e361b7,2024-11,0.5
fd589c_2024-07,fd589c,2024-07,0.5
e361b7_2022-07,e361b7,2022-07,0.5
f1543b_2019-02,f1543b,2019-02,0.5
3db670_2020-10,3db670,2020-10,0.5
6f5e2b_2016-10,6f5e2b,2016-10,0.5
894378_2020-10,894378,2020-10,0.5
e361b7_2021-07,e361b7,2021-07,0.5
e361b7_2024-08,e361b7,2024-08,0.5
8ec563_2023-10,8ec563,2023-10,0.5
19fa84_2021-08,19fa84,2021-08,0.5
fd589c_2024-04,fd589c,2024-04,0.5
e4bc80_2023-12,e4bc80,2023-12,0.5
74b7d1_2025-06,74b7d1,2025-06,0.5
74b7d1_2025-08,74b7d1,2025-08,0.5
c5816f_2021-10,c5816f,2021-10,0.5
e361b7_2025-03,e361b7,2025-03,0.5
439fde_2023-12,439fde,2023-12,0.5
fd589c_2021-03,fd589c,2021-03,0.5
fd589c_2023-01,fd589c,2023-01,0.5
fd589c_2025-07,fd589c,2025-07,0.5
e361b7_2022-03,e361b7,2022-03,0.5
e2e0ce_2024-01,e2e0ce,2024-01,0.5
c5816f_2021-02,c5816f,2021-02,0.5
19fa84_2023-08,19fa84,2023-08,0.5
fd589c_2022-05,fd589c,2022-05,0.5
e361b7_2024-07,e361b7,2024-07,0.5
e4bc80_2025-03,e4bc80,2025-03,0.5
fd589c_2022-08,fd589c,2022-08,0.5
429b22_2025-01,429b22,2025-01,0.5
77e86b_2024-11,77e86b,2024-11,0.5
8ec563_2019-08,8ec563,2019-08,0.5
60b690_2025-08,60b690,2025-08,0.5
8ec563_2023-05,8ec563,2023-05,0.5
e361b7_2023-03,e361b7,2023-03,0.5
894378_2022-01,894378,2022-01,0.5
894378_2024-05,894378,2024-05,0.5
0874ee_2021-04,0874ee,2021-04,0.5
60b690_2025-07,60b690,2025-07,0.5
c5816f_2022-02,c5816f,2022-02,0.5
29849f_2016-05,29849f,2016-05,0.5
c3a69f_2021-08,c3a69f,2021-08,0.5
894378_2023-02,894378,2023-02,0.5
fd589c_2025-05,fd589c,2025-05,0.5
e361b7_2021-06,e361b7,2021-06,0.5
7bf5c9_2023-07,7bf5c9,2023-07,0.5
7bf5c9_2025-03,7bf5c9,2025-03,0.5
3db670_2020-06,3db670,2020-06,0.5
fd589c_2022-01,fd589c,2022-01,0.5
e4bc80_2024-01,e4bc80,2024-01,0.5
e361b7_2021-10,e361b7,2021-10,0.5
e4bc80_2019-07,e4bc80,2019-07,0.5
f461d4_2024-12,f461d4,2024-12,0.5
9b3bd5_2025-08,9b3bd5,2025-08,0.5
c5816f_2021-08,c5816f,2021-08,0.5
c5816f_2023-01,c5816f,2023-01,0.5
e4bc80_2021-01,e4bc80,2021-01,0.5
894378_2019-10,894378,2019-10,0.5
fd589c_2019-11,fd589c,2019-11,0.5
fd589c_2023-10,fd589c,2023-10,0.5
e361b7_2022-09,e361b7,2022-09,0.5
f1543b_2015-01,f1543b,2015-01,0.5
439fde_2018-01,439fde,2018-01,0.5
8ec563_2021-07,8ec563,2021-07,0.5
19fa84_2024-12,19fa84,2024-12,0.5
e4bc80_2021-09,e4bc80,2021-09,0.5
d59611_2015-10,d59611,2015-10,0.5
cd0e60_2020-06,cd0e60,2020-06,0.5
14fe3a_2016-12,14fe3a,2016-12,0.5
88a9a6_2016-01,88a9a6,2016-01,0.5
bf6f0d_2020-03,bf6f0d,2020-03,0.5
db4cd8_2015-06,db4cd8,2015-06,0.5
d59611_2018-11,d59611,2018-11,0.5
14fe3a_2018-09,14fe3a,2018-09,0.5
bf6f0d_2021-11,bf6f0d,2021-11,0.5
77e86b_2023-08,77e86b,2023-08,0.5
77b3b9_2016-10,77b3b9,2016-10,0.5
14fe3a_2016-11,14fe3a,2016-11,0.5
bf6f0d_2020-02,bf6f0d,2020-02,0.5
d59611_2017-10,d59611,2017-10,0.5
cd0e60_2022-02,cd0e60,2022-02,0.5
77e86b_2023-12,77e86b,2023-12,0.5
7aa803_2015-08,7aa803,2015-08,0.5
bf6f0d_2020-01,bf6f0d,2020-01,0.5
74b7d1_2022-12,74b7d1,2022-12,0.5
bf6f0d_2024-11,bf6f0d,2024-11,0.5
b0ff51_2015-10,b0ff51,2015-10,0.5
74b7d1_2024-01,74b7d1,2024-01,0.5
bf6f0d_2014-12,bf6f0d,2014-12,0.5
bf6f0d_2023-11,bf6f0d,2023-11,0.5
259a19_2017-10,259a19,2017-10,0.5
d59611_2017-09,d59611,2017-09,0.5
14fe3a_2015-12,14fe3a,2015-12,0.5
cd0e60_2022-04,cd0e60,2022-04,0.5
cd0e60_2020-03,cd0e60,2020-03,0.5
77e86b_2023-11,77e86b,2023-11,0.5
74b7d1_2025-07,74b7d1,2025-07,0.5
cd0e60_2019-11,cd0e60,2019-11,0.5
c5df88_2015-04,c5df88,2015-04,0.5
c5df88_2019-05,c5df88,2019-05,0.5
2ab8ad_2015-06,2ab8ad,2015-06,0.5
f1543b_2015-06,f1543b,2015-06,0.5
f1543b_2021-10,f1543b,2021-10,0.5
c5df88_2019-04,c5df88,2019-04,0.5
88a9a6_2025-04,88a9a6,2025-04,0.5
88a9a6_2019-07,88a9a6,2019-07,0.5
f1543b_2020-06,f1543b,2020-06,0.5
293190_2019-02,293190,2019-02,0.5
74fb1f_2020-01,74fb1f,2020-01,0.5
88a9a6_2022-11,88a9a6,2022-11,0.5
f1543b_2020-05,f1543b,2020-05,0.5
f1543b_2023-11,f1543b,2023-11,0.5
022433_2022-03,022433,2022-03,0.5
7aa803_2020-08,7aa803,2020-08,0.5
022433_2023-06,022433,2023-06,0.5
293190_2023-04,293190,2023-04,0.5
e2e0ce_2020-03,e2e0ce,2020-03,0.5
022433_2021-04,022433,2021-04,0.5
f1543b_2023-06,f1543b,2023-06,0.5
7aa803_2022-11,7aa803,2022-11,0.5
c580aa_2019-02,c580aa,2019-02,0.5
f1543b_2015-05,f1543b,2015-05,0.5
88a9a6_2018-06,88a9a6,2018-06,0.5
c5df88_2019-07,c5df88,2019-07,0.5
f1543b_2024-09,f1543b,2024-09,0.5
74fb1f_2021-11,74fb1f,2021-11,0.5
7bf5c9_2024-05,7bf5c9,2024-05,0.5
c5df88_2023-06,c5df88,2023-06,0.5
74fb1f_2022-03,74fb1f,2022-03,0.5
7aa803_2024-12,7aa803,2024-12,0.5
74fb1f_2017-04,74fb1f,2017-04,0.5
7bf5c9_2022-03,7bf5c9,2022-03,0.5
f1543b_2016-11,f1543b,2016-11,0.5
9b46ed_2021-04,9b46ed,2021-04,0.5
7bf5c9_2015-06,7bf5c9,2015-06,0.5
022433_2023-11,022433,2023-11,0.5
9b46ed_2023-03,9b46ed,2023-03,0.5
c3a69f_2014-12,c3a69f,2014-12,0.5
34889b_2022-01,34889b,2022-01,0.5
77e86b_2018-02,77e86b,2018-02,0.5
94f933_2024-04,94f933,2024-04,0.5
18defd_2015-04,18defd,2015-04,0.5
77e86b_2023-09,77e86b,2023-09,0.5
c3a69f_2014-10,c3a69f,2014-10,0.5
92dcdd_2021-01,92dcdd,2021-01,0.5
94f933_2025-03,94f933,2025-03,0.5
94f933_2024-11,94f933,2024-11,0.5
94f933_2025-01,94f933,2025-01,0.5
92dcdd_2021-03,92dcdd,2021-03,0.5
7bf5c9_2017-04,7bf5c9,2017-04,0.5
c580aa_2024-10,c580aa,2024-10,0.5
e2e0ce_2018-05,e2e0ce,2018-05,0.5
c580aa_2025-08,c580aa,2025-08,0.5
e2e0ce_2018-04,e2e0ce,2018-04,0.5
c580aa_2023-04,c580aa,2023-04,0.5
e7a56d_2017-02,e7a56d,2017-02,0.5
e7a56d_2017-11,e7a56d,2017-11,0.5
98a151_2020-11,98a151,2020-11,0.5
60a0fd_2018-07,60a0fd,2018-07,0.5
60a0fd_2023-08,60a0fd,2023-08,0.5
7e646c_2024-06,7e646c,2024-06,0.5
60a0fd_2021-02,60a0fd,2021-02,0.5
77e86b_2019-04,77e86b,2019-04,0.5
98a151_2024-01,98a151,2024-01,0.5
0874ee_2014-07,0874ee,2014-07,0.5
e3af0e_2025-05,e3af0e,2025-05,0.5
7e646c_2022-12,7e646c,2022-12,0.5
6da35b_2024-05,6da35b,2024-05,0.5
77e86b_2022-04,77e86b,2022-04,0.5
e3af0e_2018-06,e3af0e,2018-06,0.5
7e646c_2025-01,7e646c,2025-01,0.5
77e86b_2022-08,77e86b,2022-08,0.5
7bf5c9_2022-11,7bf5c9,2022-11,0.5
98a151_2017-12,98a151,2017-12,0.5
7e646c_2025-02,7e646c,2025-02,0.5
74b7d1_2023-06,74b7d1,2023-06,0.5
829a72_2019-08,829a72,2019-08,0.5
98a151_2017-10,98a151,2017-10,0.5
7e646c_2023-07,7e646c,2023-07,0.5
7bf5c9_2018-07,7bf5c9,2018-07,0.5
98a151_2021-01,98a151,2021-01,0.5
829a72_2017-02,829a72,2017-02,0.5
e3af0e_2019-04,e3af0e,2019-04,0.5
e3af0e_2019-06,e3af0e,2019-06,0.5
98a151_2019-04,98a151,2019-04,0.5
77e86b_2019-07,77e86b,2019-07,0.5
74b7d1_2022-07,74b7d1,2022-07,0.5
77e86b_2019-12,77e86b,2019-12,0.5
74b7d1_2024-09,74b7d1,2024-09,0.5
7e646c_2023-04,7e646c,2023-04,0.5
e3af0e_2021-06,e3af0e,2021-06,0.5
6da35b_2025-06,6da35b,2025-06,0.5
cd0e60_2021-04,cd0e60,2021-04,0.5
98a151_2019-05,98a151,2019-05,0.5
7bf5c9_2025-05,7bf5c9,2025-05,0.5
829a72_2023-05,829a72,2023-05,0.5
77e86b_2019-09,77e86b,2019-09,0.5
7bf5c9_2017-08,7bf5c9,2017-08,0.5
3a13b3_2017-10,3a13b3,2017-10,0.5
18defd_2018-08,18defd,2018-08,0.5
375f2e_2023-01,375f2e,2023-01,0.5
6224d0_2020-05,6224d0,2020-05,0.5
7bf5c9_2017-05,7bf5c9,2017-05,0.5
8d0588_2015-02,8d0588,2015-02,0.5
8d0588_2022-01,8d0588,2022-01,0.5
b59bc0_2022-03,b59bc0,2022-03,0.5
b0ff51_2017-12,b0ff51,2017-12,0.5
b0ff51_2024-12,b0ff51,2024-12,0.5
b59bc0_2021-08,b59bc0,2021-08,0.5
b0ff51_2017-02,b0ff51,2017-02,0.5
b0ff51_2016-08,b0ff51,2016-08,0.5
b0ff51_2020-02,b0ff51,2020-02,0.5
0cecbd_2019-08,0cecbd,2019-08,0.5
8d0588_2017-06,8d0588,2017-06,0.5
b59bc0_2025-08,b59bc0,2025-08,0.5
b59bc0_2023-10,b59bc0,2023-10,0.5
b59bc0_2024-07,b59bc0,2024-07,0.5
b59bc0_2020-11,b59bc0,2020-11,0.5
b59bc0_2023-08,b59bc0,2023-08,0.5
b0ff51_2014-09,b0ff51,2014-09,0.5
b0ff51_2016-06,b0ff51,2016-06,0.5
b0ff51_2021-12,b0ff51,2021-12,0.5
8d0588_2018-04,8d0588,2018-04,0.5
b0ff51_2020-01,b0ff51,2020-01,0.5
b0ff51_2025-02,b0ff51,2025-02,0.5
b59bc0_2018-07,b59bc0,2018-07,0.5
b59bc0_2021-09,b59bc0,2021-09,0.5
8d0588_2023-12,8d0588,2023-12,0.5
b59bc0_2014-11,b59bc0,2014-11,0.5
8d0588_2025-06,8d0588,2025-06,0.5
b0ff51_2014-07,b0ff51,2014-07,0.5
8d0588_2019-11,8d0588,2019-11,0.5
8d0588_2020-02,8d0588,2020-02,0.5
b0ff51_2023-01,b0ff51,2023-01,0.5
8d0588_2018-03,8d0588,2018-03,0.5
8d0588_2019-10,8d0588,2019-10,0.5
b0ff51_2016-01,b0ff51,2016-01,0.5
b0ff51_2022-08,b0ff51,2022-08,0.5
74b7d1_2023-09,74b7d1,2023-09,0.5
b0ff51_2023-07,b0ff51,2023-07,0.5
b0ff51_2023-10,b0ff51,2023-10,0.5
b0ff51_2024-05,b0ff51,2024-05,0.5
b59bc0_2017-01,b59bc0,2017-01,0.5
b0ff51_2017-04,b0ff51,2017-04,0.5
b0ff51_2025-03,b0ff51,2025-03,0.5
b59bc0_2024-12,b59bc0,2024-12,0.5
b0ff51_2022-04,b0ff51,2022-04,0.5
b59bc0_2019-02,b59bc0,2019-02,0.5
b59bc0_2021-11,b59bc0,2021-11,0.5
8d0588_2021-02,8d0588,2021-02,0.5
b59bc0_2022-09,b59bc0,2022-09,0.5
b59bc0_2023-01,b59bc0,2023-01,0.5
8d0588_2018-05,8d0588,2018-05,0.5
8d0588_2022-05,8d0588,2022-05,0.5
b59bc0_2021-07,b59bc0,2021-07,0.5
b59bc0_2024-06,b59bc0,2024-06,0.5
0cecbd_2019-03,0cecbd,2019-03,0.5
375f2e_2017-08,375f2e,2017-08,0.5
4718d7_2024-12,4718d7,2024-12,0.5
b08ec1_2016-01,b08ec1,2016-01,0.5
3a13b3_2019-07,3a13b3,2019-07,0.5
5ecf9b_2023-03,5ecf9b,2023-03,0.5
545d15_2022-02,545d15,2022-02,0.5
545d15_2023-12,545d15,2023-12,0.5
5ecf9b_2022-12,5ecf9b,2022-12,0.5
5ecf9b_2025-04,5ecf9b,2025-04,0.5
545d15_2021-08,545d15,2021-08,0.5
545d15_2025-04,545d15,2025-04,0.5
c580aa_2018-07,c580aa,2018-07,0.5
92dcdd_2018-10,92dcdd,2018-10,0.5
545d15_2022-09,545d15,2022-09,0.5
545d15_2024-09,545d15,2024-09,0.5
ab32d7_2025-07,ab32d7,2025-07,0.5
1b9e65_2015-10,1b9e65,2015-10,0.5
545d15_2024-06,545d15,2024-06,0.5
77e86b_2016-05,77e86b,2016-05,0.5
74b7d1_2019-12,74b7d1,2019-12,0.5
0ffc2d_2021-04,0ffc2d,2021-04,0.5
829a72_2023-01,829a72,2023-01,0.5
8b98f3_2021-12,8b98f3,2021-12,0.5
74b7d1_2017-07,74b7d1,2017-07,0.5
ab32d7_2022-05,ab32d7,2022-05,0.5
8b98f3_2022-02,8b98f3,2022-02,0.5
948a11_2025-02,948a11,2025-02,0.5
b1de95_2015-05,b1de95,2015-05,0.5
7bf5c9_2015-12,7bf5c9,2015-12,0.5
175155_2020-07,175155,2020-07,0.5
fb34b4_2024-02,fb34b4,2024-02,0.5
7bf5c9_2022-04,7bf5c9,2022-04,0.5
5a0174_2017-04,5a0174,2017-04,0.5
4718d7_2020-12,4718d7,2020-12,0.5
06534f_2015-05,06534f,2015-05,0.5
e361b7_2014-06,e361b7,2014-06,0.5
e361b7_2023-12,e361b7,2023-12,0.5
3a13b3_2020-04,3a13b3,2020-04,0.5
e361b7_2018-11,e361b7,2018-11,0.5
c5816f_2018-06,c5816f,2018-06,0.5
8ec563_2015-02,8ec563,2015-02,0.5
e4bc80_2017-04,e4bc80,2017-04,0.5
3a13b3_2025-04,3a13b3,2025-04,0.5
531356_2023-02,531356,2023-02,0.5
e4bc80_2020-09,e4bc80,2020-09,0.5
894378_2017-04,894378,2017-04,0.5
894378_2019-04,894378,2019-04,0.5
3a13b3_2016-09,3a13b3,2016-09,0.5
b1de95_2020-07,b1de95,2020-07,0.5
fd589c_2015-04,fd589c,2015-04,0.5
894378_2025-02,894378,2025-02,0.5
c5816f_2014-10,c5816f,2014-10,0.5
531356_2017-11,531356,2017-11,0.5
06534f_2015-06,06534f,2015-06,0.5
c5816f_2022-10,c5816f,2022-10,0.5
8ec563_2016-08,8ec563,2016-08,0.5
06534f_2015-01,06534f,2015-01,0.5
c5816f_2014-05,c5816f,2014-05,0.5
3db670_2024-02,3db670,2024-02,0.5
06534f_2021-08,06534f,2021-08,0.5
e361b7_2017-07,e361b7,2017-07,0.5
3a13b3_2016-06,3a13b3,2016-06,0.5
b73bc7_2023-04,b73bc7,2023-04,0.5
06534f_2014-09,06534f,2014-09,0.5
c580aa_2024-04,c580aa,2024-04,0.5
c5816f_2018-04,c5816f,2018-04,0.5
3db670_2024-06,3db670,2024-06,0.5
b1de95_2024-10,b1de95,2024-10,0.5
e4bc80_2018-03,e4bc80,2018-03,0.5
e4bc80_2020-03,e4bc80,2020-03,0.5
8ec563_2018-04,8ec563,2018-04,0.5
8ec563_2022-01,8ec563,2022-01,0.5
3a13b3_2024-05,3a13b3,2024-05,0.5
fd589c_2018-02,fd589c,2018-02,0.5
8ec563_2019-02,8ec563,2019-02,0.5
06534f_2020-06,06534f,2020-06,0.5
c5816f_2015-02,c5816f,2015-02,0.5
19fa84_2018-01,19fa84,2018-01,0.5
3a13b3_2020-12,3a13b3,2020-12,0.5
b73bc7_2025-09,b73bc7,2025-09,0.5
c5816f_2019-03,c5816f,2019-03,0.5
06534f_2015-02,06534f,2015-02,0.5
c580aa_2016-05,c580aa,2016-05,0.5
19fa84_2021-06,19fa84,2021-06,0.5
b73bc7_2021-09,b73bc7,2021-09,0.5
c580aa_2020-10,c580aa,2020-10,0.5
e361b7_2023-01,e361b7,2023-01,0.5
c5816f_2025-06,c5816f,2025-06,0.5
8ec563_2022-08,8ec563,2022-08,0.5
06534f_2016-02,06534f,2016-02,0.5
c580aa_2025-07,c580aa,2025-07,0.5
b1de95_2020-12,b1de95,2020-12,0.5
1bdb97_2025-04,1bdb97,2025-04,0.5
c3a69f_2018-06,c3a69f,2018-06,0.5
c3a69f_2021-04,c3a69f,2021-04,0.5
db5006_2017-03,db5006,2017-03,0.5
439fde_2019-01,439fde,2019-01,0.5
5a0174_2018-06,5a0174,2018-06,0.5
98a151_2017-03,98a151,2017-03,0.5
5a0174_2014-12,5a0174,2014-12,0.5
5a0174_2015-02,5a0174,2015-02,0.5
259a19_2016-12,259a19,2016-12,0.5
98a151_2015-08,98a151,2015-08,0.5
db4cd8_2018-07,db4cd8,2018-07,0.5
8005b9_2025-09,8005b9,2025-09,0.5
c5df88_2017-05,c5df88,2017-05,0.5
4718d7_2020-04,4718d7,2020-04,0.5
531356_2018-10,531356,2018-10,0.5
8005b9_2020-04,8005b9,2020-04,0.5
1b9e65_2018-11,1b9e65,2018-11,0.5
18defd_2022-12,18defd,2022-12,0.5
439fde_2020-05,439fde,2020-05,0.5
14fe3a_2021-05,14fe3a,2021-05,0.5
74fb1f_2018-03,74fb1f,2018-03,0.5
e2e0ce_2018-03,e2e0ce,2018-03,0.5
d59611_2015-06,d59611,2015-06,0.5
0874ee_2018-08,0874ee,2018-08,0.5
f4604d_2021-12,f4604d,2021-12,0.5
18defd_2017-10,18defd,2017-10,0.5
531356_2022-02,531356,2022-02,0.5
d59611_2015-05,d59611,2015-05,0.5
c48018_2017-07,c48018,2017-07,0.5
3db670_2017-06,3db670,2017-06,0.5
e7a56d_2017-09,e7a56d,2017-09,0.5
c48018_2018-09,c48018,2018-09,0.5
18defd_2021-01,18defd,2021-01,0.5
c48018_2021-03,c48018,2021-03,0.5
e60b65_2016-04,e60b65,2016-04,0.5
fc2511_2025-08,fc2511,2025-08,0.5
e7a56d_2020-05,e7a56d,2020-05,0.5
c48018_2015-05,c48018,2015-05,0.5
18defd_2016-07,18defd,2016-07,0.5
259a19_2017-08,259a19,2017-08,0.5
3a13b3_2022-12,3a13b3,2022-12,0.5
c580aa_2015-08,c580aa,2015-08,0.5
c3a69f_2015-02,c3a69f,2015-02,0.5
60a0fd_2020-04,60a0fd,2020-04,0.5
f461d4_2016-09,f461d4,2016-09,0.5
60a0fd_2016-06,60a0fd,2016-06,0.5
b59bc0_2016-04,b59bc0,2016-04,0.5
6f5e2b_2017-08,6f5e2b,2017-08,0.5
83894c_2022-05,83894c,2022-05,0.5
b08ec1_2020-10,b08ec1,2020-10,0.5
99c11c_2022-02,99c11c,2022-02,0.5
f461d4_2017-01,f461d4,2017-01,0.5
e3af0e_2015-05,e3af0e,2015-05,0.5
98a151_2017-06,98a151,2017-06,0.5
e361b7_2017-04,e361b7,2017-04,0.5
4718d7_2021-07,4718d7,2021-07,0.5
f461d4_2016-02,f461d4,2016-02,0.5
9b46ed_2017-05,9b46ed,2017-05,0.5
60a0fd_2016-07,60a0fd,2016-07,0.5
e3af0e_2016-10,e3af0e,2016-10,0.5
5a0174_2018-07,5a0174,2018-07,0.5
8fabe0_2016-08,8fabe0,2016-08,0.5
f461d4_2017-05,f461d4,2017-05,0.5
e3af0e_2016-07,e3af0e,2016-07,0.5
f4604d_2015-07,f4604d,2015-07,0.5
99c11c_2020-09,99c11c,2020-09,0.5
8ec563_2017-07,8ec563,2017-07,0.5
f461d4_2020-05,f461d4,2020-05,0.5
98a151_2016-10,98a151,2016-10,0.5
829a72_2021-08,829a72,2021-08,0.5
fb34b4_2024-04,fb34b4,2024-04,0.5
5a0174_2020-05,5a0174,2020-05,0.5
6f5e2b_2018-11,6f5e2b,2018-11,0.5
83894c_2021-02,83894c,2021-02,0.5
5a0174_2016-04,5a0174,2016-04,0.5
8fabe0_2016-09,8fabe0,2016-09,0.5
8ec563_2017-06,8ec563,2017-06,0.5
9af74c_2015-05,9af74c,2015-05,0.5
e361b7_2017-12,e361b7,2017-12,0.5
6f5e2b_2015-09,6f5e2b,2015-09,0.5
f1543b_2015-12,f1543b,2015-12,0.5
77c35f_2022-08,77c35f,2022-08,0.5
fd589c_2017-07,fd589c,2017-07,0.5
6f5e2b_2015-07,6f5e2b,2015-07,0.5
19fa84_2018-11,19fa84,2018-11,0.5
77c35f_2022-12,77c35f,2022-12,0.5
9cf1af_2022-06,9cf1af,2022-06,0.5
d86999_2024-02,d86999,2024-02,0.5
77c35f_2023-05,77c35f,2023-05,0.5
e361b7_2016-10,e361b7,2016-10,0.5
77c35f_2023-07,77c35f,2023-07,0.5
9cf1af_2022-02,9cf1af,2022-02,0.5
6f5e2b_2015-08,6f5e2b,2015-08,0.5
302d40_2022-08,302d40,2022-08,0.5
db5006_2018-10,db5006,2018-10,0.5
29849f_2016-06,29849f,2016-06,0.5
8fabe0_2015-09,8fabe0,2015-09,0.5
948a11_2024-01,948a11,2024-01,0.5
439fde_2020-02,439fde,2020-02,0.5
c3a69f_2019-09,c3a69f,2019-09,0.5
829a72_2020-05,829a72,2020-05,0.5
98a151_2020-05,98a151,2020-05,0.5
439fde_2024-02,439fde,2024-02,0.5
8b98f3_2025-05,8b98f3,2025-05,0.5
e3af0e_2020-08,e3af0e,2020-08,0.5
b1de95_2017-01,b1de95,2017-01,0.5
8b98f3_2024-01,8b98f3,2024-01,0.5
bc4c03_2021-05,bc4c03,2021-05,0.5
fc77d0_2018-10,fc77d0,2018-10,0.5
9af74c_2016-06,9af74c,2016-06,0.5
987bc1_2018-08,987bc1,2018-08,0.5
375f2e_2017-10,375f2e,2017-10,0.5
1822ea_2017-12,1822ea,2017-12,0.5
9af74c_2017-02,9af74c,2017-02,0.5
9af74c_2017-11,9af74c,2017-11,0.5
375f2e_2017-03,375f2e,2017-03,0.5
9af74c_2017-12,9af74c,2017-12,0.5
439fde_2017-05,439fde,2017-05,0.5
99c11c_2023-01,99c11c,2023-01,0.5
c3a69f_2022-05,c3a69f,2022-05,0.5
87cfea_2024-09,87cfea,2024-09,0.5
83894c_2021-04,83894c,2021-04,0.5
c3a69f_2017-08,c3a69f,2017-08,0.5
83894c_2021-03,83894c,2021-03,0.5
99c11c_2022-12,99c11c,2022-12,0.5
439fde_2021-10,439fde,2021-10,0.5
c3a69f_2019-07,c3a69f,2019-07,0.5
83894c_2019-11,83894c,2019-11,0.5
87cfea_2019-11,87cfea,2019-11,0.5
99c11c_2023-02,99c11c,2023-02,0.5
439fde_2020-07,439fde,2020-07,0.5
c3a69f_2016-09,c3a69f,2016-09,0.5
99c11c_2021-12,99c11c,2021-12,0.5
c3a69f_2018-07,c3a69f,2018-07,0.5
83894c_2021-11,83894c,2021-11,0.5
87cfea_2024-03,87cfea,2024-03,0.5
83894c_2018-12,83894c,2018-12,0.5
439fde_2017-08,439fde,2017-08,0.5
77e86b_2017-09,77e86b,2017-09,0.5
c3a69f_2020-07,c3a69f,2020-07,0.5
99c11c_2021-07,99c11c,2021-07,0.5
87cfea_2024-12,87cfea,2024-12,0.5
439fde_2022-05,439fde,2022-05,0.5
99c11c_2016-05,99c11c,2016-05,0.5
99c11c_2021-08,99c11c,2021-08,0.5
99c11c_2024-12,99c11c,2024-12,0.5
e60b65_2017-05,e60b65,2017-05,0.5
6838b9_2021-02,6838b9,2021-02,0.5
987bc1_2017-07,987bc1,2017-07,0.5
34889b_2015-08,34889b,2015-08,0.5
83894c_2020-02,83894c,2020-02,0.5
29849f_2021-04,29849f,2021-04,0.5
fb34b4_2024-03,fb34b4,2024-03,0.5
29849f_2020-08,29849f,2020-08,0.5
90abb1_2017-10,90abb1,2017-10,0.5
7aa803_2016-05,7aa803,2016-05,0.5
c3a69f_2015-11,c3a69f,2015-11,0.5
f4604d_2015-10,f4604d,2015-10,0.5
175155_2021-01,175155,2021-01,0.5
0cecbd_2017-07,0cecbd,2017-07,0.5
29849f_2021-12,29849f,2021-12,0.5
9b46ed_2020-08,9b46ed,2020-08,0.5
0cecbd_2015-04,0cecbd,2015-04,0.5
e60b65_2015-06,e60b65,2015-06,0.5
7aa803_2017-08,7aa803,2017-08,0.5
f4604d_2018-08,f4604d,2018-08,0.5
29849f_2022-02,29849f,2022-02,0.5
4fb2d3_2015-11,4fb2d3,2015-11,0.5
bf6f0d_2014-04,bf6f0d,2014-04,0.5
9b46ed_2021-09,9b46ed,2021-09,0.5
b1de95_2021-03,b1de95,2021-03,0.5
b1de95_2021-06,b1de95,2021-06,0.5
f500c5_2018-09,f500c5,2018-09,0.5
88a9a6_2017-08,88a9a6,2017-08,0.5
b73bc7_2022-03,b73bc7,2022-03,0.5
c580aa_2022-07,c580aa,2022-07,0.5
3a13b3_2022-11,3a13b3,2022-11,0.5
c580aa_2020-11,c580aa,2020-11,0.5
c580aa_2022-02,c580aa,2022-02,0.5
a42d13_2016-11,a42d13,2016-11,0.5
b73bc7_2023-11,b73bc7,2023-11,0.5
f500c5_2018-08,f500c5,2018-08,0.5
b73bc7_2022-06,b73bc7,2022-06,0.5
c580aa_2025-09,c580aa,2025-09,0.5
439fde_2017-10,439fde,2017-10,0.5
19fa84_2017-05,19fa84,2017-05,0.5
c580aa_2021-12,c580aa,2021-12,0.5
3db670_2021-05,3db670,2021-05,0.5
88a9a6_2017-10,88a9a6,2017-10,0.5
b73bc7_2018-08,b73bc7,2018-08,0.5
3db670_2016-12,3db670,2016-12,0.5
b73bc7_2024-02,b73bc7,2024-02,0.5
8d0588_2015-10,8d0588,2015-10,0.5
8d0588_2016-03,8d0588,2016-03,0.5
af81b0_2018-07,af81b0,2018-07,0.5
74b7d1_2018-08,74b7d1,2018-08,0.5
77e86b_2020-04,77e86b,2020-04,0.5
74b7d1_2016-01,74b7d1,2016-01,0.5
83894c_2019-06,83894c,2019-06,0.5
74b7d1_2016-06,74b7d1,2016-06,0.5
7bf5c9_2016-03,7bf5c9,2016-03,0.5
2ed4f9_2025-03,2ed4f9,2025-03,0.5
0cecbd_2018-09,0cecbd,2018-09,0.5
77e86b_2021-08,77e86b,2021-08,0.5
439fde_2018-11,439fde,2018-11,0.5
6224d0_2016-08,6224d0,2016-08,0.5
83894c_2023-02,83894c,2023-02,0.5
83894c_2023-10,83894c,2023-10,0.5
fc77d0_2018-11,fc77d0,2018-11,0.5
e60b65_2017-07,e60b65,2017-07,0.5
06534f_2017-09,06534f,2017-09,0.5
e3af0e_2018-11,e3af0e,2018-11,0.5
e2314a_2021-02,e2314a,2021-02,0.5
83894c_2023-01,83894c,2023-01,0.5
87cfea_2018-06,87cfea,2018-06,0.5
439fde_2018-08,439fde,2018-08,0.5
531356_2016-04,531356,2016-04,0.5
b416b1_2016-05,b416b1,2016-05,0.5
af81b0_2015-12,af81b0,2015-12,0.5
375f2e_2020-05,375f2e,2020-05,0.5
af81b0_2017-01,af81b0,2017-01,0.5
af81b0_2020-05,af81b0,2020-05,0.5
b416b1_2015-12,b416b1,2015-12,0.5
88a9a6_2015-06,88a9a6,2015-06,0.5
74fb1f_2015-12,74fb1f,2015-12,0.5
cd0e60_2023-08,cd0e60,2023-08,0.5
c3a69f_2017-01,c3a69f,2017-01,0.5
cd0e60_2023-11,cd0e60,2023-11,0.5
cd0e60_2024-10,cd0e60,2024-10,0.5
8005b9_2016-06,8005b9,2016-06,0.5
c0f884_2025-09,c0f884,2025-09,0.5
34889b_2021-01,34889b,2021-01,0.5
175155_2016-07,175155,2016-07,0.5
34889b_2021-02,34889b,2021-02,0.5
531356_2016-11,531356,2016-11,0.5
894378_2017-05,894378,2017-05,0.5
439fde_2015-11,439fde,2015-11,0.5
77b3b9_2015-11,77b3b9,2015-11,0.5
894378_2017-07,894378,2017-07,0.5
c5816f_2015-05,c5816f,2015-05,0.5
bf6f0d_2015-05,bf6f0d,2015-05,0.5
98a151_2018-11,98a151,2018-11,0.5
b416b1_2015-05,b416b1,2015-05,0.5
6838b9_2025-09,6838b9,2025-09,0.5
b416b1_2017-12,b416b1,2017-12,0.5
0874ee_2016-10,0874ee,2016-10,0.5
5a0174_2017-10,5a0174,2017-10,0.5
175155_2015-08,175155,2015-08,0.5
dc4b5e_2021-09,dc4b5e,2021-09,0.5
a25664_2016-01,a25664,2016-01,0.5
2ab8ad_2016-05,2ab8ad,2016-05,0.5
34889b_2018-07,34889b,2018-07,0.5
9b46ed_2016-07,9b46ed,2016-07,0.5
2ab8ad_2017-09,2ab8ad,2017-09,0.5
7aa803_2016-11,7aa803,2016-11,0.5
2ab8ad_2016-03,2ab8ad,2016-03,0.5
34889b_2020-04,34889b,2020-04,0.5
dc4b5e_2021-07,dc4b5e,2021-07,0.5
8005b9_2015-08,8005b9,2015-08,0.5
2ab8ad_2016-04,2ab8ad,2016-04,0.5
8005b9_2015-07,8005b9,2015-07,0.5
b08ec1_2020-12,b08ec1,2020-12,0.5
9b46ed_2016-08,9b46ed,2016-08,0.5
dc4b5e_2020-11,dc4b5e,2020-11,0.5
293190_2017-11,293190,2017-11,0.5
dc4b5e_2021-03,dc4b5e,2021-03,0.5
99c11c_2018-11,99c11c,2018-11,0.5
99c11c_2019-01,99c11c,2019-01,0.5
83894c_2017-07,83894c,2017-07,0.5
a97df3_2020-11,a97df3,2020-11,0.5
a97df3_2021-02,a97df3,2021-02,0.5
83894c_2017-11,83894c,2017-11,0.5
99c11c_2025-01,99c11c,2025-01,0.5
3a13b3_2018-10,3a13b3,2018-10,0.5
af81b0_2017-09,af81b0,2017-09,0.5
0cecbd_2016-10,0cecbd,2016-10,0.5
99c11c_2019-02,99c11c,2019-02,0.5
a97df3_2021-04,a97df3,2021-04,0.5
0cecbd_2016-06,0cecbd,2016-06,0.5
3a13b3_2021-05,3a13b3,2021-05,0.5
894378_2018-07,894378,2018-07,0.5
e7a56d_2015-11,e7a56d,2015-11,0.5
af81b0_2021-07,af81b0,2021-07,0.5
af81b0_2020-11,af81b0,2020-11,0.5
af81b0_2021-04,af81b0,2021-04,0.5
af81b0_2021-10,af81b0,2021-10,0.5
e2e0ce_2015-09,e2e0ce,2015-09,0.5
74fb1f_2016-08,74fb1f,2016-08,0.5
88a9a6_2016-11,88a9a6,2016-11,0.5
c5df88_2016-10,c5df88,2016-10,0.5
e2e0ce_2015-10,e2e0ce,2015-10,0.5
c5df88_2016-11,c5df88,2016-11,0.5
9f1aa0_2015-06,9f1aa0,2015-06,0.5
e361b7_2018-08,e361b7,2018-08,0.5
8ec563_2017-05,8ec563,2017-05,0.5
db5006_2016-01,db5006,2016-01,0.5
19fa84_2016-10,19fa84,2016-10,0.5
e4bc80_2020-07,e4bc80,2020-07,0.5
8ec563_2017-03,8ec563,2017-03,0.5
894378_2017-01,894378,2017-01,0.5
894378_2020-04,894378,2020-04,0.5
894378_2015-07,894378,2015-07,0.5
e4bc80_2020-06,e4bc80,2020-06,0.5
894378_2016-10,894378,2016-10,0.5
e361b7_2016-04,e361b7,2016-04,0.5
1698cf_2016-02,1698cf,2016-02,0.5
19fa84_2016-03,19fa84,2016-03,0.5
fd589c_2016-12,fd589c,2016-12,0.5
1698cf_2016-01,1698cf,2016-01,0.5
e361b7_2017-03,e361b7,2017-03,0.5
894378_2015-09,894378,2015-09,0.5
fd589c_2017-11,fd589c,2017-11,0.5
e4bc80_2017-09,e4bc80,2017-09,0.5
c5816f_2015-09,c5816f,2015-09,0.5
19fa84_2016-12,19fa84,2016-12,0.5
f461d4_2018-11,f461d4,2018-11,0.5
fd589c_2016-08,fd589c,2016-08,0.5
8ec563_2018-08,8ec563,2018-08,0.5
8d0588_2015-06,8d0588,2015-06,0.5
b59bc0_2016-11,b59bc0,2016-11,0.5
94f933_2025-09,94f933,2025-09,0.5
83894c_2017-01,83894c,2017-01,0.5
a42d13_2022-05,a42d13,2022-05,0.5
a42d13_2019-09,a42d13,2019-09,0.5
a42d13_2020-11,a42d13,2020-11,0.5
a42d13_2021-02,a42d13,2021-02,0.5
c48018_2016-01,c48018,2016-01,0.5
a42d13_2020-06,a42d13,2020-06,0.5
a42d13_2019-08,a42d13,2019-08,0.5
a42d13_2020-07,a42d13,2020-07,0.5
fb34b4_2022-09,fb34b4,2022-09,0.5
db5006_2016-09,db5006,2016-09,0.5
6224d0_2025-09,6224d0,2025-09,0.5
531356_2016-09,531356,2016-09,0.5
0cecbd_2017-09,0cecbd,2017-09,0.5
0cecbd_2021-09,0cecbd,2021-09,0.5
7aa803_2017-03,7aa803,2017-03,0.5
531356_2016-02,531356,2016-02,0.5
bc4c03_2016-12,bc4c03,2016-12,0.5
99c11c_2017-11,99c11c,2017-11,0.5
f4604d_2020-02,f4604d,2020-02,0.5
531356_2020-05,531356,2020-05,0.5
29849f_2016-01,29849f,2016-01,0.5
531356_2017-09,531356,2017-09,0.5
db5006_2021-08,db5006,2021-08,0.5
531356_2017-08,531356,2017-08,0.5
db5006_2018-08,db5006,2018-08,0.5
1b9e65_2016-02,1b9e65,2016-02,0.5
c5df88_2024-07,c5df88,2024-07,0.5
293190_2025-04,293190,2025-04,0.5
b08ec1_2016-11,b08ec1,2016-11,0.5
293190_2026-03,293190,2026-03,0.5
74fb1f_2017-03,74fb1f,2017-03,0.5
293190_2026-01,293190,2026-01,0.5
c5df88_2025-12,c5df88,2025-12,0.5
74fb1f_2016-11,74fb1f,2016-11,0.5
a25664_2017-07,a25664,2017-07,0.5
2ab8ad_2025-05,2ab8ad,2025-05,0.5
7aa803_2015-05,7aa803,2015-05,0.5
c5df88_2024-02,c5df88,2024-02,0.5
f4604d_2020-09,f4604d,2020-09,0.5
1996b0_2023-09,1996b0,2023-09,0.5
1996b0_2024-01,1996b0,2024-01,0.5
1996b0_2023-02,1996b0,2023-02,0.5
06534f_2016-08,06534f,2016-08,0.5
7a007d_2016-02,7a007d,2016-02,0.5
7a007d_2021-11,7a007d,2021-11,0.5
7a007d_2022-06,7a007d,2022-06,0.5
7a007d_2021-01,7a007d,2021-01,0.5
7a007d_2022-12,7a007d,2022-12,0.5
7a007d_2020-04,7a007d,2020-04,0.5
7a007d_2016-01,7a007d,2016-01,0.5
7a007d_2023-05,7a007d,2023-05,0.5
90abb1_2020-06,90abb1,2020-06,0.5
74b7d1_2016-12,74b7d1,2016-12,0.5
b08ec1_2015-07,b08ec1,2015-07,0.5
7a007d_2020-03,7a007d,2020-03,0.5
7a007d_2022-11,7a007d,2022-11,0.5
b0ff51_2020-04,b0ff51,2020-04,0.5
8d0588_2017-12,8d0588,2017-12,0.5
fb34b4_2023-02,fb34b4,2023-02,0.5
4fb2d3_2020-06,4fb2d3,2020-06,0.5
fd589c_2020-11,fd589c,2020-11,0.5
439fde_2015-06,439fde,2015-06,0.5
439fde_2015-05,439fde,2015-05,0.5
fd589c_2020-06,fd589c,2020-06,0.5
2ab8ad_2015-10,2ab8ad,2015-10,0.5
439fde_2015-10,439fde,2015-10,0.5
d59611_2020-05,d59611,2020-05,0.5
987bc1_2016-02,987bc1,2016-02,0.5
6c1954_2021-04,6c1954,2021-04,0.5
34889b_2017-01,34889b,2017-01,0.5
db4cd8_2020-06,db4cd8,2020-06,0.5
db4cd8_2015-07,db4cd8,2015-07,0.5
6c1954_2020-05,6c1954,2020-05,0.5
6c1954_2021-02,6c1954,2021-02,0.5
77e86b_2022-11,77e86b,2022-11,0.5
1b9e65_2020-03,1b9e65,2020-03,0.5
5ecf9b_2023-10,5ecf9b,2023-10,0.5
439fde_2024-10,439fde,2024-10,0.5
77e86b_2023-05,77e86b,2023-05,0.5
c3a69f_2024-02,c3a69f,2024-02,0.5
1b9e65_2020-01,1b9e65,2020-01,0.5
5ecf9b_2023-08,5ecf9b,2023-08,0.5
2ed4f9_2025-08,2ed4f9,2025-08,0.5
94f933_2023-11,94f933,2023-11,0.5
c3a69f_2025-01,c3a69f,2025-01,0.5
439fde_2018-05,439fde,2018-05,0.5
c3a69f_2024-09,c3a69f,2024-09,0.5
77e86b_2024-03,77e86b,2024-03,0.5
74b7d1_2023-07,74b7d1,2023-07,0.5
74b7d1_2023-08,74b7d1,2023-08,0.5
c3a69f_2024-06,c3a69f,2024-06,0.5
77e86b_2025-07,77e86b,2025-07,0.5
77e86b_2020-02,77e86b,2020-02,0.5
439fde_2025-06,439fde,2025-06,0.5
77e86b_2015-03,77e86b,2015-03,0.5
c3a69f_2024-08,c3a69f,2024-08,0.5
439fde_2014-11,439fde,2014-11,0.5
439fde_2025-04,439fde,2025-04,0.5
77e86b_2014-09,77e86b,2014-09,0.5
77e86b_2024-05,77e86b,2024-05,0.5
77e86b_2014-12,77e86b,2014-12,0.5
94f933_2024-12,94f933,2024-12,0.5
9befc8_2022-07,9befc8,2022-07,0.5
d86999_2018-03,d86999,2018-03,0.5
d86999_2018-11,d86999,2018-11,0.5
8bd3ce_2016-08,8bd3ce,2016-08,0.5
b26809_2020-05,b26809,2020-05,0.5
b08ec1_2024-10,b08ec1,2024-10,0.5
4fb2d3_2021-12,4fb2d3,2021-12,0.5
a25664_2025-06,a25664,2025-06,0.5
2ab8ad_2015-03,2ab8ad,2015-03,0.5
7aa803_2018-02,7aa803,2018-02,0.5
88a9a6_2016-08,88a9a6,2016-08,0.5
9b46ed_2019-03,9b46ed,2019-03,0.5
d86999_2016-10,d86999,2016-10,0.5
fc9334_2017-11,fc9334,2017-11,0.5
b08ec1_2025-03,b08ec1,2025-03,0.5
293190_2014-10,293190,2014-10,0.5
293190_2023-10,293190,2023-10,0.5
74fb1f_2025-08,74fb1f,2025-08,0.5
8e41cf_2018-07,8e41cf,2018-07,0.5
fc9334_2019-06,fc9334,2019-06,0.5
8e41cf_2024-02,8e41cf,2024-02,0.5
9af74c_2021-08,9af74c,2021-08,0.5
e2e0ce_2021-01,e2e0ce,2021-01,0.5
74fb1f_2016-02,74fb1f,2016-02,0.5
74fb1f_2023-02,74fb1f,2023-02,0.5
7aa803_2022-12,7aa803,2022-12,0.5
7aa803_2025-08,7aa803,2025-08,0.5
e3af0e_2025-01,e3af0e,2025-01,0.5
e427f8_2025-02,e427f8,2025-02,0.5
e3af0e_2019-01,e3af0e,2019-01,0.5
d86999_2021-05,d86999,2021-05,0.5
fc9334_2015-11,fc9334,2015-11,0.5
fc9334_2020-10,fc9334,2020-10,0.5
8e41cf_2020-06,8e41cf,2020-06,0.5
a25664_2024-04,a25664,2024-04,0.5
293190_2019-03,293190,2019-03,0.5
74fb1f_2023-05,74fb1f,2023-05,0.5
7aa803_2023-04,7aa803,2023-04,0.5
0f9e86_2022-09,0f9e86,2022-09,0.5
bfbeef_2016-11,bfbeef,2016-11,0.5
bfbeef_2022-04,bfbeef,2022-04,0.5
dbb709_2023-07,dbb709,2023-07,0.5
9cf1af_2025-05,9cf1af,2025-05,0.5
e427f8_2024-04,e427f8,2024-04,0.5
60a0fd_2025-07,60a0fd,2025-07,0.5
d86999_2019-06,d86999,2019-06,0.5
d86999_2020-12,d86999,2020-12,0.5
6c1954_2021-12,6c1954,2021-12,0.5
fc9334_2020-01,fc9334,2020-01,0.5
8bd3ce_2022-05,8bd3ce,2022-05,0.5
b08ec1_2019-08,b08ec1,2019-08,0.5
265164_2024-04,265164,2024-04,0.5
e2e0ce_2015-08,e2e0ce,2015-08,0.5
e2e0ce_2024-07,e2e0ce,2024-07,0.5
2ab8ad_2021-03,2ab8ad,2021-03,0.5
98a151_2017-05,98a151,2017-05,0.5
98a151_2021-11,98a151,2021-11,0.5
d86999_2017-01,d86999,2017-01,0.5
d86999_2021-11,d86999,2021-11,0.5
8e41cf_2024-10,8e41cf,2024-10,0.5
6f5e2b_2016-05,6f5e2b,2016-05,0.5
2ab8ad_2024-08,2ab8ad,2024-08,0.5
88a9a6_2022-04,88a9a6,2022-04,0.5
9befc8_2022-08,9befc8,2022-08,0.5
98a151_2024-11,98a151,2024-11,0.5
d86999_2015-04,d86999,2015-04,0.5
fc9334_2016-08,fc9334,2016-08,0.5
8fb6f0_2015-10,8fb6f0,2015-10,0.5
9af74c_2023-08,9af74c,2023-08,0.5
6224d0_2022-02,6224d0,2022-02,0.5
175155_2019-12,175155,2019-12,0.5
88a9a6_2017-12,88a9a6,2017-12,0.5
9b46ed_2017-02,9b46ed,2017-02,0.5
829a72_2024-04,829a72,2024-04,0.5
e427f8_2025-08,e427f8,2025-08,0.5
b26809_2020-02,b26809,2020-02,0.5
fc9334_2023-08,fc9334,2023-08,0.5
8e41cf_2015-08,8e41cf,2015-08,0.5
8e41cf_2025-07,8e41cf,2025-07,0.5
4fb2d3_2015-02,4fb2d3,2015-02,0.5
bc4c03_2022-02,bc4c03,2022-02,0.5
829a72_2025-07,829a72,2025-07,0.5
9befc8_2024-02,9befc8,2024-02,0.5
8bd3ce_2022-10,8bd3ce,2022-10,0.5
9cf1af_2024-03,9cf1af,2024-03,0.5
9cf1af_2024-12,9cf1af,2024-12,0.5
fc9334_2020-12,fc9334,2020-12,0.5
fc9334_2024-08,fc9334,2024-08,0.5
8bd3ce_2021-07,8bd3ce,2021-07,0.5
8e41cf_2025-01,8e41cf,2025-01,0.5
4718d7_2019-07,4718d7,2019-07,0.5
74fb1f_2021-05,74fb1f,2021-05,0.5
7aa803_2014-09,7aa803,2014-09,0.5
3db670_2015-02,3db670,2015-02,0.5
9b46ed_2018-03,9b46ed,2018-03,0.5
bfbeef_2018-11,bfbeef,2018-11,0.5
98a151_2023-03,98a151,2023-03,0.5
8bd3ce_2017-01,8bd3ce,2017-01,0.5
8bd3ce_2019-05,8bd3ce,2019-05,0.5
8e41cf_2021-02,8e41cf,2021-02,0.5
2ab8ad_2024-11,2ab8ad,2024-11,0.5
c5df88_2023-03,c5df88,2023-03,0.5
88a9a6_2021-08,88a9a6,2021-08,0.5
60a0fd_2019-07,60a0fd,2019-07,0.5
780a0b_2016-02,780a0b,2016-02,0.5
fc9334_2024-12,fc9334,2024-12,0.5
8fb6f0_2025-02,8fb6f0,2025-02,0.5
b26809_2014-03,b26809,2014-03,0.5
b26809_2016-03,b26809,2016-03,0.5
b26809_2016-10,b26809,2016-10,0.5
fc77d0_2020-10,fc77d0,2020-10,0.5
4718d7_2019-03,4718d7,2019-03,0.5
bc4c03_2022-09,bc4c03,2022-09,0.5
db4cd8_2019-04,db4cd8,2019-04,0.5
74fb1f_2021-03,74fb1f,2021-03,0.5
9b46ed_2014-12,9b46ed,2014-12,0.5
11f0e3_2025-05,11f0e3,2025-05,0.5
bfbeef_2024-07,bfbeef,2024-07,0.5
829a72_2023-08,829a72,2023-08,0.5
9cf1af_2023-06,9cf1af,2023-06,0.5
d86999_2014-09,d86999,2014-09,0.5
8bd3ce_2019-06,8bd3ce,2019-06,0.5
9af74c_2022-07,9af74c,2022-07,0.5
4fb2d3_2023-10,4fb2d3,2023-10,0.5
f25ffe_2023-09,f25ffe,2023-09,0.5
6224d0_2019-06,6224d0,2019-06,0.5
293190_2022-02,293190,2022-02,0.5
293190_2022-12,293190,2022-12,0.5
e2e0ce_2024-08,e2e0ce,2024-08,0.5
74fb1f_2017-09,74fb1f,2017-09,0.5
dc4b5e_2024-03,dc4b5e,2024-03,0.5
77c35f_2025-03,77c35f,2025-03,0.5
8bd3ce_2018-09,8bd3ce,2018-09,0.5
9cf1af_2024-11,9cf1af,2024-11,0.5
e427f8_2022-01,e427f8,2022-01,0.5
e3af0e_2024-05,e3af0e,2024-05,0.5
8bd3ce_2020-11,8bd3ce,2020-11,0.5
34889b_2024-11,34889b,2024-11,0.5
259a19_2020-02,259a19,2020-02,0.5
a25664_2015-02,a25664,2015-02,0.5
e2e0ce_2017-02,e2e0ce,2017-02,0.5
2ab8ad_2017-05,2ab8ad,2017-05,0.5
c5df88_2016-05,c5df88,2016-05,0.5
88a9a6_2016-02,88a9a6,2016-02,0.5
9b46ed_2024-12,9b46ed,2024-12,0.5
11f0e3_2024-07,11f0e3,2024-07,0.5
293190_2015-11,293190,2015-11,0.5
9cf1af_2022-08,9cf1af,2022-08,0.5
fc9334_2025-03,fc9334,2025-03,0.5
8bd3ce_2023-04,8bd3ce,2023-04,0.5
4fb2d3_2019-03,4fb2d3,2019-03,0.5
a42d13_2025-05,a42d13,2025-05,0.5
c5df88_2015-10,c5df88,2015-10,0.5
74fb1f_2017-10,74fb1f,2017-10,0.5
88a9a6_2022-06,88a9a6,2022-06,0.5
9cf1af_2023-05,9cf1af,2023-05,0.5
98a151_2022-10,98a151,2022-10,0.5
829a72_2018-06,829a72,2018-06,0.5
e427f8_2024-11,e427f8,2024-11,0.5
60a0fd_2019-03,60a0fd,2019-03,0.5
e3af0e_2022-08,e3af0e,2022-08,0.5
e3af0e_2024-02,e3af0e,2024-02,0.5
e3af0e_2024-03,e3af0e,2024-03,0.5
d86999_2018-01,d86999,2018-01,0.5
8bd3ce_2022-08,8bd3ce,2022-08,0.5
8e41cf_2015-01,8e41cf,2015-01,0.5
34889b_2018-06,34889b,2018-06,0.5
6224d0_2023-08,6224d0,2023-08,0.5
88a9a6_2015-03,88a9a6,2015-03,0.5
302d40_2023-09,302d40,2023-09,0.5
302d40_2023-11,302d40,2023-11,0.5
829a72_2025-03,829a72,2025-03,0.5
302d40_2024-07,302d40,2024-07,0.5
d86999_2025-01,d86999,2025-01,0.5
d59611_2023-01,d59611,2023-01,0.5
8fb6f0_2021-08,8fb6f0,2021-08,0.5
8e41cf_2025-04,8e41cf,2025-04,0.5
b26809_2022-01,b26809,2022-01,0.5
f25ffe_2024-01,f25ffe,2024-01,0.5
1698cf_2019-03,1698cf,2019-03,0.5
175155_2021-07,175155,2021-07,0.5
2ab8ad_2021-01,2ab8ad,2021-01,0.5
7aa803_2023-10,7aa803,2023-10,0.5
e7a56d_2014-07,e7a56d,2014-07,0.5
e427f8_2023-07,e427f8,2023-07,0.5
829a72_2018-12,829a72,2018-12,0.5
8e41cf_2016-02,8e41cf,2016-02,0.5
d86999_2021-08,d86999,2021-08,0.5
d86999_2023-06,d86999,2023-06,0.5
b26809_2016-08,b26809,2016-08,0.5
fc9334_2019-05,fc9334,2019-05,0.5
8e41cf_2022-12,8e41cf,2022-12,0.5
731908_2024-06,731908,2024-06,0.5
11f0e3_2024-12,11f0e3,2024-12,0.5
0e8d73_2025-04,0e8d73,2025-04,0.5
bc4c03_2019-09,bc4c03,2019-09,0.5
9b3bd5_2025-03,9b3bd5,2025-03,0.5
9b46ed_2015-04,9b46ed,2015-04,0.5
fc9334_2016-06,fc9334,2016-06,0.5
e427f8_2024-01,e427f8,2024-01,0.5
bfbeef_2020-01,bfbeef,2020-01,0.5
dbb709_2023-01,dbb709,2023-01,0.5
60a0fd_2021-12,60a0fd,2021-12,0.5
302d40_2025-07,302d40,2025-07,0.5
8e41cf_2021-04,8e41cf,2021-04,0.5
b08ec1_2022-06,b08ec1,2022-06,0.5
fc77d0_2024-02,fc77d0,2024-02,0.5
f461d4_2017-07,f461d4,2017-07,0.5
bc4c03_2018-06,bc4c03,2018-06,0.5
74fb1f_2022-06,74fb1f,2022-06,0.5
7aa803_2014-10,7aa803,2014-10,0.5
7aa803_2024-04,7aa803,2024-04,0.5
88a9a6_2021-06,88a9a6,2021-06,0.5
9cf1af_2023-01,9cf1af,2023-01,0.5
9cf1af_2024-01,9cf1af,2024-01,0.5
fc9334_2018-12,fc9334,2018-12,0.5
fc9334_2022-03,fc9334,2022-03,0.5
b26809_2020-03,b26809,2020-03,0.5
b26809_2024-02,b26809,2024-02,0.5
1698cf_2020-10,1698cf,2020-10,0.5
db4cd8_2019-09,db4cd8,2019-09,0.5
375f2e_2015-09,375f2e,2015-09,0.5
7aa803_2022-04,7aa803,2022-04,0.5
7aa803_2024-07,7aa803,2024-07,0.5
dbb709_2022-01,dbb709,2022-01,0.5
9cf1af_2024-09,9cf1af,2024-09,0.5
e3af0e_2022-10,e3af0e,2022-10,0.5
fc9334_2015-06,fc9334,2015-06,0.5
b26809_2015-11,b26809,2015-11,0.5
34889b_2025-02,34889b,2025-02,0.5
293190_2022-10,293190,2022-10,0.5
2ab8ad_2023-05,2ab8ad,2023-05,0.5
74fb1f_2021-04,74fb1f,2021-04,0.5
7aa803_2019-07,7aa803,2019-07,0.5
60a0fd_2023-11,60a0fd,2023-11,0.5
8e41cf_2022-04,8e41cf,2022-04,0.5
265164_2024-12,265164,2024-12,0.5
4fb2d3_2023-03,4fb2d3,2023-03,0.5
780a0b_2024-03,780a0b,2024-03,0.5
60a0fd_2024-02,60a0fd,2024-02,0.5
9befc8_2021-05,9befc8,2021-05,0.5
d86999_2015-09,d86999,2015-09,0.5
b26809_2019-01,b26809,2019-01,0.5
8fb6f0_2014-06,8fb6f0,2014-06,0.5
8e41cf_2019-04,8e41cf,2019-04,0.5
9af74c_2021-06,9af74c,2021-06,0.5
4fb2d3_2023-02,4fb2d3,2023-02,0.5
bc4c03_2019-05,bc4c03,2019-05,0.5
18defd_2014-12,18defd,2014-12,0.5
2ab8ad_2018-12,2ab8ad,2018-12,0.5
8fb6f0_2024-03,8fb6f0,2024-03,0.5
8bd3ce_2019-04,8bd3ce,2019-04,0.5
d86999_2020-11,d86999,2020-11,0.5
b26809_2020-11,b26809,2020-11,0.5
e60b65_2018-02,e60b65,2018-02,0.5
6f5e2b_2019-04,6f5e2b,2019-04,0.5
a25664_2023-03,a25664,2023-03,0.5
74fb1f_2021-06,74fb1f,2021-06,0.5
7aa803_2023-09,7aa803,2023-09,0.5
7aa803_2024-02,7aa803,2024-02,0.5
3db670_2014-12,3db670,2014-12,0.5
98a151_2023-06,98a151,2023-06,0.5
e3af0e_2022-07,e3af0e,2022-07,0.5
fc9334_2023-12,fc9334,2023-12,0.5
8bd3ce_2023-08,8bd3ce,2023-08,0.5
8e41cf_2021-06,8e41cf,2021-06,0.5
b26809_2023-05,b26809,2023-05,0.5
b26809_2024-08,b26809,2024-08,0.5
14fe3a_2019-08,14fe3a,2019-08,0.5
b08ec1_2022-08,b08ec1,2022-08,0.5
6f5e2b_2019-07,6f5e2b,2019-07,0.5
175155_2023-12,175155,2023-12,0.5
3a13b3_2014-09,3a13b3,2014-09,0.5
e2e0ce_2023-02,e2e0ce,2023-02,0.5
74fb1f_2022-12,74fb1f,2022-12,0.5
829a72_2025-02,829a72,2025-02,0.5
bfbeef_2019-12,bfbeef,2019-12,0.5
8bd3ce_2025-07,8bd3ce,2025-07,0.5
8e41cf_2020-04,8e41cf,2020-04,0.5
fc77d0_2019-04,fc77d0,2019-04,0.5
a25664_2024-03,a25664,2024-03,0.5
74fb1f_2015-04,74fb1f,2015-04,0.5
7aa803_2023-03,7aa803,2023-03,0.5
88a9a6_2021-07,88a9a6,2021-07,0.5
3db670_2015-04,3db670,2015-04,0.5
9b46ed_2025-06,9b46ed,2025-06,0.5
9f1aa0_2018-06,9f1aa0,2018-06,0.5
fd589c_2019-04,fd589c,2019-04,0.5
513080_2024-01,513080,2024-01,0.5
0f9e86_2015-11,0f9e86,2015-11,0.5
19fa84_2019-04,19fa84,2019-04,0.5
513080_2024-07,513080,2024-07,0.5
f4604d_2022-08,f4604d,2022-08,0.5
6c1954_2020-03,6c1954,2020-03,0.5
fd589c_2023-03,fd589c,2023-03,0.5
510fbf_2022-06,510fbf,2022-06,0.5
fd589c_2022-04,fd589c,2022-04,0.5
9befc8_2022-01,9befc8,2022-01,0.5
513080_2022-07,513080,2022-07,0.5
c5816f_2024-01,c5816f,2024-01,0.5
c5816f_2024-03,c5816f,2024-03,0.5
6c1954_2022-12,6c1954,2022-12,0.5
19fa84_2018-02,19fa84,2018-02,0.5
fd589c_2022-10,fd589c,2022-10,0.5
fa8553_2025-07,fa8553,2025-07,0.5
894378_2019-12,894378,2019-12,0.5
780a0b_2024-02,780a0b,2024-02,0.5
513080_2023-07,513080,2023-07,0.5
513080_2023-09,513080,2023-09,0.5
11f0e3_2020-10,11f0e3,2020-10,0.5
8fb6f0_2021-06,8fb6f0,2021-06,0.5
e361b7_2024-03,e361b7,2024-03,0.5
510fbf_2024-05,510fbf,2024-05,0.5
531356_2022-09,531356,2022-09,0.5
894378_2020-01,894378,2020-01,0.5
e4bc80_2022-09,e4bc80,2022-09,0.5
bc4c03_2021-11,bc4c03,2021-11,0.5
513080_2024-10,513080,2024-10,0.5
9f1aa0_2017-06,9f1aa0,2017-06,0.5
fa8553_2024-12,fa8553,2024-12,0.5
8ec563_2020-12,8ec563,2020-12,0.5
fd589c_2021-01,fd589c,2021-01,0.5
510fbf_2024-11,510fbf,2024-11,0.5
731908_2016-01,731908,2016-01,0.5
8fb6f0_2015-04,8fb6f0,2015-04,0.5
8fb6f0_2017-02,8fb6f0,2017-02,0.5
bc4c03_2024-12,bc4c03,2024-12,0.5
731908_2014-12,731908,2014-12,0.5
bfbeef_2018-10,bfbeef,2018-10,0.5
894378_2019-11,894378,2019-11,0.5
8ec563_2025-06,8ec563,2025-06,0.5
fd589c_2024-10,fd589c,2024-10,0.5
fd589c_2024-11,fd589c,2024-11,0.5
e361b7_2023-04,e361b7,2023-04,0.5
29849f_2022-05,29849f,2022-05,0.5
8ec563_2018-05,8ec563,2018-05,0.5
e361b7_2019-08,e361b7,2019-08,0.5
e361b7_2020-11,e361b7,2020-11,0.5
e4bc80_2019-10,e4bc80,2019-10,0.5
9f1aa0_2019-04,9f1aa0,2019-04,0.5
9f1aa0_2020-03,9f1aa0,2020-03,0.5
731908_2019-11,731908,2019-11,0.5
894378_2022-08,894378,2022-08,0.5
fd589c_2024-09,fd589c,2024-09,0.5
e361b7_2018-04,e361b7,2018-04,0.5
e4bc80_2018-12,e4bc80,2018-12,0.5
9af74c_2019-12,9af74c,2019-12,0.5
fa8553_2025-02,fa8553,2025-02,0.5
bfbeef_2022-10,bfbeef,2022-10,0.5
8ec563_2024-12,8ec563,2024-12,0.5
19fa84_2019-06,19fa84,2019-06,0.5
fd589c_2022-02,fd589c,2022-02,0.5
780a0b_2019-09,780a0b,2019-09,0.5
f4604d_2022-11,f4604d,2022-11,0.5
513080_2022-04,513080,2022-04,0.5
513080_2022-10,513080,2022-10,0.5
9f1aa0_2018-05,9f1aa0,2018-05,0.5
8ec563_2018-03,8ec563,2018-03,0.5
e361b7_2022-11,e361b7,2022-11,0.5
e361b7_2023-05,e361b7,2023-05,0.5
9f1aa0_2022-07,9f1aa0,2022-07,0.5
bfbeef_2017-02,bfbeef,2017-02,0.5
fd589c_2019-05,fd589c,2019-05,0.5
c5816f_2021-11,c5816f,2021-11,0.5
8ec563_2020-10,8ec563,2020-10,0.5
8ec563_2021-05,8ec563,2021-05,0.5
e4bc80_2021-02,e4bc80,2021-02,0.5
9f1aa0_2019-05,9f1aa0,2019-05,0.5
bfbeef_2015-04,bfbeef,2015-04,0.5
e361b7_2018-02,e361b7,2018-02,0.5
9f1aa0_2019-01,9f1aa0,2019-01,0.5
e361b7_2022-02,e361b7,2022-02,0.5
fa8553_2024-02,fa8553,2024-02,0.5
8fb6f0_2021-05,8fb6f0,2021-05,0.5
c5816f_2021-09,c5816f,2021-09,0.5
19fa84_2023-12,19fa84,2023-12,0.5
510fbf_2023-04,510fbf,2023-04,0.5
bfbeef_2023-08,bfbeef,2023-08,0.5
894378_2017-03,894378,2017-03,0.5
894378_2021-02,894378,2021-02,0.5
c5816f_2023-10,c5816f,2023-10,0.5
9af74c_2021-05,9af74c,2021-05,0.5
513080_2025-03,513080,2025-03,0.5
9f1aa0_2016-04,9f1aa0,2016-04,0.5
0f9e86_2015-06,0f9e86,2015-06,0.5
fd589c_2024-12,fd589c,2024-12,0.5
9af74c_2021-09,9af74c,2021-09,0.5
fd589c_2025-01,fd589c,2025-01,0.5
513080_2024-12,513080,2024-12,0.5
8fb6f0_2014-08,8fb6f0,2014-08,0.5
19fa84_2023-06,19fa84,2023-06,0.5
731908_2024-09,731908,2024-09,0.5
11f0e3_2018-10,11f0e3,2018-10,0.5
f1543b_2019-05,f1543b,2019-05,0.5
99c11c_2020-10,99c11c,2020-10,0.5
731908_2018-07,731908,2018-07,0.5
8fb6f0_2023-02,8fb6f0,2023-02,0.5
f500c5_2021-03,f500c5,2021-03,0.5
87cfea_2022-12,87cfea,2022-12,0.5
731908_2017-05,731908,2017-05,0.5
f1543b_2025-02,f1543b,2025-02,0.5
f1543b_2023-07,f1543b,2023-07,0.5
b1de95_2015-01,b1de95,2015-01,0.5
731908_2016-09,731908,2016-09,0.5
731908_2021-08,731908,2021-08,0.5
731908_2024-01,731908,2024-01,0.5
780a0b_2020-04,780a0b,2020-04,0.5
780a0b_2022-04,780a0b,2022-04,0.5
fc9334_2019-12,fc9334,2019-12,0.5
7bf5c9_2015-03,7bf5c9,2015-03,0.5
7bf5c9_2020-04,7bf5c9,2020-04,0.5
83894c_2022-09,83894c,2022-09,0.5
87cfea_2022-07,87cfea,2022-07,0.5
8fb6f0_2017-06,8fb6f0,2017-06,0.5
f1543b_2025-04,f1543b,2025-04,0.5
83894c_2019-01,83894c,2019-01,0.5
731908_2025-07,731908,2025-07,0.5
90abb1_2019-04,90abb1,2019-04,0.5
8e41cf_2019-09,8e41cf,2019-09,0.5
8fb6f0_2016-12,8fb6f0,2016-12,0.5
8fb6f0_2022-02,8fb6f0,2022-02,0.5
e3af0e_2019-11,e3af0e,2019-11,0.5
b1de95_2015-03,b1de95,2015-03,0.5
b59bc0_2015-11,b59bc0,2015-11,0.5
0f9e86_2021-02,0f9e86,2021-02,0.5
1b9e65_2025-08,1b9e65,2025-08,0.5
731908_2017-02,731908,2017-02,0.5
731908_2023-04,731908,2023-04,0.5
731908_2024-04,731908,2024-04,0.5
8fb6f0_2020-10,8fb6f0,2020-10,0.5
0f9e86_2018-07,0f9e86,2018-07,0.5
7bf5c9_2024-03,7bf5c9,2024-03,0.5
f1543b_2023-09,f1543b,2023-09,0.5
87cfea_2023-02,87cfea,2023-02,0.5
731908_2025-08,731908,2025-08,0.5
731908_2023-02,731908,2023-02,0.5
9befc8_2022-02,9befc8,2022-02,0.5
7bf5c9_2020-12,7bf5c9,2020-12,0.5
99c11c_2019-09,99c11c,2019-09,0.5
11f0e3_2020-02,11f0e3,2020-02,0.5
8fb6f0_2017-05,8fb6f0,2017-05,0.5
9befc8_2020-03,9befc8,2020-03,0.5
7bf5c9_2018-03,7bf5c9,2018-03,0.5
7bf5c9_2024-04,7bf5c9,2024-04,0.5
92dcdd_2021-11,92dcdd,2021-11,0.5
87cfea_2022-01,87cfea,2022-01,0.5
731908_2025-06,731908,2025-06,0.5
11f0e3_2023-06,11f0e3,2023-06,0.5
b26809_2019-11,b26809,2019-11,0.5
87cfea_2020-07,87cfea,2020-07,0.5
f1543b_2021-12,f1543b,2021-12,0.5
f500c5_2021-08,f500c5,2021-08,0.5
87cfea_2021-06,87cfea,2021-06,0.5
f1543b_2018-06,f1543b,2018-06,0.5
f500c5_2022-03,f500c5,2022-03,0.5
f500c5_2025-02,f500c5,2025-02,0.5
f1543b_2018-12,f1543b,2018-12,0.5
87cfea_2025-06,87cfea,2025-06,0.5
11f0e3_2024-05,11f0e3,2024-05,0.5
99c11c_2021-06,99c11c,2021-06,0.5
11f0e3_2022-11,11f0e3,2022-11,0.5
780a0b_2020-06,780a0b,2020-06,0.5
7bf5c9_2023-03,7bf5c9,2023-03,0.5
731908_2021-06,731908,2021-06,0.5
780a0b_2018-09,780a0b,2018-09,0.5
780a0b_2023-10,780a0b,2023-10,0.5
f500c5_2020-01,f500c5,2020-01,0.5
731908_2019-04,731908,2019-04,0.5
11f0e3_2017-09,11f0e3,2017-09,0.5
fc9334_2023-02,fc9334,2023-02,0.5
9befc8_2021-04,9befc8,2021-04,0.5
f500c5_2023-07,f500c5,2023-07,0.5
b26809_2019-07,b26809,2019-07,0.5
9befc8_2025-03,9befc8,2025-03,0.5
b73bc7_2014-05,b73bc7,2014-05,0.5
83894c_2025-01,83894c,2025-01,0.5
11f0e3_2018-03,11f0e3,2018-03,0.5
780a0b_2023-05,780a0b,2023-05,0.5
7bf5c9_2024-07,7bf5c9,2024-07,0.5
83894c_2020-04,83894c,2020-04,0.5
99c11c_2020-06,99c11c,2020-06,0.5
731908_2023-01,731908,2023-01,0.5
c5816f_2014-06,c5816f,2014-06,0.5
e361b7_2014-05,e361b7,2014-05,0.5
f461d4_2025-01,f461d4,2025-01,0.5
92dcdd_2025-02,92dcdd,2025-02,0.5
5a0174_2015-04,5a0174,2015-04,0.5
894378_2018-09,894378,2018-09,0.5
c5816f_2017-05,c5816f,2017-05,0.5
fd589c_2015-03,fd589c,2015-03,0.5
14fe3a_2024-05,14fe3a,2024-05,0.5
8005b9_2019-06,8005b9,2019-06,0.5
1698cf_2018-04,1698cf,2018-04,0.5
8ec563_2018-07,8ec563,2018-07,0.5
fd589c_2014-11,fd589c,2014-11,0.5
60a0fd_2022-10,60a0fd,2022-10,0.5
e7a56d_2021-12,e7a56d,2021-12,0.5
8fabe0_2014-12,8fabe0,2014-12,0.5
db4cd8_2014-03,db4cd8,2014-03,0.5
5a0174_2022-08,5a0174,2022-08,0.5
f461d4_2023-01,f461d4,2023-01,0.5
fd589c_2017-10,fd589c,2017-10,0.5
db4cd8_2023-05,db4cd8,2023-05,0.5
d59611_2022-06,d59611,2022-06,0.5
6838b9_2019-09,6838b9,2019-09,0.5
894378_2016-02,894378,2016-02,0.5
e7a56d_2016-04,e7a56d,2016-04,0.5
34889b_2019-06,34889b,2019-06,0.5
14fe3a_2021-07,14fe3a,2021-07,0.5
6224d0_2019-05,6224d0,2019-05,0.5
34889b_2018-05,34889b,2018-05,0.5
987bc1_2018-02,987bc1,2018-02,0.5
c5816f_2017-07,c5816f,2017-07,0.5
6c1954_2022-02,6c1954,2022-02,0.5
e361b7_2016-03,e361b7,2016-03,0.5
5a0174_2014-09,5a0174,2014-09,0.5
14fe3a_2019-01,14fe3a,2019-01,0.5
9af74c_2022-08,9af74c,2022-08,0.5
1698cf_2020-01,1698cf,2020-01,0.5
77b3b9_2015-01,77b3b9,2015-01,0.5
894378_2019-08,894378,2019-08,0.5
19fa84_2015-08,19fa84,2015-08,0.5
18defd_2018-05,18defd,2018-05,0.5
c48018_2025-03,c48018,2025-03,0.5
4718d7_2022-03,4718d7,2022-03,0.5
8005b9_2019-02,8005b9,2019-02,0.5
8005b9_2021-08,8005b9,2021-08,0.5
0874ee_2022-02,0874ee,2022-02,0.5
19fa84_2020-12,19fa84,2020-12,0.5
c48018_2024-12,c48018,2024-12,0.5
8fabe0_2024-04,8fabe0,2024-04,0.5
175155_2019-11,175155,2019-11,0.5
fc77d0_2018-04,fc77d0,2018-04,0.5
77b3b9_2022-04,77b3b9,2022-04,0.5
e7a56d_2017-04,e7a56d,2017-04,0.5
e7a56d_2022-11,e7a56d,2022-11,0.5
18defd_2024-12,18defd,2024-12,0.5
f461d4_2024-11,f461d4,2024-11,0.5
259a19_2021-11,259a19,2021-11,0.5
d59611_2015-01,d59611,2015-01,0.5
14fe3a_2024-01,14fe3a,2024-01,0.5
4fb2d3_2019-12,4fb2d3,2019-12,0.5
1698cf_2018-05,1698cf,2018-05,0.5
77b3b9_2019-09,77b3b9,2019-09,0.5
894378_2017-06,894378,2017-06,0.5
e361b7_2017-10,e361b7,2017-10,0.5
e361b7_2025-08,e361b7,2025-08,0.5
e7a56d_2019-06,e7a56d,2019-06,0.5
c48018_2015-01,c48018,2015-01,0.5
b416b1_2024-07,b416b1,2024-07,0.5
259a19_2023-04,259a19,2023-04,0.5
db4cd8_2017-08,db4cd8,2017-08,0.5
d59611_2024-08,d59611,2024-08,0.5
948a11_2023-12,948a11,2023-12,0.5
6f5e2b_2018-03,6f5e2b,2018-03,0.5
fd589c_2016-07,fd589c,2016-07,0.5
e4bc80_2017-06,e4bc80,2017-06,0.5
e4bc80_2017-08,e4bc80,2017-08,0.5
c48018_2023-03,c48018,2023-03,0.5
c48018_2025-05,c48018,2025-05,0.5
b416b1_2022-08,b416b1,2022-08,0.5
14fe3a_2021-08,14fe3a,2021-08,0.5
34889b_2023-09,34889b,2023-09,0.5
c5816f_2015-03,c5816f,2015-03,0.5
c48018_2014-11,c48018,2014-11,0.5
4718d7_2020-03,4718d7,2020-03,0.5
b416b1_2018-05,b416b1,2018-05,0.5
bc4c03_2019-04,bc4c03,2019-04,0.5
34889b_2019-11,34889b,2019-11,0.5
f4d28d_2024-07,f4d28d,2024-07,0.5
987bc1_2018-05,987bc1,2018-05,0.5
c5816f_2017-06,c5816f,2017-06,0.5
8fabe0_2025-02,8fabe0,2025-02,0.5
b416b1_2023-11,b416b1,2023-11,0.5
4718d7_2022-10,4718d7,2022-10,0.5
f461d4_2022-08,f461d4,2022-08,0.5
1822ea_2017-04,1822ea,2017-04,0.5
894378_2016-05,894378,2016-05,0.5
8ec563_2017-12,8ec563,2017-12,0.5
4718d7_2020-01,4718d7,2020-01,0.5
8fabe0_2019-12,8fabe0,2019-12,0.5
9af74c_2015-04,9af74c,2015-04,0.5
f461d4_2018-10,f461d4,2018-10,0.5
f461d4_2022-01,f461d4,2022-01,0.5
9af74c_2023-05,9af74c,2023-05,0.5
c5816f_2020-02,c5816f,2020-02,0.5
e7a56d_2022-02,e7a56d,2022-02,0.5
5a0174_2019-06,5a0174,2019-06,0.5
b416b1_2019-11,b416b1,2019-11,0.5
1698cf_2025-01,1698cf,2025-01,0.5
4fb2d3_2018-01,4fb2d3,2018-01,0.5
18defd_2019-12,18defd,2019-12,0.5
8fabe0_2015-01,8fabe0,2015-01,0.5
6f5e2b_2025-01,6f5e2b,2025-01,0.5
259a19_2018-12,259a19,2018-12,0.5
d59611_2024-09,d59611,2024-09,0.5
14fe3a_2025-06,14fe3a,2025-06,0.5
77b3b9_2021-07,77b3b9,2021-07,0.5
d59611_2022-01,d59611,2022-01,0.5
34889b_2018-04,34889b,2018-04,0.5
34889b_2024-05,34889b,2024-05,0.5
987bc1_2018-12,987bc1,2018-12,0.5
894378_2015-01,894378,2015-01,0.5
bc4c03_2019-01,bc4c03,2019-01,0.5
a25664_2019-08,a25664,2019-08,0.5
e3af0e_2018-05,e3af0e,2018-05,0.5
c48018_2025-07,c48018,2025-07,0.5
5a0174_2025-02,5a0174,2025-02,0.5
5a0174_2023-04,5a0174,2023-04,0.5
c5816f_2016-08,c5816f,2016-08,0.5
e4bc80_2017-11,e4bc80,2017-11,0.5
e7a56d_2025-03,e7a56d,2025-03,0.5
6f5e2b_2024-12,6f5e2b,2024-12,0.5
d59611_2022-04,d59611,2022-04,0.5
d59611_2024-11,d59611,2024-11,0.5
14fe3a_2025-04,14fe3a,2025-04,0.5
06534f_2018-03,06534f,2018-03,0.5
6f5e2b_2015-01,6f5e2b,2015-01,0.5
f461d4_2014-09,f461d4,2014-09,0.5
bc4c03_2020-03,bc4c03,2020-03,0.5
e7a56d_2023-04,e7a56d,2023-04,0.5
c48018_2014-12,c48018,2014-12,0.5
d59611_2021-05,d59611,2021-05,0.5
259a19_2014-12,259a19,2014-12,0.5
f4d28d_2024-11,f4d28d,2024-11,0.5
c5816f_2016-04,c5816f,2016-04,0.5
fd589c_2014-07,fd589c,2014-07,0.5
e7a56d_2024-05,e7a56d,2024-05,0.5
18defd_2024-05,18defd,2024-05,0.5
4718d7_2018-06,4718d7,2018-06,0.5
b416b1_2023-07,b416b1,2023-07,0.5
f461d4_2014-03,f461d4,2014-03,0.5
259a19_2018-05,259a19,2018-05,0.5
d59611_2024-12,d59611,2024-12,0.5
6f5e2b_2017-06,6f5e2b,2017-06,0.5
1822ea_2019-07,1822ea,2019-07,0.5
fd589c_2021-05,fd589c,2021-05,0.5
90abb1_2024-09,90abb1,2024-09,0.5
8005b9_2025-05,8005b9,2025-05,0.5
db4cd8_2021-11,db4cd8,2021-11,0.5
d59611_2020-01,d59611,2020-01,0.5
375f2e_2019-07,375f2e,2019-07,0.5
c5816f_2014-12,c5816f,2014-12,0.5
c5816f_2019-07,c5816f,2019-07,0.5
e7a56d_2022-06,e7a56d,2022-06,0.5
c48018_2024-07,c48018,2024-07,0.5
f461d4_2022-03,f461d4,2022-03,0.5
d59611_2019-05,d59611,2019-05,0.5
8005b9_2022-04,8005b9,2022-04,0.5
b08ec1_2019-12,b08ec1,2019-12,0.5
06534f_2018-12,06534f,2018-12,0.5
259a19_2023-01,259a19,2023-01,0.5
1822ea_2023-06,1822ea,2023-06,0.5
b08ec1_2023-10,b08ec1,2023-10,0.5
375f2e_2020-02,375f2e,2020-02,0.5
edda84_2025-04,edda84,2025-04,0.5
8ec563_2014-07,8ec563,2014-07,0.5
fd589c_2014-04,fd589c,2014-04,0.5
18defd_2024-10,18defd,2024-10,0.5
34889b_2024-01,34889b,2024-01,0.5
8005b9_2023-08,8005b9,2023-08,0.5
bf6f0d_2015-09,bf6f0d,2015-09,0.5
259a19_2022-06,259a19,2022-06,0.5
db4cd8_2023-04,db4cd8,2023-04,0.5
4f2b6b_2024-07,4f2b6b,2024-07,0.5
4718d7_2025-06,4718d7,2025-06,0.5
77e86b_2023-10,77e86b,2023-10,0.5
7e646c_2024-08,7e646c,2024-08,0.5
ab32d7_2023-05,ab32d7,2023-05,0.5
74b7d1_2024-03,74b7d1,2024-03,0.5
7e646c_2024-11,7e646c,2024-11,0.5
5ecf9b_2022-08,5ecf9b,2022-08,0.5
6da35b_2023-08,6da35b,2023-08,0.5
7e646c_2023-12,7e646c,2023-12,0.5
6f5e2b_2023-12,6f5e2b,2023-12,0.5
259a19_2023-11,259a19,2023-11,0.5
1698cf_2024-07,1698cf,2024-07,0.5
6da35b_2023-06,6da35b,2023-06,0.5
74b7d1_2022-08,74b7d1,2022-08,0.5
0ffc2d_2023-06,0ffc2d,2023-06,0.5
7e646c_2022-10,7e646c,2022-10,0.5
8fabe0_2023-11,8fabe0,2023-11,0.5
0ffc2d_2023-05,0ffc2d,2023-05,0.5
1698cf_2023-06,1698cf,2023-06,0.5
8fabe0_2024-01,8fabe0,2024-01,0.5
11f0e3_2016-02,11f0e3,2016-02,0.5
11f0e3_2018-06,11f0e3,2018-06,0.5
60a0fd_2018-06,60a0fd,2018-06,0.5
0ffc2d_2024-05,0ffc2d,2024-05,0.5
6f5e2b_2024-08,6f5e2b,2024-08,0.5
11f0e3_2016-05,11f0e3,2016-05,0.5
9befc8_2018-06,9befc8,2018-06,0.5
77e86b_2025-03,77e86b,2025-03,0.5
259a19_2024-03,259a19,2024-03,0.5
5ecf9b_2023-05,5ecf9b,2023-05,0.5
5a0174_2024-03,5a0174,2024-03,0.5
9befc8_2017-12,9befc8,2017-12,0.5
0ffc2d_2020-07,0ffc2d,2020-07,0.5
6da35b_2023-12,6da35b,2023-12,0.5
7e646c_2023-06,7e646c,2023-06,0.5
9befc8_2018-08,9befc8,2018-08,0.5
11f0e3_2017-10,11f0e3,2017-10,0.5
0f9e86_2015-12,0f9e86,2015-12,0.5
b0ff51_2019-12,b0ff51,2019-12,0.5
b59bc0_2022-04,b59bc0,2022-04,0.5
99c11c_2023-10,99c11c,2023-10,0.5
0874ee_2014-12,0874ee,2014-12,0.5
8d0588_2019-07,8d0588,2019-07,0.5
0cecbd_2019-09,0cecbd,2019-09,0.5
439fde_2019-07,439fde,2019-07,0.5
8d0588_2020-06,8d0588,2020-06,0.5
8d0588_2022-12,8d0588,2022-12,0.5
8d0588_2025-02,8d0588,2025-02,0.5
b59bc0_2015-04,b59bc0,2015-04,0.5
0cecbd_2018-02,0cecbd,2018-02,0.5
8d0588_2018-08,8d0588,2018-08,0.5
b59bc0_2020-06,b59bc0,2020-06,0.5
8005b9_2022-02,8005b9,2022-02,0.5
b0ff51_2019-02,b0ff51,2019-02,0.5
99c11c_2024-08,99c11c,2024-08,0.5
b59bc0_2023-06,b59bc0,2023-06,0.5
99c11c_2018-01,99c11c,2018-01,0.5
b59bc0_2016-06,b59bc0,2016-06,0.5
b59bc0_2020-12,b59bc0,2020-12,0.5
b0ff51_2021-06,b0ff51,2021-06,0.5
8d0588_2024-08,8d0588,2024-08,0.5
b59bc0_2021-02,b59bc0,2021-02,0.5
0874ee_2014-09,0874ee,2014-09,0.5
8d0588_2019-03,8d0588,2019-03,0.5
b59bc0_2016-08,b59bc0,2016-08,0.5
b0ff51_2021-01,b0ff51,2021-01,0.5
77e86b_2025-05,77e86b,2025-05,0.5
b59bc0_2021-05,b59bc0,2021-05,0.5
b0ff51_2019-09,b0ff51,2019-09,0.5
439fde_2019-12,439fde,2019-12,0.5
74b7d1_2019-04,74b7d1,2019-04,0.5
8005b9_2019-11,8005b9,2019-11,0.5
b59bc0_2018-06,b59bc0,2018-06,0.5
b0ff51_2018-12,b0ff51,2018-12,0.5
439fde_2014-12,439fde,2014-12,0.5
439fde_2020-12,439fde,2020-12,0.5
8d0588_2017-02,8d0588,2017-02,0.5
b0ff51_2018-04,b0ff51,2018-04,0.5
8d0588_2023-01,8d0588,2023-01,0.5
8d0588_2021-05,8d0588,2021-05,0.5
b0ff51_2015-02,b0ff51,2015-02,0.5
8d0588_2024-05,8d0588,2024-05,0.5
b0ff51_2017-05,b0ff51,2017-05,0.5
b0ff51_2024-10,b0ff51,2024-10,0.5
b0ff51_2024-06,b0ff51,2024-06,0.5
83894c_2018-04,83894c,2018-04,0.5
b59bc0_2014-10,b59bc0,2014-10,0.5
b0ff51_2023-05,b0ff51,2023-05,0.5
8d0588_2014-12,8d0588,2014-12,0.5
8d0588_2020-10,8d0588,2020-10,0.5
34889b_2020-02,34889b,2020-02,0.5
99c11c_2019-10,99c11c,2019-10,0.5
b644ac_2024-03,b644ac,2024-03,0.5
34889b_2022-11,34889b,2022-11,0.5
8005b9_2020-03,8005b9,2020-03,0.5
dc4b5e_2022-09,dc4b5e,2022-09,0.5
b416b1_2020-02,b416b1,2020-02,0.5
87cfea_2017-02,87cfea,2017-02,0.5
a25664_2018-02,a25664,2018-02,0.5
d59611_2023-02,d59611,2023-02,0.5
987bc1_2024-09,987bc1,2024-09,0.5
e60b65_2024-02,e60b65,2024-02,0.5
175155_2020-12,175155,2020-12,0.5
175155_2021-02,175155,2021-02,0.5
5a0174_2021-05,5a0174,2021-05,0.5
a25664_2015-03,a25664,2015-03,0.5
fc77d0_2020-08,fc77d0,2020-08,0.5
175155_2019-10,175155,2019-10,0.5
6224d0_2020-09,6224d0,2020-09,0.5
fb737b_2022-10,fb737b,2022-10,0.5
8fabe0_2021-07,8fabe0,2021-07,0.5
259a19_2022-01,259a19,2022-01,0.5
259a19_2022-05,259a19,2022-05,0.5
a42d13_2021-07,a42d13,2021-07,0.5
5a0174_2023-08,5a0174,2023-08,0.5
8fabe0_2022-09,8fabe0,2022-09,0.5
532867_2024-07,532867,2024-07,0.5
e60b65_2017-04,e60b65,2017-04,0.5
e60b65_2018-06,e60b65,2018-06,0.5
a42d13_2019-07,a42d13,2019-07,0.5
a42d13_2023-01,a42d13,2023-01,0.5
a42d13_2024-09,a42d13,2024-09,0.5
987bc1_2019-03,987bc1,2019-03,0.5
175155_2020-09,175155,2020-09,0.5
175155_2023-09,175155,2023-09,0.5
259a19_2019-09,259a19,2019-09,0.5
8b98f3_2025-03,8b98f3,2025-03,0.5
175155_2023-05,175155,2023-05,0.5
6838b9_2024-03,6838b9,2024-03,0.5
4718d7_2023-08,4718d7,2023-08,0.5
8b98f3_2024-06,8b98f3,2024-06,0.5
f25ffe_2023-10,f25ffe,2023-10,0.5
0874ee_2019-08,0874ee,2019-08,0.5
6224d0_2022-06,6224d0,2022-06,0.5
6224d0_2024-11,6224d0,2024-11,0.5
175155_2025-06,175155,2025-06,0.5
a42d13_2018-02,a42d13,2018-02,0.5
a42d13_2022-12,a42d13,2022-12,0.5
34889b_2014-05,34889b,2014-05,0.5
1698cf_2021-09,1698cf,2021-09,0.5
1698cf_2023-05,1698cf,2023-05,0.5
4718d7_2017-04,4718d7,2017-04,0.5
4f2b6b_2023-09,4f2b6b,2023-09,0.5
175155_2022-04,175155,2022-04,0.5
a42d13_2024-12,a42d13,2024-12,0.5
7199cf_2024-01,7199cf,2024-01,0.5
fb737b_2022-02,fb737b,2022-02,0.5
c3a69f_2017-09,c3a69f,2017-09,0.5
0874ee_2018-10,0874ee,2018-10,0.5
1698cf_2024-06,1698cf,2024-06,0.5
f461d4_2019-12,f461d4,2019-12,0.5
6838b9_2023-04,6838b9,2023-04,0.5
9b46ed_2021-08,9b46ed,2021-08,0.5
8b98f3_2025-06,8b98f3,2025-06,0.5
987bc1_2018-03,987bc1,2018-03,0.5
77e86b_2024-09,77e86b,2024-09,0.5
175155_2020-08,175155,2020-08,0.5
a42d13_2019-05,a42d13,2019-05,0.5
f25ffe_2025-08,f25ffe,2025-08,0.5
4fb2d3_2022-09,4fb2d3,2022-09,0.5
4fb2d3_2024-10,4fb2d3,2024-10,0.5
6224d0_2025-03,6224d0,2025-03,0.5
a25664_2024-06,a25664,2024-06,0.5
f25ffe_2024-06,f25ffe,2024-06,0.5
0874ee_2018-02,0874ee,2018-02,0.5
175155_2019-04,175155,2019-04,0.5
a42d13_2019-11,a42d13,2019-11,0.5
532867_2025-08,532867,2025-08,0.5
ab32d7_2025-06,ab32d7,2025-06,0.5
0ffc2d_2021-02,0ffc2d,2021-02,0.5
0874ee_2017-04,0874ee,2017-04,0.5
6224d0_2024-10,6224d0,2024-10,0.5
1822ea_2022-01,1822ea,2022-01,0.5
92dcdd_2024-10,92dcdd,2024-10,0.5
8fabe0_2020-02,8fabe0,2020-02,0.5
a25664_2022-11,a25664,2022-11,0.5
b644ac_2024-12,b644ac,2024-12,0.5
6f5e2b_2022-08,6f5e2b,2022-08,0.5
92dcdd_2024-06,92dcdd,2024-06,0.5
0874ee_2021-11,0874ee,2021-11,0.5
1b9e65_2024-09,1b9e65,2024-09,0.5
fc77d0_2025-08,fc77d0,2025-08,0.5
a42d13_2019-10,a42d13,2019-10,0.5
cd0e60_2023-02,cd0e60,2023-02,0.5
439fde_2019-02,439fde,2019-02,0.5
db5006_2024-11,db5006,2024-11,0.5
a42d13_2021-06,a42d13,2021-06,0.5
9af74c_2014-09,9af74c,2014-09,0.5
4fb2d3_2014-07,4fb2d3,2014-07,0.5
db4cd8_2025-07,db4cd8,2025-07,0.5
94f933_2024-03,94f933,2024-03,0.5
175155_2022-05,175155,2022-05,0.5
175155_2022-09,175155,2022-09,0.5
14fe3a_2017-02,14fe3a,2017-02,0.5
987bc1_2023-09,987bc1,2023-09,0.5
4718d7_2023-04,4718d7,2023-04,0.5
8fabe0_2022-05,8fabe0,2022-05,0.5
175155_2023-01,175155,2023-01,0.5
e60b65_2023-05,e60b65,2023-05,0.5
259a19_2018-01,259a19,2018-01,0.5
a25664_2021-03,a25664,2021-03,0.5
ab32d7_2025-02,ab32d7,2025-02,0.5
29849f_2023-08,29849f,2023-08,0.5
f461d4_2023-05,f461d4,2023-05,0.5
5ecf9b_2022-09,5ecf9b,2022-09,0.5
0874ee_2018-11,0874ee,2018-11,0.5
0e8d73_2023-10,0e8d73,2023-10,0.5
a42d13_2023-06,a42d13,2023-06,0.5
a42d13_2024-10,a42d13,2024-10,0.5
4718d7_2022-05,4718d7,2022-05,0.5
8fabe0_2020-09,8fabe0,2020-09,0.5
8b98f3_2025-02,8b98f3,2025-02,0.5
0ffc2d_2023-02,0ffc2d,2023-02,0.5
fc77d0_2024-12,fc77d0,2024-12,0.5
1698cf_2021-08,1698cf,2021-08,0.5
5a0174_2023-09,5a0174,2023-09,0.5
77e86b_2024-10,77e86b,2024-10,0.5
ab32d7_2024-07,ab32d7,2024-07,0.5
6838b9_2023-05,6838b9,2023-05,0.5
e60b65_2024-08,e60b65,2024-08,0.5
8fabe0_2021-01,8fabe0,2021-01,0.5
6f5e2b_2024-07,6f5e2b,2024-07,0.5
a25664_2016-08,a25664,2016-08,0.5
c48018_2023-12,c48018,2023-12,0.5
8b98f3_2025-04,8b98f3,2025-04,0.5
532867_2025-06,532867,2025-06,0.5
77b3b9_2022-11,77b3b9,2022-11,0.5
bf6f0d_2019-02,bf6f0d,2019-02,0.5
6f5e2b_2016-03,6f5e2b,2016-03,0.5
b416b1_2019-04,b416b1,2019-04,0.5
b08ec1_2019-01,b08ec1,2019-01,0.5
375f2e_2025-08,375f2e,2025-08,0.5
948a11_2024-10,948a11,2024-10,0.5
b08ec1_2014-10,b08ec1,2014-10,0.5
bf6f0d_2018-02,bf6f0d,2018-02,0.5
948a11_2023-09,948a11,2023-09,0.5
948a11_2024-11,948a11,2024-11,0.5
9befc8_2024-01,9befc8,2024-01,0.5
1b9e65_2023-12,1b9e65,2023-12,0.5
1822ea_2022-06,1822ea,2022-06,0.5
77b3b9_2025-03,77b3b9,2025-03,0.5
bf6f0d_2018-03,bf6f0d,2018-03,0.5
5a0174_2021-08,5a0174,2021-08,0.5
e7a56d_2021-10,e7a56d,2021-10,0.5
8005b9_2024-02,8005b9,2024-02,0.5
77b3b9_2022-05,77b3b9,2022-05,0.5
bf6f0d_2019-03,bf6f0d,2019-03,0.5
9befc8_2024-09,9befc8,2024-09,0.5
6224d0_2014-07,6224d0,2014-07,0.5
4f2b6b_2023-11,4f2b6b,2023-11,0.5
bf6f0d_2024-03,bf6f0d,2024-03,0.5
6838b9_2024-07,6838b9,2024-07,0.5
90abb1_2019-09,90abb1,2019-09,0.5
375f2e_2021-09,375f2e,2021-09,0.5
948a11_2022-04,948a11,2022-04,0.5
77b3b9_2021-05,77b3b9,2021-05,0.5
375f2e_2022-03,375f2e,2022-03,0.5
bf6f0d_2023-03,bf6f0d,2023-03,0.5
731908_2022-05,731908,2022-05,0.5
1822ea_2024-07,1822ea,2024-07,0.5
fb737b_2021-11,fb737b,2021-11,0.5
e60b65_2016-08,e60b65,2016-08,0.5
1822ea_2021-04,1822ea,2021-04,0.5
e60b65_2016-06,e60b65,2016-06,0.5
1996b0_2025-03,1996b0,2025-03,0.5
4ee2d2_2024-09,4ee2d2,2024-09,0.5
bf6f0d_2019-01,bf6f0d,2019-01,0.5
1822ea_2023-02,1822ea,2023-02,0.5
e60b65_2016-12,e60b65,2016-12,0.5
1822ea_2017-06,1822ea,2017-06,0.5
6f5e2b_2016-04,6f5e2b,2016-04,0.5
c48018_2015-04,c48018,2015-04,0.5
90abb1_2022-05,90abb1,2022-05,0.5
29849f_2025-07,29849f,2025-07,0.5
531356_2025-06,531356,2025-06,0.5
987bc1_2016-03,987bc1,2016-03,0.5
545d15_2019-11,545d15,2019-11,0.5
7a007d_2024-09,7a007d,2024-09,0.5
e83244_2020-06,e83244,2020-06,0.5
db5006_2020-12,db5006,2020-12,0.5
db5006_2021-10,db5006,2021-10,0.5
b73bc7_2018-01,b73bc7,2018-01,0.5
531356_2023-07,531356,2023-07,0.5
e83244_2021-12,e83244,2021-12,0.5
29849f_2023-01,29849f,2023-01,0.5
e2314a_2018-09,e2314a,2018-09,0.5
e2314a_2019-04,e2314a,2019-04,0.5
0cecbd_2019-01,0cecbd,2019-01,0.5
7a007d_2018-06,7a007d,2018-06,0.5
c580aa_2024-01,c580aa,2024-01,0.5
b1de95_2025-08,b1de95,2025-08,0.5
f4604d_2023-02,f4604d,2023-02,0.5
531356_2022-12,531356,2022-12,0.5
531356_2024-05,531356,2024-05,0.5
1b9e65_2021-12,1b9e65,2021-12,0.5
e83244_2023-03,e83244,2023-03,0.5
e3af0e_2014-09,e3af0e,2014-09,0.5
7a007d_2018-01,7a007d,2018-01,0.5
3db670_2024-04,3db670,2024-04,0.5
f4604d_2024-08,f4604d,2024-08,0.5
531356_2020-03,531356,2020-03,0.5
60a0fd_2015-04,60a0fd,2015-04,0.5
1b9e65_2017-11,1b9e65,2017-11,0.5
829a72_2015-04,829a72,2015-04,0.5
0cecbd_2018-06,0cecbd,2018-06,0.5
b1de95_2025-02,b1de95,2025-02,0.5
f4604d_2024-02,f4604d,2024-02,0.5
0cecbd_2020-10,0cecbd,2020-10,0.5
0cecbd_2023-07,0cecbd,2023-07,0.5
1b9e65_2018-08,1b9e65,2018-08,0.5
06534f_2024-03,06534f,2024-03,0.5
0cecbd_2023-09,0cecbd,2023-09,0.5
0cecbd_2024-04,0cecbd,2024-04,0.5
b73bc7_2024-10,b73bc7,2024-10,0.5
545d15_2018-10,545d15,2018-10,0.5
531356_2018-04,531356,2018-04,0.5
e83244_2016-01,e83244,2016-01,0.5
e83244_2016-02,e83244,2016-02,0.5
db5006_2022-03,db5006,2022-03,0.5
3a13b3_2023-07,3a13b3,2023-07,0.5
1b9e65_2021-06,1b9e65,2021-06,0.5
1b9e65_2023-02,1b9e65,2023-02,0.5
af81b0_2019-04,af81b0,2019-04,0.5
e2314a_2023-05,e2314a,2023-05,0.5
b1de95_2025-05,b1de95,2025-05,0.5
e3af0e_2014-11,e3af0e,2014-11,0.5
98a151_2015-04,98a151,2015-04,0.5
3a13b3_2024-12,3a13b3,2024-12,0.5
f4604d_2023-05,f4604d,2023-05,0.5
1b9e65_2023-08,1b9e65,2023-08,0.5
7a007d_2024-11,7a007d,2024-11,0.5
e83244_2022-09,e83244,2022-09,0.5
3db670_2023-09,3db670,2023-09,0.5
3a13b3_2018-02,3a13b3,2018-02,0.5
e83244_2020-10,e83244,2020-10,0.5
06534f_2023-08,06534f,2023-08,0.5
e2314a_2015-06,e2314a,2015-06,0.5
b1de95_2020-03,b1de95,2020-03,0.5
db5006_2019-11,db5006,2019-11,0.5
175155_2024-09,175155,2024-09,0.5
987bc1_2021-04,987bc1,2021-04,0.5
545d15_2019-09,545d15,2019-09,0.5
e83244_2015-07,e83244,2015-07,0.5
e83244_2018-01,e83244,2018-01,0.5
c580aa_2025-02,c580aa,2025-02,0.5
3db670_2023-06,3db670,2023-06,0.5
f4604d_2023-07,f4604d,2023-07,0.5
0cecbd_2022-07,0cecbd,2022-07,0.5
0cecbd_2024-10,0cecbd,2024-10,0.5
7bf5c9_2019-01,7bf5c9,2019-01,0.5
c580aa_2023-06,c580aa,2023-06,0.5
db5006_2023-10,db5006,2023-10,0.5
b73bc7_2023-08,b73bc7,2023-08,0.5
1b9e65_2015-01,1b9e65,2015-01,0.5
1b9e65_2019-08,1b9e65,2019-08,0.5
e2314a_2015-03,e2314a,2015-03,0.5
e83244_2017-10,e83244,2017-10,0.5
3db670_2018-05,3db670,2018-05,0.5
db5006_2021-04,db5006,2021-04,0.5
b73bc7_2025-08,b73bc7,2025-08,0.5
f4604d_2018-12,f4604d,2018-12,0.5
531356_2019-04,531356,2019-04,0.5
0cecbd_2025-03,0cecbd,2025-03,0.5
db5006_2025-03,db5006,2025-03,0.5
29849f_2019-04,29849f,2019-04,0.5
e83244_2017-04,e83244,2017-04,0.5
e83244_2022-08,e83244,2022-08,0.5
e3af0e_2018-03,e3af0e,2018-03,0.5
c580aa_2020-03,c580aa,2020-03,0.5
29849f_2024-02,29849f,2024-02,0.5
e2314a_2018-06,e2314a,2018-06,0.5
7bf5c9_2019-11,7bf5c9,2019-11,0.5
db5006_2019-06,db5006,2019-06,0.5
b73bc7_2020-02,b73bc7,2020-02,0.5
e2314a_2024-08,e2314a,2024-08,0.5
e2314a_2024-12,e2314a,2024-12,0.5
0cecbd_2019-06,0cecbd,2019-06,0.5
0cecbd_2022-04,0cecbd,2022-04,0.5
0cecbd_2024-03,0cecbd,2024-03,0.5
f1543b_2017-10,f1543b,2017-10,0.5
e83244_2015-11,e83244,2015-11,0.5
e83244_2017-01,e83244,2017-01,0.5
e83244_2019-04,e83244,2019-04,0.5
06534f_2024-01,06534f,2024-01,0.5
06534f_2025-05,06534f,2025-05,0.5
b73bc7_2015-09,b73bc7,2015-09,0.5
db5006_2023-12,db5006,2023-12,0.5
29849f_2024-04,29849f,2024-04,0.5
f4604d_2019-01,f4604d,2019-01,0.5
f4604d_2023-01,f4604d,2023-01,0.5
e83244_2019-01,e83244,2019-01,0.5
7a007d_2019-03,7a007d,2019-03,0.5
db5006_2015-07,db5006,2015-07,0.5
3a13b3_2025-01,3a13b3,2025-01,0.5
0cecbd_2025-01,0cecbd,2025-01,0.5
7bf5c9_2019-12,7bf5c9,2019-12,0.5
3a13b3_2018-05,3a13b3,2018-05,0.5
1b9e65_2024-04,1b9e65,2024-04,0.5
e2314a_2017-03,e2314a,2017-03,0.5
0cecbd_2024-07,0cecbd,2024-07,0.5
7a007d_2018-04,7a007d,2018-04,0.5
e2314a_2016-11,e2314a,2016-11,0.5
e2314a_2022-03,e2314a,2022-03,0.5
531356_2015-11,531356,2015-11,0.5
b73bc7_2019-12,b73bc7,2019-12,0.5
7e646c_2024-07,7e646c,2024-07,0.5
022433_2021-08,022433,2021-08,0.5
f4604d_2018-04,f4604d,2018-04,0.5
c5816f_2017-12,c5816f,2017-12,0.5
780a0b_2018-08,780a0b,2018-08,0.5
022433_2021-02,022433,2021-02,0.5
c580aa_2019-04,c580aa,2019-04,0.5
29849f_2019-06,29849f,2019-06,0.5
af81b0_2019-05,af81b0,2019-05,0.5
af81b0_2023-03,af81b0,2023-03,0.5
c580aa_2018-02,c580aa,2018-02,0.5
531356_2018-03,531356,2018-03,0.5
829a72_2019-06,829a72,2019-06,0.5
7e646c_2024-10,7e646c,2024-10,0.5
94f933_2025-04,94f933,2025-04,0.5
29849f_2018-06,29849f,2018-06,0.5
b73bc7_2020-01,b73bc7,2020-01,0.5
022433_2024-06,022433,2024-06,0.5
3db670_2018-04,3db670,2018-04,0.5
29849f_2018-11,29849f,2018-11,0.5
98a151_2024-12,98a151,2024-12,0.5
bf6f0d_2019-06,bf6f0d,2019-06,0.5
c48018_2015-11,c48018,2015-11,0.5
34889b_2023-02,34889b,2023-02,0.5
b07578_2025-08,b07578,2025-08,0.5
1bdb97_2025-08,1bdb97,2025-08,0.5
6224d0_2024-12,6224d0,2024-12,0.5
e60b65_2025-07,e60b65,2025-07,0.5
531356_2021-11,531356,2021-11,0.5
375f2e_2022-11,375f2e,2022-11,0.5
b416b1_2015-04,b416b1,2015-04,0.5
531356_2020-08,531356,2020-08,0.5
1822ea_2016-10,1822ea,2016-10,0.5
bc4c03_2017-01,bc4c03,2017-01,0.5
af81b0_2014-08,af81b0,2014-08,0.5
7199cf_2023-09,7199cf,2023-09,0.5
bf6f0d_2014-05,bf6f0d,2014-05,0.5
bf6f0d_2015-01,bf6f0d,2015-01,0.5
439fde_2015-04,439fde,2015-04,0.5
b07578_2025-02,b07578,2025-02,0.5
6f5e2b_2018-07,6f5e2b,2018-07,0.5
531356_2017-10,531356,2017-10,0.5
af81b0_2014-04,af81b0,2014-04,0.5
4fb2d3_2014-11,4fb2d3,2014-11,0.5
7199cf_2025-06,7199cf,2025-06,0.5
e83244_2022-12,e83244,2022-12,0.5
8005b9_2017-04,8005b9,2017-04,0.5
bf6f0d_2021-12,bf6f0d,2021-12,0.5
f4604d_2021-02,f4604d,2021-02,0.5
531356_2020-11,531356,2020-11,0.5
1b9e65_2016-05,1b9e65,2016-05,0.5
1822ea_2018-01,1822ea,2018-01,0.5
948a11_2022-03,948a11,2022-03,0.5
948a11_2023-04,948a11,2023-04,0.5
b416b1_2017-11,b416b1,2017-11,0.5
5a0174_2020-10,5a0174,2020-10,0.5
f4604d_2021-06,f4604d,2021-06,0.5
a97df3_2025-07,a97df3,2025-07,0.5
b1de95_2025-04,b1de95,2025-04,0.5
375f2e_2024-07,375f2e,2024-07,0.5
77b3b9_2025-08,77b3b9,2025-08,0.5
531356_2021-03,531356,2021-03,0.5
e2314a_2022-10,e2314a,2022-10,0.5
1822ea_2020-01,1822ea,2020-01,0.5
f4604d_2021-03,f4604d,2021-03,0.5
1b9e65_2016-03,1b9e65,2016-03,0.5
99c11c_2017-09,99c11c,2017-09,0.5
29849f_2017-09,29849f,2017-09,0.5
b73bc7_2022-12,b73bc7,2022-12,0.5
bf6f0d_2014-09,bf6f0d,2014-09,0.5
bf6f0d_2024-10,bf6f0d,2024-10,0.5
f4604d_2020-04,f4604d,2020-04,0.5
f4604d_2022-02,f4604d,2022-02,0.5
1b9e65_2016-01,1b9e65,2016-01,0.5
06534f_2024-04,06534f,2024-04,0.5
8005b9_2017-10,8005b9,2017-10,0.5
bf6f0d_2018-08,bf6f0d,2018-08,0.5
bf6f0d_2020-09,bf6f0d,2020-09,0.5
dc4b5e_2024-07,dc4b5e,2024-07,0.5
bf6f0d_2022-10,bf6f0d,2022-10,0.5
f4604d_2016-07,f4604d,2016-07,0.5
375f2e_2024-04,375f2e,2024-04,0.5
1822ea_2017-02,1822ea,2017-02,0.5
bf6f0d_2022-02,bf6f0d,2022-02,0.5
e60b65_2023-08,e60b65,2023-08,0.5
29849f_2021-02,29849f,2021-02,0.5
29849f_2016-07,29849f,2016-07,0.5
b07578_2025-03,b07578,2025-03,0.5
293190_2020-03,293190,2020-03,0.5
293190_2020-11,293190,2020-11,0.5
b08ec1_2014-09,b08ec1,2014-09,0.5
4fb2d3_2016-12,4fb2d3,2016-12,0.5
db4cd8_2024-08,db4cd8,2024-08,0.5
92dcdd_2023-02,92dcdd,2023-02,0.5
2ab8ad_2019-09,2ab8ad,2019-09,0.5
c5df88_2025-03,c5df88,2025-03,0.5
dc4b5e_2019-07,dc4b5e,2019-07,0.5
293190_2015-08,293190,2015-08,0.5
2ab8ad_2018-11,2ab8ad,2018-11,0.5
e3af0e_2023-06,e3af0e,2023-06,0.5
9b46ed_2015-06,9b46ed,2015-06,0.5
293190_2015-06,293190,2015-06,0.5
293190_2019-09,293190,2019-09,0.5
e2e0ce_2016-11,e2e0ce,2016-11,0.5
e2e0ce_2020-07,e2e0ce,2020-07,0.5
92dcdd_2022-11,92dcdd,2022-11,0.5
9b46ed_2017-08,9b46ed,2017-08,0.5
a42d13_2024-07,a42d13,2024-07,0.5
c5df88_2024-06,c5df88,2024-06,0.5
cd0e60_2022-01,cd0e60,2022-01,0.5
bc4c03_2014-10,bc4c03,2014-10,0.5
98a151_2019-02,98a151,2019-02,0.5
60a0fd_2020-03,60a0fd,2020-03,0.5
c5df88_2026-05,c5df88,2026-05,0.5
c5df88_2019-09,c5df88,2019-09,0.5
6838b9_2022-01,6838b9,2022-01,0.5
2ab8ad_2020-11,2ab8ad,2020-11,0.5
9b46ed_2017-01,9b46ed,2017-01,0.5
9b46ed_2018-10,9b46ed,2018-10,0.5
2ab8ad_2025-03,2ab8ad,2025-03,0.5
c5df88_2020-09,c5df88,2020-09,0.5
90abb1_2015-01,90abb1,2015-01,0.5
b07578_2025-01,b07578,2025-01,0.5
987bc1_2018-01,987bc1,2018-01,0.5
c5df88_2025-10,c5df88,2025-10,0.5
b08ec1_2016-12,b08ec1,2016-12,0.5
1bdb97_2023-12,1bdb97,2023-12,0.5
4718d7_2020-06,4718d7,2020-06,0.5
829a72_2022-11,829a72,2022-11,0.5
60a0fd_2021-08,60a0fd,2021-08,0.5
9b46ed_2020-02,9b46ed,2020-02,0.5
74fb1f_2017-05,74fb1f,2017-05,0.5
375f2e_2018-07,375f2e,2018-07,0.5
5a0174_2020-11,5a0174,2020-11,0.5
f1543b_2014-04,f1543b,2014-04,0.5
90abb1_2023-09,90abb1,2023-09,0.5
9b46ed_2016-04,9b46ed,2016-04,0.5
3db670_2019-05,3db670,2019-05,0.5
06534f_2019-08,06534f,2019-08,0.5
0e8d73_2024-10,0e8d73,2024-10,0.5
c5df88_2020-12,c5df88,2020-12,0.5
c580aa_2014-04,c580aa,2014-04,0.5
b73bc7_2014-06,b73bc7,2014-06,0.5
db4cd8_2025-01,db4cd8,2025-01,0.5
c5df88_2025-07,c5df88,2025-07,0.5
88a9a6_2017-06,88a9a6,2017-06,0.5
e2e0ce_2019-07,e2e0ce,2019-07,0.5
9b46ed_2021-01,9b46ed,2021-01,0.5
2ab8ad_2020-10,2ab8ad,2020-10,0.5
6838b9_2022-03,6838b9,2022-03,0.5
98a151_2024-02,98a151,2024-02,0.5
293190_2025-06,293190,2025-06,0.5
88a9a6_2020-03,88a9a6,2020-03,0.5
cd0e60_2020-11,cd0e60,2020-11,0.5
1996b0_2023-05,1996b0,2023-05,0.5
11f0e3_2015-03,11f0e3,2015-03,0.5
dc4b5e_2022-06,dc4b5e,2022-06,0.5
1996b0_2024-05,1996b0,2024-05,0.5
8b98f3_2024-10,8b98f3,2024-10,0.5
dc4b5e_2019-12,dc4b5e,2019-12,0.5
60a0fd_2021-03,60a0fd,2021-03,0.5
1996b0_2023-01,1996b0,2023-01,0.5
e361b7_2015-10,e361b7,2015-10,0.5
f500c5_2022-01,f500c5,2022-01,0.5
1822ea_2022-03,1822ea,2022-03,0.5
f1543b_2020-03,f1543b,2020-03,0.5
b1de95_2014-09,b1de95,2014-09,0.5
e2314a_2020-06,e2314a,2020-06,0.5
fc77d0_2014-05,fc77d0,2014-05,0.5
b73bc7_2019-02,b73bc7,2019-02,0.5
fb34b4_2023-05,fb34b4,2023-05,0.5
b1de95_2019-09,b1de95,2019-09,0.5
6224d0_2015-01,6224d0,2015-01,0.5
e7a56d_2021-08,e7a56d,2021-08,0.5
92dcdd_2021-10,92dcdd,2021-10,0.5
06534f_2016-05,06534f,2016-05,0.5
b73bc7_2023-10,b73bc7,2023-10,0.5
9af74c_2015-12,9af74c,2015-12,0.5
0f9e86_2014-09,0f9e86,2014-09,0.5
fb34b4_2025-03,fb34b4,2025-03,0.5
175155_2021-05,175155,2021-05,0.5
6838b9_2025-06,6838b9,2025-06,0.5
7bf5c9_2021-05,7bf5c9,2021-05,0.5
9af74c_2016-02,9af74c,2016-02,0.5
3db670_2023-08,3db670,2023-08,0.5
f1543b_2019-08,f1543b,2019-08,0.5
06534f_2015-07,06534f,2015-07,0.5
06534f_2016-01,06534f,2016-01,0.5
f1543b_2023-12,f1543b,2023-12,0.5
f1543b_2020-10,f1543b,2020-10,0.5
c580aa_2023-01,c580aa,2023-01,0.5
74fb1f_2015-10,74fb1f,2015-10,0.5
8005b9_2020-11,8005b9,2020-11,0.5
375f2e_2015-02,375f2e,2015-02,0.5
fb737b_2025-07,fb737b,2025-07,0.5
bc4c03_2016-01,bc4c03,2016-01,0.5
4718d7_2015-12,4718d7,2015-12,0.5
c580aa_2024-09,c580aa,2024-09,0.5
f1543b_2021-09,f1543b,2021-09,0.5
8005b9_2017-05,8005b9,2017-05,0.5
bc4c03_2015-08,bc4c03,2015-08,0.5
7a007d_2023-01,7a007d,2023-01,0.5
b1de95_2015-07,b1de95,2015-07,0.5
987bc1_2022-11,987bc1,2022-11,0.5
987bc1_2016-05,987bc1,2016-05,0.5
b644ac_2024-07,b644ac,2024-07,0.5
7a007d_2016-03,7a007d,2016-03,0.5
b08ec1_2015-09,b08ec1,2015-09,0.5
fb737b_2024-09,fb737b,2024-09,0.5
7a007d_2021-10,7a007d,2021-10,0.5
f1543b_2022-06,f1543b,2022-06,0.5
b73bc7_2017-08,b73bc7,2017-08,0.5
4ee2d2_2025-08,4ee2d2,2025-08,0.5
7a007d_2017-10,7a007d,2017-10,0.5
7a007d_2020-10,7a007d,2020-10,0.5
77b3b9_2023-11,77b3b9,2023-11,0.5
bc4c03_2015-01,bc4c03,2015-01,0.5
9af74c_2017-03,9af74c,2017-03,0.5
bc4c03_2014-11,bc4c03,2014-11,0.5
7a007d_2020-09,7a007d,2020-09,0.5
0e8d73_2023-08,0e8d73,2023-08,0.5
74b7d1_2016-11,74b7d1,2016-11,0.5
c580aa_2017-08,c580aa,2017-08,0.5
7a007d_2017-05,7a007d,2017-05,0.5
74b7d1_2017-12,74b7d1,2017-12,0.5
18defd_2017-11,18defd,2017-11,0.5
c0f884_2025-06,c0f884,2025-06,0.5
4718d7_2020-09,4718d7,2020-09,0.5
7a007d_2022-01,7a007d,2022-01,0.5
7a007d_2021-08,7a007d,2021-08,0.5
375f2e_2015-05,375f2e,2015-05,0.5
a42d13_2016-05,a42d13,2016-05,0.5
dc4b5e_2024-04,dc4b5e,2024-04,0.5
bf6f0d_2015-07,bf6f0d,2015-07,0.5
7a007d_2023-04,7a007d,2023-04,0.5
b59bc0_2017-11,b59bc0,2017-11,0.5
b59bc0_2018-11,b59bc0,2018-11,0.5
375f2e_2021-03,375f2e,2021-03,0.5
8d0588_2017-11,8d0588,2017-11,0.5
a25664_2019-09,a25664,2019-09,0.5
3db670_2025-06,3db670,2025-06,0.5
06534f_2022-12,06534f,2022-12,0.5
b0ff51_2015-08,b0ff51,2015-08,0.5
5a0174_2017-07,5a0174,2017-07,0.5
bf6f0d_2021-02,bf6f0d,2021-02,0.5
8e41cf_2020-07,8e41cf,2020-07,0.5
bf6f0d_2021-01,bf6f0d,2021-01,0.5
edda84_2025-01,edda84,2025-01,0.5
e7a56d_2021-03,e7a56d,2021-03,0.5
bf6f0d_2020-12,bf6f0d,2020-12,0.5
3a13b3_2018-11,3a13b3,2018-11,0.5
bf6f0d_2020-04,bf6f0d,2020-04,0.5
c3a69f_2017-04,c3a69f,2017-04,0.5
3a13b3_2023-06,3a13b3,2023-06,0.5
1822ea_2022-11,1822ea,2022-11,0.5
af81b0_2023-02,af81b0,2023-02,0.5
a25664_2018-08,a25664,2018-08,0.5
af81b0_2025-07,af81b0,2025-07,0.5
af81b0_2015-08,af81b0,2015-08,0.5
fc77d0_2020-05,fc77d0,2020-05,0.5
fc77d0_2015-12,fc77d0,2015-12,0.5
bc4c03_2018-10,bc4c03,2018-10,0.5
92dcdd_2021-06,92dcdd,2021-06,0.5
8fabe0_2017-05,8fabe0,2017-05,0.5
fb737b_2024-01,fb737b,2024-01,0.5
90abb1_2022-02,90abb1,2022-02,0.5
dc4b5e_2023-10,dc4b5e,2023-10,0.5
fc77d0_2021-03,fc77d0,2021-03,0.5
4ee2d2_2023-12,4ee2d2,2023-12,0.5
af81b0_2017-04,af81b0,2017-04,0.5
4ee2d2_2023-11,4ee2d2,2023-11,0.5
c3a69f_2017-05,c3a69f,2017-05,0.5
fc77d0_2020-04,fc77d0,2020-04,0.5
6224d0_2018-01,6224d0,2018-01,0.5
fb34b4_2022-05,fb34b4,2022-05,0.5
a25664_2017-03,a25664,2017-03,0.5
259a19_2022-02,259a19,2022-02,0.5
0cecbd_2016-01,0cecbd,2016-01,0.5
f461d4_2021-02,f461d4,2021-02,0.5
4718d7_2017-07,4718d7,2017-07,0.5
e3af0e_2017-05,e3af0e,2017-05,0.5
987bc1_2017-08,987bc1,2017-08,0.5
4fb2d3_2017-04,4fb2d3,2017-04,0.5
1698cf_2017-12,1698cf,2017-12,0.5
fc77d0_2017-03,fc77d0,2017-03,0.5
6c1954_2021-01,6c1954,2021-01,0.5
b08ec1_2018-07,b08ec1,2018-07,0.5
db5006_2016-12,db5006,2016-12,0.5
d59611_2020-07,d59611,2020-07,0.5
8fabe0_2016-01,8fabe0,2016-01,0.5
375f2e_2017-07,375f2e,2017-07,0.5
af81b0_2024-01,af81b0,2024-01,0.5
fb737b_2025-09,fb737b,2025-09,0.5
510fbf_2025-07,510fbf,2025-07,0.5
b416b1_2015-11,b416b1,2015-11,0.5
af81b0_2016-02,af81b0,2016-02,0.5
b416b1_2015-10,b416b1,2015-10,0.5
af81b0_2015-07,af81b0,2015-07,0.5
429b22_2025-08,429b22,2025-08,0.5
b08ec1_2017-06,b08ec1,2017-06,0.5
bc4c03_2017-08,bc4c03,2017-08,0.5
19fa84_2015-09,19fa84,2015-09,0.5
4fb2d3_2018-09,4fb2d3,2018-09,0.5
cd0e60_2024-04,cd0e60,2024-04,0.5
3db670_2016-03,3db670,2016-03,0.5
2ab8ad_2017-07,2ab8ad,2017-07,0.5
c3a69f_2017-03,c3a69f,2017-03,0.5
cd0e60_2024-11,cd0e60,2024-11,0.5
7aa803_2015-11,7aa803,2015-11,0.5
cd0e60_2023-06,cd0e60,2023-06,0.5
cd0e60_2025-04,cd0e60,2025-04,0.5
cd0e60_2025-01,cd0e60,2025-01,0.5
c5816f_2020-04,c5816f,2020-04,0.5
e2e0ce_2018-07,e2e0ce,2018-07,0.5
8005b9_2016-02,8005b9,2016-02,0.5
34889b_2021-04,34889b,2021-04,0.5
74b7d1_2015-07,74b7d1,2015-07,0.5
4718d7_2015-06,4718d7,2015-06,0.5
34889b_2021-05,34889b,2021-05,0.5
7bf5c9_2017-11,7bf5c9,2017-11,0.5
8005b9_2016-03,8005b9,2016-03,0.5
6224d0_2017-03,6224d0,2017-03,0.5
7bf5c9_2017-09,7bf5c9,2017-09,0.5
375f2e_2016-07,375f2e,2016-07,0.5
8005b9_2016-08,8005b9,2016-08,0.5
6838b9_2020-11,6838b9,2020-11,0.5
293190_2015-05,293190,2015-05,0.5
a42d13_2017-03,a42d13,2017-03,0.5
19fa84_2015-10,19fa84,2015-10,0.5
fc77d0_2016-09,fc77d0,2016-09,0.5
1996b0_2022-10,1996b0,2022-10,0.5
bf6f0d_2016-07,bf6f0d,2016-07,0.5
6838b9_2021-05,6838b9,2021-05,0.5
dc4b5e_2020-01,dc4b5e,2020-01,0.5
0e8d73_2023-03,0e8d73,2023-03,0.5
175155_2015-06,175155,2015-06,0.5
60a0fd_2017-12,60a0fd,2017-12,0.5
b416b1_2015-06,b416b1,2015-06,0.5
0874ee_2017-01,0874ee,2017-01,0.5
34889b_2017-11,34889b,2017-11,0.5
b08ec1_2020-07,b08ec1,2020-07,0.5
b416b1_2016-12,b416b1,2016-12,0.5
b08ec1_2020-09,b08ec1,2020-09,0.5
b08ec1_2016-06,b08ec1,2016-06,0.5
9b46ed_2016-09,9b46ed,2016-09,0.5
a25664_2015-09,a25664,2015-09,0.5
c5df88_2018-07,c5df88,2018-07,0.5
b08ec1_2020-08,b08ec1,2020-08,0.5
34889b_2020-05,34889b,2020-05,0.5
2ab8ad_2017-11,2ab8ad,2017-11,0.5
b08ec1_2017-11,b08ec1,2017-11,0.5
dc4b5e_2020-07,dc4b5e,2020-07,0.5
34889b_2020-10,34889b,2020-10,0.5
2ab8ad_2017-08,2ab8ad,2017-08,0.5
34889b_2017-03,34889b,2017-03,0.5
a25664_2015-12,a25664,2015-12,0.5
af81b0_2017-11,af81b0,2017-11,0.5
3a13b3_2020-08,3a13b3,2020-08,0.5
3db670_2020-12,3db670,2020-12,0.5
b73bc7_2021-07,b73bc7,2021-07,0.5
259a19_2016-10,259a19,2016-10,0.5
3db670_2016-07,3db670,2016-07,0.5
3db670_2022-10,3db670,2022-10,0.5
3db670_2020-11,3db670,2020-11,0.5
3a13b3_2020-06,3a13b3,2020-06,0.5
b1de95_2018-09,b1de95,2018-09,0.5
b1de95_2020-10,b1de95,2020-10,0.5
74b7d1_2016-02,74b7d1,2016-02,0.5
0cecbd_2016-07,0cecbd,2016-07,0.5
3db670_2022-03,3db670,2022-03,0.5
fc77d0_2016-02,fc77d0,2016-02,0.5
1698cf_2018-11,1698cf,2018-11,0.5
a97df3_2021-03,a97df3,2021-03,0.5
a97df3_2020-12,a97df3,2020-12,0.5
894378_2017-09,894378,2017-09,0.5
4718d7_2016-09,4718d7,2016-09,0.5
99c11c_2018-09,99c11c,2018-09,0.5
99c11c_2019-03,99c11c,2019-03,0.5
b73bc7_2017-10,b73bc7,2017-10,0.5
99c11c_2018-07,99c11c,2018-07,0.5
e7a56d_2016-01,e7a56d,2016-01,0.5
8ec563_2020-04,8ec563,2020-04,0.5
8ec563_2020-07,8ec563,2020-07,0.5
0cecbd_2018-07,0cecbd,2018-07,0.5
1698cf_2017-09,1698cf,2017-09,0.5
829a72_2020-06,829a72,2020-06,0.5
e3af0e_2015-11,e3af0e,2015-11,0.5
e4bc80_2018-08,e4bc80,2018-08,0.5
db4cd8_2016-04,db4cd8,2016-04,0.5
b1de95_2021-02,b1de95,2021-02,0.5
b1de95_2021-05,b1de95,2021-05,0.5
98a151_2015-05,98a151,2015-05,0.5
b73bc7_2022-09,b73bc7,2022-09,0.5
b73bc7_2022-07,b73bc7,2022-07,0.5
0874ee_2017-12,0874ee,2017-12,0.5
c580aa_2022-04,c580aa,2022-04,0.5
9f1aa0_2018-09,9f1aa0,2018-09,0.5
bf6f0d_2016-01,bf6f0d,2016-01,0.5
af81b0_2022-04,af81b0,2022-04,0.5
af81b0_2020-10,af81b0,2020-10,0.5
af81b0_2022-02,af81b0,2022-02,0.5
af81b0_2021-02,af81b0,2021-02,0.5
c580aa_2018-10,c580aa,2018-10,0.5
e7a56d_2014-12,e7a56d,2014-12,0.5
b1de95_2017-10,b1de95,2017-10,0.5
e7a56d_2020-07,e7a56d,2020-07,0.5
18defd_2015-11,18defd,2015-11,0.5
e7a56d_2020-04,e7a56d,2020-04,0.5
259a19_2016-06,259a19,2016-06,0.5
18defd_2022-01,18defd,2022-01,0.5
e7a56d_2017-10,e7a56d,2017-10,0.5
c48018_2020-07,c48018,2020-07,0.5
c48018_2021-05,c48018,2021-05,0.5
e7a56d_2021-02,e7a56d,2021-02,0.5
c580aa_2017-11,c580aa,2017-11,0.5
1822ea_2016-03,1822ea,2016-03,0.5
c48018_2020-05,c48018,2020-05,0.5
db4cd8_2016-06,db4cd8,2016-06,0.5
18defd_2022-02,18defd,2022-02,0.5
18defd_2018-07,18defd,2018-07,0.5
175155_2017-09,175155,2017-09,0.5
18defd_2015-10,18defd,2015-10,0.5
18defd_2022-06,18defd,2022-06,0.5
18defd_2020-04,18defd,2020-04,0.5
1822ea_2015-12,1822ea,2015-12,0.5
259a19_2017-12,259a19,2017-12,0.5
c580aa_2015-10,c580aa,2015-10,0.5
5a0174_2016-02,5a0174,2016-02,0.5
f461d4_2016-01,f461d4,2016-01,0.5
8fabe0_2017-07,8fabe0,2017-07,0.5
4718d7_2021-02,4718d7,2021-02,0.5
e3af0e_2016-05,e3af0e,2016-05,0.5
8fabe0_2015-06,8fabe0,2015-06,0.5
8ec563_2017-08,8ec563,2017-08,0.5
8fabe0_2018-07,8fabe0,2018-07,0.5
5a0174_2021-11,5a0174,2021-11,0.5
4718d7_2017-05,4718d7,2017-05,0.5
b59bc0_2016-03,b59bc0,2016-03,0.5
1698cf_2020-12,1698cf,2020-12,0.5
829a72_2020-12,829a72,2020-12,0.5
5a0174_2016-09,5a0174,2016-09,0.5
829a72_2015-05,829a72,2015-05,0.5
60a0fd_2016-02,60a0fd,2016-02,0.5
60a0fd_2020-05,60a0fd,2020-05,0.5
8fabe0_2018-08,8fabe0,2018-08,0.5
90abb1_2016-06,90abb1,2016-06,0.5
60a0fd_2016-03,60a0fd,2016-03,0.5
4718d7_2020-05,4718d7,2020-05,0.5
5a0174_2025-09,5a0174,2025-09,0.5
b59bc0_2016-02,b59bc0,2016-02,0.5
e4bc80_2016-09,e4bc80,2016-09,0.5
14fe3a_2020-10,14fe3a,2020-10,0.5
14fe3a_2020-06,14fe3a,2020-06,0.5
e4bc80_2016-12,e4bc80,2016-12,0.5
14fe3a_2021-03,14fe3a,2021-03,0.5
9befc8_2021-02,9befc8,2021-02,0.5
34889b_2016-01,34889b,2016-01,0.5
11f0e3_2015-02,11f0e3,2015-02,0.5
e3af0e_2018-09,e3af0e,2018-09,0.5
e3af0e_2020-09,e3af0e,2020-09,0.5
60a0fd_2020-08,60a0fd,2020-08,0.5
74b7d1_2016-10,74b7d1,2016-10,0.5
77b3b9_2016-08,77b3b9,2016-08,0.5
e3af0e_2017-09,e3af0e,2017-09,0.5
fc77d0_2015-09,fc77d0,2015-09,0.5
e3af0e_2020-05,e3af0e,2020-05,0.5
bc4c03_2017-12,bc4c03,2017-12,0.5
375f2e_2016-10,375f2e,2016-10,0.5
fc77d0_2018-07,fc77d0,2018-07,0.5
b73bc7_2017-01,b73bc7,2017-01,0.5
9af74c_2016-11,9af74c,2016-11,0.5
9af74c_2020-09,9af74c,2020-09,0.5
77b3b9_2015-07,77b3b9,2015-07,0.5
77b3b9_2015-08,77b3b9,2015-08,0.5
b73bc7_2016-12,b73bc7,2016-12,0.5
1822ea_2018-08,1822ea,2018-08,0.5
b73bc7_2020-05,b73bc7,2020-05,0.5
1822ea_2018-07,1822ea,2018-07,0.5
375f2e_2016-11,375f2e,2016-11,0.5
b73bc7_2021-03,b73bc7,2021-03,0.5
bc4c03_2018-11,bc4c03,2018-11,0.5
439fde_2021-09,439fde,2021-09,0.5
439fde_2020-06,439fde,2020-06,0.5
439fde_2022-09,439fde,2022-09,0.5
439fde_2021-06,439fde,2021-06,0.5
439fde_2020-04,439fde,2020-04,0.5
439fde_2016-12,439fde,2016-12,0.5
439fde_2020-11,439fde,2020-11,0.5
87cfea_2016-12,87cfea,2016-12,0.5
c3a69f_2016-07,c3a69f,2016-07,0.5
c3a69f_2016-08,c3a69f,2016-08,0.5
c3a69f_2016-10,c3a69f,2016-10,0.5
8005b9_2018-08,8005b9,2018-08,0.5
29849f_2021-07,29849f,2021-07,0.5
6838b9_2021-04,6838b9,2021-04,0.5
7a007d_2016-08,7a007d,2016-08,0.5
7a007d_2016-10,7a007d,2016-10,0.5
77b3b9_2017-01,77b3b9,2017-01,0.5
7a007d_2016-11,7a007d,2016-11,0.5
7aa803_2016-04,7aa803,2016-04,0.5
29849f_2020-04,29849f,2020-04,0.5
f4604d_2015-11,f4604d,2015-11,0.5
88a9a6_2017-11,88a9a6,2017-11,0.5
a42d13_2016-12,a42d13,2016-12,0.5
a42d13_2016-09,a42d13,2016-09,0.5
c580aa_2020-08,c580aa,2020-08,0.5
e2e0ce_2017-05,e2e0ce,2017-05,0.5
a42d13_2016-07,a42d13,2016-07,0.5
439fde_2017-09,439fde,2017-09,0.5
1bdb97_2025-09,1bdb97,2025-09,0.5
7bf5c9_2016-02,7bf5c9,2016-02,0.5
77e86b_2021-04,77e86b,2021-04,0.5
87cfea_2016-08,87cfea,2016-08,0.5
77e86b_2020-08,77e86b,2020-08,0.5
77e86b_2021-03,77e86b,2021-03,0.5
af81b0_2025-09,af81b0,2025-09,0.5
77e86b_2021-07,77e86b,2021-07,0.5
83894c_2023-05,83894c,2023-05,0.5
83894c_2024-01,83894c,2024-01,0.5
987bc1_2016-11,987bc1,2016-11,0.5
6224d0_2016-06,6224d0,2016-06,0.5
06534f_2017-10,06534f,2017-10,0.5
b416b1_2015-09,b416b1,2015-09,0.5
375f2e_2018-09,375f2e,2018-09,0.5
375f2e_2018-08,375f2e,2018-08,0.5
175155_2017-05,175155,2017-05,0.5
e60b65_2022-09,e60b65,2022-09,0.5
e60b65_2021-02,e60b65,2021-02,0.5
e60b65_2019-12,e60b65,2019-12,0.5
e60b65_2021-12,e60b65,2021-12,0.5
e60b65_2019-02,e60b65,2019-02,0.5
e60b65_2022-07,e60b65,2022-07,0.5
e60b65_2019-03,e60b65,2019-03,0.5
e60b65_2021-05,e60b65,2021-05,0.5
8005b9_2020-06,8005b9,2020-06,0.5
e60b65_2019-04,e60b65,2019-04,0.5
9f1aa0_2017-09,9f1aa0,2017-09,0.5
14fe3a_2015-07,14fe3a,2015-07,0.5
9f1aa0_2020-04,9f1aa0,2020-04,0.5
a42d13_2016-02,a42d13,2016-02,0.5
f500c5_2015-06,f500c5,2015-06,0.5
9f1aa0_2017-07,9f1aa0,2017-07,0.5
bf6f0d_2016-11,bf6f0d,2016-11,0.5
9f1aa0_2017-12,9f1aa0,2017-12,0.5
9b46ed_2018-09,9b46ed,2018-09,0.5
f500c5_2016-10,f500c5,2016-10,0.5
4fb2d3_2017-12,4fb2d3,2017-12,0.5
a25664_2017-09,a25664,2017-09,0.5
14fe3a_2016-06,14fe3a,2016-06,0.5
db4cd8_2016-09,db4cd8,2016-09,0.5
14fe3a_2016-07,14fe3a,2016-07,0.5
d59611_2017-12,d59611,2017-12,0.5
f1543b_2015-07,f1543b,2015-07,0.5
293190_2016-07,293190,2016-07,0.5
f1543b_2018-07,f1543b,2018-07,0.5
f1543b_2016-12,f1543b,2016-12,0.5
e7a56d_2015-05,e7a56d,2015-05,0.5
f1543b_2018-11,f1543b,2018-11,0.5
60a0fd_2017-11,60a0fd,2017-11,0.5
7bf5c9_2016-08,7bf5c9,2016-08,0.5
7bf5c9_2025-07,7bf5c9,2025-07,0.5
7bf5c9_2026-02,7bf5c9,2026-02,0.5
77e86b_2015-09,77e86b,2015-09,0.5
175155_2015-05,175155,2015-05,0.5
3a13b3_2017-09,3a13b3,2017-09,0.5
b0ff51_2018-08,b0ff51,2018-08,0.5
b0ff51_2025-09,b0ff51,2025-09,0.5
8d0588_2021-12,8d0588,2021-12,0.5
b0ff51_2016-03,b0ff51,2016-03,0.5
b08ec1_2015-10,b08ec1,2015-10,0.5
b08ec1_2015-12,b08ec1,2015-12,0.5
f500c5_2016-03,f500c5,2016-03,0.5
545d15_2024-04,545d15,2024-04,0.5
545d15_2023-08,545d15,2023-08,0.5
545d15_2025-01,545d15,2025-01,0.5
c580aa_2018-09,c580aa,2018-09,0.5
60b690_2025-05,60b690,2025-05,0.5
545d15_2023-11,545d15,2023-11,0.5
7a007d_2018-08,7a007d,2018-08,0.5
545d15_2024-01,545d15,2024-01,0.5
74b7d1_2021-03,74b7d1,2021-03,0.5
74b7d1_2020-07,74b7d1,2020-07,0.5
74b7d1_2020-08,74b7d1,2020-08,0.5
74b7d1_2021-01,74b7d1,2021-01,0.5
c5816f_2016-11,c5816f,2016-11,0.5
531356_2017-12,531356,2017-12,0.5
06534f_2017-12,06534f,2017-12,0.5
c5816f_2020-10,c5816f,2020-10,0.5
b1de95_2022-03,b1de95,2022-03,0.5
3a13b3_2016-03,3a13b3,2016-03,0.5
c580aa_2017-03,c580aa,2017-03,0.5
06534f_2022-04,06534f,2022-04,0.5
06534f_2020-04,06534f,2020-04,0.5
c580aa_2017-01,c580aa,2017-01,0.5
6224d0_2016-03,6224d0,2016-03,0.5
a25664_2017-12,a25664,2017-12,0.5
a97df3_2019-02,a97df3,2019-02,0.5
1996b0_2025-01,1996b0,2025-01,0.5
db4cd8_2018-08,db4cd8,2018-08,0.5
